measure_size,scratch,encoder_freeze,encoder_lr,cost_predictor_lr,rank_warmup_epochs,weights,uncertainty_topk,T_mc,grad_num,rand_num,phase,train_size,used_time,top-1,val_reg_r2,val_rank_r2,seed_n,sampling_seed
48,False,False,1e-05,1e-05,0,"(0.3, 0.3, 0.4)",0,20,0,0,3.4,163.2,21.5575,0.45,[0.3676],[None],20,"[2000, 2001, 2002, 2003, 2004, 2005, 2006, 2007, 2008, 2009, 2010, 2011, 2012, 2013, 2014, 2015, 2016, 2017, 2018, 2019]"
48,False,False,1e-05,1e-05,0,"(0.3, 0.3, 0.4)",0,20,2,0,3.2,153.6,18.9655,0.5,[0.3676],[None],20,"[2000, 2001, 2002, 2003, 2004, 2005, 2006, 2007, 2008, 2009, 2010, 2011, 2012, 2013, 2014, 2015, 2016, 2017, 2018, 2019]"
48,False,False,1e-05,1e-05,0,"(0.3, 0.3, 0.4)",0,20,4,0,3.2,153.6,17.906,0.55,[0.3676],[None],20,"[2000, 2001, 2002, 2003, 2004, 2005, 2006, 2007, 2008, 2009, 2010, 2011, 2012, 2013, 2014, 2015, 2016, 2017, 2018, 2019]"
48,False,False,1e-05,1e-05,0,"(0.3, 0.3, 0.4)",48,20,0,0,3.4,163.2,21.619999999999997,0.45,[0.3676],[None],20,"[2000, 2001, 2002, 2003, 2004, 2005, 2006, 2007, 2008, 2009, 2010, 2011, 2012, 2013, 2014, 2015, 2016, 2017, 2018, 2019]"
48,False,False,1e-05,1e-05,0,"(0.3, 0.3, 0.4)",48,20,2,0,3.2,153.6,18.7885,0.5,[0.3676],[None],20,"[2000, 2001, 2002, 2003, 2004, 2005, 2006, 2007, 2008, 2009, 2010, 2011, 2012, 2013, 2014, 2015, 2016, 2017, 2018, 2019]"
48,False,False,1e-05,1e-05,0,"(0.3, 0.3, 0.4)",48,20,4,0,3.2,153.6,17.9055,0.55,[0.3676],[None],20,"[2000, 2001, 2002, 2003, 2004, 2005, 2006, 2007, 2008, 2009, 2010, 2011, 2012, 2013, 2014, 2015, 2016, 2017, 2018, 2019]"
48,False,False,1e-05,1e-05,0,"(0.4, 0.3, 0.3)",0,20,0,0,3.25,156.0,20.779500000000002,0.55,[0.3676],[None],20,"[2000, 2001, 2002, 2003, 2004, 2005, 2006, 2007, 2008, 2009, 2010, 2011, 2012, 2013, 2014, 2015, 2016, 2017, 2018, 2019]"
48,False,False,1e-05,1e-05,0,"(0.4, 0.3, 0.3)",0,20,2,0,3.35,160.8,27.145500000000006,0.55,[0.3676],[None],20,"[2000, 2001, 2002, 2003, 2004, 2005, 2006, 2007, 2008, 2009, 2010, 2011, 2012, 2013, 2014, 2015, 2016, 2017, 2018, 2019]"
48,False,False,1e-05,1e-05,0,"(0.4, 0.3, 0.3)",0,20,4,0,3.1,148.8,23.201,0.45,[0.3676],[None],20,"[2000, 2001, 2002, 2003, 2004, 2005, 2006, 2007, 2008, 2009, 2010, 2011, 2012, 2013, 2014, 2015, 2016, 2017, 2018, 2019]"
48,False,False,1e-05,1e-05,0,"(0.4, 0.3, 0.3)",48,20,0,0,3.25,156.0,19.683500000000002,0.55,[0.3676],[None],20,"[2000, 2001, 2002, 2003, 2004, 2005, 2006, 2007, 2008, 2009, 2010, 2011, 2012, 2013, 2014, 2015, 2016, 2017, 2018, 2019]"
48,False,False,1e-05,1e-05,0,"(0.4, 0.3, 0.3)",48,20,2,0,3.35,160.8,20.746000000000002,0.55,[0.3676],[None],20,"[2000, 2001, 2002, 2003, 2004, 2005, 2006, 2007, 2008, 2009, 2010, 2011, 2012, 2013, 2014, 2015, 2016, 2017, 2018, 2019]"
48,False,False,1e-05,1e-05,0,"(0.4, 0.3, 0.3)",48,20,4,0,3.1,148.8,17.517500000000002,0.45,[0.3676],[None],20,"[2000, 2001, 2002, 2003, 2004, 2005, 2006, 2007, 2008, 2009, 2010, 2011, 2012, 2013, 2014, 2015, 2016, 2017, 2018, 2019]"
48,False,False,1e-05,1e-05,0,"(0.5, 0.2, 0.3)",0,20,0,0,3.25,156.0,19.583999999999996,0.6,[0.3676],[None],20,"[2000, 2001, 2002, 2003, 2004, 2005, 2006, 2007, 2008, 2009, 2010, 2011, 2012, 2013, 2014, 2015, 2016, 2017, 2018, 2019]"
48,False,False,1e-05,1e-05,0,"(0.5, 0.2, 0.3)",0,20,2,0,3.1,148.8,17.467499999999998,0.55,[0.3676],[None],20,"[2000, 2001, 2002, 2003, 2004, 2005, 2006, 2007, 2008, 2009, 2010, 2011, 2012, 2013, 2014, 2015, 2016, 2017, 2018, 2019]"
48,False,False,1e-05,1e-05,0,"(0.5, 0.2, 0.3)",0,20,4,0,3.2,153.6,18.461000000000002,0.5,[0.3676],[None],20,"[2000, 2001, 2002, 2003, 2004, 2005, 2006, 2007, 2008, 2009, 2010, 2011, 2012, 2013, 2014, 2015, 2016, 2017, 2018, 2019]"
48,False,False,1e-05,1e-05,0,"(0.5, 0.2, 0.3)",48,20,0,0,3.25,156.0,19.625999999999998,0.6,[0.3676],[None],20,"[2000, 2001, 2002, 2003, 2004, 2005, 2006, 2007, 2008, 2009, 2010, 2011, 2012, 2013, 2014, 2015, 2016, 2017, 2018, 2019]"
48,False,False,1e-05,1e-05,0,"(0.5, 0.2, 0.3)",48,20,2,0,3.1,148.8,18.764000000000003,0.55,[0.3676],[None],20,"[2000, 2001, 2002, 2003, 2004, 2005, 2006, 2007, 2008, 2009, 2010, 2011, 2012, 2013, 2014, 2015, 2016, 2017, 2018, 2019]"
48,False,False,1e-05,1e-05,0,"(0.5, 0.2, 0.3)",48,20,4,0,3.2,153.6,17.8355,0.5,[0.3676],[None],20,"[2000, 2001, 2002, 2003, 2004, 2005, 2006, 2007, 2008, 2009, 2010, 2011, 2012, 2013, 2014, 2015, 2016, 2017, 2018, 2019]"
48,False,False,1e-05,1e-05,0,"(0.6, 0.1, 0.3)",0,20,0,0,2.6,124.8,11.3265,0.45,[0.3676],[None],20,"[2000, 2001, 2002, 2003, 2004, 2005, 2006, 2007, 2008, 2009, 2010, 2011, 2012, 2013, 2014, 2015, 2016, 2017, 2018, 2019]"
48,False,False,1e-05,1e-05,0,"(0.6, 0.1, 0.3)",0,20,2,0,3.25,156.0,20.080499999999997,0.45,[0.3676],[None],20,"[2000, 2001, 2002, 2003, 2004, 2005, 2006, 2007, 2008, 2009, 2010, 2011, 2012, 2013, 2014, 2015, 2016, 2017, 2018, 2019]"
48,False,False,1e-05,1e-05,0,"(0.6, 0.1, 0.3)",0,20,4,0,3.2,153.6,19.226,0.45,[0.3676],[None],20,"[2000, 2001, 2002, 2003, 2004, 2005, 2006, 2007, 2008, 2009, 2010, 2011, 2012, 2013, 2014, 2015, 2016, 2017, 2018, 2019]"
48,False,False,1e-05,1e-05,0,"(0.6, 0.1, 0.3)",48,20,0,0,2.6,124.8,11.0355,0.45,[0.3676],[None],20,"[2000, 2001, 2002, 2003, 2004, 2005, 2006, 2007, 2008, 2009, 2010, 2011, 2012, 2013, 2014, 2015, 2016, 2017, 2018, 2019]"
48,False,False,1e-05,1e-05,0,"(0.6, 0.1, 0.3)",48,20,2,0,3.25,156.0,20.3005,0.45,[0.3676],[None],20,"[2000, 2001, 2002, 2003, 2004, 2005, 2006, 2007, 2008, 2009, 2010, 2011, 2012, 2013, 2014, 2015, 2016, 2017, 2018, 2019]"
48,False,False,1e-05,1e-05,0,"(0.6, 0.1, 0.3)",48,20,4,0,3.2,153.6,19.18,0.45,[0.3676],[None],20,"[2000, 2001, 2002, 2003, 2004, 2005, 2006, 2007, 2008, 2009, 2010, 2011, 2012, 2013, 2014, 2015, 2016, 2017, 2018, 2019]"
48,False,False,1e-05,1e-05,0,"(0.7, 0.0, 0.3)",0,20,2,0,1.6,76.8,5.4135,0.35,[0.3676],[None],20,"[2000, 2001, 2002, 2003, 2004, 2005, 2006, 2007, 2008, 2009, 2010, 2011, 2012, 2013, 2014, 2015, 2016, 2017, 2018, 2019]"
48,False,False,1e-05,1e-05,0,"(0.7, 0.0, 0.3)",0,20,4,0,2.55,122.4,11.0265,0.35,[0.3676],[None],20,"[2000, 2001, 2002, 2003, 2004, 2005, 2006, 2007, 2008, 2009, 2010, 2011, 2012, 2013, 2014, 2015, 2016, 2017, 2018, 2019]"
48,False,False,1e-05,1e-05,0,"(0.7, 0.3, 0.0)",0,20,0,0,6.25,300.0,39.9195,0.15,[0.3676],[None],20,"[2000, 2001, 2002, 2003, 2004, 2005, 2006, 2007, 2008, 2009, 2010, 2011, 2012, 2013, 2014, 2015, 2016, 2017, 2018, 2019]"
48,False,False,1e-05,1e-05,0,"(0.7, 0.3, 0.0)",0,20,2,0,5.4,259.2,33.393,0.15,[0.3676],[None],20,"[2000, 2001, 2002, 2003, 2004, 2005, 2006, 2007, 2008, 2009, 2010, 2011, 2012, 2013, 2014, 2015, 2016, 2017, 2018, 2019]"
48,False,False,1e-05,1e-05,0,"(0.7, 0.3, 0.0)",0,20,4,0,5.25,252.0,32.571000000000005,0.25,[0.3676],[None],20,"[2000, 2001, 2002, 2003, 2004, 2005, 2006, 2007, 2008, 2009, 2010, 2011, 2012, 2013, 2014, 2015, 2016, 2017, 2018, 2019]"
48,False,False,1e-05,1e-05,0,"(0.7, 0.3, 0.0)",48,20,0,0,6.25,300.0,40.106,0.15,[0.3676],[None],20,"[2000, 2001, 2002, 2003, 2004, 2005, 2006, 2007, 2008, 2009, 2010, 2011, 2012, 2013, 2014, 2015, 2016, 2017, 2018, 2019]"
48,False,False,1e-05,1e-05,0,"(0.7, 0.3, 0.0)",48,20,2,0,5.4,259.2,33.628,0.15,[0.3676],[None],20,"[2000, 2001, 2002, 2003, 2004, 2005, 2006, 2007, 2008, 2009, 2010, 2011, 2012, 2013, 2014, 2015, 2016, 2017, 2018, 2019]"
48,False,False,1e-05,1e-05,0,"(0.7, 0.3, 0.0)",48,20,4,0,5.25,252.0,32.859,0.25,[0.3676],[None],20,"[2000, 2001, 2002, 2003, 2004, 2005, 2006, 2007, 2008, 2009, 2010, 2011, 2012, 2013, 2014, 2015, 2016, 2017, 2018, 2019]"
48,False,False,1e-05,1e-05,100,"(0.3, 0.3, 0.4)",0,20,0,0,3.0,144.0,17.0795,0.45,[0.3974],[None],20,"[2000, 2001, 2002, 2003, 2004, 2005, 2006, 2007, 2008, 2009, 2010, 2011, 2012, 2013, 2014, 2015, 2016, 2017, 2018, 2019]"
48,False,False,1e-05,1e-05,100,"(0.3, 0.3, 0.4)",0,20,2,0,2.9,139.2,15.7195,0.5,[0.3974],[None],20,"[2000, 2001, 2002, 2003, 2004, 2005, 2006, 2007, 2008, 2009, 2010, 2011, 2012, 2013, 2014, 2015, 2016, 2017, 2018, 2019]"
48,False,False,1e-05,1e-05,100,"(0.3, 0.3, 0.4)",0,20,4,0,2.9,139.2,15.764000000000001,0.5,[0.3974],[None],20,"[2000, 2001, 2002, 2003, 2004, 2005, 2006, 2007, 2008, 2009, 2010, 2011, 2012, 2013, 2014, 2015, 2016, 2017, 2018, 2019]"
48,False,False,1e-05,1e-05,100,"(0.3, 0.3, 0.4)",48,20,0,0,3.0,144.0,17.319499999999998,0.45,[0.3974],[None],20,"[2000, 2001, 2002, 2003, 2004, 2005, 2006, 2007, 2008, 2009, 2010, 2011, 2012, 2013, 2014, 2015, 2016, 2017, 2018, 2019]"
48,False,False,1e-05,1e-05,100,"(0.3, 0.3, 0.4)",48,20,2,0,2.9,139.2,15.896,0.5,[0.3974],[None],20,"[2000, 2001, 2002, 2003, 2004, 2005, 2006, 2007, 2008, 2009, 2010, 2011, 2012, 2013, 2014, 2015, 2016, 2017, 2018, 2019]"
48,False,False,1e-05,1e-05,100,"(0.3, 0.3, 0.4)",48,20,4,0,2.9,139.2,15.796000000000001,0.5,[0.3974],[None],20,"[2000, 2001, 2002, 2003, 2004, 2005, 2006, 2007, 2008, 2009, 2010, 2011, 2012, 2013, 2014, 2015, 2016, 2017, 2018, 2019]"
48,False,False,1e-05,1e-05,100,"(0.4, 0.3, 0.3)",0,20,0,0,2.9,139.2,15.822999999999999,0.4,[0.3974],[None],20,"[2000, 2001, 2002, 2003, 2004, 2005, 2006, 2007, 2008, 2009, 2010, 2011, 2012, 2013, 2014, 2015, 2016, 2017, 2018, 2019]"
48,False,False,1e-05,1e-05,100,"(0.4, 0.3, 0.3)",48,20,0,0,2.9,139.2,20.0935,0.4,[0.3974],[None],20,"[2000, 2001, 2002, 2003, 2004, 2005, 2006, 2007, 2008, 2009, 2010, 2011, 2012, 2013, 2014, 2015, 2016, 2017, 2018, 2019]"
48,False,False,1e-05,1e-05,100,"(0.5, 0.2, 0.3)",0,20,0,0,2.85,136.8,15.102,0.45,[0.3974],[None],20,"[2000, 2001, 2002, 2003, 2004, 2005, 2006, 2007, 2008, 2009, 2010, 2011, 2012, 2013, 2014, 2015, 2016, 2017, 2018, 2019]"
48,False,False,1e-05,1e-05,100,"(0.5, 0.2, 0.3)",0,20,2,0,2.8,134.4,15.0425,0.45,[0.3974],[None],20,"[2000, 2001, 2002, 2003, 2004, 2005, 2006, 2007, 2008, 2009, 2010, 2011, 2012, 2013, 2014, 2015, 2016, 2017, 2018, 2019]"
48,False,False,1e-05,1e-05,100,"(0.5, 0.2, 0.3)",0,20,4,0,2.8,134.4,15.058000000000002,0.4,[0.3974],[None],20,"[2000, 2001, 2002, 2003, 2004, 2005, 2006, 2007, 2008, 2009, 2010, 2011, 2012, 2013, 2014, 2015, 2016, 2017, 2018, 2019]"
48,False,False,1e-05,1e-05,100,"(0.5, 0.2, 0.3)",48,20,0,0,2.85,136.8,15.040000000000001,0.45,[0.3974],[None],20,"[2000, 2001, 2002, 2003, 2004, 2005, 2006, 2007, 2008, 2009, 2010, 2011, 2012, 2013, 2014, 2015, 2016, 2017, 2018, 2019]"
48,False,False,1e-05,1e-05,100,"(0.5, 0.2, 0.3)",48,20,2,0,2.8,134.4,16.122,0.45,[0.3974],[None],20,"[2000, 2001, 2002, 2003, 2004, 2005, 2006, 2007, 2008, 2009, 2010, 2011, 2012, 2013, 2014, 2015, 2016, 2017, 2018, 2019]"
48,False,False,1e-05,1e-05,100,"(0.5, 0.2, 0.3)",48,20,4,0,2.8,134.4,14.8335,0.4,[0.3974],[None],20,"[2000, 2001, 2002, 2003, 2004, 2005, 2006, 2007, 2008, 2009, 2010, 2011, 2012, 2013, 2014, 2015, 2016, 2017, 2018, 2019]"
48,False,False,1e-05,1e-05,100,"(0.6, 0.1, 0.3)",0,20,0,0,1.55,74.4,5.144,0.4,[0.3974],[None],20,"[2000, 2001, 2002, 2003, 2004, 2005, 2006, 2007, 2008, 2009, 2010, 2011, 2012, 2013, 2014, 2015, 2016, 2017, 2018, 2019]"
48,False,False,1e-05,1e-05,100,"(0.6, 0.1, 0.3)",0,20,2,0,1.55,74.4,5.031000000000001,0.4,[0.3974],[None],20,"[2000, 2001, 2002, 2003, 2004, 2005, 2006, 2007, 2008, 2009, 2010, 2011, 2012, 2013, 2014, 2015, 2016, 2017, 2018, 2019]"
48,False,False,1e-05,1e-05,100,"(0.6, 0.1, 0.3)",0,20,4,0,3.0,144.0,16.799,0.45,[0.3974],[None],20,"[2000, 2001, 2002, 2003, 2004, 2005, 2006, 2007, 2008, 2009, 2010, 2011, 2012, 2013, 2014, 2015, 2016, 2017, 2018, 2019]"
48,False,False,1e-05,1e-05,100,"(0.6, 0.1, 0.3)",48,20,0,0,1.55,74.4,5.162,0.4,[0.3974],[None],20,"[2000, 2001, 2002, 2003, 2004, 2005, 2006, 2007, 2008, 2009, 2010, 2011, 2012, 2013, 2014, 2015, 2016, 2017, 2018, 2019]"
48,False,False,1e-05,1e-05,100,"(0.6, 0.1, 0.3)",48,20,2,0,1.55,74.4,5.1805,0.4,[0.3974],[None],20,"[2000, 2001, 2002, 2003, 2004, 2005, 2006, 2007, 2008, 2009, 2010, 2011, 2012, 2013, 2014, 2015, 2016, 2017, 2018, 2019]"
48,False,False,1e-05,1e-05,100,"(0.6, 0.1, 0.3)",48,20,4,0,3.0,144.0,17.0975,0.45,[0.3974],[None],20,"[2000, 2001, 2002, 2003, 2004, 2005, 2006, 2007, 2008, 2009, 2010, 2011, 2012, 2013, 2014, 2015, 2016, 2017, 2018, 2019]"
48,False,False,1e-05,1e-05,100,"(0.7, 0.0, 0.3)",0,20,2,0,1.5,72.0,5.038,0.3,[0.3974],[None],20,"[2000, 2001, 2002, 2003, 2004, 2005, 2006, 2007, 2008, 2009, 2010, 2011, 2012, 2013, 2014, 2015, 2016, 2017, 2018, 2019]"
48,False,False,1e-05,1e-05,100,"(0.7, 0.0, 0.3)",0,20,4,0,1.5,72.0,4.9745,0.3,[0.3974],[None],20,"[2000, 2001, 2002, 2003, 2004, 2005, 2006, 2007, 2008, 2009, 2010, 2011, 2012, 2013, 2014, 2015, 2016, 2017, 2018, 2019]"
48,False,False,1e-05,1e-05,100,"(0.7, 0.3, 0.0)",0,20,0,0,3.2,153.6,13.354999999999999,0.1,[0.3974],[None],20,"[2000, 2001, 2002, 2003, 2004, 2005, 2006, 2007, 2008, 2009, 2010, 2011, 2012, 2013, 2014, 2015, 2016, 2017, 2018, 2019]"
48,False,False,1e-05,1e-05,100,"(0.7, 0.3, 0.0)",0,20,2,0,2.95,141.6,12.4195,0.15,[0.3974],[None],20,"[2000, 2001, 2002, 2003, 2004, 2005, 2006, 2007, 2008, 2009, 2010, 2011, 2012, 2013, 2014, 2015, 2016, 2017, 2018, 2019]"
48,False,False,1e-05,1e-05,100,"(0.7, 0.3, 0.0)",0,20,4,0,3.45,165.6,15.619499999999999,0.15,[0.3974],[None],20,"[2000, 2001, 2002, 2003, 2004, 2005, 2006, 2007, 2008, 2009, 2010, 2011, 2012, 2013, 2014, 2015, 2016, 2017, 2018, 2019]"
48,False,False,1e-05,1e-05,100,"(0.7, 0.3, 0.0)",48,20,0,0,3.2,153.6,13.162,0.1,[0.3974],[None],20,"[2000, 2001, 2002, 2003, 2004, 2005, 2006, 2007, 2008, 2009, 2010, 2011, 2012, 2013, 2014, 2015, 2016, 2017, 2018, 2019]"
48,False,False,1e-05,1e-05,100,"(0.7, 0.3, 0.0)",48,20,2,0,2.95,141.6,12.485,0.15,[0.3974],[None],20,"[2000, 2001, 2002, 2003, 2004, 2005, 2006, 2007, 2008, 2009, 2010, 2011, 2012, 2013, 2014, 2015, 2016, 2017, 2018, 2019]"
48,False,False,1e-05,1e-05,100,"(0.7, 0.3, 0.0)",48,20,4,0,3.45,165.6,15.5675,0.15,[0.3974],[None],20,"[2000, 2001, 2002, 2003, 2004, 2005, 2006, 2007, 2008, 2009, 2010, 2011, 2012, 2013, 2014, 2015, 2016, 2017, 2018, 2019]"
48,False,False,1e-05,1e-05,200,"(0.3, 0.3, 0.4)",0,20,0,0,2.8,134.4,14.485499999999998,0.5,[0.4102],[None],20,"[2000, 2001, 2002, 2003, 2004, 2005, 2006, 2007, 2008, 2009, 2010, 2011, 2012, 2013, 2014, 2015, 2016, 2017, 2018, 2019]"
48,False,False,1e-05,1e-05,200,"(0.3, 0.3, 0.4)",0,20,2,0,2.8,134.4,14.994499999999999,0.5,[0.4102],[None],20,"[2000, 2001, 2002, 2003, 2004, 2005, 2006, 2007, 2008, 2009, 2010, 2011, 2012, 2013, 2014, 2015, 2016, 2017, 2018, 2019]"
48,False,False,1e-05,1e-05,200,"(0.3, 0.3, 0.4)",0,20,4,0,2.75,132.0,14.7405,0.4,[0.4102],[None],20,"[2000, 2001, 2002, 2003, 2004, 2005, 2006, 2007, 2008, 2009, 2010, 2011, 2012, 2013, 2014, 2015, 2016, 2017, 2018, 2019]"
48,False,False,1e-05,1e-05,200,"(0.3, 0.3, 0.4)",48,20,0,0,2.8,134.4,14.572,0.5,[0.4102],[None],20,"[2000, 2001, 2002, 2003, 2004, 2005, 2006, 2007, 2008, 2009, 2010, 2011, 2012, 2013, 2014, 2015, 2016, 2017, 2018, 2019]"
48,False,False,1e-05,1e-05,200,"(0.3, 0.3, 0.4)",48,20,2,0,2.8,134.4,14.906500000000003,0.5,[0.4102],[None],20,"[2000, 2001, 2002, 2003, 2004, 2005, 2006, 2007, 2008, 2009, 2010, 2011, 2012, 2013, 2014, 2015, 2016, 2017, 2018, 2019]"
48,False,False,1e-05,1e-05,200,"(0.3, 0.3, 0.4)",48,20,4,0,2.75,132.0,14.706999999999999,0.4,[0.4102],[None],20,"[2000, 2001, 2002, 2003, 2004, 2005, 2006, 2007, 2008, 2009, 2010, 2011, 2012, 2013, 2014, 2015, 2016, 2017, 2018, 2019]"
48,False,False,1e-05,1e-05,200,"(0.4, 0.3, 0.3)",0,20,0,0,2.9,139.2,15.3325,0.55,[0.4102],[None],20,"[2000, 2001, 2002, 2003, 2004, 2005, 2006, 2007, 2008, 2009, 2010, 2011, 2012, 2013, 2014, 2015, 2016, 2017, 2018, 2019]"
48,False,False,1e-05,1e-05,200,"(0.4, 0.3, 0.3)",48,20,0,0,2.9,139.2,20.310499999999998,0.55,[0.4102],[None],20,"[2000, 2001, 2002, 2003, 2004, 2005, 2006, 2007, 2008, 2009, 2010, 2011, 2012, 2013, 2014, 2015, 2016, 2017, 2018, 2019]"
48,False,False,1e-05,1e-05,200,"(0.5, 0.2, 0.3)",0,20,0,0,2.7,129.6,13.688999999999998,0.45,[0.4102],[None],20,"[2000, 2001, 2002, 2003, 2004, 2005, 2006, 2007, 2008, 2009, 2010, 2011, 2012, 2013, 2014, 2015, 2016, 2017, 2018, 2019]"
48,False,False,1e-05,1e-05,200,"(0.5, 0.2, 0.3)",0,20,2,0,2.75,132.0,14.729,0.4,[0.4102],[None],20,"[2000, 2001, 2002, 2003, 2004, 2005, 2006, 2007, 2008, 2009, 2010, 2011, 2012, 2013, 2014, 2015, 2016, 2017, 2018, 2019]"
48,False,False,1e-05,1e-05,200,"(0.5, 0.2, 0.3)",0,20,4,0,2.75,132.0,14.225,0.5,[0.4102],[None],20,"[2000, 2001, 2002, 2003, 2004, 2005, 2006, 2007, 2008, 2009, 2010, 2011, 2012, 2013, 2014, 2015, 2016, 2017, 2018, 2019]"
48,False,False,1e-05,1e-05,200,"(0.5, 0.2, 0.3)",48,20,0,0,2.7,129.6,13.528,0.45,[0.4102],[None],20,"[2000, 2001, 2002, 2003, 2004, 2005, 2006, 2007, 2008, 2009, 2010, 2011, 2012, 2013, 2014, 2015, 2016, 2017, 2018, 2019]"
48,False,False,1e-05,1e-05,200,"(0.5, 0.2, 0.3)",48,20,2,0,2.75,132.0,15.898499999999999,0.4,[0.4102],[None],20,"[2000, 2001, 2002, 2003, 2004, 2005, 2006, 2007, 2008, 2009, 2010, 2011, 2012, 2013, 2014, 2015, 2016, 2017, 2018, 2019]"
48,False,False,1e-05,1e-05,200,"(0.5, 0.2, 0.3)",48,20,4,0,2.75,132.0,14.172999999999998,0.5,[0.4102],[None],20,"[2000, 2001, 2002, 2003, 2004, 2005, 2006, 2007, 2008, 2009, 2010, 2011, 2012, 2013, 2014, 2015, 2016, 2017, 2018, 2019]"
48,False,False,1e-05,1e-05,200,"(0.6, 0.1, 0.3)",0,20,0,0,1.5,72.0,4.8815,0.35,[0.4102],[None],20,"[2000, 2001, 2002, 2003, 2004, 2005, 2006, 2007, 2008, 2009, 2010, 2011, 2012, 2013, 2014, 2015, 2016, 2017, 2018, 2019]"
48,False,False,1e-05,1e-05,200,"(0.6, 0.1, 0.3)",0,20,2,0,1.55,74.4,5.064,0.45,[0.4102],[None],20,"[2000, 2001, 2002, 2003, 2004, 2005, 2006, 2007, 2008, 2009, 2010, 2011, 2012, 2013, 2014, 2015, 2016, 2017, 2018, 2019]"
48,False,False,1e-05,1e-05,200,"(0.6, 0.1, 0.3)",0,20,4,0,2.75,132.0,14.7785,0.5,[0.4102],[None],20,"[2000, 2001, 2002, 2003, 2004, 2005, 2006, 2007, 2008, 2009, 2010, 2011, 2012, 2013, 2014, 2015, 2016, 2017, 2018, 2019]"
48,False,False,1e-05,1e-05,200,"(0.6, 0.1, 0.3)",48,20,0,0,1.5,72.0,4.976,0.35,[0.4102],[None],20,"[2000, 2001, 2002, 2003, 2004, 2005, 2006, 2007, 2008, 2009, 2010, 2011, 2012, 2013, 2014, 2015, 2016, 2017, 2018, 2019]"
48,False,False,1e-05,1e-05,200,"(0.6, 0.1, 0.3)",48,20,2,0,1.55,74.4,5.17,0.45,[0.4102],[None],20,"[2000, 2001, 2002, 2003, 2004, 2005, 2006, 2007, 2008, 2009, 2010, 2011, 2012, 2013, 2014, 2015, 2016, 2017, 2018, 2019]"
48,False,False,1e-05,1e-05,200,"(0.6, 0.1, 0.3)",48,20,4,0,2.75,132.0,14.618500000000001,0.5,[0.4102],[None],20,"[2000, 2001, 2002, 2003, 2004, 2005, 2006, 2007, 2008, 2009, 2010, 2011, 2012, 2013, 2014, 2015, 2016, 2017, 2018, 2019]"
48,False,False,1e-05,1e-05,200,"(0.7, 0.0, 0.3)",0,20,2,0,1.45,69.6,4.8225,0.25,[0.4102],[None],20,"[2000, 2001, 2002, 2003, 2004, 2005, 2006, 2007, 2008, 2009, 2010, 2011, 2012, 2013, 2014, 2015, 2016, 2017, 2018, 2019]"
48,False,False,1e-05,1e-05,200,"(0.7, 0.0, 0.3)",0,20,4,0,1.45,69.6,4.819,0.25,[0.4102],[None],20,"[2000, 2001, 2002, 2003, 2004, 2005, 2006, 2007, 2008, 2009, 2010, 2011, 2012, 2013, 2014, 2015, 2016, 2017, 2018, 2019]"
48,False,False,1e-05,1e-05,200,"(0.7, 0.3, 0.0)",0,20,0,0,2.7,129.6,10.412,0.1,[0.4102],[None],20,"[2000, 2001, 2002, 2003, 2004, 2005, 2006, 2007, 2008, 2009, 2010, 2011, 2012, 2013, 2014, 2015, 2016, 2017, 2018, 2019]"
48,False,False,1e-05,1e-05,200,"(0.7, 0.3, 0.0)",0,20,2,0,3.55,170.4,17.496000000000002,0.2,[0.4102],[None],20,"[2000, 2001, 2002, 2003, 2004, 2005, 2006, 2007, 2008, 2009, 2010, 2011, 2012, 2013, 2014, 2015, 2016, 2017, 2018, 2019]"
48,False,False,1e-05,1e-05,200,"(0.7, 0.3, 0.0)",0,20,4,0,2.7,129.6,11.0315,0.2,[0.4102],[None],20,"[2000, 2001, 2002, 2003, 2004, 2005, 2006, 2007, 2008, 2009, 2010, 2011, 2012, 2013, 2014, 2015, 2016, 2017, 2018, 2019]"
48,False,False,1e-05,1e-05,200,"(0.7, 0.3, 0.0)",48,20,0,0,2.7,129.6,10.2625,0.1,[0.4102],[None],20,"[2000, 2001, 2002, 2003, 2004, 2005, 2006, 2007, 2008, 2009, 2010, 2011, 2012, 2013, 2014, 2015, 2016, 2017, 2018, 2019]"
48,False,False,1e-05,1e-05,200,"(0.7, 0.3, 0.0)",48,20,2,0,3.55,170.4,17.6205,0.2,[0.4102],[None],20,"[2000, 2001, 2002, 2003, 2004, 2005, 2006, 2007, 2008, 2009, 2010, 2011, 2012, 2013, 2014, 2015, 2016, 2017, 2018, 2019]"
48,False,False,1e-05,1e-05,200,"(0.7, 0.3, 0.0)",48,20,4,0,2.7,129.6,11.064499999999999,0.2,[0.4102],[None],20,"[2000, 2001, 2002, 2003, 2004, 2005, 2006, 2007, 2008, 2009, 2010, 2011, 2012, 2013, 2014, 2015, 2016, 2017, 2018, 2019]"
48,False,False,1e-05,0.0001,0,"(0.3, 0.3, 0.4)",0,20,0,0,2.2,105.6,7.4465,0.35,[0.3891],[None],20,"[2000, 2001, 2002, 2003, 2004, 2005, 2006, 2007, 2008, 2009, 2010, 2011, 2012, 2013, 2014, 2015, 2016, 2017, 2018, 2019]"
48,False,False,1e-05,0.0001,0,"(0.3, 0.3, 0.4)",0,20,2,0,2.2,105.6,7.589,0.4,[0.3891],[None],20,"[2000, 2001, 2002, 2003, 2004, 2005, 2006, 2007, 2008, 2009, 2010, 2011, 2012, 2013, 2014, 2015, 2016, 2017, 2018, 2019]"
48,False,False,1e-05,0.0001,0,"(0.3, 0.3, 0.4)",0,20,4,0,2.4,115.2,8.393,0.45,[0.3891],[None],20,"[2000, 2001, 2002, 2003, 2004, 2005, 2006, 2007, 2008, 2009, 2010, 2011, 2012, 2013, 2014, 2015, 2016, 2017, 2018, 2019]"
48,False,False,1e-05,0.0001,0,"(0.3, 0.3, 0.4)",48,20,0,0,2.2,105.6,7.5615,0.35,[0.3891],[None],20,"[2000, 2001, 2002, 2003, 2004, 2005, 2006, 2007, 2008, 2009, 2010, 2011, 2012, 2013, 2014, 2015, 2016, 2017, 2018, 2019]"
48,False,False,1e-05,0.0001,0,"(0.3, 0.3, 0.4)",48,20,2,0,2.2,105.6,7.519499999999999,0.4,[0.3891],[None],20,"[2000, 2001, 2002, 2003, 2004, 2005, 2006, 2007, 2008, 2009, 2010, 2011, 2012, 2013, 2014, 2015, 2016, 2017, 2018, 2019]"
48,False,False,1e-05,0.0001,0,"(0.3, 0.3, 0.4)",48,20,4,0,2.4,115.2,8.4035,0.45,[0.3891],[None],20,"[2000, 2001, 2002, 2003, 2004, 2005, 2006, 2007, 2008, 2009, 2010, 2011, 2012, 2013, 2014, 2015, 2016, 2017, 2018, 2019]"
48,False,False,1e-05,0.0001,0,"(0.4, 0.3, 0.3)",0,20,0,0,2.05,98.4,7.1209999999999996,0.2,[0.3891],[None],20,"[2000, 2001, 2002, 2003, 2004, 2005, 2006, 2007, 2008, 2009, 2010, 2011, 2012, 2013, 2014, 2015, 2016, 2017, 2018, 2019]"
48,False,False,1e-05,0.0001,0,"(0.4, 0.3, 0.3)",0,20,2,0,2.1,100.8,9.876000000000001,0.2,[0.3891],[None],20,"[2000, 2001, 2002, 2003, 2004, 2005, 2006, 2007, 2008, 2009, 2010, 2011, 2012, 2013, 2014, 2015, 2016, 2017, 2018, 2019]"
48,False,False,1e-05,0.0001,0,"(0.4, 0.3, 0.3)",0,20,4,0,2.1,100.8,7.3205,0.15,[0.3891],[None],20,"[2000, 2001, 2002, 2003, 2004, 2005, 2006, 2007, 2008, 2009, 2010, 2011, 2012, 2013, 2014, 2015, 2016, 2017, 2018, 2019]"
48,False,False,1e-05,0.0001,0,"(0.4, 0.3, 0.3)",48,20,0,0,2.05,98.4,6.9565,0.2,[0.3891],[None],20,"[2000, 2001, 2002, 2003, 2004, 2005, 2006, 2007, 2008, 2009, 2010, 2011, 2012, 2013, 2014, 2015, 2016, 2017, 2018, 2019]"
48,False,False,1e-05,0.0001,0,"(0.4, 0.3, 0.3)",48,20,2,0,2.1,100.8,7.5095,0.2,[0.3891],[None],20,"[2000, 2001, 2002, 2003, 2004, 2005, 2006, 2007, 2008, 2009, 2010, 2011, 2012, 2013, 2014, 2015, 2016, 2017, 2018, 2019]"
48,False,False,1e-05,0.0001,0,"(0.4, 0.3, 0.3)",48,20,4,0,2.1,100.8,7.2155000000000005,0.15,[0.3891],[None],20,"[2000, 2001, 2002, 2003, 2004, 2005, 2006, 2007, 2008, 2009, 2010, 2011, 2012, 2013, 2014, 2015, 2016, 2017, 2018, 2019]"
48,False,False,1e-05,0.0001,0,"(0.5, 0.2, 0.3)",0,20,0,0,1.85,88.8,6.1715,0.2,[0.3891],[None],20,"[2000, 2001, 2002, 2003, 2004, 2005, 2006, 2007, 2008, 2009, 2010, 2011, 2012, 2013, 2014, 2015, 2016, 2017, 2018, 2019]"
48,False,False,1e-05,0.0001,0,"(0.5, 0.2, 0.3)",0,20,2,0,2.1,100.8,7.3015,0.2,[0.3891],[None],20,"[2000, 2001, 2002, 2003, 2004, 2005, 2006, 2007, 2008, 2009, 2010, 2011, 2012, 2013, 2014, 2015, 2016, 2017, 2018, 2019]"
48,False,False,1e-05,0.0001,0,"(0.5, 0.2, 0.3)",0,20,4,0,1.8,86.4,6.0375,0.2,[0.3891],[None],20,"[2000, 2001, 2002, 2003, 2004, 2005, 2006, 2007, 2008, 2009, 2010, 2011, 2012, 2013, 2014, 2015, 2016, 2017, 2018, 2019]"
48,False,False,1e-05,0.0001,0,"(0.5, 0.2, 0.3)",48,20,0,0,1.85,88.8,6.103,0.2,[0.3891],[None],20,"[2000, 2001, 2002, 2003, 2004, 2005, 2006, 2007, 2008, 2009, 2010, 2011, 2012, 2013, 2014, 2015, 2016, 2017, 2018, 2019]"
48,False,False,1e-05,0.0001,0,"(0.5, 0.2, 0.3)",48,20,2,0,2.1,100.8,7.9215,0.2,[0.3891],[None],20,"[2000, 2001, 2002, 2003, 2004, 2005, 2006, 2007, 2008, 2009, 2010, 2011, 2012, 2013, 2014, 2015, 2016, 2017, 2018, 2019]"
48,False,False,1e-05,0.0001,0,"(0.5, 0.2, 0.3)",48,20,4,0,1.8,86.4,5.91,0.2,[0.3891],[None],20,"[2000, 2001, 2002, 2003, 2004, 2005, 2006, 2007, 2008, 2009, 2010, 2011, 2012, 2013, 2014, 2015, 2016, 2017, 2018, 2019]"
48,False,False,1e-05,0.0001,0,"(0.6, 0.1, 0.3)",0,20,0,0,1.75,84.0,5.6735,0.15,[0.3891],[None],20,"[2000, 2001, 2002, 2003, 2004, 2005, 2006, 2007, 2008, 2009, 2010, 2011, 2012, 2013, 2014, 2015, 2016, 2017, 2018, 2019]"
48,False,False,1e-05,0.0001,0,"(0.6, 0.1, 0.3)",0,20,2,0,2.0,96.0,6.739,0.1,[0.3891],[None],20,"[2000, 2001, 2002, 2003, 2004, 2005, 2006, 2007, 2008, 2009, 2010, 2011, 2012, 2013, 2014, 2015, 2016, 2017, 2018, 2019]"
48,False,False,1e-05,0.0001,0,"(0.6, 0.1, 0.3)",0,20,4,0,2.05,98.4,7.0185,0.15,[0.3891],[None],20,"[2000, 2001, 2002, 2003, 2004, 2005, 2006, 2007, 2008, 2009, 2010, 2011, 2012, 2013, 2014, 2015, 2016, 2017, 2018, 2019]"
48,False,False,1e-05,0.0001,0,"(0.6, 0.1, 0.3)",48,20,0,0,1.75,84.0,5.8885,0.15,[0.3891],[None],20,"[2000, 2001, 2002, 2003, 2004, 2005, 2006, 2007, 2008, 2009, 2010, 2011, 2012, 2013, 2014, 2015, 2016, 2017, 2018, 2019]"
48,False,False,1e-05,0.0001,0,"(0.6, 0.1, 0.3)",48,20,2,0,2.0,96.0,6.8069999999999995,0.1,[0.3891],[None],20,"[2000, 2001, 2002, 2003, 2004, 2005, 2006, 2007, 2008, 2009, 2010, 2011, 2012, 2013, 2014, 2015, 2016, 2017, 2018, 2019]"
48,False,False,1e-05,0.0001,0,"(0.6, 0.1, 0.3)",48,20,4,0,2.05,98.4,7.0545,0.15,[0.3891],[None],20,"[2000, 2001, 2002, 2003, 2004, 2005, 2006, 2007, 2008, 2009, 2010, 2011, 2012, 2013, 2014, 2015, 2016, 2017, 2018, 2019]"
48,False,False,1e-05,0.0001,0,"(0.7, 0.0, 0.3)",0,20,2,0,2.0,96.0,6.6579999999999995,0.1,[0.3891],[None],20,"[2000, 2001, 2002, 2003, 2004, 2005, 2006, 2007, 2008, 2009, 2010, 2011, 2012, 2013, 2014, 2015, 2016, 2017, 2018, 2019]"
48,False,False,1e-05,0.0001,0,"(0.7, 0.0, 0.3)",0,20,4,0,2.05,98.4,7.4965,0.1,[0.3891],[None],20,"[2000, 2001, 2002, 2003, 2004, 2005, 2006, 2007, 2008, 2009, 2010, 2011, 2012, 2013, 2014, 2015, 2016, 2017, 2018, 2019]"
48,False,False,1e-05,0.0001,0,"(0.7, 0.3, 0.0)",0,20,0,0,3.3,158.4,12.6935,0.15,[0.3891],[None],20,"[2000, 2001, 2002, 2003, 2004, 2005, 2006, 2007, 2008, 2009, 2010, 2011, 2012, 2013, 2014, 2015, 2016, 2017, 2018, 2019]"
48,False,False,1e-05,0.0001,0,"(0.7, 0.3, 0.0)",0,20,2,0,2.85,136.8,10.130500000000001,0.1,[0.3891],[None],20,"[2000, 2001, 2002, 2003, 2004, 2005, 2006, 2007, 2008, 2009, 2010, 2011, 2012, 2013, 2014, 2015, 2016, 2017, 2018, 2019]"
48,False,False,1e-05,0.0001,0,"(0.7, 0.3, 0.0)",0,20,4,0,3.15,151.2,11.681000000000001,0.15,[0.3891],[None],20,"[2000, 2001, 2002, 2003, 2004, 2005, 2006, 2007, 2008, 2009, 2010, 2011, 2012, 2013, 2014, 2015, 2016, 2017, 2018, 2019]"
48,False,False,1e-05,0.0001,0,"(0.7, 0.3, 0.0)",48,20,0,0,3.3,158.4,12.7215,0.15,[0.3891],[None],20,"[2000, 2001, 2002, 2003, 2004, 2005, 2006, 2007, 2008, 2009, 2010, 2011, 2012, 2013, 2014, 2015, 2016, 2017, 2018, 2019]"
48,False,False,1e-05,0.0001,0,"(0.7, 0.3, 0.0)",48,20,2,0,2.85,136.8,10.282,0.1,[0.3891],[None],20,"[2000, 2001, 2002, 2003, 2004, 2005, 2006, 2007, 2008, 2009, 2010, 2011, 2012, 2013, 2014, 2015, 2016, 2017, 2018, 2019]"
48,False,False,1e-05,0.0001,0,"(0.7, 0.3, 0.0)",48,20,4,0,3.15,151.2,11.817499999999999,0.15,[0.3891],[None],20,"[2000, 2001, 2002, 2003, 2004, 2005, 2006, 2007, 2008, 2009, 2010, 2011, 2012, 2013, 2014, 2015, 2016, 2017, 2018, 2019]"
48,False,False,1e-05,0.0001,100,"(0.3, 0.3, 0.4)",0,20,0,0,2.1,100.8,7.264,0.25,[0.3629],[None],20,"[2000, 2001, 2002, 2003, 2004, 2005, 2006, 2007, 2008, 2009, 2010, 2011, 2012, 2013, 2014, 2015, 2016, 2017, 2018, 2019]"
48,False,False,1e-05,0.0001,100,"(0.3, 0.3, 0.4)",0,20,2,0,2.1,100.8,7.280500000000001,0.2,[0.3629],[None],20,"[2000, 2001, 2002, 2003, 2004, 2005, 2006, 2007, 2008, 2009, 2010, 2011, 2012, 2013, 2014, 2015, 2016, 2017, 2018, 2019]"
48,False,False,1e-05,0.0001,100,"(0.3, 0.3, 0.4)",0,20,4,0,2.0,96.0,6.8325000000000005,0.15,[0.3629],[None],20,"[2000, 2001, 2002, 2003, 2004, 2005, 2006, 2007, 2008, 2009, 2010, 2011, 2012, 2013, 2014, 2015, 2016, 2017, 2018, 2019]"
48,False,False,1e-05,0.0001,100,"(0.3, 0.3, 0.4)",48,20,0,0,2.1,100.8,7.284999999999999,0.25,[0.3629],[None],20,"[2000, 2001, 2002, 2003, 2004, 2005, 2006, 2007, 2008, 2009, 2010, 2011, 2012, 2013, 2014, 2015, 2016, 2017, 2018, 2019]"
48,False,False,1e-05,0.0001,100,"(0.3, 0.3, 0.4)",48,20,2,0,2.1,100.8,7.3025,0.2,[0.3629],[None],20,"[2000, 2001, 2002, 2003, 2004, 2005, 2006, 2007, 2008, 2009, 2010, 2011, 2012, 2013, 2014, 2015, 2016, 2017, 2018, 2019]"
48,False,False,1e-05,0.0001,100,"(0.3, 0.3, 0.4)",48,20,4,0,2.0,96.0,6.838499999999999,0.15,[0.3629],[None],20,"[2000, 2001, 2002, 2003, 2004, 2005, 2006, 2007, 2008, 2009, 2010, 2011, 2012, 2013, 2014, 2015, 2016, 2017, 2018, 2019]"
48,False,False,1e-05,0.0001,100,"(0.4, 0.3, 0.3)",0,20,0,0,2.05,98.4,9.662,0.25,[0.3629],[None],20,"[2000, 2001, 2002, 2003, 2004, 2005, 2006, 2007, 2008, 2009, 2010, 2011, 2012, 2013, 2014, 2015, 2016, 2017, 2018, 2019]"
48,False,False,1e-05,0.0001,100,"(0.4, 0.3, 0.3)",48,20,0,0,2.05,98.4,6.929,0.25,[0.3629],[None],20,"[2000, 2001, 2002, 2003, 2004, 2005, 2006, 2007, 2008, 2009, 2010, 2011, 2012, 2013, 2014, 2015, 2016, 2017, 2018, 2019]"
48,False,False,1e-05,0.0001,100,"(0.5, 0.2, 0.3)",0,20,0,0,2.1,100.8,7.498,0.15,[0.3629],[None],20,"[2000, 2001, 2002, 2003, 2004, 2005, 2006, 2007, 2008, 2009, 2010, 2011, 2012, 2013, 2014, 2015, 2016, 2017, 2018, 2019]"
48,False,False,1e-05,0.0001,100,"(0.5, 0.2, 0.3)",0,20,2,0,2.0,96.0,6.904999999999999,0.15,[0.3629],[None],20,"[2000, 2001, 2002, 2003, 2004, 2005, 2006, 2007, 2008, 2009, 2010, 2011, 2012, 2013, 2014, 2015, 2016, 2017, 2018, 2019]"
48,False,False,1e-05,0.0001,100,"(0.5, 0.2, 0.3)",0,20,4,0,1.9,91.2,6.6754999999999995,0.25,[0.3629],[None],20,"[2000, 2001, 2002, 2003, 2004, 2005, 2006, 2007, 2008, 2009, 2010, 2011, 2012, 2013, 2014, 2015, 2016, 2017, 2018, 2019]"
48,False,False,1e-05,0.0001,100,"(0.5, 0.2, 0.3)",48,20,0,0,2.1,100.8,7.4719999999999995,0.15,[0.3629],[None],20,"[2000, 2001, 2002, 2003, 2004, 2005, 2006, 2007, 2008, 2009, 2010, 2011, 2012, 2013, 2014, 2015, 2016, 2017, 2018, 2019]"
48,False,False,1e-05,0.0001,100,"(0.5, 0.2, 0.3)",48,20,2,0,2.0,96.0,8.352500000000001,0.15,[0.3629],[None],20,"[2000, 2001, 2002, 2003, 2004, 2005, 2006, 2007, 2008, 2009, 2010, 2011, 2012, 2013, 2014, 2015, 2016, 2017, 2018, 2019]"
48,False,False,1e-05,0.0001,100,"(0.5, 0.2, 0.3)",48,20,4,0,1.9,91.2,6.441,0.25,[0.3629],[None],20,"[2000, 2001, 2002, 2003, 2004, 2005, 2006, 2007, 2008, 2009, 2010, 2011, 2012, 2013, 2014, 2015, 2016, 2017, 2018, 2019]"
48,False,False,1e-05,0.0001,100,"(0.6, 0.1, 0.3)",0,20,0,0,1.75,84.0,5.7700000000000005,0.15,[0.3629],[None],20,"[2000, 2001, 2002, 2003, 2004, 2005, 2006, 2007, 2008, 2009, 2010, 2011, 2012, 2013, 2014, 2015, 2016, 2017, 2018, 2019]"
48,False,False,1e-05,0.0001,100,"(0.6, 0.1, 0.3)",0,20,2,0,2.05,98.4,7.280500000000001,0.15,[0.3629],[None],20,"[2000, 2001, 2002, 2003, 2004, 2005, 2006, 2007, 2008, 2009, 2010, 2011, 2012, 2013, 2014, 2015, 2016, 2017, 2018, 2019]"
48,False,False,1e-05,0.0001,100,"(0.6, 0.1, 0.3)",0,20,4,0,2.1,100.8,7.4719999999999995,0.15,[0.3629],[None],20,"[2000, 2001, 2002, 2003, 2004, 2005, 2006, 2007, 2008, 2009, 2010, 2011, 2012, 2013, 2014, 2015, 2016, 2017, 2018, 2019]"
48,False,False,1e-05,0.0001,100,"(0.6, 0.1, 0.3)",48,20,0,0,1.75,84.0,5.8565,0.15,[0.3629],[None],20,"[2000, 2001, 2002, 2003, 2004, 2005, 2006, 2007, 2008, 2009, 2010, 2011, 2012, 2013, 2014, 2015, 2016, 2017, 2018, 2019]"
48,False,False,1e-05,0.0001,100,"(0.6, 0.1, 0.3)",48,20,2,0,2.05,98.4,7.393000000000001,0.15,[0.3629],[None],20,"[2000, 2001, 2002, 2003, 2004, 2005, 2006, 2007, 2008, 2009, 2010, 2011, 2012, 2013, 2014, 2015, 2016, 2017, 2018, 2019]"
48,False,False,1e-05,0.0001,100,"(0.6, 0.1, 0.3)",48,20,4,0,2.1,100.8,7.5575,0.15,[0.3629],[None],20,"[2000, 2001, 2002, 2003, 2004, 2005, 2006, 2007, 2008, 2009, 2010, 2011, 2012, 2013, 2014, 2015, 2016, 2017, 2018, 2019]"
48,False,False,1e-05,0.0001,100,"(0.7, 0.0, 0.3)",0,20,2,0,2.15,103.2,7.6745,0.1,[0.3629],[None],20,"[2000, 2001, 2002, 2003, 2004, 2005, 2006, 2007, 2008, 2009, 2010, 2011, 2012, 2013, 2014, 2015, 2016, 2017, 2018, 2019]"
48,False,False,1e-05,0.0001,100,"(0.7, 0.0, 0.3)",0,20,4,0,2.3,110.4,8.932500000000001,0.15,[0.3629],[None],20,"[2000, 2001, 2002, 2003, 2004, 2005, 2006, 2007, 2008, 2009, 2010, 2011, 2012, 2013, 2014, 2015, 2016, 2017, 2018, 2019]"
48,False,False,1e-05,0.0001,100,"(0.7, 0.3, 0.0)",0,20,0,0,3.45,165.6,12.493,0.1,[0.3629],[None],20,"[2000, 2001, 2002, 2003, 2004, 2005, 2006, 2007, 2008, 2009, 2010, 2011, 2012, 2013, 2014, 2015, 2016, 2017, 2018, 2019]"
48,False,False,1e-05,0.0001,100,"(0.7, 0.3, 0.0)",0,20,2,0,3.3,158.4,11.9025,0.05,[0.3629],[None],20,"[2000, 2001, 2002, 2003, 2004, 2005, 2006, 2007, 2008, 2009, 2010, 2011, 2012, 2013, 2014, 2015, 2016, 2017, 2018, 2019]"
48,False,False,1e-05,0.0001,100,"(0.7, 0.3, 0.0)",0,20,4,0,3.3,158.4,12.114999999999998,0.1,[0.3629],[None],20,"[2000, 2001, 2002, 2003, 2004, 2005, 2006, 2007, 2008, 2009, 2010, 2011, 2012, 2013, 2014, 2015, 2016, 2017, 2018, 2019]"
48,False,False,1e-05,0.0001,100,"(0.7, 0.3, 0.0)",48,20,0,0,3.45,165.6,12.6585,0.1,[0.3629],[None],20,"[2000, 2001, 2002, 2003, 2004, 2005, 2006, 2007, 2008, 2009, 2010, 2011, 2012, 2013, 2014, 2015, 2016, 2017, 2018, 2019]"
48,False,False,1e-05,0.0001,100,"(0.7, 0.3, 0.0)",48,20,2,0,3.3,158.4,12.147,0.05,[0.3629],[None],20,"[2000, 2001, 2002, 2003, 2004, 2005, 2006, 2007, 2008, 2009, 2010, 2011, 2012, 2013, 2014, 2015, 2016, 2017, 2018, 2019]"
48,False,False,1e-05,0.0001,100,"(0.7, 0.3, 0.0)",48,20,4,0,3.3,158.4,12.223,0.1,[0.3629],[None],20,"[2000, 2001, 2002, 2003, 2004, 2005, 2006, 2007, 2008, 2009, 2010, 2011, 2012, 2013, 2014, 2015, 2016, 2017, 2018, 2019]"
48,False,False,1e-05,0.0001,200,"(0.3, 0.3, 0.4)",0,20,0,0,2.1,100.8,7.17,0.3,[0.3614],[None],20,"[2000, 2001, 2002, 2003, 2004, 2005, 2006, 2007, 2008, 2009, 2010, 2011, 2012, 2013, 2014, 2015, 2016, 2017, 2018, 2019]"
48,False,False,1e-05,0.0001,200,"(0.3, 0.3, 0.4)",0,20,2,0,2.15,103.2,7.416500000000001,0.25,[0.3614],[None],20,"[2000, 2001, 2002, 2003, 2004, 2005, 2006, 2007, 2008, 2009, 2010, 2011, 2012, 2013, 2014, 2015, 2016, 2017, 2018, 2019]"
48,False,False,1e-05,0.0001,200,"(0.3, 0.3, 0.4)",0,20,4,0,2.1,100.8,7.3075,0.3,[0.3614],[None],20,"[2000, 2001, 2002, 2003, 2004, 2005, 2006, 2007, 2008, 2009, 2010, 2011, 2012, 2013, 2014, 2015, 2016, 2017, 2018, 2019]"
48,False,False,1e-05,0.0001,200,"(0.3, 0.3, 0.4)",48,20,0,0,2.1,100.8,7.2015,0.3,[0.3614],[None],20,"[2000, 2001, 2002, 2003, 2004, 2005, 2006, 2007, 2008, 2009, 2010, 2011, 2012, 2013, 2014, 2015, 2016, 2017, 2018, 2019]"
48,False,False,1e-05,0.0001,200,"(0.3, 0.3, 0.4)",48,20,2,0,2.15,103.2,7.422499999999999,0.25,[0.3614],[None],20,"[2000, 2001, 2002, 2003, 2004, 2005, 2006, 2007, 2008, 2009, 2010, 2011, 2012, 2013, 2014, 2015, 2016, 2017, 2018, 2019]"
48,False,False,1e-05,0.0001,200,"(0.3, 0.3, 0.4)",48,20,4,0,2.1,100.8,7.164499999999999,0.3,[0.3614],[None],20,"[2000, 2001, 2002, 2003, 2004, 2005, 2006, 2007, 2008, 2009, 2010, 2011, 2012, 2013, 2014, 2015, 2016, 2017, 2018, 2019]"
48,False,False,1e-05,0.0001,200,"(0.4, 0.3, 0.3)",0,20,0,0,2.0,96.0,8.315000000000001,0.1,[0.3614],[None],20,"[2000, 2001, 2002, 2003, 2004, 2005, 2006, 2007, 2008, 2009, 2010, 2011, 2012, 2013, 2014, 2015, 2016, 2017, 2018, 2019]"
48,False,False,1e-05,0.0001,200,"(0.4, 0.3, 0.3)",48,20,0,0,2.0,96.0,6.873,0.1,[0.3614],[None],20,"[2000, 2001, 2002, 2003, 2004, 2005, 2006, 2007, 2008, 2009, 2010, 2011, 2012, 2013, 2014, 2015, 2016, 2017, 2018, 2019]"
48,False,False,1e-05,0.0001,200,"(0.5, 0.2, 0.3)",0,20,0,0,1.95,93.6,6.781000000000001,0.15,[0.3614],[None],20,"[2000, 2001, 2002, 2003, 2004, 2005, 2006, 2007, 2008, 2009, 2010, 2011, 2012, 2013, 2014, 2015, 2016, 2017, 2018, 2019]"
48,False,False,1e-05,0.0001,200,"(0.5, 0.2, 0.3)",0,20,2,0,2.1,100.8,7.5765,0.15,[0.3614],[None],20,"[2000, 2001, 2002, 2003, 2004, 2005, 2006, 2007, 2008, 2009, 2010, 2011, 2012, 2013, 2014, 2015, 2016, 2017, 2018, 2019]"
48,False,False,1e-05,0.0001,200,"(0.5, 0.2, 0.3)",0,20,4,0,2.4,115.2,9.199,0.3,[0.3614],[None],20,"[2000, 2001, 2002, 2003, 2004, 2005, 2006, 2007, 2008, 2009, 2010, 2011, 2012, 2013, 2014, 2015, 2016, 2017, 2018, 2019]"
48,False,False,1e-05,0.0001,200,"(0.5, 0.2, 0.3)",48,20,0,0,1.95,93.6,6.705,0.15,[0.3614],[None],20,"[2000, 2001, 2002, 2003, 2004, 2005, 2006, 2007, 2008, 2009, 2010, 2011, 2012, 2013, 2014, 2015, 2016, 2017, 2018, 2019]"
48,False,False,1e-05,0.0001,200,"(0.5, 0.2, 0.3)",48,20,2,0,2.1,100.8,7.5045,0.15,[0.3614],[None],20,"[2000, 2001, 2002, 2003, 2004, 2005, 2006, 2007, 2008, 2009, 2010, 2011, 2012, 2013, 2014, 2015, 2016, 2017, 2018, 2019]"
48,False,False,1e-05,0.0001,200,"(0.5, 0.2, 0.3)",48,20,4,0,2.4,115.2,9.0335,0.3,[0.3614],[None],20,"[2000, 2001, 2002, 2003, 2004, 2005, 2006, 2007, 2008, 2009, 2010, 2011, 2012, 2013, 2014, 2015, 2016, 2017, 2018, 2019]"
48,False,False,1e-05,0.0001,200,"(0.6, 0.1, 0.3)",0,20,0,0,2.0,96.0,7.0045,0.05,[0.3614],[None],20,"[2000, 2001, 2002, 2003, 2004, 2005, 2006, 2007, 2008, 2009, 2010, 2011, 2012, 2013, 2014, 2015, 2016, 2017, 2018, 2019]"
48,False,False,1e-05,0.0001,200,"(0.6, 0.1, 0.3)",0,20,2,0,2.05,98.4,7.5685,0.1,[0.3614],[None],20,"[2000, 2001, 2002, 2003, 2004, 2005, 2006, 2007, 2008, 2009, 2010, 2011, 2012, 2013, 2014, 2015, 2016, 2017, 2018, 2019]"
48,False,False,1e-05,0.0001,200,"(0.6, 0.1, 0.3)",0,20,4,0,1.7,81.6,5.7,0.25,[0.3614],[None],20,"[2000, 2001, 2002, 2003, 2004, 2005, 2006, 2007, 2008, 2009, 2010, 2011, 2012, 2013, 2014, 2015, 2016, 2017, 2018, 2019]"
48,False,False,1e-05,0.0001,200,"(0.6, 0.1, 0.3)",48,20,0,0,2.0,96.0,6.8565,0.05,[0.3614],[None],20,"[2000, 2001, 2002, 2003, 2004, 2005, 2006, 2007, 2008, 2009, 2010, 2011, 2012, 2013, 2014, 2015, 2016, 2017, 2018, 2019]"
48,False,False,1e-05,0.0001,200,"(0.6, 0.1, 0.3)",48,20,2,0,2.05,98.4,7.6215,0.1,[0.3614],[None],20,"[2000, 2001, 2002, 2003, 2004, 2005, 2006, 2007, 2008, 2009, 2010, 2011, 2012, 2013, 2014, 2015, 2016, 2017, 2018, 2019]"
48,False,False,1e-05,0.0001,200,"(0.6, 0.1, 0.3)",48,20,4,0,1.7,81.6,5.718500000000001,0.25,[0.3614],[None],20,"[2000, 2001, 2002, 2003, 2004, 2005, 2006, 2007, 2008, 2009, 2010, 2011, 2012, 2013, 2014, 2015, 2016, 2017, 2018, 2019]"
48,False,False,1e-05,0.0001,200,"(0.7, 0.0, 0.3)",0,20,2,0,1.9,91.2,6.4905,0.1,[0.3614],[None],20,"[2000, 2001, 2002, 2003, 2004, 2005, 2006, 2007, 2008, 2009, 2010, 2011, 2012, 2013, 2014, 2015, 2016, 2017, 2018, 2019]"
48,False,False,1e-05,0.0001,200,"(0.7, 0.0, 0.3)",0,20,4,0,1.95,93.6,6.8545,0.05,[0.3614],[None],20,"[2000, 2001, 2002, 2003, 2004, 2005, 2006, 2007, 2008, 2009, 2010, 2011, 2012, 2013, 2014, 2015, 2016, 2017, 2018, 2019]"
48,False,False,1e-05,0.0001,200,"(0.7, 0.3, 0.0)",0,20,0,0,3.0,144.0,11.107,0.2,[0.3614],[None],20,"[2000, 2001, 2002, 2003, 2004, 2005, 2006, 2007, 2008, 2009, 2010, 2011, 2012, 2013, 2014, 2015, 2016, 2017, 2018, 2019]"
48,False,False,1e-05,0.0001,200,"(0.7, 0.3, 0.0)",0,20,2,0,3.25,156.0,11.9075,0.15,[0.3614],[None],20,"[2000, 2001, 2002, 2003, 2004, 2005, 2006, 2007, 2008, 2009, 2010, 2011, 2012, 2013, 2014, 2015, 2016, 2017, 2018, 2019]"
48,False,False,1e-05,0.0001,200,"(0.7, 0.3, 0.0)",0,20,4,0,3.4,163.2,13.2405,0.05,[0.3614],[None],20,"[2000, 2001, 2002, 2003, 2004, 2005, 2006, 2007, 2008, 2009, 2010, 2011, 2012, 2013, 2014, 2015, 2016, 2017, 2018, 2019]"
48,False,False,1e-05,0.0001,200,"(0.7, 0.3, 0.0)",48,20,0,0,3.0,144.0,11.113,0.2,[0.3614],[None],20,"[2000, 2001, 2002, 2003, 2004, 2005, 2006, 2007, 2008, 2009, 2010, 2011, 2012, 2013, 2014, 2015, 2016, 2017, 2018, 2019]"
48,False,False,1e-05,0.0001,200,"(0.7, 0.3, 0.0)",48,20,2,0,3.25,156.0,12.206,0.15,[0.3614],[None],20,"[2000, 2001, 2002, 2003, 2004, 2005, 2006, 2007, 2008, 2009, 2010, 2011, 2012, 2013, 2014, 2015, 2016, 2017, 2018, 2019]"
48,False,False,1e-05,0.0001,200,"(0.7, 0.3, 0.0)",48,20,4,0,3.4,163.2,13.308000000000002,0.05,[0.3614],[None],20,"[2000, 2001, 2002, 2003, 2004, 2005, 2006, 2007, 2008, 2009, 2010, 2011, 2012, 2013, 2014, 2015, 2016, 2017, 2018, 2019]"
48,False,True,1e-05,1e-05,0,"(0.3, 0.3, 0.4)",0,20,0,0,2.25,108.0,6.226,0.05,[-9.186],[None],20,"[2000, 2001, 2002, 2003, 2004, 2005, 2006, 2007, 2008, 2009, 2010, 2011, 2012, 2013, 2014, 2015, 2016, 2017, 2018, 2019]"
48,False,True,1e-05,1e-05,0,"(0.3, 0.3, 0.4)",0,20,2,0,2.3,110.4,6.3915,0.05,[-9.186],[None],20,"[2000, 2001, 2002, 2003, 2004, 2005, 2006, 2007, 2008, 2009, 2010, 2011, 2012, 2013, 2014, 2015, 2016, 2017, 2018, 2019]"
48,False,True,1e-05,1e-05,0,"(0.3, 0.3, 0.4)",0,20,4,0,2.3,110.4,6.3385,0.0,[-9.186],[None],20,"[2000, 2001, 2002, 2003, 2004, 2005, 2006, 2007, 2008, 2009, 2010, 2011, 2012, 2013, 2014, 2015, 2016, 2017, 2018, 2019]"
48,False,True,1e-05,1e-05,0,"(0.3, 0.3, 0.4)",48,20,0,0,2.25,108.0,6.321,0.05,[-9.186],[None],20,"[2000, 2001, 2002, 2003, 2004, 2005, 2006, 2007, 2008, 2009, 2010, 2011, 2012, 2013, 2014, 2015, 2016, 2017, 2018, 2019]"
48,False,True,1e-05,1e-05,0,"(0.3, 0.3, 0.4)",48,20,2,0,2.3,110.4,6.449,0.05,[-9.186],[None],20,"[2000, 2001, 2002, 2003, 2004, 2005, 2006, 2007, 2008, 2009, 2010, 2011, 2012, 2013, 2014, 2015, 2016, 2017, 2018, 2019]"
48,False,True,1e-05,1e-05,0,"(0.3, 0.3, 0.4)",48,20,4,0,2.3,110.4,6.3885,0.0,[-9.186],[None],20,"[2000, 2001, 2002, 2003, 2004, 2005, 2006, 2007, 2008, 2009, 2010, 2011, 2012, 2013, 2014, 2015, 2016, 2017, 2018, 2019]"
48,False,True,1e-05,1e-05,0,"(0.4, 0.3, 0.3)",0,20,0,0,2.2,105.6,9.535,0.0,[-9.186],[None],20,"[2000, 2001, 2002, 2003, 2004, 2005, 2006, 2007, 2008, 2009, 2010, 2011, 2012, 2013, 2014, 2015, 2016, 2017, 2018, 2019]"
48,False,True,1e-05,1e-05,0,"(0.4, 0.3, 0.3)",0,20,2,0,2.1,100.8,5.836,0.0,[-9.186],[None],20,"[2000, 2001, 2002, 2003, 2004, 2005, 2006, 2007, 2008, 2009, 2010, 2011, 2012, 2013, 2014, 2015, 2016, 2017, 2018, 2019]"
48,False,True,1e-05,1e-05,0,"(0.4, 0.3, 0.3)",0,20,4,0,2.25,108.0,6.221,0.05,[-9.186],[None],20,"[2000, 2001, 2002, 2003, 2004, 2005, 2006, 2007, 2008, 2009, 2010, 2011, 2012, 2013, 2014, 2015, 2016, 2017, 2018, 2019]"
48,False,True,1e-05,1e-05,0,"(0.4, 0.3, 0.3)",48,20,0,0,2.2,105.6,6.005,0.0,[-9.186],[None],20,"[2000, 2001, 2002, 2003, 2004, 2005, 2006, 2007, 2008, 2009, 2010, 2011, 2012, 2013, 2014, 2015, 2016, 2017, 2018, 2019]"
48,False,True,1e-05,1e-05,0,"(0.4, 0.3, 0.3)",48,20,2,0,2.1,100.8,5.779,0.0,[-9.186],[None],20,"[2000, 2001, 2002, 2003, 2004, 2005, 2006, 2007, 2008, 2009, 2010, 2011, 2012, 2013, 2014, 2015, 2016, 2017, 2018, 2019]"
48,False,True,1e-05,1e-05,0,"(0.4, 0.3, 0.3)",48,20,4,0,2.25,108.0,6.2765,0.05,[-9.186],[None],20,"[2000, 2001, 2002, 2003, 2004, 2005, 2006, 2007, 2008, 2009, 2010, 2011, 2012, 2013, 2014, 2015, 2016, 2017, 2018, 2019]"
48,False,True,1e-05,1e-05,0,"(0.5, 0.2, 0.3)",0,20,0,0,2.15,103.2,5.968,0.0,[-9.186],[None],20,"[2000, 2001, 2002, 2003, 2004, 2005, 2006, 2007, 2008, 2009, 2010, 2011, 2012, 2013, 2014, 2015, 2016, 2017, 2018, 2019]"
48,False,True,1e-05,1e-05,0,"(0.5, 0.2, 0.3)",0,20,2,0,2.05,98.4,5.794,0.1,[-9.186],[None],20,"[2000, 2001, 2002, 2003, 2004, 2005, 2006, 2007, 2008, 2009, 2010, 2011, 2012, 2013, 2014, 2015, 2016, 2017, 2018, 2019]"
48,False,True,1e-05,1e-05,0,"(0.5, 0.2, 0.3)",0,20,4,0,2.15,103.2,5.8759999999999994,0.0,[-9.186],[None],20,"[2000, 2001, 2002, 2003, 2004, 2005, 2006, 2007, 2008, 2009, 2010, 2011, 2012, 2013, 2014, 2015, 2016, 2017, 2018, 2019]"
48,False,True,1e-05,1e-05,0,"(0.5, 0.2, 0.3)",48,20,0,0,2.15,103.2,7.266500000000001,0.0,[-9.186],[None],20,"[2000, 2001, 2002, 2003, 2004, 2005, 2006, 2007, 2008, 2009, 2010, 2011, 2012, 2013, 2014, 2015, 2016, 2017, 2018, 2019]"
48,False,True,1e-05,1e-05,0,"(0.5, 0.2, 0.3)",48,20,2,0,2.05,98.4,5.8035,0.1,[-9.186],[None],20,"[2000, 2001, 2002, 2003, 2004, 2005, 2006, 2007, 2008, 2009, 2010, 2011, 2012, 2013, 2014, 2015, 2016, 2017, 2018, 2019]"
48,False,True,1e-05,1e-05,0,"(0.5, 0.2, 0.3)",48,20,4,0,2.15,103.2,6.0875,0.0,[-9.186],[None],20,"[2000, 2001, 2002, 2003, 2004, 2005, 2006, 2007, 2008, 2009, 2010, 2011, 2012, 2013, 2014, 2015, 2016, 2017, 2018, 2019]"
48,False,True,1e-05,1e-05,0,"(0.6, 0.1, 0.3)",0,20,0,0,2.15,103.2,5.9695,0.15,[-9.186],[None],20,"[2000, 2001, 2002, 2003, 2004, 2005, 2006, 2007, 2008, 2009, 2010, 2011, 2012, 2013, 2014, 2015, 2016, 2017, 2018, 2019]"
48,False,True,1e-05,1e-05,0,"(0.6, 0.1, 0.3)",0,20,2,0,2.3,110.4,6.6315,0.15,[-9.186],[None],20,"[2000, 2001, 2002, 2003, 2004, 2005, 2006, 2007, 2008, 2009, 2010, 2011, 2012, 2013, 2014, 2015, 2016, 2017, 2018, 2019]"
48,False,True,1e-05,1e-05,0,"(0.6, 0.1, 0.3)",0,20,4,0,2.25,108.0,6.447,0.05,[-9.186],[None],20,"[2000, 2001, 2002, 2003, 2004, 2005, 2006, 2007, 2008, 2009, 2010, 2011, 2012, 2013, 2014, 2015, 2016, 2017, 2018, 2019]"
48,False,True,1e-05,1e-05,0,"(0.6, 0.1, 0.3)",48,20,0,0,2.15,103.2,5.993,0.15,[-9.186],[None],20,"[2000, 2001, 2002, 2003, 2004, 2005, 2006, 2007, 2008, 2009, 2010, 2011, 2012, 2013, 2014, 2015, 2016, 2017, 2018, 2019]"
48,False,True,1e-05,1e-05,0,"(0.6, 0.1, 0.3)",48,20,2,0,2.3,110.4,6.4670000000000005,0.15,[-9.186],[None],20,"[2000, 2001, 2002, 2003, 2004, 2005, 2006, 2007, 2008, 2009, 2010, 2011, 2012, 2013, 2014, 2015, 2016, 2017, 2018, 2019]"
48,False,True,1e-05,1e-05,0,"(0.6, 0.1, 0.3)",48,20,4,0,2.25,108.0,6.212,0.05,[-9.186],[None],20,"[2000, 2001, 2002, 2003, 2004, 2005, 2006, 2007, 2008, 2009, 2010, 2011, 2012, 2013, 2014, 2015, 2016, 2017, 2018, 2019]"
48,False,True,1e-05,1e-05,0,"(0.7, 0.0, 0.3)",0,20,2,0,2.15,103.2,5.8774999999999995,0.0,[-9.186],[None],20,"[2000, 2001, 2002, 2003, 2004, 2005, 2006, 2007, 2008, 2009, 2010, 2011, 2012, 2013, 2014, 2015, 2016, 2017, 2018, 2019]"
48,False,True,1e-05,1e-05,0,"(0.7, 0.0, 0.3)",0,20,4,0,2.15,103.2,6.0085,0.0,[-9.186],[None],20,"[2000, 2001, 2002, 2003, 2004, 2005, 2006, 2007, 2008, 2009, 2010, 2011, 2012, 2013, 2014, 2015, 2016, 2017, 2018, 2019]"
48,False,True,1e-05,1e-05,0,"(0.7, 0.3, 0.0)",0,20,0,0,2.05,98.4,5.5600000000000005,0.0,[-9.186],[None],20,"[2000, 2001, 2002, 2003, 2004, 2005, 2006, 2007, 2008, 2009, 2010, 2011, 2012, 2013, 2014, 2015, 2016, 2017, 2018, 2019]"
48,False,True,1e-05,1e-05,0,"(0.7, 0.3, 0.0)",0,20,2,0,2.05,98.4,5.583,0.0,[-9.186],[None],20,"[2000, 2001, 2002, 2003, 2004, 2005, 2006, 2007, 2008, 2009, 2010, 2011, 2012, 2013, 2014, 2015, 2016, 2017, 2018, 2019]"
48,False,True,1e-05,1e-05,0,"(0.7, 0.3, 0.0)",0,20,4,0,2.35,112.8,6.734,0.0,[-9.186],[None],20,"[2000, 2001, 2002, 2003, 2004, 2005, 2006, 2007, 2008, 2009, 2010, 2011, 2012, 2013, 2014, 2015, 2016, 2017, 2018, 2019]"
48,False,True,1e-05,1e-05,0,"(0.7, 0.3, 0.0)",48,20,0,0,2.05,98.4,5.7805,0.0,[-9.186],[None],20,"[2000, 2001, 2002, 2003, 2004, 2005, 2006, 2007, 2008, 2009, 2010, 2011, 2012, 2013, 2014, 2015, 2016, 2017, 2018, 2019]"
48,False,True,1e-05,1e-05,0,"(0.7, 0.3, 0.0)",48,20,2,0,2.05,98.4,5.59,0.0,[-9.186],[None],20,"[2000, 2001, 2002, 2003, 2004, 2005, 2006, 2007, 2008, 2009, 2010, 2011, 2012, 2013, 2014, 2015, 2016, 2017, 2018, 2019]"
48,False,True,1e-05,1e-05,0,"(0.7, 0.3, 0.0)",48,20,4,0,2.35,112.8,6.7284999999999995,0.0,[-9.186],[None],20,"[2000, 2001, 2002, 2003, 2004, 2005, 2006, 2007, 2008, 2009, 2010, 2011, 2012, 2013, 2014, 2015, 2016, 2017, 2018, 2019]"
48,False,True,1e-05,1e-05,100,"(0.3, 0.3, 0.4)",0,20,0,0,2.2,105.6,6.026999999999999,0.05,[-8.6143],[None],20,"[2000, 2001, 2002, 2003, 2004, 2005, 2006, 2007, 2008, 2009, 2010, 2011, 2012, 2013, 2014, 2015, 2016, 2017, 2018, 2019]"
48,False,True,1e-05,1e-05,100,"(0.3, 0.3, 0.4)",0,20,2,0,2.15,103.2,6.211,0.0,[-8.6143],[None],20,"[2000, 2001, 2002, 2003, 2004, 2005, 2006, 2007, 2008, 2009, 2010, 2011, 2012, 2013, 2014, 2015, 2016, 2017, 2018, 2019]"
48,False,True,1e-05,1e-05,100,"(0.3, 0.3, 0.4)",0,20,4,0,2.2,105.6,6.014,0.0,[-8.6143],[None],20,"[2000, 2001, 2002, 2003, 2004, 2005, 2006, 2007, 2008, 2009, 2010, 2011, 2012, 2013, 2014, 2015, 2016, 2017, 2018, 2019]"
48,False,True,1e-05,1e-05,100,"(0.3, 0.3, 0.4)",48,20,0,0,2.2,105.6,6.2195,0.05,[-8.6143],[None],20,"[2000, 2001, 2002, 2003, 2004, 2005, 2006, 2007, 2008, 2009, 2010, 2011, 2012, 2013, 2014, 2015, 2016, 2017, 2018, 2019]"
48,False,True,1e-05,1e-05,100,"(0.3, 0.3, 0.4)",48,20,2,0,2.15,103.2,5.888,0.0,[-8.6143],[None],20,"[2000, 2001, 2002, 2003, 2004, 2005, 2006, 2007, 2008, 2009, 2010, 2011, 2012, 2013, 2014, 2015, 2016, 2017, 2018, 2019]"
48,False,True,1e-05,1e-05,100,"(0.3, 0.3, 0.4)",48,20,4,0,2.2,105.6,6.021,0.0,[-8.6143],[None],20,"[2000, 2001, 2002, 2003, 2004, 2005, 2006, 2007, 2008, 2009, 2010, 2011, 2012, 2013, 2014, 2015, 2016, 2017, 2018, 2019]"
48,False,True,1e-05,1e-05,100,"(0.4, 0.3, 0.3)",0,20,0,0,2.35,112.8,9.669,0.1,[-8.6143],[None],20,"[2000, 2001, 2002, 2003, 2004, 2005, 2006, 2007, 2008, 2009, 2010, 2011, 2012, 2013, 2014, 2015, 2016, 2017, 2018, 2019]"
48,False,True,1e-05,1e-05,100,"(0.4, 0.3, 0.3)",48,20,0,0,2.35,112.8,6.668000000000001,0.1,[-8.6143],[None],20,"[2000, 2001, 2002, 2003, 2004, 2005, 2006, 2007, 2008, 2009, 2010, 2011, 2012, 2013, 2014, 2015, 2016, 2017, 2018, 2019]"
48,False,True,1e-05,1e-05,100,"(0.5, 0.2, 0.3)",0,20,0,0,1.9,91.2,5.2780000000000005,0.05,[-8.6143],[None],20,"[2000, 2001, 2002, 2003, 2004, 2005, 2006, 2007, 2008, 2009, 2010, 2011, 2012, 2013, 2014, 2015, 2016, 2017, 2018, 2019]"
48,False,True,1e-05,1e-05,100,"(0.5, 0.2, 0.3)",0,20,2,0,2.0,96.0,5.479,0.05,[-8.6143],[None],20,"[2000, 2001, 2002, 2003, 2004, 2005, 2006, 2007, 2008, 2009, 2010, 2011, 2012, 2013, 2014, 2015, 2016, 2017, 2018, 2019]"
48,False,True,1e-05,1e-05,100,"(0.5, 0.2, 0.3)",0,20,4,0,1.9,91.2,5.2,0.05,[-8.6143],[None],20,"[2000, 2001, 2002, 2003, 2004, 2005, 2006, 2007, 2008, 2009, 2010, 2011, 2012, 2013, 2014, 2015, 2016, 2017, 2018, 2019]"
48,False,True,1e-05,1e-05,100,"(0.5, 0.2, 0.3)",48,20,0,0,1.9,91.2,6.173,0.05,[-8.6143],[None],20,"[2000, 2001, 2002, 2003, 2004, 2005, 2006, 2007, 2008, 2009, 2010, 2011, 2012, 2013, 2014, 2015, 2016, 2017, 2018, 2019]"
48,False,True,1e-05,1e-05,100,"(0.5, 0.2, 0.3)",48,20,2,0,2.0,96.0,5.46,0.05,[-8.6143],[None],20,"[2000, 2001, 2002, 2003, 2004, 2005, 2006, 2007, 2008, 2009, 2010, 2011, 2012, 2013, 2014, 2015, 2016, 2017, 2018, 2019]"
48,False,True,1e-05,1e-05,100,"(0.5, 0.2, 0.3)",48,20,4,0,1.9,91.2,5.282,0.05,[-8.6143],[None],20,"[2000, 2001, 2002, 2003, 2004, 2005, 2006, 2007, 2008, 2009, 2010, 2011, 2012, 2013, 2014, 2015, 2016, 2017, 2018, 2019]"
48,False,True,1e-05,1e-05,100,"(0.6, 0.1, 0.3)",0,20,0,0,2.25,108.0,6.3035,0.05,[-8.6143],[None],20,"[2000, 2001, 2002, 2003, 2004, 2005, 2006, 2007, 2008, 2009, 2010, 2011, 2012, 2013, 2014, 2015, 2016, 2017, 2018, 2019]"
48,False,True,1e-05,1e-05,100,"(0.6, 0.1, 0.3)",0,20,2,0,2.05,98.4,5.7465,0.05,[-8.6143],[None],20,"[2000, 2001, 2002, 2003, 2004, 2005, 2006, 2007, 2008, 2009, 2010, 2011, 2012, 2013, 2014, 2015, 2016, 2017, 2018, 2019]"
48,False,True,1e-05,1e-05,100,"(0.6, 0.1, 0.3)",0,20,4,0,1.9,91.2,5.306,0.05,[-8.6143],[None],20,"[2000, 2001, 2002, 2003, 2004, 2005, 2006, 2007, 2008, 2009, 2010, 2011, 2012, 2013, 2014, 2015, 2016, 2017, 2018, 2019]"
48,False,True,1e-05,1e-05,100,"(0.6, 0.1, 0.3)",48,20,0,0,2.25,108.0,6.45,0.05,[-8.6143],[None],20,"[2000, 2001, 2002, 2003, 2004, 2005, 2006, 2007, 2008, 2009, 2010, 2011, 2012, 2013, 2014, 2015, 2016, 2017, 2018, 2019]"
48,False,True,1e-05,1e-05,100,"(0.6, 0.1, 0.3)",48,20,2,0,2.05,98.4,5.719,0.05,[-8.6143],[None],20,"[2000, 2001, 2002, 2003, 2004, 2005, 2006, 2007, 2008, 2009, 2010, 2011, 2012, 2013, 2014, 2015, 2016, 2017, 2018, 2019]"
48,False,True,1e-05,1e-05,100,"(0.6, 0.1, 0.3)",48,20,4,0,1.9,91.2,5.317,0.05,[-8.6143],[None],20,"[2000, 2001, 2002, 2003, 2004, 2005, 2006, 2007, 2008, 2009, 2010, 2011, 2012, 2013, 2014, 2015, 2016, 2017, 2018, 2019]"
48,False,True,1e-05,1e-05,100,"(0.7, 0.0, 0.3)",0,20,2,0,2.1,100.8,5.7705,0.05,[-8.6143],[None],20,"[2000, 2001, 2002, 2003, 2004, 2005, 2006, 2007, 2008, 2009, 2010, 2011, 2012, 2013, 2014, 2015, 2016, 2017, 2018, 2019]"
48,False,True,1e-05,1e-05,100,"(0.7, 0.0, 0.3)",0,20,4,0,2.05,98.4,5.8025,0.1,[-8.6143],[None],20,"[2000, 2001, 2002, 2003, 2004, 2005, 2006, 2007, 2008, 2009, 2010, 2011, 2012, 2013, 2014, 2015, 2016, 2017, 2018, 2019]"
48,False,True,1e-05,1e-05,100,"(0.7, 0.3, 0.0)",0,20,0,0,2.15,103.2,5.939500000000001,0.05,[-8.6143],[None],20,"[2000, 2001, 2002, 2003, 2004, 2005, 2006, 2007, 2008, 2009, 2010, 2011, 2012, 2013, 2014, 2015, 2016, 2017, 2018, 2019]"
48,False,True,1e-05,1e-05,100,"(0.7, 0.3, 0.0)",0,20,2,0,3.2,153.6,12.363499999999998,0.05,[-8.6143],[None],20,"[2000, 2001, 2002, 2003, 2004, 2005, 2006, 2007, 2008, 2009, 2010, 2011, 2012, 2013, 2014, 2015, 2016, 2017, 2018, 2019]"
48,False,True,1e-05,1e-05,100,"(0.7, 0.3, 0.0)",0,20,4,0,2.3,110.4,6.4955,0.0,[-8.6143],[None],20,"[2000, 2001, 2002, 2003, 2004, 2005, 2006, 2007, 2008, 2009, 2010, 2011, 2012, 2013, 2014, 2015, 2016, 2017, 2018, 2019]"
48,False,True,1e-05,1e-05,100,"(0.7, 0.3, 0.0)",48,20,0,0,2.15,103.2,6.1265,0.05,[-8.6143],[None],20,"[2000, 2001, 2002, 2003, 2004, 2005, 2006, 2007, 2008, 2009, 2010, 2011, 2012, 2013, 2014, 2015, 2016, 2017, 2018, 2019]"
48,False,True,1e-05,1e-05,100,"(0.7, 0.3, 0.0)",48,20,2,0,3.2,153.6,12.486500000000001,0.05,[-8.6143],[None],20,"[2000, 2001, 2002, 2003, 2004, 2005, 2006, 2007, 2008, 2009, 2010, 2011, 2012, 2013, 2014, 2015, 2016, 2017, 2018, 2019]"
48,False,True,1e-05,1e-05,100,"(0.7, 0.3, 0.0)",48,20,4,0,2.3,110.4,6.566,0.0,[-8.6143],[None],20,"[2000, 2001, 2002, 2003, 2004, 2005, 2006, 2007, 2008, 2009, 2010, 2011, 2012, 2013, 2014, 2015, 2016, 2017, 2018, 2019]"
48,False,True,1e-05,1e-05,200,"(0.3, 0.3, 0.4)",0,20,0,0,2.1,100.8,5.804,0.1,[-8.1107],[None],20,"[2000, 2001, 2002, 2003, 2004, 2005, 2006, 2007, 2008, 2009, 2010, 2011, 2012, 2013, 2014, 2015, 2016, 2017, 2018, 2019]"
48,False,True,1e-05,1e-05,200,"(0.3, 0.3, 0.4)",0,20,2,0,2.05,98.4,5.66,0.2,[-8.1107],[None],20,"[2000, 2001, 2002, 2003, 2004, 2005, 2006, 2007, 2008, 2009, 2010, 2011, 2012, 2013, 2014, 2015, 2016, 2017, 2018, 2019]"
48,False,True,1e-05,1e-05,200,"(0.3, 0.3, 0.4)",0,20,4,0,2.0,96.0,5.5280000000000005,0.15,[-8.1107],[None],20,"[2000, 2001, 2002, 2003, 2004, 2005, 2006, 2007, 2008, 2009, 2010, 2011, 2012, 2013, 2014, 2015, 2016, 2017, 2018, 2019]"
48,False,True,1e-05,1e-05,200,"(0.3, 0.3, 0.4)",48,20,0,0,2.1,100.8,5.8759999999999994,0.1,[-8.1107],[None],20,"[2000, 2001, 2002, 2003, 2004, 2005, 2006, 2007, 2008, 2009, 2010, 2011, 2012, 2013, 2014, 2015, 2016, 2017, 2018, 2019]"
48,False,True,1e-05,1e-05,200,"(0.3, 0.3, 0.4)",48,20,2,0,2.05,98.4,5.657500000000001,0.2,[-8.1107],[None],20,"[2000, 2001, 2002, 2003, 2004, 2005, 2006, 2007, 2008, 2009, 2010, 2011, 2012, 2013, 2014, 2015, 2016, 2017, 2018, 2019]"
48,False,True,1e-05,1e-05,200,"(0.3, 0.3, 0.4)",48,20,4,0,2.0,96.0,5.4725,0.15,[-8.1107],[None],20,"[2000, 2001, 2002, 2003, 2004, 2005, 2006, 2007, 2008, 2009, 2010, 2011, 2012, 2013, 2014, 2015, 2016, 2017, 2018, 2019]"
48,False,True,1e-05,1e-05,200,"(0.4, 0.3, 0.3)",0,20,0,0,1.95,93.6,8.3575,0.1,[-8.1107],[None],20,"[2000, 2001, 2002, 2003, 2004, 2005, 2006, 2007, 2008, 2009, 2010, 2011, 2012, 2013, 2014, 2015, 2016, 2017, 2018, 2019]"
48,False,True,1e-05,1e-05,200,"(0.4, 0.3, 0.3)",48,20,0,0,1.95,93.6,5.3935,0.1,[-8.1107],[None],20,"[2000, 2001, 2002, 2003, 2004, 2005, 2006, 2007, 2008, 2009, 2010, 2011, 2012, 2013, 2014, 2015, 2016, 2017, 2018, 2019]"
48,False,True,1e-05,1e-05,200,"(0.5, 0.2, 0.3)",0,20,0,0,1.85,88.8,4.9495000000000005,0.1,[-8.1107],[None],20,"[2000, 2001, 2002, 2003, 2004, 2005, 2006, 2007, 2008, 2009, 2010, 2011, 2012, 2013, 2014, 2015, 2016, 2017, 2018, 2019]"
48,False,True,1e-05,1e-05,200,"(0.5, 0.2, 0.3)",0,20,2,0,1.95,93.6,5.3175,0.1,[-8.1107],[None],20,"[2000, 2001, 2002, 2003, 2004, 2005, 2006, 2007, 2008, 2009, 2010, 2011, 2012, 2013, 2014, 2015, 2016, 2017, 2018, 2019]"
48,False,True,1e-05,1e-05,200,"(0.5, 0.2, 0.3)",0,20,4,0,1.9,91.2,5.142,0.05,[-8.1107],[None],20,"[2000, 2001, 2002, 2003, 2004, 2005, 2006, 2007, 2008, 2009, 2010, 2011, 2012, 2013, 2014, 2015, 2016, 2017, 2018, 2019]"
48,False,True,1e-05,1e-05,200,"(0.5, 0.2, 0.3)",48,20,0,0,1.85,88.8,5.1805,0.1,[-8.1107],[None],20,"[2000, 2001, 2002, 2003, 2004, 2005, 2006, 2007, 2008, 2009, 2010, 2011, 2012, 2013, 2014, 2015, 2016, 2017, 2018, 2019]"
48,False,True,1e-05,1e-05,200,"(0.5, 0.2, 0.3)",48,20,2,0,1.95,93.6,5.364,0.1,[-8.1107],[None],20,"[2000, 2001, 2002, 2003, 2004, 2005, 2006, 2007, 2008, 2009, 2010, 2011, 2012, 2013, 2014, 2015, 2016, 2017, 2018, 2019]"
48,False,True,1e-05,1e-05,200,"(0.5, 0.2, 0.3)",48,20,4,0,1.9,91.2,5.2335,0.05,[-8.1107],[None],20,"[2000, 2001, 2002, 2003, 2004, 2005, 2006, 2007, 2008, 2009, 2010, 2011, 2012, 2013, 2014, 2015, 2016, 2017, 2018, 2019]"
48,False,True,1e-05,1e-05,200,"(0.6, 0.1, 0.3)",0,20,0,0,2.0,96.0,5.5305,0.1,[-8.1107],[None],20,"[2000, 2001, 2002, 2003, 2004, 2005, 2006, 2007, 2008, 2009, 2010, 2011, 2012, 2013, 2014, 2015, 2016, 2017, 2018, 2019]"
48,False,True,1e-05,1e-05,200,"(0.6, 0.1, 0.3)",0,20,2,0,1.85,88.8,5.0875,0.15,[-8.1107],[None],20,"[2000, 2001, 2002, 2003, 2004, 2005, 2006, 2007, 2008, 2009, 2010, 2011, 2012, 2013, 2014, 2015, 2016, 2017, 2018, 2019]"
48,False,True,1e-05,1e-05,200,"(0.6, 0.1, 0.3)",0,20,4,0,1.75,84.0,4.879,0.1,[-8.1107],[None],20,"[2000, 2001, 2002, 2003, 2004, 2005, 2006, 2007, 2008, 2009, 2010, 2011, 2012, 2013, 2014, 2015, 2016, 2017, 2018, 2019]"
48,False,True,1e-05,1e-05,200,"(0.6, 0.1, 0.3)",48,20,0,0,2.0,96.0,5.68,0.1,[-8.1107],[None],20,"[2000, 2001, 2002, 2003, 2004, 2005, 2006, 2007, 2008, 2009, 2010, 2011, 2012, 2013, 2014, 2015, 2016, 2017, 2018, 2019]"
48,False,True,1e-05,1e-05,200,"(0.6, 0.1, 0.3)",48,20,2,0,1.85,88.8,5.1845,0.15,[-8.1107],[None],20,"[2000, 2001, 2002, 2003, 2004, 2005, 2006, 2007, 2008, 2009, 2010, 2011, 2012, 2013, 2014, 2015, 2016, 2017, 2018, 2019]"
48,False,True,1e-05,1e-05,200,"(0.6, 0.1, 0.3)",48,20,4,0,1.75,84.0,4.868,0.1,[-8.1107],[None],20,"[2000, 2001, 2002, 2003, 2004, 2005, 2006, 2007, 2008, 2009, 2010, 2011, 2012, 2013, 2014, 2015, 2016, 2017, 2018, 2019]"
48,False,True,1e-05,1e-05,200,"(0.7, 0.0, 0.3)",0,20,2,0,1.9,91.2,5.1955,0.1,[-8.1107],[None],20,"[2000, 2001, 2002, 2003, 2004, 2005, 2006, 2007, 2008, 2009, 2010, 2011, 2012, 2013, 2014, 2015, 2016, 2017, 2018, 2019]"
48,False,True,1e-05,1e-05,200,"(0.7, 0.0, 0.3)",0,20,4,0,1.75,84.0,4.769,0.05,[-8.1107],[None],20,"[2000, 2001, 2002, 2003, 2004, 2005, 2006, 2007, 2008, 2009, 2010, 2011, 2012, 2013, 2014, 2015, 2016, 2017, 2018, 2019]"
48,False,True,1e-05,1e-05,200,"(0.7, 0.3, 0.0)",0,20,0,0,1.95,93.6,5.294,0.05,[-8.1107],[None],20,"[2000, 2001, 2002, 2003, 2004, 2005, 2006, 2007, 2008, 2009, 2010, 2011, 2012, 2013, 2014, 2015, 2016, 2017, 2018, 2019]"
48,False,True,1e-05,1e-05,200,"(0.7, 0.3, 0.0)",0,20,2,0,2.0,96.0,5.4585,0.05,[-8.1107],[None],20,"[2000, 2001, 2002, 2003, 2004, 2005, 2006, 2007, 2008, 2009, 2010, 2011, 2012, 2013, 2014, 2015, 2016, 2017, 2018, 2019]"
48,False,True,1e-05,1e-05,200,"(0.7, 0.3, 0.0)",0,20,4,0,2.15,103.2,6.1354999999999995,0.1,[-8.1107],[None],20,"[2000, 2001, 2002, 2003, 2004, 2005, 2006, 2007, 2008, 2009, 2010, 2011, 2012, 2013, 2014, 2015, 2016, 2017, 2018, 2019]"
48,False,True,1e-05,1e-05,200,"(0.7, 0.3, 0.0)",48,20,0,0,1.95,93.6,5.5055,0.05,[-8.1107],[None],20,"[2000, 2001, 2002, 2003, 2004, 2005, 2006, 2007, 2008, 2009, 2010, 2011, 2012, 2013, 2014, 2015, 2016, 2017, 2018, 2019]"
48,False,True,1e-05,1e-05,200,"(0.7, 0.3, 0.0)",48,20,2,0,2.0,96.0,5.6755,0.05,[-8.1107],[None],20,"[2000, 2001, 2002, 2003, 2004, 2005, 2006, 2007, 2008, 2009, 2010, 2011, 2012, 2013, 2014, 2015, 2016, 2017, 2018, 2019]"
48,False,True,1e-05,1e-05,200,"(0.7, 0.3, 0.0)",48,20,4,0,2.15,103.2,6.0865,0.1,[-8.1107],[None],20,"[2000, 2001, 2002, 2003, 2004, 2005, 2006, 2007, 2008, 2009, 2010, 2011, 2012, 2013, 2014, 2015, 2016, 2017, 2018, 2019]"
48,False,True,1e-05,0.0001,0,"(0.3, 0.3, 0.4)",0,20,0,0,2.05,98.4,5.741,0.3,[0.398],[None],20,"[2000, 2001, 2002, 2003, 2004, 2005, 2006, 2007, 2008, 2009, 2010, 2011, 2012, 2013, 2014, 2015, 2016, 2017, 2018, 2019]"
48,False,True,1e-05,0.0001,0,"(0.3, 0.3, 0.4)",0,20,2,0,2.3,110.4,6.4305,0.3,[0.398],[None],20,"[2000, 2001, 2002, 2003, 2004, 2005, 2006, 2007, 2008, 2009, 2010, 2011, 2012, 2013, 2014, 2015, 2016, 2017, 2018, 2019]"
48,False,True,1e-05,0.0001,0,"(0.3, 0.3, 0.4)",0,20,4,0,2.5,120.0,7.1785,0.15,[0.398],[None],20,"[2000, 2001, 2002, 2003, 2004, 2005, 2006, 2007, 2008, 2009, 2010, 2011, 2012, 2013, 2014, 2015, 2016, 2017, 2018, 2019]"
48,False,True,1e-05,0.0001,0,"(0.3, 0.3, 0.4)",48,20,0,0,2.05,98.4,5.5625,0.3,[0.398],[None],20,"[2000, 2001, 2002, 2003, 2004, 2005, 2006, 2007, 2008, 2009, 2010, 2011, 2012, 2013, 2014, 2015, 2016, 2017, 2018, 2019]"
48,False,True,1e-05,0.0001,0,"(0.3, 0.3, 0.4)",48,20,2,0,2.3,110.4,6.496,0.3,[0.398],[None],20,"[2000, 2001, 2002, 2003, 2004, 2005, 2006, 2007, 2008, 2009, 2010, 2011, 2012, 2013, 2014, 2015, 2016, 2017, 2018, 2019]"
48,False,True,1e-05,0.0001,0,"(0.3, 0.3, 0.4)",48,20,4,0,2.5,120.0,7.237,0.15,[0.398],[None],20,"[2000, 2001, 2002, 2003, 2004, 2005, 2006, 2007, 2008, 2009, 2010, 2011, 2012, 2013, 2014, 2015, 2016, 2017, 2018, 2019]"
48,False,True,1e-05,0.0001,0,"(0.4, 0.3, 0.3)",0,20,0,0,2.2,105.6,6.212,0.15,[0.398],[None],20,"[2000, 2001, 2002, 2003, 2004, 2005, 2006, 2007, 2008, 2009, 2010, 2011, 2012, 2013, 2014, 2015, 2016, 2017, 2018, 2019]"
48,False,True,1e-05,0.0001,0,"(0.4, 0.3, 0.3)",0,20,2,0,2.15,103.2,5.9775,0.1,[0.398],[None],20,"[2000, 2001, 2002, 2003, 2004, 2005, 2006, 2007, 2008, 2009, 2010, 2011, 2012, 2013, 2014, 2015, 2016, 2017, 2018, 2019]"
48,False,True,1e-05,0.0001,0,"(0.4, 0.3, 0.3)",0,20,4,0,2.25,108.0,6.2165,0.15,[0.398],[None],20,"[2000, 2001, 2002, 2003, 2004, 2005, 2006, 2007, 2008, 2009, 2010, 2011, 2012, 2013, 2014, 2015, 2016, 2017, 2018, 2019]"
48,False,True,1e-05,0.0001,0,"(0.4, 0.3, 0.3)",48,20,0,0,2.2,105.6,6.1645,0.15,[0.398],[None],20,"[2000, 2001, 2002, 2003, 2004, 2005, 2006, 2007, 2008, 2009, 2010, 2011, 2012, 2013, 2014, 2015, 2016, 2017, 2018, 2019]"
48,False,True,1e-05,0.0001,0,"(0.4, 0.3, 0.3)",48,20,2,0,2.15,103.2,6.01,0.1,[0.398],[None],20,"[2000, 2001, 2002, 2003, 2004, 2005, 2006, 2007, 2008, 2009, 2010, 2011, 2012, 2013, 2014, 2015, 2016, 2017, 2018, 2019]"
48,False,True,1e-05,0.0001,0,"(0.4, 0.3, 0.3)",48,20,4,0,2.25,108.0,6.3095,0.15,[0.398],[None],20,"[2000, 2001, 2002, 2003, 2004, 2005, 2006, 2007, 2008, 2009, 2010, 2011, 2012, 2013, 2014, 2015, 2016, 2017, 2018, 2019]"
48,False,True,1e-05,0.0001,0,"(0.5, 0.2, 0.3)",0,20,0,0,2.1,100.8,5.96,0.2,[0.398],[None],20,"[2000, 2001, 2002, 2003, 2004, 2005, 2006, 2007, 2008, 2009, 2010, 2011, 2012, 2013, 2014, 2015, 2016, 2017, 2018, 2019]"
48,False,True,1e-05,0.0001,0,"(0.5, 0.2, 0.3)",0,20,2,0,2.2,105.6,6.4334999999999996,0.15,[0.398],[None],20,"[2000, 2001, 2002, 2003, 2004, 2005, 2006, 2007, 2008, 2009, 2010, 2011, 2012, 2013, 2014, 2015, 2016, 2017, 2018, 2019]"
48,False,True,1e-05,0.0001,0,"(0.5, 0.2, 0.3)",0,20,4,0,2.2,105.6,6.11,0.1,[0.398],[None],20,"[2000, 2001, 2002, 2003, 2004, 2005, 2006, 2007, 2008, 2009, 2010, 2011, 2012, 2013, 2014, 2015, 2016, 2017, 2018, 2019]"
48,False,True,1e-05,0.0001,0,"(0.5, 0.2, 0.3)",48,20,0,0,2.1,100.8,6.224,0.2,[0.398],[None],20,"[2000, 2001, 2002, 2003, 2004, 2005, 2006, 2007, 2008, 2009, 2010, 2011, 2012, 2013, 2014, 2015, 2016, 2017, 2018, 2019]"
48,False,True,1e-05,0.0001,0,"(0.5, 0.2, 0.3)",48,20,2,0,2.2,105.6,6.3605,0.15,[0.398],[None],20,"[2000, 2001, 2002, 2003, 2004, 2005, 2006, 2007, 2008, 2009, 2010, 2011, 2012, 2013, 2014, 2015, 2016, 2017, 2018, 2019]"
48,False,True,1e-05,0.0001,0,"(0.5, 0.2, 0.3)",48,20,4,0,2.2,105.6,6.1305,0.1,[0.398],[None],20,"[2000, 2001, 2002, 2003, 2004, 2005, 2006, 2007, 2008, 2009, 2010, 2011, 2012, 2013, 2014, 2015, 2016, 2017, 2018, 2019]"
48,False,True,1e-05,0.0001,0,"(0.6, 0.1, 0.3)",0,20,0,0,2.15,103.2,6.0355,0.15,[0.398],[None],20,"[2000, 2001, 2002, 2003, 2004, 2005, 2006, 2007, 2008, 2009, 2010, 2011, 2012, 2013, 2014, 2015, 2016, 2017, 2018, 2019]"
48,False,True,1e-05,0.0001,0,"(0.6, 0.1, 0.3)",0,20,2,0,2.2,105.6,6.2155000000000005,0.1,[0.398],[None],20,"[2000, 2001, 2002, 2003, 2004, 2005, 2006, 2007, 2008, 2009, 2010, 2011, 2012, 2013, 2014, 2015, 2016, 2017, 2018, 2019]"
48,False,True,1e-05,0.0001,0,"(0.6, 0.1, 0.3)",0,20,4,0,2.1,100.8,5.943,0.15,[0.398],[None],20,"[2000, 2001, 2002, 2003, 2004, 2005, 2006, 2007, 2008, 2009, 2010, 2011, 2012, 2013, 2014, 2015, 2016, 2017, 2018, 2019]"
48,False,True,1e-05,0.0001,0,"(0.6, 0.1, 0.3)",48,20,0,0,2.15,103.2,5.9945,0.15,[0.398],[None],20,"[2000, 2001, 2002, 2003, 2004, 2005, 2006, 2007, 2008, 2009, 2010, 2011, 2012, 2013, 2014, 2015, 2016, 2017, 2018, 2019]"
48,False,True,1e-05,0.0001,0,"(0.6, 0.1, 0.3)",48,20,2,0,2.2,105.6,6.1915,0.1,[0.398],[None],20,"[2000, 2001, 2002, 2003, 2004, 2005, 2006, 2007, 2008, 2009, 2010, 2011, 2012, 2013, 2014, 2015, 2016, 2017, 2018, 2019]"
48,False,True,1e-05,0.0001,0,"(0.6, 0.1, 0.3)",48,20,4,0,2.1,100.8,5.7705,0.15,[0.398],[None],20,"[2000, 2001, 2002, 2003, 2004, 2005, 2006, 2007, 2008, 2009, 2010, 2011, 2012, 2013, 2014, 2015, 2016, 2017, 2018, 2019]"
48,False,True,1e-05,0.0001,0,"(0.7, 0.0, 0.3)",0,20,2,0,2.25,108.0,6.42,0.1,[0.398],[None],20,"[2000, 2001, 2002, 2003, 2004, 2005, 2006, 2007, 2008, 2009, 2010, 2011, 2012, 2013, 2014, 2015, 2016, 2017, 2018, 2019]"
48,False,True,1e-05,0.0001,0,"(0.7, 0.0, 0.3)",0,20,4,0,2.35,112.8,6.656499999999999,0.15,[0.398],[None],20,"[2000, 2001, 2002, 2003, 2004, 2005, 2006, 2007, 2008, 2009, 2010, 2011, 2012, 2013, 2014, 2015, 2016, 2017, 2018, 2019]"
48,False,True,1e-05,0.0001,0,"(0.7, 0.3, 0.0)",0,20,0,0,2.75,132.0,7.7505,0.15,[0.398],[None],20,"[2000, 2001, 2002, 2003, 2004, 2005, 2006, 2007, 2008, 2009, 2010, 2011, 2012, 2013, 2014, 2015, 2016, 2017, 2018, 2019]"
48,False,True,1e-05,0.0001,0,"(0.7, 0.3, 0.0)",0,20,2,0,3.1,148.8,8.9875,0.15,[0.398],[None],20,"[2000, 2001, 2002, 2003, 2004, 2005, 2006, 2007, 2008, 2009, 2010, 2011, 2012, 2013, 2014, 2015, 2016, 2017, 2018, 2019]"
48,False,True,1e-05,0.0001,0,"(0.7, 0.3, 0.0)",0,20,4,0,3.15,151.2,9.4145,0.1,[0.398],[None],20,"[2000, 2001, 2002, 2003, 2004, 2005, 2006, 2007, 2008, 2009, 2010, 2011, 2012, 2013, 2014, 2015, 2016, 2017, 2018, 2019]"
48,False,True,1e-05,0.0001,0,"(0.7, 0.3, 0.0)",48,20,0,0,2.75,132.0,7.772,0.15,[0.398],[None],20,"[2000, 2001, 2002, 2003, 2004, 2005, 2006, 2007, 2008, 2009, 2010, 2011, 2012, 2013, 2014, 2015, 2016, 2017, 2018, 2019]"
48,False,True,1e-05,0.0001,0,"(0.7, 0.3, 0.0)",48,20,2,0,3.1,148.8,9.01,0.15,[0.398],[None],20,"[2000, 2001, 2002, 2003, 2004, 2005, 2006, 2007, 2008, 2009, 2010, 2011, 2012, 2013, 2014, 2015, 2016, 2017, 2018, 2019]"
48,False,True,1e-05,0.0001,0,"(0.7, 0.3, 0.0)",48,20,4,0,3.15,151.2,9.2735,0.1,[0.398],[None],20,"[2000, 2001, 2002, 2003, 2004, 2005, 2006, 2007, 2008, 2009, 2010, 2011, 2012, 2013, 2014, 2015, 2016, 2017, 2018, 2019]"
48,False,True,1e-05,0.0001,100,"(0.3, 0.3, 0.4)",0,20,0,0,2.25,108.0,6.233,0.2,[0.3918],[None],20,"[2000, 2001, 2002, 2003, 2004, 2005, 2006, 2007, 2008, 2009, 2010, 2011, 2012, 2013, 2014, 2015, 2016, 2017, 2018, 2019]"
48,False,True,1e-05,0.0001,100,"(0.3, 0.3, 0.4)",0,20,2,0,2.4,115.2,6.7155000000000005,0.3,[0.3918],[None],20,"[2000, 2001, 2002, 2003, 2004, 2005, 2006, 2007, 2008, 2009, 2010, 2011, 2012, 2013, 2014, 2015, 2016, 2017, 2018, 2019]"
48,False,True,1e-05,0.0001,100,"(0.3, 0.3, 0.4)",0,20,4,0,2.3,110.4,6.508,0.15,[0.3918],[None],20,"[2000, 2001, 2002, 2003, 2004, 2005, 2006, 2007, 2008, 2009, 2010, 2011, 2012, 2013, 2014, 2015, 2016, 2017, 2018, 2019]"
48,False,True,1e-05,0.0001,100,"(0.3, 0.3, 0.4)",48,20,0,0,2.25,108.0,6.306,0.2,[0.3918],[None],20,"[2000, 2001, 2002, 2003, 2004, 2005, 2006, 2007, 2008, 2009, 2010, 2011, 2012, 2013, 2014, 2015, 2016, 2017, 2018, 2019]"
48,False,True,1e-05,0.0001,100,"(0.3, 0.3, 0.4)",48,20,2,0,2.4,115.2,6.743,0.3,[0.3918],[None],20,"[2000, 2001, 2002, 2003, 2004, 2005, 2006, 2007, 2008, 2009, 2010, 2011, 2012, 2013, 2014, 2015, 2016, 2017, 2018, 2019]"
48,False,True,1e-05,0.0001,100,"(0.3, 0.3, 0.4)",48,20,4,0,2.3,110.4,6.394,0.15,[0.3918],[None],20,"[2000, 2001, 2002, 2003, 2004, 2005, 2006, 2007, 2008, 2009, 2010, 2011, 2012, 2013, 2014, 2015, 2016, 2017, 2018, 2019]"
48,False,True,1e-05,0.0001,100,"(0.4, 0.3, 0.3)",0,20,0,0,2.3,110.4,6.4465,0.15,[0.3918],[None],20,"[2000, 2001, 2002, 2003, 2004, 2005, 2006, 2007, 2008, 2009, 2010, 2011, 2012, 2013, 2014, 2015, 2016, 2017, 2018, 2019]"
48,False,True,1e-05,0.0001,100,"(0.4, 0.3, 0.3)",48,20,0,0,2.3,110.4,6.462000000000001,0.15,[0.3918],[None],20,"[2000, 2001, 2002, 2003, 2004, 2005, 2006, 2007, 2008, 2009, 2010, 2011, 2012, 2013, 2014, 2015, 2016, 2017, 2018, 2019]"
48,False,True,1e-05,0.0001,100,"(0.5, 0.2, 0.3)",0,20,0,0,2.05,98.4,5.6505,0.2,[0.3918],[None],20,"[2000, 2001, 2002, 2003, 2004, 2005, 2006, 2007, 2008, 2009, 2010, 2011, 2012, 2013, 2014, 2015, 2016, 2017, 2018, 2019]"
48,False,True,1e-05,0.0001,100,"(0.5, 0.2, 0.3)",0,20,2,0,2.15,103.2,6.2170000000000005,0.1,[0.3918],[None],20,"[2000, 2001, 2002, 2003, 2004, 2005, 2006, 2007, 2008, 2009, 2010, 2011, 2012, 2013, 2014, 2015, 2016, 2017, 2018, 2019]"
48,False,True,1e-05,0.0001,100,"(0.5, 0.2, 0.3)",0,20,4,0,2.0,96.0,5.503500000000001,0.05,[0.3918],[None],20,"[2000, 2001, 2002, 2003, 2004, 2005, 2006, 2007, 2008, 2009, 2010, 2011, 2012, 2013, 2014, 2015, 2016, 2017, 2018, 2019]"
48,False,True,1e-05,0.0001,100,"(0.5, 0.2, 0.3)",48,20,0,0,2.05,98.4,5.7995,0.2,[0.3918],[None],20,"[2000, 2001, 2002, 2003, 2004, 2005, 2006, 2007, 2008, 2009, 2010, 2011, 2012, 2013, 2014, 2015, 2016, 2017, 2018, 2019]"
48,False,True,1e-05,0.0001,100,"(0.5, 0.2, 0.3)",48,20,2,0,2.15,103.2,6.314500000000001,0.1,[0.3918],[None],20,"[2000, 2001, 2002, 2003, 2004, 2005, 2006, 2007, 2008, 2009, 2010, 2011, 2012, 2013, 2014, 2015, 2016, 2017, 2018, 2019]"
48,False,True,1e-05,0.0001,100,"(0.5, 0.2, 0.3)",48,20,4,0,2.0,96.0,5.5525,0.05,[0.3918],[None],20,"[2000, 2001, 2002, 2003, 2004, 2005, 2006, 2007, 2008, 2009, 2010, 2011, 2012, 2013, 2014, 2015, 2016, 2017, 2018, 2019]"
48,False,True,1e-05,0.0001,100,"(0.6, 0.1, 0.3)",0,20,0,0,1.95,93.6,5.514,0.15,[0.3918],[None],20,"[2000, 2001, 2002, 2003, 2004, 2005, 2006, 2007, 2008, 2009, 2010, 2011, 2012, 2013, 2014, 2015, 2016, 2017, 2018, 2019]"
48,False,True,1e-05,0.0001,100,"(0.6, 0.1, 0.3)",0,20,2,0,2.0,96.0,5.646,0.1,[0.3918],[None],20,"[2000, 2001, 2002, 2003, 2004, 2005, 2006, 2007, 2008, 2009, 2010, 2011, 2012, 2013, 2014, 2015, 2016, 2017, 2018, 2019]"
48,False,True,1e-05,0.0001,100,"(0.6, 0.1, 0.3)",0,20,4,0,2.25,108.0,6.452,0.15,[0.3918],[None],20,"[2000, 2001, 2002, 2003, 2004, 2005, 2006, 2007, 2008, 2009, 2010, 2011, 2012, 2013, 2014, 2015, 2016, 2017, 2018, 2019]"
48,False,True,1e-05,0.0001,100,"(0.6, 0.1, 0.3)",48,20,0,0,1.95,93.6,5.3045,0.15,[0.3918],[None],20,"[2000, 2001, 2002, 2003, 2004, 2005, 2006, 2007, 2008, 2009, 2010, 2011, 2012, 2013, 2014, 2015, 2016, 2017, 2018, 2019]"
48,False,True,1e-05,0.0001,100,"(0.6, 0.1, 0.3)",48,20,2,0,2.0,96.0,5.476,0.1,[0.3918],[None],20,"[2000, 2001, 2002, 2003, 2004, 2005, 2006, 2007, 2008, 2009, 2010, 2011, 2012, 2013, 2014, 2015, 2016, 2017, 2018, 2019]"
48,False,True,1e-05,0.0001,100,"(0.6, 0.1, 0.3)",48,20,4,0,2.25,108.0,6.3525,0.15,[0.3918],[None],20,"[2000, 2001, 2002, 2003, 2004, 2005, 2006, 2007, 2008, 2009, 2010, 2011, 2012, 2013, 2014, 2015, 2016, 2017, 2018, 2019]"
48,False,True,1e-05,0.0001,100,"(0.7, 0.0, 0.3)",0,20,2,0,2.25,108.0,6.3785,0.1,[0.3918],[None],20,"[2000, 2001, 2002, 2003, 2004, 2005, 2006, 2007, 2008, 2009, 2010, 2011, 2012, 2013, 2014, 2015, 2016, 2017, 2018, 2019]"
48,False,True,1e-05,0.0001,100,"(0.7, 0.0, 0.3)",0,20,4,0,2.3,110.4,6.4935,0.1,[0.3918],[None],20,"[2000, 2001, 2002, 2003, 2004, 2005, 2006, 2007, 2008, 2009, 2010, 2011, 2012, 2013, 2014, 2015, 2016, 2017, 2018, 2019]"
48,False,True,1e-05,0.0001,100,"(0.7, 0.3, 0.0)",0,20,0,0,2.6,124.8,7.356,0.1,[0.3918],[None],20,"[2000, 2001, 2002, 2003, 2004, 2005, 2006, 2007, 2008, 2009, 2010, 2011, 2012, 2013, 2014, 2015, 2016, 2017, 2018, 2019]"
48,False,True,1e-05,0.0001,100,"(0.7, 0.3, 0.0)",0,20,2,0,2.65,127.2,7.4254999999999995,0.1,[0.3918],[None],20,"[2000, 2001, 2002, 2003, 2004, 2005, 2006, 2007, 2008, 2009, 2010, 2011, 2012, 2013, 2014, 2015, 2016, 2017, 2018, 2019]"
48,False,True,1e-05,0.0001,100,"(0.7, 0.3, 0.0)",0,20,4,0,2.8,134.4,8.229,0.1,[0.3918],[None],20,"[2000, 2001, 2002, 2003, 2004, 2005, 2006, 2007, 2008, 2009, 2010, 2011, 2012, 2013, 2014, 2015, 2016, 2017, 2018, 2019]"
48,False,True,1e-05,0.0001,100,"(0.7, 0.3, 0.0)",48,20,0,0,2.6,124.8,7.3454999999999995,0.1,[0.3918],[None],20,"[2000, 2001, 2002, 2003, 2004, 2005, 2006, 2007, 2008, 2009, 2010, 2011, 2012, 2013, 2014, 2015, 2016, 2017, 2018, 2019]"
48,False,True,1e-05,0.0001,100,"(0.7, 0.3, 0.0)",48,20,2,0,2.65,127.2,7.602499999999999,0.1,[0.3918],[None],20,"[2000, 2001, 2002, 2003, 2004, 2005, 2006, 2007, 2008, 2009, 2010, 2011, 2012, 2013, 2014, 2015, 2016, 2017, 2018, 2019]"
48,False,True,1e-05,0.0001,100,"(0.7, 0.3, 0.0)",48,20,4,0,2.8,134.4,8.2255,0.1,[0.3918],[None],20,"[2000, 2001, 2002, 2003, 2004, 2005, 2006, 2007, 2008, 2009, 2010, 2011, 2012, 2013, 2014, 2015, 2016, 2017, 2018, 2019]"
48,False,True,1e-05,0.0001,200,"(0.3, 0.3, 0.4)",0,20,0,0,2.15,103.2,6.0155,0.25,[0.3802],[None],20,"[2000, 2001, 2002, 2003, 2004, 2005, 2006, 2007, 2008, 2009, 2010, 2011, 2012, 2013, 2014, 2015, 2016, 2017, 2018, 2019]"
48,False,True,1e-05,0.0001,200,"(0.3, 0.3, 0.4)",0,20,2,0,2.15,103.2,5.978,0.2,[0.3802],[None],20,"[2000, 2001, 2002, 2003, 2004, 2005, 2006, 2007, 2008, 2009, 2010, 2011, 2012, 2013, 2014, 2015, 2016, 2017, 2018, 2019]"
48,False,True,1e-05,0.0001,200,"(0.3, 0.3, 0.4)",0,20,4,0,2.2,105.6,6.210500000000001,0.15,[0.3802],[None],20,"[2000, 2001, 2002, 2003, 2004, 2005, 2006, 2007, 2008, 2009, 2010, 2011, 2012, 2013, 2014, 2015, 2016, 2017, 2018, 2019]"
48,False,True,1e-05,0.0001,200,"(0.3, 0.3, 0.4)",48,20,0,0,2.15,103.2,6.1305,0.25,[0.3802],[None],20,"[2000, 2001, 2002, 2003, 2004, 2005, 2006, 2007, 2008, 2009, 2010, 2011, 2012, 2013, 2014, 2015, 2016, 2017, 2018, 2019]"
48,False,True,1e-05,0.0001,200,"(0.3, 0.3, 0.4)",48,20,2,0,2.15,103.2,6.007499999999999,0.2,[0.3802],[None],20,"[2000, 2001, 2002, 2003, 2004, 2005, 2006, 2007, 2008, 2009, 2010, 2011, 2012, 2013, 2014, 2015, 2016, 2017, 2018, 2019]"
48,False,True,1e-05,0.0001,200,"(0.3, 0.3, 0.4)",48,20,4,0,2.2,105.6,6.124499999999999,0.15,[0.3802],[None],20,"[2000, 2001, 2002, 2003, 2004, 2005, 2006, 2007, 2008, 2009, 2010, 2011, 2012, 2013, 2014, 2015, 2016, 2017, 2018, 2019]"
48,False,True,1e-05,0.0001,200,"(0.4, 0.3, 0.3)",0,20,0,0,2.15,103.2,6.791500000000001,0.25,[0.3802],[None],20,"[2000, 2001, 2002, 2003, 2004, 2005, 2006, 2007, 2008, 2009, 2010, 2011, 2012, 2013, 2014, 2015, 2016, 2017, 2018, 2019]"
48,False,True,1e-05,0.0001,200,"(0.4, 0.3, 0.3)",48,20,0,0,2.15,103.2,5.967499999999999,0.25,[0.3802],[None],20,"[2000, 2001, 2002, 2003, 2004, 2005, 2006, 2007, 2008, 2009, 2010, 2011, 2012, 2013, 2014, 2015, 2016, 2017, 2018, 2019]"
48,False,True,1e-05,0.0001,200,"(0.5, 0.2, 0.3)",0,20,0,0,2.0,96.0,5.598000000000001,0.1,[0.3802],[None],20,"[2000, 2001, 2002, 2003, 2004, 2005, 2006, 2007, 2008, 2009, 2010, 2011, 2012, 2013, 2014, 2015, 2016, 2017, 2018, 2019]"
48,False,True,1e-05,0.0001,200,"(0.5, 0.2, 0.3)",0,20,2,0,1.95,93.6,5.6455,0.15,[0.3802],[None],20,"[2000, 2001, 2002, 2003, 2004, 2005, 2006, 2007, 2008, 2009, 2010, 2011, 2012, 2013, 2014, 2015, 2016, 2017, 2018, 2019]"
48,False,True,1e-05,0.0001,200,"(0.5, 0.2, 0.3)",0,20,4,0,1.8,86.4,4.9085,0.1,[0.3802],[None],20,"[2000, 2001, 2002, 2003, 2004, 2005, 2006, 2007, 2008, 2009, 2010, 2011, 2012, 2013, 2014, 2015, 2016, 2017, 2018, 2019]"
48,False,True,1e-05,0.0001,200,"(0.5, 0.2, 0.3)",48,20,0,0,2.0,96.0,6.2,0.1,[0.3802],[None],20,"[2000, 2001, 2002, 2003, 2004, 2005, 2006, 2007, 2008, 2009, 2010, 2011, 2012, 2013, 2014, 2015, 2016, 2017, 2018, 2019]"
48,False,True,1e-05,0.0001,200,"(0.5, 0.2, 0.3)",48,20,2,0,1.95,93.6,5.406000000000001,0.15,[0.3802],[None],20,"[2000, 2001, 2002, 2003, 2004, 2005, 2006, 2007, 2008, 2009, 2010, 2011, 2012, 2013, 2014, 2015, 2016, 2017, 2018, 2019]"
48,False,True,1e-05,0.0001,200,"(0.5, 0.2, 0.3)",48,20,4,0,1.8,86.4,4.971,0.1,[0.3802],[None],20,"[2000, 2001, 2002, 2003, 2004, 2005, 2006, 2007, 2008, 2009, 2010, 2011, 2012, 2013, 2014, 2015, 2016, 2017, 2018, 2019]"
48,False,True,1e-05,0.0001,200,"(0.6, 0.1, 0.3)",0,20,0,0,2.3,110.4,6.632000000000001,0.15,[0.3802],[None],20,"[2000, 2001, 2002, 2003, 2004, 2005, 2006, 2007, 2008, 2009, 2010, 2011, 2012, 2013, 2014, 2015, 2016, 2017, 2018, 2019]"
48,False,True,1e-05,0.0001,200,"(0.6, 0.1, 0.3)",0,20,2,0,2.25,108.0,6.443,0.15,[0.3802],[None],20,"[2000, 2001, 2002, 2003, 2004, 2005, 2006, 2007, 2008, 2009, 2010, 2011, 2012, 2013, 2014, 2015, 2016, 2017, 2018, 2019]"
48,False,True,1e-05,0.0001,200,"(0.6, 0.1, 0.3)",0,20,4,0,2.05,98.4,5.819000000000001,0.1,[0.3802],[None],20,"[2000, 2001, 2002, 2003, 2004, 2005, 2006, 2007, 2008, 2009, 2010, 2011, 2012, 2013, 2014, 2015, 2016, 2017, 2018, 2019]"
48,False,True,1e-05,0.0001,200,"(0.6, 0.1, 0.3)",48,20,0,0,2.3,110.4,6.554,0.15,[0.3802],[None],20,"[2000, 2001, 2002, 2003, 2004, 2005, 2006, 2007, 2008, 2009, 2010, 2011, 2012, 2013, 2014, 2015, 2016, 2017, 2018, 2019]"
48,False,True,1e-05,0.0001,200,"(0.6, 0.1, 0.3)",48,20,2,0,2.25,108.0,6.4254999999999995,0.15,[0.3802],[None],20,"[2000, 2001, 2002, 2003, 2004, 2005, 2006, 2007, 2008, 2009, 2010, 2011, 2012, 2013, 2014, 2015, 2016, 2017, 2018, 2019]"
48,False,True,1e-05,0.0001,200,"(0.6, 0.1, 0.3)",48,20,4,0,2.05,98.4,5.754,0.1,[0.3802],[None],20,"[2000, 2001, 2002, 2003, 2004, 2005, 2006, 2007, 2008, 2009, 2010, 2011, 2012, 2013, 2014, 2015, 2016, 2017, 2018, 2019]"
48,False,True,1e-05,0.0001,200,"(0.7, 0.0, 0.3)",0,20,2,0,2.1,100.8,5.857,0.2,[0.3802],[None],20,"[2000, 2001, 2002, 2003, 2004, 2005, 2006, 2007, 2008, 2009, 2010, 2011, 2012, 2013, 2014, 2015, 2016, 2017, 2018, 2019]"
48,False,True,1e-05,0.0001,200,"(0.7, 0.0, 0.3)",0,20,4,0,2.1,100.8,5.8534999999999995,0.15,[0.3802],[None],20,"[2000, 2001, 2002, 2003, 2004, 2005, 2006, 2007, 2008, 2009, 2010, 2011, 2012, 2013, 2014, 2015, 2016, 2017, 2018, 2019]"
48,False,True,1e-05,0.0001,200,"(0.7, 0.3, 0.0)",0,20,0,0,2.55,122.4,7.1819999999999995,0.05,[0.3802],[None],20,"[2000, 2001, 2002, 2003, 2004, 2005, 2006, 2007, 2008, 2009, 2010, 2011, 2012, 2013, 2014, 2015, 2016, 2017, 2018, 2019]"
48,False,True,1e-05,0.0001,200,"(0.7, 0.3, 0.0)",0,20,2,0,2.6,124.8,7.3755,0.05,[0.3802],[None],20,"[2000, 2001, 2002, 2003, 2004, 2005, 2006, 2007, 2008, 2009, 2010, 2011, 2012, 2013, 2014, 2015, 2016, 2017, 2018, 2019]"
48,False,True,1e-05,0.0001,200,"(0.7, 0.3, 0.0)",0,20,4,0,2.6,124.8,7.583499999999999,0.1,[0.3802],[None],20,"[2000, 2001, 2002, 2003, 2004, 2005, 2006, 2007, 2008, 2009, 2010, 2011, 2012, 2013, 2014, 2015, 2016, 2017, 2018, 2019]"
48,False,True,1e-05,0.0001,200,"(0.7, 0.3, 0.0)",48,20,0,0,2.55,122.4,7.1065,0.05,[0.3802],[None],20,"[2000, 2001, 2002, 2003, 2004, 2005, 2006, 2007, 2008, 2009, 2010, 2011, 2012, 2013, 2014, 2015, 2016, 2017, 2018, 2019]"
48,False,True,1e-05,0.0001,200,"(0.7, 0.3, 0.0)",48,20,2,0,2.6,124.8,7.443,0.05,[0.3802],[None],20,"[2000, 2001, 2002, 2003, 2004, 2005, 2006, 2007, 2008, 2009, 2010, 2011, 2012, 2013, 2014, 2015, 2016, 2017, 2018, 2019]"
48,False,True,1e-05,0.0001,200,"(0.7, 0.3, 0.0)",48,20,4,0,2.6,124.8,7.589,0.1,[0.3802],[None],20,"[2000, 2001, 2002, 2003, 2004, 2005, 2006, 2007, 2008, 2009, 2010, 2011, 2012, 2013, 2014, 2015, 2016, 2017, 2018, 2019]"
48,True,False,1e-05,1e-05,0,"(0.3, 0.3, 0.4)",0,20,0,0,2.45,117.6,8.361,0.1,[0.0467],[None],20,"[2000, 2001, 2002, 2003, 2004, 2005, 2006, 2007, 2008, 2009, 2010, 2011, 2012, 2013, 2014, 2015, 2016, 2017, 2018, 2019]"
48,True,False,1e-05,1e-05,0,"(0.3, 0.3, 0.4)",0,20,2,0,2.8,134.4,9.5775,0.1,[0.0467],[None],20,"[2000, 2001, 2002, 2003, 2004, 2005, 2006, 2007, 2008, 2009, 2010, 2011, 2012, 2013, 2014, 2015, 2016, 2017, 2018, 2019]"
48,True,False,1e-05,1e-05,0,"(0.3, 0.3, 0.4)",0,20,4,0,3.0,144.0,10.3525,0.1,[0.0467],[None],20,"[2000, 2001, 2002, 2003, 2004, 2005, 2006, 2007, 2008, 2009, 2010, 2011, 2012, 2013, 2014, 2015, 2016, 2017, 2018, 2019]"
48,True,False,1e-05,1e-05,0,"(0.3, 0.3, 0.4)",48,20,0,0,2.45,117.6,8.2785,0.1,[0.0467],[None],20,"[2000, 2001, 2002, 2003, 2004, 2005, 2006, 2007, 2008, 2009, 2010, 2011, 2012, 2013, 2014, 2015, 2016, 2017, 2018, 2019]"
48,True,False,1e-05,1e-05,0,"(0.3, 0.3, 0.4)",48,20,2,0,2.8,134.4,9.749500000000001,0.1,[0.0467],[None],20,"[2000, 2001, 2002, 2003, 2004, 2005, 2006, 2007, 2008, 2009, 2010, 2011, 2012, 2013, 2014, 2015, 2016, 2017, 2018, 2019]"
48,True,False,1e-05,1e-05,0,"(0.3, 0.3, 0.4)",48,20,4,0,3.0,144.0,10.439499999999999,0.1,[0.0467],[None],20,"[2000, 2001, 2002, 2003, 2004, 2005, 2006, 2007, 2008, 2009, 2010, 2011, 2012, 2013, 2014, 2015, 2016, 2017, 2018, 2019]"
48,True,False,1e-05,1e-05,0,"(0.4, 0.3, 0.3)",0,20,0,0,2.9,139.2,10.8375,0.05,[0.0467],[None],20,"[2000, 2001, 2002, 2003, 2004, 2005, 2006, 2007, 2008, 2009, 2010, 2011, 2012, 2013, 2014, 2015, 2016, 2017, 2018, 2019]"
48,True,False,1e-05,1e-05,0,"(0.4, 0.3, 0.3)",0,20,2,0,3.0,144.0,13.61,0.05,[0.0467],[None],20,"[2000, 2001, 2002, 2003, 2004, 2005, 2006, 2007, 2008, 2009, 2010, 2011, 2012, 2013, 2014, 2015, 2016, 2017, 2018, 2019]"
48,True,False,1e-05,1e-05,0,"(0.4, 0.3, 0.3)",0,20,4,0,3.05,146.4,12.683499999999999,0.05,[0.0467],[None],20,"[2000, 2001, 2002, 2003, 2004, 2005, 2006, 2007, 2008, 2009, 2010, 2011, 2012, 2013, 2014, 2015, 2016, 2017, 2018, 2019]"
48,True,False,1e-05,1e-05,0,"(0.4, 0.3, 0.3)",48,20,0,0,2.9,139.2,10.786,0.05,[0.0467],[None],20,"[2000, 2001, 2002, 2003, 2004, 2005, 2006, 2007, 2008, 2009, 2010, 2011, 2012, 2013, 2014, 2015, 2016, 2017, 2018, 2019]"
48,True,False,1e-05,1e-05,0,"(0.4, 0.3, 0.3)",48,20,2,0,3.0,144.0,11.2805,0.05,[0.0467],[None],20,"[2000, 2001, 2002, 2003, 2004, 2005, 2006, 2007, 2008, 2009, 2010, 2011, 2012, 2013, 2014, 2015, 2016, 2017, 2018, 2019]"
48,True,False,1e-05,1e-05,0,"(0.4, 0.3, 0.3)",48,20,4,0,3.05,146.4,10.6885,0.05,[0.0467],[None],20,"[2000, 2001, 2002, 2003, 2004, 2005, 2006, 2007, 2008, 2009, 2010, 2011, 2012, 2013, 2014, 2015, 2016, 2017, 2018, 2019]"
48,True,False,1e-05,1e-05,0,"(0.5, 0.2, 0.3)",0,20,0,0,3.3,158.4,12.157,0.05,[0.0467],[None],20,"[2000, 2001, 2002, 2003, 2004, 2005, 2006, 2007, 2008, 2009, 2010, 2011, 2012, 2013, 2014, 2015, 2016, 2017, 2018, 2019]"
48,True,False,1e-05,1e-05,0,"(0.5, 0.2, 0.3)",0,20,2,0,3.1,148.8,11.147,0.05,[0.0467],[None],20,"[2000, 2001, 2002, 2003, 2004, 2005, 2006, 2007, 2008, 2009, 2010, 2011, 2012, 2013, 2014, 2015, 2016, 2017, 2018, 2019]"
48,True,False,1e-05,1e-05,0,"(0.5, 0.2, 0.3)",0,20,4,0,3.35,160.8,12.7685,0.05,[0.0467],[None],20,"[2000, 2001, 2002, 2003, 2004, 2005, 2006, 2007, 2008, 2009, 2010, 2011, 2012, 2013, 2014, 2015, 2016, 2017, 2018, 2019]"
48,True,False,1e-05,1e-05,0,"(0.5, 0.2, 0.3)",48,20,0,0,3.3,158.4,12.309000000000001,0.05,[0.0467],[None],20,"[2000, 2001, 2002, 2003, 2004, 2005, 2006, 2007, 2008, 2009, 2010, 2011, 2012, 2013, 2014, 2015, 2016, 2017, 2018, 2019]"
48,True,False,1e-05,1e-05,0,"(0.5, 0.2, 0.3)",48,20,2,0,3.1,148.8,11.402,0.05,[0.0467],[None],20,"[2000, 2001, 2002, 2003, 2004, 2005, 2006, 2007, 2008, 2009, 2010, 2011, 2012, 2013, 2014, 2015, 2016, 2017, 2018, 2019]"
48,True,False,1e-05,1e-05,0,"(0.5, 0.2, 0.3)",48,20,4,0,3.35,160.8,12.757,0.05,[0.0467],[None],20,"[2000, 2001, 2002, 2003, 2004, 2005, 2006, 2007, 2008, 2009, 2010, 2011, 2012, 2013, 2014, 2015, 2016, 2017, 2018, 2019]"
48,True,False,1e-05,1e-05,0,"(0.6, 0.1, 0.3)",0,20,0,0,3.45,165.6,13.706999999999999,0.05,[0.0467],[None],20,"[2000, 2001, 2002, 2003, 2004, 2005, 2006, 2007, 2008, 2009, 2010, 2011, 2012, 2013, 2014, 2015, 2016, 2017, 2018, 2019]"
48,True,False,1e-05,1e-05,0,"(0.6, 0.1, 0.3)",0,20,2,0,3.25,156.0,11.9095,0.05,[0.0467],[None],20,"[2000, 2001, 2002, 2003, 2004, 2005, 2006, 2007, 2008, 2009, 2010, 2011, 2012, 2013, 2014, 2015, 2016, 2017, 2018, 2019]"
48,True,False,1e-05,1e-05,0,"(0.6, 0.1, 0.3)",0,20,4,0,3.15,151.2,11.1455,0.05,[0.0467],[None],20,"[2000, 2001, 2002, 2003, 2004, 2005, 2006, 2007, 2008, 2009, 2010, 2011, 2012, 2013, 2014, 2015, 2016, 2017, 2018, 2019]"
48,True,False,1e-05,1e-05,0,"(0.6, 0.1, 0.3)",48,20,0,0,3.45,165.6,13.765,0.05,[0.0467],[None],20,"[2000, 2001, 2002, 2003, 2004, 2005, 2006, 2007, 2008, 2009, 2010, 2011, 2012, 2013, 2014, 2015, 2016, 2017, 2018, 2019]"
48,True,False,1e-05,1e-05,0,"(0.6, 0.1, 0.3)",48,20,2,0,3.25,156.0,11.769,0.05,[0.0467],[None],20,"[2000, 2001, 2002, 2003, 2004, 2005, 2006, 2007, 2008, 2009, 2010, 2011, 2012, 2013, 2014, 2015, 2016, 2017, 2018, 2019]"
48,True,False,1e-05,1e-05,0,"(0.6, 0.1, 0.3)",48,20,4,0,3.15,151.2,11.453,0.05,[0.0467],[None],20,"[2000, 2001, 2002, 2003, 2004, 2005, 2006, 2007, 2008, 2009, 2010, 2011, 2012, 2013, 2014, 2015, 2016, 2017, 2018, 2019]"
48,True,False,1e-05,1e-05,0,"(0.7, 0.0, 0.3)",0,20,2,0,3.0,144.0,12.1945,0.05,[0.0467],[None],20,"[2000, 2001, 2002, 2003, 2004, 2005, 2006, 2007, 2008, 2009, 2010, 2011, 2012, 2013, 2014, 2015, 2016, 2017, 2018, 2019]"
48,True,False,1e-05,1e-05,0,"(0.7, 0.0, 0.3)",0,20,4,0,3.25,156.0,12.033000000000001,0.05,[0.0467],[None],20,"[2000, 2001, 2002, 2003, 2004, 2005, 2006, 2007, 2008, 2009, 2010, 2011, 2012, 2013, 2014, 2015, 2016, 2017, 2018, 2019]"
48,True,False,1e-05,1e-05,0,"(0.7, 0.3, 0.0)",0,20,0,0,4.0,192.0,14.875499999999999,0.05,[0.0467],[None],20,"[2000, 2001, 2002, 2003, 2004, 2005, 2006, 2007, 2008, 2009, 2010, 2011, 2012, 2013, 2014, 2015, 2016, 2017, 2018, 2019]"
48,True,False,1e-05,1e-05,0,"(0.7, 0.3, 0.0)",0,20,2,0,3.65,175.2,13.562999999999999,0.05,[0.0467],[None],20,"[2000, 2001, 2002, 2003, 2004, 2005, 2006, 2007, 2008, 2009, 2010, 2011, 2012, 2013, 2014, 2015, 2016, 2017, 2018, 2019]"
48,True,False,1e-05,1e-05,0,"(0.7, 0.3, 0.0)",0,20,4,0,3.95,189.6,15.244499999999999,0.05,[0.0467],[None],20,"[2000, 2001, 2002, 2003, 2004, 2005, 2006, 2007, 2008, 2009, 2010, 2011, 2012, 2013, 2014, 2015, 2016, 2017, 2018, 2019]"
48,True,False,1e-05,1e-05,0,"(0.7, 0.3, 0.0)",48,20,0,0,4.0,192.0,15.0625,0.05,[0.0467],[None],20,"[2000, 2001, 2002, 2003, 2004, 2005, 2006, 2007, 2008, 2009, 2010, 2011, 2012, 2013, 2014, 2015, 2016, 2017, 2018, 2019]"
48,True,False,1e-05,1e-05,0,"(0.7, 0.3, 0.0)",48,20,2,0,3.65,175.2,13.547999999999998,0.05,[0.0467],[None],20,"[2000, 2001, 2002, 2003, 2004, 2005, 2006, 2007, 2008, 2009, 2010, 2011, 2012, 2013, 2014, 2015, 2016, 2017, 2018, 2019]"
48,True,False,1e-05,1e-05,0,"(0.7, 0.3, 0.0)",48,20,4,0,3.95,189.6,15.229,0.05,[0.0467],[None],20,"[2000, 2001, 2002, 2003, 2004, 2005, 2006, 2007, 2008, 2009, 2010, 2011, 2012, 2013, 2014, 2015, 2016, 2017, 2018, 2019]"
48,True,False,1e-05,1e-05,100,"(0.3, 0.3, 0.4)",0,20,0,0,2.65,127.2,9.103,0.05,[0.1958],[None],20,"[2000, 2001, 2002, 2003, 2004, 2005, 2006, 2007, 2008, 2009, 2010, 2011, 2012, 2013, 2014, 2015, 2016, 2017, 2018, 2019]"
48,True,False,1e-05,1e-05,100,"(0.3, 0.3, 0.4)",0,20,2,0,2.5,120.0,8.572,0.05,[0.1958],[None],20,"[2000, 2001, 2002, 2003, 2004, 2005, 2006, 2007, 2008, 2009, 2010, 2011, 2012, 2013, 2014, 2015, 2016, 2017, 2018, 2019]"
48,True,False,1e-05,1e-05,100,"(0.3, 0.3, 0.4)",0,20,4,0,3.0,144.0,10.311,0.05,[0.1958],[None],20,"[2000, 2001, 2002, 2003, 2004, 2005, 2006, 2007, 2008, 2009, 2010, 2011, 2012, 2013, 2014, 2015, 2016, 2017, 2018, 2019]"
48,True,False,1e-05,1e-05,100,"(0.3, 0.3, 0.4)",48,20,0,0,2.65,127.2,9.128499999999999,0.05,[0.1958],[None],20,"[2000, 2001, 2002, 2003, 2004, 2005, 2006, 2007, 2008, 2009, 2010, 2011, 2012, 2013, 2014, 2015, 2016, 2017, 2018, 2019]"
48,True,False,1e-05,1e-05,100,"(0.3, 0.3, 0.4)",48,20,2,0,2.5,120.0,8.6685,0.05,[0.1958],[None],20,"[2000, 2001, 2002, 2003, 2004, 2005, 2006, 2007, 2008, 2009, 2010, 2011, 2012, 2013, 2014, 2015, 2016, 2017, 2018, 2019]"
48,True,False,1e-05,1e-05,100,"(0.3, 0.3, 0.4)",48,20,4,0,3.0,144.0,10.259,0.05,[0.1958],[None],20,"[2000, 2001, 2002, 2003, 2004, 2005, 2006, 2007, 2008, 2009, 2010, 2011, 2012, 2013, 2014, 2015, 2016, 2017, 2018, 2019]"
48,True,False,1e-05,1e-05,100,"(0.4, 0.3, 0.3)",0,20,0,0,2.85,136.8,9.865,0.05,[0.1958],[None],20,"[2000, 2001, 2002, 2003, 2004, 2005, 2006, 2007, 2008, 2009, 2010, 2011, 2012, 2013, 2014, 2015, 2016, 2017, 2018, 2019]"
48,True,False,1e-05,1e-05,100,"(0.4, 0.3, 0.3)",48,20,0,0,2.85,136.8,9.8445,0.05,[0.1958],[None],20,"[2000, 2001, 2002, 2003, 2004, 2005, 2006, 2007, 2008, 2009, 2010, 2011, 2012, 2013, 2014, 2015, 2016, 2017, 2018, 2019]"
48,True,False,1e-05,1e-05,100,"(0.5, 0.2, 0.3)",0,20,0,0,2.65,127.2,9.1125,0.05,[0.1958],[None],20,"[2000, 2001, 2002, 2003, 2004, 2005, 2006, 2007, 2008, 2009, 2010, 2011, 2012, 2013, 2014, 2015, 2016, 2017, 2018, 2019]"
48,True,False,1e-05,1e-05,100,"(0.5, 0.2, 0.3)",0,20,2,0,2.85,136.8,9.737,0.05,[0.1958],[None],20,"[2000, 2001, 2002, 2003, 2004, 2005, 2006, 2007, 2008, 2009, 2010, 2011, 2012, 2013, 2014, 2015, 2016, 2017, 2018, 2019]"
48,True,False,1e-05,1e-05,100,"(0.5, 0.2, 0.3)",0,20,4,0,3.0,144.0,10.488,0.05,[0.1958],[None],20,"[2000, 2001, 2002, 2003, 2004, 2005, 2006, 2007, 2008, 2009, 2010, 2011, 2012, 2013, 2014, 2015, 2016, 2017, 2018, 2019]"
48,True,False,1e-05,1e-05,100,"(0.5, 0.2, 0.3)",48,20,0,0,2.65,127.2,9.0255,0.05,[0.1958],[None],20,"[2000, 2001, 2002, 2003, 2004, 2005, 2006, 2007, 2008, 2009, 2010, 2011, 2012, 2013, 2014, 2015, 2016, 2017, 2018, 2019]"
48,True,False,1e-05,1e-05,100,"(0.5, 0.2, 0.3)",48,20,2,0,2.85,136.8,9.825,0.05,[0.1958],[None],20,"[2000, 2001, 2002, 2003, 2004, 2005, 2006, 2007, 2008, 2009, 2010, 2011, 2012, 2013, 2014, 2015, 2016, 2017, 2018, 2019]"
48,True,False,1e-05,1e-05,100,"(0.5, 0.2, 0.3)",48,20,4,0,3.0,144.0,10.263,0.05,[0.1958],[None],20,"[2000, 2001, 2002, 2003, 2004, 2005, 2006, 2007, 2008, 2009, 2010, 2011, 2012, 2013, 2014, 2015, 2016, 2017, 2018, 2019]"
48,True,False,1e-05,1e-05,100,"(0.6, 0.1, 0.3)",0,20,0,0,3.1,148.8,11.013,0.05,[0.1958],[None],20,"[2000, 2001, 2002, 2003, 2004, 2005, 2006, 2007, 2008, 2009, 2010, 2011, 2012, 2013, 2014, 2015, 2016, 2017, 2018, 2019]"
48,True,False,1e-05,1e-05,100,"(0.6, 0.1, 0.3)",0,20,2,0,3.5,168.0,13.962,0.05,[0.1958],[None],20,"[2000, 2001, 2002, 2003, 2004, 2005, 2006, 2007, 2008, 2009, 2010, 2011, 2012, 2013, 2014, 2015, 2016, 2017, 2018, 2019]"
48,True,False,1e-05,1e-05,100,"(0.6, 0.1, 0.3)",0,20,4,0,3.35,160.8,12.828,0.05,[0.1958],[None],20,"[2000, 2001, 2002, 2003, 2004, 2005, 2006, 2007, 2008, 2009, 2010, 2011, 2012, 2013, 2014, 2015, 2016, 2017, 2018, 2019]"
48,True,False,1e-05,1e-05,100,"(0.6, 0.1, 0.3)",48,20,0,0,3.1,148.8,11.2745,0.05,[0.1958],[None],20,"[2000, 2001, 2002, 2003, 2004, 2005, 2006, 2007, 2008, 2009, 2010, 2011, 2012, 2013, 2014, 2015, 2016, 2017, 2018, 2019]"
48,True,False,1e-05,1e-05,100,"(0.6, 0.1, 0.3)",48,20,2,0,3.5,168.0,14.0675,0.05,[0.1958],[None],20,"[2000, 2001, 2002, 2003, 2004, 2005, 2006, 2007, 2008, 2009, 2010, 2011, 2012, 2013, 2014, 2015, 2016, 2017, 2018, 2019]"
48,True,False,1e-05,1e-05,100,"(0.6, 0.1, 0.3)",48,20,4,0,3.35,160.8,12.930000000000001,0.05,[0.1958],[None],20,"[2000, 2001, 2002, 2003, 2004, 2005, 2006, 2007, 2008, 2009, 2010, 2011, 2012, 2013, 2014, 2015, 2016, 2017, 2018, 2019]"
48,True,False,1e-05,1e-05,100,"(0.7, 0.0, 0.3)",0,20,2,0,3.6,172.8,13.846,0.05,[0.1958],[None],20,"[2000, 2001, 2002, 2003, 2004, 2005, 2006, 2007, 2008, 2009, 2010, 2011, 2012, 2013, 2014, 2015, 2016, 2017, 2018, 2019]"
48,True,False,1e-05,1e-05,100,"(0.7, 0.0, 0.3)",0,20,4,0,3.15,151.2,10.982,0.05,[0.1958],[None],20,"[2000, 2001, 2002, 2003, 2004, 2005, 2006, 2007, 2008, 2009, 2010, 2011, 2012, 2013, 2014, 2015, 2016, 2017, 2018, 2019]"
48,True,False,1e-05,1e-05,100,"(0.7, 0.3, 0.0)",0,20,0,0,3.3,158.4,11.962,0.05,[0.1958],[None],20,"[2000, 2001, 2002, 2003, 2004, 2005, 2006, 2007, 2008, 2009, 2010, 2011, 2012, 2013, 2014, 2015, 2016, 2017, 2018, 2019]"
48,True,False,1e-05,1e-05,100,"(0.7, 0.3, 0.0)",0,20,2,0,3.5,168.0,12.3035,0.05,[0.1958],[None],20,"[2000, 2001, 2002, 2003, 2004, 2005, 2006, 2007, 2008, 2009, 2010, 2011, 2012, 2013, 2014, 2015, 2016, 2017, 2018, 2019]"
48,True,False,1e-05,1e-05,100,"(0.7, 0.3, 0.0)",0,20,4,0,3.6,172.8,12.6485,0.05,[0.1958],[None],20,"[2000, 2001, 2002, 2003, 2004, 2005, 2006, 2007, 2008, 2009, 2010, 2011, 2012, 2013, 2014, 2015, 2016, 2017, 2018, 2019]"
48,True,False,1e-05,1e-05,100,"(0.7, 0.3, 0.0)",48,20,0,0,3.3,158.4,12.1,0.05,[0.1958],[None],20,"[2000, 2001, 2002, 2003, 2004, 2005, 2006, 2007, 2008, 2009, 2010, 2011, 2012, 2013, 2014, 2015, 2016, 2017, 2018, 2019]"
48,True,False,1e-05,1e-05,100,"(0.7, 0.3, 0.0)",48,20,2,0,3.5,168.0,12.361,0.05,[0.1958],[None],20,"[2000, 2001, 2002, 2003, 2004, 2005, 2006, 2007, 2008, 2009, 2010, 2011, 2012, 2013, 2014, 2015, 2016, 2017, 2018, 2019]"
48,True,False,1e-05,1e-05,100,"(0.7, 0.3, 0.0)",48,20,4,0,3.6,172.8,12.913,0.05,[0.1958],[None],20,"[2000, 2001, 2002, 2003, 2004, 2005, 2006, 2007, 2008, 2009, 2010, 2011, 2012, 2013, 2014, 2015, 2016, 2017, 2018, 2019]"
48,True,False,1e-05,1e-05,200,"(0.3, 0.3, 0.4)",0,20,0,0,2.7,129.6,9.245999999999999,0.1,[0.22],[None],20,"[2000, 2001, 2002, 2003, 2004, 2005, 2006, 2007, 2008, 2009, 2010, 2011, 2012, 2013, 2014, 2015, 2016, 2017, 2018, 2019]"
48,True,False,1e-05,1e-05,200,"(0.3, 0.3, 0.4)",0,20,2,0,2.75,132.0,9.3865,0.2,[0.22],[None],20,"[2000, 2001, 2002, 2003, 2004, 2005, 2006, 2007, 2008, 2009, 2010, 2011, 2012, 2013, 2014, 2015, 2016, 2017, 2018, 2019]"
48,True,False,1e-05,1e-05,200,"(0.3, 0.3, 0.4)",0,20,4,0,2.85,136.8,9.703999999999999,0.25,[0.22],[None],20,"[2000, 2001, 2002, 2003, 2004, 2005, 2006, 2007, 2008, 2009, 2010, 2011, 2012, 2013, 2014, 2015, 2016, 2017, 2018, 2019]"
48,True,False,1e-05,1e-05,200,"(0.3, 0.3, 0.4)",48,20,0,0,2.7,129.6,9.075,0.1,[0.22],[None],20,"[2000, 2001, 2002, 2003, 2004, 2005, 2006, 2007, 2008, 2009, 2010, 2011, 2012, 2013, 2014, 2015, 2016, 2017, 2018, 2019]"
48,True,False,1e-05,1e-05,200,"(0.3, 0.3, 0.4)",48,20,2,0,2.75,132.0,9.4455,0.2,[0.22],[None],20,"[2000, 2001, 2002, 2003, 2004, 2005, 2006, 2007, 2008, 2009, 2010, 2011, 2012, 2013, 2014, 2015, 2016, 2017, 2018, 2019]"
48,True,False,1e-05,1e-05,200,"(0.3, 0.3, 0.4)",48,20,4,0,2.85,136.8,9.605500000000001,0.25,[0.22],[None],20,"[2000, 2001, 2002, 2003, 2004, 2005, 2006, 2007, 2008, 2009, 2010, 2011, 2012, 2013, 2014, 2015, 2016, 2017, 2018, 2019]"
48,True,False,1e-05,1e-05,200,"(0.4, 0.3, 0.3)",0,20,0,0,2.85,136.8,9.7615,0.05,[0.22],[None],20,"[2000, 2001, 2002, 2003, 2004, 2005, 2006, 2007, 2008, 2009, 2010, 2011, 2012, 2013, 2014, 2015, 2016, 2017, 2018, 2019]"
48,True,False,1e-05,1e-05,200,"(0.4, 0.3, 0.3)",48,20,0,0,2.85,136.8,9.6685,0.05,[0.22],[None],20,"[2000, 2001, 2002, 2003, 2004, 2005, 2006, 2007, 2008, 2009, 2010, 2011, 2012, 2013, 2014, 2015, 2016, 2017, 2018, 2019]"
48,True,False,1e-05,1e-05,200,"(0.5, 0.2, 0.3)",0,20,0,0,3.5,168.0,13.322999999999999,0.05,[0.22],[None],20,"[2000, 2001, 2002, 2003, 2004, 2005, 2006, 2007, 2008, 2009, 2010, 2011, 2012, 2013, 2014, 2015, 2016, 2017, 2018, 2019]"
48,True,False,1e-05,1e-05,200,"(0.5, 0.2, 0.3)",0,20,2,0,3.45,165.6,13.604499999999998,0.1,[0.22],[None],20,"[2000, 2001, 2002, 2003, 2004, 2005, 2006, 2007, 2008, 2009, 2010, 2011, 2012, 2013, 2014, 2015, 2016, 2017, 2018, 2019]"
48,True,False,1e-05,1e-05,200,"(0.5, 0.2, 0.3)",0,20,4,0,3.95,189.6,14.8385,0.15,[0.22],[None],20,"[2000, 2001, 2002, 2003, 2004, 2005, 2006, 2007, 2008, 2009, 2010, 2011, 2012, 2013, 2014, 2015, 2016, 2017, 2018, 2019]"
48,True,False,1e-05,1e-05,200,"(0.5, 0.2, 0.3)",48,20,0,0,3.5,168.0,13.193000000000001,0.05,[0.22],[None],20,"[2000, 2001, 2002, 2003, 2004, 2005, 2006, 2007, 2008, 2009, 2010, 2011, 2012, 2013, 2014, 2015, 2016, 2017, 2018, 2019]"
48,True,False,1e-05,1e-05,200,"(0.5, 0.2, 0.3)",48,20,2,0,3.45,165.6,13.507499999999999,0.1,[0.22],[None],20,"[2000, 2001, 2002, 2003, 2004, 2005, 2006, 2007, 2008, 2009, 2010, 2011, 2012, 2013, 2014, 2015, 2016, 2017, 2018, 2019]"
48,True,False,1e-05,1e-05,200,"(0.5, 0.2, 0.3)",48,20,4,0,3.95,189.6,14.757499999999999,0.15,[0.22],[None],20,"[2000, 2001, 2002, 2003, 2004, 2005, 2006, 2007, 2008, 2009, 2010, 2011, 2012, 2013, 2014, 2015, 2016, 2017, 2018, 2019]"
48,True,False,1e-05,1e-05,200,"(0.6, 0.1, 0.3)",0,20,0,0,3.5,168.0,12.8285,0.15,[0.22],[None],20,"[2000, 2001, 2002, 2003, 2004, 2005, 2006, 2007, 2008, 2009, 2010, 2011, 2012, 2013, 2014, 2015, 2016, 2017, 2018, 2019]"
48,True,False,1e-05,1e-05,200,"(0.6, 0.1, 0.3)",0,20,2,0,3.6,172.8,13.630500000000001,0.15,[0.22],[None],20,"[2000, 2001, 2002, 2003, 2004, 2005, 2006, 2007, 2008, 2009, 2010, 2011, 2012, 2013, 2014, 2015, 2016, 2017, 2018, 2019]"
48,True,False,1e-05,1e-05,200,"(0.6, 0.1, 0.3)",0,20,4,0,3.35,160.8,12.5795,0.15,[0.22],[None],20,"[2000, 2001, 2002, 2003, 2004, 2005, 2006, 2007, 2008, 2009, 2010, 2011, 2012, 2013, 2014, 2015, 2016, 2017, 2018, 2019]"
48,True,False,1e-05,1e-05,200,"(0.6, 0.1, 0.3)",48,20,0,0,3.5,168.0,12.7705,0.15,[0.22],[None],20,"[2000, 2001, 2002, 2003, 2004, 2005, 2006, 2007, 2008, 2009, 2010, 2011, 2012, 2013, 2014, 2015, 2016, 2017, 2018, 2019]"
48,True,False,1e-05,1e-05,200,"(0.6, 0.1, 0.3)",48,20,2,0,3.6,172.8,13.631499999999999,0.15,[0.22],[None],20,"[2000, 2001, 2002, 2003, 2004, 2005, 2006, 2007, 2008, 2009, 2010, 2011, 2012, 2013, 2014, 2015, 2016, 2017, 2018, 2019]"
48,True,False,1e-05,1e-05,200,"(0.6, 0.1, 0.3)",48,20,4,0,3.35,160.8,12.659500000000001,0.15,[0.22],[None],20,"[2000, 2001, 2002, 2003, 2004, 2005, 2006, 2007, 2008, 2009, 2010, 2011, 2012, 2013, 2014, 2015, 2016, 2017, 2018, 2019]"
48,True,False,1e-05,1e-05,200,"(0.7, 0.0, 0.3)",0,20,2,0,3.45,165.6,12.981,0.1,[0.22],[None],20,"[2000, 2001, 2002, 2003, 2004, 2005, 2006, 2007, 2008, 2009, 2010, 2011, 2012, 2013, 2014, 2015, 2016, 2017, 2018, 2019]"
48,True,False,1e-05,1e-05,200,"(0.7, 0.0, 0.3)",0,20,4,0,3.15,151.2,11.4095,0.1,[0.22],[None],20,"[2000, 2001, 2002, 2003, 2004, 2005, 2006, 2007, 2008, 2009, 2010, 2011, 2012, 2013, 2014, 2015, 2016, 2017, 2018, 2019]"
48,True,False,1e-05,1e-05,200,"(0.7, 0.3, 0.0)",0,20,0,0,3.5,168.0,12.7425,0.05,[0.22],[None],20,"[2000, 2001, 2002, 2003, 2004, 2005, 2006, 2007, 2008, 2009, 2010, 2011, 2012, 2013, 2014, 2015, 2016, 2017, 2018, 2019]"
48,True,False,1e-05,1e-05,200,"(0.7, 0.3, 0.0)",0,20,2,0,4.0,192.0,16.369,0.05,[0.22],[None],20,"[2000, 2001, 2002, 2003, 2004, 2005, 2006, 2007, 2008, 2009, 2010, 2011, 2012, 2013, 2014, 2015, 2016, 2017, 2018, 2019]"
48,True,False,1e-05,1e-05,200,"(0.7, 0.3, 0.0)",0,20,4,0,3.8,182.4,14.0965,0.05,[0.22],[None],20,"[2000, 2001, 2002, 2003, 2004, 2005, 2006, 2007, 2008, 2009, 2010, 2011, 2012, 2013, 2014, 2015, 2016, 2017, 2018, 2019]"
48,True,False,1e-05,1e-05,200,"(0.7, 0.3, 0.0)",48,20,0,0,3.5,168.0,12.948500000000001,0.05,[0.22],[None],20,"[2000, 2001, 2002, 2003, 2004, 2005, 2006, 2007, 2008, 2009, 2010, 2011, 2012, 2013, 2014, 2015, 2016, 2017, 2018, 2019]"
48,True,False,1e-05,1e-05,200,"(0.7, 0.3, 0.0)",48,20,2,0,4.0,192.0,16.27,0.05,[0.22],[None],20,"[2000, 2001, 2002, 2003, 2004, 2005, 2006, 2007, 2008, 2009, 2010, 2011, 2012, 2013, 2014, 2015, 2016, 2017, 2018, 2019]"
48,True,False,1e-05,1e-05,200,"(0.7, 0.3, 0.0)",48,20,4,0,3.8,182.4,14.040000000000001,0.05,[0.22],[None],20,"[2000, 2001, 2002, 2003, 2004, 2005, 2006, 2007, 2008, 2009, 2010, 2011, 2012, 2013, 2014, 2015, 2016, 2017, 2018, 2019]"
48,True,False,1e-05,0.0001,0,"(0.3, 0.3, 0.4)",0,20,0,0,3.1,148.8,10.695,0.0,[0.5719],[None],20,"[2000, 2001, 2002, 2003, 2004, 2005, 2006, 2007, 2008, 2009, 2010, 2011, 2012, 2013, 2014, 2015, 2016, 2017, 2018, 2019]"
48,True,False,1e-05,0.0001,0,"(0.3, 0.3, 0.4)",0,20,2,0,3.35,160.8,11.765,0.0,[0.5719],[None],20,"[2000, 2001, 2002, 2003, 2004, 2005, 2006, 2007, 2008, 2009, 2010, 2011, 2012, 2013, 2014, 2015, 2016, 2017, 2018, 2019]"
48,True,False,1e-05,0.0001,0,"(0.3, 0.3, 0.4)",0,20,4,0,3.7,177.6,13.0915,0.0,[0.5719],[None],20,"[2000, 2001, 2002, 2003, 2004, 2005, 2006, 2007, 2008, 2009, 2010, 2011, 2012, 2013, 2014, 2015, 2016, 2017, 2018, 2019]"
48,True,False,1e-05,0.0001,0,"(0.3, 0.3, 0.4)",48,20,0,0,3.1,148.8,10.7015,0.0,[0.5719],[None],20,"[2000, 2001, 2002, 2003, 2004, 2005, 2006, 2007, 2008, 2009, 2010, 2011, 2012, 2013, 2014, 2015, 2016, 2017, 2018, 2019]"
48,True,False,1e-05,0.0001,0,"(0.3, 0.3, 0.4)",48,20,2,0,3.35,160.8,11.663,0.0,[0.5719],[None],20,"[2000, 2001, 2002, 2003, 2004, 2005, 2006, 2007, 2008, 2009, 2010, 2011, 2012, 2013, 2014, 2015, 2016, 2017, 2018, 2019]"
48,True,False,1e-05,0.0001,0,"(0.3, 0.3, 0.4)",48,20,4,0,3.7,177.6,13.14,0.0,[0.5719],[None],20,"[2000, 2001, 2002, 2003, 2004, 2005, 2006, 2007, 2008, 2009, 2010, 2011, 2012, 2013, 2014, 2015, 2016, 2017, 2018, 2019]"
48,True,False,1e-05,0.0001,0,"(0.4, 0.3, 0.3)",0,20,0,0,3.3,158.4,12.497499999999999,0.0,[0.5719],[None],20,"[2000, 2001, 2002, 2003, 2004, 2005, 2006, 2007, 2008, 2009, 2010, 2011, 2012, 2013, 2014, 2015, 2016, 2017, 2018, 2019]"
48,True,False,1e-05,0.0001,0,"(0.4, 0.3, 0.3)",0,20,2,0,3.4,163.2,15.961000000000002,0.0,[0.5719],[None],20,"[2000, 2001, 2002, 2003, 2004, 2005, 2006, 2007, 2008, 2009, 2010, 2011, 2012, 2013, 2014, 2015, 2016, 2017, 2018, 2019]"
48,True,False,1e-05,0.0001,0,"(0.4, 0.3, 0.3)",0,20,4,0,3.65,175.2,18.7605,0.0,[0.5719],[None],20,"[2000, 2001, 2002, 2003, 2004, 2005, 2006, 2007, 2008, 2009, 2010, 2011, 2012, 2013, 2014, 2015, 2016, 2017, 2018, 2019]"
48,True,False,1e-05,0.0001,0,"(0.4, 0.3, 0.3)",48,20,0,0,3.3,158.4,15.293000000000001,0.0,[0.5719],[None],20,"[2000, 2001, 2002, 2003, 2004, 2005, 2006, 2007, 2008, 2009, 2010, 2011, 2012, 2013, 2014, 2015, 2016, 2017, 2018, 2019]"
48,True,False,1e-05,0.0001,0,"(0.4, 0.3, 0.3)",48,20,2,0,3.4,163.2,11.825999999999999,0.0,[0.5719],[None],20,"[2000, 2001, 2002, 2003, 2004, 2005, 2006, 2007, 2008, 2009, 2010, 2011, 2012, 2013, 2014, 2015, 2016, 2017, 2018, 2019]"
48,True,False,1e-05,0.0001,0,"(0.4, 0.3, 0.3)",48,20,4,0,3.65,175.2,12.875499999999999,0.0,[0.5719],[None],20,"[2000, 2001, 2002, 2003, 2004, 2005, 2006, 2007, 2008, 2009, 2010, 2011, 2012, 2013, 2014, 2015, 2016, 2017, 2018, 2019]"
48,True,False,1e-05,0.0001,0,"(0.5, 0.2, 0.3)",0,20,0,0,3.0,144.0,10.378,0.0,[0.5719],[None],20,"[2000, 2001, 2002, 2003, 2004, 2005, 2006, 2007, 2008, 2009, 2010, 2011, 2012, 2013, 2014, 2015, 2016, 2017, 2018, 2019]"
48,True,False,1e-05,0.0001,0,"(0.5, 0.2, 0.3)",0,20,2,0,3.4,163.2,11.855,0.0,[0.5719],[None],20,"[2000, 2001, 2002, 2003, 2004, 2005, 2006, 2007, 2008, 2009, 2010, 2011, 2012, 2013, 2014, 2015, 2016, 2017, 2018, 2019]"
48,True,False,1e-05,0.0001,0,"(0.5, 0.2, 0.3)",0,20,4,0,3.55,170.4,12.4795,0.0,[0.5719],[None],20,"[2000, 2001, 2002, 2003, 2004, 2005, 2006, 2007, 2008, 2009, 2010, 2011, 2012, 2013, 2014, 2015, 2016, 2017, 2018, 2019]"
48,True,False,1e-05,0.0001,0,"(0.5, 0.2, 0.3)",48,20,0,0,3.0,144.0,10.363,0.0,[0.5719],[None],20,"[2000, 2001, 2002, 2003, 2004, 2005, 2006, 2007, 2008, 2009, 2010, 2011, 2012, 2013, 2014, 2015, 2016, 2017, 2018, 2019]"
48,True,False,1e-05,0.0001,0,"(0.5, 0.2, 0.3)",48,20,2,0,3.4,163.2,12.781,0.0,[0.5719],[None],20,"[2000, 2001, 2002, 2003, 2004, 2005, 2006, 2007, 2008, 2009, 2010, 2011, 2012, 2013, 2014, 2015, 2016, 2017, 2018, 2019]"
48,True,False,1e-05,0.0001,0,"(0.5, 0.2, 0.3)",48,20,4,0,3.55,170.4,12.558499999999999,0.0,[0.5719],[None],20,"[2000, 2001, 2002, 2003, 2004, 2005, 2006, 2007, 2008, 2009, 2010, 2011, 2012, 2013, 2014, 2015, 2016, 2017, 2018, 2019]"
48,True,False,1e-05,0.0001,0,"(0.6, 0.1, 0.3)",0,20,0,0,3.05,146.4,10.6545,0.0,[0.5719],[None],20,"[2000, 2001, 2002, 2003, 2004, 2005, 2006, 2007, 2008, 2009, 2010, 2011, 2012, 2013, 2014, 2015, 2016, 2017, 2018, 2019]"
48,True,False,1e-05,0.0001,0,"(0.6, 0.1, 0.3)",0,20,2,0,3.1,148.8,10.7245,0.0,[0.5719],[None],20,"[2000, 2001, 2002, 2003, 2004, 2005, 2006, 2007, 2008, 2009, 2010, 2011, 2012, 2013, 2014, 2015, 2016, 2017, 2018, 2019]"
48,True,False,1e-05,0.0001,0,"(0.6, 0.1, 0.3)",0,20,4,0,3.4,163.2,11.7845,0.0,[0.5719],[None],20,"[2000, 2001, 2002, 2003, 2004, 2005, 2006, 2007, 2008, 2009, 2010, 2011, 2012, 2013, 2014, 2015, 2016, 2017, 2018, 2019]"
48,True,False,1e-05,0.0001,0,"(0.6, 0.1, 0.3)",48,20,0,0,3.05,146.4,10.754,0.0,[0.5719],[None],20,"[2000, 2001, 2002, 2003, 2004, 2005, 2006, 2007, 2008, 2009, 2010, 2011, 2012, 2013, 2014, 2015, 2016, 2017, 2018, 2019]"
48,True,False,1e-05,0.0001,0,"(0.6, 0.1, 0.3)",48,20,2,0,3.1,148.8,10.624500000000001,0.0,[0.5719],[None],20,"[2000, 2001, 2002, 2003, 2004, 2005, 2006, 2007, 2008, 2009, 2010, 2011, 2012, 2013, 2014, 2015, 2016, 2017, 2018, 2019]"
48,True,False,1e-05,0.0001,0,"(0.6, 0.1, 0.3)",48,20,4,0,3.4,163.2,11.8595,0.0,[0.5719],[None],20,"[2000, 2001, 2002, 2003, 2004, 2005, 2006, 2007, 2008, 2009, 2010, 2011, 2012, 2013, 2014, 2015, 2016, 2017, 2018, 2019]"
48,True,False,1e-05,0.0001,0,"(0.7, 0.0, 0.3)",0,20,2,0,3.55,170.4,13.1775,0.0,[0.5719],[None],20,"[2000, 2001, 2002, 2003, 2004, 2005, 2006, 2007, 2008, 2009, 2010, 2011, 2012, 2013, 2014, 2015, 2016, 2017, 2018, 2019]"
48,True,False,1e-05,0.0001,0,"(0.7, 0.0, 0.3)",0,20,4,0,3.55,170.4,12.6995,0.0,[0.5719],[None],20,"[2000, 2001, 2002, 2003, 2004, 2005, 2006, 2007, 2008, 2009, 2010, 2011, 2012, 2013, 2014, 2015, 2016, 2017, 2018, 2019]"
48,True,False,1e-05,0.0001,0,"(0.7, 0.3, 0.0)",0,20,0,0,4.8,230.4,17.399,0.0,[0.5719],[None],20,"[2000, 2001, 2002, 2003, 2004, 2005, 2006, 2007, 2008, 2009, 2010, 2011, 2012, 2013, 2014, 2015, 2016, 2017, 2018, 2019]"
48,True,False,1e-05,0.0001,0,"(0.7, 0.3, 0.0)",0,20,2,0,5.3,254.4,19.8595,0.0,[0.5719],[None],20,"[2000, 2001, 2002, 2003, 2004, 2005, 2006, 2007, 2008, 2009, 2010, 2011, 2012, 2013, 2014, 2015, 2016, 2017, 2018, 2019]"
48,True,False,1e-05,0.0001,0,"(0.7, 0.3, 0.0)",0,20,4,0,5.15,247.2,18.8665,0.0,[0.5719],[None],20,"[2000, 2001, 2002, 2003, 2004, 2005, 2006, 2007, 2008, 2009, 2010, 2011, 2012, 2013, 2014, 2015, 2016, 2017, 2018, 2019]"
48,True,False,1e-05,0.0001,0,"(0.7, 0.3, 0.0)",48,20,0,0,4.8,230.4,17.4065,0.0,[0.5719],[None],20,"[2000, 2001, 2002, 2003, 2004, 2005, 2006, 2007, 2008, 2009, 2010, 2011, 2012, 2013, 2014, 2015, 2016, 2017, 2018, 2019]"
48,True,False,1e-05,0.0001,0,"(0.7, 0.3, 0.0)",48,20,2,0,5.3,254.4,19.9035,0.0,[0.5719],[None],20,"[2000, 2001, 2002, 2003, 2004, 2005, 2006, 2007, 2008, 2009, 2010, 2011, 2012, 2013, 2014, 2015, 2016, 2017, 2018, 2019]"
48,True,False,1e-05,0.0001,0,"(0.7, 0.3, 0.0)",48,20,4,0,5.15,247.2,18.872,0.0,[0.5719],[None],20,"[2000, 2001, 2002, 2003, 2004, 2005, 2006, 2007, 2008, 2009, 2010, 2011, 2012, 2013, 2014, 2015, 2016, 2017, 2018, 2019]"
48,True,False,1e-05,0.0001,100,"(0.3, 0.3, 0.4)",0,20,0,0,3.2,153.6,11.118500000000001,0.05,[0.5904],[None],20,"[2000, 2001, 2002, 2003, 2004, 2005, 2006, 2007, 2008, 2009, 2010, 2011, 2012, 2013, 2014, 2015, 2016, 2017, 2018, 2019]"
48,True,False,1e-05,0.0001,100,"(0.3, 0.3, 0.4)",0,20,2,0,3.45,165.6,12.078999999999999,0.0,[0.5904],[None],20,"[2000, 2001, 2002, 2003, 2004, 2005, 2006, 2007, 2008, 2009, 2010, 2011, 2012, 2013, 2014, 2015, 2016, 2017, 2018, 2019]"
48,True,False,1e-05,0.0001,100,"(0.3, 0.3, 0.4)",0,20,4,0,3.7,177.6,13.1345,0.0,[0.5904],[None],20,"[2000, 2001, 2002, 2003, 2004, 2005, 2006, 2007, 2008, 2009, 2010, 2011, 2012, 2013, 2014, 2015, 2016, 2017, 2018, 2019]"
48,True,False,1e-05,0.0001,100,"(0.3, 0.3, 0.4)",48,20,0,0,3.2,153.6,11.2605,0.05,[0.5904],[None],20,"[2000, 2001, 2002, 2003, 2004, 2005, 2006, 2007, 2008, 2009, 2010, 2011, 2012, 2013, 2014, 2015, 2016, 2017, 2018, 2019]"
48,True,False,1e-05,0.0001,100,"(0.3, 0.3, 0.4)",48,20,2,0,3.45,165.6,12.0315,0.0,[0.5904],[None],20,"[2000, 2001, 2002, 2003, 2004, 2005, 2006, 2007, 2008, 2009, 2010, 2011, 2012, 2013, 2014, 2015, 2016, 2017, 2018, 2019]"
48,True,False,1e-05,0.0001,100,"(0.3, 0.3, 0.4)",48,20,4,0,3.7,177.6,13.0435,0.0,[0.5904],[None],20,"[2000, 2001, 2002, 2003, 2004, 2005, 2006, 2007, 2008, 2009, 2010, 2011, 2012, 2013, 2014, 2015, 2016, 2017, 2018, 2019]"
48,True,False,1e-05,0.0001,100,"(0.4, 0.3, 0.3)",0,20,0,0,3.6,172.8,15.244499999999999,0.0,[0.5904],[None],20,"[2000, 2001, 2002, 2003, 2004, 2005, 2006, 2007, 2008, 2009, 2010, 2011, 2012, 2013, 2014, 2015, 2016, 2017, 2018, 2019]"
48,True,False,1e-05,0.0001,100,"(0.4, 0.3, 0.3)",48,20,0,0,3.6,172.8,12.581,0.0,[0.5904],[None],20,"[2000, 2001, 2002, 2003, 2004, 2005, 2006, 2007, 2008, 2009, 2010, 2011, 2012, 2013, 2014, 2015, 2016, 2017, 2018, 2019]"
48,True,False,1e-05,0.0001,100,"(0.5, 0.2, 0.3)",0,20,0,0,3.25,156.0,11.294,0.0,[0.5904],[None],20,"[2000, 2001, 2002, 2003, 2004, 2005, 2006, 2007, 2008, 2009, 2010, 2011, 2012, 2013, 2014, 2015, 2016, 2017, 2018, 2019]"
48,True,False,1e-05,0.0001,100,"(0.5, 0.2, 0.3)",0,20,2,0,3.8,182.4,13.525,0.0,[0.5904],[None],20,"[2000, 2001, 2002, 2003, 2004, 2005, 2006, 2007, 2008, 2009, 2010, 2011, 2012, 2013, 2014, 2015, 2016, 2017, 2018, 2019]"
48,True,False,1e-05,0.0001,100,"(0.5, 0.2, 0.3)",0,20,4,0,3.2,153.6,11.167,0.0,[0.5904],[None],20,"[2000, 2001, 2002, 2003, 2004, 2005, 2006, 2007, 2008, 2009, 2010, 2011, 2012, 2013, 2014, 2015, 2016, 2017, 2018, 2019]"
48,True,False,1e-05,0.0001,100,"(0.5, 0.2, 0.3)",48,20,0,0,3.25,156.0,11.383,0.0,[0.5904],[None],20,"[2000, 2001, 2002, 2003, 2004, 2005, 2006, 2007, 2008, 2009, 2010, 2011, 2012, 2013, 2014, 2015, 2016, 2017, 2018, 2019]"
48,True,False,1e-05,0.0001,100,"(0.5, 0.2, 0.3)",48,20,2,0,3.8,182.4,14.566999999999998,0.0,[0.5904],[None],20,"[2000, 2001, 2002, 2003, 2004, 2005, 2006, 2007, 2008, 2009, 2010, 2011, 2012, 2013, 2014, 2015, 2016, 2017, 2018, 2019]"
48,True,False,1e-05,0.0001,100,"(0.5, 0.2, 0.3)",48,20,4,0,3.2,153.6,11.1785,0.0,[0.5904],[None],20,"[2000, 2001, 2002, 2003, 2004, 2005, 2006, 2007, 2008, 2009, 2010, 2011, 2012, 2013, 2014, 2015, 2016, 2017, 2018, 2019]"
48,True,False,1e-05,0.0001,100,"(0.6, 0.1, 0.3)",0,20,0,0,3.05,146.4,10.779,0.0,[0.5904],[None],20,"[2000, 2001, 2002, 2003, 2004, 2005, 2006, 2007, 2008, 2009, 2010, 2011, 2012, 2013, 2014, 2015, 2016, 2017, 2018, 2019]"
48,True,False,1e-05,0.0001,100,"(0.6, 0.1, 0.3)",0,20,2,0,3.25,156.0,11.4795,0.0,[0.5904],[None],20,"[2000, 2001, 2002, 2003, 2004, 2005, 2006, 2007, 2008, 2009, 2010, 2011, 2012, 2013, 2014, 2015, 2016, 2017, 2018, 2019]"
48,True,False,1e-05,0.0001,100,"(0.6, 0.1, 0.3)",0,20,4,0,3.2,153.6,11.137,0.0,[0.5904],[None],20,"[2000, 2001, 2002, 2003, 2004, 2005, 2006, 2007, 2008, 2009, 2010, 2011, 2012, 2013, 2014, 2015, 2016, 2017, 2018, 2019]"
48,True,False,1e-05,0.0001,100,"(0.6, 0.1, 0.3)",48,20,0,0,3.05,146.4,10.783,0.0,[0.5904],[None],20,"[2000, 2001, 2002, 2003, 2004, 2005, 2006, 2007, 2008, 2009, 2010, 2011, 2012, 2013, 2014, 2015, 2016, 2017, 2018, 2019]"
48,True,False,1e-05,0.0001,100,"(0.6, 0.1, 0.3)",48,20,2,0,3.25,156.0,11.251000000000001,0.0,[0.5904],[None],20,"[2000, 2001, 2002, 2003, 2004, 2005, 2006, 2007, 2008, 2009, 2010, 2011, 2012, 2013, 2014, 2015, 2016, 2017, 2018, 2019]"
48,True,False,1e-05,0.0001,100,"(0.6, 0.1, 0.3)",48,20,4,0,3.2,153.6,11.047,0.0,[0.5904],[None],20,"[2000, 2001, 2002, 2003, 2004, 2005, 2006, 2007, 2008, 2009, 2010, 2011, 2012, 2013, 2014, 2015, 2016, 2017, 2018, 2019]"
48,True,False,1e-05,0.0001,100,"(0.7, 0.0, 0.3)",0,20,2,0,3.2,153.6,11.516499999999999,0.0,[0.5904],[None],20,"[2000, 2001, 2002, 2003, 2004, 2005, 2006, 2007, 2008, 2009, 2010, 2011, 2012, 2013, 2014, 2015, 2016, 2017, 2018, 2019]"
48,True,False,1e-05,0.0001,100,"(0.7, 0.0, 0.3)",0,20,4,0,3.15,151.2,10.889,0.0,[0.5904],[None],20,"[2000, 2001, 2002, 2003, 2004, 2005, 2006, 2007, 2008, 2009, 2010, 2011, 2012, 2013, 2014, 2015, 2016, 2017, 2018, 2019]"
48,True,False,1e-05,0.0001,100,"(0.7, 0.3, 0.0)",0,20,0,0,4.3,206.4,15.334,0.0,[0.5904],[None],20,"[2000, 2001, 2002, 2003, 2004, 2005, 2006, 2007, 2008, 2009, 2010, 2011, 2012, 2013, 2014, 2015, 2016, 2017, 2018, 2019]"
48,True,False,1e-05,0.0001,100,"(0.7, 0.3, 0.0)",0,20,2,0,4.15,199.2,14.7805,0.0,[0.5904],[None],20,"[2000, 2001, 2002, 2003, 2004, 2005, 2006, 2007, 2008, 2009, 2010, 2011, 2012, 2013, 2014, 2015, 2016, 2017, 2018, 2019]"
48,True,False,1e-05,0.0001,100,"(0.7, 0.3, 0.0)",0,20,4,0,4.75,228.0,17.2615,0.0,[0.5904],[None],20,"[2000, 2001, 2002, 2003, 2004, 2005, 2006, 2007, 2008, 2009, 2010, 2011, 2012, 2013, 2014, 2015, 2016, 2017, 2018, 2019]"
48,True,False,1e-05,0.0001,100,"(0.7, 0.3, 0.0)",48,20,0,0,4.3,206.4,15.372,0.0,[0.5904],[None],20,"[2000, 2001, 2002, 2003, 2004, 2005, 2006, 2007, 2008, 2009, 2010, 2011, 2012, 2013, 2014, 2015, 2016, 2017, 2018, 2019]"
48,True,False,1e-05,0.0001,100,"(0.7, 0.3, 0.0)",48,20,2,0,4.15,199.2,14.690999999999999,0.0,[0.5904],[None],20,"[2000, 2001, 2002, 2003, 2004, 2005, 2006, 2007, 2008, 2009, 2010, 2011, 2012, 2013, 2014, 2015, 2016, 2017, 2018, 2019]"
48,True,False,1e-05,0.0001,100,"(0.7, 0.3, 0.0)",48,20,4,0,4.75,228.0,17.575,0.0,[0.5904],[None],20,"[2000, 2001, 2002, 2003, 2004, 2005, 2006, 2007, 2008, 2009, 2010, 2011, 2012, 2013, 2014, 2015, 2016, 2017, 2018, 2019]"
48,True,False,1e-05,0.0001,200,"(0.3, 0.3, 0.4)",0,20,0,0,3.35,160.8,11.624500000000001,0.05,[0.5858],[None],20,"[2000, 2001, 2002, 2003, 2004, 2005, 2006, 2007, 2008, 2009, 2010, 2011, 2012, 2013, 2014, 2015, 2016, 2017, 2018, 2019]"
48,True,False,1e-05,0.0001,200,"(0.3, 0.3, 0.4)",0,20,2,0,3.3,158.4,11.4635,0.0,[0.5858],[None],20,"[2000, 2001, 2002, 2003, 2004, 2005, 2006, 2007, 2008, 2009, 2010, 2011, 2012, 2013, 2014, 2015, 2016, 2017, 2018, 2019]"
48,True,False,1e-05,0.0001,200,"(0.3, 0.3, 0.4)",0,20,4,0,3.2,153.6,11.0825,0.05,[0.5858],[None],20,"[2000, 2001, 2002, 2003, 2004, 2005, 2006, 2007, 2008, 2009, 2010, 2011, 2012, 2013, 2014, 2015, 2016, 2017, 2018, 2019]"
48,True,False,1e-05,0.0001,200,"(0.3, 0.3, 0.4)",48,20,0,0,3.35,160.8,11.572,0.05,[0.5858],[None],20,"[2000, 2001, 2002, 2003, 2004, 2005, 2006, 2007, 2008, 2009, 2010, 2011, 2012, 2013, 2014, 2015, 2016, 2017, 2018, 2019]"
48,True,False,1e-05,0.0001,200,"(0.3, 0.3, 0.4)",48,20,2,0,3.3,158.4,12.0345,0.0,[0.5858],[None],20,"[2000, 2001, 2002, 2003, 2004, 2005, 2006, 2007, 2008, 2009, 2010, 2011, 2012, 2013, 2014, 2015, 2016, 2017, 2018, 2019]"
48,True,False,1e-05,0.0001,200,"(0.3, 0.3, 0.4)",48,20,4,0,3.2,153.6,11.072,0.05,[0.5858],[None],20,"[2000, 2001, 2002, 2003, 2004, 2005, 2006, 2007, 2008, 2009, 2010, 2011, 2012, 2013, 2014, 2015, 2016, 2017, 2018, 2019]"
48,True,False,1e-05,0.0001,200,"(0.4, 0.3, 0.3)",0,20,0,0,3.65,175.2,14.38,0.0,[0.5858],[None],20,"[2000, 2001, 2002, 2003, 2004, 2005, 2006, 2007, 2008, 2009, 2010, 2011, 2012, 2013, 2014, 2015, 2016, 2017, 2018, 2019]"
48,True,False,1e-05,0.0001,200,"(0.4, 0.3, 0.3)",48,20,0,0,3.65,175.2,12.8185,0.0,[0.5858],[None],20,"[2000, 2001, 2002, 2003, 2004, 2005, 2006, 2007, 2008, 2009, 2010, 2011, 2012, 2013, 2014, 2015, 2016, 2017, 2018, 2019]"
48,True,False,1e-05,0.0001,200,"(0.5, 0.2, 0.3)",0,20,0,0,3.7,177.6,13.038499999999999,0.0,[0.5858],[None],20,"[2000, 2001, 2002, 2003, 2004, 2005, 2006, 2007, 2008, 2009, 2010, 2011, 2012, 2013, 2014, 2015, 2016, 2017, 2018, 2019]"
48,True,False,1e-05,0.0001,200,"(0.5, 0.2, 0.3)",0,20,2,0,3.2,153.6,11.036,0.05,[0.5858],[None],20,"[2000, 2001, 2002, 2003, 2004, 2005, 2006, 2007, 2008, 2009, 2010, 2011, 2012, 2013, 2014, 2015, 2016, 2017, 2018, 2019]"
48,True,False,1e-05,0.0001,200,"(0.5, 0.2, 0.3)",0,20,4,0,3.7,177.6,13.265,0.0,[0.5858],[None],20,"[2000, 2001, 2002, 2003, 2004, 2005, 2006, 2007, 2008, 2009, 2010, 2011, 2012, 2013, 2014, 2015, 2016, 2017, 2018, 2019]"
48,True,False,1e-05,0.0001,200,"(0.5, 0.2, 0.3)",48,20,0,0,3.7,177.6,12.996,0.0,[0.5858],[None],20,"[2000, 2001, 2002, 2003, 2004, 2005, 2006, 2007, 2008, 2009, 2010, 2011, 2012, 2013, 2014, 2015, 2016, 2017, 2018, 2019]"
48,True,False,1e-05,0.0001,200,"(0.5, 0.2, 0.3)",48,20,2,0,3.2,153.6,11.894499999999999,0.05,[0.5858],[None],20,"[2000, 2001, 2002, 2003, 2004, 2005, 2006, 2007, 2008, 2009, 2010, 2011, 2012, 2013, 2014, 2015, 2016, 2017, 2018, 2019]"
48,True,False,1e-05,0.0001,200,"(0.5, 0.2, 0.3)",48,20,4,0,3.7,177.6,13.1565,0.0,[0.5858],[None],20,"[2000, 2001, 2002, 2003, 2004, 2005, 2006, 2007, 2008, 2009, 2010, 2011, 2012, 2013, 2014, 2015, 2016, 2017, 2018, 2019]"
48,True,False,1e-05,0.0001,200,"(0.6, 0.1, 0.3)",0,20,0,0,3.45,165.6,12.1655,0.0,[0.5858],[None],20,"[2000, 2001, 2002, 2003, 2004, 2005, 2006, 2007, 2008, 2009, 2010, 2011, 2012, 2013, 2014, 2015, 2016, 2017, 2018, 2019]"
48,True,False,1e-05,0.0001,200,"(0.6, 0.1, 0.3)",0,20,2,0,3.25,156.0,11.492999999999999,0.0,[0.5858],[None],20,"[2000, 2001, 2002, 2003, 2004, 2005, 2006, 2007, 2008, 2009, 2010, 2011, 2012, 2013, 2014, 2015, 2016, 2017, 2018, 2019]"
48,True,False,1e-05,0.0001,200,"(0.6, 0.1, 0.3)",0,20,4,0,3.15,151.2,11.1195,0.0,[0.5858],[None],20,"[2000, 2001, 2002, 2003, 2004, 2005, 2006, 2007, 2008, 2009, 2010, 2011, 2012, 2013, 2014, 2015, 2016, 2017, 2018, 2019]"
48,True,False,1e-05,0.0001,200,"(0.6, 0.1, 0.3)",48,20,0,0,3.45,165.6,12.2805,0.0,[0.5858],[None],20,"[2000, 2001, 2002, 2003, 2004, 2005, 2006, 2007, 2008, 2009, 2010, 2011, 2012, 2013, 2014, 2015, 2016, 2017, 2018, 2019]"
48,True,False,1e-05,0.0001,200,"(0.6, 0.1, 0.3)",48,20,2,0,3.25,156.0,11.204,0.0,[0.5858],[None],20,"[2000, 2001, 2002, 2003, 2004, 2005, 2006, 2007, 2008, 2009, 2010, 2011, 2012, 2013, 2014, 2015, 2016, 2017, 2018, 2019]"
48,True,False,1e-05,0.0001,200,"(0.6, 0.1, 0.3)",48,20,4,0,3.15,151.2,11.197500000000002,0.0,[0.5858],[None],20,"[2000, 2001, 2002, 2003, 2004, 2005, 2006, 2007, 2008, 2009, 2010, 2011, 2012, 2013, 2014, 2015, 2016, 2017, 2018, 2019]"
48,True,False,1e-05,0.0001,200,"(0.7, 0.0, 0.3)",0,20,2,0,3.4,163.2,12.2455,0.0,[0.5858],[None],20,"[2000, 2001, 2002, 2003, 2004, 2005, 2006, 2007, 2008, 2009, 2010, 2011, 2012, 2013, 2014, 2015, 2016, 2017, 2018, 2019]"
48,True,False,1e-05,0.0001,200,"(0.7, 0.0, 0.3)",0,20,4,0,3.15,151.2,11.092,0.0,[0.5858],[None],20,"[2000, 2001, 2002, 2003, 2004, 2005, 2006, 2007, 2008, 2009, 2010, 2011, 2012, 2013, 2014, 2015, 2016, 2017, 2018, 2019]"
48,True,False,1e-05,0.0001,200,"(0.7, 0.3, 0.0)",0,20,0,0,4.2,201.6,15.081,0.0,[0.5858],[None],20,"[2000, 2001, 2002, 2003, 2004, 2005, 2006, 2007, 2008, 2009, 2010, 2011, 2012, 2013, 2014, 2015, 2016, 2017, 2018, 2019]"
48,True,False,1e-05,0.0001,200,"(0.7, 0.3, 0.0)",0,20,2,0,4.5,216.0,16.2085,0.0,[0.5858],[None],20,"[2000, 2001, 2002, 2003, 2004, 2005, 2006, 2007, 2008, 2009, 2010, 2011, 2012, 2013, 2014, 2015, 2016, 2017, 2018, 2019]"
48,True,False,1e-05,0.0001,200,"(0.7, 0.3, 0.0)",0,20,4,0,4.3,206.4,15.416999999999998,0.0,[0.5858],[None],20,"[2000, 2001, 2002, 2003, 2004, 2005, 2006, 2007, 2008, 2009, 2010, 2011, 2012, 2013, 2014, 2015, 2016, 2017, 2018, 2019]"
48,True,False,1e-05,0.0001,200,"(0.7, 0.3, 0.0)",48,20,0,0,4.2,201.6,15.041999999999998,0.0,[0.5858],[None],20,"[2000, 2001, 2002, 2003, 2004, 2005, 2006, 2007, 2008, 2009, 2010, 2011, 2012, 2013, 2014, 2015, 2016, 2017, 2018, 2019]"
48,True,False,1e-05,0.0001,200,"(0.7, 0.3, 0.0)",48,20,2,0,4.5,216.0,16.240000000000002,0.0,[0.5858],[None],20,"[2000, 2001, 2002, 2003, 2004, 2005, 2006, 2007, 2008, 2009, 2010, 2011, 2012, 2013, 2014, 2015, 2016, 2017, 2018, 2019]"
48,True,False,1e-05,0.0001,200,"(0.7, 0.3, 0.0)",48,20,4,0,4.3,206.4,15.631499999999999,0.0,[0.5858],[None],20,"[2000, 2001, 2002, 2003, 2004, 2005, 2006, 2007, 2008, 2009, 2010, 2011, 2012, 2013, 2014, 2015, 2016, 2017, 2018, 2019]"
