measure_size,scratch,encoder_freeze,encoder_lr,cost_predictor_lr,rank_warmup_epochs,weights,uncertainty_topk,grad_num,rand_num,lambda_pair,lambda_infonce,tau,tau_c,beta,gamma,noise_std,margin_scale,lambda_reg,feature_predictor_lr,epochs,phase,train_size,top-1,used_time,val_reg_r2,seed_n,sampling_seed
32,False,False,1e-05,1e-05,100,"(0.4, 0.3, 0.3)",0,2,0,3.0,0.0,0.0,,0.01,0.01,0.001,0.3,,,,6.75,230.4,0.15,44.5475,[0.4545],20,"[2000, 2001, 2002, 2003, 2004, 2005, 2006, 2007, 2008, 2009, 2010, 2011, 2012, 2013, 2014, 2015, 2016, 2017, 2018, 2019]"
32,False,False,1e-05,1e-05,100,"(0.4, 0.3, 0.3)",0,4,0,3.0,0.0,0.0,,0.01,0.01,0.001,0.3,,,,5.8,201.6,0.2,31.561500000000002,[0.4545],20,"[2000, 2001, 2002, 2003, 2004, 2005, 2006, 2007, 2008, 2009, 2010, 2011, 2012, 2013, 2014, 2015, 2016, 2017, 2018, 2019]"
32,False,False,1e-05,1e-05,100,"(0.4, 0.3, 0.3)",64,4,0,3.0,0.0,0.0,,0.01,0.01,0.001,0.3,,,,4.55,161.6,0.25,23.8445,[0.4545],20,"[2000, 2001, 2002, 2003, 2004, 2005, 2006, 2007, 2008, 2009, 2010, 2011, 2012, 2013, 2014, 2015, 2016, 2017, 2018, 2019]"
32,False,False,1e-05,1e-05,200,"(0.4, 0.3, 0.3)",0,2,0,3.0,0.0,0.0,,0.01,0.01,0.001,0.3,,,,5.5,192.0,0.25,29.047500000000003,[0.4735],20,"[2000, 2001, 2002, 2003, 2004, 2005, 2006, 2007, 2008, 2009, 2010, 2011, 2012, 2013, 2014, 2015, 2016, 2017, 2018, 2019]"
32,False,False,1e-05,1e-05,200,"(0.4, 0.3, 0.3)",0,4,0,3.0,0.0,0.0,,0.01,0.01,0.001,0.3,,,,5.8,201.6,0.25,30.9,[0.4735],20,"[2000, 2001, 2002, 2003, 2004, 2005, 2006, 2007, 2008, 2009, 2010, 2011, 2012, 2013, 2014, 2015, 2016, 2017, 2018, 2019]"
32,False,False,1e-05,1e-05,200,"(0.4, 0.3, 0.3)",64,2,0,3.0,0.0,0.0,,0.01,0.01,0.001,0.3,,,,6.35,219.2,0.35,36.137,[0.4735],20,"[2000, 2001, 2002, 2003, 2004, 2005, 2006, 2007, 2008, 2009, 2010, 2011, 2012, 2013, 2014, 2015, 2016, 2017, 2018, 2019]"
32,False,False,1e-05,1e-05,200,"(0.4, 0.3, 0.3)",64,4,0,3.0,0.0,0.0,,0.01,0.01,0.001,0.3,,,,6.35,219.2,0.35,36.9185,[0.4735],20,"[2000, 2001, 2002, 2003, 2004, 2005, 2006, 2007, 2008, 2009, 2010, 2011, 2012, 2013, 2014, 2015, 2016, 2017, 2018, 2019]"
32,False,False,1e-05,1e-05,300,"(0.4, 0.3, 0.3)",0,2,0,3.0,0.0,0.0,,0.01,0.01,0.001,0.3,,,,4.75,168.0,0.35,24.7935,[0.4884],20,"[2000, 2001, 2002, 2003, 2004, 2005, 2006, 2007, 2008, 2009, 2010, 2011, 2012, 2013, 2014, 2015, 2016, 2017, 2018, 2019]"
32,False,False,1e-05,1e-05,300,"(0.4, 0.3, 0.3)",0,4,0,3.0,0.0,0.0,,0.01,0.01,0.001,0.3,,,,6.3,217.6,0.4,36.141000000000005,[0.4884],20,"[2000, 2001, 2002, 2003, 2004, 2005, 2006, 2007, 2008, 2009, 2010, 2011, 2012, 2013, 2014, 2015, 2016, 2017, 2018, 2019]"
32,False,False,1e-05,1e-05,300,"(0.4, 0.3, 0.3)",64,2,0,3.0,0.0,0.0,,0.01,0.01,0.001,0.3,,,,4.15,148.8,0.35,16.759,[0.4884],20,"[2000, 2001, 2002, 2003, 2004, 2005, 2006, 2007, 2008, 2009, 2010, 2011, 2012, 2013, 2014, 2015, 2016, 2017, 2018, 2019]"
32,False,False,1e-05,1e-05,300,"(0.4, 0.3, 0.3)",64,4,0,3.0,0.0,0.0,,0.01,0.01,0.001,0.3,,,,5.6,195.2,0.25,28.163,[0.4884],20,"[2000, 2001, 2002, 2003, 2004, 2005, 2006, 2007, 2008, 2009, 2010, 2011, 2012, 2013, 2014, 2015, 2016, 2017, 2018, 2019]"
32,False,False,1e-05,1e-05,400,"(0.4, 0.3, 0.3)",0,2,0,3.0,0.0,0.0,,0.01,0.01,0.001,0.3,,,,5.2,182.4,0.3,24.1365,[0.503],20,"[2000, 2001, 2002, 2003, 2004, 2005, 2006, 2007, 2008, 2009, 2010, 2011, 2012, 2013, 2014, 2015, 2016, 2017, 2018, 2019]"
32,False,False,1e-05,1e-05,400,"(0.4, 0.3, 0.3)",0,4,0,3.0,0.0,0.0,,0.01,0.01,0.001,0.3,,,,4.6,163.2,0.3,23.188499999999998,[0.503],20,"[2000, 2001, 2002, 2003, 2004, 2005, 2006, 2007, 2008, 2009, 2010, 2011, 2012, 2013, 2014, 2015, 2016, 2017, 2018, 2019]"
32,False,False,1e-05,1e-05,400,"(0.4, 0.3, 0.3)",64,2,0,3.0,0.0,0.0,,0.01,0.01,0.001,0.3,,,,4.65,164.8,0.35,21.1895,[0.503],20,"[2000, 2001, 2002, 2003, 2004, 2005, 2006, 2007, 2008, 2009, 2010, 2011, 2012, 2013, 2014, 2015, 2016, 2017, 2018, 2019]"
32,False,False,1e-05,1e-05,400,"(0.4, 0.3, 0.3)",64,4,0,3.0,0.0,0.0,,0.01,0.01,0.001,0.3,,,,5.25,184.0,0.35,25.961000000000002,[0.503],20,"[2000, 2001, 2002, 2003, 2004, 2005, 2006, 2007, 2008, 2009, 2010, 2011, 2012, 2013, 2014, 2015, 2016, 2017, 2018, 2019]"
32,False,False,1e-05,1e-05,500,"(0.4, 0.3, 0.3)",0,2,0,3.0,0.0,0.0,,0.01,0.01,0.001,0.3,,,,4.5,160.0,0.1,21.792,[0.5101],20,"[2000, 2001, 2002, 2003, 2004, 2005, 2006, 2007, 2008, 2009, 2010, 2011, 2012, 2013, 2014, 2015, 2016, 2017, 2018, 2019]"
32,False,False,1e-05,1e-05,500,"(0.4, 0.3, 0.3)",0,4,0,3.0,0.0,0.0,,0.01,0.01,0.001,0.3,,,,3.35,123.2,0.2,13.055000000000001,[0.5101],20,"[2000, 2001, 2002, 2003, 2004, 2005, 2006, 2007, 2008, 2009, 2010, 2011, 2012, 2013, 2014, 2015, 2016, 2017, 2018, 2019]"
32,False,False,1e-05,1e-05,500,"(0.4, 0.3, 0.3)",64,2,0,3.0,0.0,0.0,,0.01,0.01,0.001,0.3,,,,3.2,118.4,0.2,11.907,[0.5101],20,"[2000, 2001, 2002, 2003, 2004, 2005, 2006, 2007, 2008, 2009, 2010, 2011, 2012, 2013, 2014, 2015, 2016, 2017, 2018, 2019]"
32,False,False,1e-05,1e-05,500,"(0.4, 0.3, 0.3)",64,4,0,3.0,0.0,0.0,,0.01,0.01,0.001,0.3,,,,3.55,129.6,0.3,13.991499999999998,[0.5101],20,"[2000, 2001, 2002, 2003, 2004, 2005, 2006, 2007, 2008, 2009, 2010, 2011, 2012, 2013, 2014, 2015, 2016, 2017, 2018, 2019]"
32,False,False,1e-05,0.0001,100,"(0.4, 0.3, 0.3)",0,2,0,3.0,0.0,0.0,,0.01,0.01,0.001,0.3,,,,3.2,102.4,0.2,11.361,"[0.4159, 0.3981]",20,"[2000, 2001, 2002, 2003, 2004, 2005, 2006, 2007, 2008, 2009, 2010, 2011, 2012, 2013, 2014, 2015, 2016, 2017, 2018, 2019]"
32,False,False,1e-05,0.0001,100,"(0.4, 0.3, 0.3)",0,4,0,3.0,0.0,0.0,,0.01,0.01,0.001,0.3,,,,2.7,102.4,0.25,9.0195,"[0.4159, 0.3951]",20,"[2000, 2001, 2002, 2003, 2004, 2005, 2006, 2007, 2008, 2009, 2010, 2011, 2012, 2013, 2014, 2015, 2016, 2017, 2018, 2019]"
32,False,False,1e-05,0.0001,100,"(0.4, 0.3, 0.3)",64,4,0,3.0,0.0,0.0,,0.01,0.01,0.001,0.3,,,,4.0,144.0,0.4,15.229499999999998,"[0.4159, 0.507]",20,"[2000, 2001, 2002, 2003, 2004, 2005, 2006, 2007, 2008, 2009, 2010, 2011, 2012, 2013, 2014, 2015, 2016, 2017, 2018, 2019]"
32,False,False,1e-05,0.0001,200,"(0.4, 0.3, 0.3)",0,2,0,3.0,0.0,0.0,,0.01,0.01,0.001,0.3,,,,2.6,83.2,0.15,9.047,[0.418],20,"[2000, 2001, 2002, 2003, 2004, 2005, 2006, 2007, 2008, 2009, 2010, 2011, 2012, 2013, 2014, 2015, 2016, 2017, 2018, 2019]"
32,False,False,1e-05,0.0001,200,"(0.4, 0.3, 0.3)",0,4,0,3.0,0.0,0.0,,0.01,0.01,0.001,0.3,,,,2.95,110.4,0.15,10.020999999999999,[0.418],20,"[2000, 2001, 2002, 2003, 2004, 2005, 2006, 2007, 2008, 2009, 2010, 2011, 2012, 2013, 2014, 2015, 2016, 2017, 2018, 2019]"
32,False,False,1e-05,0.0001,200,"(0.4, 0.3, 0.3)",64,4,0,3.0,0.0,0.0,,0.01,0.01,0.001,0.3,,,,3.55,129.6,0.15,14.663500000000003,[0.418],20,"[2000, 2001, 2002, 2003, 2004, 2005, 2006, 2007, 2008, 2009, 2010, 2011, 2012, 2013, 2014, 2015, 2016, 2017, 2018, 2019]"
32,False,False,1e-05,0.0001,300,"(0.4, 0.3, 0.3)",0,2,0,3.0,0.0,0.0,,0.01,0.01,0.001,0.3,,,,2.7,86.4,0.15,9.432,[0.4167],20,"[2000, 2001, 2002, 2003, 2004, 2005, 2006, 2007, 2008, 2009, 2010, 2011, 2012, 2013, 2014, 2015, 2016, 2017, 2018, 2019]"
32,False,False,1e-05,0.0001,300,"(0.4, 0.3, 0.3)",0,4,0,3.0,0.0,0.0,,0.01,0.01,0.001,0.3,,,,2.9,108.8,0.2,9.846499999999999,[0.4167],20,"[2000, 2001, 2002, 2003, 2004, 2005, 2006, 2007, 2008, 2009, 2010, 2011, 2012, 2013, 2014, 2015, 2016, 2017, 2018, 2019]"
32,False,False,1e-05,0.0001,300,"(0.4, 0.3, 0.3)",64,4,0,3.0,0.0,0.0,,0.01,0.01,0.001,0.3,,,,2.7,102.4,0.3,9.0895,[0.4167],20,"[2000, 2001, 2002, 2003, 2004, 2005, 2006, 2007, 2008, 2009, 2010, 2011, 2012, 2013, 2014, 2015, 2016, 2017, 2018, 2019]"
32,False,False,1e-05,0.0001,400,"(0.4, 0.3, 0.3)",0,2,0,3.0,0.0,0.0,,0.01,0.01,0.001,0.3,,,,3.75,120.0,0.15,15.3355,[0.4128],20,"[2000, 2001, 2002, 2003, 2004, 2005, 2006, 2007, 2008, 2009, 2010, 2011, 2012, 2013, 2014, 2015, 2016, 2017, 2018, 2019]"
32,False,False,1e-05,0.0001,400,"(0.4, 0.3, 0.3)",0,4,0,3.0,0.0,0.0,,0.01,0.01,0.001,0.3,,,,2.95,110.4,0.2,9.8445,[0.4128],20,"[2000, 2001, 2002, 2003, 2004, 2005, 2006, 2007, 2008, 2009, 2010, 2011, 2012, 2013, 2014, 2015, 2016, 2017, 2018, 2019]"
32,False,False,1e-05,0.0001,400,"(0.4, 0.3, 0.3)",64,4,0,3.0,0.0,0.0,,0.01,0.01,0.001,0.3,,,,2.8,105.6,0.25,9.548,[0.4128],20,"[2000, 2001, 2002, 2003, 2004, 2005, 2006, 2007, 2008, 2009, 2010, 2011, 2012, 2013, 2014, 2015, 2016, 2017, 2018, 2019]"
32,False,False,1e-05,0.0001,500,"(0.4, 0.3, 0.3)",0,2,0,3.0,0.0,0.0,,0.01,0.01,0.001,0.3,,,,4.4,140.8,0.3,19.663,[0.4154],20,"[2000, 2001, 2002, 2003, 2004, 2005, 2006, 2007, 2008, 2009, 2010, 2011, 2012, 2013, 2014, 2015, 2016, 2017, 2018, 2019]"
32,False,False,1e-05,0.0001,500,"(0.4, 0.3, 0.3)",0,4,0,3.0,0.0,0.0,,0.01,0.01,0.001,0.3,,,,3.85,139.2,0.1,15.16,[0.4154],20,"[2000, 2001, 2002, 2003, 2004, 2005, 2006, 2007, 2008, 2009, 2010, 2011, 2012, 2013, 2014, 2015, 2016, 2017, 2018, 2019]"
32,False,False,1e-05,0.0001,500,"(0.4, 0.3, 0.3)",64,4,0,3.0,0.0,0.0,,0.01,0.01,0.001,0.3,,,,4.2,150.4,0.15,18.344500000000004,[0.4154],20,"[2000, 2001, 2002, 2003, 2004, 2005, 2006, 2007, 2008, 2009, 2010, 2011, 2012, 2013, 2014, 2015, 2016, 2017, 2018, 2019]"
48,False,False,1e-05,1e-05,0,"(0.3, 0.3, 0.4)",0,0,0,3.0,0.0,0.0,,0.01,0.01,0.001,0.3,,,,3.4,163.2,0.45,21.5575,[0.3676],20,"[2000, 2001, 2002, 2003, 2004, 2005, 2006, 2007, 2008, 2009, 2010, 2011, 2012, 2013, 2014, 2015, 2016, 2017, 2018, 2019]"
48,False,False,1e-05,1e-05,0,"(0.3, 0.3, 0.4)",0,2,0,3.0,0.0,0.0,,0.01,0.01,0.001,0.3,,,,3.2,153.6,0.5,18.9655,[0.3676],20,"[2000, 2001, 2002, 2003, 2004, 2005, 2006, 2007, 2008, 2009, 2010, 2011, 2012, 2013, 2014, 2015, 2016, 2017, 2018, 2019]"
48,False,False,1e-05,1e-05,0,"(0.3, 0.3, 0.4)",0,4,0,3.0,0.0,0.0,,0.01,0.01,0.001,0.3,,,,3.2,153.6,0.55,17.906,[0.3676],20,"[2000, 2001, 2002, 2003, 2004, 2005, 2006, 2007, 2008, 2009, 2010, 2011, 2012, 2013, 2014, 2015, 2016, 2017, 2018, 2019]"
48,False,False,1e-05,1e-05,0,"(0.3, 0.3, 0.4)",48,0,0,3.0,0.0,0.0,,0.01,0.01,0.001,0.3,,,,3.4,163.2,0.45,21.619999999999997,[0.3676],20,"[2000, 2001, 2002, 2003, 2004, 2005, 2006, 2007, 2008, 2009, 2010, 2011, 2012, 2013, 2014, 2015, 2016, 2017, 2018, 2019]"
48,False,False,1e-05,1e-05,0,"(0.3, 0.3, 0.4)",48,2,0,3.0,0.0,0.0,,0.01,0.01,0.001,0.3,,,,3.2,153.6,0.5,18.7885,[0.3676],20,"[2000, 2001, 2002, 2003, 2004, 2005, 2006, 2007, 2008, 2009, 2010, 2011, 2012, 2013, 2014, 2015, 2016, 2017, 2018, 2019]"
48,False,False,1e-05,1e-05,0,"(0.3, 0.3, 0.4)",48,4,0,3.0,0.0,0.0,,0.01,0.01,0.001,0.3,,,,3.2,153.6,0.55,17.9055,[0.3676],20,"[2000, 2001, 2002, 2003, 2004, 2005, 2006, 2007, 2008, 2009, 2010, 2011, 2012, 2013, 2014, 2015, 2016, 2017, 2018, 2019]"
48,False,False,1e-05,1e-05,0,"(0.4, 0.3, 0.3)",0,0,0,3.0,0.0,0.0,,0.01,0.01,0.001,0.3,,,,3.25,156.0,0.55,20.779500000000002,[0.3676],20,"[2000, 2001, 2002, 2003, 2004, 2005, 2006, 2007, 2008, 2009, 2010, 2011, 2012, 2013, 2014, 2015, 2016, 2017, 2018, 2019]"
48,False,False,1e-05,1e-05,0,"(0.4, 0.3, 0.3)",0,2,0,3.0,0.0,0.0,,0.01,0.01,0.001,0.3,,,,3.35,160.8,0.55,27.145500000000006,[0.3676],20,"[2000, 2001, 2002, 2003, 2004, 2005, 2006, 2007, 2008, 2009, 2010, 2011, 2012, 2013, 2014, 2015, 2016, 2017, 2018, 2019]"
48,False,False,1e-05,1e-05,0,"(0.4, 0.3, 0.3)",0,4,0,3.0,0.0,0.0,,0.01,0.01,0.001,0.3,,,,3.1,148.8,0.45,23.201,[0.3676],20,"[2000, 2001, 2002, 2003, 2004, 2005, 2006, 2007, 2008, 2009, 2010, 2011, 2012, 2013, 2014, 2015, 2016, 2017, 2018, 2019]"
48,False,False,1e-05,1e-05,0,"(0.4, 0.3, 0.3)",48,0,0,3.0,0.0,0.0,,0.01,0.01,0.001,0.3,,,,3.25,156.0,0.55,19.683500000000002,[0.3676],20,"[2000, 2001, 2002, 2003, 2004, 2005, 2006, 2007, 2008, 2009, 2010, 2011, 2012, 2013, 2014, 2015, 2016, 2017, 2018, 2019]"
48,False,False,1e-05,1e-05,0,"(0.4, 0.3, 0.3)",48,2,0,3.0,0.0,0.0,,0.01,0.01,0.001,0.3,,,,3.35,160.8,0.55,20.746000000000002,[0.3676],20,"[2000, 2001, 2002, 2003, 2004, 2005, 2006, 2007, 2008, 2009, 2010, 2011, 2012, 2013, 2014, 2015, 2016, 2017, 2018, 2019]"
48,False,False,1e-05,1e-05,0,"(0.4, 0.3, 0.3)",48,4,0,3.0,0.0,0.0,,0.01,0.01,0.001,0.3,,,,3.1,148.8,0.45,17.517500000000002,[0.3676],20,"[2000, 2001, 2002, 2003, 2004, 2005, 2006, 2007, 2008, 2009, 2010, 2011, 2012, 2013, 2014, 2015, 2016, 2017, 2018, 2019]"
48,False,False,1e-05,1e-05,0,"(0.5, 0.2, 0.3)",0,0,0,3.0,0.0,0.0,,0.01,0.01,0.001,0.3,,,,3.25,156.0,0.6,19.583999999999996,[0.3676],20,"[2000, 2001, 2002, 2003, 2004, 2005, 2006, 2007, 2008, 2009, 2010, 2011, 2012, 2013, 2014, 2015, 2016, 2017, 2018, 2019]"
48,False,False,1e-05,1e-05,0,"(0.5, 0.2, 0.3)",0,2,0,3.0,0.0,0.0,,0.01,0.01,0.001,0.3,,,,3.1,148.8,0.55,17.467499999999998,[0.3676],20,"[2000, 2001, 2002, 2003, 2004, 2005, 2006, 2007, 2008, 2009, 2010, 2011, 2012, 2013, 2014, 2015, 2016, 2017, 2018, 2019]"
48,False,False,1e-05,1e-05,0,"(0.5, 0.2, 0.3)",0,4,0,3.0,0.0,0.0,,0.01,0.01,0.001,0.3,,,,3.2,153.6,0.5,18.461000000000002,[0.3676],20,"[2000, 2001, 2002, 2003, 2004, 2005, 2006, 2007, 2008, 2009, 2010, 2011, 2012, 2013, 2014, 2015, 2016, 2017, 2018, 2019]"
48,False,False,1e-05,1e-05,0,"(0.5, 0.2, 0.3)",48,0,0,3.0,0.0,0.0,,0.01,0.01,0.001,0.3,,,,3.25,156.0,0.6,19.625999999999998,[0.3676],20,"[2000, 2001, 2002, 2003, 2004, 2005, 2006, 2007, 2008, 2009, 2010, 2011, 2012, 2013, 2014, 2015, 2016, 2017, 2018, 2019]"
48,False,False,1e-05,1e-05,0,"(0.5, 0.2, 0.3)",48,2,0,3.0,0.0,0.0,,0.01,0.01,0.001,0.3,,,,3.1,148.8,0.55,18.764000000000003,[0.3676],20,"[2000, 2001, 2002, 2003, 2004, 2005, 2006, 2007, 2008, 2009, 2010, 2011, 2012, 2013, 2014, 2015, 2016, 2017, 2018, 2019]"
48,False,False,1e-05,1e-05,0,"(0.5, 0.2, 0.3)",48,4,0,3.0,0.0,0.0,,0.01,0.01,0.001,0.3,,,,3.2,153.6,0.5,17.8355,[0.3676],20,"[2000, 2001, 2002, 2003, 2004, 2005, 2006, 2007, 2008, 2009, 2010, 2011, 2012, 2013, 2014, 2015, 2016, 2017, 2018, 2019]"
48,False,False,1e-05,1e-05,0,"(0.6, 0.1, 0.3)",0,0,0,3.0,0.0,0.0,,0.01,0.01,0.001,0.3,,,,2.6,124.8,0.45,11.3265,[0.3676],20,"[2000, 2001, 2002, 2003, 2004, 2005, 2006, 2007, 2008, 2009, 2010, 2011, 2012, 2013, 2014, 2015, 2016, 2017, 2018, 2019]"
48,False,False,1e-05,1e-05,0,"(0.6, 0.1, 0.3)",0,2,0,3.0,0.0,0.0,,0.01,0.01,0.001,0.3,,,,3.25,156.0,0.45,20.080499999999997,[0.3676],20,"[2000, 2001, 2002, 2003, 2004, 2005, 2006, 2007, 2008, 2009, 2010, 2011, 2012, 2013, 2014, 2015, 2016, 2017, 2018, 2019]"
48,False,False,1e-05,1e-05,0,"(0.6, 0.1, 0.3)",0,4,0,3.0,0.0,0.0,,0.01,0.01,0.001,0.3,,,,3.2,153.6,0.45,19.226,[0.3676],20,"[2000, 2001, 2002, 2003, 2004, 2005, 2006, 2007, 2008, 2009, 2010, 2011, 2012, 2013, 2014, 2015, 2016, 2017, 2018, 2019]"
48,False,False,1e-05,1e-05,0,"(0.6, 0.1, 0.3)",48,0,0,3.0,0.0,0.0,,0.01,0.01,0.001,0.3,,,,2.6,124.8,0.45,11.0355,[0.3676],20,"[2000, 2001, 2002, 2003, 2004, 2005, 2006, 2007, 2008, 2009, 2010, 2011, 2012, 2013, 2014, 2015, 2016, 2017, 2018, 2019]"
48,False,False,1e-05,1e-05,0,"(0.6, 0.1, 0.3)",48,2,0,3.0,0.0,0.0,,0.01,0.01,0.001,0.3,,,,3.25,156.0,0.45,20.3005,[0.3676],20,"[2000, 2001, 2002, 2003, 2004, 2005, 2006, 2007, 2008, 2009, 2010, 2011, 2012, 2013, 2014, 2015, 2016, 2017, 2018, 2019]"
48,False,False,1e-05,1e-05,0,"(0.6, 0.1, 0.3)",48,4,0,3.0,0.0,0.0,,0.01,0.01,0.001,0.3,,,,3.2,153.6,0.45,19.18,[0.3676],20,"[2000, 2001, 2002, 2003, 2004, 2005, 2006, 2007, 2008, 2009, 2010, 2011, 2012, 2013, 2014, 2015, 2016, 2017, 2018, 2019]"
48,False,False,1e-05,1e-05,0,"(0.7, 0.0, 0.3)",0,0,0,3.0,0.0,0.0,,0.01,0.01,0.001,0.3,,,,1.65,79.2,0.35,5.4825,[0.3676],20,"[2000, 2001, 2002, 2003, 2004, 2005, 2006, 2007, 2008, 2009, 2010, 2011, 2012, 2013, 2014, 2015, 2016, 2017, 2018, 2019]"
48,False,False,1e-05,1e-05,0,"(0.7, 0.0, 0.3)",0,2,0,3.0,0.0,0.0,,0.01,0.01,0.001,0.3,,,,1.6,76.8,0.35,5.4135,[0.3676],20,"[2000, 2001, 2002, 2003, 2004, 2005, 2006, 2007, 2008, 2009, 2010, 2011, 2012, 2013, 2014, 2015, 2016, 2017, 2018, 2019]"
48,False,False,1e-05,1e-05,0,"(0.7, 0.0, 0.3)",0,4,0,3.0,0.0,0.0,,0.01,0.01,0.001,0.3,,,,2.55,122.4,0.35,11.0265,[0.3676],20,"[2000, 2001, 2002, 2003, 2004, 2005, 2006, 2007, 2008, 2009, 2010, 2011, 2012, 2013, 2014, 2015, 2016, 2017, 2018, 2019]"
48,False,False,1e-05,1e-05,0,"(0.7, 0.3, 0.0)",0,0,0,3.0,0.0,0.0,,0.01,0.01,0.001,0.3,,,,6.25,300.0,0.15,39.9195,[0.3676],20,"[2000, 2001, 2002, 2003, 2004, 2005, 2006, 2007, 2008, 2009, 2010, 2011, 2012, 2013, 2014, 2015, 2016, 2017, 2018, 2019]"
48,False,False,1e-05,1e-05,0,"(0.7, 0.3, 0.0)",0,2,0,3.0,0.0,0.0,,0.01,0.01,0.001,0.3,,,,5.4,259.2,0.15,33.393,[0.3676],20,"[2000, 2001, 2002, 2003, 2004, 2005, 2006, 2007, 2008, 2009, 2010, 2011, 2012, 2013, 2014, 2015, 2016, 2017, 2018, 2019]"
48,False,False,1e-05,1e-05,0,"(0.7, 0.3, 0.0)",0,4,0,3.0,0.0,0.0,,0.01,0.01,0.001,0.3,,,,5.25,252.0,0.25,32.571000000000005,[0.3676],20,"[2000, 2001, 2002, 2003, 2004, 2005, 2006, 2007, 2008, 2009, 2010, 2011, 2012, 2013, 2014, 2015, 2016, 2017, 2018, 2019]"
48,False,False,1e-05,1e-05,0,"(0.7, 0.3, 0.0)",48,0,0,3.0,0.0,0.0,,0.01,0.01,0.001,0.3,,,,6.25,300.0,0.15,40.106,[0.3676],20,"[2000, 2001, 2002, 2003, 2004, 2005, 2006, 2007, 2008, 2009, 2010, 2011, 2012, 2013, 2014, 2015, 2016, 2017, 2018, 2019]"
48,False,False,1e-05,1e-05,0,"(0.7, 0.3, 0.0)",48,2,0,3.0,0.0,0.0,,0.01,0.01,0.001,0.3,,,,5.4,259.2,0.15,33.628,[0.3676],20,"[2000, 2001, 2002, 2003, 2004, 2005, 2006, 2007, 2008, 2009, 2010, 2011, 2012, 2013, 2014, 2015, 2016, 2017, 2018, 2019]"
48,False,False,1e-05,1e-05,0,"(0.7, 0.3, 0.0)",48,4,0,3.0,0.0,0.0,,0.01,0.01,0.001,0.3,,,,5.25,252.0,0.25,32.859,[0.3676],20,"[2000, 2001, 2002, 2003, 2004, 2005, 2006, 2007, 2008, 2009, 2010, 2011, 2012, 2013, 2014, 2015, 2016, 2017, 2018, 2019]"
48,False,False,1e-05,1e-05,100,"(0.3, 0.3, 0.4)",0,0,0,3.0,0.0,0.0,,0.01,0.01,0.001,0.3,,,,3.0,144.0,0.45,17.0795,[0.3974],20,"[2000, 2001, 2002, 2003, 2004, 2005, 2006, 2007, 2008, 2009, 2010, 2011, 2012, 2013, 2014, 2015, 2016, 2017, 2018, 2019]"
48,False,False,1e-05,1e-05,100,"(0.3, 0.3, 0.4)",0,2,0,3.0,0.0,0.0,,0.01,0.01,0.001,0.3,,,,2.9,139.2,0.5,15.7195,[0.3974],20,"[2000, 2001, 2002, 2003, 2004, 2005, 2006, 2007, 2008, 2009, 2010, 2011, 2012, 2013, 2014, 2015, 2016, 2017, 2018, 2019]"
48,False,False,1e-05,1e-05,100,"(0.3, 0.3, 0.4)",0,4,0,3.0,0.0,0.0,,0.01,0.01,0.001,0.3,,,,2.9,139.2,0.5,15.764000000000001,[0.3974],20,"[2000, 2001, 2002, 2003, 2004, 2005, 2006, 2007, 2008, 2009, 2010, 2011, 2012, 2013, 2014, 2015, 2016, 2017, 2018, 2019]"
48,False,False,1e-05,1e-05,100,"(0.3, 0.3, 0.4)",48,0,0,3.0,0.0,0.0,,0.01,0.01,0.001,0.3,,,,3.0,144.0,0.45,17.319499999999998,[0.3974],20,"[2000, 2001, 2002, 2003, 2004, 2005, 2006, 2007, 2008, 2009, 2010, 2011, 2012, 2013, 2014, 2015, 2016, 2017, 2018, 2019]"
48,False,False,1e-05,1e-05,100,"(0.3, 0.3, 0.4)",48,2,0,3.0,0.0,0.0,,0.01,0.01,0.001,0.3,,,,2.9,139.2,0.5,15.896,[0.3974],20,"[2000, 2001, 2002, 2003, 2004, 2005, 2006, 2007, 2008, 2009, 2010, 2011, 2012, 2013, 2014, 2015, 2016, 2017, 2018, 2019]"
48,False,False,1e-05,1e-05,100,"(0.3, 0.3, 0.4)",48,4,0,3.0,0.0,0.0,,0.01,0.01,0.001,0.3,,,,2.9,139.2,0.5,15.796000000000001,[0.3974],20,"[2000, 2001, 2002, 2003, 2004, 2005, 2006, 2007, 2008, 2009, 2010, 2011, 2012, 2013, 2014, 2015, 2016, 2017, 2018, 2019]"
48,False,False,1e-05,1e-05,100,"(0.4, 0.3, 0.3)",0,0,0,3.0,0.0,0.0,,0.01,0.01,0.001,0.3,,,,2.9,139.2,0.4,15.822999999999999,[0.3974],20,"[2000, 2001, 2002, 2003, 2004, 2005, 2006, 2007, 2008, 2009, 2010, 2011, 2012, 2013, 2014, 2015, 2016, 2017, 2018, 2019]"
48,False,False,1e-05,1e-05,100,"(0.4, 0.3, 0.3)",0,2,0,3.0,0.0,0.0,,0.01,0.01,0.001,0.3,,,,3.4,163.2,0.4,16.6395,[0.4545],20,"[2000, 2001, 2002, 2003, 2004, 2005, 2006, 2007, 2008, 2009, 2010, 2011, 2012, 2013, 2014, 2015, 2016, 2017, 2018, 2019]"
48,False,False,1e-05,1e-05,100,"(0.4, 0.3, 0.3)",0,4,0,3.0,0.0,0.0,,0.01,0.01,0.001,0.3,,,,3.75,180.0,0.35,18.8895,[0.4545],20,"[2000, 2001, 2002, 2003, 2004, 2005, 2006, 2007, 2008, 2009, 2010, 2011, 2012, 2013, 2014, 2015, 2016, 2017, 2018, 2019]"
48,False,False,1e-05,1e-05,100,"(0.4, 0.3, 0.3)",48,0,0,3.0,0.0,0.0,,0.01,0.01,0.001,0.3,,,,2.9,139.2,0.4,20.0935,[0.3974],20,"[2000, 2001, 2002, 2003, 2004, 2005, 2006, 2007, 2008, 2009, 2010, 2011, 2012, 2013, 2014, 2015, 2016, 2017, 2018, 2019]"
48,False,False,1e-05,1e-05,100,"(0.4, 0.3, 0.3)",64,2,0,3.0,0.0,0.0,,0.01,0.01,0.001,0.3,,,,3.45,165.6,0.5,17.017500000000002,[0.4545],20,"[2000, 2001, 2002, 2003, 2004, 2005, 2006, 2007, 2008, 2009, 2010, 2011, 2012, 2013, 2014, 2015, 2016, 2017, 2018, 2019]"
48,False,False,1e-05,1e-05,100,"(0.4, 0.3, 0.3)",64,4,0,3.0,0.0,0.0,,0.01,0.01,0.001,0.3,,,,3.55,170.4,0.5,17.913,[0.4545],20,"[2000, 2001, 2002, 2003, 2004, 2005, 2006, 2007, 2008, 2009, 2010, 2011, 2012, 2013, 2014, 2015, 2016, 2017, 2018, 2019]"
48,False,False,1e-05,1e-05,100,"(0.5, 0.2, 0.3)",0,0,0,3.0,0.0,0.0,,0.01,0.01,0.001,0.3,,,,2.85,136.8,0.45,15.102,[0.3974],20,"[2000, 2001, 2002, 2003, 2004, 2005, 2006, 2007, 2008, 2009, 2010, 2011, 2012, 2013, 2014, 2015, 2016, 2017, 2018, 2019]"
48,False,False,1e-05,1e-05,100,"(0.5, 0.2, 0.3)",0,2,0,3.0,0.0,0.0,,0.01,0.01,0.001,0.3,,,,2.8,134.4,0.45,15.0425,[0.3974],20,"[2000, 2001, 2002, 2003, 2004, 2005, 2006, 2007, 2008, 2009, 2010, 2011, 2012, 2013, 2014, 2015, 2016, 2017, 2018, 2019]"
48,False,False,1e-05,1e-05,100,"(0.5, 0.2, 0.3)",0,4,0,3.0,0.0,0.0,,0.01,0.01,0.001,0.3,,,,2.8,134.4,0.4,15.058000000000002,[0.3974],20,"[2000, 2001, 2002, 2003, 2004, 2005, 2006, 2007, 2008, 2009, 2010, 2011, 2012, 2013, 2014, 2015, 2016, 2017, 2018, 2019]"
48,False,False,1e-05,1e-05,100,"(0.5, 0.2, 0.3)",48,0,0,3.0,0.0,0.0,,0.01,0.01,0.001,0.3,,,,2.85,136.8,0.45,15.040000000000001,[0.3974],20,"[2000, 2001, 2002, 2003, 2004, 2005, 2006, 2007, 2008, 2009, 2010, 2011, 2012, 2013, 2014, 2015, 2016, 2017, 2018, 2019]"
48,False,False,1e-05,1e-05,100,"(0.5, 0.2, 0.3)",48,2,0,3.0,0.0,0.0,,0.01,0.01,0.001,0.3,,,,2.8,134.4,0.45,16.122,[0.3974],20,"[2000, 2001, 2002, 2003, 2004, 2005, 2006, 2007, 2008, 2009, 2010, 2011, 2012, 2013, 2014, 2015, 2016, 2017, 2018, 2019]"
48,False,False,1e-05,1e-05,100,"(0.5, 0.2, 0.3)",48,4,0,3.0,0.0,0.0,,0.01,0.01,0.001,0.3,,,,2.8,134.4,0.4,14.8335,[0.3974],20,"[2000, 2001, 2002, 2003, 2004, 2005, 2006, 2007, 2008, 2009, 2010, 2011, 2012, 2013, 2014, 2015, 2016, 2017, 2018, 2019]"
48,False,False,1e-05,1e-05,100,"(0.6, 0.1, 0.3)",0,0,0,3.0,0.0,0.0,,0.01,0.01,0.001,0.3,,,,1.55,74.4,0.4,5.144,[0.3974],20,"[2000, 2001, 2002, 2003, 2004, 2005, 2006, 2007, 2008, 2009, 2010, 2011, 2012, 2013, 2014, 2015, 2016, 2017, 2018, 2019]"
48,False,False,1e-05,1e-05,100,"(0.6, 0.1, 0.3)",0,2,0,3.0,0.0,0.0,,0.01,0.01,0.001,0.3,,,,1.55,74.4,0.4,5.031000000000001,[0.3974],20,"[2000, 2001, 2002, 2003, 2004, 2005, 2006, 2007, 2008, 2009, 2010, 2011, 2012, 2013, 2014, 2015, 2016, 2017, 2018, 2019]"
48,False,False,1e-05,1e-05,100,"(0.6, 0.1, 0.3)",0,4,0,3.0,0.0,0.0,,0.01,0.01,0.001,0.3,,,,3.0,144.0,0.45,16.799,[0.3974],20,"[2000, 2001, 2002, 2003, 2004, 2005, 2006, 2007, 2008, 2009, 2010, 2011, 2012, 2013, 2014, 2015, 2016, 2017, 2018, 2019]"
48,False,False,1e-05,1e-05,100,"(0.6, 0.1, 0.3)",48,0,0,3.0,0.0,0.0,,0.01,0.01,0.001,0.3,,,,1.55,74.4,0.4,5.162,[0.3974],20,"[2000, 2001, 2002, 2003, 2004, 2005, 2006, 2007, 2008, 2009, 2010, 2011, 2012, 2013, 2014, 2015, 2016, 2017, 2018, 2019]"
48,False,False,1e-05,1e-05,100,"(0.6, 0.1, 0.3)",48,2,0,3.0,0.0,0.0,,0.01,0.01,0.001,0.3,,,,1.55,74.4,0.4,5.1805,[0.3974],20,"[2000, 2001, 2002, 2003, 2004, 2005, 2006, 2007, 2008, 2009, 2010, 2011, 2012, 2013, 2014, 2015, 2016, 2017, 2018, 2019]"
48,False,False,1e-05,1e-05,100,"(0.6, 0.1, 0.3)",48,4,0,3.0,0.0,0.0,,0.01,0.01,0.001,0.3,,,,3.0,144.0,0.45,17.0975,[0.3974],20,"[2000, 2001, 2002, 2003, 2004, 2005, 2006, 2007, 2008, 2009, 2010, 2011, 2012, 2013, 2014, 2015, 2016, 2017, 2018, 2019]"
48,False,False,1e-05,1e-05,100,"(0.7, 0.0, 0.3)",0,0,0,3.0,0.0,0.0,,0.01,0.01,0.001,0.3,,,,1.55,74.4,0.3,5.1645,[0.3974],20,"[2000, 2001, 2002, 2003, 2004, 2005, 2006, 2007, 2008, 2009, 2010, 2011, 2012, 2013, 2014, 2015, 2016, 2017, 2018, 2019]"
48,False,False,1e-05,1e-05,100,"(0.7, 0.0, 0.3)",0,2,0,3.0,0.0,0.0,,0.01,0.01,0.001,0.3,,,,1.5,72.0,0.3,5.038,[0.3974],20,"[2000, 2001, 2002, 2003, 2004, 2005, 2006, 2007, 2008, 2009, 2010, 2011, 2012, 2013, 2014, 2015, 2016, 2017, 2018, 2019]"
48,False,False,1e-05,1e-05,100,"(0.7, 0.0, 0.3)",0,4,0,3.0,0.0,0.0,,0.01,0.01,0.001,0.3,,,,1.5,72.0,0.3,4.9745,[0.3974],20,"[2000, 2001, 2002, 2003, 2004, 2005, 2006, 2007, 2008, 2009, 2010, 2011, 2012, 2013, 2014, 2015, 2016, 2017, 2018, 2019]"
48,False,False,1e-05,1e-05,100,"(0.7, 0.3, 0.0)",0,0,0,3.0,0.0,0.0,,0.01,0.01,0.001,0.3,,,,3.2,153.6,0.1,13.354999999999999,[0.3974],20,"[2000, 2001, 2002, 2003, 2004, 2005, 2006, 2007, 2008, 2009, 2010, 2011, 2012, 2013, 2014, 2015, 2016, 2017, 2018, 2019]"
48,False,False,1e-05,1e-05,100,"(0.7, 0.3, 0.0)",0,2,0,3.0,0.0,0.0,,0.01,0.01,0.001,0.3,,,,2.95,141.6,0.15,12.4195,[0.3974],20,"[2000, 2001, 2002, 2003, 2004, 2005, 2006, 2007, 2008, 2009, 2010, 2011, 2012, 2013, 2014, 2015, 2016, 2017, 2018, 2019]"
48,False,False,1e-05,1e-05,100,"(0.7, 0.3, 0.0)",0,4,0,3.0,0.0,0.0,,0.01,0.01,0.001,0.3,,,,3.45,165.6,0.15,15.619499999999999,[0.3974],20,"[2000, 2001, 2002, 2003, 2004, 2005, 2006, 2007, 2008, 2009, 2010, 2011, 2012, 2013, 2014, 2015, 2016, 2017, 2018, 2019]"
48,False,False,1e-05,1e-05,100,"(0.7, 0.3, 0.0)",48,0,0,3.0,0.0,0.0,,0.01,0.01,0.001,0.3,,,,3.2,153.6,0.1,13.162,[0.3974],20,"[2000, 2001, 2002, 2003, 2004, 2005, 2006, 2007, 2008, 2009, 2010, 2011, 2012, 2013, 2014, 2015, 2016, 2017, 2018, 2019]"
48,False,False,1e-05,1e-05,100,"(0.7, 0.3, 0.0)",48,2,0,3.0,0.0,0.0,,0.01,0.01,0.001,0.3,,,,2.95,141.6,0.15,12.485,[0.3974],20,"[2000, 2001, 2002, 2003, 2004, 2005, 2006, 2007, 2008, 2009, 2010, 2011, 2012, 2013, 2014, 2015, 2016, 2017, 2018, 2019]"
48,False,False,1e-05,1e-05,100,"(0.7, 0.3, 0.0)",48,4,0,3.0,0.0,0.0,,0.01,0.01,0.001,0.3,,,,3.45,165.6,0.15,15.5675,[0.3974],20,"[2000, 2001, 2002, 2003, 2004, 2005, 2006, 2007, 2008, 2009, 2010, 2011, 2012, 2013, 2014, 2015, 2016, 2017, 2018, 2019]"
48,False,False,1e-05,1e-05,100,"(1.0, 0.0, 0.0)",64,0,3,3.0,0.0,0.0,,0.01,0.01,0.001,0.3,,,,2.05,98.4,0.1,10.647,[0.3974],20,"[2000, 2001, 2002, 2003, 2004, 2005, 2006, 2007, 2008, 2009, 2010, 2011, 2012, 2013, 2014, 2015, 2016, 2017, 2018, 2019]"
48,False,False,1e-05,1e-05,100,"(1.0, 0.0, 0.0)",64,2,0,3.0,0.0,0.0,,0.01,0.01,0.001,0.3,,,,2.4761904761904763,118.85714285714286,0.14285714285714285,16.355238095238096,[0.3974],20,"[2000, 2000, 2001, 2002, 2003, 2004, 2005, 2006, 2007, 2008, 2009, 2010, 2011, 2012, 2013, 2014, 2015, 2016, 2017, 2018, 2019]"
48,False,False,1e-05,1e-05,200,"(0.3, 0.3, 0.4)",0,0,0,3.0,0.0,0.0,,0.01,0.01,0.001,0.3,,,,2.8,134.4,0.5,14.485499999999998,[0.4102],20,"[2000, 2001, 2002, 2003, 2004, 2005, 2006, 2007, 2008, 2009, 2010, 2011, 2012, 2013, 2014, 2015, 2016, 2017, 2018, 2019]"
48,False,False,1e-05,1e-05,200,"(0.3, 0.3, 0.4)",0,2,0,3.0,0.0,0.0,,0.01,0.01,0.001,0.3,,,,2.8,134.4,0.5,14.994499999999999,[0.4102],20,"[2000, 2001, 2002, 2003, 2004, 2005, 2006, 2007, 2008, 2009, 2010, 2011, 2012, 2013, 2014, 2015, 2016, 2017, 2018, 2019]"
48,False,False,1e-05,1e-05,200,"(0.3, 0.3, 0.4)",0,4,0,3.0,0.0,0.0,,0.01,0.01,0.001,0.3,,,,2.75,132.0,0.4,14.7405,[0.4102],20,"[2000, 2001, 2002, 2003, 2004, 2005, 2006, 2007, 2008, 2009, 2010, 2011, 2012, 2013, 2014, 2015, 2016, 2017, 2018, 2019]"
48,False,False,1e-05,1e-05,200,"(0.3, 0.3, 0.4)",48,0,0,3.0,0.0,0.0,,0.01,0.01,0.001,0.3,,,,2.8,134.4,0.5,14.572,[0.4102],20,"[2000, 2001, 2002, 2003, 2004, 2005, 2006, 2007, 2008, 2009, 2010, 2011, 2012, 2013, 2014, 2015, 2016, 2017, 2018, 2019]"
48,False,False,1e-05,1e-05,200,"(0.3, 0.3, 0.4)",48,2,0,3.0,0.0,0.0,,0.01,0.01,0.001,0.3,,,,2.8,134.4,0.5,14.906500000000003,[0.4102],20,"[2000, 2001, 2002, 2003, 2004, 2005, 2006, 2007, 2008, 2009, 2010, 2011, 2012, 2013, 2014, 2015, 2016, 2017, 2018, 2019]"
48,False,False,1e-05,1e-05,200,"(0.3, 0.3, 0.4)",48,4,0,3.0,0.0,0.0,,0.01,0.01,0.001,0.3,,,,2.75,132.0,0.4,14.706999999999999,[0.4102],20,"[2000, 2001, 2002, 2003, 2004, 2005, 2006, 2007, 2008, 2009, 2010, 2011, 2012, 2013, 2014, 2015, 2016, 2017, 2018, 2019]"
48,False,False,1e-05,1e-05,200,"(0.4, 0.3, 0.3)",0,0,0,3.0,0.0,0.0,,0.01,0.01,0.001,0.3,,,,2.9,139.2,0.55,15.3325,[0.4102],20,"[2000, 2001, 2002, 2003, 2004, 2005, 2006, 2007, 2008, 2009, 2010, 2011, 2012, 2013, 2014, 2015, 2016, 2017, 2018, 2019]"
48,False,False,1e-05,1e-05,200,"(0.4, 0.3, 0.3)",0,2,0,3.0,0.0,0.0,,0.01,0.01,0.001,0.3,,,,4.35,208.8,0.45,22.465,[0.4735],20,"[2000, 2001, 2002, 2003, 2004, 2005, 2006, 2007, 2008, 2009, 2010, 2011, 2012, 2013, 2014, 2015, 2016, 2017, 2018, 2019]"
48,False,False,1e-05,1e-05,200,"(0.4, 0.3, 0.3)",0,4,0,3.0,0.0,0.0,,0.01,0.01,0.001,0.3,,,,4.2,201.6,0.3,20.91,[0.4735],20,"[2000, 2001, 2002, 2003, 2004, 2005, 2006, 2007, 2008, 2009, 2010, 2011, 2012, 2013, 2014, 2015, 2016, 2017, 2018, 2019]"
48,False,False,1e-05,1e-05,200,"(0.4, 0.3, 0.3)",48,0,0,3.0,0.0,0.0,,0.01,0.01,0.001,0.3,,,,2.9,139.2,0.55,20.310499999999998,[0.4102],20,"[2000, 2001, 2002, 2003, 2004, 2005, 2006, 2007, 2008, 2009, 2010, 2011, 2012, 2013, 2014, 2015, 2016, 2017, 2018, 2019]"
48,False,False,1e-05,1e-05,200,"(0.4, 0.3, 0.3)",64,2,0,3.0,0.0,0.0,,0.01,0.01,0.001,0.3,,,,3.9,187.2,0.3,18.8595,[0.4735],20,"[2000, 2001, 2002, 2003, 2004, 2005, 2006, 2007, 2008, 2009, 2010, 2011, 2012, 2013, 2014, 2015, 2016, 2017, 2018, 2019]"
48,False,False,1e-05,1e-05,200,"(0.4, 0.3, 0.3)",64,4,0,3.0,0.0,0.0,,0.01,0.01,0.001,0.3,,,,4.2,201.6,0.35,21.848999999999997,[0.4735],20,"[2000, 2001, 2002, 2003, 2004, 2005, 2006, 2007, 2008, 2009, 2010, 2011, 2012, 2013, 2014, 2015, 2016, 2017, 2018, 2019]"
48,False,False,1e-05,1e-05,200,"(0.5, 0.2, 0.3)",0,0,0,3.0,0.0,0.0,,0.01,0.01,0.001,0.3,,,,2.7,129.6,0.45,13.688999999999998,[0.4102],20,"[2000, 2001, 2002, 2003, 2004, 2005, 2006, 2007, 2008, 2009, 2010, 2011, 2012, 2013, 2014, 2015, 2016, 2017, 2018, 2019]"
48,False,False,1e-05,1e-05,200,"(0.5, 0.2, 0.3)",0,2,0,3.0,0.0,0.0,,0.01,0.01,0.001,0.3,,,,2.75,132.0,0.4,14.729,[0.4102],20,"[2000, 2001, 2002, 2003, 2004, 2005, 2006, 2007, 2008, 2009, 2010, 2011, 2012, 2013, 2014, 2015, 2016, 2017, 2018, 2019]"
48,False,False,1e-05,1e-05,200,"(0.5, 0.2, 0.3)",0,4,0,3.0,0.0,0.0,,0.01,0.01,0.001,0.3,,,,2.75,132.0,0.5,14.225,[0.4102],20,"[2000, 2001, 2002, 2003, 2004, 2005, 2006, 2007, 2008, 2009, 2010, 2011, 2012, 2013, 2014, 2015, 2016, 2017, 2018, 2019]"
48,False,False,1e-05,1e-05,200,"(0.5, 0.2, 0.3)",48,0,0,3.0,0.0,0.0,,0.01,0.01,0.001,0.3,,,,2.7,129.6,0.45,13.528,[0.4102],20,"[2000, 2001, 2002, 2003, 2004, 2005, 2006, 2007, 2008, 2009, 2010, 2011, 2012, 2013, 2014, 2015, 2016, 2017, 2018, 2019]"
48,False,False,1e-05,1e-05,200,"(0.5, 0.2, 0.3)",48,2,0,3.0,0.0,0.0,,0.01,0.01,0.001,0.3,,,,2.75,132.0,0.4,15.898499999999999,[0.4102],20,"[2000, 2001, 2002, 2003, 2004, 2005, 2006, 2007, 2008, 2009, 2010, 2011, 2012, 2013, 2014, 2015, 2016, 2017, 2018, 2019]"
48,False,False,1e-05,1e-05,200,"(0.5, 0.2, 0.3)",48,4,0,3.0,0.0,0.0,,0.01,0.01,0.001,0.3,,,,2.75,132.0,0.5,14.172999999999998,[0.4102],20,"[2000, 2001, 2002, 2003, 2004, 2005, 2006, 2007, 2008, 2009, 2010, 2011, 2012, 2013, 2014, 2015, 2016, 2017, 2018, 2019]"
48,False,False,1e-05,1e-05,200,"(0.6, 0.1, 0.3)",0,0,0,3.0,0.0,0.0,,0.01,0.01,0.001,0.3,,,,1.5,72.0,0.35,4.8815,[0.4102],20,"[2000, 2001, 2002, 2003, 2004, 2005, 2006, 2007, 2008, 2009, 2010, 2011, 2012, 2013, 2014, 2015, 2016, 2017, 2018, 2019]"
48,False,False,1e-05,1e-05,200,"(0.6, 0.1, 0.3)",0,2,0,3.0,0.0,0.0,,0.01,0.01,0.001,0.3,,,,1.55,74.4,0.45,5.064,[0.4102],20,"[2000, 2001, 2002, 2003, 2004, 2005, 2006, 2007, 2008, 2009, 2010, 2011, 2012, 2013, 2014, 2015, 2016, 2017, 2018, 2019]"
48,False,False,1e-05,1e-05,200,"(0.6, 0.1, 0.3)",0,4,0,3.0,0.0,0.0,,0.01,0.01,0.001,0.3,,,,2.75,132.0,0.5,14.7785,[0.4102],20,"[2000, 2001, 2002, 2003, 2004, 2005, 2006, 2007, 2008, 2009, 2010, 2011, 2012, 2013, 2014, 2015, 2016, 2017, 2018, 2019]"
48,False,False,1e-05,1e-05,200,"(0.6, 0.1, 0.3)",48,0,0,3.0,0.0,0.0,,0.01,0.01,0.001,0.3,,,,1.5,72.0,0.35,4.976,[0.4102],20,"[2000, 2001, 2002, 2003, 2004, 2005, 2006, 2007, 2008, 2009, 2010, 2011, 2012, 2013, 2014, 2015, 2016, 2017, 2018, 2019]"
48,False,False,1e-05,1e-05,200,"(0.6, 0.1, 0.3)",48,2,0,3.0,0.0,0.0,,0.01,0.01,0.001,0.3,,,,1.55,74.4,0.45,5.17,[0.4102],20,"[2000, 2001, 2002, 2003, 2004, 2005, 2006, 2007, 2008, 2009, 2010, 2011, 2012, 2013, 2014, 2015, 2016, 2017, 2018, 2019]"
48,False,False,1e-05,1e-05,200,"(0.6, 0.1, 0.3)",48,4,0,3.0,0.0,0.0,,0.01,0.01,0.001,0.3,,,,2.75,132.0,0.5,14.618500000000001,[0.4102],20,"[2000, 2001, 2002, 2003, 2004, 2005, 2006, 2007, 2008, 2009, 2010, 2011, 2012, 2013, 2014, 2015, 2016, 2017, 2018, 2019]"
48,False,False,1e-05,1e-05,200,"(0.7, 0.0, 0.3)",0,0,0,3.0,0.0,0.0,,0.01,0.01,0.001,0.3,,,,1.5,72.0,0.3,5.0329999999999995,[0.4102],20,"[2000, 2001, 2002, 2003, 2004, 2005, 2006, 2007, 2008, 2009, 2010, 2011, 2012, 2013, 2014, 2015, 2016, 2017, 2018, 2019]"
48,False,False,1e-05,1e-05,200,"(0.7, 0.0, 0.3)",0,2,0,3.0,0.0,0.0,,0.01,0.01,0.001,0.3,,,,1.45,69.6,0.25,4.8225,[0.4102],20,"[2000, 2001, 2002, 2003, 2004, 2005, 2006, 2007, 2008, 2009, 2010, 2011, 2012, 2013, 2014, 2015, 2016, 2017, 2018, 2019]"
48,False,False,1e-05,1e-05,200,"(0.7, 0.0, 0.3)",0,4,0,3.0,0.0,0.0,,0.01,0.01,0.001,0.3,,,,1.45,69.6,0.25,4.819,[0.4102],20,"[2000, 2001, 2002, 2003, 2004, 2005, 2006, 2007, 2008, 2009, 2010, 2011, 2012, 2013, 2014, 2015, 2016, 2017, 2018, 2019]"
48,False,False,1e-05,1e-05,200,"(0.7, 0.3, 0.0)",0,0,0,3.0,0.0,0.0,,0.01,0.01,0.001,0.3,,,,2.7,129.6,0.1,10.412,[0.4102],20,"[2000, 2001, 2002, 2003, 2004, 2005, 2006, 2007, 2008, 2009, 2010, 2011, 2012, 2013, 2014, 2015, 2016, 2017, 2018, 2019]"
48,False,False,1e-05,1e-05,200,"(0.7, 0.3, 0.0)",0,2,0,3.0,0.0,0.0,,0.01,0.01,0.001,0.3,,,,3.55,170.4,0.2,17.496000000000002,[0.4102],20,"[2000, 2001, 2002, 2003, 2004, 2005, 2006, 2007, 2008, 2009, 2010, 2011, 2012, 2013, 2014, 2015, 2016, 2017, 2018, 2019]"
48,False,False,1e-05,1e-05,200,"(0.7, 0.3, 0.0)",0,4,0,3.0,0.0,0.0,,0.01,0.01,0.001,0.3,,,,2.7,129.6,0.2,11.0315,[0.4102],20,"[2000, 2001, 2002, 2003, 2004, 2005, 2006, 2007, 2008, 2009, 2010, 2011, 2012, 2013, 2014, 2015, 2016, 2017, 2018, 2019]"
48,False,False,1e-05,1e-05,200,"(0.7, 0.3, 0.0)",48,0,0,3.0,0.0,0.0,,0.01,0.01,0.001,0.3,,,,2.7,129.6,0.1,10.2625,[0.4102],20,"[2000, 2001, 2002, 2003, 2004, 2005, 2006, 2007, 2008, 2009, 2010, 2011, 2012, 2013, 2014, 2015, 2016, 2017, 2018, 2019]"
48,False,False,1e-05,1e-05,200,"(0.7, 0.3, 0.0)",48,2,0,3.0,0.0,0.0,,0.01,0.01,0.001,0.3,,,,3.55,170.4,0.2,17.6205,[0.4102],20,"[2000, 2001, 2002, 2003, 2004, 2005, 2006, 2007, 2008, 2009, 2010, 2011, 2012, 2013, 2014, 2015, 2016, 2017, 2018, 2019]"
48,False,False,1e-05,1e-05,200,"(0.7, 0.3, 0.0)",48,4,0,3.0,0.0,0.0,,0.01,0.01,0.001,0.3,,,,2.7,129.6,0.2,11.064499999999999,[0.4102],20,"[2000, 2001, 2002, 2003, 2004, 2005, 2006, 2007, 2008, 2009, 2010, 2011, 2012, 2013, 2014, 2015, 2016, 2017, 2018, 2019]"
48,False,False,1e-05,1e-05,300,"(0.4, 0.3, 0.3)",0,2,0,3.0,0.0,0.0,,0.01,0.01,0.001,0.3,,,,2.8,134.4,0.4,10.8275,[0.4884],20,"[2000, 2001, 2002, 2003, 2004, 2005, 2006, 2007, 2008, 2009, 2010, 2011, 2012, 2013, 2014, 2015, 2016, 2017, 2018, 2019]"
48,False,False,1e-05,1e-05,300,"(0.4, 0.3, 0.3)",0,4,0,3.0,0.0,0.0,,0.01,0.01,0.001,0.3,,,,3.3,158.4,0.45,13.6155,[0.4884],20,"[2000, 2001, 2002, 2003, 2004, 2005, 2006, 2007, 2008, 2009, 2010, 2011, 2012, 2013, 2014, 2015, 2016, 2017, 2018, 2019]"
48,False,False,1e-05,1e-05,300,"(0.4, 0.3, 0.3)",64,2,0,3.0,0.0,0.0,,0.01,0.01,0.001,0.3,,,,3.05,146.4,0.35,12.219,[0.4884],20,"[2000, 2001, 2002, 2003, 2004, 2005, 2006, 2007, 2008, 2009, 2010, 2011, 2012, 2013, 2014, 2015, 2016, 2017, 2018, 2019]"
48,False,False,1e-05,1e-05,300,"(0.4, 0.3, 0.3)",64,4,0,3.0,0.0,0.0,,0.01,0.01,0.001,0.3,,,,3.5,168.0,0.45,17.033,[0.4884],20,"[2000, 2001, 2002, 2003, 2004, 2005, 2006, 2007, 2008, 2009, 2010, 2011, 2012, 2013, 2014, 2015, 2016, 2017, 2018, 2019]"
48,False,False,1e-05,1e-05,400,"(0.4, 0.3, 0.3)",0,2,0,3.0,0.0,0.0,,0.01,0.01,0.001,0.3,,,,3.95,189.6,0.5,18.7775,"[0.503, 0.4295]",20,"[2000, 2001, 2002, 2003, 2004, 2005, 2006, 2007, 2008, 2009, 2010, 2011, 2012, 2013, 2014, 2015, 2016, 2017, 2018, 2019]"
48,False,False,1e-05,1e-05,400,"(0.4, 0.3, 0.3)",0,4,0,3.0,0.0,0.0,,0.01,0.01,0.001,0.3,,,,3.9,187.2,0.5,18.070500000000003,[0.503],20,"[2000, 2001, 2002, 2003, 2004, 2005, 2006, 2007, 2008, 2009, 2010, 2011, 2012, 2013, 2014, 2015, 2016, 2017, 2018, 2019]"
48,False,False,1e-05,1e-05,400,"(0.4, 0.3, 0.3)",64,2,0,3.0,0.0,0.0,,0.01,0.01,0.001,0.3,,,,3.25,156.0,0.45,13.4115,"[0.503, 0.4548]",20,"[2000, 2001, 2002, 2003, 2004, 2005, 2006, 2007, 2008, 2009, 2010, 2011, 2012, 2013, 2014, 2015, 2016, 2017, 2018, 2019]"
48,False,False,1e-05,1e-05,400,"(0.4, 0.3, 0.3)",64,4,0,3.0,0.0,0.0,,0.01,0.01,0.001,0.3,,,,2.95,141.6,0.35,11.7425,[0.503],20,"[2000, 2001, 2002, 2003, 2004, 2005, 2006, 2007, 2008, 2009, 2010, 2011, 2012, 2013, 2014, 2015, 2016, 2017, 2018, 2019]"
48,False,False,1e-05,1e-05,500,"(0.4, 0.3, 0.3)",0,2,0,3.0,0.0,0.0,,0.01,0.01,0.001,0.3,,,,3.3,158.4,0.35,14.976499999999998,"[0.5101, 0.4498]",20,"[2000, 2001, 2002, 2003, 2004, 2005, 2006, 2007, 2008, 2009, 2010, 2011, 2012, 2013, 2014, 2015, 2016, 2017, 2018, 2019]"
48,False,False,1e-05,1e-05,500,"(0.4, 0.3, 0.3)",0,4,0,3.0,0.0,0.0,,0.01,0.01,0.001,0.3,,,,2.1,100.8,0.3,6.9395,"[0.5101, 0.4585]",20,"[2000, 2001, 2002, 2003, 2004, 2005, 2006, 2007, 2008, 2009, 2010, 2011, 2012, 2013, 2014, 2015, 2016, 2017, 2018, 2019]"
48,False,False,1e-05,1e-05,500,"(0.4, 0.3, 0.3)",64,2,0,3.0,0.0,0.0,,0.01,0.01,0.001,0.3,,,,2.9,139.2,0.35,11.997499999999999,"[0.5101, 0.477]",20,"[2000, 2001, 2002, 2003, 2004, 2005, 2006, 2007, 2008, 2009, 2010, 2011, 2012, 2013, 2014, 2015, 2016, 2017, 2018, 2019]"
48,False,False,1e-05,1e-05,500,"(0.4, 0.3, 0.3)",64,4,0,3.0,0.0,0.0,,0.01,0.01,0.001,0.3,,,,2.05,98.4,0.4,6.6355,"[0.5101, 0.4561]",20,"[2000, 2001, 2002, 2003, 2004, 2005, 2006, 2007, 2008, 2009, 2010, 2011, 2012, 2013, 2014, 2015, 2016, 2017, 2018, 2019]"
48,False,False,1e-05,0.0001,0,"(0.3, 0.3, 0.4)",0,0,0,3.0,0.0,0.0,,0.01,0.01,0.001,0.3,,,,2.2,105.6,0.35,7.4465,[0.3891],20,"[2000, 2001, 2002, 2003, 2004, 2005, 2006, 2007, 2008, 2009, 2010, 2011, 2012, 2013, 2014, 2015, 2016, 2017, 2018, 2019]"
48,False,False,1e-05,0.0001,0,"(0.3, 0.3, 0.4)",0,2,0,3.0,0.0,0.0,,0.01,0.01,0.001,0.3,,,,2.2,105.6,0.4,7.589,[0.3891],20,"[2000, 2001, 2002, 2003, 2004, 2005, 2006, 2007, 2008, 2009, 2010, 2011, 2012, 2013, 2014, 2015, 2016, 2017, 2018, 2019]"
48,False,False,1e-05,0.0001,0,"(0.3, 0.3, 0.4)",0,4,0,3.0,0.0,0.0,,0.01,0.01,0.001,0.3,,,,2.4,115.2,0.45,8.393,[0.3891],20,"[2000, 2001, 2002, 2003, 2004, 2005, 2006, 2007, 2008, 2009, 2010, 2011, 2012, 2013, 2014, 2015, 2016, 2017, 2018, 2019]"
48,False,False,1e-05,0.0001,0,"(0.3, 0.3, 0.4)",48,0,0,3.0,0.0,0.0,,0.01,0.01,0.001,0.3,,,,2.2,105.6,0.35,7.5615,[0.3891],20,"[2000, 2001, 2002, 2003, 2004, 2005, 2006, 2007, 2008, 2009, 2010, 2011, 2012, 2013, 2014, 2015, 2016, 2017, 2018, 2019]"
48,False,False,1e-05,0.0001,0,"(0.3, 0.3, 0.4)",48,2,0,3.0,0.0,0.0,,0.01,0.01,0.001,0.3,,,,2.2,105.6,0.4,7.519499999999999,[0.3891],20,"[2000, 2001, 2002, 2003, 2004, 2005, 2006, 2007, 2008, 2009, 2010, 2011, 2012, 2013, 2014, 2015, 2016, 2017, 2018, 2019]"
48,False,False,1e-05,0.0001,0,"(0.3, 0.3, 0.4)",48,4,0,3.0,0.0,0.0,,0.01,0.01,0.001,0.3,,,,2.4,115.2,0.45,8.4035,[0.3891],20,"[2000, 2001, 2002, 2003, 2004, 2005, 2006, 2007, 2008, 2009, 2010, 2011, 2012, 2013, 2014, 2015, 2016, 2017, 2018, 2019]"
48,False,False,1e-05,0.0001,0,"(0.4, 0.3, 0.3)",0,0,0,3.0,0.0,0.0,,0.01,0.01,0.001,0.3,,,,2.05,98.4,0.2,7.1209999999999996,[0.3891],20,"[2000, 2001, 2002, 2003, 2004, 2005, 2006, 2007, 2008, 2009, 2010, 2011, 2012, 2013, 2014, 2015, 2016, 2017, 2018, 2019]"
48,False,False,1e-05,0.0001,0,"(0.4, 0.3, 0.3)",0,2,0,3.0,0.0,0.0,,0.01,0.01,0.001,0.3,,,,2.1,100.8,0.2,9.876000000000001,[0.3891],20,"[2000, 2001, 2002, 2003, 2004, 2005, 2006, 2007, 2008, 2009, 2010, 2011, 2012, 2013, 2014, 2015, 2016, 2017, 2018, 2019]"
48,False,False,1e-05,0.0001,0,"(0.4, 0.3, 0.3)",0,4,0,3.0,0.0,0.0,,0.01,0.01,0.001,0.3,,,,2.1,100.8,0.15,7.3205,[0.3891],20,"[2000, 2001, 2002, 2003, 2004, 2005, 2006, 2007, 2008, 2009, 2010, 2011, 2012, 2013, 2014, 2015, 2016, 2017, 2018, 2019]"
48,False,False,1e-05,0.0001,0,"(0.4, 0.3, 0.3)",48,0,0,3.0,0.0,0.0,,0.01,0.01,0.001,0.3,,,,2.05,98.4,0.2,6.9565,[0.3891],20,"[2000, 2001, 2002, 2003, 2004, 2005, 2006, 2007, 2008, 2009, 2010, 2011, 2012, 2013, 2014, 2015, 2016, 2017, 2018, 2019]"
48,False,False,1e-05,0.0001,0,"(0.4, 0.3, 0.3)",48,2,0,3.0,0.0,0.0,,0.01,0.01,0.001,0.3,,,,2.1,100.8,0.2,7.5095,[0.3891],20,"[2000, 2001, 2002, 2003, 2004, 2005, 2006, 2007, 2008, 2009, 2010, 2011, 2012, 2013, 2014, 2015, 2016, 2017, 2018, 2019]"
48,False,False,1e-05,0.0001,0,"(0.4, 0.3, 0.3)",48,4,0,3.0,0.0,0.0,,0.01,0.01,0.001,0.3,,,,2.1,100.8,0.15,7.2155000000000005,[0.3891],20,"[2000, 2001, 2002, 2003, 2004, 2005, 2006, 2007, 2008, 2009, 2010, 2011, 2012, 2013, 2014, 2015, 2016, 2017, 2018, 2019]"
48,False,False,1e-05,0.0001,0,"(0.5, 0.2, 0.3)",0,0,0,3.0,0.0,0.0,,0.01,0.01,0.001,0.3,,,,1.85,88.8,0.2,6.1715,[0.3891],20,"[2000, 2001, 2002, 2003, 2004, 2005, 2006, 2007, 2008, 2009, 2010, 2011, 2012, 2013, 2014, 2015, 2016, 2017, 2018, 2019]"
48,False,False,1e-05,0.0001,0,"(0.5, 0.2, 0.3)",0,2,0,3.0,0.0,0.0,,0.01,0.01,0.001,0.3,,,,2.1,100.8,0.2,7.3015,[0.3891],20,"[2000, 2001, 2002, 2003, 2004, 2005, 2006, 2007, 2008, 2009, 2010, 2011, 2012, 2013, 2014, 2015, 2016, 2017, 2018, 2019]"
48,False,False,1e-05,0.0001,0,"(0.5, 0.2, 0.3)",0,4,0,3.0,0.0,0.0,,0.01,0.01,0.001,0.3,,,,1.8,86.4,0.2,6.0375,[0.3891],20,"[2000, 2001, 2002, 2003, 2004, 2005, 2006, 2007, 2008, 2009, 2010, 2011, 2012, 2013, 2014, 2015, 2016, 2017, 2018, 2019]"
48,False,False,1e-05,0.0001,0,"(0.5, 0.2, 0.3)",48,0,0,3.0,0.0,0.0,,0.01,0.01,0.001,0.3,,,,1.85,88.8,0.2,6.103,[0.3891],20,"[2000, 2001, 2002, 2003, 2004, 2005, 2006, 2007, 2008, 2009, 2010, 2011, 2012, 2013, 2014, 2015, 2016, 2017, 2018, 2019]"
48,False,False,1e-05,0.0001,0,"(0.5, 0.2, 0.3)",48,2,0,3.0,0.0,0.0,,0.01,0.01,0.001,0.3,,,,2.1,100.8,0.2,7.9215,[0.3891],20,"[2000, 2001, 2002, 2003, 2004, 2005, 2006, 2007, 2008, 2009, 2010, 2011, 2012, 2013, 2014, 2015, 2016, 2017, 2018, 2019]"
48,False,False,1e-05,0.0001,0,"(0.5, 0.2, 0.3)",48,4,0,3.0,0.0,0.0,,0.01,0.01,0.001,0.3,,,,1.8,86.4,0.2,5.91,[0.3891],20,"[2000, 2001, 2002, 2003, 2004, 2005, 2006, 2007, 2008, 2009, 2010, 2011, 2012, 2013, 2014, 2015, 2016, 2017, 2018, 2019]"
48,False,False,1e-05,0.0001,0,"(0.6, 0.1, 0.3)",0,0,0,3.0,0.0,0.0,,0.01,0.01,0.001,0.3,,,,1.75,84.0,0.15,5.6735,[0.3891],20,"[2000, 2001, 2002, 2003, 2004, 2005, 2006, 2007, 2008, 2009, 2010, 2011, 2012, 2013, 2014, 2015, 2016, 2017, 2018, 2019]"
48,False,False,1e-05,0.0001,0,"(0.6, 0.1, 0.3)",0,2,0,3.0,0.0,0.0,,0.01,0.01,0.001,0.3,,,,2.0,96.0,0.1,6.739,[0.3891],20,"[2000, 2001, 2002, 2003, 2004, 2005, 2006, 2007, 2008, 2009, 2010, 2011, 2012, 2013, 2014, 2015, 2016, 2017, 2018, 2019]"
48,False,False,1e-05,0.0001,0,"(0.6, 0.1, 0.3)",0,4,0,3.0,0.0,0.0,,0.01,0.01,0.001,0.3,,,,2.05,98.4,0.15,7.0185,[0.3891],20,"[2000, 2001, 2002, 2003, 2004, 2005, 2006, 2007, 2008, 2009, 2010, 2011, 2012, 2013, 2014, 2015, 2016, 2017, 2018, 2019]"
48,False,False,1e-05,0.0001,0,"(0.6, 0.1, 0.3)",48,0,0,3.0,0.0,0.0,,0.01,0.01,0.001,0.3,,,,1.75,84.0,0.15,5.8885,[0.3891],20,"[2000, 2001, 2002, 2003, 2004, 2005, 2006, 2007, 2008, 2009, 2010, 2011, 2012, 2013, 2014, 2015, 2016, 2017, 2018, 2019]"
48,False,False,1e-05,0.0001,0,"(0.6, 0.1, 0.3)",48,2,0,3.0,0.0,0.0,,0.01,0.01,0.001,0.3,,,,2.0,96.0,0.1,6.8069999999999995,[0.3891],20,"[2000, 2001, 2002, 2003, 2004, 2005, 2006, 2007, 2008, 2009, 2010, 2011, 2012, 2013, 2014, 2015, 2016, 2017, 2018, 2019]"
48,False,False,1e-05,0.0001,0,"(0.6, 0.1, 0.3)",48,4,0,3.0,0.0,0.0,,0.01,0.01,0.001,0.3,,,,2.05,98.4,0.15,7.0545,[0.3891],20,"[2000, 2001, 2002, 2003, 2004, 2005, 2006, 2007, 2008, 2009, 2010, 2011, 2012, 2013, 2014, 2015, 2016, 2017, 2018, 2019]"
48,False,False,1e-05,0.0001,0,"(0.7, 0.0, 0.3)",0,0,0,3.0,0.0,0.0,,0.01,0.01,0.001,0.3,,,,2.1,100.8,0.2,7.3,[0.3891],20,"[2000, 2001, 2002, 2003, 2004, 2005, 2006, 2007, 2008, 2009, 2010, 2011, 2012, 2013, 2014, 2015, 2016, 2017, 2018, 2019]"
48,False,False,1e-05,0.0001,0,"(0.7, 0.0, 0.3)",0,2,0,3.0,0.0,0.0,,0.01,0.01,0.001,0.3,,,,2.0,96.0,0.1,6.6579999999999995,[0.3891],20,"[2000, 2001, 2002, 2003, 2004, 2005, 2006, 2007, 2008, 2009, 2010, 2011, 2012, 2013, 2014, 2015, 2016, 2017, 2018, 2019]"
48,False,False,1e-05,0.0001,0,"(0.7, 0.0, 0.3)",0,4,0,3.0,0.0,0.0,,0.01,0.01,0.001,0.3,,,,2.05,98.4,0.1,7.4965,[0.3891],20,"[2000, 2001, 2002, 2003, 2004, 2005, 2006, 2007, 2008, 2009, 2010, 2011, 2012, 2013, 2014, 2015, 2016, 2017, 2018, 2019]"
48,False,False,1e-05,0.0001,0,"(0.7, 0.3, 0.0)",0,0,0,3.0,0.0,0.0,,0.01,0.01,0.001,0.3,,,,3.3,158.4,0.15,12.6935,[0.3891],20,"[2000, 2001, 2002, 2003, 2004, 2005, 2006, 2007, 2008, 2009, 2010, 2011, 2012, 2013, 2014, 2015, 2016, 2017, 2018, 2019]"
48,False,False,1e-05,0.0001,0,"(0.7, 0.3, 0.0)",0,2,0,3.0,0.0,0.0,,0.01,0.01,0.001,0.3,,,,2.85,136.8,0.1,10.130500000000001,[0.3891],20,"[2000, 2001, 2002, 2003, 2004, 2005, 2006, 2007, 2008, 2009, 2010, 2011, 2012, 2013, 2014, 2015, 2016, 2017, 2018, 2019]"
48,False,False,1e-05,0.0001,0,"(0.7, 0.3, 0.0)",0,4,0,3.0,0.0,0.0,,0.01,0.01,0.001,0.3,,,,3.15,151.2,0.15,11.681000000000001,[0.3891],20,"[2000, 2001, 2002, 2003, 2004, 2005, 2006, 2007, 2008, 2009, 2010, 2011, 2012, 2013, 2014, 2015, 2016, 2017, 2018, 2019]"
48,False,False,1e-05,0.0001,0,"(0.7, 0.3, 0.0)",48,0,0,3.0,0.0,0.0,,0.01,0.01,0.001,0.3,,,,3.3,158.4,0.15,12.7215,[0.3891],20,"[2000, 2001, 2002, 2003, 2004, 2005, 2006, 2007, 2008, 2009, 2010, 2011, 2012, 2013, 2014, 2015, 2016, 2017, 2018, 2019]"
48,False,False,1e-05,0.0001,0,"(0.7, 0.3, 0.0)",48,2,0,3.0,0.0,0.0,,0.01,0.01,0.001,0.3,,,,2.85,136.8,0.1,10.282,[0.3891],20,"[2000, 2001, 2002, 2003, 2004, 2005, 2006, 2007, 2008, 2009, 2010, 2011, 2012, 2013, 2014, 2015, 2016, 2017, 2018, 2019]"
48,False,False,1e-05,0.0001,0,"(0.7, 0.3, 0.0)",48,4,0,3.0,0.0,0.0,,0.01,0.01,0.001,0.3,,,,3.15,151.2,0.15,11.817499999999999,[0.3891],20,"[2000, 2001, 2002, 2003, 2004, 2005, 2006, 2007, 2008, 2009, 2010, 2011, 2012, 2013, 2014, 2015, 2016, 2017, 2018, 2019]"
48,False,False,1e-05,0.0001,100,"(0.3, 0.3, 0.4)",0,0,0,3.0,0.0,0.0,,0.01,0.01,0.001,0.3,,,,2.1,100.8,0.25,7.264,[0.3629],20,"[2000, 2001, 2002, 2003, 2004, 2005, 2006, 2007, 2008, 2009, 2010, 2011, 2012, 2013, 2014, 2015, 2016, 2017, 2018, 2019]"
48,False,False,1e-05,0.0001,100,"(0.3, 0.3, 0.4)",0,2,0,3.0,0.0,0.0,,0.01,0.01,0.001,0.3,,,,2.1,100.8,0.2,7.280500000000001,[0.3629],20,"[2000, 2001, 2002, 2003, 2004, 2005, 2006, 2007, 2008, 2009, 2010, 2011, 2012, 2013, 2014, 2015, 2016, 2017, 2018, 2019]"
48,False,False,1e-05,0.0001,100,"(0.3, 0.3, 0.4)",0,4,0,3.0,0.0,0.0,,0.01,0.01,0.001,0.3,,,,2.0,96.0,0.15,6.8325000000000005,[0.3629],20,"[2000, 2001, 2002, 2003, 2004, 2005, 2006, 2007, 2008, 2009, 2010, 2011, 2012, 2013, 2014, 2015, 2016, 2017, 2018, 2019]"
48,False,False,1e-05,0.0001,100,"(0.3, 0.3, 0.4)",48,0,0,3.0,0.0,0.0,,0.01,0.01,0.001,0.3,,,,2.1,100.8,0.25,7.284999999999999,[0.3629],20,"[2000, 2001, 2002, 2003, 2004, 2005, 2006, 2007, 2008, 2009, 2010, 2011, 2012, 2013, 2014, 2015, 2016, 2017, 2018, 2019]"
48,False,False,1e-05,0.0001,100,"(0.3, 0.3, 0.4)",48,2,0,3.0,0.0,0.0,,0.01,0.01,0.001,0.3,,,,2.1,100.8,0.2,7.3025,[0.3629],20,"[2000, 2001, 2002, 2003, 2004, 2005, 2006, 2007, 2008, 2009, 2010, 2011, 2012, 2013, 2014, 2015, 2016, 2017, 2018, 2019]"
48,False,False,1e-05,0.0001,100,"(0.3, 0.3, 0.4)",48,4,0,3.0,0.0,0.0,,0.01,0.01,0.001,0.3,,,,2.0,96.0,0.15,6.838499999999999,[0.3629],20,"[2000, 2001, 2002, 2003, 2004, 2005, 2006, 2007, 2008, 2009, 2010, 2011, 2012, 2013, 2014, 2015, 2016, 2017, 2018, 2019]"
48,False,False,1e-05,0.0001,100,"(0.4, 0.3, 0.3)",0,0,0,3.0,0.0,0.0,,0.01,0.01,0.001,0.3,,,,2.05,98.4,0.25,9.662,[0.3629],20,"[2000, 2001, 2002, 2003, 2004, 2005, 2006, 2007, 2008, 2009, 2010, 2011, 2012, 2013, 2014, 2015, 2016, 2017, 2018, 2019]"
48,False,False,1e-05,0.0001,100,"(0.4, 0.3, 0.3)",0,2,0,3.0,0.0,0.0,,0.01,0.01,0.001,0.3,,,,1.9,91.2,0.2,6.3545,[0.4159],20,"[2000, 2001, 2002, 2003, 2004, 2005, 2006, 2007, 2008, 2009, 2010, 2011, 2012, 2013, 2014, 2015, 2016, 2017, 2018, 2019]"
48,False,False,1e-05,0.0001,100,"(0.4, 0.3, 0.3)",0,4,0,3.0,0.0,0.0,,0.01,0.01,0.001,0.3,,,,2.0,96.0,0.1,6.6659999999999995,[0.4159],20,"[2000, 2001, 2002, 2003, 2004, 2005, 2006, 2007, 2008, 2009, 2010, 2011, 2012, 2013, 2014, 2015, 2016, 2017, 2018, 2019]"
48,False,False,1e-05,0.0001,100,"(0.4, 0.3, 0.3)",48,0,0,3.0,0.0,0.0,,0.01,0.01,0.001,0.3,,,,2.05,98.4,0.25,6.929,[0.3629],20,"[2000, 2001, 2002, 2003, 2004, 2005, 2006, 2007, 2008, 2009, 2010, 2011, 2012, 2013, 2014, 2015, 2016, 2017, 2018, 2019]"
48,False,False,1e-05,0.0001,100,"(0.4, 0.3, 0.3)",64,2,0,3.0,0.0,0.0,,0.01,0.01,0.001,0.3,,,,1.6,76.8,0.2,5.2315,[0.4159],20,"[2000, 2001, 2002, 2003, 2004, 2005, 2006, 2007, 2008, 2009, 2010, 2011, 2012, 2013, 2014, 2015, 2016, 2017, 2018, 2019]"
48,False,False,1e-05,0.0001,100,"(0.4, 0.3, 0.3)",64,4,0,3.0,0.0,0.0,,0.01,0.01,0.001,0.3,,,,1.75,84.0,0.15,5.6485,[0.4159],20,"[2000, 2001, 2002, 2003, 2004, 2005, 2006, 2007, 2008, 2009, 2010, 2011, 2012, 2013, 2014, 2015, 2016, 2017, 2018, 2019]"
48,False,False,1e-05,0.0001,100,"(0.5, 0.2, 0.3)",0,0,0,3.0,0.0,0.0,,0.01,0.01,0.001,0.3,,,,2.1,100.8,0.15,7.498,[0.3629],20,"[2000, 2001, 2002, 2003, 2004, 2005, 2006, 2007, 2008, 2009, 2010, 2011, 2012, 2013, 2014, 2015, 2016, 2017, 2018, 2019]"
48,False,False,1e-05,0.0001,100,"(0.5, 0.2, 0.3)",0,2,0,3.0,0.0,0.0,,0.01,0.01,0.001,0.3,,,,2.0,96.0,0.15,6.904999999999999,[0.3629],20,"[2000, 2001, 2002, 2003, 2004, 2005, 2006, 2007, 2008, 2009, 2010, 2011, 2012, 2013, 2014, 2015, 2016, 2017, 2018, 2019]"
48,False,False,1e-05,0.0001,100,"(0.5, 0.2, 0.3)",0,4,0,3.0,0.0,0.0,,0.01,0.01,0.001,0.3,,,,1.9,91.2,0.25,6.6754999999999995,[0.3629],20,"[2000, 2001, 2002, 2003, 2004, 2005, 2006, 2007, 2008, 2009, 2010, 2011, 2012, 2013, 2014, 2015, 2016, 2017, 2018, 2019]"
48,False,False,1e-05,0.0001,100,"(0.5, 0.2, 0.3)",48,0,0,3.0,0.0,0.0,,0.01,0.01,0.001,0.3,,,,2.1,100.8,0.15,7.4719999999999995,[0.3629],20,"[2000, 2001, 2002, 2003, 2004, 2005, 2006, 2007, 2008, 2009, 2010, 2011, 2012, 2013, 2014, 2015, 2016, 2017, 2018, 2019]"
48,False,False,1e-05,0.0001,100,"(0.5, 0.2, 0.3)",48,2,0,3.0,0.0,0.0,,0.01,0.01,0.001,0.3,,,,2.0,96.0,0.15,8.352500000000001,[0.3629],20,"[2000, 2001, 2002, 2003, 2004, 2005, 2006, 2007, 2008, 2009, 2010, 2011, 2012, 2013, 2014, 2015, 2016, 2017, 2018, 2019]"
48,False,False,1e-05,0.0001,100,"(0.5, 0.2, 0.3)",48,4,0,3.0,0.0,0.0,,0.01,0.01,0.001,0.3,,,,1.9,91.2,0.25,6.441,[0.3629],20,"[2000, 2001, 2002, 2003, 2004, 2005, 2006, 2007, 2008, 2009, 2010, 2011, 2012, 2013, 2014, 2015, 2016, 2017, 2018, 2019]"
48,False,False,1e-05,0.0001,100,"(0.6, 0.1, 0.3)",0,0,0,3.0,0.0,0.0,,0.01,0.01,0.001,0.3,,,,1.75,84.0,0.15,5.7700000000000005,[0.3629],20,"[2000, 2001, 2002, 2003, 2004, 2005, 2006, 2007, 2008, 2009, 2010, 2011, 2012, 2013, 2014, 2015, 2016, 2017, 2018, 2019]"
48,False,False,1e-05,0.0001,100,"(0.6, 0.1, 0.3)",0,2,0,3.0,0.0,0.0,,0.01,0.01,0.001,0.3,,,,2.05,98.4,0.15,7.280500000000001,[0.3629],20,"[2000, 2001, 2002, 2003, 2004, 2005, 2006, 2007, 2008, 2009, 2010, 2011, 2012, 2013, 2014, 2015, 2016, 2017, 2018, 2019]"
48,False,False,1e-05,0.0001,100,"(0.6, 0.1, 0.3)",0,4,0,3.0,0.0,0.0,,0.01,0.01,0.001,0.3,,,,2.1,100.8,0.15,7.4719999999999995,[0.3629],20,"[2000, 2001, 2002, 2003, 2004, 2005, 2006, 2007, 2008, 2009, 2010, 2011, 2012, 2013, 2014, 2015, 2016, 2017, 2018, 2019]"
48,False,False,1e-05,0.0001,100,"(0.6, 0.1, 0.3)",48,0,0,3.0,0.0,0.0,,0.01,0.01,0.001,0.3,,,,1.75,84.0,0.15,5.8565,[0.3629],20,"[2000, 2001, 2002, 2003, 2004, 2005, 2006, 2007, 2008, 2009, 2010, 2011, 2012, 2013, 2014, 2015, 2016, 2017, 2018, 2019]"
48,False,False,1e-05,0.0001,100,"(0.6, 0.1, 0.3)",48,2,0,3.0,0.0,0.0,,0.01,0.01,0.001,0.3,,,,2.05,98.4,0.15,7.393000000000001,[0.3629],20,"[2000, 2001, 2002, 2003, 2004, 2005, 2006, 2007, 2008, 2009, 2010, 2011, 2012, 2013, 2014, 2015, 2016, 2017, 2018, 2019]"
48,False,False,1e-05,0.0001,100,"(0.6, 0.1, 0.3)",48,4,0,3.0,0.0,0.0,,0.01,0.01,0.001,0.3,,,,2.1,100.8,0.15,7.5575,[0.3629],20,"[2000, 2001, 2002, 2003, 2004, 2005, 2006, 2007, 2008, 2009, 2010, 2011, 2012, 2013, 2014, 2015, 2016, 2017, 2018, 2019]"
48,False,False,1e-05,0.0001,100,"(0.7, 0.0, 0.3)",0,0,0,3.0,0.0,0.0,,0.01,0.01,0.001,0.3,,,,2.1,100.8,0.15,7.580499999999999,[0.3629],20,"[2000, 2001, 2002, 2003, 2004, 2005, 2006, 2007, 2008, 2009, 2010, 2011, 2012, 2013, 2014, 2015, 2016, 2017, 2018, 2019]"
48,False,False,1e-05,0.0001,100,"(0.7, 0.0, 0.3)",0,2,0,3.0,0.0,0.0,,0.01,0.01,0.001,0.3,,,,2.15,103.2,0.1,7.6745,[0.3629],20,"[2000, 2001, 2002, 2003, 2004, 2005, 2006, 2007, 2008, 2009, 2010, 2011, 2012, 2013, 2014, 2015, 2016, 2017, 2018, 2019]"
48,False,False,1e-05,0.0001,100,"(0.7, 0.0, 0.3)",0,4,0,3.0,0.0,0.0,,0.01,0.01,0.001,0.3,,,,2.3,110.4,0.15,8.932500000000001,[0.3629],20,"[2000, 2001, 2002, 2003, 2004, 2005, 2006, 2007, 2008, 2009, 2010, 2011, 2012, 2013, 2014, 2015, 2016, 2017, 2018, 2019]"
48,False,False,1e-05,0.0001,100,"(0.7, 0.3, 0.0)",0,0,0,3.0,0.0,0.0,,0.01,0.01,0.001,0.3,,,,3.45,165.6,0.1,12.493,[0.3629],20,"[2000, 2001, 2002, 2003, 2004, 2005, 2006, 2007, 2008, 2009, 2010, 2011, 2012, 2013, 2014, 2015, 2016, 2017, 2018, 2019]"
48,False,False,1e-05,0.0001,100,"(0.7, 0.3, 0.0)",0,2,0,3.0,0.0,0.0,,0.01,0.01,0.001,0.3,,,,3.3,158.4,0.05,11.9025,[0.3629],20,"[2000, 2001, 2002, 2003, 2004, 2005, 2006, 2007, 2008, 2009, 2010, 2011, 2012, 2013, 2014, 2015, 2016, 2017, 2018, 2019]"
48,False,False,1e-05,0.0001,100,"(0.7, 0.3, 0.0)",0,4,0,3.0,0.0,0.0,,0.01,0.01,0.001,0.3,,,,3.3,158.4,0.1,12.114999999999998,[0.3629],20,"[2000, 2001, 2002, 2003, 2004, 2005, 2006, 2007, 2008, 2009, 2010, 2011, 2012, 2013, 2014, 2015, 2016, 2017, 2018, 2019]"
48,False,False,1e-05,0.0001,100,"(0.7, 0.3, 0.0)",48,0,0,3.0,0.0,0.0,,0.01,0.01,0.001,0.3,,,,3.45,165.6,0.1,12.6585,[0.3629],20,"[2000, 2001, 2002, 2003, 2004, 2005, 2006, 2007, 2008, 2009, 2010, 2011, 2012, 2013, 2014, 2015, 2016, 2017, 2018, 2019]"
48,False,False,1e-05,0.0001,100,"(0.7, 0.3, 0.0)",48,2,0,3.0,0.0,0.0,,0.01,0.01,0.001,0.3,,,,3.3,158.4,0.05,12.147,[0.3629],20,"[2000, 2001, 2002, 2003, 2004, 2005, 2006, 2007, 2008, 2009, 2010, 2011, 2012, 2013, 2014, 2015, 2016, 2017, 2018, 2019]"
48,False,False,1e-05,0.0001,100,"(0.7, 0.3, 0.0)",48,4,0,3.0,0.0,0.0,,0.01,0.01,0.001,0.3,,,,3.3,158.4,0.1,12.223,[0.3629],20,"[2000, 2001, 2002, 2003, 2004, 2005, 2006, 2007, 2008, 2009, 2010, 2011, 2012, 2013, 2014, 2015, 2016, 2017, 2018, 2019]"
48,False,False,1e-05,0.0001,200,"(0.3, 0.3, 0.4)",0,0,0,3.0,0.0,0.0,,0.01,0.01,0.001,0.3,,,,2.1,100.8,0.3,7.17,[0.3614],20,"[2000, 2001, 2002, 2003, 2004, 2005, 2006, 2007, 2008, 2009, 2010, 2011, 2012, 2013, 2014, 2015, 2016, 2017, 2018, 2019]"
48,False,False,1e-05,0.0001,200,"(0.3, 0.3, 0.4)",0,2,0,3.0,0.0,0.0,,0.01,0.01,0.001,0.3,,,,2.15,103.2,0.25,7.416500000000001,[0.3614],20,"[2000, 2001, 2002, 2003, 2004, 2005, 2006, 2007, 2008, 2009, 2010, 2011, 2012, 2013, 2014, 2015, 2016, 2017, 2018, 2019]"
48,False,False,1e-05,0.0001,200,"(0.3, 0.3, 0.4)",0,4,0,3.0,0.0,0.0,,0.01,0.01,0.001,0.3,,,,2.1,100.8,0.3,7.3075,[0.3614],20,"[2000, 2001, 2002, 2003, 2004, 2005, 2006, 2007, 2008, 2009, 2010, 2011, 2012, 2013, 2014, 2015, 2016, 2017, 2018, 2019]"
48,False,False,1e-05,0.0001,200,"(0.3, 0.3, 0.4)",48,0,0,3.0,0.0,0.0,,0.01,0.01,0.001,0.3,,,,2.1,100.8,0.3,7.2015,[0.3614],20,"[2000, 2001, 2002, 2003, 2004, 2005, 2006, 2007, 2008, 2009, 2010, 2011, 2012, 2013, 2014, 2015, 2016, 2017, 2018, 2019]"
48,False,False,1e-05,0.0001,200,"(0.3, 0.3, 0.4)",48,2,0,3.0,0.0,0.0,,0.01,0.01,0.001,0.3,,,,2.15,103.2,0.25,7.422499999999999,[0.3614],20,"[2000, 2001, 2002, 2003, 2004, 2005, 2006, 2007, 2008, 2009, 2010, 2011, 2012, 2013, 2014, 2015, 2016, 2017, 2018, 2019]"
48,False,False,1e-05,0.0001,200,"(0.3, 0.3, 0.4)",48,4,0,3.0,0.0,0.0,,0.01,0.01,0.001,0.3,,,,2.1,100.8,0.3,7.164499999999999,[0.3614],20,"[2000, 2001, 2002, 2003, 2004, 2005, 2006, 2007, 2008, 2009, 2010, 2011, 2012, 2013, 2014, 2015, 2016, 2017, 2018, 2019]"
48,False,False,1e-05,0.0001,200,"(0.4, 0.3, 0.3)",0,0,0,3.0,0.0,0.0,,0.01,0.01,0.001,0.3,,,,2.0,96.0,0.1,8.315000000000001,[0.3614],20,"[2000, 2001, 2002, 2003, 2004, 2005, 2006, 2007, 2008, 2009, 2010, 2011, 2012, 2013, 2014, 2015, 2016, 2017, 2018, 2019]"
48,False,False,1e-05,0.0001,200,"(0.4, 0.3, 0.3)",0,2,0,3.0,0.0,0.0,,0.01,0.01,0.001,0.3,,,,2.2,105.6,0.15,7.4205,[0.418],20,"[2000, 2001, 2002, 2003, 2004, 2005, 2006, 2007, 2008, 2009, 2010, 2011, 2012, 2013, 2014, 2015, 2016, 2017, 2018, 2019]"
48,False,False,1e-05,0.0001,200,"(0.4, 0.3, 0.3)",0,4,0,3.0,0.0,0.0,,0.01,0.01,0.001,0.3,,,,2.35,112.8,0.2,8.016,[0.418],20,"[2000, 2001, 2002, 2003, 2004, 2005, 2006, 2007, 2008, 2009, 2010, 2011, 2012, 2013, 2014, 2015, 2016, 2017, 2018, 2019]"
48,False,False,1e-05,0.0001,200,"(0.4, 0.3, 0.3)",48,0,0,3.0,0.0,0.0,,0.01,0.01,0.001,0.3,,,,2.0,96.0,0.1,6.873,[0.3614],20,"[2000, 2001, 2002, 2003, 2004, 2005, 2006, 2007, 2008, 2009, 2010, 2011, 2012, 2013, 2014, 2015, 2016, 2017, 2018, 2019]"
48,False,False,1e-05,0.0001,200,"(0.4, 0.3, 0.3)",64,2,0,3.0,0.0,0.0,,0.01,0.01,0.001,0.3,,,,1.65,79.2,0.15,5.386,[0.418],20,"[2000, 2001, 2002, 2003, 2004, 2005, 2006, 2007, 2008, 2009, 2010, 2011, 2012, 2013, 2014, 2015, 2016, 2017, 2018, 2019]"
48,False,False,1e-05,0.0001,200,"(0.4, 0.3, 0.3)",64,4,0,3.0,0.0,0.0,,0.01,0.01,0.001,0.3,,,,1.7,81.6,0.2,5.4225,[0.418],20,"[2000, 2001, 2002, 2003, 2004, 2005, 2006, 2007, 2008, 2009, 2010, 2011, 2012, 2013, 2014, 2015, 2016, 2017, 2018, 2019]"
48,False,False,1e-05,0.0001,200,"(0.5, 0.2, 0.3)",0,0,0,3.0,0.0,0.0,,0.01,0.01,0.001,0.3,,,,1.95,93.6,0.15,6.781000000000001,[0.3614],20,"[2000, 2001, 2002, 2003, 2004, 2005, 2006, 2007, 2008, 2009, 2010, 2011, 2012, 2013, 2014, 2015, 2016, 2017, 2018, 2019]"
48,False,False,1e-05,0.0001,200,"(0.5, 0.2, 0.3)",0,2,0,3.0,0.0,0.0,,0.01,0.01,0.001,0.3,,,,2.1,100.8,0.15,7.5765,[0.3614],20,"[2000, 2001, 2002, 2003, 2004, 2005, 2006, 2007, 2008, 2009, 2010, 2011, 2012, 2013, 2014, 2015, 2016, 2017, 2018, 2019]"
48,False,False,1e-05,0.0001,200,"(0.5, 0.2, 0.3)",0,4,0,3.0,0.0,0.0,,0.01,0.01,0.001,0.3,,,,2.4,115.2,0.3,9.199,[0.3614],20,"[2000, 2001, 2002, 2003, 2004, 2005, 2006, 2007, 2008, 2009, 2010, 2011, 2012, 2013, 2014, 2015, 2016, 2017, 2018, 2019]"
48,False,False,1e-05,0.0001,200,"(0.5, 0.2, 0.3)",48,0,0,3.0,0.0,0.0,,0.01,0.01,0.001,0.3,,,,1.95,93.6,0.15,6.705,[0.3614],20,"[2000, 2001, 2002, 2003, 2004, 2005, 2006, 2007, 2008, 2009, 2010, 2011, 2012, 2013, 2014, 2015, 2016, 2017, 2018, 2019]"
48,False,False,1e-05,0.0001,200,"(0.5, 0.2, 0.3)",48,2,0,3.0,0.0,0.0,,0.01,0.01,0.001,0.3,,,,2.1,100.8,0.15,7.5045,[0.3614],20,"[2000, 2001, 2002, 2003, 2004, 2005, 2006, 2007, 2008, 2009, 2010, 2011, 2012, 2013, 2014, 2015, 2016, 2017, 2018, 2019]"
48,False,False,1e-05,0.0001,200,"(0.5, 0.2, 0.3)",48,4,0,3.0,0.0,0.0,,0.01,0.01,0.001,0.3,,,,2.4,115.2,0.3,9.0335,[0.3614],20,"[2000, 2001, 2002, 2003, 2004, 2005, 2006, 2007, 2008, 2009, 2010, 2011, 2012, 2013, 2014, 2015, 2016, 2017, 2018, 2019]"
48,False,False,1e-05,0.0001,200,"(0.6, 0.1, 0.3)",0,0,0,3.0,0.0,0.0,,0.01,0.01,0.001,0.3,,,,2.0,96.0,0.05,7.0045,[0.3614],20,"[2000, 2001, 2002, 2003, 2004, 2005, 2006, 2007, 2008, 2009, 2010, 2011, 2012, 2013, 2014, 2015, 2016, 2017, 2018, 2019]"
48,False,False,1e-05,0.0001,200,"(0.6, 0.1, 0.3)",0,2,0,3.0,0.0,0.0,,0.01,0.01,0.001,0.3,,,,2.05,98.4,0.1,7.5685,[0.3614],20,"[2000, 2001, 2002, 2003, 2004, 2005, 2006, 2007, 2008, 2009, 2010, 2011, 2012, 2013, 2014, 2015, 2016, 2017, 2018, 2019]"
48,False,False,1e-05,0.0001,200,"(0.6, 0.1, 0.3)",0,4,0,3.0,0.0,0.0,,0.01,0.01,0.001,0.3,,,,1.7,81.6,0.25,5.7,[0.3614],20,"[2000, 2001, 2002, 2003, 2004, 2005, 2006, 2007, 2008, 2009, 2010, 2011, 2012, 2013, 2014, 2015, 2016, 2017, 2018, 2019]"
48,False,False,1e-05,0.0001,200,"(0.6, 0.1, 0.3)",48,0,0,3.0,0.0,0.0,,0.01,0.01,0.001,0.3,,,,2.0,96.0,0.05,6.8565,[0.3614],20,"[2000, 2001, 2002, 2003, 2004, 2005, 2006, 2007, 2008, 2009, 2010, 2011, 2012, 2013, 2014, 2015, 2016, 2017, 2018, 2019]"
48,False,False,1e-05,0.0001,200,"(0.6, 0.1, 0.3)",48,2,0,3.0,0.0,0.0,,0.01,0.01,0.001,0.3,,,,2.05,98.4,0.1,7.6215,[0.3614],20,"[2000, 2001, 2002, 2003, 2004, 2005, 2006, 2007, 2008, 2009, 2010, 2011, 2012, 2013, 2014, 2015, 2016, 2017, 2018, 2019]"
48,False,False,1e-05,0.0001,200,"(0.6, 0.1, 0.3)",48,4,0,3.0,0.0,0.0,,0.01,0.01,0.001,0.3,,,,1.7,81.6,0.25,5.718500000000001,[0.3614],20,"[2000, 2001, 2002, 2003, 2004, 2005, 2006, 2007, 2008, 2009, 2010, 2011, 2012, 2013, 2014, 2015, 2016, 2017, 2018, 2019]"
48,False,False,1e-05,0.0001,200,"(0.7, 0.0, 0.3)",0,0,0,3.0,0.0,0.0,,0.01,0.01,0.001,0.3,,,,1.9,91.2,0.1,6.4845,[0.3614],20,"[2000, 2001, 2002, 2003, 2004, 2005, 2006, 2007, 2008, 2009, 2010, 2011, 2012, 2013, 2014, 2015, 2016, 2017, 2018, 2019]"
48,False,False,1e-05,0.0001,200,"(0.7, 0.0, 0.3)",0,2,0,3.0,0.0,0.0,,0.01,0.01,0.001,0.3,,,,1.9,91.2,0.1,6.4905,[0.3614],20,"[2000, 2001, 2002, 2003, 2004, 2005, 2006, 2007, 2008, 2009, 2010, 2011, 2012, 2013, 2014, 2015, 2016, 2017, 2018, 2019]"
48,False,False,1e-05,0.0001,200,"(0.7, 0.0, 0.3)",0,4,0,3.0,0.0,0.0,,0.01,0.01,0.001,0.3,,,,1.95,93.6,0.05,6.8545,[0.3614],20,"[2000, 2001, 2002, 2003, 2004, 2005, 2006, 2007, 2008, 2009, 2010, 2011, 2012, 2013, 2014, 2015, 2016, 2017, 2018, 2019]"
48,False,False,1e-05,0.0001,200,"(0.7, 0.3, 0.0)",0,0,0,3.0,0.0,0.0,,0.01,0.01,0.001,0.3,,,,3.0,144.0,0.2,11.107,[0.3614],20,"[2000, 2001, 2002, 2003, 2004, 2005, 2006, 2007, 2008, 2009, 2010, 2011, 2012, 2013, 2014, 2015, 2016, 2017, 2018, 2019]"
48,False,False,1e-05,0.0001,200,"(0.7, 0.3, 0.0)",0,2,0,3.0,0.0,0.0,,0.01,0.01,0.001,0.3,,,,3.25,156.0,0.15,11.9075,[0.3614],20,"[2000, 2001, 2002, 2003, 2004, 2005, 2006, 2007, 2008, 2009, 2010, 2011, 2012, 2013, 2014, 2015, 2016, 2017, 2018, 2019]"
48,False,False,1e-05,0.0001,200,"(0.7, 0.3, 0.0)",0,4,0,3.0,0.0,0.0,,0.01,0.01,0.001,0.3,,,,3.4,163.2,0.05,13.2405,[0.3614],20,"[2000, 2001, 2002, 2003, 2004, 2005, 2006, 2007, 2008, 2009, 2010, 2011, 2012, 2013, 2014, 2015, 2016, 2017, 2018, 2019]"
48,False,False,1e-05,0.0001,200,"(0.7, 0.3, 0.0)",48,0,0,3.0,0.0,0.0,,0.01,0.01,0.001,0.3,,,,3.0,144.0,0.2,11.113,[0.3614],20,"[2000, 2001, 2002, 2003, 2004, 2005, 2006, 2007, 2008, 2009, 2010, 2011, 2012, 2013, 2014, 2015, 2016, 2017, 2018, 2019]"
48,False,False,1e-05,0.0001,200,"(0.7, 0.3, 0.0)",48,2,0,3.0,0.0,0.0,,0.01,0.01,0.001,0.3,,,,3.25,156.0,0.15,12.206,[0.3614],20,"[2000, 2001, 2002, 2003, 2004, 2005, 2006, 2007, 2008, 2009, 2010, 2011, 2012, 2013, 2014, 2015, 2016, 2017, 2018, 2019]"
48,False,False,1e-05,0.0001,200,"(0.7, 0.3, 0.0)",48,4,0,3.0,0.0,0.0,,0.01,0.01,0.001,0.3,,,,3.4,163.2,0.05,13.308000000000002,[0.3614],20,"[2000, 2001, 2002, 2003, 2004, 2005, 2006, 2007, 2008, 2009, 2010, 2011, 2012, 2013, 2014, 2015, 2016, 2017, 2018, 2019]"
48,False,False,1e-05,0.0001,300,"(0.4, 0.3, 0.3)",0,2,0,3.0,0.0,0.0,,0.01,0.01,0.001,0.3,,,,2.25,108.0,0.25,7.5565,[0.4167],20,"[2000, 2001, 2002, 2003, 2004, 2005, 2006, 2007, 2008, 2009, 2010, 2011, 2012, 2013, 2014, 2015, 2016, 2017, 2018, 2019]"
48,False,False,1e-05,0.0001,300,"(0.4, 0.3, 0.3)",0,4,0,3.0,0.0,0.0,,0.01,0.01,0.001,0.3,,,,2.55,122.4,0.2,9.094,[0.4167],20,"[2000, 2001, 2002, 2003, 2004, 2005, 2006, 2007, 2008, 2009, 2010, 2011, 2012, 2013, 2014, 2015, 2016, 2017, 2018, 2019]"
48,False,False,1e-05,0.0001,300,"(0.4, 0.3, 0.3)",64,2,0,3.0,0.0,0.0,,0.01,0.01,0.001,0.3,,,,1.9,91.2,0.3,6.357,[0.4167],20,"[2000, 2001, 2002, 2003, 2004, 2005, 2006, 2007, 2008, 2009, 2010, 2011, 2012, 2013, 2014, 2015, 2016, 2017, 2018, 2019]"
48,False,False,1e-05,0.0001,300,"(0.4, 0.3, 0.3)",64,4,0,3.0,0.0,0.0,,0.01,0.01,0.001,0.3,,,,2.1,100.8,0.2,6.9879999999999995,[0.4167],20,"[2000, 2001, 2002, 2003, 2004, 2005, 2006, 2007, 2008, 2009, 2010, 2011, 2012, 2013, 2014, 2015, 2016, 2017, 2018, 2019]"
48,False,False,1e-05,0.0001,400,"(0.4, 0.3, 0.3)",0,2,0,3.0,0.0,0.0,,0.01,0.01,0.001,0.3,,,,2.25,108.0,0.15,7.446,"[0.4128, 0.3729]",20,"[2000, 2001, 2002, 2003, 2004, 2005, 2006, 2007, 2008, 2009, 2010, 2011, 2012, 2013, 2014, 2015, 2016, 2017, 2018, 2019]"
48,False,False,1e-05,0.0001,400,"(0.4, 0.3, 0.3)",0,4,0,3.0,0.0,0.0,,0.01,0.01,0.001,0.3,,,,2.4,115.2,0.25,8.1135,"[0.4128, 0.3758]",20,"[2000, 2001, 2002, 2003, 2004, 2005, 2006, 2007, 2008, 2009, 2010, 2011, 2012, 2013, 2014, 2015, 2016, 2017, 2018, 2019]"
48,False,False,1e-05,0.0001,400,"(0.4, 0.3, 0.3)",64,2,0,3.0,0.0,0.0,,0.01,0.01,0.001,0.3,,,,1.9,91.2,0.1,6.3335,[0.4128],20,"[2000, 2001, 2002, 2003, 2004, 2005, 2006, 2007, 2008, 2009, 2010, 2011, 2012, 2013, 2014, 2015, 2016, 2017, 2018, 2019]"
48,False,False,1e-05,0.0001,400,"(0.4, 0.3, 0.3)",64,4,0,3.0,0.0,0.0,,0.01,0.01,0.001,0.3,,,,1.95,93.6,0.15,6.3615,"[0.4128, 0.4768]",20,"[2000, 2001, 2002, 2003, 2004, 2005, 2006, 2007, 2008, 2009, 2010, 2011, 2012, 2013, 2014, 2015, 2016, 2017, 2018, 2019]"
48,False,False,1e-05,0.0001,500,"(0.4, 0.3, 0.3)",0,2,0,3.0,0.0,0.0,,0.01,0.01,0.001,0.3,,,,2.55,122.4,0.15,9.4315,[0.4154],20,"[2000, 2001, 2002, 2003, 2004, 2005, 2006, 2007, 2008, 2009, 2010, 2011, 2012, 2013, 2014, 2015, 2016, 2017, 2018, 2019]"
48,False,False,1e-05,0.0001,500,"(0.4, 0.3, 0.3)",0,4,0,3.0,0.0,0.0,,0.01,0.01,0.001,0.3,,,,2.45,117.6,0.15,8.477,[0.4154],20,"[2000, 2001, 2002, 2003, 2004, 2005, 2006, 2007, 2008, 2009, 2010, 2011, 2012, 2013, 2014, 2015, 2016, 2017, 2018, 2019]"
48,False,False,1e-05,0.0001,500,"(0.4, 0.3, 0.3)",64,2,0,3.0,0.0,0.0,,0.01,0.01,0.001,0.3,,,,2.1,100.8,0.2,6.974500000000001,[0.4154],20,"[2000, 2001, 2002, 2003, 2004, 2005, 2006, 2007, 2008, 2009, 2010, 2011, 2012, 2013, 2014, 2015, 2016, 2017, 2018, 2019]"
48,False,False,1e-05,0.0001,500,"(0.4, 0.3, 0.3)",64,4,0,3.0,0.0,0.0,,0.01,0.01,0.001,0.3,,,,2.05,98.4,0.15,6.801,[0.4154],20,"[2000, 2001, 2002, 2003, 2004, 2005, 2006, 2007, 2008, 2009, 2010, 2011, 2012, 2013, 2014, 2015, 2016, 2017, 2018, 2019]"
48,False,True,1e-05,1e-05,0,"(0.3, 0.3, 0.4)",0,0,0,3.0,0.0,0.0,,0.01,0.01,0.001,0.3,,,,2.25,108.0,0.05,6.226,[-9.186],20,"[2000, 2001, 2002, 2003, 2004, 2005, 2006, 2007, 2008, 2009, 2010, 2011, 2012, 2013, 2014, 2015, 2016, 2017, 2018, 2019]"
48,False,True,1e-05,1e-05,0,"(0.3, 0.3, 0.4)",0,2,0,3.0,0.0,0.0,,0.01,0.01,0.001,0.3,,,,2.3,110.4,0.05,6.3915,[-9.186],20,"[2000, 2001, 2002, 2003, 2004, 2005, 2006, 2007, 2008, 2009, 2010, 2011, 2012, 2013, 2014, 2015, 2016, 2017, 2018, 2019]"
48,False,True,1e-05,1e-05,0,"(0.3, 0.3, 0.4)",0,4,0,3.0,0.0,0.0,,0.01,0.01,0.001,0.3,,,,2.3,110.4,0.0,6.3385,[-9.186],20,"[2000, 2001, 2002, 2003, 2004, 2005, 2006, 2007, 2008, 2009, 2010, 2011, 2012, 2013, 2014, 2015, 2016, 2017, 2018, 2019]"
48,False,True,1e-05,1e-05,0,"(0.3, 0.3, 0.4)",48,0,0,3.0,0.0,0.0,,0.01,0.01,0.001,0.3,,,,2.25,108.0,0.05,6.321,[-9.186],20,"[2000, 2001, 2002, 2003, 2004, 2005, 2006, 2007, 2008, 2009, 2010, 2011, 2012, 2013, 2014, 2015, 2016, 2017, 2018, 2019]"
48,False,True,1e-05,1e-05,0,"(0.3, 0.3, 0.4)",48,2,0,3.0,0.0,0.0,,0.01,0.01,0.001,0.3,,,,2.3,110.4,0.05,6.449,[-9.186],20,"[2000, 2001, 2002, 2003, 2004, 2005, 2006, 2007, 2008, 2009, 2010, 2011, 2012, 2013, 2014, 2015, 2016, 2017, 2018, 2019]"
48,False,True,1e-05,1e-05,0,"(0.3, 0.3, 0.4)",48,4,0,3.0,0.0,0.0,,0.01,0.01,0.001,0.3,,,,2.3,110.4,0.0,6.3885,[-9.186],20,"[2000, 2001, 2002, 2003, 2004, 2005, 2006, 2007, 2008, 2009, 2010, 2011, 2012, 2013, 2014, 2015, 2016, 2017, 2018, 2019]"
48,False,True,1e-05,1e-05,0,"(0.4, 0.3, 0.3)",0,0,0,3.0,0.0,0.0,,0.01,0.01,0.001,0.3,,,,2.2,105.6,0.0,9.535,[-9.186],20,"[2000, 2001, 2002, 2003, 2004, 2005, 2006, 2007, 2008, 2009, 2010, 2011, 2012, 2013, 2014, 2015, 2016, 2017, 2018, 2019]"
48,False,True,1e-05,1e-05,0,"(0.4, 0.3, 0.3)",0,2,0,3.0,0.0,0.0,,0.01,0.01,0.001,0.3,,,,2.1,100.8,0.0,5.836,[-9.186],20,"[2000, 2001, 2002, 2003, 2004, 2005, 2006, 2007, 2008, 2009, 2010, 2011, 2012, 2013, 2014, 2015, 2016, 2017, 2018, 2019]"
48,False,True,1e-05,1e-05,0,"(0.4, 0.3, 0.3)",0,4,0,3.0,0.0,0.0,,0.01,0.01,0.001,0.3,,,,2.25,108.0,0.05,6.221,[-9.186],20,"[2000, 2001, 2002, 2003, 2004, 2005, 2006, 2007, 2008, 2009, 2010, 2011, 2012, 2013, 2014, 2015, 2016, 2017, 2018, 2019]"
48,False,True,1e-05,1e-05,0,"(0.4, 0.3, 0.3)",48,0,0,3.0,0.0,0.0,,0.01,0.01,0.001,0.3,,,,2.2,105.6,0.0,6.005,[-9.186],20,"[2000, 2001, 2002, 2003, 2004, 2005, 2006, 2007, 2008, 2009, 2010, 2011, 2012, 2013, 2014, 2015, 2016, 2017, 2018, 2019]"
48,False,True,1e-05,1e-05,0,"(0.4, 0.3, 0.3)",48,2,0,3.0,0.0,0.0,,0.01,0.01,0.001,0.3,,,,2.1,100.8,0.0,5.779,[-9.186],20,"[2000, 2001, 2002, 2003, 2004, 2005, 2006, 2007, 2008, 2009, 2010, 2011, 2012, 2013, 2014, 2015, 2016, 2017, 2018, 2019]"
48,False,True,1e-05,1e-05,0,"(0.4, 0.3, 0.3)",48,4,0,3.0,0.0,0.0,,0.01,0.01,0.001,0.3,,,,2.25,108.0,0.05,6.2765,[-9.186],20,"[2000, 2001, 2002, 2003, 2004, 2005, 2006, 2007, 2008, 2009, 2010, 2011, 2012, 2013, 2014, 2015, 2016, 2017, 2018, 2019]"
48,False,True,1e-05,1e-05,0,"(0.5, 0.2, 0.3)",0,0,0,3.0,0.0,0.0,,0.01,0.01,0.001,0.3,,,,2.15,103.2,0.0,5.968,[-9.186],20,"[2000, 2001, 2002, 2003, 2004, 2005, 2006, 2007, 2008, 2009, 2010, 2011, 2012, 2013, 2014, 2015, 2016, 2017, 2018, 2019]"
48,False,True,1e-05,1e-05,0,"(0.5, 0.2, 0.3)",0,2,0,3.0,0.0,0.0,,0.01,0.01,0.001,0.3,,,,2.05,98.4,0.1,5.794,[-9.186],20,"[2000, 2001, 2002, 2003, 2004, 2005, 2006, 2007, 2008, 2009, 2010, 2011, 2012, 2013, 2014, 2015, 2016, 2017, 2018, 2019]"
48,False,True,1e-05,1e-05,0,"(0.5, 0.2, 0.3)",0,4,0,3.0,0.0,0.0,,0.01,0.01,0.001,0.3,,,,2.15,103.2,0.0,5.8759999999999994,[-9.186],20,"[2000, 2001, 2002, 2003, 2004, 2005, 2006, 2007, 2008, 2009, 2010, 2011, 2012, 2013, 2014, 2015, 2016, 2017, 2018, 2019]"
48,False,True,1e-05,1e-05,0,"(0.5, 0.2, 0.3)",48,0,0,3.0,0.0,0.0,,0.01,0.01,0.001,0.3,,,,2.15,103.2,0.0,7.266500000000001,[-9.186],20,"[2000, 2001, 2002, 2003, 2004, 2005, 2006, 2007, 2008, 2009, 2010, 2011, 2012, 2013, 2014, 2015, 2016, 2017, 2018, 2019]"
48,False,True,1e-05,1e-05,0,"(0.5, 0.2, 0.3)",48,2,0,3.0,0.0,0.0,,0.01,0.01,0.001,0.3,,,,2.05,98.4,0.1,5.8035,[-9.186],20,"[2000, 2001, 2002, 2003, 2004, 2005, 2006, 2007, 2008, 2009, 2010, 2011, 2012, 2013, 2014, 2015, 2016, 2017, 2018, 2019]"
48,False,True,1e-05,1e-05,0,"(0.5, 0.2, 0.3)",48,4,0,3.0,0.0,0.0,,0.01,0.01,0.001,0.3,,,,2.15,103.2,0.0,6.0875,[-9.186],20,"[2000, 2001, 2002, 2003, 2004, 2005, 2006, 2007, 2008, 2009, 2010, 2011, 2012, 2013, 2014, 2015, 2016, 2017, 2018, 2019]"
48,False,True,1e-05,1e-05,0,"(0.6, 0.1, 0.3)",0,0,0,3.0,0.0,0.0,,0.01,0.01,0.001,0.3,,,,2.15,103.2,0.15,5.9695,[-9.186],20,"[2000, 2001, 2002, 2003, 2004, 2005, 2006, 2007, 2008, 2009, 2010, 2011, 2012, 2013, 2014, 2015, 2016, 2017, 2018, 2019]"
48,False,True,1e-05,1e-05,0,"(0.6, 0.1, 0.3)",0,2,0,3.0,0.0,0.0,,0.01,0.01,0.001,0.3,,,,2.3,110.4,0.15,6.6315,[-9.186],20,"[2000, 2001, 2002, 2003, 2004, 2005, 2006, 2007, 2008, 2009, 2010, 2011, 2012, 2013, 2014, 2015, 2016, 2017, 2018, 2019]"
48,False,True,1e-05,1e-05,0,"(0.6, 0.1, 0.3)",0,4,0,3.0,0.0,0.0,,0.01,0.01,0.001,0.3,,,,2.25,108.0,0.05,6.447,[-9.186],20,"[2000, 2001, 2002, 2003, 2004, 2005, 2006, 2007, 2008, 2009, 2010, 2011, 2012, 2013, 2014, 2015, 2016, 2017, 2018, 2019]"
48,False,True,1e-05,1e-05,0,"(0.6, 0.1, 0.3)",48,0,0,3.0,0.0,0.0,,0.01,0.01,0.001,0.3,,,,2.15,103.2,0.15,5.993,[-9.186],20,"[2000, 2001, 2002, 2003, 2004, 2005, 2006, 2007, 2008, 2009, 2010, 2011, 2012, 2013, 2014, 2015, 2016, 2017, 2018, 2019]"
48,False,True,1e-05,1e-05,0,"(0.6, 0.1, 0.3)",48,2,0,3.0,0.0,0.0,,0.01,0.01,0.001,0.3,,,,2.3,110.4,0.15,6.4670000000000005,[-9.186],20,"[2000, 2001, 2002, 2003, 2004, 2005, 2006, 2007, 2008, 2009, 2010, 2011, 2012, 2013, 2014, 2015, 2016, 2017, 2018, 2019]"
48,False,True,1e-05,1e-05,0,"(0.6, 0.1, 0.3)",48,4,0,3.0,0.0,0.0,,0.01,0.01,0.001,0.3,,,,2.25,108.0,0.05,6.212,[-9.186],20,"[2000, 2001, 2002, 2003, 2004, 2005, 2006, 2007, 2008, 2009, 2010, 2011, 2012, 2013, 2014, 2015, 2016, 2017, 2018, 2019]"
48,False,True,1e-05,1e-05,0,"(0.7, 0.0, 0.3)",0,2,0,3.0,0.0,0.0,,0.01,0.01,0.001,0.3,,,,2.15,103.2,0.0,5.8774999999999995,[-9.186],20,"[2000, 2001, 2002, 2003, 2004, 2005, 2006, 2007, 2008, 2009, 2010, 2011, 2012, 2013, 2014, 2015, 2016, 2017, 2018, 2019]"
48,False,True,1e-05,1e-05,0,"(0.7, 0.0, 0.3)",0,4,0,3.0,0.0,0.0,,0.01,0.01,0.001,0.3,,,,2.15,103.2,0.0,6.0085,[-9.186],20,"[2000, 2001, 2002, 2003, 2004, 2005, 2006, 2007, 2008, 2009, 2010, 2011, 2012, 2013, 2014, 2015, 2016, 2017, 2018, 2019]"
48,False,True,1e-05,1e-05,0,"(0.7, 0.3, 0.0)",0,0,0,3.0,0.0,0.0,,0.01,0.01,0.001,0.3,,,,2.05,98.4,0.0,5.5600000000000005,[-9.186],20,"[2000, 2001, 2002, 2003, 2004, 2005, 2006, 2007, 2008, 2009, 2010, 2011, 2012, 2013, 2014, 2015, 2016, 2017, 2018, 2019]"
48,False,True,1e-05,1e-05,0,"(0.7, 0.3, 0.0)",0,2,0,3.0,0.0,0.0,,0.01,0.01,0.001,0.3,,,,2.05,98.4,0.0,5.583,[-9.186],20,"[2000, 2001, 2002, 2003, 2004, 2005, 2006, 2007, 2008, 2009, 2010, 2011, 2012, 2013, 2014, 2015, 2016, 2017, 2018, 2019]"
48,False,True,1e-05,1e-05,0,"(0.7, 0.3, 0.0)",0,4,0,3.0,0.0,0.0,,0.01,0.01,0.001,0.3,,,,2.35,112.8,0.0,6.734,[-9.186],20,"[2000, 2001, 2002, 2003, 2004, 2005, 2006, 2007, 2008, 2009, 2010, 2011, 2012, 2013, 2014, 2015, 2016, 2017, 2018, 2019]"
48,False,True,1e-05,1e-05,0,"(0.7, 0.3, 0.0)",48,0,0,3.0,0.0,0.0,,0.01,0.01,0.001,0.3,,,,2.05,98.4,0.0,5.7805,[-9.186],20,"[2000, 2001, 2002, 2003, 2004, 2005, 2006, 2007, 2008, 2009, 2010, 2011, 2012, 2013, 2014, 2015, 2016, 2017, 2018, 2019]"
48,False,True,1e-05,1e-05,0,"(0.7, 0.3, 0.0)",48,2,0,3.0,0.0,0.0,,0.01,0.01,0.001,0.3,,,,2.05,98.4,0.0,5.59,[-9.186],20,"[2000, 2001, 2002, 2003, 2004, 2005, 2006, 2007, 2008, 2009, 2010, 2011, 2012, 2013, 2014, 2015, 2016, 2017, 2018, 2019]"
48,False,True,1e-05,1e-05,0,"(0.7, 0.3, 0.0)",48,4,0,3.0,0.0,0.0,,0.01,0.01,0.001,0.3,,,,2.35,112.8,0.0,6.7284999999999995,[-9.186],20,"[2000, 2001, 2002, 2003, 2004, 2005, 2006, 2007, 2008, 2009, 2010, 2011, 2012, 2013, 2014, 2015, 2016, 2017, 2018, 2019]"
48,False,True,1e-05,1e-05,100,"(0.3, 0.3, 0.4)",0,0,0,3.0,0.0,0.0,,0.01,0.01,0.001,0.3,,,,2.2,105.6,0.05,6.026999999999999,[-8.6143],20,"[2000, 2001, 2002, 2003, 2004, 2005, 2006, 2007, 2008, 2009, 2010, 2011, 2012, 2013, 2014, 2015, 2016, 2017, 2018, 2019]"
48,False,True,1e-05,1e-05,100,"(0.3, 0.3, 0.4)",0,2,0,3.0,0.0,0.0,,0.01,0.01,0.001,0.3,,,,2.15,103.2,0.0,6.211,[-8.6143],20,"[2000, 2001, 2002, 2003, 2004, 2005, 2006, 2007, 2008, 2009, 2010, 2011, 2012, 2013, 2014, 2015, 2016, 2017, 2018, 2019]"
48,False,True,1e-05,1e-05,100,"(0.3, 0.3, 0.4)",0,4,0,3.0,0.0,0.0,,0.01,0.01,0.001,0.3,,,,2.2,105.6,0.0,6.014,[-8.6143],20,"[2000, 2001, 2002, 2003, 2004, 2005, 2006, 2007, 2008, 2009, 2010, 2011, 2012, 2013, 2014, 2015, 2016, 2017, 2018, 2019]"
48,False,True,1e-05,1e-05,100,"(0.3, 0.3, 0.4)",48,0,0,3.0,0.0,0.0,,0.01,0.01,0.001,0.3,,,,2.2,105.6,0.05,6.2195,[-8.6143],20,"[2000, 2001, 2002, 2003, 2004, 2005, 2006, 2007, 2008, 2009, 2010, 2011, 2012, 2013, 2014, 2015, 2016, 2017, 2018, 2019]"
48,False,True,1e-05,1e-05,100,"(0.3, 0.3, 0.4)",48,2,0,3.0,0.0,0.0,,0.01,0.01,0.001,0.3,,,,2.15,103.2,0.0,5.888,[-8.6143],20,"[2000, 2001, 2002, 2003, 2004, 2005, 2006, 2007, 2008, 2009, 2010, 2011, 2012, 2013, 2014, 2015, 2016, 2017, 2018, 2019]"
48,False,True,1e-05,1e-05,100,"(0.3, 0.3, 0.4)",48,4,0,3.0,0.0,0.0,,0.01,0.01,0.001,0.3,,,,2.2,105.6,0.0,6.021,[-8.6143],20,"[2000, 2001, 2002, 2003, 2004, 2005, 2006, 2007, 2008, 2009, 2010, 2011, 2012, 2013, 2014, 2015, 2016, 2017, 2018, 2019]"
48,False,True,1e-05,1e-05,100,"(0.4, 0.3, 0.3)",0,0,0,3.0,0.0,0.0,,0.01,0.01,0.001,0.3,,,,2.35,112.8,0.1,9.669,[-8.6143],20,"[2000, 2001, 2002, 2003, 2004, 2005, 2006, 2007, 2008, 2009, 2010, 2011, 2012, 2013, 2014, 2015, 2016, 2017, 2018, 2019]"
48,False,True,1e-05,1e-05,100,"(0.4, 0.3, 0.3)",48,0,0,3.0,0.0,0.0,,0.01,0.01,0.001,0.3,,,,2.35,112.8,0.1,6.668000000000001,[-8.6143],20,"[2000, 2001, 2002, 2003, 2004, 2005, 2006, 2007, 2008, 2009, 2010, 2011, 2012, 2013, 2014, 2015, 2016, 2017, 2018, 2019]"
48,False,True,1e-05,1e-05,100,"(0.5, 0.2, 0.3)",0,0,0,3.0,0.0,0.0,,0.01,0.01,0.001,0.3,,,,1.9,91.2,0.05,5.2780000000000005,[-8.6143],20,"[2000, 2001, 2002, 2003, 2004, 2005, 2006, 2007, 2008, 2009, 2010, 2011, 2012, 2013, 2014, 2015, 2016, 2017, 2018, 2019]"
48,False,True,1e-05,1e-05,100,"(0.5, 0.2, 0.3)",0,2,0,3.0,0.0,0.0,,0.01,0.01,0.001,0.3,,,,2.0,96.0,0.05,5.479,[-8.6143],20,"[2000, 2001, 2002, 2003, 2004, 2005, 2006, 2007, 2008, 2009, 2010, 2011, 2012, 2013, 2014, 2015, 2016, 2017, 2018, 2019]"
48,False,True,1e-05,1e-05,100,"(0.5, 0.2, 0.3)",0,4,0,3.0,0.0,0.0,,0.01,0.01,0.001,0.3,,,,1.9,91.2,0.05,5.2,[-8.6143],20,"[2000, 2001, 2002, 2003, 2004, 2005, 2006, 2007, 2008, 2009, 2010, 2011, 2012, 2013, 2014, 2015, 2016, 2017, 2018, 2019]"
48,False,True,1e-05,1e-05,100,"(0.5, 0.2, 0.3)",48,0,0,3.0,0.0,0.0,,0.01,0.01,0.001,0.3,,,,1.9,91.2,0.05,6.173,[-8.6143],20,"[2000, 2001, 2002, 2003, 2004, 2005, 2006, 2007, 2008, 2009, 2010, 2011, 2012, 2013, 2014, 2015, 2016, 2017, 2018, 2019]"
48,False,True,1e-05,1e-05,100,"(0.5, 0.2, 0.3)",48,2,0,3.0,0.0,0.0,,0.01,0.01,0.001,0.3,,,,2.0,96.0,0.05,5.46,[-8.6143],20,"[2000, 2001, 2002, 2003, 2004, 2005, 2006, 2007, 2008, 2009, 2010, 2011, 2012, 2013, 2014, 2015, 2016, 2017, 2018, 2019]"
48,False,True,1e-05,1e-05,100,"(0.5, 0.2, 0.3)",48,4,0,3.0,0.0,0.0,,0.01,0.01,0.001,0.3,,,,1.9,91.2,0.05,5.282,[-8.6143],20,"[2000, 2001, 2002, 2003, 2004, 2005, 2006, 2007, 2008, 2009, 2010, 2011, 2012, 2013, 2014, 2015, 2016, 2017, 2018, 2019]"
48,False,True,1e-05,1e-05,100,"(0.6, 0.1, 0.3)",0,0,0,3.0,0.0,0.0,,0.01,0.01,0.001,0.3,,,,2.25,108.0,0.05,6.3035,[-8.6143],20,"[2000, 2001, 2002, 2003, 2004, 2005, 2006, 2007, 2008, 2009, 2010, 2011, 2012, 2013, 2014, 2015, 2016, 2017, 2018, 2019]"
48,False,True,1e-05,1e-05,100,"(0.6, 0.1, 0.3)",0,2,0,3.0,0.0,0.0,,0.01,0.01,0.001,0.3,,,,2.05,98.4,0.05,5.7465,[-8.6143],20,"[2000, 2001, 2002, 2003, 2004, 2005, 2006, 2007, 2008, 2009, 2010, 2011, 2012, 2013, 2014, 2015, 2016, 2017, 2018, 2019]"
48,False,True,1e-05,1e-05,100,"(0.6, 0.1, 0.3)",0,4,0,3.0,0.0,0.0,,0.01,0.01,0.001,0.3,,,,1.9,91.2,0.05,5.306,[-8.6143],20,"[2000, 2001, 2002, 2003, 2004, 2005, 2006, 2007, 2008, 2009, 2010, 2011, 2012, 2013, 2014, 2015, 2016, 2017, 2018, 2019]"
48,False,True,1e-05,1e-05,100,"(0.6, 0.1, 0.3)",48,0,0,3.0,0.0,0.0,,0.01,0.01,0.001,0.3,,,,2.25,108.0,0.05,6.45,[-8.6143],20,"[2000, 2001, 2002, 2003, 2004, 2005, 2006, 2007, 2008, 2009, 2010, 2011, 2012, 2013, 2014, 2015, 2016, 2017, 2018, 2019]"
48,False,True,1e-05,1e-05,100,"(0.6, 0.1, 0.3)",48,2,0,3.0,0.0,0.0,,0.01,0.01,0.001,0.3,,,,2.05,98.4,0.05,5.719,[-8.6143],20,"[2000, 2001, 2002, 2003, 2004, 2005, 2006, 2007, 2008, 2009, 2010, 2011, 2012, 2013, 2014, 2015, 2016, 2017, 2018, 2019]"
48,False,True,1e-05,1e-05,100,"(0.6, 0.1, 0.3)",48,4,0,3.0,0.0,0.0,,0.01,0.01,0.001,0.3,,,,1.9,91.2,0.05,5.317,[-8.6143],20,"[2000, 2001, 2002, 2003, 2004, 2005, 2006, 2007, 2008, 2009, 2010, 2011, 2012, 2013, 2014, 2015, 2016, 2017, 2018, 2019]"
48,False,True,1e-05,1e-05,100,"(0.7, 0.0, 0.3)",0,2,0,3.0,0.0,0.0,,0.01,0.01,0.001,0.3,,,,2.1,100.8,0.05,5.7705,[-8.6143],20,"[2000, 2001, 2002, 2003, 2004, 2005, 2006, 2007, 2008, 2009, 2010, 2011, 2012, 2013, 2014, 2015, 2016, 2017, 2018, 2019]"
48,False,True,1e-05,1e-05,100,"(0.7, 0.0, 0.3)",0,4,0,3.0,0.0,0.0,,0.01,0.01,0.001,0.3,,,,2.05,98.4,0.1,5.8025,[-8.6143],20,"[2000, 2001, 2002, 2003, 2004, 2005, 2006, 2007, 2008, 2009, 2010, 2011, 2012, 2013, 2014, 2015, 2016, 2017, 2018, 2019]"
48,False,True,1e-05,1e-05,100,"(0.7, 0.3, 0.0)",0,0,0,3.0,0.0,0.0,,0.01,0.01,0.001,0.3,,,,2.15,103.2,0.05,5.939500000000001,[-8.6143],20,"[2000, 2001, 2002, 2003, 2004, 2005, 2006, 2007, 2008, 2009, 2010, 2011, 2012, 2013, 2014, 2015, 2016, 2017, 2018, 2019]"
48,False,True,1e-05,1e-05,100,"(0.7, 0.3, 0.0)",0,2,0,3.0,0.0,0.0,,0.01,0.01,0.001,0.3,,,,3.2,153.6,0.05,12.363499999999998,[-8.6143],20,"[2000, 2001, 2002, 2003, 2004, 2005, 2006, 2007, 2008, 2009, 2010, 2011, 2012, 2013, 2014, 2015, 2016, 2017, 2018, 2019]"
48,False,True,1e-05,1e-05,100,"(0.7, 0.3, 0.0)",0,4,0,3.0,0.0,0.0,,0.01,0.01,0.001,0.3,,,,2.3,110.4,0.0,6.4955,[-8.6143],20,"[2000, 2001, 2002, 2003, 2004, 2005, 2006, 2007, 2008, 2009, 2010, 2011, 2012, 2013, 2014, 2015, 2016, 2017, 2018, 2019]"
48,False,True,1e-05,1e-05,100,"(0.7, 0.3, 0.0)",48,0,0,3.0,0.0,0.0,,0.01,0.01,0.001,0.3,,,,2.15,103.2,0.05,6.1265,[-8.6143],20,"[2000, 2001, 2002, 2003, 2004, 2005, 2006, 2007, 2008, 2009, 2010, 2011, 2012, 2013, 2014, 2015, 2016, 2017, 2018, 2019]"
48,False,True,1e-05,1e-05,100,"(0.7, 0.3, 0.0)",48,2,0,3.0,0.0,0.0,,0.01,0.01,0.001,0.3,,,,3.2,153.6,0.05,12.486500000000001,[-8.6143],20,"[2000, 2001, 2002, 2003, 2004, 2005, 2006, 2007, 2008, 2009, 2010, 2011, 2012, 2013, 2014, 2015, 2016, 2017, 2018, 2019]"
48,False,True,1e-05,1e-05,100,"(0.7, 0.3, 0.0)",48,4,0,3.0,0.0,0.0,,0.01,0.01,0.001,0.3,,,,2.3,110.4,0.0,6.566,[-8.6143],20,"[2000, 2001, 2002, 2003, 2004, 2005, 2006, 2007, 2008, 2009, 2010, 2011, 2012, 2013, 2014, 2015, 2016, 2017, 2018, 2019]"
48,False,True,1e-05,1e-05,200,"(0.3, 0.3, 0.4)",0,0,0,3.0,0.0,0.0,,0.01,0.01,0.001,0.3,,,,2.1,100.8,0.1,5.804,[-8.1107],20,"[2000, 2001, 2002, 2003, 2004, 2005, 2006, 2007, 2008, 2009, 2010, 2011, 2012, 2013, 2014, 2015, 2016, 2017, 2018, 2019]"
48,False,True,1e-05,1e-05,200,"(0.3, 0.3, 0.4)",0,2,0,3.0,0.0,0.0,,0.01,0.01,0.001,0.3,,,,2.05,98.4,0.2,5.66,[-8.1107],20,"[2000, 2001, 2002, 2003, 2004, 2005, 2006, 2007, 2008, 2009, 2010, 2011, 2012, 2013, 2014, 2015, 2016, 2017, 2018, 2019]"
48,False,True,1e-05,1e-05,200,"(0.3, 0.3, 0.4)",0,4,0,3.0,0.0,0.0,,0.01,0.01,0.001,0.3,,,,2.0,96.0,0.15,5.5280000000000005,[-8.1107],20,"[2000, 2001, 2002, 2003, 2004, 2005, 2006, 2007, 2008, 2009, 2010, 2011, 2012, 2013, 2014, 2015, 2016, 2017, 2018, 2019]"
48,False,True,1e-05,1e-05,200,"(0.3, 0.3, 0.4)",48,0,0,3.0,0.0,0.0,,0.01,0.01,0.001,0.3,,,,2.1,100.8,0.1,5.8759999999999994,[-8.1107],20,"[2000, 2001, 2002, 2003, 2004, 2005, 2006, 2007, 2008, 2009, 2010, 2011, 2012, 2013, 2014, 2015, 2016, 2017, 2018, 2019]"
48,False,True,1e-05,1e-05,200,"(0.3, 0.3, 0.4)",48,2,0,3.0,0.0,0.0,,0.01,0.01,0.001,0.3,,,,2.05,98.4,0.2,5.657500000000001,[-8.1107],20,"[2000, 2001, 2002, 2003, 2004, 2005, 2006, 2007, 2008, 2009, 2010, 2011, 2012, 2013, 2014, 2015, 2016, 2017, 2018, 2019]"
48,False,True,1e-05,1e-05,200,"(0.3, 0.3, 0.4)",48,4,0,3.0,0.0,0.0,,0.01,0.01,0.001,0.3,,,,2.0,96.0,0.15,5.4725,[-8.1107],20,"[2000, 2001, 2002, 2003, 2004, 2005, 2006, 2007, 2008, 2009, 2010, 2011, 2012, 2013, 2014, 2015, 2016, 2017, 2018, 2019]"
48,False,True,1e-05,1e-05,200,"(0.4, 0.3, 0.3)",0,0,0,3.0,0.0,0.0,,0.01,0.01,0.001,0.3,,,,1.95,93.6,0.1,8.3575,[-8.1107],20,"[2000, 2001, 2002, 2003, 2004, 2005, 2006, 2007, 2008, 2009, 2010, 2011, 2012, 2013, 2014, 2015, 2016, 2017, 2018, 2019]"
48,False,True,1e-05,1e-05,200,"(0.4, 0.3, 0.3)",48,0,0,3.0,0.0,0.0,,0.01,0.01,0.001,0.3,,,,1.95,93.6,0.1,5.3935,[-8.1107],20,"[2000, 2001, 2002, 2003, 2004, 2005, 2006, 2007, 2008, 2009, 2010, 2011, 2012, 2013, 2014, 2015, 2016, 2017, 2018, 2019]"
48,False,True,1e-05,1e-05,200,"(0.5, 0.2, 0.3)",0,0,0,3.0,0.0,0.0,,0.01,0.01,0.001,0.3,,,,1.85,88.8,0.1,4.9495000000000005,[-8.1107],20,"[2000, 2001, 2002, 2003, 2004, 2005, 2006, 2007, 2008, 2009, 2010, 2011, 2012, 2013, 2014, 2015, 2016, 2017, 2018, 2019]"
48,False,True,1e-05,1e-05,200,"(0.5, 0.2, 0.3)",0,2,0,3.0,0.0,0.0,,0.01,0.01,0.001,0.3,,,,1.95,93.6,0.1,5.3175,[-8.1107],20,"[2000, 2001, 2002, 2003, 2004, 2005, 2006, 2007, 2008, 2009, 2010, 2011, 2012, 2013, 2014, 2015, 2016, 2017, 2018, 2019]"
48,False,True,1e-05,1e-05,200,"(0.5, 0.2, 0.3)",0,4,0,3.0,0.0,0.0,,0.01,0.01,0.001,0.3,,,,1.9,91.2,0.05,5.142,[-8.1107],20,"[2000, 2001, 2002, 2003, 2004, 2005, 2006, 2007, 2008, 2009, 2010, 2011, 2012, 2013, 2014, 2015, 2016, 2017, 2018, 2019]"
48,False,True,1e-05,1e-05,200,"(0.5, 0.2, 0.3)",48,0,0,3.0,0.0,0.0,,0.01,0.01,0.001,0.3,,,,1.85,88.8,0.1,5.1805,[-8.1107],20,"[2000, 2001, 2002, 2003, 2004, 2005, 2006, 2007, 2008, 2009, 2010, 2011, 2012, 2013, 2014, 2015, 2016, 2017, 2018, 2019]"
48,False,True,1e-05,1e-05,200,"(0.5, 0.2, 0.3)",48,2,0,3.0,0.0,0.0,,0.01,0.01,0.001,0.3,,,,1.95,93.6,0.1,5.364,[-8.1107],20,"[2000, 2001, 2002, 2003, 2004, 2005, 2006, 2007, 2008, 2009, 2010, 2011, 2012, 2013, 2014, 2015, 2016, 2017, 2018, 2019]"
48,False,True,1e-05,1e-05,200,"(0.5, 0.2, 0.3)",48,4,0,3.0,0.0,0.0,,0.01,0.01,0.001,0.3,,,,1.9,91.2,0.05,5.2335,[-8.1107],20,"[2000, 2001, 2002, 2003, 2004, 2005, 2006, 2007, 2008, 2009, 2010, 2011, 2012, 2013, 2014, 2015, 2016, 2017, 2018, 2019]"
48,False,True,1e-05,1e-05,200,"(0.6, 0.1, 0.3)",0,0,0,3.0,0.0,0.0,,0.01,0.01,0.001,0.3,,,,2.0,96.0,0.1,5.5305,[-8.1107],20,"[2000, 2001, 2002, 2003, 2004, 2005, 2006, 2007, 2008, 2009, 2010, 2011, 2012, 2013, 2014, 2015, 2016, 2017, 2018, 2019]"
48,False,True,1e-05,1e-05,200,"(0.6, 0.1, 0.3)",0,2,0,3.0,0.0,0.0,,0.01,0.01,0.001,0.3,,,,1.85,88.8,0.15,5.0875,[-8.1107],20,"[2000, 2001, 2002, 2003, 2004, 2005, 2006, 2007, 2008, 2009, 2010, 2011, 2012, 2013, 2014, 2015, 2016, 2017, 2018, 2019]"
48,False,True,1e-05,1e-05,200,"(0.6, 0.1, 0.3)",0,4,0,3.0,0.0,0.0,,0.01,0.01,0.001,0.3,,,,1.75,84.0,0.1,4.879,[-8.1107],20,"[2000, 2001, 2002, 2003, 2004, 2005, 2006, 2007, 2008, 2009, 2010, 2011, 2012, 2013, 2014, 2015, 2016, 2017, 2018, 2019]"
48,False,True,1e-05,1e-05,200,"(0.6, 0.1, 0.3)",48,0,0,3.0,0.0,0.0,,0.01,0.01,0.001,0.3,,,,2.0,96.0,0.1,5.68,[-8.1107],20,"[2000, 2001, 2002, 2003, 2004, 2005, 2006, 2007, 2008, 2009, 2010, 2011, 2012, 2013, 2014, 2015, 2016, 2017, 2018, 2019]"
48,False,True,1e-05,1e-05,200,"(0.6, 0.1, 0.3)",48,2,0,3.0,0.0,0.0,,0.01,0.01,0.001,0.3,,,,1.85,88.8,0.15,5.1845,[-8.1107],20,"[2000, 2001, 2002, 2003, 2004, 2005, 2006, 2007, 2008, 2009, 2010, 2011, 2012, 2013, 2014, 2015, 2016, 2017, 2018, 2019]"
48,False,True,1e-05,1e-05,200,"(0.6, 0.1, 0.3)",48,4,0,3.0,0.0,0.0,,0.01,0.01,0.001,0.3,,,,1.75,84.0,0.1,4.868,[-8.1107],20,"[2000, 2001, 2002, 2003, 2004, 2005, 2006, 2007, 2008, 2009, 2010, 2011, 2012, 2013, 2014, 2015, 2016, 2017, 2018, 2019]"
48,False,True,1e-05,1e-05,200,"(0.7, 0.0, 0.3)",0,2,0,3.0,0.0,0.0,,0.01,0.01,0.001,0.3,,,,1.9,91.2,0.1,5.1955,[-8.1107],20,"[2000, 2001, 2002, 2003, 2004, 2005, 2006, 2007, 2008, 2009, 2010, 2011, 2012, 2013, 2014, 2015, 2016, 2017, 2018, 2019]"
48,False,True,1e-05,1e-05,200,"(0.7, 0.0, 0.3)",0,4,0,3.0,0.0,0.0,,0.01,0.01,0.001,0.3,,,,1.75,84.0,0.05,4.769,[-8.1107],20,"[2000, 2001, 2002, 2003, 2004, 2005, 2006, 2007, 2008, 2009, 2010, 2011, 2012, 2013, 2014, 2015, 2016, 2017, 2018, 2019]"
48,False,True,1e-05,1e-05,200,"(0.7, 0.3, 0.0)",0,0,0,3.0,0.0,0.0,,0.01,0.01,0.001,0.3,,,,1.95,93.6,0.05,5.294,[-8.1107],20,"[2000, 2001, 2002, 2003, 2004, 2005, 2006, 2007, 2008, 2009, 2010, 2011, 2012, 2013, 2014, 2015, 2016, 2017, 2018, 2019]"
48,False,True,1e-05,1e-05,200,"(0.7, 0.3, 0.0)",0,2,0,3.0,0.0,0.0,,0.01,0.01,0.001,0.3,,,,2.0,96.0,0.05,5.4585,[-8.1107],20,"[2000, 2001, 2002, 2003, 2004, 2005, 2006, 2007, 2008, 2009, 2010, 2011, 2012, 2013, 2014, 2015, 2016, 2017, 2018, 2019]"
48,False,True,1e-05,1e-05,200,"(0.7, 0.3, 0.0)",0,4,0,3.0,0.0,0.0,,0.01,0.01,0.001,0.3,,,,2.15,103.2,0.1,6.1354999999999995,[-8.1107],20,"[2000, 2001, 2002, 2003, 2004, 2005, 2006, 2007, 2008, 2009, 2010, 2011, 2012, 2013, 2014, 2015, 2016, 2017, 2018, 2019]"
48,False,True,1e-05,1e-05,200,"(0.7, 0.3, 0.0)",48,0,0,3.0,0.0,0.0,,0.01,0.01,0.001,0.3,,,,1.95,93.6,0.05,5.5055,[-8.1107],20,"[2000, 2001, 2002, 2003, 2004, 2005, 2006, 2007, 2008, 2009, 2010, 2011, 2012, 2013, 2014, 2015, 2016, 2017, 2018, 2019]"
48,False,True,1e-05,1e-05,200,"(0.7, 0.3, 0.0)",48,2,0,3.0,0.0,0.0,,0.01,0.01,0.001,0.3,,,,2.0,96.0,0.05,5.6755,[-8.1107],20,"[2000, 2001, 2002, 2003, 2004, 2005, 2006, 2007, 2008, 2009, 2010, 2011, 2012, 2013, 2014, 2015, 2016, 2017, 2018, 2019]"
48,False,True,1e-05,1e-05,200,"(0.7, 0.3, 0.0)",48,4,0,3.0,0.0,0.0,,0.01,0.01,0.001,0.3,,,,2.15,103.2,0.1,6.0865,[-8.1107],20,"[2000, 2001, 2002, 2003, 2004, 2005, 2006, 2007, 2008, 2009, 2010, 2011, 2012, 2013, 2014, 2015, 2016, 2017, 2018, 2019]"
48,False,True,1e-05,0.0001,0,"(0.3, 0.3, 0.4)",0,0,0,3.0,0.0,0.0,,0.01,0.01,0.001,0.3,,,,2.05,98.4,0.3,5.741,[0.398],20,"[2000, 2001, 2002, 2003, 2004, 2005, 2006, 2007, 2008, 2009, 2010, 2011, 2012, 2013, 2014, 2015, 2016, 2017, 2018, 2019]"
48,False,True,1e-05,0.0001,0,"(0.3, 0.3, 0.4)",0,2,0,3.0,0.0,0.0,,0.01,0.01,0.001,0.3,,,,2.3,110.4,0.3,6.4305,[0.398],20,"[2000, 2001, 2002, 2003, 2004, 2005, 2006, 2007, 2008, 2009, 2010, 2011, 2012, 2013, 2014, 2015, 2016, 2017, 2018, 2019]"
48,False,True,1e-05,0.0001,0,"(0.3, 0.3, 0.4)",0,4,0,3.0,0.0,0.0,,0.01,0.01,0.001,0.3,,,,2.5,120.0,0.15,7.1785,[0.398],20,"[2000, 2001, 2002, 2003, 2004, 2005, 2006, 2007, 2008, 2009, 2010, 2011, 2012, 2013, 2014, 2015, 2016, 2017, 2018, 2019]"
48,False,True,1e-05,0.0001,0,"(0.3, 0.3, 0.4)",48,0,0,3.0,0.0,0.0,,0.01,0.01,0.001,0.3,,,,2.05,98.4,0.3,5.5625,[0.398],20,"[2000, 2001, 2002, 2003, 2004, 2005, 2006, 2007, 2008, 2009, 2010, 2011, 2012, 2013, 2014, 2015, 2016, 2017, 2018, 2019]"
48,False,True,1e-05,0.0001,0,"(0.3, 0.3, 0.4)",48,2,0,3.0,0.0,0.0,,0.01,0.01,0.001,0.3,,,,2.3,110.4,0.3,6.496,[0.398],20,"[2000, 2001, 2002, 2003, 2004, 2005, 2006, 2007, 2008, 2009, 2010, 2011, 2012, 2013, 2014, 2015, 2016, 2017, 2018, 2019]"
48,False,True,1e-05,0.0001,0,"(0.3, 0.3, 0.4)",48,4,0,3.0,0.0,0.0,,0.01,0.01,0.001,0.3,,,,2.5,120.0,0.15,7.237,[0.398],20,"[2000, 2001, 2002, 2003, 2004, 2005, 2006, 2007, 2008, 2009, 2010, 2011, 2012, 2013, 2014, 2015, 2016, 2017, 2018, 2019]"
48,False,True,1e-05,0.0001,0,"(0.4, 0.3, 0.3)",0,0,0,3.0,0.0,0.0,,0.01,0.01,0.001,0.3,,,,2.2,105.6,0.15,6.212,[0.398],20,"[2000, 2001, 2002, 2003, 2004, 2005, 2006, 2007, 2008, 2009, 2010, 2011, 2012, 2013, 2014, 2015, 2016, 2017, 2018, 2019]"
48,False,True,1e-05,0.0001,0,"(0.4, 0.3, 0.3)",0,2,0,3.0,0.0,0.0,,0.01,0.01,0.001,0.3,,,,2.15,103.2,0.1,5.9775,[0.398],20,"[2000, 2001, 2002, 2003, 2004, 2005, 2006, 2007, 2008, 2009, 2010, 2011, 2012, 2013, 2014, 2015, 2016, 2017, 2018, 2019]"
48,False,True,1e-05,0.0001,0,"(0.4, 0.3, 0.3)",0,4,0,3.0,0.0,0.0,,0.01,0.01,0.001,0.3,,,,2.25,108.0,0.15,6.2165,[0.398],20,"[2000, 2001, 2002, 2003, 2004, 2005, 2006, 2007, 2008, 2009, 2010, 2011, 2012, 2013, 2014, 2015, 2016, 2017, 2018, 2019]"
48,False,True,1e-05,0.0001,0,"(0.4, 0.3, 0.3)",48,0,0,3.0,0.0,0.0,,0.01,0.01,0.001,0.3,,,,2.2,105.6,0.15,6.1645,[0.398],20,"[2000, 2001, 2002, 2003, 2004, 2005, 2006, 2007, 2008, 2009, 2010, 2011, 2012, 2013, 2014, 2015, 2016, 2017, 2018, 2019]"
48,False,True,1e-05,0.0001,0,"(0.4, 0.3, 0.3)",48,2,0,3.0,0.0,0.0,,0.01,0.01,0.001,0.3,,,,2.15,103.2,0.1,6.01,[0.398],20,"[2000, 2001, 2002, 2003, 2004, 2005, 2006, 2007, 2008, 2009, 2010, 2011, 2012, 2013, 2014, 2015, 2016, 2017, 2018, 2019]"
48,False,True,1e-05,0.0001,0,"(0.4, 0.3, 0.3)",48,4,0,3.0,0.0,0.0,,0.01,0.01,0.001,0.3,,,,2.25,108.0,0.15,6.3095,[0.398],20,"[2000, 2001, 2002, 2003, 2004, 2005, 2006, 2007, 2008, 2009, 2010, 2011, 2012, 2013, 2014, 2015, 2016, 2017, 2018, 2019]"
48,False,True,1e-05,0.0001,0,"(0.5, 0.2, 0.3)",0,0,0,3.0,0.0,0.0,,0.01,0.01,0.001,0.3,,,,2.1,100.8,0.2,5.96,[0.398],20,"[2000, 2001, 2002, 2003, 2004, 2005, 2006, 2007, 2008, 2009, 2010, 2011, 2012, 2013, 2014, 2015, 2016, 2017, 2018, 2019]"
48,False,True,1e-05,0.0001,0,"(0.5, 0.2, 0.3)",0,2,0,3.0,0.0,0.0,,0.01,0.01,0.001,0.3,,,,2.2,105.6,0.15,6.4334999999999996,[0.398],20,"[2000, 2001, 2002, 2003, 2004, 2005, 2006, 2007, 2008, 2009, 2010, 2011, 2012, 2013, 2014, 2015, 2016, 2017, 2018, 2019]"
48,False,True,1e-05,0.0001,0,"(0.5, 0.2, 0.3)",0,4,0,3.0,0.0,0.0,,0.01,0.01,0.001,0.3,,,,2.2,105.6,0.1,6.11,[0.398],20,"[2000, 2001, 2002, 2003, 2004, 2005, 2006, 2007, 2008, 2009, 2010, 2011, 2012, 2013, 2014, 2015, 2016, 2017, 2018, 2019]"
48,False,True,1e-05,0.0001,0,"(0.5, 0.2, 0.3)",48,0,0,3.0,0.0,0.0,,0.01,0.01,0.001,0.3,,,,2.1,100.8,0.2,6.224,[0.398],20,"[2000, 2001, 2002, 2003, 2004, 2005, 2006, 2007, 2008, 2009, 2010, 2011, 2012, 2013, 2014, 2015, 2016, 2017, 2018, 2019]"
48,False,True,1e-05,0.0001,0,"(0.5, 0.2, 0.3)",48,2,0,3.0,0.0,0.0,,0.01,0.01,0.001,0.3,,,,2.2,105.6,0.15,6.3605,[0.398],20,"[2000, 2001, 2002, 2003, 2004, 2005, 2006, 2007, 2008, 2009, 2010, 2011, 2012, 2013, 2014, 2015, 2016, 2017, 2018, 2019]"
48,False,True,1e-05,0.0001,0,"(0.5, 0.2, 0.3)",48,4,0,3.0,0.0,0.0,,0.01,0.01,0.001,0.3,,,,2.2,105.6,0.1,6.1305,[0.398],20,"[2000, 2001, 2002, 2003, 2004, 2005, 2006, 2007, 2008, 2009, 2010, 2011, 2012, 2013, 2014, 2015, 2016, 2017, 2018, 2019]"
48,False,True,1e-05,0.0001,0,"(0.6, 0.1, 0.3)",0,0,0,3.0,0.0,0.0,,0.01,0.01,0.001,0.3,,,,2.15,103.2,0.15,6.0355,[0.398],20,"[2000, 2001, 2002, 2003, 2004, 2005, 2006, 2007, 2008, 2009, 2010, 2011, 2012, 2013, 2014, 2015, 2016, 2017, 2018, 2019]"
48,False,True,1e-05,0.0001,0,"(0.6, 0.1, 0.3)",0,2,0,3.0,0.0,0.0,,0.01,0.01,0.001,0.3,,,,2.2,105.6,0.1,6.2155000000000005,[0.398],20,"[2000, 2001, 2002, 2003, 2004, 2005, 2006, 2007, 2008, 2009, 2010, 2011, 2012, 2013, 2014, 2015, 2016, 2017, 2018, 2019]"
48,False,True,1e-05,0.0001,0,"(0.6, 0.1, 0.3)",0,4,0,3.0,0.0,0.0,,0.01,0.01,0.001,0.3,,,,2.1,100.8,0.15,5.943,[0.398],20,"[2000, 2001, 2002, 2003, 2004, 2005, 2006, 2007, 2008, 2009, 2010, 2011, 2012, 2013, 2014, 2015, 2016, 2017, 2018, 2019]"
48,False,True,1e-05,0.0001,0,"(0.6, 0.1, 0.3)",48,0,0,3.0,0.0,0.0,,0.01,0.01,0.001,0.3,,,,2.15,103.2,0.15,5.9945,[0.398],20,"[2000, 2001, 2002, 2003, 2004, 2005, 2006, 2007, 2008, 2009, 2010, 2011, 2012, 2013, 2014, 2015, 2016, 2017, 2018, 2019]"
48,False,True,1e-05,0.0001,0,"(0.6, 0.1, 0.3)",48,2,0,3.0,0.0,0.0,,0.01,0.01,0.001,0.3,,,,2.2,105.6,0.1,6.1915,[0.398],20,"[2000, 2001, 2002, 2003, 2004, 2005, 2006, 2007, 2008, 2009, 2010, 2011, 2012, 2013, 2014, 2015, 2016, 2017, 2018, 2019]"
48,False,True,1e-05,0.0001,0,"(0.6, 0.1, 0.3)",48,4,0,3.0,0.0,0.0,,0.01,0.01,0.001,0.3,,,,2.1,100.8,0.15,5.7705,[0.398],20,"[2000, 2001, 2002, 2003, 2004, 2005, 2006, 2007, 2008, 2009, 2010, 2011, 2012, 2013, 2014, 2015, 2016, 2017, 2018, 2019]"
48,False,True,1e-05,0.0001,0,"(0.7, 0.0, 0.3)",0,2,0,3.0,0.0,0.0,,0.01,0.01,0.001,0.3,,,,2.25,108.0,0.1,6.42,[0.398],20,"[2000, 2001, 2002, 2003, 2004, 2005, 2006, 2007, 2008, 2009, 2010, 2011, 2012, 2013, 2014, 2015, 2016, 2017, 2018, 2019]"
48,False,True,1e-05,0.0001,0,"(0.7, 0.0, 0.3)",0,4,0,3.0,0.0,0.0,,0.01,0.01,0.001,0.3,,,,2.35,112.8,0.15,6.656499999999999,[0.398],20,"[2000, 2001, 2002, 2003, 2004, 2005, 2006, 2007, 2008, 2009, 2010, 2011, 2012, 2013, 2014, 2015, 2016, 2017, 2018, 2019]"
48,False,True,1e-05,0.0001,0,"(0.7, 0.3, 0.0)",0,0,0,3.0,0.0,0.0,,0.01,0.01,0.001,0.3,,,,2.75,132.0,0.15,7.7505,[0.398],20,"[2000, 2001, 2002, 2003, 2004, 2005, 2006, 2007, 2008, 2009, 2010, 2011, 2012, 2013, 2014, 2015, 2016, 2017, 2018, 2019]"
48,False,True,1e-05,0.0001,0,"(0.7, 0.3, 0.0)",0,2,0,3.0,0.0,0.0,,0.01,0.01,0.001,0.3,,,,3.1,148.8,0.15,8.9875,[0.398],20,"[2000, 2001, 2002, 2003, 2004, 2005, 2006, 2007, 2008, 2009, 2010, 2011, 2012, 2013, 2014, 2015, 2016, 2017, 2018, 2019]"
48,False,True,1e-05,0.0001,0,"(0.7, 0.3, 0.0)",0,4,0,3.0,0.0,0.0,,0.01,0.01,0.001,0.3,,,,3.15,151.2,0.1,9.4145,[0.398],20,"[2000, 2001, 2002, 2003, 2004, 2005, 2006, 2007, 2008, 2009, 2010, 2011, 2012, 2013, 2014, 2015, 2016, 2017, 2018, 2019]"
48,False,True,1e-05,0.0001,0,"(0.7, 0.3, 0.0)",48,0,0,3.0,0.0,0.0,,0.01,0.01,0.001,0.3,,,,2.75,132.0,0.15,7.772,[0.398],20,"[2000, 2001, 2002, 2003, 2004, 2005, 2006, 2007, 2008, 2009, 2010, 2011, 2012, 2013, 2014, 2015, 2016, 2017, 2018, 2019]"
48,False,True,1e-05,0.0001,0,"(0.7, 0.3, 0.0)",48,2,0,3.0,0.0,0.0,,0.01,0.01,0.001,0.3,,,,3.1,148.8,0.15,9.01,[0.398],20,"[2000, 2001, 2002, 2003, 2004, 2005, 2006, 2007, 2008, 2009, 2010, 2011, 2012, 2013, 2014, 2015, 2016, 2017, 2018, 2019]"
48,False,True,1e-05,0.0001,0,"(0.7, 0.3, 0.0)",48,4,0,3.0,0.0,0.0,,0.01,0.01,0.001,0.3,,,,3.15,151.2,0.1,9.2735,[0.398],20,"[2000, 2001, 2002, 2003, 2004, 2005, 2006, 2007, 2008, 2009, 2010, 2011, 2012, 2013, 2014, 2015, 2016, 2017, 2018, 2019]"
48,False,True,1e-05,0.0001,100,"(0.3, 0.3, 0.4)",0,0,0,3.0,0.0,0.0,,0.01,0.01,0.001,0.3,,,,2.25,108.0,0.2,6.233,[0.3918],20,"[2000, 2001, 2002, 2003, 2004, 2005, 2006, 2007, 2008, 2009, 2010, 2011, 2012, 2013, 2014, 2015, 2016, 2017, 2018, 2019]"
48,False,True,1e-05,0.0001,100,"(0.3, 0.3, 0.4)",0,2,0,3.0,0.0,0.0,,0.01,0.01,0.001,0.3,,,,2.4,115.2,0.3,6.7155000000000005,[0.3918],20,"[2000, 2001, 2002, 2003, 2004, 2005, 2006, 2007, 2008, 2009, 2010, 2011, 2012, 2013, 2014, 2015, 2016, 2017, 2018, 2019]"
48,False,True,1e-05,0.0001,100,"(0.3, 0.3, 0.4)",0,4,0,3.0,0.0,0.0,,0.01,0.01,0.001,0.3,,,,2.3,110.4,0.15,6.508,[0.3918],20,"[2000, 2001, 2002, 2003, 2004, 2005, 2006, 2007, 2008, 2009, 2010, 2011, 2012, 2013, 2014, 2015, 2016, 2017, 2018, 2019]"
48,False,True,1e-05,0.0001,100,"(0.3, 0.3, 0.4)",48,0,0,3.0,0.0,0.0,,0.01,0.01,0.001,0.3,,,,2.25,108.0,0.2,6.306,[0.3918],20,"[2000, 2001, 2002, 2003, 2004, 2005, 2006, 2007, 2008, 2009, 2010, 2011, 2012, 2013, 2014, 2015, 2016, 2017, 2018, 2019]"
48,False,True,1e-05,0.0001,100,"(0.3, 0.3, 0.4)",48,2,0,3.0,0.0,0.0,,0.01,0.01,0.001,0.3,,,,2.4,115.2,0.3,6.743,[0.3918],20,"[2000, 2001, 2002, 2003, 2004, 2005, 2006, 2007, 2008, 2009, 2010, 2011, 2012, 2013, 2014, 2015, 2016, 2017, 2018, 2019]"
48,False,True,1e-05,0.0001,100,"(0.3, 0.3, 0.4)",48,4,0,3.0,0.0,0.0,,0.01,0.01,0.001,0.3,,,,2.3,110.4,0.15,6.394,[0.3918],20,"[2000, 2001, 2002, 2003, 2004, 2005, 2006, 2007, 2008, 2009, 2010, 2011, 2012, 2013, 2014, 2015, 2016, 2017, 2018, 2019]"
48,False,True,1e-05,0.0001,100,"(0.4, 0.3, 0.3)",0,0,0,3.0,0.0,0.0,,0.01,0.01,0.001,0.3,,,,2.3,110.4,0.15,6.4465,[0.3918],20,"[2000, 2001, 2002, 2003, 2004, 2005, 2006, 2007, 2008, 2009, 2010, 2011, 2012, 2013, 2014, 2015, 2016, 2017, 2018, 2019]"
48,False,True,1e-05,0.0001,100,"(0.4, 0.3, 0.3)",48,0,0,3.0,0.0,0.0,,0.01,0.01,0.001,0.3,,,,2.3,110.4,0.15,6.462000000000001,[0.3918],20,"[2000, 2001, 2002, 2003, 2004, 2005, 2006, 2007, 2008, 2009, 2010, 2011, 2012, 2013, 2014, 2015, 2016, 2017, 2018, 2019]"
48,False,True,1e-05,0.0001,100,"(0.5, 0.2, 0.3)",0,0,0,3.0,0.0,0.0,,0.01,0.01,0.001,0.3,,,,2.05,98.4,0.2,5.6505,[0.3918],20,"[2000, 2001, 2002, 2003, 2004, 2005, 2006, 2007, 2008, 2009, 2010, 2011, 2012, 2013, 2014, 2015, 2016, 2017, 2018, 2019]"
48,False,True,1e-05,0.0001,100,"(0.5, 0.2, 0.3)",0,2,0,3.0,0.0,0.0,,0.01,0.01,0.001,0.3,,,,2.15,103.2,0.1,6.2170000000000005,[0.3918],20,"[2000, 2001, 2002, 2003, 2004, 2005, 2006, 2007, 2008, 2009, 2010, 2011, 2012, 2013, 2014, 2015, 2016, 2017, 2018, 2019]"
48,False,True,1e-05,0.0001,100,"(0.5, 0.2, 0.3)",0,4,0,3.0,0.0,0.0,,0.01,0.01,0.001,0.3,,,,2.0,96.0,0.05,5.503500000000001,[0.3918],20,"[2000, 2001, 2002, 2003, 2004, 2005, 2006, 2007, 2008, 2009, 2010, 2011, 2012, 2013, 2014, 2015, 2016, 2017, 2018, 2019]"
48,False,True,1e-05,0.0001,100,"(0.5, 0.2, 0.3)",48,0,0,3.0,0.0,0.0,,0.01,0.01,0.001,0.3,,,,2.05,98.4,0.2,5.7995,[0.3918],20,"[2000, 2001, 2002, 2003, 2004, 2005, 2006, 2007, 2008, 2009, 2010, 2011, 2012, 2013, 2014, 2015, 2016, 2017, 2018, 2019]"
48,False,True,1e-05,0.0001,100,"(0.5, 0.2, 0.3)",48,2,0,3.0,0.0,0.0,,0.01,0.01,0.001,0.3,,,,2.15,103.2,0.1,6.314500000000001,[0.3918],20,"[2000, 2001, 2002, 2003, 2004, 2005, 2006, 2007, 2008, 2009, 2010, 2011, 2012, 2013, 2014, 2015, 2016, 2017, 2018, 2019]"
48,False,True,1e-05,0.0001,100,"(0.5, 0.2, 0.3)",48,4,0,3.0,0.0,0.0,,0.01,0.01,0.001,0.3,,,,2.0,96.0,0.05,5.5525,[0.3918],20,"[2000, 2001, 2002, 2003, 2004, 2005, 2006, 2007, 2008, 2009, 2010, 2011, 2012, 2013, 2014, 2015, 2016, 2017, 2018, 2019]"
48,False,True,1e-05,0.0001,100,"(0.6, 0.1, 0.3)",0,0,0,3.0,0.0,0.0,,0.01,0.01,0.001,0.3,,,,1.95,93.6,0.15,5.514,[0.3918],20,"[2000, 2001, 2002, 2003, 2004, 2005, 2006, 2007, 2008, 2009, 2010, 2011, 2012, 2013, 2014, 2015, 2016, 2017, 2018, 2019]"
48,False,True,1e-05,0.0001,100,"(0.6, 0.1, 0.3)",0,2,0,3.0,0.0,0.0,,0.01,0.01,0.001,0.3,,,,2.0,96.0,0.1,5.646,[0.3918],20,"[2000, 2001, 2002, 2003, 2004, 2005, 2006, 2007, 2008, 2009, 2010, 2011, 2012, 2013, 2014, 2015, 2016, 2017, 2018, 2019]"
48,False,True,1e-05,0.0001,100,"(0.6, 0.1, 0.3)",0,4,0,3.0,0.0,0.0,,0.01,0.01,0.001,0.3,,,,2.25,108.0,0.15,6.452,[0.3918],20,"[2000, 2001, 2002, 2003, 2004, 2005, 2006, 2007, 2008, 2009, 2010, 2011, 2012, 2013, 2014, 2015, 2016, 2017, 2018, 2019]"
48,False,True,1e-05,0.0001,100,"(0.6, 0.1, 0.3)",48,0,0,3.0,0.0,0.0,,0.01,0.01,0.001,0.3,,,,1.95,93.6,0.15,5.3045,[0.3918],20,"[2000, 2001, 2002, 2003, 2004, 2005, 2006, 2007, 2008, 2009, 2010, 2011, 2012, 2013, 2014, 2015, 2016, 2017, 2018, 2019]"
48,False,True,1e-05,0.0001,100,"(0.6, 0.1, 0.3)",48,2,0,3.0,0.0,0.0,,0.01,0.01,0.001,0.3,,,,2.0,96.0,0.1,5.476,[0.3918],20,"[2000, 2001, 2002, 2003, 2004, 2005, 2006, 2007, 2008, 2009, 2010, 2011, 2012, 2013, 2014, 2015, 2016, 2017, 2018, 2019]"
48,False,True,1e-05,0.0001,100,"(0.6, 0.1, 0.3)",48,4,0,3.0,0.0,0.0,,0.01,0.01,0.001,0.3,,,,2.25,108.0,0.15,6.3525,[0.3918],20,"[2000, 2001, 2002, 2003, 2004, 2005, 2006, 2007, 2008, 2009, 2010, 2011, 2012, 2013, 2014, 2015, 2016, 2017, 2018, 2019]"
48,False,True,1e-05,0.0001,100,"(0.7, 0.0, 0.3)",0,2,0,3.0,0.0,0.0,,0.01,0.01,0.001,0.3,,,,2.25,108.0,0.1,6.3785,[0.3918],20,"[2000, 2001, 2002, 2003, 2004, 2005, 2006, 2007, 2008, 2009, 2010, 2011, 2012, 2013, 2014, 2015, 2016, 2017, 2018, 2019]"
48,False,True,1e-05,0.0001,100,"(0.7, 0.0, 0.3)",0,4,0,3.0,0.0,0.0,,0.01,0.01,0.001,0.3,,,,2.3,110.4,0.1,6.4935,[0.3918],20,"[2000, 2001, 2002, 2003, 2004, 2005, 2006, 2007, 2008, 2009, 2010, 2011, 2012, 2013, 2014, 2015, 2016, 2017, 2018, 2019]"
48,False,True,1e-05,0.0001,100,"(0.7, 0.3, 0.0)",0,0,0,3.0,0.0,0.0,,0.01,0.01,0.001,0.3,,,,2.6,124.8,0.1,7.356,[0.3918],20,"[2000, 2001, 2002, 2003, 2004, 2005, 2006, 2007, 2008, 2009, 2010, 2011, 2012, 2013, 2014, 2015, 2016, 2017, 2018, 2019]"
48,False,True,1e-05,0.0001,100,"(0.7, 0.3, 0.0)",0,2,0,3.0,0.0,0.0,,0.01,0.01,0.001,0.3,,,,2.65,127.2,0.1,7.4254999999999995,[0.3918],20,"[2000, 2001, 2002, 2003, 2004, 2005, 2006, 2007, 2008, 2009, 2010, 2011, 2012, 2013, 2014, 2015, 2016, 2017, 2018, 2019]"
48,False,True,1e-05,0.0001,100,"(0.7, 0.3, 0.0)",0,4,0,3.0,0.0,0.0,,0.01,0.01,0.001,0.3,,,,2.8,134.4,0.1,8.229,[0.3918],20,"[2000, 2001, 2002, 2003, 2004, 2005, 2006, 2007, 2008, 2009, 2010, 2011, 2012, 2013, 2014, 2015, 2016, 2017, 2018, 2019]"
48,False,True,1e-05,0.0001,100,"(0.7, 0.3, 0.0)",48,0,0,3.0,0.0,0.0,,0.01,0.01,0.001,0.3,,,,2.6,124.8,0.1,7.3454999999999995,[0.3918],20,"[2000, 2001, 2002, 2003, 2004, 2005, 2006, 2007, 2008, 2009, 2010, 2011, 2012, 2013, 2014, 2015, 2016, 2017, 2018, 2019]"
48,False,True,1e-05,0.0001,100,"(0.7, 0.3, 0.0)",48,2,0,3.0,0.0,0.0,,0.01,0.01,0.001,0.3,,,,2.65,127.2,0.1,7.602499999999999,[0.3918],20,"[2000, 2001, 2002, 2003, 2004, 2005, 2006, 2007, 2008, 2009, 2010, 2011, 2012, 2013, 2014, 2015, 2016, 2017, 2018, 2019]"
48,False,True,1e-05,0.0001,100,"(0.7, 0.3, 0.0)",48,4,0,3.0,0.0,0.0,,0.01,0.01,0.001,0.3,,,,2.8,134.4,0.1,8.2255,[0.3918],20,"[2000, 2001, 2002, 2003, 2004, 2005, 2006, 2007, 2008, 2009, 2010, 2011, 2012, 2013, 2014, 2015, 2016, 2017, 2018, 2019]"
48,False,True,1e-05,0.0001,200,"(0.3, 0.3, 0.4)",0,0,0,3.0,0.0,0.0,,0.01,0.01,0.001,0.3,,,,2.15,103.2,0.25,6.0155,[0.3802],20,"[2000, 2001, 2002, 2003, 2004, 2005, 2006, 2007, 2008, 2009, 2010, 2011, 2012, 2013, 2014, 2015, 2016, 2017, 2018, 2019]"
48,False,True,1e-05,0.0001,200,"(0.3, 0.3, 0.4)",0,2,0,3.0,0.0,0.0,,0.01,0.01,0.001,0.3,,,,2.15,103.2,0.2,5.978,[0.3802],20,"[2000, 2001, 2002, 2003, 2004, 2005, 2006, 2007, 2008, 2009, 2010, 2011, 2012, 2013, 2014, 2015, 2016, 2017, 2018, 2019]"
48,False,True,1e-05,0.0001,200,"(0.3, 0.3, 0.4)",0,4,0,3.0,0.0,0.0,,0.01,0.01,0.001,0.3,,,,2.2,105.6,0.15,6.210500000000001,[0.3802],20,"[2000, 2001, 2002, 2003, 2004, 2005, 2006, 2007, 2008, 2009, 2010, 2011, 2012, 2013, 2014, 2015, 2016, 2017, 2018, 2019]"
48,False,True,1e-05,0.0001,200,"(0.3, 0.3, 0.4)",48,0,0,3.0,0.0,0.0,,0.01,0.01,0.001,0.3,,,,2.15,103.2,0.25,6.1305,[0.3802],20,"[2000, 2001, 2002, 2003, 2004, 2005, 2006, 2007, 2008, 2009, 2010, 2011, 2012, 2013, 2014, 2015, 2016, 2017, 2018, 2019]"
48,False,True,1e-05,0.0001,200,"(0.3, 0.3, 0.4)",48,2,0,3.0,0.0,0.0,,0.01,0.01,0.001,0.3,,,,2.15,103.2,0.2,6.007499999999999,[0.3802],20,"[2000, 2001, 2002, 2003, 2004, 2005, 2006, 2007, 2008, 2009, 2010, 2011, 2012, 2013, 2014, 2015, 2016, 2017, 2018, 2019]"
48,False,True,1e-05,0.0001,200,"(0.3, 0.3, 0.4)",48,4,0,3.0,0.0,0.0,,0.01,0.01,0.001,0.3,,,,2.2,105.6,0.15,6.124499999999999,[0.3802],20,"[2000, 2001, 2002, 2003, 2004, 2005, 2006, 2007, 2008, 2009, 2010, 2011, 2012, 2013, 2014, 2015, 2016, 2017, 2018, 2019]"
48,False,True,1e-05,0.0001,200,"(0.4, 0.3, 0.3)",0,0,0,3.0,0.0,0.0,,0.01,0.01,0.001,0.3,,,,2.15,103.2,0.25,6.791500000000001,[0.3802],20,"[2000, 2001, 2002, 2003, 2004, 2005, 2006, 2007, 2008, 2009, 2010, 2011, 2012, 2013, 2014, 2015, 2016, 2017, 2018, 2019]"
48,False,True,1e-05,0.0001,200,"(0.4, 0.3, 0.3)",48,0,0,3.0,0.0,0.0,,0.01,0.01,0.001,0.3,,,,2.15,103.2,0.25,5.967499999999999,[0.3802],20,"[2000, 2001, 2002, 2003, 2004, 2005, 2006, 2007, 2008, 2009, 2010, 2011, 2012, 2013, 2014, 2015, 2016, 2017, 2018, 2019]"
48,False,True,1e-05,0.0001,200,"(0.5, 0.2, 0.3)",0,0,0,3.0,0.0,0.0,,0.01,0.01,0.001,0.3,,,,2.0,96.0,0.1,5.598000000000001,[0.3802],20,"[2000, 2001, 2002, 2003, 2004, 2005, 2006, 2007, 2008, 2009, 2010, 2011, 2012, 2013, 2014, 2015, 2016, 2017, 2018, 2019]"
48,False,True,1e-05,0.0001,200,"(0.5, 0.2, 0.3)",0,2,0,3.0,0.0,0.0,,0.01,0.01,0.001,0.3,,,,1.95,93.6,0.15,5.6455,[0.3802],20,"[2000, 2001, 2002, 2003, 2004, 2005, 2006, 2007, 2008, 2009, 2010, 2011, 2012, 2013, 2014, 2015, 2016, 2017, 2018, 2019]"
48,False,True,1e-05,0.0001,200,"(0.5, 0.2, 0.3)",0,4,0,3.0,0.0,0.0,,0.01,0.01,0.001,0.3,,,,1.8,86.4,0.1,4.9085,[0.3802],20,"[2000, 2001, 2002, 2003, 2004, 2005, 2006, 2007, 2008, 2009, 2010, 2011, 2012, 2013, 2014, 2015, 2016, 2017, 2018, 2019]"
48,False,True,1e-05,0.0001,200,"(0.5, 0.2, 0.3)",48,0,0,3.0,0.0,0.0,,0.01,0.01,0.001,0.3,,,,2.0,96.0,0.1,6.2,[0.3802],20,"[2000, 2001, 2002, 2003, 2004, 2005, 2006, 2007, 2008, 2009, 2010, 2011, 2012, 2013, 2014, 2015, 2016, 2017, 2018, 2019]"
48,False,True,1e-05,0.0001,200,"(0.5, 0.2, 0.3)",48,2,0,3.0,0.0,0.0,,0.01,0.01,0.001,0.3,,,,1.95,93.6,0.15,5.406000000000001,[0.3802],20,"[2000, 2001, 2002, 2003, 2004, 2005, 2006, 2007, 2008, 2009, 2010, 2011, 2012, 2013, 2014, 2015, 2016, 2017, 2018, 2019]"
48,False,True,1e-05,0.0001,200,"(0.5, 0.2, 0.3)",48,4,0,3.0,0.0,0.0,,0.01,0.01,0.001,0.3,,,,1.8,86.4,0.1,4.971,[0.3802],20,"[2000, 2001, 2002, 2003, 2004, 2005, 2006, 2007, 2008, 2009, 2010, 2011, 2012, 2013, 2014, 2015, 2016, 2017, 2018, 2019]"
48,False,True,1e-05,0.0001,200,"(0.6, 0.1, 0.3)",0,0,0,3.0,0.0,0.0,,0.01,0.01,0.001,0.3,,,,2.3,110.4,0.15,6.632000000000001,[0.3802],20,"[2000, 2001, 2002, 2003, 2004, 2005, 2006, 2007, 2008, 2009, 2010, 2011, 2012, 2013, 2014, 2015, 2016, 2017, 2018, 2019]"
48,False,True,1e-05,0.0001,200,"(0.6, 0.1, 0.3)",0,2,0,3.0,0.0,0.0,,0.01,0.01,0.001,0.3,,,,2.25,108.0,0.15,6.443,[0.3802],20,"[2000, 2001, 2002, 2003, 2004, 2005, 2006, 2007, 2008, 2009, 2010, 2011, 2012, 2013, 2014, 2015, 2016, 2017, 2018, 2019]"
48,False,True,1e-05,0.0001,200,"(0.6, 0.1, 0.3)",0,4,0,3.0,0.0,0.0,,0.01,0.01,0.001,0.3,,,,2.05,98.4,0.1,5.819000000000001,[0.3802],20,"[2000, 2001, 2002, 2003, 2004, 2005, 2006, 2007, 2008, 2009, 2010, 2011, 2012, 2013, 2014, 2015, 2016, 2017, 2018, 2019]"
48,False,True,1e-05,0.0001,200,"(0.6, 0.1, 0.3)",48,0,0,3.0,0.0,0.0,,0.01,0.01,0.001,0.3,,,,2.3,110.4,0.15,6.554,[0.3802],20,"[2000, 2001, 2002, 2003, 2004, 2005, 2006, 2007, 2008, 2009, 2010, 2011, 2012, 2013, 2014, 2015, 2016, 2017, 2018, 2019]"
48,False,True,1e-05,0.0001,200,"(0.6, 0.1, 0.3)",48,2,0,3.0,0.0,0.0,,0.01,0.01,0.001,0.3,,,,2.25,108.0,0.15,6.4254999999999995,[0.3802],20,"[2000, 2001, 2002, 2003, 2004, 2005, 2006, 2007, 2008, 2009, 2010, 2011, 2012, 2013, 2014, 2015, 2016, 2017, 2018, 2019]"
48,False,True,1e-05,0.0001,200,"(0.6, 0.1, 0.3)",48,4,0,3.0,0.0,0.0,,0.01,0.01,0.001,0.3,,,,2.05,98.4,0.1,5.754,[0.3802],20,"[2000, 2001, 2002, 2003, 2004, 2005, 2006, 2007, 2008, 2009, 2010, 2011, 2012, 2013, 2014, 2015, 2016, 2017, 2018, 2019]"
48,False,True,1e-05,0.0001,200,"(0.7, 0.0, 0.3)",0,2,0,3.0,0.0,0.0,,0.01,0.01,0.001,0.3,,,,2.1,100.8,0.2,5.857,[0.3802],20,"[2000, 2001, 2002, 2003, 2004, 2005, 2006, 2007, 2008, 2009, 2010, 2011, 2012, 2013, 2014, 2015, 2016, 2017, 2018, 2019]"
48,False,True,1e-05,0.0001,200,"(0.7, 0.0, 0.3)",0,4,0,3.0,0.0,0.0,,0.01,0.01,0.001,0.3,,,,2.1,100.8,0.15,5.8534999999999995,[0.3802],20,"[2000, 2001, 2002, 2003, 2004, 2005, 2006, 2007, 2008, 2009, 2010, 2011, 2012, 2013, 2014, 2015, 2016, 2017, 2018, 2019]"
48,False,True,1e-05,0.0001,200,"(0.7, 0.3, 0.0)",0,0,0,3.0,0.0,0.0,,0.01,0.01,0.001,0.3,,,,2.55,122.4,0.05,7.1819999999999995,[0.3802],20,"[2000, 2001, 2002, 2003, 2004, 2005, 2006, 2007, 2008, 2009, 2010, 2011, 2012, 2013, 2014, 2015, 2016, 2017, 2018, 2019]"
48,False,True,1e-05,0.0001,200,"(0.7, 0.3, 0.0)",0,2,0,3.0,0.0,0.0,,0.01,0.01,0.001,0.3,,,,2.6,124.8,0.05,7.3755,[0.3802],20,"[2000, 2001, 2002, 2003, 2004, 2005, 2006, 2007, 2008, 2009, 2010, 2011, 2012, 2013, 2014, 2015, 2016, 2017, 2018, 2019]"
48,False,True,1e-05,0.0001,200,"(0.7, 0.3, 0.0)",0,4,0,3.0,0.0,0.0,,0.01,0.01,0.001,0.3,,,,2.6,124.8,0.1,7.583499999999999,[0.3802],20,"[2000, 2001, 2002, 2003, 2004, 2005, 2006, 2007, 2008, 2009, 2010, 2011, 2012, 2013, 2014, 2015, 2016, 2017, 2018, 2019]"
48,False,True,1e-05,0.0001,200,"(0.7, 0.3, 0.0)",48,0,0,3.0,0.0,0.0,,0.01,0.01,0.001,0.3,,,,2.55,122.4,0.05,7.1065,[0.3802],20,"[2000, 2001, 2002, 2003, 2004, 2005, 2006, 2007, 2008, 2009, 2010, 2011, 2012, 2013, 2014, 2015, 2016, 2017, 2018, 2019]"
48,False,True,1e-05,0.0001,200,"(0.7, 0.3, 0.0)",48,2,0,3.0,0.0,0.0,,0.01,0.01,0.001,0.3,,,,2.6,124.8,0.05,7.443,[0.3802],20,"[2000, 2001, 2002, 2003, 2004, 2005, 2006, 2007, 2008, 2009, 2010, 2011, 2012, 2013, 2014, 2015, 2016, 2017, 2018, 2019]"
48,False,True,1e-05,0.0001,200,"(0.7, 0.3, 0.0)",48,4,0,3.0,0.0,0.0,,0.01,0.01,0.001,0.3,,,,2.6,124.8,0.1,7.589,[0.3802],20,"[2000, 2001, 2002, 2003, 2004, 2005, 2006, 2007, 2008, 2009, 2010, 2011, 2012, 2013, 2014, 2015, 2016, 2017, 2018, 2019]"
48,True,False,1e-05,1e-05,0,"(0.3, 0.3, 0.4)",0,0,0,3.0,0.0,0.0,,0.01,0.01,0.001,0.3,,,,2.45,117.6,0.1,8.361,[0.0467],20,"[2000, 2001, 2002, 2003, 2004, 2005, 2006, 2007, 2008, 2009, 2010, 2011, 2012, 2013, 2014, 2015, 2016, 2017, 2018, 2019]"
48,True,False,1e-05,1e-05,0,"(0.3, 0.3, 0.4)",0,2,0,3.0,0.0,0.0,,0.01,0.01,0.001,0.3,,,,2.8,134.4,0.1,9.5775,[0.0467],20,"[2000, 2001, 2002, 2003, 2004, 2005, 2006, 2007, 2008, 2009, 2010, 2011, 2012, 2013, 2014, 2015, 2016, 2017, 2018, 2019]"
48,True,False,1e-05,1e-05,0,"(0.3, 0.3, 0.4)",0,4,0,3.0,0.0,0.0,,0.01,0.01,0.001,0.3,,,,3.0,144.0,0.1,10.3525,[0.0467],20,"[2000, 2001, 2002, 2003, 2004, 2005, 2006, 2007, 2008, 2009, 2010, 2011, 2012, 2013, 2014, 2015, 2016, 2017, 2018, 2019]"
48,True,False,1e-05,1e-05,0,"(0.3, 0.3, 0.4)",48,0,0,3.0,0.0,0.0,,0.01,0.01,0.001,0.3,,,,2.45,117.6,0.1,8.2785,[0.0467],20,"[2000, 2001, 2002, 2003, 2004, 2005, 2006, 2007, 2008, 2009, 2010, 2011, 2012, 2013, 2014, 2015, 2016, 2017, 2018, 2019]"
48,True,False,1e-05,1e-05,0,"(0.3, 0.3, 0.4)",48,2,0,3.0,0.0,0.0,,0.01,0.01,0.001,0.3,,,,2.8,134.4,0.1,9.749500000000001,[0.0467],20,"[2000, 2001, 2002, 2003, 2004, 2005, 2006, 2007, 2008, 2009, 2010, 2011, 2012, 2013, 2014, 2015, 2016, 2017, 2018, 2019]"
48,True,False,1e-05,1e-05,0,"(0.3, 0.3, 0.4)",48,4,0,3.0,0.0,0.0,,0.01,0.01,0.001,0.3,,,,3.0,144.0,0.1,10.439499999999999,[0.0467],20,"[2000, 2001, 2002, 2003, 2004, 2005, 2006, 2007, 2008, 2009, 2010, 2011, 2012, 2013, 2014, 2015, 2016, 2017, 2018, 2019]"
48,True,False,1e-05,1e-05,0,"(0.4, 0.3, 0.3)",0,0,0,3.0,0.0,0.0,,0.01,0.01,0.001,0.3,,,,2.9,139.2,0.05,10.8375,[0.0467],20,"[2000, 2001, 2002, 2003, 2004, 2005, 2006, 2007, 2008, 2009, 2010, 2011, 2012, 2013, 2014, 2015, 2016, 2017, 2018, 2019]"
48,True,False,1e-05,1e-05,0,"(0.4, 0.3, 0.3)",0,2,0,3.0,0.0,0.0,,0.01,0.01,0.001,0.3,,,,3.0,144.0,0.05,13.61,[0.0467],20,"[2000, 2001, 2002, 2003, 2004, 2005, 2006, 2007, 2008, 2009, 2010, 2011, 2012, 2013, 2014, 2015, 2016, 2017, 2018, 2019]"
48,True,False,1e-05,1e-05,0,"(0.4, 0.3, 0.3)",0,4,0,3.0,0.0,0.0,,0.01,0.01,0.001,0.3,,,,3.05,146.4,0.05,12.683499999999999,[0.0467],20,"[2000, 2001, 2002, 2003, 2004, 2005, 2006, 2007, 2008, 2009, 2010, 2011, 2012, 2013, 2014, 2015, 2016, 2017, 2018, 2019]"
48,True,False,1e-05,1e-05,0,"(0.4, 0.3, 0.3)",48,0,0,3.0,0.0,0.0,,0.01,0.01,0.001,0.3,,,,2.9,139.2,0.05,10.786,[0.0467],20,"[2000, 2001, 2002, 2003, 2004, 2005, 2006, 2007, 2008, 2009, 2010, 2011, 2012, 2013, 2014, 2015, 2016, 2017, 2018, 2019]"
48,True,False,1e-05,1e-05,0,"(0.4, 0.3, 0.3)",48,2,0,3.0,0.0,0.0,,0.01,0.01,0.001,0.3,,,,3.0,144.0,0.05,11.2805,[0.0467],20,"[2000, 2001, 2002, 2003, 2004, 2005, 2006, 2007, 2008, 2009, 2010, 2011, 2012, 2013, 2014, 2015, 2016, 2017, 2018, 2019]"
48,True,False,1e-05,1e-05,0,"(0.4, 0.3, 0.3)",48,4,0,3.0,0.0,0.0,,0.01,0.01,0.001,0.3,,,,3.05,146.4,0.05,10.6885,[0.0467],20,"[2000, 2001, 2002, 2003, 2004, 2005, 2006, 2007, 2008, 2009, 2010, 2011, 2012, 2013, 2014, 2015, 2016, 2017, 2018, 2019]"
48,True,False,1e-05,1e-05,0,"(0.5, 0.2, 0.3)",0,0,0,3.0,0.0,0.0,,0.01,0.01,0.001,0.3,,,,3.3,158.4,0.05,12.157,[0.0467],20,"[2000, 2001, 2002, 2003, 2004, 2005, 2006, 2007, 2008, 2009, 2010, 2011, 2012, 2013, 2014, 2015, 2016, 2017, 2018, 2019]"
48,True,False,1e-05,1e-05,0,"(0.5, 0.2, 0.3)",0,2,0,3.0,0.0,0.0,,0.01,0.01,0.001,0.3,,,,3.1,148.8,0.05,11.147,[0.0467],20,"[2000, 2001, 2002, 2003, 2004, 2005, 2006, 2007, 2008, 2009, 2010, 2011, 2012, 2013, 2014, 2015, 2016, 2017, 2018, 2019]"
48,True,False,1e-05,1e-05,0,"(0.5, 0.2, 0.3)",0,4,0,3.0,0.0,0.0,,0.01,0.01,0.001,0.3,,,,3.35,160.8,0.05,12.7685,[0.0467],20,"[2000, 2001, 2002, 2003, 2004, 2005, 2006, 2007, 2008, 2009, 2010, 2011, 2012, 2013, 2014, 2015, 2016, 2017, 2018, 2019]"
48,True,False,1e-05,1e-05,0,"(0.5, 0.2, 0.3)",48,0,0,3.0,0.0,0.0,,0.01,0.01,0.001,0.3,,,,3.3,158.4,0.05,12.309000000000001,[0.0467],20,"[2000, 2001, 2002, 2003, 2004, 2005, 2006, 2007, 2008, 2009, 2010, 2011, 2012, 2013, 2014, 2015, 2016, 2017, 2018, 2019]"
48,True,False,1e-05,1e-05,0,"(0.5, 0.2, 0.3)",48,2,0,3.0,0.0,0.0,,0.01,0.01,0.001,0.3,,,,3.1,148.8,0.05,11.402,[0.0467],20,"[2000, 2001, 2002, 2003, 2004, 2005, 2006, 2007, 2008, 2009, 2010, 2011, 2012, 2013, 2014, 2015, 2016, 2017, 2018, 2019]"
48,True,False,1e-05,1e-05,0,"(0.5, 0.2, 0.3)",48,4,0,3.0,0.0,0.0,,0.01,0.01,0.001,0.3,,,,3.35,160.8,0.05,12.757,[0.0467],20,"[2000, 2001, 2002, 2003, 2004, 2005, 2006, 2007, 2008, 2009, 2010, 2011, 2012, 2013, 2014, 2015, 2016, 2017, 2018, 2019]"
48,True,False,1e-05,1e-05,0,"(0.6, 0.1, 0.3)",0,0,0,3.0,0.0,0.0,,0.01,0.01,0.001,0.3,,,,3.45,165.6,0.05,13.706999999999999,[0.0467],20,"[2000, 2001, 2002, 2003, 2004, 2005, 2006, 2007, 2008, 2009, 2010, 2011, 2012, 2013, 2014, 2015, 2016, 2017, 2018, 2019]"
48,True,False,1e-05,1e-05,0,"(0.6, 0.1, 0.3)",0,2,0,3.0,0.0,0.0,,0.01,0.01,0.001,0.3,,,,3.25,156.0,0.05,11.9095,[0.0467],20,"[2000, 2001, 2002, 2003, 2004, 2005, 2006, 2007, 2008, 2009, 2010, 2011, 2012, 2013, 2014, 2015, 2016, 2017, 2018, 2019]"
48,True,False,1e-05,1e-05,0,"(0.6, 0.1, 0.3)",0,4,0,3.0,0.0,0.0,,0.01,0.01,0.001,0.3,,,,3.15,151.2,0.05,11.1455,[0.0467],20,"[2000, 2001, 2002, 2003, 2004, 2005, 2006, 2007, 2008, 2009, 2010, 2011, 2012, 2013, 2014, 2015, 2016, 2017, 2018, 2019]"
48,True,False,1e-05,1e-05,0,"(0.6, 0.1, 0.3)",48,0,0,3.0,0.0,0.0,,0.01,0.01,0.001,0.3,,,,3.45,165.6,0.05,13.765,[0.0467],20,"[2000, 2001, 2002, 2003, 2004, 2005, 2006, 2007, 2008, 2009, 2010, 2011, 2012, 2013, 2014, 2015, 2016, 2017, 2018, 2019]"
48,True,False,1e-05,1e-05,0,"(0.6, 0.1, 0.3)",48,2,0,3.0,0.0,0.0,,0.01,0.01,0.001,0.3,,,,3.25,156.0,0.05,11.769,[0.0467],20,"[2000, 2001, 2002, 2003, 2004, 2005, 2006, 2007, 2008, 2009, 2010, 2011, 2012, 2013, 2014, 2015, 2016, 2017, 2018, 2019]"
48,True,False,1e-05,1e-05,0,"(0.6, 0.1, 0.3)",48,4,0,3.0,0.0,0.0,,0.01,0.01,0.001,0.3,,,,3.15,151.2,0.05,11.453,[0.0467],20,"[2000, 2001, 2002, 2003, 2004, 2005, 2006, 2007, 2008, 2009, 2010, 2011, 2012, 2013, 2014, 2015, 2016, 2017, 2018, 2019]"
48,True,False,1e-05,1e-05,0,"(0.7, 0.0, 0.3)",0,2,0,3.0,0.0,0.0,,0.01,0.01,0.001,0.3,,,,3.0,144.0,0.05,12.1945,[0.0467],20,"[2000, 2001, 2002, 2003, 2004, 2005, 2006, 2007, 2008, 2009, 2010, 2011, 2012, 2013, 2014, 2015, 2016, 2017, 2018, 2019]"
48,True,False,1e-05,1e-05,0,"(0.7, 0.0, 0.3)",0,4,0,3.0,0.0,0.0,,0.01,0.01,0.001,0.3,,,,3.25,156.0,0.05,12.033000000000001,[0.0467],20,"[2000, 2001, 2002, 2003, 2004, 2005, 2006, 2007, 2008, 2009, 2010, 2011, 2012, 2013, 2014, 2015, 2016, 2017, 2018, 2019]"
48,True,False,1e-05,1e-05,0,"(0.7, 0.3, 0.0)",0,0,0,3.0,0.0,0.0,,0.01,0.01,0.001,0.3,,,,4.0,192.0,0.05,14.875499999999999,[0.0467],20,"[2000, 2001, 2002, 2003, 2004, 2005, 2006, 2007, 2008, 2009, 2010, 2011, 2012, 2013, 2014, 2015, 2016, 2017, 2018, 2019]"
48,True,False,1e-05,1e-05,0,"(0.7, 0.3, 0.0)",0,2,0,3.0,0.0,0.0,,0.01,0.01,0.001,0.3,,,,3.65,175.2,0.05,13.562999999999999,[0.0467],20,"[2000, 2001, 2002, 2003, 2004, 2005, 2006, 2007, 2008, 2009, 2010, 2011, 2012, 2013, 2014, 2015, 2016, 2017, 2018, 2019]"
48,True,False,1e-05,1e-05,0,"(0.7, 0.3, 0.0)",0,4,0,3.0,0.0,0.0,,0.01,0.01,0.001,0.3,,,,3.95,189.6,0.05,15.244499999999999,[0.0467],20,"[2000, 2001, 2002, 2003, 2004, 2005, 2006, 2007, 2008, 2009, 2010, 2011, 2012, 2013, 2014, 2015, 2016, 2017, 2018, 2019]"
48,True,False,1e-05,1e-05,0,"(0.7, 0.3, 0.0)",48,0,0,3.0,0.0,0.0,,0.01,0.01,0.001,0.3,,,,4.0,192.0,0.05,15.0625,[0.0467],20,"[2000, 2001, 2002, 2003, 2004, 2005, 2006, 2007, 2008, 2009, 2010, 2011, 2012, 2013, 2014, 2015, 2016, 2017, 2018, 2019]"
48,True,False,1e-05,1e-05,0,"(0.7, 0.3, 0.0)",48,2,0,3.0,0.0,0.0,,0.01,0.01,0.001,0.3,,,,3.65,175.2,0.05,13.547999999999998,[0.0467],20,"[2000, 2001, 2002, 2003, 2004, 2005, 2006, 2007, 2008, 2009, 2010, 2011, 2012, 2013, 2014, 2015, 2016, 2017, 2018, 2019]"
48,True,False,1e-05,1e-05,0,"(0.7, 0.3, 0.0)",48,4,0,3.0,0.0,0.0,,0.01,0.01,0.001,0.3,,,,3.95,189.6,0.05,15.229,[0.0467],20,"[2000, 2001, 2002, 2003, 2004, 2005, 2006, 2007, 2008, 2009, 2010, 2011, 2012, 2013, 2014, 2015, 2016, 2017, 2018, 2019]"
48,True,False,1e-05,1e-05,100,"(0.3, 0.3, 0.4)",0,0,0,3.0,0.0,0.0,,0.01,0.01,0.001,0.3,,,,2.65,127.2,0.05,9.103,[0.1958],20,"[2000, 2001, 2002, 2003, 2004, 2005, 2006, 2007, 2008, 2009, 2010, 2011, 2012, 2013, 2014, 2015, 2016, 2017, 2018, 2019]"
48,True,False,1e-05,1e-05,100,"(0.3, 0.3, 0.4)",0,2,0,3.0,0.0,0.0,,0.01,0.01,0.001,0.3,,,,2.5,120.0,0.05,8.572,[0.1958],20,"[2000, 2001, 2002, 2003, 2004, 2005, 2006, 2007, 2008, 2009, 2010, 2011, 2012, 2013, 2014, 2015, 2016, 2017, 2018, 2019]"
48,True,False,1e-05,1e-05,100,"(0.3, 0.3, 0.4)",0,4,0,3.0,0.0,0.0,,0.01,0.01,0.001,0.3,,,,3.0,144.0,0.05,10.311,[0.1958],20,"[2000, 2001, 2002, 2003, 2004, 2005, 2006, 2007, 2008, 2009, 2010, 2011, 2012, 2013, 2014, 2015, 2016, 2017, 2018, 2019]"
48,True,False,1e-05,1e-05,100,"(0.3, 0.3, 0.4)",48,0,0,3.0,0.0,0.0,,0.01,0.01,0.001,0.3,,,,2.65,127.2,0.05,9.128499999999999,[0.1958],20,"[2000, 2001, 2002, 2003, 2004, 2005, 2006, 2007, 2008, 2009, 2010, 2011, 2012, 2013, 2014, 2015, 2016, 2017, 2018, 2019]"
48,True,False,1e-05,1e-05,100,"(0.3, 0.3, 0.4)",48,2,0,3.0,0.0,0.0,,0.01,0.01,0.001,0.3,,,,2.5,120.0,0.05,8.6685,[0.1958],20,"[2000, 2001, 2002, 2003, 2004, 2005, 2006, 2007, 2008, 2009, 2010, 2011, 2012, 2013, 2014, 2015, 2016, 2017, 2018, 2019]"
48,True,False,1e-05,1e-05,100,"(0.3, 0.3, 0.4)",48,4,0,3.0,0.0,0.0,,0.01,0.01,0.001,0.3,,,,3.0,144.0,0.05,10.259,[0.1958],20,"[2000, 2001, 2002, 2003, 2004, 2005, 2006, 2007, 2008, 2009, 2010, 2011, 2012, 2013, 2014, 2015, 2016, 2017, 2018, 2019]"
48,True,False,1e-05,1e-05,100,"(0.4, 0.3, 0.3)",0,0,0,3.0,0.0,0.0,,0.01,0.01,0.001,0.3,,,,2.85,136.8,0.05,9.865,[0.1958],20,"[2000, 2001, 2002, 2003, 2004, 2005, 2006, 2007, 2008, 2009, 2010, 2011, 2012, 2013, 2014, 2015, 2016, 2017, 2018, 2019]"
48,True,False,1e-05,1e-05,100,"(0.4, 0.3, 0.3)",48,0,0,3.0,0.0,0.0,,0.01,0.01,0.001,0.3,,,,2.85,136.8,0.05,9.8445,[0.1958],20,"[2000, 2001, 2002, 2003, 2004, 2005, 2006, 2007, 2008, 2009, 2010, 2011, 2012, 2013, 2014, 2015, 2016, 2017, 2018, 2019]"
48,True,False,1e-05,1e-05,100,"(0.5, 0.2, 0.3)",0,0,0,3.0,0.0,0.0,,0.01,0.01,0.001,0.3,,,,2.65,127.2,0.05,9.1125,[0.1958],20,"[2000, 2001, 2002, 2003, 2004, 2005, 2006, 2007, 2008, 2009, 2010, 2011, 2012, 2013, 2014, 2015, 2016, 2017, 2018, 2019]"
48,True,False,1e-05,1e-05,100,"(0.5, 0.2, 0.3)",0,2,0,3.0,0.0,0.0,,0.01,0.01,0.001,0.3,,,,2.85,136.8,0.05,9.737,[0.1958],20,"[2000, 2001, 2002, 2003, 2004, 2005, 2006, 2007, 2008, 2009, 2010, 2011, 2012, 2013, 2014, 2015, 2016, 2017, 2018, 2019]"
48,True,False,1e-05,1e-05,100,"(0.5, 0.2, 0.3)",0,4,0,3.0,0.0,0.0,,0.01,0.01,0.001,0.3,,,,3.0,144.0,0.05,10.488,[0.1958],20,"[2000, 2001, 2002, 2003, 2004, 2005, 2006, 2007, 2008, 2009, 2010, 2011, 2012, 2013, 2014, 2015, 2016, 2017, 2018, 2019]"
48,True,False,1e-05,1e-05,100,"(0.5, 0.2, 0.3)",48,0,0,3.0,0.0,0.0,,0.01,0.01,0.001,0.3,,,,2.65,127.2,0.05,9.0255,[0.1958],20,"[2000, 2001, 2002, 2003, 2004, 2005, 2006, 2007, 2008, 2009, 2010, 2011, 2012, 2013, 2014, 2015, 2016, 2017, 2018, 2019]"
48,True,False,1e-05,1e-05,100,"(0.5, 0.2, 0.3)",48,2,0,3.0,0.0,0.0,,0.01,0.01,0.001,0.3,,,,2.85,136.8,0.05,9.825,[0.1958],20,"[2000, 2001, 2002, 2003, 2004, 2005, 2006, 2007, 2008, 2009, 2010, 2011, 2012, 2013, 2014, 2015, 2016, 2017, 2018, 2019]"
48,True,False,1e-05,1e-05,100,"(0.5, 0.2, 0.3)",48,4,0,3.0,0.0,0.0,,0.01,0.01,0.001,0.3,,,,3.0,144.0,0.05,10.263,[0.1958],20,"[2000, 2001, 2002, 2003, 2004, 2005, 2006, 2007, 2008, 2009, 2010, 2011, 2012, 2013, 2014, 2015, 2016, 2017, 2018, 2019]"
48,True,False,1e-05,1e-05,100,"(0.6, 0.1, 0.3)",0,0,0,3.0,0.0,0.0,,0.01,0.01,0.001,0.3,,,,3.1,148.8,0.05,11.013,[0.1958],20,"[2000, 2001, 2002, 2003, 2004, 2005, 2006, 2007, 2008, 2009, 2010, 2011, 2012, 2013, 2014, 2015, 2016, 2017, 2018, 2019]"
48,True,False,1e-05,1e-05,100,"(0.6, 0.1, 0.3)",0,2,0,3.0,0.0,0.0,,0.01,0.01,0.001,0.3,,,,3.5,168.0,0.05,13.962,[0.1958],20,"[2000, 2001, 2002, 2003, 2004, 2005, 2006, 2007, 2008, 2009, 2010, 2011, 2012, 2013, 2014, 2015, 2016, 2017, 2018, 2019]"
48,True,False,1e-05,1e-05,100,"(0.6, 0.1, 0.3)",0,4,0,3.0,0.0,0.0,,0.01,0.01,0.001,0.3,,,,3.35,160.8,0.05,12.828,[0.1958],20,"[2000, 2001, 2002, 2003, 2004, 2005, 2006, 2007, 2008, 2009, 2010, 2011, 2012, 2013, 2014, 2015, 2016, 2017, 2018, 2019]"
48,True,False,1e-05,1e-05,100,"(0.6, 0.1, 0.3)",48,0,0,3.0,0.0,0.0,,0.01,0.01,0.001,0.3,,,,3.1,148.8,0.05,11.2745,[0.1958],20,"[2000, 2001, 2002, 2003, 2004, 2005, 2006, 2007, 2008, 2009, 2010, 2011, 2012, 2013, 2014, 2015, 2016, 2017, 2018, 2019]"
48,True,False,1e-05,1e-05,100,"(0.6, 0.1, 0.3)",48,2,0,3.0,0.0,0.0,,0.01,0.01,0.001,0.3,,,,3.5,168.0,0.05,14.0675,[0.1958],20,"[2000, 2001, 2002, 2003, 2004, 2005, 2006, 2007, 2008, 2009, 2010, 2011, 2012, 2013, 2014, 2015, 2016, 2017, 2018, 2019]"
48,True,False,1e-05,1e-05,100,"(0.6, 0.1, 0.3)",48,4,0,3.0,0.0,0.0,,0.01,0.01,0.001,0.3,,,,3.35,160.8,0.05,12.930000000000001,[0.1958],20,"[2000, 2001, 2002, 2003, 2004, 2005, 2006, 2007, 2008, 2009, 2010, 2011, 2012, 2013, 2014, 2015, 2016, 2017, 2018, 2019]"
48,True,False,1e-05,1e-05,100,"(0.7, 0.0, 0.3)",0,2,0,3.0,0.0,0.0,,0.01,0.01,0.001,0.3,,,,3.6,172.8,0.05,13.846,[0.1958],20,"[2000, 2001, 2002, 2003, 2004, 2005, 2006, 2007, 2008, 2009, 2010, 2011, 2012, 2013, 2014, 2015, 2016, 2017, 2018, 2019]"
48,True,False,1e-05,1e-05,100,"(0.7, 0.0, 0.3)",0,4,0,3.0,0.0,0.0,,0.01,0.01,0.001,0.3,,,,3.15,151.2,0.05,10.982,[0.1958],20,"[2000, 2001, 2002, 2003, 2004, 2005, 2006, 2007, 2008, 2009, 2010, 2011, 2012, 2013, 2014, 2015, 2016, 2017, 2018, 2019]"
48,True,False,1e-05,1e-05,100,"(0.7, 0.3, 0.0)",0,0,0,3.0,0.0,0.0,,0.01,0.01,0.001,0.3,,,,3.3,158.4,0.05,11.962,[0.1958],20,"[2000, 2001, 2002, 2003, 2004, 2005, 2006, 2007, 2008, 2009, 2010, 2011, 2012, 2013, 2014, 2015, 2016, 2017, 2018, 2019]"
48,True,False,1e-05,1e-05,100,"(0.7, 0.3, 0.0)",0,2,0,3.0,0.0,0.0,,0.01,0.01,0.001,0.3,,,,3.5,168.0,0.05,12.3035,[0.1958],20,"[2000, 2001, 2002, 2003, 2004, 2005, 2006, 2007, 2008, 2009, 2010, 2011, 2012, 2013, 2014, 2015, 2016, 2017, 2018, 2019]"
48,True,False,1e-05,1e-05,100,"(0.7, 0.3, 0.0)",0,4,0,3.0,0.0,0.0,,0.01,0.01,0.001,0.3,,,,3.6,172.8,0.05,12.6485,[0.1958],20,"[2000, 2001, 2002, 2003, 2004, 2005, 2006, 2007, 2008, 2009, 2010, 2011, 2012, 2013, 2014, 2015, 2016, 2017, 2018, 2019]"
48,True,False,1e-05,1e-05,100,"(0.7, 0.3, 0.0)",48,0,0,3.0,0.0,0.0,,0.01,0.01,0.001,0.3,,,,3.3,158.4,0.05,12.1,[0.1958],20,"[2000, 2001, 2002, 2003, 2004, 2005, 2006, 2007, 2008, 2009, 2010, 2011, 2012, 2013, 2014, 2015, 2016, 2017, 2018, 2019]"
48,True,False,1e-05,1e-05,100,"(0.7, 0.3, 0.0)",48,2,0,3.0,0.0,0.0,,0.01,0.01,0.001,0.3,,,,3.5,168.0,0.05,12.361,[0.1958],20,"[2000, 2001, 2002, 2003, 2004, 2005, 2006, 2007, 2008, 2009, 2010, 2011, 2012, 2013, 2014, 2015, 2016, 2017, 2018, 2019]"
48,True,False,1e-05,1e-05,100,"(0.7, 0.3, 0.0)",48,4,0,3.0,0.0,0.0,,0.01,0.01,0.001,0.3,,,,3.6,172.8,0.05,12.913,[0.1958],20,"[2000, 2001, 2002, 2003, 2004, 2005, 2006, 2007, 2008, 2009, 2010, 2011, 2012, 2013, 2014, 2015, 2016, 2017, 2018, 2019]"
48,True,False,1e-05,1e-05,200,"(0.3, 0.3, 0.4)",0,0,0,3.0,0.0,0.0,,0.01,0.01,0.001,0.3,,,,2.7,129.6,0.1,9.245999999999999,[0.22],20,"[2000, 2001, 2002, 2003, 2004, 2005, 2006, 2007, 2008, 2009, 2010, 2011, 2012, 2013, 2014, 2015, 2016, 2017, 2018, 2019]"
48,True,False,1e-05,1e-05,200,"(0.3, 0.3, 0.4)",0,2,0,3.0,0.0,0.0,,0.01,0.01,0.001,0.3,,,,2.75,132.0,0.2,9.3865,[0.22],20,"[2000, 2001, 2002, 2003, 2004, 2005, 2006, 2007, 2008, 2009, 2010, 2011, 2012, 2013, 2014, 2015, 2016, 2017, 2018, 2019]"
48,True,False,1e-05,1e-05,200,"(0.3, 0.3, 0.4)",0,4,0,3.0,0.0,0.0,,0.01,0.01,0.001,0.3,,,,2.85,136.8,0.25,9.703999999999999,[0.22],20,"[2000, 2001, 2002, 2003, 2004, 2005, 2006, 2007, 2008, 2009, 2010, 2011, 2012, 2013, 2014, 2015, 2016, 2017, 2018, 2019]"
48,True,False,1e-05,1e-05,200,"(0.3, 0.3, 0.4)",48,0,0,3.0,0.0,0.0,,0.01,0.01,0.001,0.3,,,,2.7,129.6,0.1,9.075,[0.22],20,"[2000, 2001, 2002, 2003, 2004, 2005, 2006, 2007, 2008, 2009, 2010, 2011, 2012, 2013, 2014, 2015, 2016, 2017, 2018, 2019]"
48,True,False,1e-05,1e-05,200,"(0.3, 0.3, 0.4)",48,2,0,3.0,0.0,0.0,,0.01,0.01,0.001,0.3,,,,2.75,132.0,0.2,9.4455,[0.22],20,"[2000, 2001, 2002, 2003, 2004, 2005, 2006, 2007, 2008, 2009, 2010, 2011, 2012, 2013, 2014, 2015, 2016, 2017, 2018, 2019]"
48,True,False,1e-05,1e-05,200,"(0.3, 0.3, 0.4)",48,4,0,3.0,0.0,0.0,,0.01,0.01,0.001,0.3,,,,2.85,136.8,0.25,9.605500000000001,[0.22],20,"[2000, 2001, 2002, 2003, 2004, 2005, 2006, 2007, 2008, 2009, 2010, 2011, 2012, 2013, 2014, 2015, 2016, 2017, 2018, 2019]"
48,True,False,1e-05,1e-05,200,"(0.4, 0.3, 0.3)",0,0,0,3.0,0.0,0.0,,0.01,0.01,0.001,0.3,,,,2.85,136.8,0.05,9.7615,[0.22],20,"[2000, 2001, 2002, 2003, 2004, 2005, 2006, 2007, 2008, 2009, 2010, 2011, 2012, 2013, 2014, 2015, 2016, 2017, 2018, 2019]"
48,True,False,1e-05,1e-05,200,"(0.4, 0.3, 0.3)",48,0,0,3.0,0.0,0.0,,0.01,0.01,0.001,0.3,,,,2.85,136.8,0.05,9.6685,[0.22],20,"[2000, 2001, 2002, 2003, 2004, 2005, 2006, 2007, 2008, 2009, 2010, 2011, 2012, 2013, 2014, 2015, 2016, 2017, 2018, 2019]"
48,True,False,1e-05,1e-05,200,"(0.5, 0.2, 0.3)",0,0,0,3.0,0.0,0.0,,0.01,0.01,0.001,0.3,,,,3.5,168.0,0.05,13.322999999999999,[0.22],20,"[2000, 2001, 2002, 2003, 2004, 2005, 2006, 2007, 2008, 2009, 2010, 2011, 2012, 2013, 2014, 2015, 2016, 2017, 2018, 2019]"
48,True,False,1e-05,1e-05,200,"(0.5, 0.2, 0.3)",0,2,0,3.0,0.0,0.0,,0.01,0.01,0.001,0.3,,,,3.45,165.6,0.1,13.604499999999998,[0.22],20,"[2000, 2001, 2002, 2003, 2004, 2005, 2006, 2007, 2008, 2009, 2010, 2011, 2012, 2013, 2014, 2015, 2016, 2017, 2018, 2019]"
48,True,False,1e-05,1e-05,200,"(0.5, 0.2, 0.3)",0,4,0,3.0,0.0,0.0,,0.01,0.01,0.001,0.3,,,,3.95,189.6,0.15,14.8385,[0.22],20,"[2000, 2001, 2002, 2003, 2004, 2005, 2006, 2007, 2008, 2009, 2010, 2011, 2012, 2013, 2014, 2015, 2016, 2017, 2018, 2019]"
48,True,False,1e-05,1e-05,200,"(0.5, 0.2, 0.3)",48,0,0,3.0,0.0,0.0,,0.01,0.01,0.001,0.3,,,,3.5,168.0,0.05,13.193000000000001,[0.22],20,"[2000, 2001, 2002, 2003, 2004, 2005, 2006, 2007, 2008, 2009, 2010, 2011, 2012, 2013, 2014, 2015, 2016, 2017, 2018, 2019]"
48,True,False,1e-05,1e-05,200,"(0.5, 0.2, 0.3)",48,2,0,3.0,0.0,0.0,,0.01,0.01,0.001,0.3,,,,3.45,165.6,0.1,13.507499999999999,[0.22],20,"[2000, 2001, 2002, 2003, 2004, 2005, 2006, 2007, 2008, 2009, 2010, 2011, 2012, 2013, 2014, 2015, 2016, 2017, 2018, 2019]"
48,True,False,1e-05,1e-05,200,"(0.5, 0.2, 0.3)",48,4,0,3.0,0.0,0.0,,0.01,0.01,0.001,0.3,,,,3.95,189.6,0.15,14.757499999999999,[0.22],20,"[2000, 2001, 2002, 2003, 2004, 2005, 2006, 2007, 2008, 2009, 2010, 2011, 2012, 2013, 2014, 2015, 2016, 2017, 2018, 2019]"
48,True,False,1e-05,1e-05,200,"(0.6, 0.1, 0.3)",0,0,0,3.0,0.0,0.0,,0.01,0.01,0.001,0.3,,,,3.5,168.0,0.15,12.8285,[0.22],20,"[2000, 2001, 2002, 2003, 2004, 2005, 2006, 2007, 2008, 2009, 2010, 2011, 2012, 2013, 2014, 2015, 2016, 2017, 2018, 2019]"
48,True,False,1e-05,1e-05,200,"(0.6, 0.1, 0.3)",0,2,0,3.0,0.0,0.0,,0.01,0.01,0.001,0.3,,,,3.6,172.8,0.15,13.630500000000001,[0.22],20,"[2000, 2001, 2002, 2003, 2004, 2005, 2006, 2007, 2008, 2009, 2010, 2011, 2012, 2013, 2014, 2015, 2016, 2017, 2018, 2019]"
48,True,False,1e-05,1e-05,200,"(0.6, 0.1, 0.3)",0,4,0,3.0,0.0,0.0,,0.01,0.01,0.001,0.3,,,,3.35,160.8,0.15,12.5795,[0.22],20,"[2000, 2001, 2002, 2003, 2004, 2005, 2006, 2007, 2008, 2009, 2010, 2011, 2012, 2013, 2014, 2015, 2016, 2017, 2018, 2019]"
48,True,False,1e-05,1e-05,200,"(0.6, 0.1, 0.3)",48,0,0,3.0,0.0,0.0,,0.01,0.01,0.001,0.3,,,,3.5,168.0,0.15,12.7705,[0.22],20,"[2000, 2001, 2002, 2003, 2004, 2005, 2006, 2007, 2008, 2009, 2010, 2011, 2012, 2013, 2014, 2015, 2016, 2017, 2018, 2019]"
48,True,False,1e-05,1e-05,200,"(0.6, 0.1, 0.3)",48,2,0,3.0,0.0,0.0,,0.01,0.01,0.001,0.3,,,,3.6,172.8,0.15,13.631499999999999,[0.22],20,"[2000, 2001, 2002, 2003, 2004, 2005, 2006, 2007, 2008, 2009, 2010, 2011, 2012, 2013, 2014, 2015, 2016, 2017, 2018, 2019]"
48,True,False,1e-05,1e-05,200,"(0.6, 0.1, 0.3)",48,4,0,3.0,0.0,0.0,,0.01,0.01,0.001,0.3,,,,3.35,160.8,0.15,12.659500000000001,[0.22],20,"[2000, 2001, 2002, 2003, 2004, 2005, 2006, 2007, 2008, 2009, 2010, 2011, 2012, 2013, 2014, 2015, 2016, 2017, 2018, 2019]"
48,True,False,1e-05,1e-05,200,"(0.7, 0.0, 0.3)",0,2,0,3.0,0.0,0.0,,0.01,0.01,0.001,0.3,,,,3.45,165.6,0.1,12.981,[0.22],20,"[2000, 2001, 2002, 2003, 2004, 2005, 2006, 2007, 2008, 2009, 2010, 2011, 2012, 2013, 2014, 2015, 2016, 2017, 2018, 2019]"
48,True,False,1e-05,1e-05,200,"(0.7, 0.0, 0.3)",0,4,0,3.0,0.0,0.0,,0.01,0.01,0.001,0.3,,,,3.15,151.2,0.1,11.4095,[0.22],20,"[2000, 2001, 2002, 2003, 2004, 2005, 2006, 2007, 2008, 2009, 2010, 2011, 2012, 2013, 2014, 2015, 2016, 2017, 2018, 2019]"
48,True,False,1e-05,1e-05,200,"(0.7, 0.3, 0.0)",0,0,0,3.0,0.0,0.0,,0.01,0.01,0.001,0.3,,,,3.5,168.0,0.05,12.7425,[0.22],20,"[2000, 2001, 2002, 2003, 2004, 2005, 2006, 2007, 2008, 2009, 2010, 2011, 2012, 2013, 2014, 2015, 2016, 2017, 2018, 2019]"
48,True,False,1e-05,1e-05,200,"(0.7, 0.3, 0.0)",0,2,0,3.0,0.0,0.0,,0.01,0.01,0.001,0.3,,,,4.0,192.0,0.05,16.369,[0.22],20,"[2000, 2001, 2002, 2003, 2004, 2005, 2006, 2007, 2008, 2009, 2010, 2011, 2012, 2013, 2014, 2015, 2016, 2017, 2018, 2019]"
48,True,False,1e-05,1e-05,200,"(0.7, 0.3, 0.0)",0,4,0,3.0,0.0,0.0,,0.01,0.01,0.001,0.3,,,,3.8,182.4,0.05,14.0965,[0.22],20,"[2000, 2001, 2002, 2003, 2004, 2005, 2006, 2007, 2008, 2009, 2010, 2011, 2012, 2013, 2014, 2015, 2016, 2017, 2018, 2019]"
48,True,False,1e-05,1e-05,200,"(0.7, 0.3, 0.0)",48,0,0,3.0,0.0,0.0,,0.01,0.01,0.001,0.3,,,,3.5,168.0,0.05,12.948500000000001,[0.22],20,"[2000, 2001, 2002, 2003, 2004, 2005, 2006, 2007, 2008, 2009, 2010, 2011, 2012, 2013, 2014, 2015, 2016, 2017, 2018, 2019]"
48,True,False,1e-05,1e-05,200,"(0.7, 0.3, 0.0)",48,2,0,3.0,0.0,0.0,,0.01,0.01,0.001,0.3,,,,4.0,192.0,0.05,16.27,[0.22],20,"[2000, 2001, 2002, 2003, 2004, 2005, 2006, 2007, 2008, 2009, 2010, 2011, 2012, 2013, 2014, 2015, 2016, 2017, 2018, 2019]"
48,True,False,1e-05,1e-05,200,"(0.7, 0.3, 0.0)",48,4,0,3.0,0.0,0.0,,0.01,0.01,0.001,0.3,,,,3.8,182.4,0.05,14.040000000000001,[0.22],20,"[2000, 2001, 2002, 2003, 2004, 2005, 2006, 2007, 2008, 2009, 2010, 2011, 2012, 2013, 2014, 2015, 2016, 2017, 2018, 2019]"
48,True,False,1e-05,0.0001,0,"(0.3, 0.3, 0.4)",0,0,0,3.0,0.0,0.0,,0.01,0.01,0.001,0.3,,,,3.1,148.8,0.0,10.695,[0.5719],20,"[2000, 2001, 2002, 2003, 2004, 2005, 2006, 2007, 2008, 2009, 2010, 2011, 2012, 2013, 2014, 2015, 2016, 2017, 2018, 2019]"
48,True,False,1e-05,0.0001,0,"(0.3, 0.3, 0.4)",0,2,0,3.0,0.0,0.0,,0.01,0.01,0.001,0.3,,,,3.35,160.8,0.0,11.765,[0.5719],20,"[2000, 2001, 2002, 2003, 2004, 2005, 2006, 2007, 2008, 2009, 2010, 2011, 2012, 2013, 2014, 2015, 2016, 2017, 2018, 2019]"
48,True,False,1e-05,0.0001,0,"(0.3, 0.3, 0.4)",0,4,0,3.0,0.0,0.0,,0.01,0.01,0.001,0.3,,,,3.7,177.6,0.0,13.0915,[0.5719],20,"[2000, 2001, 2002, 2003, 2004, 2005, 2006, 2007, 2008, 2009, 2010, 2011, 2012, 2013, 2014, 2015, 2016, 2017, 2018, 2019]"
48,True,False,1e-05,0.0001,0,"(0.3, 0.3, 0.4)",48,0,0,3.0,0.0,0.0,,0.01,0.01,0.001,0.3,,,,3.1,148.8,0.0,10.7015,[0.5719],20,"[2000, 2001, 2002, 2003, 2004, 2005, 2006, 2007, 2008, 2009, 2010, 2011, 2012, 2013, 2014, 2015, 2016, 2017, 2018, 2019]"
48,True,False,1e-05,0.0001,0,"(0.3, 0.3, 0.4)",48,2,0,3.0,0.0,0.0,,0.01,0.01,0.001,0.3,,,,3.35,160.8,0.0,11.663,[0.5719],20,"[2000, 2001, 2002, 2003, 2004, 2005, 2006, 2007, 2008, 2009, 2010, 2011, 2012, 2013, 2014, 2015, 2016, 2017, 2018, 2019]"
48,True,False,1e-05,0.0001,0,"(0.3, 0.3, 0.4)",48,4,0,3.0,0.0,0.0,,0.01,0.01,0.001,0.3,,,,3.7,177.6,0.0,13.14,[0.5719],20,"[2000, 2001, 2002, 2003, 2004, 2005, 2006, 2007, 2008, 2009, 2010, 2011, 2012, 2013, 2014, 2015, 2016, 2017, 2018, 2019]"
48,True,False,1e-05,0.0001,0,"(0.4, 0.3, 0.3)",0,0,0,3.0,0.0,0.0,,0.01,0.01,0.001,0.3,,,,3.3,158.4,0.0,12.497499999999999,[0.5719],20,"[2000, 2001, 2002, 2003, 2004, 2005, 2006, 2007, 2008, 2009, 2010, 2011, 2012, 2013, 2014, 2015, 2016, 2017, 2018, 2019]"
48,True,False,1e-05,0.0001,0,"(0.4, 0.3, 0.3)",0,2,0,3.0,0.0,0.0,,0.01,0.01,0.001,0.3,,,,3.4,163.2,0.0,15.961000000000002,[0.5719],20,"[2000, 2001, 2002, 2003, 2004, 2005, 2006, 2007, 2008, 2009, 2010, 2011, 2012, 2013, 2014, 2015, 2016, 2017, 2018, 2019]"
48,True,False,1e-05,0.0001,0,"(0.4, 0.3, 0.3)",0,4,0,3.0,0.0,0.0,,0.01,0.01,0.001,0.3,,,,3.65,175.2,0.0,18.7605,[0.5719],20,"[2000, 2001, 2002, 2003, 2004, 2005, 2006, 2007, 2008, 2009, 2010, 2011, 2012, 2013, 2014, 2015, 2016, 2017, 2018, 2019]"
48,True,False,1e-05,0.0001,0,"(0.4, 0.3, 0.3)",48,0,0,3.0,0.0,0.0,,0.01,0.01,0.001,0.3,,,,3.3,158.4,0.0,15.293000000000001,[0.5719],20,"[2000, 2001, 2002, 2003, 2004, 2005, 2006, 2007, 2008, 2009, 2010, 2011, 2012, 2013, 2014, 2015, 2016, 2017, 2018, 2019]"
48,True,False,1e-05,0.0001,0,"(0.4, 0.3, 0.3)",48,2,0,3.0,0.0,0.0,,0.01,0.01,0.001,0.3,,,,3.4,163.2,0.0,11.825999999999999,[0.5719],20,"[2000, 2001, 2002, 2003, 2004, 2005, 2006, 2007, 2008, 2009, 2010, 2011, 2012, 2013, 2014, 2015, 2016, 2017, 2018, 2019]"
48,True,False,1e-05,0.0001,0,"(0.4, 0.3, 0.3)",48,4,0,3.0,0.0,0.0,,0.01,0.01,0.001,0.3,,,,3.65,175.2,0.0,12.875499999999999,[0.5719],20,"[2000, 2001, 2002, 2003, 2004, 2005, 2006, 2007, 2008, 2009, 2010, 2011, 2012, 2013, 2014, 2015, 2016, 2017, 2018, 2019]"
48,True,False,1e-05,0.0001,0,"(0.5, 0.2, 0.3)",0,0,0,3.0,0.0,0.0,,0.01,0.01,0.001,0.3,,,,3.0,144.0,0.0,10.378,[0.5719],20,"[2000, 2001, 2002, 2003, 2004, 2005, 2006, 2007, 2008, 2009, 2010, 2011, 2012, 2013, 2014, 2015, 2016, 2017, 2018, 2019]"
48,True,False,1e-05,0.0001,0,"(0.5, 0.2, 0.3)",0,2,0,3.0,0.0,0.0,,0.01,0.01,0.001,0.3,,,,3.4,163.2,0.0,11.855,[0.5719],20,"[2000, 2001, 2002, 2003, 2004, 2005, 2006, 2007, 2008, 2009, 2010, 2011, 2012, 2013, 2014, 2015, 2016, 2017, 2018, 2019]"
48,True,False,1e-05,0.0001,0,"(0.5, 0.2, 0.3)",0,4,0,3.0,0.0,0.0,,0.01,0.01,0.001,0.3,,,,3.55,170.4,0.0,12.4795,[0.5719],20,"[2000, 2001, 2002, 2003, 2004, 2005, 2006, 2007, 2008, 2009, 2010, 2011, 2012, 2013, 2014, 2015, 2016, 2017, 2018, 2019]"
48,True,False,1e-05,0.0001,0,"(0.5, 0.2, 0.3)",48,0,0,3.0,0.0,0.0,,0.01,0.01,0.001,0.3,,,,3.0,144.0,0.0,10.363,[0.5719],20,"[2000, 2001, 2002, 2003, 2004, 2005, 2006, 2007, 2008, 2009, 2010, 2011, 2012, 2013, 2014, 2015, 2016, 2017, 2018, 2019]"
48,True,False,1e-05,0.0001,0,"(0.5, 0.2, 0.3)",48,2,0,3.0,0.0,0.0,,0.01,0.01,0.001,0.3,,,,3.4,163.2,0.0,12.781,[0.5719],20,"[2000, 2001, 2002, 2003, 2004, 2005, 2006, 2007, 2008, 2009, 2010, 2011, 2012, 2013, 2014, 2015, 2016, 2017, 2018, 2019]"
48,True,False,1e-05,0.0001,0,"(0.5, 0.2, 0.3)",48,4,0,3.0,0.0,0.0,,0.01,0.01,0.001,0.3,,,,3.55,170.4,0.0,12.558499999999999,[0.5719],20,"[2000, 2001, 2002, 2003, 2004, 2005, 2006, 2007, 2008, 2009, 2010, 2011, 2012, 2013, 2014, 2015, 2016, 2017, 2018, 2019]"
48,True,False,1e-05,0.0001,0,"(0.6, 0.1, 0.3)",0,0,0,3.0,0.0,0.0,,0.01,0.01,0.001,0.3,,,,3.05,146.4,0.0,10.6545,[0.5719],20,"[2000, 2001, 2002, 2003, 2004, 2005, 2006, 2007, 2008, 2009, 2010, 2011, 2012, 2013, 2014, 2015, 2016, 2017, 2018, 2019]"
48,True,False,1e-05,0.0001,0,"(0.6, 0.1, 0.3)",0,2,0,3.0,0.0,0.0,,0.01,0.01,0.001,0.3,,,,3.1,148.8,0.0,10.7245,[0.5719],20,"[2000, 2001, 2002, 2003, 2004, 2005, 2006, 2007, 2008, 2009, 2010, 2011, 2012, 2013, 2014, 2015, 2016, 2017, 2018, 2019]"
48,True,False,1e-05,0.0001,0,"(0.6, 0.1, 0.3)",0,4,0,3.0,0.0,0.0,,0.01,0.01,0.001,0.3,,,,3.4,163.2,0.0,11.7845,[0.5719],20,"[2000, 2001, 2002, 2003, 2004, 2005, 2006, 2007, 2008, 2009, 2010, 2011, 2012, 2013, 2014, 2015, 2016, 2017, 2018, 2019]"
48,True,False,1e-05,0.0001,0,"(0.6, 0.1, 0.3)",48,0,0,3.0,0.0,0.0,,0.01,0.01,0.001,0.3,,,,3.05,146.4,0.0,10.754,[0.5719],20,"[2000, 2001, 2002, 2003, 2004, 2005, 2006, 2007, 2008, 2009, 2010, 2011, 2012, 2013, 2014, 2015, 2016, 2017, 2018, 2019]"
48,True,False,1e-05,0.0001,0,"(0.6, 0.1, 0.3)",48,2,0,3.0,0.0,0.0,,0.01,0.01,0.001,0.3,,,,3.1,148.8,0.0,10.624500000000001,[0.5719],20,"[2000, 2001, 2002, 2003, 2004, 2005, 2006, 2007, 2008, 2009, 2010, 2011, 2012, 2013, 2014, 2015, 2016, 2017, 2018, 2019]"
48,True,False,1e-05,0.0001,0,"(0.6, 0.1, 0.3)",48,4,0,3.0,0.0,0.0,,0.01,0.01,0.001,0.3,,,,3.4,163.2,0.0,11.8595,[0.5719],20,"[2000, 2001, 2002, 2003, 2004, 2005, 2006, 2007, 2008, 2009, 2010, 2011, 2012, 2013, 2014, 2015, 2016, 2017, 2018, 2019]"
48,True,False,1e-05,0.0001,0,"(0.7, 0.0, 0.3)",0,2,0,3.0,0.0,0.0,,0.01,0.01,0.001,0.3,,,,3.55,170.4,0.0,13.1775,[0.5719],20,"[2000, 2001, 2002, 2003, 2004, 2005, 2006, 2007, 2008, 2009, 2010, 2011, 2012, 2013, 2014, 2015, 2016, 2017, 2018, 2019]"
48,True,False,1e-05,0.0001,0,"(0.7, 0.0, 0.3)",0,4,0,3.0,0.0,0.0,,0.01,0.01,0.001,0.3,,,,3.55,170.4,0.0,12.6995,[0.5719],20,"[2000, 2001, 2002, 2003, 2004, 2005, 2006, 2007, 2008, 2009, 2010, 2011, 2012, 2013, 2014, 2015, 2016, 2017, 2018, 2019]"
48,True,False,1e-05,0.0001,0,"(0.7, 0.3, 0.0)",0,0,0,3.0,0.0,0.0,,0.01,0.01,0.001,0.3,,,,4.8,230.4,0.0,17.399,[0.5719],20,"[2000, 2001, 2002, 2003, 2004, 2005, 2006, 2007, 2008, 2009, 2010, 2011, 2012, 2013, 2014, 2015, 2016, 2017, 2018, 2019]"
48,True,False,1e-05,0.0001,0,"(0.7, 0.3, 0.0)",0,2,0,3.0,0.0,0.0,,0.01,0.01,0.001,0.3,,,,5.3,254.4,0.0,19.8595,[0.5719],20,"[2000, 2001, 2002, 2003, 2004, 2005, 2006, 2007, 2008, 2009, 2010, 2011, 2012, 2013, 2014, 2015, 2016, 2017, 2018, 2019]"
48,True,False,1e-05,0.0001,0,"(0.7, 0.3, 0.0)",0,4,0,3.0,0.0,0.0,,0.01,0.01,0.001,0.3,,,,5.15,247.2,0.0,18.8665,[0.5719],20,"[2000, 2001, 2002, 2003, 2004, 2005, 2006, 2007, 2008, 2009, 2010, 2011, 2012, 2013, 2014, 2015, 2016, 2017, 2018, 2019]"
48,True,False,1e-05,0.0001,0,"(0.7, 0.3, 0.0)",48,0,0,3.0,0.0,0.0,,0.01,0.01,0.001,0.3,,,,4.8,230.4,0.0,17.4065,[0.5719],20,"[2000, 2001, 2002, 2003, 2004, 2005, 2006, 2007, 2008, 2009, 2010, 2011, 2012, 2013, 2014, 2015, 2016, 2017, 2018, 2019]"
48,True,False,1e-05,0.0001,0,"(0.7, 0.3, 0.0)",48,2,0,3.0,0.0,0.0,,0.01,0.01,0.001,0.3,,,,5.3,254.4,0.0,19.9035,[0.5719],20,"[2000, 2001, 2002, 2003, 2004, 2005, 2006, 2007, 2008, 2009, 2010, 2011, 2012, 2013, 2014, 2015, 2016, 2017, 2018, 2019]"
48,True,False,1e-05,0.0001,0,"(0.7, 0.3, 0.0)",48,4,0,3.0,0.0,0.0,,0.01,0.01,0.001,0.3,,,,5.15,247.2,0.0,18.872,[0.5719],20,"[2000, 2001, 2002, 2003, 2004, 2005, 2006, 2007, 2008, 2009, 2010, 2011, 2012, 2013, 2014, 2015, 2016, 2017, 2018, 2019]"
48,True,False,1e-05,0.0001,100,"(0.3, 0.3, 0.4)",0,0,0,3.0,0.0,0.0,,0.01,0.01,0.001,0.3,,,,3.2,153.6,0.05,11.118500000000001,[0.5904],20,"[2000, 2001, 2002, 2003, 2004, 2005, 2006, 2007, 2008, 2009, 2010, 2011, 2012, 2013, 2014, 2015, 2016, 2017, 2018, 2019]"
48,True,False,1e-05,0.0001,100,"(0.3, 0.3, 0.4)",0,2,0,3.0,0.0,0.0,,0.01,0.01,0.001,0.3,,,,3.45,165.6,0.0,12.078999999999999,[0.5904],20,"[2000, 2001, 2002, 2003, 2004, 2005, 2006, 2007, 2008, 2009, 2010, 2011, 2012, 2013, 2014, 2015, 2016, 2017, 2018, 2019]"
48,True,False,1e-05,0.0001,100,"(0.3, 0.3, 0.4)",0,4,0,3.0,0.0,0.0,,0.01,0.01,0.001,0.3,,,,3.7,177.6,0.0,13.1345,[0.5904],20,"[2000, 2001, 2002, 2003, 2004, 2005, 2006, 2007, 2008, 2009, 2010, 2011, 2012, 2013, 2014, 2015, 2016, 2017, 2018, 2019]"
48,True,False,1e-05,0.0001,100,"(0.3, 0.3, 0.4)",48,0,0,3.0,0.0,0.0,,0.01,0.01,0.001,0.3,,,,3.2,153.6,0.05,11.2605,[0.5904],20,"[2000, 2001, 2002, 2003, 2004, 2005, 2006, 2007, 2008, 2009, 2010, 2011, 2012, 2013, 2014, 2015, 2016, 2017, 2018, 2019]"
48,True,False,1e-05,0.0001,100,"(0.3, 0.3, 0.4)",48,2,0,3.0,0.0,0.0,,0.01,0.01,0.001,0.3,,,,3.45,165.6,0.0,12.0315,[0.5904],20,"[2000, 2001, 2002, 2003, 2004, 2005, 2006, 2007, 2008, 2009, 2010, 2011, 2012, 2013, 2014, 2015, 2016, 2017, 2018, 2019]"
48,True,False,1e-05,0.0001,100,"(0.3, 0.3, 0.4)",48,4,0,3.0,0.0,0.0,,0.01,0.01,0.001,0.3,,,,3.7,177.6,0.0,13.0435,[0.5904],20,"[2000, 2001, 2002, 2003, 2004, 2005, 2006, 2007, 2008, 2009, 2010, 2011, 2012, 2013, 2014, 2015, 2016, 2017, 2018, 2019]"
48,True,False,1e-05,0.0001,100,"(0.4, 0.3, 0.3)",0,0,0,3.0,0.0,0.0,,0.01,0.01,0.001,0.3,,,,3.6,172.8,0.0,15.244499999999999,[0.5904],20,"[2000, 2001, 2002, 2003, 2004, 2005, 2006, 2007, 2008, 2009, 2010, 2011, 2012, 2013, 2014, 2015, 2016, 2017, 2018, 2019]"
48,True,False,1e-05,0.0001,100,"(0.4, 0.3, 0.3)",48,0,0,3.0,0.0,0.0,,0.01,0.01,0.001,0.3,,,,3.6,172.8,0.0,12.581,[0.5904],20,"[2000, 2001, 2002, 2003, 2004, 2005, 2006, 2007, 2008, 2009, 2010, 2011, 2012, 2013, 2014, 2015, 2016, 2017, 2018, 2019]"
48,True,False,1e-05,0.0001,100,"(0.5, 0.2, 0.3)",0,0,0,3.0,0.0,0.0,,0.01,0.01,0.001,0.3,,,,3.25,156.0,0.0,11.294,[0.5904],20,"[2000, 2001, 2002, 2003, 2004, 2005, 2006, 2007, 2008, 2009, 2010, 2011, 2012, 2013, 2014, 2015, 2016, 2017, 2018, 2019]"
48,True,False,1e-05,0.0001,100,"(0.5, 0.2, 0.3)",0,2,0,3.0,0.0,0.0,,0.01,0.01,0.001,0.3,,,,3.8,182.4,0.0,13.525,[0.5904],20,"[2000, 2001, 2002, 2003, 2004, 2005, 2006, 2007, 2008, 2009, 2010, 2011, 2012, 2013, 2014, 2015, 2016, 2017, 2018, 2019]"
48,True,False,1e-05,0.0001,100,"(0.5, 0.2, 0.3)",0,4,0,3.0,0.0,0.0,,0.01,0.01,0.001,0.3,,,,3.2,153.6,0.0,11.167,[0.5904],20,"[2000, 2001, 2002, 2003, 2004, 2005, 2006, 2007, 2008, 2009, 2010, 2011, 2012, 2013, 2014, 2015, 2016, 2017, 2018, 2019]"
48,True,False,1e-05,0.0001,100,"(0.5, 0.2, 0.3)",48,0,0,3.0,0.0,0.0,,0.01,0.01,0.001,0.3,,,,3.25,156.0,0.0,11.383,[0.5904],20,"[2000, 2001, 2002, 2003, 2004, 2005, 2006, 2007, 2008, 2009, 2010, 2011, 2012, 2013, 2014, 2015, 2016, 2017, 2018, 2019]"
48,True,False,1e-05,0.0001,100,"(0.5, 0.2, 0.3)",48,2,0,3.0,0.0,0.0,,0.01,0.01,0.001,0.3,,,,3.8,182.4,0.0,14.566999999999998,[0.5904],20,"[2000, 2001, 2002, 2003, 2004, 2005, 2006, 2007, 2008, 2009, 2010, 2011, 2012, 2013, 2014, 2015, 2016, 2017, 2018, 2019]"
48,True,False,1e-05,0.0001,100,"(0.5, 0.2, 0.3)",48,4,0,3.0,0.0,0.0,,0.01,0.01,0.001,0.3,,,,3.2,153.6,0.0,11.1785,[0.5904],20,"[2000, 2001, 2002, 2003, 2004, 2005, 2006, 2007, 2008, 2009, 2010, 2011, 2012, 2013, 2014, 2015, 2016, 2017, 2018, 2019]"
48,True,False,1e-05,0.0001,100,"(0.6, 0.1, 0.3)",0,0,0,3.0,0.0,0.0,,0.01,0.01,0.001,0.3,,,,3.05,146.4,0.0,10.779,[0.5904],20,"[2000, 2001, 2002, 2003, 2004, 2005, 2006, 2007, 2008, 2009, 2010, 2011, 2012, 2013, 2014, 2015, 2016, 2017, 2018, 2019]"
48,True,False,1e-05,0.0001,100,"(0.6, 0.1, 0.3)",0,2,0,3.0,0.0,0.0,,0.01,0.01,0.001,0.3,,,,3.25,156.0,0.0,11.4795,[0.5904],20,"[2000, 2001, 2002, 2003, 2004, 2005, 2006, 2007, 2008, 2009, 2010, 2011, 2012, 2013, 2014, 2015, 2016, 2017, 2018, 2019]"
48,True,False,1e-05,0.0001,100,"(0.6, 0.1, 0.3)",0,4,0,3.0,0.0,0.0,,0.01,0.01,0.001,0.3,,,,3.2,153.6,0.0,11.137,[0.5904],20,"[2000, 2001, 2002, 2003, 2004, 2005, 2006, 2007, 2008, 2009, 2010, 2011, 2012, 2013, 2014, 2015, 2016, 2017, 2018, 2019]"
48,True,False,1e-05,0.0001,100,"(0.6, 0.1, 0.3)",48,0,0,3.0,0.0,0.0,,0.01,0.01,0.001,0.3,,,,3.05,146.4,0.0,10.783,[0.5904],20,"[2000, 2001, 2002, 2003, 2004, 2005, 2006, 2007, 2008, 2009, 2010, 2011, 2012, 2013, 2014, 2015, 2016, 2017, 2018, 2019]"
48,True,False,1e-05,0.0001,100,"(0.6, 0.1, 0.3)",48,2,0,3.0,0.0,0.0,,0.01,0.01,0.001,0.3,,,,3.25,156.0,0.0,11.251000000000001,[0.5904],20,"[2000, 2001, 2002, 2003, 2004, 2005, 2006, 2007, 2008, 2009, 2010, 2011, 2012, 2013, 2014, 2015, 2016, 2017, 2018, 2019]"
48,True,False,1e-05,0.0001,100,"(0.6, 0.1, 0.3)",48,4,0,3.0,0.0,0.0,,0.01,0.01,0.001,0.3,,,,3.2,153.6,0.0,11.047,[0.5904],20,"[2000, 2001, 2002, 2003, 2004, 2005, 2006, 2007, 2008, 2009, 2010, 2011, 2012, 2013, 2014, 2015, 2016, 2017, 2018, 2019]"
48,True,False,1e-05,0.0001,100,"(0.7, 0.0, 0.3)",0,2,0,3.0,0.0,0.0,,0.01,0.01,0.001,0.3,,,,3.2,153.6,0.0,11.516499999999999,[0.5904],20,"[2000, 2001, 2002, 2003, 2004, 2005, 2006, 2007, 2008, 2009, 2010, 2011, 2012, 2013, 2014, 2015, 2016, 2017, 2018, 2019]"
48,True,False,1e-05,0.0001,100,"(0.7, 0.0, 0.3)",0,4,0,3.0,0.0,0.0,,0.01,0.01,0.001,0.3,,,,3.15,151.2,0.0,10.889,[0.5904],20,"[2000, 2001, 2002, 2003, 2004, 2005, 2006, 2007, 2008, 2009, 2010, 2011, 2012, 2013, 2014, 2015, 2016, 2017, 2018, 2019]"
48,True,False,1e-05,0.0001,100,"(0.7, 0.3, 0.0)",0,0,0,3.0,0.0,0.0,,0.01,0.01,0.001,0.3,,,,4.3,206.4,0.0,15.334,[0.5904],20,"[2000, 2001, 2002, 2003, 2004, 2005, 2006, 2007, 2008, 2009, 2010, 2011, 2012, 2013, 2014, 2015, 2016, 2017, 2018, 2019]"
48,True,False,1e-05,0.0001,100,"(0.7, 0.3, 0.0)",0,2,0,3.0,0.0,0.0,,0.01,0.01,0.001,0.3,,,,4.15,199.2,0.0,14.7805,[0.5904],20,"[2000, 2001, 2002, 2003, 2004, 2005, 2006, 2007, 2008, 2009, 2010, 2011, 2012, 2013, 2014, 2015, 2016, 2017, 2018, 2019]"
48,True,False,1e-05,0.0001,100,"(0.7, 0.3, 0.0)",0,4,0,3.0,0.0,0.0,,0.01,0.01,0.001,0.3,,,,4.75,228.0,0.0,17.2615,[0.5904],20,"[2000, 2001, 2002, 2003, 2004, 2005, 2006, 2007, 2008, 2009, 2010, 2011, 2012, 2013, 2014, 2015, 2016, 2017, 2018, 2019]"
48,True,False,1e-05,0.0001,100,"(0.7, 0.3, 0.0)",48,0,0,3.0,0.0,0.0,,0.01,0.01,0.001,0.3,,,,4.3,206.4,0.0,15.372,[0.5904],20,"[2000, 2001, 2002, 2003, 2004, 2005, 2006, 2007, 2008, 2009, 2010, 2011, 2012, 2013, 2014, 2015, 2016, 2017, 2018, 2019]"
48,True,False,1e-05,0.0001,100,"(0.7, 0.3, 0.0)",48,2,0,3.0,0.0,0.0,,0.01,0.01,0.001,0.3,,,,4.15,199.2,0.0,14.690999999999999,[0.5904],20,"[2000, 2001, 2002, 2003, 2004, 2005, 2006, 2007, 2008, 2009, 2010, 2011, 2012, 2013, 2014, 2015, 2016, 2017, 2018, 2019]"
48,True,False,1e-05,0.0001,100,"(0.7, 0.3, 0.0)",48,4,0,3.0,0.0,0.0,,0.01,0.01,0.001,0.3,,,,4.75,228.0,0.0,17.575,[0.5904],20,"[2000, 2001, 2002, 2003, 2004, 2005, 2006, 2007, 2008, 2009, 2010, 2011, 2012, 2013, 2014, 2015, 2016, 2017, 2018, 2019]"
48,True,False,1e-05,0.0001,200,"(0.3, 0.3, 0.4)",0,0,0,3.0,0.0,0.0,,0.01,0.01,0.001,0.3,,,,3.35,160.8,0.05,11.624500000000001,[0.5858],20,"[2000, 2001, 2002, 2003, 2004, 2005, 2006, 2007, 2008, 2009, 2010, 2011, 2012, 2013, 2014, 2015, 2016, 2017, 2018, 2019]"
48,True,False,1e-05,0.0001,200,"(0.3, 0.3, 0.4)",0,2,0,3.0,0.0,0.0,,0.01,0.01,0.001,0.3,,,,3.3,158.4,0.0,11.4635,[0.5858],20,"[2000, 2001, 2002, 2003, 2004, 2005, 2006, 2007, 2008, 2009, 2010, 2011, 2012, 2013, 2014, 2015, 2016, 2017, 2018, 2019]"
48,True,False,1e-05,0.0001,200,"(0.3, 0.3, 0.4)",0,4,0,3.0,0.0,0.0,,0.01,0.01,0.001,0.3,,,,3.2,153.6,0.05,11.0825,[0.5858],20,"[2000, 2001, 2002, 2003, 2004, 2005, 2006, 2007, 2008, 2009, 2010, 2011, 2012, 2013, 2014, 2015, 2016, 2017, 2018, 2019]"
48,True,False,1e-05,0.0001,200,"(0.3, 0.3, 0.4)",48,0,0,3.0,0.0,0.0,,0.01,0.01,0.001,0.3,,,,3.35,160.8,0.05,11.572,[0.5858],20,"[2000, 2001, 2002, 2003, 2004, 2005, 2006, 2007, 2008, 2009, 2010, 2011, 2012, 2013, 2014, 2015, 2016, 2017, 2018, 2019]"
48,True,False,1e-05,0.0001,200,"(0.3, 0.3, 0.4)",48,2,0,3.0,0.0,0.0,,0.01,0.01,0.001,0.3,,,,3.3,158.4,0.0,12.0345,[0.5858],20,"[2000, 2001, 2002, 2003, 2004, 2005, 2006, 2007, 2008, 2009, 2010, 2011, 2012, 2013, 2014, 2015, 2016, 2017, 2018, 2019]"
48,True,False,1e-05,0.0001,200,"(0.3, 0.3, 0.4)",48,4,0,3.0,0.0,0.0,,0.01,0.01,0.001,0.3,,,,3.2,153.6,0.05,11.072,[0.5858],20,"[2000, 2001, 2002, 2003, 2004, 2005, 2006, 2007, 2008, 2009, 2010, 2011, 2012, 2013, 2014, 2015, 2016, 2017, 2018, 2019]"
48,True,False,1e-05,0.0001,200,"(0.4, 0.3, 0.3)",0,0,0,3.0,0.0,0.0,,0.01,0.01,0.001,0.3,,,,3.65,175.2,0.0,14.38,[0.5858],20,"[2000, 2001, 2002, 2003, 2004, 2005, 2006, 2007, 2008, 2009, 2010, 2011, 2012, 2013, 2014, 2015, 2016, 2017, 2018, 2019]"
48,True,False,1e-05,0.0001,200,"(0.4, 0.3, 0.3)",48,0,0,3.0,0.0,0.0,,0.01,0.01,0.001,0.3,,,,3.65,175.2,0.0,12.8185,[0.5858],20,"[2000, 2001, 2002, 2003, 2004, 2005, 2006, 2007, 2008, 2009, 2010, 2011, 2012, 2013, 2014, 2015, 2016, 2017, 2018, 2019]"
48,True,False,1e-05,0.0001,200,"(0.5, 0.2, 0.3)",0,0,0,3.0,0.0,0.0,,0.01,0.01,0.001,0.3,,,,3.7,177.6,0.0,13.038499999999999,[0.5858],20,"[2000, 2001, 2002, 2003, 2004, 2005, 2006, 2007, 2008, 2009, 2010, 2011, 2012, 2013, 2014, 2015, 2016, 2017, 2018, 2019]"
48,True,False,1e-05,0.0001,200,"(0.5, 0.2, 0.3)",0,2,0,3.0,0.0,0.0,,0.01,0.01,0.001,0.3,,,,3.2,153.6,0.05,11.036,[0.5858],20,"[2000, 2001, 2002, 2003, 2004, 2005, 2006, 2007, 2008, 2009, 2010, 2011, 2012, 2013, 2014, 2015, 2016, 2017, 2018, 2019]"
48,True,False,1e-05,0.0001,200,"(0.5, 0.2, 0.3)",0,4,0,3.0,0.0,0.0,,0.01,0.01,0.001,0.3,,,,3.7,177.6,0.0,13.265,[0.5858],20,"[2000, 2001, 2002, 2003, 2004, 2005, 2006, 2007, 2008, 2009, 2010, 2011, 2012, 2013, 2014, 2015, 2016, 2017, 2018, 2019]"
48,True,False,1e-05,0.0001,200,"(0.5, 0.2, 0.3)",48,0,0,3.0,0.0,0.0,,0.01,0.01,0.001,0.3,,,,3.7,177.6,0.0,12.996,[0.5858],20,"[2000, 2001, 2002, 2003, 2004, 2005, 2006, 2007, 2008, 2009, 2010, 2011, 2012, 2013, 2014, 2015, 2016, 2017, 2018, 2019]"
48,True,False,1e-05,0.0001,200,"(0.5, 0.2, 0.3)",48,2,0,3.0,0.0,0.0,,0.01,0.01,0.001,0.3,,,,3.2,153.6,0.05,11.894499999999999,[0.5858],20,"[2000, 2001, 2002, 2003, 2004, 2005, 2006, 2007, 2008, 2009, 2010, 2011, 2012, 2013, 2014, 2015, 2016, 2017, 2018, 2019]"
48,True,False,1e-05,0.0001,200,"(0.5, 0.2, 0.3)",48,4,0,3.0,0.0,0.0,,0.01,0.01,0.001,0.3,,,,3.7,177.6,0.0,13.1565,[0.5858],20,"[2000, 2001, 2002, 2003, 2004, 2005, 2006, 2007, 2008, 2009, 2010, 2011, 2012, 2013, 2014, 2015, 2016, 2017, 2018, 2019]"
48,True,False,1e-05,0.0001,200,"(0.6, 0.1, 0.3)",0,0,0,3.0,0.0,0.0,,0.01,0.01,0.001,0.3,,,,3.45,165.6,0.0,12.1655,[0.5858],20,"[2000, 2001, 2002, 2003, 2004, 2005, 2006, 2007, 2008, 2009, 2010, 2011, 2012, 2013, 2014, 2015, 2016, 2017, 2018, 2019]"
48,True,False,1e-05,0.0001,200,"(0.6, 0.1, 0.3)",0,2,0,3.0,0.0,0.0,,0.01,0.01,0.001,0.3,,,,3.25,156.0,0.0,11.492999999999999,[0.5858],20,"[2000, 2001, 2002, 2003, 2004, 2005, 2006, 2007, 2008, 2009, 2010, 2011, 2012, 2013, 2014, 2015, 2016, 2017, 2018, 2019]"
48,True,False,1e-05,0.0001,200,"(0.6, 0.1, 0.3)",0,4,0,3.0,0.0,0.0,,0.01,0.01,0.001,0.3,,,,3.15,151.2,0.0,11.1195,[0.5858],20,"[2000, 2001, 2002, 2003, 2004, 2005, 2006, 2007, 2008, 2009, 2010, 2011, 2012, 2013, 2014, 2015, 2016, 2017, 2018, 2019]"
48,True,False,1e-05,0.0001,200,"(0.6, 0.1, 0.3)",48,0,0,3.0,0.0,0.0,,0.01,0.01,0.001,0.3,,,,3.45,165.6,0.0,12.2805,[0.5858],20,"[2000, 2001, 2002, 2003, 2004, 2005, 2006, 2007, 2008, 2009, 2010, 2011, 2012, 2013, 2014, 2015, 2016, 2017, 2018, 2019]"
48,True,False,1e-05,0.0001,200,"(0.6, 0.1, 0.3)",48,2,0,3.0,0.0,0.0,,0.01,0.01,0.001,0.3,,,,3.25,156.0,0.0,11.204,[0.5858],20,"[2000, 2001, 2002, 2003, 2004, 2005, 2006, 2007, 2008, 2009, 2010, 2011, 2012, 2013, 2014, 2015, 2016, 2017, 2018, 2019]"
48,True,False,1e-05,0.0001,200,"(0.6, 0.1, 0.3)",48,4,0,3.0,0.0,0.0,,0.01,0.01,0.001,0.3,,,,3.15,151.2,0.0,11.197500000000002,[0.5858],20,"[2000, 2001, 2002, 2003, 2004, 2005, 2006, 2007, 2008, 2009, 2010, 2011, 2012, 2013, 2014, 2015, 2016, 2017, 2018, 2019]"
48,True,False,1e-05,0.0001,200,"(0.7, 0.0, 0.3)",0,2,0,3.0,0.0,0.0,,0.01,0.01,0.001,0.3,,,,3.4,163.2,0.0,12.2455,[0.5858],20,"[2000, 2001, 2002, 2003, 2004, 2005, 2006, 2007, 2008, 2009, 2010, 2011, 2012, 2013, 2014, 2015, 2016, 2017, 2018, 2019]"
48,True,False,1e-05,0.0001,200,"(0.7, 0.0, 0.3)",0,4,0,3.0,0.0,0.0,,0.01,0.01,0.001,0.3,,,,3.15,151.2,0.0,11.092,[0.5858],20,"[2000, 2001, 2002, 2003, 2004, 2005, 2006, 2007, 2008, 2009, 2010, 2011, 2012, 2013, 2014, 2015, 2016, 2017, 2018, 2019]"
48,True,False,1e-05,0.0001,200,"(0.7, 0.3, 0.0)",0,0,0,3.0,0.0,0.0,,0.01,0.01,0.001,0.3,,,,4.2,201.6,0.0,15.081,[0.5858],20,"[2000, 2001, 2002, 2003, 2004, 2005, 2006, 2007, 2008, 2009, 2010, 2011, 2012, 2013, 2014, 2015, 2016, 2017, 2018, 2019]"
48,True,False,1e-05,0.0001,200,"(0.7, 0.3, 0.0)",0,2,0,3.0,0.0,0.0,,0.01,0.01,0.001,0.3,,,,4.5,216.0,0.0,16.2085,[0.5858],20,"[2000, 2001, 2002, 2003, 2004, 2005, 2006, 2007, 2008, 2009, 2010, 2011, 2012, 2013, 2014, 2015, 2016, 2017, 2018, 2019]"
48,True,False,1e-05,0.0001,200,"(0.7, 0.3, 0.0)",0,4,0,3.0,0.0,0.0,,0.01,0.01,0.001,0.3,,,,4.3,206.4,0.0,15.416999999999998,[0.5858],20,"[2000, 2001, 2002, 2003, 2004, 2005, 2006, 2007, 2008, 2009, 2010, 2011, 2012, 2013, 2014, 2015, 2016, 2017, 2018, 2019]"
48,True,False,1e-05,0.0001,200,"(0.7, 0.3, 0.0)",48,0,0,3.0,0.0,0.0,,0.01,0.01,0.001,0.3,,,,4.2,201.6,0.0,15.041999999999998,[0.5858],20,"[2000, 2001, 2002, 2003, 2004, 2005, 2006, 2007, 2008, 2009, 2010, 2011, 2012, 2013, 2014, 2015, 2016, 2017, 2018, 2019]"
48,True,False,1e-05,0.0001,200,"(0.7, 0.3, 0.0)",48,2,0,3.0,0.0,0.0,,0.01,0.01,0.001,0.3,,,,4.5,216.0,0.0,16.240000000000002,[0.5858],20,"[2000, 2001, 2002, 2003, 2004, 2005, 2006, 2007, 2008, 2009, 2010, 2011, 2012, 2013, 2014, 2015, 2016, 2017, 2018, 2019]"
48,True,False,1e-05,0.0001,200,"(0.7, 0.3, 0.0)",48,4,0,3.0,0.0,0.0,,0.01,0.01,0.001,0.3,,,,4.3,206.4,0.0,15.631499999999999,[0.5858],20,"[2000, 2001, 2002, 2003, 2004, 2005, 2006, 2007, 2008, 2009, 2010, 2011, 2012, 2013, 2014, 2015, 2016, 2017, 2018, 2019]"
64,False,False,1e-06,1e-06,0,"(0.4, 0.3, 0.3)",64,4,0,3.0,0.0,0.0,,0.01,0.01,0.001,0.3,,,,2.55,163.2,,9.3235,"[-10.9241, -10.8547, -10.8065]",20,"[2000, 2001, 2002, 2003, 2004, 2005, 2006, 2007, 2008, 2009, 2010, 2011, 2012, 2013, 2014, 2015, 2016, 2017, 2018, 2019]"
64,False,False,1e-06,1e-05,0,"(0.4, 0.3, 0.3)",64,4,0,3.0,0.0,0.0,,0.01,0.01,0.001,0.3,,,,1.95,124.8,,6.9864999999999995,"[-8.103, -8.1111]",20,"[2000, 2001, 2002, 2003, 2004, 2005, 2006, 2007, 2008, 2009, 2010, 2011, 2012, 2013, 2014, 2015, 2016, 2017, 2018, 2019]"
64,False,False,1e-06,0.0001,0,"(0.4, 0.3, 0.3)",64,4,0,3.0,0.0,0.0,,0.01,0.01,0.001,0.3,,,,1.7,108.8,,6.0795,[0.7073],20,"[2000, 2001, 2002, 2003, 2004, 2005, 2006, 2007, 2008, 2009, 2010, 2011, 2012, 2013, 2014, 2015, 2016, 2017, 2018, 2019, 2000, 2001, 2002, 2003, 2004, 2005, 2006, 2007, 2008, 2009, 2010, 2011, 2012, 2013, 2014, 2015, 2016, 2017, 2018, 2019]"
64,False,False,1e-06,0.001,0,"(0.4, 0.3, 0.3)",64,4,0,3.0,0.0,0.0,,0.01,0.01,0.001,0.3,,,,2.0,128.0,,7.3185,"[0.7496, 0.7937]",20,"[2000, 2001, 2002, 2003, 2004, 2005, 2006, 2007, 2008, 2009, 2010, 2011, 2012, 2013, 2014, 2015, 2016, 2017, 2018, 2019]"
64,False,False,1e-06,0.01,0,"(0.4, 0.3, 0.3)",64,4,0,3.0,0.0,0.0,,0.01,0.01,0.001,0.3,,,,2.45,156.8,,9.3455,"[0.8061, 0.794]",20,"[2000, 2001, 2002, 2003, 2004, 2005, 2006, 2007, 2008, 2009, 2010, 2011, 2012, 2013, 2014, 2015, 2016, 2017, 2018, 2019]"
64,False,False,1e-05,1e-06,0,"(0.4, 0.3, 0.3)",64,4,0,3.0,0.0,0.0,,0.01,0.01,0.001,0.3,,,,1.6,102.4,,5.899500000000001,"[-7.0339, -7.3333]",20,"[2000, 2001, 2002, 2003, 2004, 2005, 2006, 2007, 2008, 2009, 2010, 2011, 2012, 2013, 2014, 2015, 2016, 2017, 2018, 2019]"
64,False,False,1e-05,1e-05,0,"(0.3, 0.3, 0.4)",64,2,0,3.0,0.0,0.0,,0.01,0.01,0.001,0.3,,,,1.35,86.4,0.35,4.4585,[0.6151],20,"[2000, 2001, 2002, 2003, 2004, 2005, 2006, 2007, 2008, 2009, 2010, 2011, 2012, 2013, 2014, 2015, 2016, 2017, 2018, 2019]"
64,False,False,1e-05,1e-05,0,"(0.3, 0.3, 0.4)",64,4,0,3.0,0.0,0.0,,0.01,0.01,0.001,0.3,,,,1.35,86.4,0.35,4.465,[0.6151],20,"[2000, 2001, 2002, 2003, 2004, 2005, 2006, 2007, 2008, 2009, 2010, 2011, 2012, 2013, 2014, 2015, 2016, 2017, 2018, 2019]"
64,False,False,1e-05,1e-05,0,"(0.4, 0.3, 0.3)",64,2,0,3.0,0.0,0.0,,0.01,0.01,0.001,0.3,,,,1.35,86.4,0.4,4.4159999999999995,[0.6151],20,"[2000, 2001, 2002, 2003, 2004, 2005, 2006, 2007, 2008, 2009, 2010, 2011, 2012, 2013, 2014, 2015, 2016, 2017, 2018, 2019]"
64,False,False,1e-05,1e-05,0,"(0.4, 0.3, 0.3)",64,4,0,3.0,0.0,0.0,,0.01,0.01,0.001,0.3,,,,1.4333333333333333,91.73333333333333,0.4,5.152333333333333,[0.4897],20,"[2010, 2011, 2012, 2013, 2014, 2015, 2016, 2017, 2018, 2019, 2000, 2001, 2002, 2003, 2004, 2005, 2006, 2007, 2008, 2009, 2010, 2011, 2012, 2013, 2014, 2015, 2016, 2017, 2018, 2019]"
64,False,False,1e-05,1e-05,0,"(0.5, 0.2, 0.3)",64,2,0,3.0,0.0,0.0,,0.01,0.01,0.001,0.3,,,,1.3,83.2,0.4,4.3485,[0.6151],20,"[2000, 2001, 2002, 2003, 2004, 2005, 2006, 2007, 2008, 2009, 2010, 2011, 2012, 2013, 2014, 2015, 2016, 2017, 2018, 2019]"
64,False,False,1e-05,1e-05,0,"(0.5, 0.2, 0.3)",64,4,0,3.0,0.0,0.0,,0.01,0.01,0.001,0.3,,,,1.3,83.2,0.4,4.369,[0.6151],20,"[2000, 2001, 2002, 2003, 2004, 2005, 2006, 2007, 2008, 2009, 2010, 2011, 2012, 2013, 2014, 2015, 2016, 2017, 2018, 2019]"
64,False,False,1e-05,1e-05,0,"(0.6, 0.1, 0.3)",64,2,0,1.0,0.0,0.0,,0.01,0.01,0.001,0.3,,,,1.35,86.4,0.3,4.5344999999999995,[0.7106],20,"[2000, 2001, 2002, 2003, 2004, 2005, 2006, 2007, 2008, 2009, 2010, 2011, 2012, 2013, 2014, 2015, 2016, 2017, 2018, 2019]"
64,False,False,1e-05,1e-05,0,"(0.6, 0.1, 0.3)",64,2,0,2.0,0.0,0.0,,0.01,0.01,0.001,0.3,,,,1.3,83.2,0.4,4.273000000000001,[0.6756],20,"[2000, 2001, 2002, 2003, 2004, 2005, 2006, 2007, 2008, 2009, 2010, 2011, 2012, 2013, 2014, 2015, 2016, 2017, 2018, 2019]"
64,False,False,1e-05,1e-05,0,"(0.6, 0.1, 0.3)",64,2,0,3.0,0.0,0.0,,0.01,0.01,0.001,0.3,,,,1.3,83.2,0.4,4.3285,[0.6151],20,"[2000, 2001, 2002, 2003, 2004, 2005, 2006, 2007, 2008, 2009, 2010, 2011, 2012, 2013, 2014, 2015, 2016, 2017, 2018, 2019]"
64,False,False,1e-05,1e-05,0,"(0.6, 0.1, 0.3)",64,4,0,3.0,0.0,0.0,,0.01,0.01,0.001,0.3,,,,1.3,83.2,0.4,4.2855,[0.6151],20,"[2000, 2001, 2002, 2003, 2004, 2005, 2006, 2007, 2008, 2009, 2010, 2011, 2012, 2013, 2014, 2015, 2016, 2017, 2018, 2019]"
64,False,False,1e-05,1e-05,0,"(0.7, 0.3, 0.0)",64,2,0,3.0,0.0,0.0,,0.01,0.01,0.001,0.3,,,,1.45,92.8,0.2,4.863,[0.6151],20,"[2000, 2001, 2002, 2003, 2004, 2005, 2006, 2007, 2008, 2009, 2010, 2011, 2012, 2013, 2014, 2015, 2016, 2017, 2018, 2019]"
64,False,False,1e-05,1e-05,0,"(0.7, 0.3, 0.0)",64,4,0,3.0,0.0,0.0,,0.01,0.01,0.001,0.3,,,,1.6,102.4,0.3,5.4235,[0.6151],20,"[2000, 2001, 2002, 2003, 2004, 2005, 2006, 2007, 2008, 2009, 2010, 2011, 2012, 2013, 2014, 2015, 2016, 2017, 2018, 2019]"
64,False,False,1e-05,1e-05,0,"(1.0, 0.0, 0.0)",64,0,4,3.0,0.0,0.0,,0.01,0.01,0.001,0.3,,,,1.65,105.6,0.2,9.4825,[0.6151],20,"[2000, 2001, 2002, 2003, 2004, 2005, 2006, 2007, 2008, 2009, 2010, 2011, 2012, 2013, 2014, 2015, 2016, 2017, 2018, 2019]"
64,False,False,1e-05,1e-05,0,"(1.0, 0.0, 0.0)",64,4,0,3.0,0.0,0.0,,0.01,0.01,0.001,0.3,,,,1.3,83.2,0.2,6.733,[0.6151],20,"[2000, 2001, 2002, 2003, 2004, 2005, 2006, 2007, 2008, 2009, 2010, 2011, 2012, 2013, 2014, 2015, 2016, 2017, 2018, 2019]"
64,False,False,1e-05,1e-05,100,"(0.3, 0.3, 0.4)",64,2,0,3.0,0.0,0.0,,0.01,0.01,0.001,0.3,,,,1.35,86.4,0.3,4.474,[0.6717],20,"[2000, 2001, 2002, 2003, 2004, 2005, 2006, 2007, 2008, 2009, 2010, 2011, 2012, 2013, 2014, 2015, 2016, 2017, 2018, 2019]"
64,False,False,1e-05,1e-05,100,"(0.3, 0.3, 0.4)",64,4,0,3.0,0.0,0.0,,0.01,0.01,0.001,0.3,,,,1.3,83.2,0.25,4.33,[0.6717],20,"[2000, 2001, 2002, 2003, 2004, 2005, 2006, 2007, 2008, 2009, 2010, 2011, 2012, 2013, 2014, 2015, 2016, 2017, 2018, 2019]"
64,False,False,1e-05,1e-05,100,"(0.4, 0.3, 0.3)",64,2,0,3.0,0.0,0.0,,0.01,0.01,0.001,0.3,,,,1.3,83.2,0.35,4.289,[0.6717],20,"[2000, 2001, 2002, 2003, 2004, 2005, 2006, 2007, 2008, 2009, 2010, 2011, 2012, 2013, 2014, 2015, 2016, 2017, 2018, 2019]"
64,False,False,1e-05,1e-05,100,"(0.4, 0.3, 0.3)",64,4,0,2.0,0.01,0.05,,0.001,0.01,0.001,0.3,0.01,0.0,1000.0,1.3,83.2,0.35,5.384,[0.7143],20,"[2000, 2001, 2002, 2003, 2004, 2005, 2006, 2007, 2008, 2009, 2010, 2011, 2012, 2013, 2014, 2015, 2016, 2017, 2018, 2019]"
64,False,False,1e-05,1e-05,100,"(0.4, 0.3, 0.3)",64,4,0,2.0,0.01,0.05,,0.01,0.01,0.001,0.3,0.01,0.0,1000.0,1.25,80.0,0.3,5.1815,[0.7095],20,"[2000, 2001, 2002, 2003, 2004, 2005, 2006, 2007, 2008, 2009, 2010, 2011, 2012, 2013, 2014, 2015, 2016, 2017, 2018, 2019]"
64,False,False,1e-05,1e-05,100,"(0.4, 0.3, 0.3)",64,4,0,2.0,0.01,0.1,,0.001,0.01,0.001,0.3,0.01,0.0,1000.0,1.25,80.0,0.25,5.1715,[0.7132],20,"[2000, 2001, 2002, 2003, 2004, 2005, 2006, 2007, 2008, 2009, 2010, 2011, 2012, 2013, 2014, 2015, 2016, 2017, 2018, 2019]"
64,False,False,1e-05,1e-05,100,"(0.4, 0.3, 0.3)",64,4,0,2.0,0.01,0.1,,0.01,0.01,0.001,0.3,0.01,0.0,1000.0,1.25,80.0,0.25,5.14,[0.7102],20,"[2000, 2001, 2002, 2003, 2004, 2005, 2006, 2007, 2008, 2009, 2010, 2011, 2012, 2013, 2014, 2015, 2016, 2017, 2018, 2019]"
64,False,False,1e-05,1e-05,100,"(0.4, 0.3, 0.3)",64,4,0,2.0,0.1,0.05,,0.001,0.01,0.001,0.3,0.01,0.0,1000.0,1.4,89.6,0.4,5.810499999999999,[0.7125],20,"[2000, 2001, 2002, 2003, 2004, 2005, 2006, 2007, 2008, 2009, 2010, 2011, 2012, 2013, 2014, 2015, 2016, 2017, 2018, 2019]"
64,False,False,1e-05,1e-05,100,"(0.4, 0.3, 0.3)",64,4,0,2.0,0.1,0.05,,0.01,0.01,0.001,0.3,0.01,0.0,1000.0,1.35,86.4,0.45,5.5855,[0.7032],20,"[2000, 2001, 2002, 2003, 2004, 2005, 2006, 2007, 2008, 2009, 2010, 2011, 2012, 2013, 2014, 2015, 2016, 2017, 2018, 2019]"
64,False,False,1e-05,1e-05,100,"(0.4, 0.3, 0.3)",64,4,0,2.0,0.1,0.1,,0.001,0.01,0.001,0.3,0.01,0.0,1000.0,1.35,86.4,0.45,5.6,[0.7116],20,"[2000, 2001, 2002, 2003, 2004, 2005, 2006, 2007, 2008, 2009, 2010, 2011, 2012, 2013, 2014, 2015, 2016, 2017, 2018, 2019]"
64,False,False,1e-05,1e-05,100,"(0.4, 0.3, 0.3)",64,4,0,2.0,0.1,0.1,,0.01,0.01,0.001,0.3,0.01,0.0,1000.0,1.4,89.6,0.4,5.877000000000001,[0.7019],20,"[2000, 2001, 2002, 2003, 2004, 2005, 2006, 2007, 2008, 2009, 2010, 2011, 2012, 2013, 2014, 2015, 2016, 2017, 2018, 2019]"
64,False,False,1e-05,1e-05,100,"(0.4, 0.3, 0.3)",64,4,0,2.0,0.2,0.05,,0.001,0.01,0.001,0.3,0.01,0.0,1000.0,1.45,92.8,0.45,6.0495,[0.6843],20,"[2000, 2001, 2002, 2003, 2004, 2005, 2006, 2007, 2008, 2009, 2010, 2011, 2012, 2013, 2014, 2015, 2016, 2017, 2018, 2019]"
64,False,False,1e-05,1e-05,100,"(0.4, 0.3, 0.3)",64,4,0,2.0,0.2,0.05,,0.01,0.01,0.001,0.3,0.01,0.0,1000.0,1.4,89.6,0.4,5.842,[0.6715],20,"[2000, 2001, 2002, 2003, 2004, 2005, 2006, 2007, 2008, 2009, 2010, 2011, 2012, 2013, 2014, 2015, 2016, 2017, 2018, 2019]"
64,False,False,1e-05,1e-05,100,"(0.4, 0.3, 0.3)",64,4,0,2.0,0.2,0.1,,0.001,0.01,0.001,0.3,0.01,0.0,1000.0,1.35,86.4,0.4,5.604,[0.6845],20,"[2000, 2001, 2002, 2003, 2004, 2005, 2006, 2007, 2008, 2009, 2010, 2011, 2012, 2013, 2014, 2015, 2016, 2017, 2018, 2019]"
64,False,False,1e-05,1e-05,100,"(0.4, 0.3, 0.3)",64,4,0,2.0,0.2,0.1,,0.01,0.01,0.001,0.3,0.01,0.0,1000.0,1.3,83.2,0.4,5.3795,[0.6743],20,"[2000, 2001, 2002, 2003, 2004, 2005, 2006, 2007, 2008, 2009, 2010, 2011, 2012, 2013, 2014, 2015, 2016, 2017, 2018, 2019]"
64,False,False,1e-05,1e-05,100,"(0.4, 0.3, 0.3)",64,4,0,2.0,0.3,0.05,,0.001,0.01,0.001,0.3,0.01,0.0,1000.0,1.35,86.4,0.35,5.6185,[0.6505],20,"[2000, 2001, 2002, 2003, 2004, 2005, 2006, 2007, 2008, 2009, 2010, 2011, 2012, 2013, 2014, 2015, 2016, 2017, 2018, 2019]"
64,False,False,1e-05,1e-05,100,"(0.4, 0.3, 0.3)",64,4,0,2.0,0.3,0.05,,0.01,0.01,0.001,0.3,0.01,0.0,1000.0,1.4,89.6,0.45,5.8839999999999995,[0.6386],20,"[2000, 2001, 2002, 2003, 2004, 2005, 2006, 2007, 2008, 2009, 2010, 2011, 2012, 2013, 2014, 2015, 2016, 2017, 2018, 2019]"
64,False,False,1e-05,1e-05,100,"(0.4, 0.3, 0.3)",64,4,0,2.0,0.3,0.1,,0.001,0.01,0.001,0.3,0.01,0.0,1000.0,1.3,83.2,0.4,5.387,[0.6408],20,"[2000, 2001, 2002, 2003, 2004, 2005, 2006, 2007, 2008, 2009, 2010, 2011, 2012, 2013, 2014, 2015, 2016, 2017, 2018, 2019]"
64,False,False,1e-05,1e-05,100,"(0.4, 0.3, 0.3)",64,4,0,2.0,0.3,0.1,,0.01,0.01,0.001,0.3,0.01,0.0,1000.0,1.3,83.2,0.45,5.406000000000001,[0.6274],20,"[2000, 2001, 2002, 2003, 2004, 2005, 2006, 2007, 2008, 2009, 2010, 2011, 2012, 2013, 2014, 2015, 2016, 2017, 2018, 2019]"
64,False,False,1e-05,1e-05,100,"(0.4, 0.3, 0.3)",64,4,0,3.0,0.0,0.0,,0.01,0.01,0.001,0.3,,,,1.25,80.0,0.3,4.3965000000000005,[0.6717],20,"[2000, 2001, 2002, 2003, 2004, 2005, 2006, 2007, 2008, 2009, 2010, 2011, 2012, 2013, 2014, 2015, 2016, 2017, 2018, 2019]"
64,False,False,1e-05,1e-05,100,"(0.4, 0.3, 0.3)",64,4,0,3.0,0.01,0.05,,0.001,0.01,0.001,0.3,0.01,0.0,1000.0,1.4,89.6,0.45,5.7735,[0.6804],20,"[2000, 2001, 2002, 2003, 2004, 2005, 2006, 2007, 2008, 2009, 2010, 2011, 2012, 2013, 2014, 2015, 2016, 2017, 2018, 2019]"
64,False,False,1e-05,1e-05,100,"(0.4, 0.3, 0.3)",64,4,0,3.0,0.01,0.05,,0.01,0.01,0.001,0.3,0.01,0.0,1000.0,1.35,86.4,0.45,5.61,[0.6757],20,"[2000, 2001, 2002, 2003, 2004, 2005, 2006, 2007, 2008, 2009, 2010, 2011, 2012, 2013, 2014, 2015, 2016, 2017, 2018, 2019]"
64,False,False,1e-05,1e-05,100,"(0.4, 0.3, 0.3)",64,4,0,3.0,0.01,0.1,,0.001,0.01,0.001,0.3,0.01,0.0,1000.0,1.35,86.4,0.45,5.590999999999999,[0.6804],20,"[2000, 2001, 2002, 2003, 2004, 2005, 2006, 2007, 2008, 2009, 2010, 2011, 2012, 2013, 2014, 2015, 2016, 2017, 2018, 2019]"
64,False,False,1e-05,1e-05,100,"(0.4, 0.3, 0.3)",64,4,0,3.0,0.01,0.1,,0.01,0.01,0.001,0.3,0.01,0.0,1000.0,1.35,86.4,0.4,5.6659999999999995,[0.676],20,"[2000, 2001, 2002, 2003, 2004, 2005, 2006, 2007, 2008, 2009, 2010, 2011, 2012, 2013, 2014, 2015, 2016, 2017, 2018, 2019]"
64,False,False,1e-05,1e-05,100,"(0.4, 0.3, 0.3)",64,4,0,3.0,0.1,0.05,,0.001,0.01,0.001,0.3,0.01,0.0,1000.0,1.35,86.4,0.5,5.669,[0.6658],20,"[2000, 2001, 2002, 2003, 2004, 2005, 2006, 2007, 2008, 2009, 2010, 2011, 2012, 2013, 2014, 2015, 2016, 2017, 2018, 2019]"
64,False,False,1e-05,1e-05,100,"(0.4, 0.3, 0.3)",64,4,0,3.0,0.1,0.05,,0.01,0.01,0.001,0.3,0.01,0.0,1000.0,1.35,86.4,0.45,5.657500000000001,[0.6561],20,"[2000, 2001, 2002, 2003, 2004, 2005, 2006, 2007, 2008, 2009, 2010, 2011, 2012, 2013, 2014, 2015, 2016, 2017, 2018, 2019]"
64,False,False,1e-05,1e-05,100,"(0.4, 0.3, 0.3)",64,4,0,3.0,0.1,0.1,,0.001,0.01,0.001,0.3,0.01,0.0,1000.0,1.4,89.6,0.5,5.822,[0.6765],20,"[2000, 2001, 2002, 2003, 2004, 2005, 2006, 2007, 2008, 2009, 2010, 2011, 2012, 2013, 2014, 2015, 2016, 2017, 2018, 2019]"
64,False,False,1e-05,1e-05,100,"(0.4, 0.3, 0.3)",64,4,0,3.0,0.1,0.1,,0.01,0.01,0.001,0.3,0.01,0.0,1000.0,1.35,86.4,0.35,5.6665,[0.6613],20,"[2000, 2001, 2002, 2003, 2004, 2005, 2006, 2007, 2008, 2009, 2010, 2011, 2012, 2013, 2014, 2015, 2016, 2017, 2018, 2019]"
64,False,False,1e-05,1e-05,100,"(0.4, 0.3, 0.3)",64,4,0,3.0,0.2,0.05,,0.001,0.01,0.001,0.3,0.01,0.0,1000.0,1.45,92.8,0.45,6.061,[0.6092],20,"[2000, 2001, 2002, 2003, 2004, 2005, 2006, 2007, 2008, 2009, 2010, 2011, 2012, 2013, 2014, 2015, 2016, 2017, 2018, 2019]"
64,False,False,1e-05,1e-05,100,"(0.4, 0.3, 0.3)",64,4,0,3.0,0.2,0.05,,0.01,0.01,0.001,0.3,0.01,0.0,1000.0,1.4,89.6,0.4,5.816,[0.5891],20,"[2000, 2001, 2002, 2003, 2004, 2005, 2006, 2007, 2008, 2009, 2010, 2011, 2012, 2013, 2014, 2015, 2016, 2017, 2018, 2019]"
64,False,False,1e-05,1e-05,100,"(0.4, 0.3, 0.3)",64,4,0,3.0,0.2,0.1,,0.001,0.01,0.001,0.3,0.01,0.0,1000.0,1.4,89.6,0.4,5.904,[0.6339],20,"[2000, 2001, 2002, 2003, 2004, 2005, 2006, 2007, 2008, 2009, 2010, 2011, 2012, 2013, 2014, 2015, 2016, 2017, 2018, 2019]"
64,False,False,1e-05,1e-05,100,"(0.4, 0.3, 0.3)",64,4,0,3.0,0.2,0.1,,0.01,0.01,0.001,0.3,0.01,0.0,1000.0,1.35,86.4,0.35,5.6965,[0.6147],20,"[2000, 2001, 2002, 2003, 2004, 2005, 2006, 2007, 2008, 2009, 2010, 2011, 2012, 2013, 2014, 2015, 2016, 2017, 2018, 2019]"
64,False,False,1e-05,1e-05,100,"(0.4, 0.3, 0.3)",64,4,0,3.0,0.3,0.05,,0.001,0.01,0.001,0.3,0.01,0.0,1000.0,1.4,89.6,0.45,5.8309999999999995,[0.5269],20,"[2000, 2001, 2002, 2003, 2004, 2005, 2006, 2007, 2008, 2009, 2010, 2011, 2012, 2013, 2014, 2015, 2016, 2017, 2018, 2019]"
64,False,False,1e-05,1e-05,100,"(0.4, 0.3, 0.3)",64,4,0,3.0,0.3,0.05,,0.01,0.01,0.001,0.3,0.01,0.0,1000.0,1.4,89.6,0.4,5.875,[0.5048],20,"[2000, 2001, 2002, 2003, 2004, 2005, 2006, 2007, 2008, 2009, 2010, 2011, 2012, 2013, 2014, 2015, 2016, 2017, 2018, 2019]"
64,False,False,1e-05,1e-05,100,"(0.4, 0.3, 0.3)",64,4,0,3.0,0.3,0.1,,0.001,0.01,0.001,0.3,0.01,0.0,1000.0,1.3,83.2,0.25,5.4295,[0.5516],20,"[2000, 2001, 2002, 2003, 2004, 2005, 2006, 2007, 2008, 2009, 2010, 2011, 2012, 2013, 2014, 2015, 2016, 2017, 2018, 2019]"
64,False,False,1e-05,1e-05,100,"(0.4, 0.3, 0.3)",64,4,0,3.0,0.3,0.1,,0.01,0.01,0.001,0.3,0.01,0.0,1000.0,1.25,80.0,0.35,5.1964999999999995,[0.5258],20,"[2000, 2001, 2002, 2003, 2004, 2005, 2006, 2007, 2008, 2009, 2010, 2011, 2012, 2013, 2014, 2015, 2016, 2017, 2018, 2019]"
64,False,False,1e-05,1e-05,100,"(0.5, 0.2, 0.3)",64,2,0,3.0,0.0,0.0,,0.01,0.01,0.001,0.3,,,,1.3,83.2,0.35,4.238,[0.6717],20,"[2000, 2001, 2002, 2003, 2004, 2005, 2006, 2007, 2008, 2009, 2010, 2011, 2012, 2013, 2014, 2015, 2016, 2017, 2018, 2019]"
64,False,False,1e-05,1e-05,100,"(0.5, 0.2, 0.3)",64,4,0,2.0,0.01,0.05,,0.001,0.01,0.001,0.3,0.01,0.0,1000.0,1.25,80.0,0.3,5.1835,[0.7143],20,"[2000, 2001, 2002, 2003, 2004, 2005, 2006, 2007, 2008, 2009, 2010, 2011, 2012, 2013, 2014, 2015, 2016, 2017, 2018, 2019]"
64,False,False,1e-05,1e-05,100,"(0.5, 0.2, 0.3)",64,4,0,2.0,0.01,0.05,,0.01,0.01,0.001,0.3,0.01,0.0,1000.0,1.25,80.0,0.3,5.156000000000001,[0.7095],20,"[2000, 2001, 2002, 2003, 2004, 2005, 2006, 2007, 2008, 2009, 2010, 2011, 2012, 2013, 2014, 2015, 2016, 2017, 2018, 2019]"
64,False,False,1e-05,1e-05,100,"(0.5, 0.2, 0.3)",64,4,0,2.0,0.01,0.1,,0.001,0.01,0.001,0.3,0.01,0.0,1000.0,1.25,80.0,0.35,5.2425,[0.7132],20,"[2000, 2001, 2002, 2003, 2004, 2005, 2006, 2007, 2008, 2009, 2010, 2011, 2012, 2013, 2014, 2015, 2016, 2017, 2018, 2019]"
64,False,False,1e-05,1e-05,100,"(0.5, 0.2, 0.3)",64,4,0,2.0,0.01,0.1,,0.01,0.01,0.001,0.3,0.01,0.0,1000.0,1.25,80.0,0.3,5.2725,[0.7102],20,"[2000, 2001, 2002, 2003, 2004, 2005, 2006, 2007, 2008, 2009, 2010, 2011, 2012, 2013, 2014, 2015, 2016, 2017, 2018, 2019]"
64,False,False,1e-05,1e-05,100,"(0.5, 0.2, 0.3)",64,4,0,2.0,0.1,0.05,,0.001,0.01,0.001,0.3,0.01,0.0,1000.0,1.35,86.4,0.35,5.7225,[0.7125],20,"[2000, 2001, 2002, 2003, 2004, 2005, 2006, 2007, 2008, 2009, 2010, 2011, 2012, 2013, 2014, 2015, 2016, 2017, 2018, 2019]"
64,False,False,1e-05,1e-05,100,"(0.5, 0.2, 0.3)",64,4,0,2.0,0.1,0.05,,0.01,0.01,0.001,0.3,0.01,0.0,1000.0,1.25,80.0,0.3,5.133,[0.7032],20,"[2000, 2001, 2002, 2003, 2004, 2005, 2006, 2007, 2008, 2009, 2010, 2011, 2012, 2013, 2014, 2015, 2016, 2017, 2018, 2019]"
64,False,False,1e-05,1e-05,100,"(0.5, 0.2, 0.3)",64,4,0,2.0,0.1,0.1,,0.001,0.01,0.001,0.3,0.01,0.0,1000.0,1.3,83.2,0.35,5.471,[0.7116],20,"[2000, 2001, 2002, 2003, 2004, 2005, 2006, 2007, 2008, 2009, 2010, 2011, 2012, 2013, 2014, 2015, 2016, 2017, 2018, 2019]"
64,False,False,1e-05,1e-05,100,"(0.5, 0.2, 0.3)",64,4,0,2.0,0.1,0.1,,0.01,0.01,0.001,0.3,0.01,0.0,1000.0,1.3,83.2,0.3,5.4,[0.7019],20,"[2000, 2001, 2002, 2003, 2004, 2005, 2006, 2007, 2008, 2009, 2010, 2011, 2012, 2013, 2014, 2015, 2016, 2017, 2018, 2019]"
64,False,False,1e-05,1e-05,100,"(0.5, 0.2, 0.3)",64,4,0,2.0,0.2,0.05,,0.001,0.01,0.001,0.3,0.01,0.0,1000.0,1.35,86.4,0.35,5.6985,[0.6843],20,"[2000, 2001, 2002, 2003, 2004, 2005, 2006, 2007, 2008, 2009, 2010, 2011, 2012, 2013, 2014, 2015, 2016, 2017, 2018, 2019]"
64,False,False,1e-05,1e-05,100,"(0.5, 0.2, 0.3)",64,4,0,2.0,0.2,0.05,,0.01,0.01,0.001,0.3,0.01,0.0,1000.0,1.25,80.0,0.35,5.1915,[0.6715],20,"[2000, 2001, 2002, 2003, 2004, 2005, 2006, 2007, 2008, 2009, 2010, 2011, 2012, 2013, 2014, 2015, 2016, 2017, 2018, 2019]"
64,False,False,1e-05,1e-05,100,"(0.5, 0.2, 0.3)",64,4,0,2.0,0.2,0.1,,0.001,0.01,0.001,0.3,0.01,0.0,1000.0,1.35,86.4,0.45,5.6659999999999995,[0.6845],20,"[2000, 2001, 2002, 2003, 2004, 2005, 2006, 2007, 2008, 2009, 2010, 2011, 2012, 2013, 2014, 2015, 2016, 2017, 2018, 2019]"
64,False,False,1e-05,1e-05,100,"(0.5, 0.2, 0.3)",64,4,0,2.0,0.2,0.1,,0.01,0.01,0.001,0.3,0.01,0.0,1000.0,1.3,83.2,0.4,5.5009999999999994,[0.6743],20,"[2000, 2001, 2002, 2003, 2004, 2005, 2006, 2007, 2008, 2009, 2010, 2011, 2012, 2013, 2014, 2015, 2016, 2017, 2018, 2019]"
64,False,False,1e-05,1e-05,100,"(0.5, 0.2, 0.3)",64,4,0,2.0,0.3,0.05,,0.001,0.01,0.001,0.3,0.01,0.0,1000.0,1.3,83.2,0.35,5.412,[0.6505],20,"[2000, 2001, 2002, 2003, 2004, 2005, 2006, 2007, 2008, 2009, 2010, 2011, 2012, 2013, 2014, 2015, 2016, 2017, 2018, 2019]"
64,False,False,1e-05,1e-05,100,"(0.5, 0.2, 0.3)",64,4,0,2.0,0.3,0.05,,0.01,0.01,0.001,0.3,0.01,0.0,1000.0,1.25,80.0,0.3,5.2755,[0.6386],20,"[2000, 2001, 2002, 2003, 2004, 2005, 2006, 2007, 2008, 2009, 2010, 2011, 2012, 2013, 2014, 2015, 2016, 2017, 2018, 2019]"
64,False,False,1e-05,1e-05,100,"(0.5, 0.2, 0.3)",64,4,0,2.0,0.3,0.1,,0.001,0.01,0.001,0.3,0.01,0.0,1000.0,1.3,83.2,0.3,5.4784999999999995,[0.6408],20,"[2000, 2001, 2002, 2003, 2004, 2005, 2006, 2007, 2008, 2009, 2010, 2011, 2012, 2013, 2014, 2015, 2016, 2017, 2018, 2019]"
64,False,False,1e-05,1e-05,100,"(0.5, 0.2, 0.3)",64,4,0,2.0,0.3,0.1,,0.01,0.01,0.001,0.3,0.01,0.0,1000.0,1.3,83.2,0.4,5.39,[0.6274],20,"[2000, 2001, 2002, 2003, 2004, 2005, 2006, 2007, 2008, 2009, 2010, 2011, 2012, 2013, 2014, 2015, 2016, 2017, 2018, 2019]"
64,False,False,1e-05,1e-05,100,"(0.5, 0.2, 0.3)",64,4,0,3.0,0.0,0.0,,0.01,0.01,0.001,0.3,,,,1.25,80.0,0.3,4.2115,[0.6717],20,"[2000, 2001, 2002, 2003, 2004, 2005, 2006, 2007, 2008, 2009, 2010, 2011, 2012, 2013, 2014, 2015, 2016, 2017, 2018, 2019]"
64,False,False,1e-05,1e-05,100,"(0.5, 0.2, 0.3)",64,4,0,3.0,0.01,0.05,,0.001,0.01,0.001,0.3,0.01,0.0,1000.0,1.3,83.2,0.35,5.507,[0.6804],20,"[2000, 2001, 2002, 2003, 2004, 2005, 2006, 2007, 2008, 2009, 2010, 2011, 2012, 2013, 2014, 2015, 2016, 2017, 2018, 2019]"
64,False,False,1e-05,1e-05,100,"(0.5, 0.2, 0.3)",64,4,0,3.0,0.01,0.05,,0.01,0.01,0.001,0.3,0.01,0.0,1000.0,1.3,83.2,0.4,5.473000000000001,[0.6757],20,"[2000, 2001, 2002, 2003, 2004, 2005, 2006, 2007, 2008, 2009, 2010, 2011, 2012, 2013, 2014, 2015, 2016, 2017, 2018, 2019]"
64,False,False,1e-05,1e-05,100,"(0.5, 0.2, 0.3)",64,4,0,3.0,0.01,0.1,,0.001,0.01,0.001,0.3,0.01,0.0,1000.0,1.3,83.2,0.3,5.499499999999999,[0.6804],20,"[2000, 2001, 2002, 2003, 2004, 2005, 2006, 2007, 2008, 2009, 2010, 2011, 2012, 2013, 2014, 2015, 2016, 2017, 2018, 2019]"
64,False,False,1e-05,1e-05,100,"(0.5, 0.2, 0.3)",64,4,0,3.0,0.01,0.1,,0.01,0.01,0.001,0.3,0.01,0.0,1000.0,1.3,83.2,0.35,5.4445,[0.676],20,"[2000, 2001, 2002, 2003, 2004, 2005, 2006, 2007, 2008, 2009, 2010, 2011, 2012, 2013, 2014, 2015, 2016, 2017, 2018, 2019]"
64,False,False,1e-05,1e-05,100,"(0.5, 0.2, 0.3)",64,4,0,3.0,0.1,0.05,,0.001,0.01,0.001,0.3,0.01,0.0,1000.0,1.3,83.2,0.4,5.4635,[0.6658],20,"[2000, 2001, 2002, 2003, 2004, 2005, 2006, 2007, 2008, 2009, 2010, 2011, 2012, 2013, 2014, 2015, 2016, 2017, 2018, 2019]"
64,False,False,1e-05,1e-05,100,"(0.5, 0.2, 0.3)",64,4,0,3.0,0.1,0.05,,0.01,0.01,0.001,0.3,0.01,0.0,1000.0,1.3,83.2,0.35,5.380999999999999,[0.6561],20,"[2000, 2001, 2002, 2003, 2004, 2005, 2006, 2007, 2008, 2009, 2010, 2011, 2012, 2013, 2014, 2015, 2016, 2017, 2018, 2019]"
64,False,False,1e-05,1e-05,100,"(0.5, 0.2, 0.3)",64,4,0,3.0,0.1,0.1,,0.001,0.01,0.001,0.3,0.01,0.0,1000.0,1.35,86.4,0.4,5.685499999999999,[0.6765],20,"[2000, 2001, 2002, 2003, 2004, 2005, 2006, 2007, 2008, 2009, 2010, 2011, 2012, 2013, 2014, 2015, 2016, 2017, 2018, 2019]"
64,False,False,1e-05,1e-05,100,"(0.5, 0.2, 0.3)",64,4,0,3.0,0.1,0.1,,0.01,0.01,0.001,0.3,0.01,0.0,1000.0,1.3,83.2,0.3,5.367,[0.6613],20,"[2000, 2001, 2002, 2003, 2004, 2005, 2006, 2007, 2008, 2009, 2010, 2011, 2012, 2013, 2014, 2015, 2016, 2017, 2018, 2019]"
64,False,False,1e-05,1e-05,100,"(0.5, 0.2, 0.3)",64,4,0,3.0,0.2,0.05,,0.001,0.01,0.001,0.3,0.01,0.0,1000.0,1.3,83.2,0.4,5.3950000000000005,[0.6092],20,"[2000, 2001, 2002, 2003, 2004, 2005, 2006, 2007, 2008, 2009, 2010, 2011, 2012, 2013, 2014, 2015, 2016, 2017, 2018, 2019]"
64,False,False,1e-05,1e-05,100,"(0.5, 0.2, 0.3)",64,4,0,3.0,0.2,0.05,,0.01,0.01,0.001,0.3,0.01,0.0,1000.0,1.3,83.2,0.35,5.417,[0.5891],20,"[2000, 2001, 2002, 2003, 2004, 2005, 2006, 2007, 2008, 2009, 2010, 2011, 2012, 2013, 2014, 2015, 2016, 2017, 2018, 2019]"
64,False,False,1e-05,1e-05,100,"(0.5, 0.2, 0.3)",64,4,0,3.0,0.2,0.1,,0.001,0.01,0.001,0.3,0.01,0.0,1000.0,1.35,86.4,0.4,5.7204999999999995,[0.6339],20,"[2000, 2001, 2002, 2003, 2004, 2005, 2006, 2007, 2008, 2009, 2010, 2011, 2012, 2013, 2014, 2015, 2016, 2017, 2018, 2019]"
64,False,False,1e-05,1e-05,100,"(0.5, 0.2, 0.3)",64,4,0,3.0,0.2,0.1,,0.01,0.01,0.001,0.3,0.01,0.0,1000.0,1.3,83.2,0.35,5.4195,[0.6147],20,"[2000, 2001, 2002, 2003, 2004, 2005, 2006, 2007, 2008, 2009, 2010, 2011, 2012, 2013, 2014, 2015, 2016, 2017, 2018, 2019]"
64,False,False,1e-05,1e-05,100,"(0.5, 0.2, 0.3)",64,4,0,3.0,0.3,0.05,,0.001,0.01,0.001,0.3,0.01,0.0,1000.0,1.3,83.2,0.35,5.4985,[0.5269],20,"[2000, 2001, 2002, 2003, 2004, 2005, 2006, 2007, 2008, 2009, 2010, 2011, 2012, 2013, 2014, 2015, 2016, 2017, 2018, 2019]"
64,False,False,1e-05,1e-05,100,"(0.5, 0.2, 0.3)",64,4,0,3.0,0.3,0.05,,0.01,0.01,0.001,0.3,0.01,0.0,1000.0,1.3,83.2,0.35,5.358,[0.5048],20,"[2000, 2001, 2002, 2003, 2004, 2005, 2006, 2007, 2008, 2009, 2010, 2011, 2012, 2013, 2014, 2015, 2016, 2017, 2018, 2019]"
64,False,False,1e-05,1e-05,100,"(0.5, 0.2, 0.3)",64,4,0,3.0,0.3,0.1,,0.001,0.01,0.001,0.3,0.01,0.0,1000.0,1.3,83.2,0.35,5.3835,[0.5516],20,"[2000, 2001, 2002, 2003, 2004, 2005, 2006, 2007, 2008, 2009, 2010, 2011, 2012, 2013, 2014, 2015, 2016, 2017, 2018, 2019]"
64,False,False,1e-05,1e-05,100,"(0.5, 0.2, 0.3)",64,4,0,3.0,0.3,0.1,,0.01,0.01,0.001,0.3,0.01,0.0,1000.0,1.3,83.2,0.35,5.3340000000000005,[0.5258],20,"[2000, 2001, 2002, 2003, 2004, 2005, 2006, 2007, 2008, 2009, 2010, 2011, 2012, 2013, 2014, 2015, 2016, 2017, 2018, 2019]"
64,False,False,1e-05,1e-05,100,"(0.6, 0.1, 0.3)",64,2,0,1.0,0.0,0.0,,0.01,0.01,0.001,0.3,,,,1.4,89.6,0.4,4.774,[0.721],20,"[2000, 2001, 2002, 2003, 2004, 2005, 2006, 2007, 2008, 2009, 2010, 2011, 2012, 2013, 2014, 2015, 2016, 2017, 2018, 2019]"
64,False,False,1e-05,1e-05,100,"(0.6, 0.1, 0.3)",64,2,0,2.0,0.0,0.0,,0.01,0.01,0.001,0.3,,,,1.25,80.0,0.35,4.248,[0.7078],20,"[2000, 2001, 2002, 2003, 2004, 2005, 2006, 2007, 2008, 2009, 2010, 2011, 2012, 2013, 2014, 2015, 2016, 2017, 2018, 2019]"
64,False,False,1e-05,1e-05,100,"(0.6, 0.1, 0.3)",64,2,0,3.0,0.0,0.0,,0.01,0.01,0.001,0.3,,,,1.25,80.0,0.3,4.043,[0.6717],20,"[2000, 2001, 2002, 2003, 2004, 2005, 2006, 2007, 2008, 2009, 2010, 2011, 2012, 2013, 2014, 2015, 2016, 2017, 2018, 2019]"
64,False,False,1e-05,1e-05,100,"(0.6, 0.1, 0.3)",64,4,0,2.0,0.001,0.05,,0.01,0.01,0.001,0.3,,,,1.25,80.0,0.35,5.195,[0.708],20,"[2000, 2001, 2002, 2003, 2004, 2005, 2006, 2007, 2008, 2009, 2010, 2011, 2012, 2013, 2014, 2015, 2016, 2017, 2018, 2019]"
64,False,False,1e-05,1e-05,100,"(0.6, 0.1, 0.3)",64,4,0,2.0,0.001,0.1,,0.01,0.01,0.001,0.3,,,,1.25,80.0,0.35,5.1594999999999995,[0.7079],20,"[2000, 2001, 2002, 2003, 2004, 2005, 2006, 2007, 2008, 2009, 2010, 2011, 2012, 2013, 2014, 2015, 2016, 2017, 2018, 2019]"
64,False,False,1e-05,1e-05,100,"(0.6, 0.1, 0.3)",64,4,0,2.0,0.01,0.05,,0.001,0.01,0.001,0.3,0.01,0.0,1000.0,1.25,80.0,0.3,5.127,[0.7143],20,"[2000, 2001, 2002, 2003, 2004, 2005, 2006, 2007, 2008, 2009, 2010, 2011, 2012, 2013, 2014, 2015, 2016, 2017, 2018, 2019]"
64,False,False,1e-05,1e-05,100,"(0.6, 0.1, 0.3)",64,4,0,2.0,0.01,0.05,,0.01,0.01,0.001,0.3,0.01,0.0,1000.0,1.25,80.0,0.35,5.1965,[0.7095],20,"[2000, 2001, 2002, 2003, 2004, 2005, 2006, 2007, 2008, 2009, 2010, 2011, 2012, 2013, 2014, 2015, 2016, 2017, 2018, 2019]"
64,False,False,1e-05,1e-05,100,"(0.6, 0.1, 0.3)",64,4,0,2.0,0.01,0.05,,0.01,0.01,0.001,0.3,,,,1.25,80.0,0.35,5.1259999999999994,[0.7095],20,"[2000, 2001, 2002, 2003, 2004, 2005, 2006, 2007, 2008, 2009, 2010, 2011, 2012, 2013, 2014, 2015, 2016, 2017, 2018, 2019]"
64,False,False,1e-05,1e-05,100,"(0.6, 0.1, 0.3)",64,4,0,2.0,0.01,0.1,,0.001,0.01,0.001,0.3,0.01,0.0,1000.0,1.25,80.0,0.3,5.1845,[0.7132],20,"[2000, 2001, 2002, 2003, 2004, 2005, 2006, 2007, 2008, 2009, 2010, 2011, 2012, 2013, 2014, 2015, 2016, 2017, 2018, 2019]"
64,False,False,1e-05,1e-05,100,"(0.6, 0.1, 0.3)",64,4,0,2.0,0.01,0.1,,0.01,0.01,0.001,0.3,0.01,0.0,1000.0,1.25,80.0,0.35,5.204,[0.7102],20,"[2000, 2001, 2002, 2003, 2004, 2005, 2006, 2007, 2008, 2009, 2010, 2011, 2012, 2013, 2014, 2015, 2016, 2017, 2018, 2019]"
64,False,False,1e-05,1e-05,100,"(0.6, 0.1, 0.3)",64,4,0,2.0,0.01,0.1,,0.01,0.01,0.001,0.3,,,,1.25,80.0,0.35,5.125,[0.7102],20,"[2000, 2001, 2002, 2003, 2004, 2005, 2006, 2007, 2008, 2009, 2010, 2011, 2012, 2013, 2014, 2015, 2016, 2017, 2018, 2019]"
64,False,False,1e-05,1e-05,100,"(0.6, 0.1, 0.3)",64,4,0,2.0,0.05,0.05,,0.01,0.01,0.001,0.3,,,,1.25,80.0,0.3,5.128,[0.711],20,"[2000, 2001, 2002, 2003, 2004, 2005, 2006, 2007, 2008, 2009, 2010, 2011, 2012, 2013, 2014, 2015, 2016, 2017, 2018, 2019]"
64,False,False,1e-05,1e-05,100,"(0.6, 0.1, 0.3)",64,4,0,2.0,0.05,0.1,,0.01,0.01,0.001,0.3,,,,1.2,76.8,0.25,4.902,[0.7106],20,"[2000, 2001, 2002, 2003, 2004, 2005, 2006, 2007, 2008, 2009, 2010, 2011, 2012, 2013, 2014, 2015, 2016, 2017, 2018, 2019]"
64,False,False,1e-05,1e-05,100,"(0.6, 0.1, 0.3)",64,4,0,2.0,0.1,0.05,,0.001,0.01,0.001,0.3,0.01,0.0,1000.0,1.3,83.2,0.3,5.4045000000000005,[0.7125],20,"[2000, 2001, 2002, 2003, 2004, 2005, 2006, 2007, 2008, 2009, 2010, 2011, 2012, 2013, 2014, 2015, 2016, 2017, 2018, 2019]"
64,False,False,1e-05,1e-05,100,"(0.6, 0.1, 0.3)",64,4,0,2.0,0.1,0.05,,0.01,0.01,0.001,0.3,0.01,0.0,1000.0,1.25,80.0,0.3,5.2055,[0.7032],20,"[2000, 2001, 2002, 2003, 2004, 2005, 2006, 2007, 2008, 2009, 2010, 2011, 2012, 2013, 2014, 2015, 2016, 2017, 2018, 2019]"
64,False,False,1e-05,1e-05,100,"(0.6, 0.1, 0.3)",64,4,0,2.0,0.1,0.05,,0.01,0.01,0.001,0.3,,,,1.25,80.0,0.3,5.124499999999999,[0.7032],20,"[2000, 2001, 2002, 2003, 2004, 2005, 2006, 2007, 2008, 2009, 2010, 2011, 2012, 2013, 2014, 2015, 2016, 2017, 2018, 2019]"
64,False,False,1e-05,1e-05,100,"(0.6, 0.1, 0.3)",64,4,0,2.0,0.1,0.1,,0.001,0.01,0.001,0.3,0.01,0.0,1000.0,1.2,76.8,0.25,4.9235,[0.7116],20,"[2000, 2001, 2002, 2003, 2004, 2005, 2006, 2007, 2008, 2009, 2010, 2011, 2012, 2013, 2014, 2015, 2016, 2017, 2018, 2019]"
64,False,False,1e-05,1e-05,100,"(0.6, 0.1, 0.3)",64,4,0,2.0,0.1,0.1,,0.01,0.01,0.001,0.3,0.01,0.0,1000.0,1.25,80.0,0.25,5.1635,[0.7019],20,"[2000, 2001, 2002, 2003, 2004, 2005, 2006, 2007, 2008, 2009, 2010, 2011, 2012, 2013, 2014, 2015, 2016, 2017, 2018, 2019]"
64,False,False,1e-05,1e-05,100,"(0.6, 0.1, 0.3)",64,4,0,2.0,0.1,0.1,,0.01,0.01,0.001,0.3,,,,1.25,80.0,0.25,5.118,[0.7019],20,"[2000, 2001, 2002, 2003, 2004, 2005, 2006, 2007, 2008, 2009, 2010, 2011, 2012, 2013, 2014, 2015, 2016, 2017, 2018, 2019]"
64,False,False,1e-05,1e-05,100,"(0.6, 0.1, 0.3)",64,4,0,2.0,0.2,0.05,,0.001,0.01,0.001,0.3,0.01,0.0,1000.0,1.3,83.2,0.35,5.3815,[0.6843],20,"[2000, 2001, 2002, 2003, 2004, 2005, 2006, 2007, 2008, 2009, 2010, 2011, 2012, 2013, 2014, 2015, 2016, 2017, 2018, 2019]"
64,False,False,1e-05,1e-05,100,"(0.6, 0.1, 0.3)",64,4,0,2.0,0.2,0.05,,0.01,0.01,0.001,0.3,0.01,0.0,1000.0,1.25,80.0,0.35,5.1579999999999995,[0.6715],20,"[2000, 2001, 2002, 2003, 2004, 2005, 2006, 2007, 2008, 2009, 2010, 2011, 2012, 2013, 2014, 2015, 2016, 2017, 2018, 2019]"
64,False,False,1e-05,1e-05,100,"(0.6, 0.1, 0.3)",64,4,0,2.0,0.2,0.1,,0.001,0.01,0.001,0.3,0.01,0.0,1000.0,1.3,83.2,0.4,5.388,[0.6845],20,"[2000, 2001, 2002, 2003, 2004, 2005, 2006, 2007, 2008, 2009, 2010, 2011, 2012, 2013, 2014, 2015, 2016, 2017, 2018, 2019]"
64,False,False,1e-05,1e-05,100,"(0.6, 0.1, 0.3)",64,4,0,2.0,0.2,0.1,,0.01,0.01,0.001,0.3,0.01,0.0,1000.0,1.2,76.8,0.35,4.922,[0.6743],20,"[2000, 2001, 2002, 2003, 2004, 2005, 2006, 2007, 2008, 2009, 2010, 2011, 2012, 2013, 2014, 2015, 2016, 2017, 2018, 2019]"
64,False,False,1e-05,1e-05,100,"(0.6, 0.1, 0.3)",64,4,0,2.0,0.3,0.05,,0.001,0.01,0.001,0.3,0.01,0.0,1000.0,1.3,83.2,0.3,5.414,[0.6505],20,"[2000, 2001, 2002, 2003, 2004, 2005, 2006, 2007, 2008, 2009, 2010, 2011, 2012, 2013, 2014, 2015, 2016, 2017, 2018, 2019]"
64,False,False,1e-05,1e-05,100,"(0.6, 0.1, 0.3)",64,4,0,2.0,0.3,0.05,,0.01,0.01,0.001,0.3,0.01,0.0,1000.0,1.25,80.0,0.3,5.2135,[0.6386],20,"[2000, 2001, 2002, 2003, 2004, 2005, 2006, 2007, 2008, 2009, 2010, 2011, 2012, 2013, 2014, 2015, 2016, 2017, 2018, 2019]"
64,False,False,1e-05,1e-05,100,"(0.6, 0.1, 0.3)",64,4,0,2.0,0.3,0.1,,0.001,0.01,0.001,0.3,0.01,0.0,1000.0,1.2,76.8,0.3,4.957,[0.6408],20,"[2000, 2001, 2002, 2003, 2004, 2005, 2006, 2007, 2008, 2009, 2010, 2011, 2012, 2013, 2014, 2015, 2016, 2017, 2018, 2019]"
64,False,False,1e-05,1e-05,100,"(0.6, 0.1, 0.3)",64,4,0,2.0,0.3,0.1,,0.01,0.01,0.001,0.3,0.01,0.0,1000.0,1.2,76.8,0.35,5.017,[0.6274],20,"[2000, 2001, 2002, 2003, 2004, 2005, 2006, 2007, 2008, 2009, 2010, 2011, 2012, 2013, 2014, 2015, 2016, 2017, 2018, 2019]"
64,False,False,1e-05,1e-05,100,"(0.6, 0.1, 0.3)",64,4,0,3.0,0.0,0.0,,0.01,0.01,0.001,0.3,,,,1.25,80.0,0.35,4.0915,[0.6717],20,"[2000, 2001, 2002, 2003, 2004, 2005, 2006, 2007, 2008, 2009, 2010, 2011, 2012, 2013, 2014, 2015, 2016, 2017, 2018, 2019]"
64,False,False,1e-05,1e-05,100,"(0.6, 0.1, 0.3)",64,4,0,3.0,0.001,0.05,,0.01,0.01,0.001,0.3,,,,1.2,76.8,0.3,4.907,[0.673],20,"[2000, 2001, 2002, 2003, 2004, 2005, 2006, 2007, 2008, 2009, 2010, 2011, 2012, 2013, 2014, 2015, 2016, 2017, 2018, 2019]"
64,False,False,1e-05,1e-05,100,"(0.6, 0.1, 0.3)",64,4,0,3.0,0.001,0.1,,0.01,0.01,0.001,0.3,,,,1.25,80.0,0.35,5.1655,[0.6732],20,"[2000, 2001, 2002, 2003, 2004, 2005, 2006, 2007, 2008, 2009, 2010, 2011, 2012, 2013, 2014, 2015, 2016, 2017, 2018, 2019]"
64,False,False,1e-05,1e-05,100,"(0.6, 0.1, 0.3)",64,4,0,3.0,0.01,0.05,,0.001,0.01,0.001,0.3,0.01,0.0,1000.0,1.2,76.8,0.25,4.9865,[0.6804],20,"[2000, 2001, 2002, 2003, 2004, 2005, 2006, 2007, 2008, 2009, 2010, 2011, 2012, 2013, 2014, 2015, 2016, 2017, 2018, 2019]"
64,False,False,1e-05,1e-05,100,"(0.6, 0.1, 0.3)",64,4,0,3.0,0.01,0.05,,0.01,0.01,0.001,0.3,0.01,0.0,1000.0,1.25,80.0,0.35,5.1745,[0.6757],20,"[2000, 2001, 2002, 2003, 2004, 2005, 2006, 2007, 2008, 2009, 2010, 2011, 2012, 2013, 2014, 2015, 2016, 2017, 2018, 2019]"
64,False,False,1e-05,1e-05,100,"(0.6, 0.1, 0.3)",64,4,0,3.0,0.01,0.05,,0.01,0.01,0.001,0.3,,,,1.25,80.0,0.35,5.2284999999999995,[0.6757],20,"[2000, 2001, 2002, 2003, 2004, 2005, 2006, 2007, 2008, 2009, 2010, 2011, 2012, 2013, 2014, 2015, 2016, 2017, 2018, 2019]"
64,False,False,1e-05,1e-05,100,"(0.6, 0.1, 0.3)",64,4,0,3.0,0.01,0.1,,0.001,0.01,0.001,0.3,0.01,0.0,1000.0,1.2,76.8,0.25,4.9655000000000005,[0.6804],20,"[2000, 2001, 2002, 2003, 2004, 2005, 2006, 2007, 2008, 2009, 2010, 2011, 2012, 2013, 2014, 2015, 2016, 2017, 2018, 2019]"
64,False,False,1e-05,1e-05,100,"(0.6, 0.1, 0.3)",64,4,0,3.0,0.01,0.1,,0.01,0.01,0.001,0.3,0.01,0.0,1000.0,1.3,83.2,0.4,5.367,[0.676],20,"[2000, 2001, 2002, 2003, 2004, 2005, 2006, 2007, 2008, 2009, 2010, 2011, 2012, 2013, 2014, 2015, 2016, 2017, 2018, 2019]"
64,False,False,1e-05,1e-05,100,"(0.6, 0.1, 0.3)",64,4,0,3.0,0.01,0.1,,0.01,0.01,0.001,0.3,,,,1.3,83.2,0.4,5.339,[0.676],20,"[2000, 2001, 2002, 2003, 2004, 2005, 2006, 2007, 2008, 2009, 2010, 2011, 2012, 2013, 2014, 2015, 2016, 2017, 2018, 2019]"
64,False,False,1e-05,1e-05,100,"(0.6, 0.1, 0.3)",64,4,0,3.0,0.05,0.05,,0.01,0.01,0.001,0.3,,,,1.25,80.0,0.3,5.129,[0.6731],20,"[2000, 2001, 2002, 2003, 2004, 2005, 2006, 2007, 2008, 2009, 2010, 2011, 2012, 2013, 2014, 2015, 2016, 2017, 2018, 2019]"
64,False,False,1e-05,1e-05,100,"(0.6, 0.1, 0.3)",64,4,0,3.0,0.05,0.1,,0.01,0.01,0.001,0.3,,,,1.3,83.2,0.3,5.4704999999999995,[0.676],20,"[2000, 2001, 2002, 2003, 2004, 2005, 2006, 2007, 2008, 2009, 2010, 2011, 2012, 2013, 2014, 2015, 2016, 2017, 2018, 2019]"
64,False,False,1e-05,1e-05,100,"(0.6, 0.1, 0.3)",64,4,0,3.0,0.1,0.05,,0.001,0.01,0.001,0.3,0.01,0.0,1000.0,1.25,80.0,0.35,5.224,[0.6658],20,"[2000, 2001, 2002, 2003, 2004, 2005, 2006, 2007, 2008, 2009, 2010, 2011, 2012, 2013, 2014, 2015, 2016, 2017, 2018, 2019]"
64,False,False,1e-05,1e-05,100,"(0.6, 0.1, 0.3)",64,4,0,3.0,0.1,0.05,,0.01,0.01,0.001,0.3,0.01,0.0,1000.0,1.25,80.0,0.3,5.136,[0.6561],20,"[2000, 2001, 2002, 2003, 2004, 2005, 2006, 2007, 2008, 2009, 2010, 2011, 2012, 2013, 2014, 2015, 2016, 2017, 2018, 2019]"
64,False,False,1e-05,1e-05,100,"(0.6, 0.1, 0.3)",64,4,0,3.0,0.1,0.05,,0.01,0.01,0.001,0.3,,,,1.25,80.0,0.3,5.194,[0.6561],20,"[2000, 2001, 2002, 2003, 2004, 2005, 2006, 2007, 2008, 2009, 2010, 2011, 2012, 2013, 2014, 2015, 2016, 2017, 2018, 2019]"
64,False,False,1e-05,1e-05,100,"(0.6, 0.1, 0.3)",64,4,0,3.0,0.1,0.1,,0.001,0.01,0.001,0.3,0.01,0.0,1000.0,1.3,83.2,0.3,5.3945,[0.6765],20,"[2000, 2001, 2002, 2003, 2004, 2005, 2006, 2007, 2008, 2009, 2010, 2011, 2012, 2013, 2014, 2015, 2016, 2017, 2018, 2019]"
64,False,False,1e-05,1e-05,100,"(0.6, 0.1, 0.3)",64,4,0,3.0,0.1,0.1,,0.01,0.01,0.001,0.3,0.01,0.0,1000.0,1.25,80.0,0.25,5.2355,[0.6613],20,"[2000, 2001, 2002, 2003, 2004, 2005, 2006, 2007, 2008, 2009, 2010, 2011, 2012, 2013, 2014, 2015, 2016, 2017, 2018, 2019]"
64,False,False,1e-05,1e-05,100,"(0.6, 0.1, 0.3)",64,4,0,3.0,0.1,0.1,,0.01,0.01,0.001,0.3,,,,1.25,80.0,0.25,5.1985,[0.6613],20,"[2000, 2001, 2002, 2003, 2004, 2005, 2006, 2007, 2008, 2009, 2010, 2011, 2012, 2013, 2014, 2015, 2016, 2017, 2018, 2019]"
64,False,False,1e-05,1e-05,100,"(0.6, 0.1, 0.3)",64,4,0,3.0,0.2,0.05,,0.001,0.01,0.001,0.3,0.01,0.0,1000.0,1.3,83.2,0.35,5.4305,[0.6092],20,"[2000, 2001, 2002, 2003, 2004, 2005, 2006, 2007, 2008, 2009, 2010, 2011, 2012, 2013, 2014, 2015, 2016, 2017, 2018, 2019]"
64,False,False,1e-05,1e-05,100,"(0.6, 0.1, 0.3)",64,4,0,3.0,0.2,0.05,,0.01,0.01,0.001,0.3,0.01,0.0,1000.0,1.25,80.0,0.3,5.229,[0.5891],20,"[2000, 2001, 2002, 2003, 2004, 2005, 2006, 2007, 2008, 2009, 2010, 2011, 2012, 2013, 2014, 2015, 2016, 2017, 2018, 2019]"
64,False,False,1e-05,1e-05,100,"(0.6, 0.1, 0.3)",64,4,0,3.0,0.2,0.1,,0.001,0.01,0.001,0.3,0.01,0.0,1000.0,1.3,83.2,0.35,5.3915,[0.6339],20,"[2000, 2001, 2002, 2003, 2004, 2005, 2006, 2007, 2008, 2009, 2010, 2011, 2012, 2013, 2014, 2015, 2016, 2017, 2018, 2019]"
64,False,False,1e-05,1e-05,100,"(0.6, 0.1, 0.3)",64,4,0,3.0,0.2,0.1,,0.01,0.01,0.001,0.3,0.01,0.0,1000.0,1.25,80.0,0.3,5.1585,[0.6147],20,"[2000, 2001, 2002, 2003, 2004, 2005, 2006, 2007, 2008, 2009, 2010, 2011, 2012, 2013, 2014, 2015, 2016, 2017, 2018, 2019]"
64,False,False,1e-05,1e-05,100,"(0.6, 0.1, 0.3)",64,4,0,3.0,0.3,0.05,,0.001,0.01,0.001,0.3,0.01,0.0,1000.0,1.25,80.0,0.3,5.1545,[0.5269],20,"[2000, 2001, 2002, 2003, 2004, 2005, 2006, 2007, 2008, 2009, 2010, 2011, 2012, 2013, 2014, 2015, 2016, 2017, 2018, 2019]"
64,False,False,1e-05,1e-05,100,"(0.6, 0.1, 0.3)",64,4,0,3.0,0.3,0.05,,0.01,0.01,0.001,0.3,0.01,0.0,1000.0,1.2,76.8,0.25,4.914499999999999,[0.5048],20,"[2000, 2001, 2002, 2003, 2004, 2005, 2006, 2007, 2008, 2009, 2010, 2011, 2012, 2013, 2014, 2015, 2016, 2017, 2018, 2019]"
64,False,False,1e-05,1e-05,100,"(0.6, 0.1, 0.3)",64,4,0,3.0,0.3,0.1,,0.001,0.01,0.001,0.3,0.01,0.0,1000.0,1.25,80.0,0.35,5.16,[0.5516],20,"[2000, 2001, 2002, 2003, 2004, 2005, 2006, 2007, 2008, 2009, 2010, 2011, 2012, 2013, 2014, 2015, 2016, 2017, 2018, 2019]"
64,False,False,1e-05,1e-05,100,"(0.6, 0.1, 0.3)",64,4,0,3.0,0.3,0.1,,0.01,0.01,0.001,0.3,0.01,0.0,1000.0,1.25,80.0,0.35,5.173,[0.5258],20,"[2000, 2001, 2002, 2003, 2004, 2005, 2006, 2007, 2008, 2009, 2010, 2011, 2012, 2013, 2014, 2015, 2016, 2017, 2018, 2019]"
64,False,False,1e-05,1e-05,100,"(0.7, 0.3, 0.0)",64,2,0,3.0,0.0,0.0,,0.01,0.01,0.001,0.3,,,,1.3,83.2,0.15,4.218999999999999,[0.6717],20,"[2000, 2001, 2002, 2003, 2004, 2005, 2006, 2007, 2008, 2009, 2010, 2011, 2012, 2013, 2014, 2015, 2016, 2017, 2018, 2019]"
64,False,False,1e-05,1e-05,100,"(0.7, 0.3, 0.0)",64,4,0,3.0,0.0,0.0,,0.01,0.01,0.001,0.3,,,,1.35,86.4,0.2,4.4435,[0.6717],20,"[2000, 2001, 2002, 2003, 2004, 2005, 2006, 2007, 2008, 2009, 2010, 2011, 2012, 2013, 2014, 2015, 2016, 2017, 2018, 2019]"
64,False,False,1e-05,1e-05,100,"(1.0, 0.0, 0.0)",64,0,4,3.0,0.0,0.0,,0.01,0.01,0.001,0.3,,,,1.4,89.6,0.15,7.3245000000000005,[0.6717],20,"[2000, 2001, 2002, 2003, 2004, 2005, 2006, 2007, 2008, 2009, 2010, 2011, 2012, 2013, 2014, 2015, 2016, 2017, 2018, 2019]"
64,False,False,1e-05,1e-05,200,"(0.3, 0.3, 0.4)",64,2,0,3.0,0.0,0.0,,0.01,0.01,0.001,0.3,,,,1.3,83.2,0.3,4.2935,[0.6877],20,"[2000, 2001, 2002, 2003, 2004, 2005, 2006, 2007, 2008, 2009, 2010, 2011, 2012, 2013, 2014, 2015, 2016, 2017, 2018, 2019]"
64,False,False,1e-05,1e-05,200,"(0.3, 0.3, 0.4)",64,4,0,3.0,0.0,0.0,,0.01,0.01,0.001,0.3,,,,1.35,86.4,0.25,4.414499999999999,[0.6877],20,"[2000, 2001, 2002, 2003, 2004, 2005, 2006, 2007, 2008, 2009, 2010, 2011, 2012, 2013, 2014, 2015, 2016, 2017, 2018, 2019]"
64,False,False,1e-05,1e-05,200,"(0.4, 0.3, 0.3)",64,2,0,3.0,0.0,0.0,,0.01,0.01,0.001,0.3,,,,1.25,80.0,0.3,4.1335,[0.6877],20,"[2000, 2001, 2002, 2003, 2004, 2005, 2006, 2007, 2008, 2009, 2010, 2011, 2012, 2013, 2014, 2015, 2016, 2017, 2018, 2019]"
64,False,False,1e-05,1e-05,200,"(0.4, 0.3, 0.3)",64,4,0,3.0,0.0,0.0,,0.01,0.01,0.001,0.3,,,,1.3,83.2,0.35,4.5655,[0.6877],20,"[2000, 2001, 2002, 2003, 2004, 2005, 2006, 2007, 2008, 2009, 2010, 2011, 2012, 2013, 2014, 2015, 2016, 2017, 2018, 2019]"
64,False,False,1e-05,1e-05,200,"(0.5, 0.2, 0.3)",64,2,0,3.0,0.0,0.0,,0.01,0.01,0.001,0.3,,,,1.25,80.0,0.3,4.205,[0.6877],20,"[2000, 2001, 2002, 2003, 2004, 2005, 2006, 2007, 2008, 2009, 2010, 2011, 2012, 2013, 2014, 2015, 2016, 2017, 2018, 2019]"
64,False,False,1e-05,1e-05,200,"(0.5, 0.2, 0.3)",64,4,0,3.0,0.0,0.0,,0.01,0.01,0.001,0.3,,,,1.3,83.2,0.35,4.301,[0.6877],20,"[2000, 2001, 2002, 2003, 2004, 2005, 2006, 2007, 2008, 2009, 2010, 2011, 2012, 2013, 2014, 2015, 2016, 2017, 2018, 2019]"
64,False,False,1e-05,1e-05,200,"(0.6, 0.1, 0.3)",64,2,0,1.0,0.0,0.0,,0.01,0.01,0.001,0.3,,,,1.35,86.4,0.25,4.4805,[0.7253],20,"[2000, 2001, 2002, 2003, 2004, 2005, 2006, 2007, 2008, 2009, 2010, 2011, 2012, 2013, 2014, 2015, 2016, 2017, 2018, 2019]"
64,False,False,1e-05,1e-05,200,"(0.6, 0.1, 0.3)",64,2,0,2.0,0.0,0.0,,0.01,0.01,0.001,0.3,,,,1.3,83.2,0.35,4.29125,[0.7138],20,"[2000, 2001, 2002, 2003, 2004, 2005, 2006, 2007, 2008, 2009, 2010, 2011, 2012, 2013, 2014, 2015, 2016, 2017, 2018, 2019, 2000, 2001, 2002, 2003, 2004, 2005, 2006, 2007, 2008, 2009, 2010, 2011, 2012, 2013, 2014, 2015, 2016, 2017, 2018, 2019]"
64,False,False,1e-05,1e-05,200,"(0.6, 0.1, 0.3)",64,2,0,3.0,0.0,0.0,,0.01,0.01,0.001,0.3,,,,1.2,76.8,0.3,3.9515000000000002,[0.6877],20,"[2000, 2001, 2002, 2003, 2004, 2005, 2006, 2007, 2008, 2009, 2010, 2011, 2012, 2013, 2014, 2015, 2016, 2017, 2018, 2019]"
64,False,False,1e-05,1e-05,200,"(0.6, 0.1, 0.3)",64,4,0,3.0,0.0,0.0,,0.01,0.01,0.001,0.3,,,,1.25,80.0,0.35,4.0455,[0.6877],20,"[2000, 2001, 2002, 2003, 2004, 2005, 2006, 2007, 2008, 2009, 2010, 2011, 2012, 2013, 2014, 2015, 2016, 2017, 2018, 2019]"
64,False,False,1e-05,1e-05,200,"(0.7, 0.3, 0.0)",64,2,0,3.0,0.0,0.0,,0.01,0.01,0.001,0.3,,,,1.6,102.4,0.2,5.5055,[0.6877],20,"[2000, 2001, 2002, 2003, 2004, 2005, 2006, 2007, 2008, 2009, 2010, 2011, 2012, 2013, 2014, 2015, 2016, 2017, 2018, 2019]"
64,False,False,1e-05,1e-05,200,"(0.7, 0.3, 0.0)",64,4,0,3.0,0.0,0.0,,0.01,0.01,0.001,0.3,,,,1.4,89.6,0.2,4.601,[0.6877],20,"[2000, 2001, 2002, 2003, 2004, 2005, 2006, 2007, 2008, 2009, 2010, 2011, 2012, 2013, 2014, 2015, 2016, 2017, 2018, 2019]"
64,False,False,1e-05,1e-05,200,"(1.0, 0.0, 0.0)",64,0,4,3.0,0.0,0.0,,0.01,0.01,0.001,0.3,,,,1.3,83.2,0.15,7.236,[0.6877],20,"[2000, 2001, 2002, 2003, 2004, 2005, 2006, 2007, 2008, 2009, 2010, 2011, 2012, 2013, 2014, 2015, 2016, 2017, 2018, 2019]"
64,False,False,1e-05,1e-05,200,"(1.0, 0.0, 0.0)",64,4,0,3.0,0.0,0.0,,0.01,0.01,0.001,0.3,,,,1.3,83.2,0.15,6.714499999999999,[0.6877],20,"[2000, 2001, 2002, 2003, 2004, 2005, 2006, 2007, 2008, 2009, 2010, 2011, 2012, 2013, 2014, 2015, 2016, 2017, 2018, 2019]"
64,False,False,1e-05,1e-05,300,"(0.4, 0.3, 0.3)",64,4,0,3.0,0.0,0.0,,0.01,0.01,0.001,0.3,,,,1.35,86.4,0.35,4.747,[0.6945],20,"[2000, 2001, 2002, 2003, 2004, 2005, 2006, 2007, 2008, 2009, 2010, 2011, 2012, 2013, 2014, 2015, 2016, 2017, 2018, 2019]"
64,False,False,1e-05,1e-05,300,"(0.6, 0.1, 0.3)",64,2,0,1.0,0.0,0.0,,0.01,0.01,0.001,0.3,,,,1.4,89.6,0.25,4.7375,[0.7218],20,"[2000, 2001, 2002, 2003, 2004, 2005, 2006, 2007, 2008, 2009, 2010, 2011, 2012, 2013, 2014, 2015, 2016, 2017, 2018, 2019]"
64,False,False,1e-05,1e-05,300,"(0.6, 0.1, 0.3)",64,2,0,2.0,0.0,0.0,,0.01,0.01,0.001,0.3,,,,1.25,80.0,0.3,4.157,[0.7149],20,"[2000, 2001, 2002, 2003, 2004, 2005, 2006, 2007, 2008, 2009, 2010, 2011, 2012, 2013, 2014, 2015, 2016, 2017, 2018, 2019]"
64,False,False,1e-05,1e-05,300,"(1.0, 0.0, 0.0)",64,0,4,3.0,0.0,0.0,,0.01,0.01,0.001,0.3,,,,1.35,86.4,0.15,6.8870000000000005,[0.6945],20,"[2000, 2001, 2002, 2003, 2004, 2005, 2006, 2007, 2008, 2009, 2010, 2011, 2012, 2013, 2014, 2015, 2016, 2017, 2018, 2019]"
64,False,False,1e-05,1e-05,300,"(1.0, 0.0, 0.0)",64,4,0,3.0,0.0,0.0,,0.01,0.01,0.001,0.3,,,,1.25,80.0,0.2,6.411499999999999,[0.6945],20,"[2000, 2001, 2002, 2003, 2004, 2005, 2006, 2007, 2008, 2009, 2010, 2011, 2012, 2013, 2014, 2015, 2016, 2017, 2018, 2019]"
64,False,False,1e-05,1e-05,400,"(0.4, 0.3, 0.3)",64,4,0,3.0,0.0,0.0,,0.01,0.01,0.001,0.3,,,,1.25,80.0,0.25,4.4335,[0.697],20,"[2000, 2001, 2002, 2003, 2004, 2005, 2006, 2007, 2008, 2009, 2010, 2011, 2012, 2013, 2014, 2015, 2016, 2017, 2018, 2019]"
64,False,False,1e-05,1e-05,500,"(0.4, 0.3, 0.3)",64,4,0,3.0,0.0,0.0,,0.01,0.01,0.001,0.3,,,,1.3,83.2,0.3,4.6475,[0.7001],20,"[2000, 2001, 2002, 2003, 2004, 2005, 2006, 2007, 2008, 2009, 2010, 2011, 2012, 2013, 2014, 2015, 2016, 2017, 2018, 2019]"
64,False,False,1e-05,0.0001,0,"(0.3, 0.3, 0.4)",64,2,0,3.0,0.0,0.0,,0.01,0.01,0.001,0.3,,,,1.4,89.6,0.25,4.5965,[0.6977],20,"[2000, 2001, 2002, 2003, 2004, 2005, 2006, 2007, 2008, 2009, 2010, 2011, 2012, 2013, 2014, 2015, 2016, 2017, 2018, 2019]"
64,False,False,1e-05,0.0001,0,"(0.3, 0.3, 0.4)",64,4,0,3.0,0.0,0.0,,0.01,0.01,0.001,0.3,,,,1.5,96.0,0.25,5.0525,[0.6977],20,"[2000, 2001, 2002, 2003, 2004, 2005, 2006, 2007, 2008, 2009, 2010, 2011, 2012, 2013, 2014, 2015, 2016, 2017, 2018, 2019]"
64,False,False,1e-05,0.0001,0,"(0.4, 0.3, 0.3)",64,2,0,3.0,0.0,0.0,,0.01,0.01,0.001,0.3,,,,1.3,83.2,0.25,4.26,[0.6977],20,"[2000, 2001, 2002, 2003, 2004, 2005, 2006, 2007, 2008, 2009, 2010, 2011, 2012, 2013, 2014, 2015, 2016, 2017, 2018, 2019]"
64,False,False,1e-05,0.0001,0,"(0.4, 0.3, 0.3)",64,4,0,3.0,0.0,0.0,,0.01,0.01,0.001,0.3,,,,1.4,89.6,0.3,5.0668,[0.6977],20,"[2000, 2001, 2002, 2003, 2004, 2005, 2006, 2007, 2008, 2009, 2010, 2011, 2012, 2013, 2014, 2015, 2016, 2017, 2018, 2019, 2010, 2011, 2012, 2013, 2014, 2015, 2016, 2017, 2018, 2019, 2000, 2001, 2002, 2003, 2004, 2005, 2006, 2007, 2008, 2009, 2010, 2011, 2012, 2013, 2014, 2015, 2016, 2017, 2018, 2019]"
64,False,False,1e-05,0.0001,0,"(0.5, 0.2, 0.3)",64,2,0,3.0,0.0,0.0,,0.01,0.01,0.001,0.3,,,,1.35,86.4,0.2,4.5685,[0.6977],20,"[2000, 2001, 2002, 2003, 2004, 2005, 2006, 2007, 2008, 2009, 2010, 2011, 2012, 2013, 2014, 2015, 2016, 2017, 2018, 2019]"
64,False,False,1e-05,0.0001,0,"(0.5, 0.2, 0.3)",64,4,0,3.0,0.0,0.0,,0.01,0.01,0.001,0.3,,,,1.4,89.6,0.25,4.632,[0.6977],20,"[2000, 2001, 2002, 2003, 2004, 2005, 2006, 2007, 2008, 2009, 2010, 2011, 2012, 2013, 2014, 2015, 2016, 2017, 2018, 2019]"
64,False,False,1e-05,0.0001,0,"(0.6, 0.1, 0.3)",64,2,0,3.0,0.0,0.0,,0.01,0.01,0.001,0.3,,,,1.3,83.2,0.2,4.293,[0.6977],20,"[2000, 2001, 2002, 2003, 2004, 2005, 2006, 2007, 2008, 2009, 2010, 2011, 2012, 2013, 2014, 2015, 2016, 2017, 2018, 2019]"
64,False,False,1e-05,0.0001,0,"(0.6, 0.1, 0.3)",64,4,0,3.0,0.0,0.0,,0.01,0.01,0.001,0.3,,,,1.35,86.4,0.2,4.5145,[0.6977],20,"[2000, 2001, 2002, 2003, 2004, 2005, 2006, 2007, 2008, 2009, 2010, 2011, 2012, 2013, 2014, 2015, 2016, 2017, 2018, 2019]"
64,False,False,1e-05,0.0001,0,"(0.7, 0.3, 0.0)",64,2,0,3.0,0.0,0.0,,0.01,0.01,0.001,0.3,,,,1.75,112.0,0.2,5.9384999999999994,[0.6977],20,"[2000, 2001, 2002, 2003, 2004, 2005, 2006, 2007, 2008, 2009, 2010, 2011, 2012, 2013, 2014, 2015, 2016, 2017, 2018, 2019]"
64,False,False,1e-05,0.0001,0,"(0.7, 0.3, 0.0)",64,4,0,3.0,0.0,0.0,,0.01,0.01,0.001,0.3,,,,1.8,115.2,0.1,6.172,[0.6977],20,"[2000, 2001, 2002, 2003, 2004, 2005, 2006, 2007, 2008, 2009, 2010, 2011, 2012, 2013, 2014, 2015, 2016, 2017, 2018, 2019]"
64,False,False,1e-05,0.0001,0,"(1.0, 0.0, 0.0)",64,4,0,3.0,0.0,0.0,,0.01,0.01,0.001,0.3,,,,1.9,121.6,0.1,10.9185,[0.6977],20,"[2000, 2001, 2002, 2003, 2004, 2005, 2006, 2007, 2008, 2009, 2010, 2011, 2012, 2013, 2014, 2015, 2016, 2017, 2018, 2019]"
64,False,False,1e-05,0.0001,100,"(0.3, 0.3, 0.4)",64,2,0,3.0,0.0,0.0,,0.01,0.01,0.001,0.3,,,,1.3,83.2,0.25,4.38,[0.6966],20,"[2000, 2001, 2002, 2003, 2004, 2005, 2006, 2007, 2008, 2009, 2010, 2011, 2012, 2013, 2014, 2015, 2016, 2017, 2018, 2019]"
64,False,False,1e-05,0.0001,100,"(0.3, 0.3, 0.4)",64,4,0,3.0,0.0,0.0,,0.01,0.01,0.001,0.3,,,,1.3,83.2,0.3,4.2924999999999995,[0.6966],20,"[2000, 2001, 2002, 2003, 2004, 2005, 2006, 2007, 2008, 2009, 2010, 2011, 2012, 2013, 2014, 2015, 2016, 2017, 2018, 2019]"
64,False,False,1e-05,0.0001,100,"(0.4, 0.3, 0.3)",64,2,0,3.0,0.0,0.0,,0.01,0.01,0.001,0.3,,,,1.35,86.4,0.25,4.458,[0.6966],20,"[2000, 2001, 2002, 2003, 2004, 2005, 2006, 2007, 2008, 2009, 2010, 2011, 2012, 2013, 2014, 2015, 2016, 2017, 2018, 2019]"
64,False,False,1e-05,0.0001,100,"(0.4, 0.3, 0.3)",64,4,0,2.0,0.001,0.05,,0.01,0.01,0.001,0.3,,,,1.4,89.6,0.2,5.838500000000001,[0.7125],20,"[2000, 2001, 2002, 2003, 2004, 2005, 2006, 2007, 2008, 2009, 2010, 2011, 2012, 2013, 2014, 2015, 2016, 2017, 2018, 2019]"
64,False,False,1e-05,0.0001,100,"(0.4, 0.3, 0.3)",64,4,0,2.0,0.001,0.1,,0.01,0.01,0.001,0.3,,,,1.4,89.6,0.2,5.869,[0.7122],20,"[2000, 2001, 2002, 2003, 2004, 2005, 2006, 2007, 2008, 2009, 2010, 2011, 2012, 2013, 2014, 2015, 2016, 2017, 2018, 2019]"
64,False,False,1e-05,0.0001,100,"(0.4, 0.3, 0.3)",64,4,0,2.0,0.01,0.05,,0.001,0.01,0.001,0.3,0.01,0.0,1000.0,1.45,92.8,0.25,6.1355,[0.7115],20,"[2000, 2001, 2002, 2003, 2004, 2005, 2006, 2007, 2008, 2009, 2010, 2011, 2012, 2013, 2014, 2015, 2016, 2017, 2018, 2019]"
64,False,False,1e-05,0.0001,100,"(0.4, 0.3, 0.3)",64,4,0,2.0,0.01,0.05,,0.01,0.01,0.001,0.3,0.01,0.0,1000.0,1.35,86.4,0.25,5.667,[0.7123],20,"[2000, 2001, 2002, 2003, 2004, 2005, 2006, 2007, 2008, 2009, 2010, 2011, 2012, 2013, 2014, 2015, 2016, 2017, 2018, 2019]"
64,False,False,1e-05,0.0001,100,"(0.4, 0.3, 0.3)",64,4,0,2.0,0.01,0.05,,0.01,0.01,0.001,0.3,,,,1.35,86.4,0.25,5.6045,[0.7123],20,"[2000, 2001, 2002, 2003, 2004, 2005, 2006, 2007, 2008, 2009, 2010, 2011, 2012, 2013, 2014, 2015, 2016, 2017, 2018, 2019]"
64,False,False,1e-05,0.0001,100,"(0.4, 0.3, 0.3)",64,4,0,2.0,0.01,0.1,,0.001,0.01,0.001,0.3,0.01,0.0,1000.0,1.45,92.8,0.2,6.09,[0.7101],20,"[2000, 2001, 2002, 2003, 2004, 2005, 2006, 2007, 2008, 2009, 2010, 2011, 2012, 2013, 2014, 2015, 2016, 2017, 2018, 2019]"
64,False,False,1e-05,0.0001,100,"(0.4, 0.3, 0.3)",64,4,0,2.0,0.01,0.1,,0.01,0.01,0.001,0.3,0.01,0.0,1000.0,1.35,86.4,0.25,5.6795,[0.7114],20,"[2000, 2001, 2002, 2003, 2004, 2005, 2006, 2007, 2008, 2009, 2010, 2011, 2012, 2013, 2014, 2015, 2016, 2017, 2018, 2019]"
64,False,False,1e-05,0.0001,100,"(0.4, 0.3, 0.3)",64,4,0,2.0,0.1,0.05,,0.001,0.01,0.001,0.3,0.01,0.0,1000.0,1.3,83.2,0.3,5.3695,[0.716],20,"[2000, 2001, 2002, 2003, 2004, 2005, 2006, 2007, 2008, 2009, 2010, 2011, 2012, 2013, 2014, 2015, 2016, 2017, 2018, 2019]"
64,False,False,1e-05,0.0001,100,"(0.4, 0.3, 0.3)",64,4,0,2.0,0.1,0.05,,0.01,0.01,0.001,0.3,0.01,0.0,1000.0,1.2,76.8,0.25,4.9695,[0.7174],20,"[2000, 2001, 2002, 2003, 2004, 2005, 2006, 2007, 2008, 2009, 2010, 2011, 2012, 2013, 2014, 2015, 2016, 2017, 2018, 2019]"
64,False,False,1e-05,0.0001,100,"(0.4, 0.3, 0.3)",64,4,0,2.0,0.1,0.1,,0.001,0.01,0.001,0.3,0.01,0.0,1000.0,1.5,96.0,0.3,6.339499999999999,[0.7075],20,"[2000, 2001, 2002, 2003, 2004, 2005, 2006, 2007, 2008, 2009, 2010, 2011, 2012, 2013, 2014, 2015, 2016, 2017, 2018, 2019]"
64,False,False,1e-05,0.0001,100,"(0.4, 0.3, 0.3)",64,4,0,2.0,0.1,0.1,,0.01,0.01,0.001,0.3,0.01,0.0,1000.0,1.4,89.6,0.35,5.8075,[0.708],20,"[2000, 2001, 2002, 2003, 2004, 2005, 2006, 2007, 2008, 2009, 2010, 2011, 2012, 2013, 2014, 2015, 2016, 2017, 2018, 2019]"
64,False,False,1e-05,0.0001,100,"(0.4, 0.3, 0.3)",64,4,0,2.0,0.2,0.05,,0.001,0.01,0.001,0.3,0.01,0.0,1000.0,1.45,92.8,0.3,6.0735,[0.7173],20,"[2000, 2001, 2002, 2003, 2004, 2005, 2006, 2007, 2008, 2009, 2010, 2011, 2012, 2013, 2014, 2015, 2016, 2017, 2018, 2019]"
64,False,False,1e-05,0.0001,100,"(0.4, 0.3, 0.3)",64,4,0,2.0,0.2,0.05,,0.01,0.01,0.001,0.3,0.01,0.0,1000.0,1.5,96.0,0.25,6.269,[0.7175],20,"[2000, 2001, 2002, 2003, 2004, 2005, 2006, 2007, 2008, 2009, 2010, 2011, 2012, 2013, 2014, 2015, 2016, 2017, 2018, 2019]"
64,False,False,1e-05,0.0001,100,"(0.4, 0.3, 0.3)",64,4,0,2.0,0.2,0.1,,0.001,0.01,0.001,0.3,0.01,0.0,1000.0,1.5,96.0,0.3,6.2965,[0.6987],20,"[2000, 2001, 2002, 2003, 2004, 2005, 2006, 2007, 2008, 2009, 2010, 2011, 2012, 2013, 2014, 2015, 2016, 2017, 2018, 2019]"
64,False,False,1e-05,0.0001,100,"(0.4, 0.3, 0.3)",64,4,0,2.0,0.2,0.1,,0.01,0.01,0.001,0.3,0.01,0.0,1000.0,1.5,96.0,0.35,6.308999999999999,[0.7002],20,"[2000, 2001, 2002, 2003, 2004, 2005, 2006, 2007, 2008, 2009, 2010, 2011, 2012, 2013, 2014, 2015, 2016, 2017, 2018, 2019]"
64,False,False,1e-05,0.0001,100,"(0.4, 0.3, 0.3)",64,4,0,2.0,0.3,0.05,,0.001,0.01,0.001,0.3,0.01,0.0,1000.0,1.45,92.8,0.2,6.081,[0.7164],20,"[2000, 2001, 2002, 2003, 2004, 2005, 2006, 2007, 2008, 2009, 2010, 2011, 2012, 2013, 2014, 2015, 2016, 2017, 2018, 2019]"
64,False,False,1e-05,0.0001,100,"(0.4, 0.3, 0.3)",64,4,0,2.0,0.3,0.05,,0.01,0.01,0.001,0.3,0.01,0.0,1000.0,1.45,92.8,0.35,6.078,[0.7174],20,"[2000, 2001, 2002, 2003, 2004, 2005, 2006, 2007, 2008, 2009, 2010, 2011, 2012, 2013, 2014, 2015, 2016, 2017, 2018, 2019]"
64,False,False,1e-05,0.0001,100,"(0.4, 0.3, 0.3)",64,4,0,2.0,0.3,0.1,,0.001,0.01,0.001,0.3,0.01,0.0,1000.0,1.45,92.8,0.3,6.0325,[0.6958],20,"[2000, 2001, 2002, 2003, 2004, 2005, 2006, 2007, 2008, 2009, 2010, 2011, 2012, 2013, 2014, 2015, 2016, 2017, 2018, 2019]"
64,False,False,1e-05,0.0001,100,"(0.4, 0.3, 0.3)",64,4,0,2.0,0.3,0.1,,0.01,0.01,0.001,0.3,0.01,0.0,1000.0,1.5,96.0,0.3,6.292,[0.6961],20,"[2000, 2001, 2002, 2003, 2004, 2005, 2006, 2007, 2008, 2009, 2010, 2011, 2012, 2013, 2014, 2015, 2016, 2017, 2018, 2019]"
64,False,False,1e-05,0.0001,100,"(0.4, 0.3, 0.3)",64,4,0,3.0,0.0,0.0,,0.01,0.01,0.001,0.3,,,,1.4,89.6,0.225,5.45275,[0.6966],20,"[2000, 2001, 2002, 2003, 2004, 2005, 2006, 2007, 2008, 2009, 2000, 2001, 2002, 2003, 2004, 2005, 2006, 2007, 2008, 2009, 2010, 2011, 2012, 2013, 2014, 2015, 2016, 2017, 2018, 2019, 2010, 2011, 2012, 2013, 2014, 2015, 2016, 2017, 2018, 2019]"
64,False,False,1e-05,0.0001,100,"(0.4, 0.3, 0.3)",64,4,0,3.0,0.01,0.05,,0.001,0.01,0.001,0.3,0.01,0.0,1000.0,1.5,96.0,0.3,6.3685,[0.6968],20,"[2000, 2001, 2002, 2003, 2004, 2005, 2006, 2007, 2008, 2009, 2010, 2011, 2012, 2013, 2014, 2015, 2016, 2017, 2018, 2019]"
64,False,False,1e-05,0.0001,100,"(0.4, 0.3, 0.3)",64,4,0,3.0,0.01,0.05,,0.01,0.01,0.001,0.3,0.01,0.0,1000.0,1.3,83.2,0.2,5.446,[0.6966],20,"[2000, 2001, 2002, 2003, 2004, 2005, 2006, 2007, 2008, 2009, 2010, 2011, 2012, 2013, 2014, 2015, 2016, 2017, 2018, 2019]"
64,False,False,1e-05,0.0001,100,"(0.4, 0.3, 0.3)",64,4,0,3.0,0.01,0.1,,0.001,0.01,0.001,0.3,0.01,0.0,1000.0,1.25,80.0,0.25,5.22,[0.695],20,"[2000, 2001, 2002, 2003, 2004, 2005, 2006, 2007, 2008, 2009, 2010, 2011, 2012, 2013, 2014, 2015, 2016, 2017, 2018, 2019]"
64,False,False,1e-05,0.0001,100,"(0.4, 0.3, 0.3)",64,4,0,3.0,0.01,0.1,,0.01,0.01,0.001,0.3,0.01,0.0,1000.0,1.45,92.8,0.2,6.1515,[0.6952],20,"[2000, 2001, 2002, 2003, 2004, 2005, 2006, 2007, 2008, 2009, 2010, 2011, 2012, 2013, 2014, 2015, 2016, 2017, 2018, 2019]"
64,False,False,1e-05,0.0001,100,"(0.4, 0.3, 0.3)",64,4,0,3.0,0.01,0.1,,0.01,0.01,0.001,0.3,,,,1.45,92.8,0.2,6.0565,[0.6952],20,"[2000, 2001, 2002, 2003, 2004, 2005, 2006, 2007, 2008, 2009, 2010, 2011, 2012, 2013, 2014, 2015, 2016, 2017, 2018, 2019]"
64,False,False,1e-05,0.0001,100,"(0.4, 0.3, 0.3)",64,4,0,3.0,0.05,0.1,,0.01,0.01,0.001,0.3,,,,1.5,96.0,0.2,6.332,[0.6899],20,"[2000, 2001, 2002, 2003, 2004, 2005, 2006, 2007, 2008, 2009, 2010, 2011, 2012, 2013, 2014, 2015, 2016, 2017, 2018, 2019]"
64,False,False,1e-05,0.0001,100,"(0.4, 0.3, 0.3)",64,4,0,3.0,0.1,0.05,,0.001,0.01,0.001,0.3,0.01,0.0,1000.0,1.4,89.6,0.25,5.8495,[0.6975],20,"[2000, 2001, 2002, 2003, 2004, 2005, 2006, 2007, 2008, 2009, 2010, 2011, 2012, 2013, 2014, 2015, 2016, 2017, 2018, 2019]"
64,False,False,1e-05,0.0001,100,"(0.4, 0.3, 0.3)",64,4,0,3.0,0.1,0.05,,0.01,0.01,0.001,0.3,0.01,0.0,1000.0,1.45,92.8,0.35,6.0775,[0.6969],20,"[2000, 2001, 2002, 2003, 2004, 2005, 2006, 2007, 2008, 2009, 2010, 2011, 2012, 2013, 2014, 2015, 2016, 2017, 2018, 2019]"
64,False,False,1e-05,0.0001,100,"(0.4, 0.3, 0.3)",64,4,0,3.0,0.1,0.1,,0.001,0.01,0.001,0.3,0.01,0.0,1000.0,1.35,86.4,0.3,5.619,[0.6893],20,"[2000, 2001, 2002, 2003, 2004, 2005, 2006, 2007, 2008, 2009, 2010, 2011, 2012, 2013, 2014, 2015, 2016, 2017, 2018, 2019]"
64,False,False,1e-05,0.0001,100,"(0.4, 0.3, 0.3)",64,4,0,3.0,0.1,0.1,,0.01,0.01,0.001,0.3,0.01,0.0,1000.0,1.4,89.6,0.35,5.814,[0.688],20,"[2000, 2001, 2002, 2003, 2004, 2005, 2006, 2007, 2008, 2009, 2010, 2011, 2012, 2013, 2014, 2015, 2016, 2017, 2018, 2019]"
64,False,False,1e-05,0.0001,100,"(0.4, 0.3, 0.3)",64,4,0,3.0,0.1,0.1,,0.01,0.01,0.001,0.3,,,,1.425,91.2,0.275,5.94325,[0.688],20,"[2000, 2001, 2002, 2003, 2004, 2005, 2006, 2007, 2008, 2009, 2010, 2011, 2012, 2013, 2014, 2015, 2016, 2017, 2018, 2019, 2000, 2001, 2002, 2003, 2004, 2005, 2006, 2007, 2008, 2009, 2010, 2011, 2012, 2013, 2014, 2015, 2016, 2017, 2018, 2019]"
64,False,False,1e-05,0.0001,100,"(0.4, 0.3, 0.3)",64,4,0,3.0,0.2,0.05,,0.001,0.01,0.001,0.3,0.01,0.0,1000.0,1.4,89.6,0.4,5.8950000000000005,[0.7018],20,"[2000, 2001, 2002, 2003, 2004, 2005, 2006, 2007, 2008, 2009, 2010, 2011, 2012, 2013, 2014, 2015, 2016, 2017, 2018, 2019]"
64,False,False,1e-05,0.0001,100,"(0.4, 0.3, 0.3)",64,4,0,3.0,0.2,0.05,,0.01,0.01,0.001,0.3,0.01,0.0,1000.0,1.45,92.8,0.45,6.086,[0.7034],20,"[2000, 2001, 2002, 2003, 2004, 2005, 2006, 2007, 2008, 2009, 2010, 2011, 2012, 2013, 2014, 2015, 2016, 2017, 2018, 2019]"
64,False,False,1e-05,0.0001,100,"(0.4, 0.3, 0.3)",64,4,0,3.0,0.2,0.1,,0.001,0.01,0.001,0.3,0.01,0.0,1000.0,1.55,99.2,0.35,6.5145,[0.6881],20,"[2000, 2001, 2002, 2003, 2004, 2005, 2006, 2007, 2008, 2009, 2010, 2011, 2012, 2013, 2014, 2015, 2016, 2017, 2018, 2019]"
64,False,False,1e-05,0.0001,100,"(0.4, 0.3, 0.3)",64,4,0,3.0,0.2,0.1,,0.01,0.01,0.001,0.3,0.01,0.0,1000.0,1.55,99.2,0.35,6.5075,[0.6877],20,"[2000, 2001, 2002, 2003, 2004, 2005, 2006, 2007, 2008, 2009, 2010, 2011, 2012, 2013, 2014, 2015, 2016, 2017, 2018, 2019]"
64,False,False,1e-05,0.0001,100,"(0.4, 0.3, 0.3)",64,4,0,3.0,0.2,0.1,,0.01,0.01,0.001,0.3,,,,1.4,89.6,0.2857142857142857,5.809142857142857,[0.6877],20,"[2000, 2001, 2002, 2003, 2004, 2005, 2006, 2007, 2008, 2009, 2010, 2011, 2012, 2013, 2014, 2015, 2016, 2017, 2018, 2019, 2000, 2001, 2002, 2003, 2004, 2005, 2006, 2007, 2008, 2009, 2010, 2011, 2012, 2013, 2014]"
64,False,False,1e-05,0.0001,100,"(0.4, 0.3, 0.3)",64,4,0,3.0,0.3,0.05,,0.001,0.01,0.001,0.3,0.01,0.0,1000.0,1.6,102.4,0.3,6.781000000000001,[0.7034],20,"[2000, 2001, 2002, 2003, 2004, 2005, 2006, 2007, 2008, 2009, 2010, 2011, 2012, 2013, 2014, 2015, 2016, 2017, 2018, 2019]"
64,False,False,1e-05,0.0001,100,"(0.4, 0.3, 0.3)",64,4,0,3.0,0.3,0.05,,0.01,0.01,0.001,0.3,0.01,0.0,1000.0,1.5,96.0,0.3,6.307,[0.704],20,"[2000, 2001, 2002, 2003, 2004, 2005, 2006, 2007, 2008, 2009, 2010, 2011, 2012, 2013, 2014, 2015, 2016, 2017, 2018, 2019]"
64,False,False,1e-05,0.0001,100,"(0.4, 0.3, 0.3)",64,4,0,3.0,0.3,0.1,,0.001,0.01,0.001,0.3,0.01,0.0,1000.0,1.55,99.2,0.25,6.517,[0.6856],20,"[2000, 2001, 2002, 2003, 2004, 2005, 2006, 2007, 2008, 2009, 2010, 2011, 2012, 2013, 2014, 2015, 2016, 2017, 2018, 2019]"
64,False,False,1e-05,0.0001,100,"(0.4, 0.3, 0.3)",64,4,0,3.0,0.3,0.1,,0.01,0.01,0.001,0.3,0.01,0.0,1000.0,1.45,92.8,0.25,6.081,[0.685],20,"[2000, 2001, 2002, 2003, 2004, 2005, 2006, 2007, 2008, 2009, 2010, 2011, 2012, 2013, 2014, 2015, 2016, 2017, 2018, 2019]"
64,False,False,1e-05,0.0001,100,"(0.5, 0.2, 0.3)",64,2,0,3.0,0.0,0.0,,0.01,0.01,0.001,0.3,,,,1.2,76.8,0.2,3.97,[0.6966],20,"[2000, 2001, 2002, 2003, 2004, 2005, 2006, 2007, 2008, 2009, 2010, 2011, 2012, 2013, 2014, 2015, 2016, 2017, 2018, 2019]"
64,False,False,1e-05,0.0001,100,"(0.5, 0.2, 0.3)",64,4,0,2.0,0.01,0.05,,0.001,0.01,0.001,0.3,0.01,0.0,1000.0,1.35,86.4,0.2,5.6685,[0.7115],20,"[2000, 2001, 2002, 2003, 2004, 2005, 2006, 2007, 2008, 2009, 2010, 2011, 2012, 2013, 2014, 2015, 2016, 2017, 2018, 2019]"
64,False,False,1e-05,0.0001,100,"(0.5, 0.2, 0.3)",64,4,0,2.0,0.01,0.05,,0.01,0.01,0.001,0.3,0.01,0.0,1000.0,1.3,83.2,0.2,5.3595,[0.7123],20,"[2000, 2001, 2002, 2003, 2004, 2005, 2006, 2007, 2008, 2009, 2010, 2011, 2012, 2013, 2014, 2015, 2016, 2017, 2018, 2019]"
64,False,False,1e-05,0.0001,100,"(0.5, 0.2, 0.3)",64,4,0,2.0,0.01,0.1,,0.001,0.01,0.001,0.3,0.01,0.0,1000.0,1.4,89.6,0.2,5.7924999999999995,[0.7101],20,"[2000, 2001, 2002, 2003, 2004, 2005, 2006, 2007, 2008, 2009, 2010, 2011, 2012, 2013, 2014, 2015, 2016, 2017, 2018, 2019]"
64,False,False,1e-05,0.0001,100,"(0.5, 0.2, 0.3)",64,4,0,2.0,0.01,0.1,,0.01,0.01,0.001,0.3,0.01,0.0,1000.0,1.3,83.2,0.2,5.338,[0.7114],20,"[2000, 2001, 2002, 2003, 2004, 2005, 2006, 2007, 2008, 2009, 2010, 2011, 2012, 2013, 2014, 2015, 2016, 2017, 2018, 2019]"
64,False,False,1e-05,0.0001,100,"(0.5, 0.2, 0.3)",64,4,0,2.0,0.1,0.05,,0.001,0.01,0.001,0.3,0.01,0.0,1000.0,1.25,80.0,0.25,5.1465000000000005,[0.716],20,"[2000, 2001, 2002, 2003, 2004, 2005, 2006, 2007, 2008, 2009, 2010, 2011, 2012, 2013, 2014, 2015, 2016, 2017, 2018, 2019]"
64,False,False,1e-05,0.0001,100,"(0.5, 0.2, 0.3)",64,4,0,2.0,0.1,0.05,,0.01,0.01,0.001,0.3,0.01,0.0,1000.0,1.3,83.2,0.3,5.3765,[0.7174],20,"[2000, 2001, 2002, 2003, 2004, 2005, 2006, 2007, 2008, 2009, 2010, 2011, 2012, 2013, 2014, 2015, 2016, 2017, 2018, 2019]"
64,False,False,1e-05,0.0001,100,"(0.5, 0.2, 0.3)",64,4,0,2.0,0.1,0.1,,0.001,0.01,0.001,0.3,0.01,0.0,1000.0,1.5,96.0,0.25,6.311999999999999,[0.7075],20,"[2000, 2001, 2002, 2003, 2004, 2005, 2006, 2007, 2008, 2009, 2010, 2011, 2012, 2013, 2014, 2015, 2016, 2017, 2018, 2019]"
64,False,False,1e-05,0.0001,100,"(0.5, 0.2, 0.3)",64,4,0,2.0,0.1,0.1,,0.01,0.01,0.001,0.3,0.01,0.0,1000.0,1.4,89.6,0.3,5.9525,[0.708],20,"[2000, 2001, 2002, 2003, 2004, 2005, 2006, 2007, 2008, 2009, 2010, 2011, 2012, 2013, 2014, 2015, 2016, 2017, 2018, 2019]"
64,False,False,1e-05,0.0001,100,"(0.5, 0.2, 0.3)",64,4,0,2.0,0.2,0.05,,0.001,0.01,0.001,0.3,0.01,0.0,1000.0,1.4,89.6,0.25,5.9135,[0.7173],20,"[2000, 2001, 2002, 2003, 2004, 2005, 2006, 2007, 2008, 2009, 2010, 2011, 2012, 2013, 2014, 2015, 2016, 2017, 2018, 2019]"
64,False,False,1e-05,0.0001,100,"(0.5, 0.2, 0.3)",64,4,0,2.0,0.2,0.05,,0.01,0.01,0.001,0.3,0.01,0.0,1000.0,1.5,96.0,0.3,6.414,[0.7175],20,"[2000, 2001, 2002, 2003, 2004, 2005, 2006, 2007, 2008, 2009, 2010, 2011, 2012, 2013, 2014, 2015, 2016, 2017, 2018, 2019]"
64,False,False,1e-05,0.0001,100,"(0.5, 0.2, 0.3)",64,4,0,2.0,0.2,0.1,,0.001,0.01,0.001,0.3,0.01,0.0,1000.0,1.55,99.2,0.3,6.6095,[0.6987],20,"[2000, 2001, 2002, 2003, 2004, 2005, 2006, 2007, 2008, 2009, 2010, 2011, 2012, 2013, 2014, 2015, 2016, 2017, 2018, 2019]"
64,False,False,1e-05,0.0001,100,"(0.5, 0.2, 0.3)",64,4,0,2.0,0.2,0.1,,0.01,0.01,0.001,0.3,0.01,0.0,1000.0,1.55,99.2,0.35,6.7,[0.7002],20,"[2000, 2001, 2002, 2003, 2004, 2005, 2006, 2007, 2008, 2009, 2010, 2011, 2012, 2013, 2014, 2015, 2016, 2017, 2018, 2019]"
64,False,False,1e-05,0.0001,100,"(0.5, 0.2, 0.3)",64,4,0,2.0,0.3,0.05,,0.001,0.01,0.001,0.3,0.01,0.0,1000.0,1.45,92.8,0.25,6.1725,[0.7164],20,"[2000, 2001, 2002, 2003, 2004, 2005, 2006, 2007, 2008, 2009, 2010, 2011, 2012, 2013, 2014, 2015, 2016, 2017, 2018, 2019]"
64,False,False,1e-05,0.0001,100,"(0.5, 0.2, 0.3)",64,4,0,2.0,0.3,0.05,,0.01,0.01,0.001,0.3,0.01,0.0,1000.0,1.45,92.8,0.25,6.1955,[0.7174],20,"[2000, 2001, 2002, 2003, 2004, 2005, 2006, 2007, 2008, 2009, 2010, 2011, 2012, 2013, 2014, 2015, 2016, 2017, 2018, 2019]"
64,False,False,1e-05,0.0001,100,"(0.5, 0.2, 0.3)",64,4,0,2.0,0.3,0.1,,0.001,0.01,0.001,0.3,0.01,0.0,1000.0,1.55,99.2,0.35,6.597500000000001,[0.6958],20,"[2000, 2001, 2002, 2003, 2004, 2005, 2006, 2007, 2008, 2009, 2010, 2011, 2012, 2013, 2014, 2015, 2016, 2017, 2018, 2019]"
64,False,False,1e-05,0.0001,100,"(0.5, 0.2, 0.3)",64,4,0,2.0,0.3,0.1,,0.01,0.01,0.001,0.3,0.01,0.0,1000.0,1.55,99.2,0.35,6.5685,[0.6961],20,"[2000, 2001, 2002, 2003, 2004, 2005, 2006, 2007, 2008, 2009, 2010, 2011, 2012, 2013, 2014, 2015, 2016, 2017, 2018, 2019]"
64,False,False,1e-05,0.0001,100,"(0.5, 0.2, 0.3)",64,4,0,3.0,0.0,0.0,,0.01,0.01,0.001,0.3,,,,1.2,76.8,0.2,3.8875,[0.6966],20,"[2000, 2001, 2002, 2003, 2004, 2005, 2006, 2007, 2008, 2009, 2010, 2011, 2012, 2013, 2014, 2015, 2016, 2017, 2018, 2019]"
64,False,False,1e-05,0.0001,100,"(0.5, 0.2, 0.3)",64,4,0,3.0,0.01,0.05,,0.001,0.01,0.001,0.3,0.01,0.0,1000.0,1.35,86.4,0.2,5.7105,[0.6968],20,"[2000, 2001, 2002, 2003, 2004, 2005, 2006, 2007, 2008, 2009, 2010, 2011, 2012, 2013, 2014, 2015, 2016, 2017, 2018, 2019]"
64,False,False,1e-05,0.0001,100,"(0.5, 0.2, 0.3)",64,4,0,3.0,0.01,0.05,,0.01,0.01,0.001,0.3,0.01,0.0,1000.0,1.2,76.8,0.15,5.0585,[0.6966],20,"[2000, 2001, 2002, 2003, 2004, 2005, 2006, 2007, 2008, 2009, 2010, 2011, 2012, 2013, 2014, 2015, 2016, 2017, 2018, 2019]"
64,False,False,1e-05,0.0001,100,"(0.5, 0.2, 0.3)",64,4,0,3.0,0.01,0.1,,0.001,0.01,0.001,0.3,0.01,0.0,1000.0,1.2,76.8,0.25,5.0065,[0.695],20,"[2000, 2001, 2002, 2003, 2004, 2005, 2006, 2007, 2008, 2009, 2010, 2011, 2012, 2013, 2014, 2015, 2016, 2017, 2018, 2019]"
64,False,False,1e-05,0.0001,100,"(0.5, 0.2, 0.3)",64,4,0,3.0,0.01,0.1,,0.01,0.01,0.001,0.3,0.01,0.0,1000.0,1.4,89.6,0.2,5.849,[0.6952],20,"[2000, 2001, 2002, 2003, 2004, 2005, 2006, 2007, 2008, 2009, 2010, 2011, 2012, 2013, 2014, 2015, 2016, 2017, 2018, 2019]"
64,False,False,1e-05,0.0001,100,"(0.5, 0.2, 0.3)",64,4,0,3.0,0.1,0.05,,0.001,0.01,0.001,0.3,0.01,0.0,1000.0,1.45,92.8,0.3,6.1785000000000005,[0.6975],20,"[2000, 2001, 2002, 2003, 2004, 2005, 2006, 2007, 2008, 2009, 2010, 2011, 2012, 2013, 2014, 2015, 2016, 2017, 2018, 2019]"
64,False,False,1e-05,0.0001,100,"(0.5, 0.2, 0.3)",64,4,0,3.0,0.1,0.05,,0.01,0.01,0.001,0.3,0.01,0.0,1000.0,1.45,92.8,0.35,6.0935,[0.6969],20,"[2000, 2001, 2002, 2003, 2004, 2005, 2006, 2007, 2008, 2009, 2010, 2011, 2012, 2013, 2014, 2015, 2016, 2017, 2018, 2019]"
64,False,False,1e-05,0.0001,100,"(0.5, 0.2, 0.3)",64,4,0,3.0,0.1,0.1,,0.001,0.01,0.001,0.3,0.01,0.0,1000.0,1.4,89.6,0.35,5.914,[0.6893],20,"[2000, 2001, 2002, 2003, 2004, 2005, 2006, 2007, 2008, 2009, 2010, 2011, 2012, 2013, 2014, 2015, 2016, 2017, 2018, 2019]"
64,False,False,1e-05,0.0001,100,"(0.5, 0.2, 0.3)",64,4,0,3.0,0.1,0.1,,0.01,0.01,0.001,0.3,0.01,0.0,1000.0,1.4,89.6,0.3,5.9350000000000005,[0.688],20,"[2000, 2001, 2002, 2003, 2004, 2005, 2006, 2007, 2008, 2009, 2010, 2011, 2012, 2013, 2014, 2015, 2016, 2017, 2018, 2019]"
64,False,False,1e-05,0.0001,100,"(0.5, 0.2, 0.3)",64,4,0,3.0,0.2,0.05,,0.001,0.01,0.001,0.3,0.01,0.0,1000.0,1.45,92.8,0.3,6.1815,[0.7018],20,"[2000, 2001, 2002, 2003, 2004, 2005, 2006, 2007, 2008, 2009, 2010, 2011, 2012, 2013, 2014, 2015, 2016, 2017, 2018, 2019]"
64,False,False,1e-05,0.0001,100,"(0.5, 0.2, 0.3)",64,4,0,3.0,0.2,0.05,,0.01,0.01,0.001,0.3,0.01,0.0,1000.0,1.5,96.0,0.45,6.234,[0.7034],20,"[2000, 2001, 2002, 2003, 2004, 2005, 2006, 2007, 2008, 2009, 2010, 2011, 2012, 2013, 2014, 2015, 2016, 2017, 2018, 2019]"
64,False,False,1e-05,0.0001,100,"(0.5, 0.2, 0.3)",64,4,0,3.0,0.2,0.1,,0.001,0.01,0.001,0.3,0.01,0.0,1000.0,1.6,102.4,0.3,6.913500000000001,[0.6881],20,"[2000, 2001, 2002, 2003, 2004, 2005, 2006, 2007, 2008, 2009, 2010, 2011, 2012, 2013, 2014, 2015, 2016, 2017, 2018, 2019]"
64,False,False,1e-05,0.0001,100,"(0.5, 0.2, 0.3)",64,4,0,3.0,0.2,0.1,,0.01,0.01,0.001,0.3,0.01,0.0,1000.0,1.45,92.8,0.3,6.109,[0.6877],20,"[2000, 2001, 2002, 2003, 2004, 2005, 2006, 2007, 2008, 2009, 2010, 2011, 2012, 2013, 2014, 2015, 2016, 2017, 2018, 2019]"
64,False,False,1e-05,0.0001,100,"(0.5, 0.2, 0.3)",64,4,0,3.0,0.3,0.05,,0.001,0.01,0.001,0.3,0.01,0.0,1000.0,1.45,92.8,0.3,6.0745,[0.7034],20,"[2000, 2001, 2002, 2003, 2004, 2005, 2006, 2007, 2008, 2009, 2010, 2011, 2012, 2013, 2014, 2015, 2016, 2017, 2018, 2019]"
64,False,False,1e-05,0.0001,100,"(0.5, 0.2, 0.3)",64,4,0,3.0,0.3,0.05,,0.01,0.01,0.001,0.3,0.01,0.0,1000.0,1.6,102.4,0.3,6.8405000000000005,[0.704],20,"[2000, 2001, 2002, 2003, 2004, 2005, 2006, 2007, 2008, 2009, 2010, 2011, 2012, 2013, 2014, 2015, 2016, 2017, 2018, 2019]"
64,False,False,1e-05,0.0001,100,"(0.5, 0.2, 0.3)",64,4,0,3.0,0.3,0.1,,0.001,0.01,0.001,0.3,0.01,0.0,1000.0,1.65,105.6,0.4,7.0504999999999995,[0.6856],20,"[2000, 2001, 2002, 2003, 2004, 2005, 2006, 2007, 2008, 2009, 2010, 2011, 2012, 2013, 2014, 2015, 2016, 2017, 2018, 2019]"
64,False,False,1e-05,0.0001,100,"(0.5, 0.2, 0.3)",64,4,0,3.0,0.3,0.1,,0.01,0.01,0.001,0.3,0.01,0.0,1000.0,1.6,102.4,0.35,6.776999999999999,[0.685],20,"[2000, 2001, 2002, 2003, 2004, 2005, 2006, 2007, 2008, 2009, 2010, 2011, 2012, 2013, 2014, 2015, 2016, 2017, 2018, 2019]"
64,False,False,1e-05,0.0001,100,"(0.6, 0.1, 0.3)",64,2,0,3.0,0.0,0.0,,0.01,0.01,0.001,0.3,,,,1.2,76.8,0.15,3.8899999999999997,[0.6966],20,"[2000, 2001, 2002, 2003, 2004, 2005, 2006, 2007, 2008, 2009, 2010, 2011, 2012, 2013, 2014, 2015, 2016, 2017, 2018, 2019]"
64,False,False,1e-05,0.0001,100,"(0.6, 0.1, 0.3)",64,4,0,2.0,0.001,0.05,,0.01,0.01,0.001,0.3,,,,1.25,80.0,0.2,5.144,[0.7125],20,"[2000, 2001, 2002, 2003, 2004, 2005, 2006, 2007, 2008, 2009, 2010, 2011, 2012, 2013, 2014, 2015, 2016, 2017, 2018, 2019]"
64,False,False,1e-05,0.0001,100,"(0.6, 0.1, 0.3)",64,4,0,2.0,0.001,0.1,,0.01,0.01,0.001,0.3,,,,1.25,80.0,0.2,5.303,[0.7122],20,"[2000, 2001, 2002, 2003, 2004, 2005, 2006, 2007, 2008, 2009, 2010, 2011, 2012, 2013, 2014, 2015, 2016, 2017, 2018, 2019]"
64,False,False,1e-05,0.0001,100,"(0.6, 0.1, 0.3)",64,4,0,2.0,0.01,0.05,,0.001,0.01,0.001,0.3,0.01,0.0,1000.0,1.3,83.2,0.2,5.4055,[0.7115],20,"[2000, 2001, 2002, 2003, 2004, 2005, 2006, 2007, 2008, 2009, 2010, 2011, 2012, 2013, 2014, 2015, 2016, 2017, 2018, 2019]"
64,False,False,1e-05,0.0001,100,"(0.6, 0.1, 0.3)",64,4,0,2.0,0.01,0.05,,0.01,0.01,0.001,0.3,0.01,0.0,1000.0,1.25,80.0,0.2,5.1274999999999995,[0.7123],20,"[2000, 2001, 2002, 2003, 2004, 2005, 2006, 2007, 2008, 2009, 2010, 2011, 2012, 2013, 2014, 2015, 2016, 2017, 2018, 2019]"
64,False,False,1e-05,0.0001,100,"(0.6, 0.1, 0.3)",64,4,0,2.0,0.01,0.05,,0.01,0.01,0.001,0.3,,,,1.25,80.0,0.2,5.1935,[0.7123],20,"[2000, 2001, 2002, 2003, 2004, 2005, 2006, 2007, 2008, 2009, 2010, 2011, 2012, 2013, 2014, 2015, 2016, 2017, 2018, 2019]"
64,False,False,1e-05,0.0001,100,"(0.6, 0.1, 0.3)",64,4,0,2.0,0.01,0.1,,0.001,0.01,0.001,0.3,0.01,0.0,1000.0,1.35,86.4,0.2,5.625500000000001,[0.7101],20,"[2000, 2001, 2002, 2003, 2004, 2005, 2006, 2007, 2008, 2009, 2010, 2011, 2012, 2013, 2014, 2015, 2016, 2017, 2018, 2019]"
64,False,False,1e-05,0.0001,100,"(0.6, 0.1, 0.3)",64,4,0,2.0,0.01,0.1,,0.01,0.01,0.001,0.3,0.01,0.0,1000.0,1.45,92.8,0.2,5.995,[0.7114],20,"[2000, 2001, 2002, 2003, 2004, 2005, 2006, 2007, 2008, 2009, 2010, 2011, 2012, 2013, 2014, 2015, 2016, 2017, 2018, 2019]"
64,False,False,1e-05,0.0001,100,"(0.6, 0.1, 0.3)",64,4,0,2.0,0.01,0.1,,0.01,0.01,0.001,0.3,,,,1.45,92.8,0.2,6.1325,[0.7114],20,"[2000, 2001, 2002, 2003, 2004, 2005, 2006, 2007, 2008, 2009, 2010, 2011, 2012, 2013, 2014, 2015, 2016, 2017, 2018, 2019]"
64,False,False,1e-05,0.0001,100,"(0.6, 0.1, 0.3)",64,4,0,2.0,0.05,0.05,,0.01,0.01,0.001,0.3,,,,1.3,83.2,0.25,5.336,[0.7149],20,"[2000, 2001, 2002, 2003, 2004, 2005, 2006, 2007, 2008, 2009, 2010, 2011, 2012, 2013, 2014, 2015, 2016, 2017, 2018, 2019]"
64,False,False,1e-05,0.0001,100,"(0.6, 0.1, 0.3)",64,4,0,2.0,0.05,0.1,,0.01,0.01,0.001,0.3,,,,1.35,86.4,0.25,5.5985,[0.7081],20,"[2000, 2001, 2002, 2003, 2004, 2005, 2006, 2007, 2008, 2009, 2010, 2011, 2012, 2013, 2014, 2015, 2016, 2017, 2018, 2019]"
64,False,False,1e-05,0.0001,100,"(0.6, 0.1, 0.3)",64,4,0,2.0,0.1,0.05,,0.001,0.01,0.001,0.3,0.01,0.0,1000.0,1.3,83.2,0.25,5.3885,[0.716],20,"[2000, 2001, 2002, 2003, 2004, 2005, 2006, 2007, 2008, 2009, 2010, 2011, 2012, 2013, 2014, 2015, 2016, 2017, 2018, 2019]"
64,False,False,1e-05,0.0001,100,"(0.6, 0.1, 0.3)",64,4,0,2.0,0.1,0.05,,0.01,0.01,0.001,0.3,0.01,0.0,1000.0,1.3,83.2,0.25,5.457,[0.7174],20,"[2000, 2001, 2002, 2003, 2004, 2005, 2006, 2007, 2008, 2009, 2010, 2011, 2012, 2013, 2014, 2015, 2016, 2017, 2018, 2019]"
64,False,False,1e-05,0.0001,100,"(0.6, 0.1, 0.3)",64,4,0,2.0,0.1,0.05,,0.01,0.01,0.001,0.3,,,,1.3,83.2,0.25,5.412,[0.7174],20,"[2000, 2001, 2002, 2003, 2004, 2005, 2006, 2007, 2008, 2009, 2010, 2011, 2012, 2013, 2014, 2015, 2016, 2017, 2018, 2019]"
64,False,False,1e-05,0.0001,100,"(0.6, 0.1, 0.3)",64,4,0,2.0,0.1,0.1,,0.001,0.01,0.001,0.3,0.01,0.0,1000.0,1.4,89.6,0.25,5.7844999999999995,[0.7075],20,"[2000, 2001, 2002, 2003, 2004, 2005, 2006, 2007, 2008, 2009, 2010, 2011, 2012, 2013, 2014, 2015, 2016, 2017, 2018, 2019]"
64,False,False,1e-05,0.0001,100,"(0.6, 0.1, 0.3)",64,4,0,2.0,0.1,0.1,,0.01,0.01,0.001,0.3,0.01,0.0,1000.0,1.4,89.6,0.3,5.893,[0.708],20,"[2000, 2001, 2002, 2003, 2004, 2005, 2006, 2007, 2008, 2009, 2010, 2011, 2012, 2013, 2014, 2015, 2016, 2017, 2018, 2019]"
64,False,False,1e-05,0.0001,100,"(0.6, 0.1, 0.3)",64,4,0,2.0,0.1,0.1,,0.01,0.01,0.001,0.3,,,,1.4,89.6,0.3,5.898,[0.708],20,"[2000, 2001, 2002, 2003, 2004, 2005, 2006, 2007, 2008, 2009, 2010, 2011, 2012, 2013, 2014, 2015, 2016, 2017, 2018, 2019]"
64,False,False,1e-05,0.0001,100,"(0.6, 0.1, 0.3)",64,4,0,2.0,0.2,0.05,,0.001,0.01,0.001,0.3,0.01,0.0,1000.0,1.35,86.4,0.25,5.563000000000001,[0.7173],20,"[2000, 2001, 2002, 2003, 2004, 2005, 2006, 2007, 2008, 2009, 2010, 2011, 2012, 2013, 2014, 2015, 2016, 2017, 2018, 2019]"
64,False,False,1e-05,0.0001,100,"(0.6, 0.1, 0.3)",64,4,0,2.0,0.2,0.05,,0.01,0.01,0.001,0.3,0.01,0.0,1000.0,1.4,89.6,0.3,5.846500000000001,[0.7175],20,"[2000, 2001, 2002, 2003, 2004, 2005, 2006, 2007, 2008, 2009, 2010, 2011, 2012, 2013, 2014, 2015, 2016, 2017, 2018, 2019]"
64,False,False,1e-05,0.0001,100,"(0.6, 0.1, 0.3)",64,4,0,2.0,0.2,0.1,,0.001,0.01,0.001,0.3,0.01,0.0,1000.0,1.5,96.0,0.3,6.2395000000000005,[0.6987],20,"[2000, 2001, 2002, 2003, 2004, 2005, 2006, 2007, 2008, 2009, 2010, 2011, 2012, 2013, 2014, 2015, 2016, 2017, 2018, 2019]"
64,False,False,1e-05,0.0001,100,"(0.6, 0.1, 0.3)",64,4,0,2.0,0.2,0.1,,0.01,0.01,0.001,0.3,0.01,0.0,1000.0,1.45,92.8,0.3,6.1025,[0.7002],20,"[2000, 2001, 2002, 2003, 2004, 2005, 2006, 2007, 2008, 2009, 2010, 2011, 2012, 2013, 2014, 2015, 2016, 2017, 2018, 2019]"
64,False,False,1e-05,0.0001,100,"(0.6, 0.1, 0.3)",64,4,0,2.0,0.3,0.05,,0.001,0.01,0.001,0.3,0.01,0.0,1000.0,1.5,96.0,0.2,6.314,[0.7164],20,"[2000, 2001, 2002, 2003, 2004, 2005, 2006, 2007, 2008, 2009, 2010, 2011, 2012, 2013, 2014, 2015, 2016, 2017, 2018, 2019]"
64,False,False,1e-05,0.0001,100,"(0.6, 0.1, 0.3)",64,4,0,2.0,0.3,0.05,,0.01,0.01,0.001,0.3,0.01,0.0,1000.0,1.4,89.6,0.25,5.842499999999999,[0.7174],20,"[2000, 2001, 2002, 2003, 2004, 2005, 2006, 2007, 2008, 2009, 2010, 2011, 2012, 2013, 2014, 2015, 2016, 2017, 2018, 2019]"
64,False,False,1e-05,0.0001,100,"(0.6, 0.1, 0.3)",64,4,0,2.0,0.3,0.1,,0.001,0.01,0.001,0.3,0.01,0.0,1000.0,1.4,89.6,0.25,5.8095,[0.6958],20,"[2000, 2001, 2002, 2003, 2004, 2005, 2006, 2007, 2008, 2009, 2010, 2011, 2012, 2013, 2014, 2015, 2016, 2017, 2018, 2019]"
64,False,False,1e-05,0.0001,100,"(0.6, 0.1, 0.3)",64,4,0,2.0,0.3,0.1,,0.01,0.01,0.001,0.3,0.01,0.0,1000.0,1.45,92.8,0.25,6.131,[0.6961],20,"[2000, 2001, 2002, 2003, 2004, 2005, 2006, 2007, 2008, 2009, 2010, 2011, 2012, 2013, 2014, 2015, 2016, 2017, 2018, 2019]"
64,False,False,1e-05,0.0001,100,"(0.6, 0.1, 0.3)",64,4,0,3.0,0.0,0.0,,0.01,0.01,0.001,0.3,,,,1.2,76.8,0.1,3.893,[0.6966],20,"[2000, 2001, 2002, 2003, 2004, 2005, 2006, 2007, 2008, 2009, 2010, 2011, 2012, 2013, 2014, 2015, 2016, 2017, 2018, 2019]"
64,False,False,1e-05,0.0001,100,"(0.6, 0.1, 0.3)",64,4,0,3.0,0.001,0.05,,0.01,0.01,0.001,0.3,,,,1.2,76.8,0.1,4.964,[0.697],20,"[2000, 2001, 2002, 2003, 2004, 2005, 2006, 2007, 2008, 2009, 2010, 2011, 2012, 2013, 2014, 2015, 2016, 2017, 2018, 2019]"
64,False,False,1e-05,0.0001,100,"(0.6, 0.1, 0.3)",64,4,0,3.0,0.001,0.1,,0.01,0.01,0.001,0.3,,,,1.2,76.8,0.2,4.907,[0.6976],20,"[2000, 2001, 2002, 2003, 2004, 2005, 2006, 2007, 2008, 2009, 2010, 2011, 2012, 2013, 2014, 2015, 2016, 2017, 2018, 2019]"
64,False,False,1e-05,0.0001,100,"(0.6, 0.1, 0.3)",64,4,0,3.0,0.01,0.05,,0.001,0.01,0.001,0.3,0.01,0.0,1000.0,1.25,80.0,0.15,5.154999999999999,[0.6968],20,"[2000, 2001, 2002, 2003, 2004, 2005, 2006, 2007, 2008, 2009, 2010, 2011, 2012, 2013, 2014, 2015, 2016, 2017, 2018, 2019]"
64,False,False,1e-05,0.0001,100,"(0.6, 0.1, 0.3)",64,4,0,3.0,0.01,0.05,,0.01,0.01,0.001,0.3,0.01,0.0,1000.0,1.2,76.8,0.15,4.9965,[0.6966],20,"[2000, 2001, 2002, 2003, 2004, 2005, 2006, 2007, 2008, 2009, 2010, 2011, 2012, 2013, 2014, 2015, 2016, 2017, 2018, 2019]"
64,False,False,1e-05,0.0001,100,"(0.6, 0.1, 0.3)",64,4,0,3.0,0.01,0.05,,0.01,0.01,0.001,0.3,,,,1.2,76.8,0.15,4.954,[0.6966],20,"[2000, 2001, 2002, 2003, 2004, 2005, 2006, 2007, 2008, 2009, 2010, 2011, 2012, 2013, 2014, 2015, 2016, 2017, 2018, 2019]"
64,False,False,1e-05,0.0001,100,"(0.6, 0.1, 0.3)",64,4,0,3.0,0.01,0.1,,0.001,0.01,0.001,0.3,0.01,0.0,1000.0,1.2,76.8,0.15,4.967499999999999,[0.695],20,"[2000, 2001, 2002, 2003, 2004, 2005, 2006, 2007, 2008, 2009, 2010, 2011, 2012, 2013, 2014, 2015, 2016, 2017, 2018, 2019]"
64,False,False,1e-05,0.0001,100,"(0.6, 0.1, 0.3)",64,4,0,3.0,0.01,0.1,,0.01,0.01,0.001,0.3,0.01,0.0,1000.0,1.35,86.4,0.15,5.7315,[0.6952],20,"[2000, 2001, 2002, 2003, 2004, 2005, 2006, 2007, 2008, 2009, 2010, 2011, 2012, 2013, 2014, 2015, 2016, 2017, 2018, 2019]"
64,False,False,1e-05,0.0001,100,"(0.6, 0.1, 0.3)",64,4,0,3.0,0.01,0.1,,0.01,0.01,0.001,0.3,,,,1.35,86.4,0.15,5.618,[0.6952],20,"[2000, 2001, 2002, 2003, 2004, 2005, 2006, 2007, 2008, 2009, 2010, 2011, 2012, 2013, 2014, 2015, 2016, 2017, 2018, 2019]"
64,False,False,1e-05,0.0001,100,"(0.6, 0.1, 0.3)",64,4,0,3.0,0.05,0.05,,0.01,0.01,0.001,0.3,,,,1.3,83.2,0.15,5.459,[0.6926],20,"[2000, 2001, 2002, 2003, 2004, 2005, 2006, 2007, 2008, 2009, 2010, 2011, 2012, 2013, 2014, 2015, 2016, 2017, 2018, 2019]"
64,False,False,1e-05,0.0001,100,"(0.6, 0.1, 0.3)",64,4,0,3.0,0.05,0.1,,0.01,0.01,0.001,0.3,,,,1.45,92.8,0.25,6.1105,[0.6899],20,"[2000, 2001, 2002, 2003, 2004, 2005, 2006, 2007, 2008, 2009, 2010, 2011, 2012, 2013, 2014, 2015, 2016, 2017, 2018, 2019]"
64,False,False,1e-05,0.0001,100,"(0.6, 0.1, 0.3)",64,4,0,3.0,0.1,0.05,,0.001,0.01,0.001,0.3,0.01,0.0,1000.0,1.35,86.4,0.2,5.6339999999999995,[0.6975],20,"[2000, 2001, 2002, 2003, 2004, 2005, 2006, 2007, 2008, 2009, 2010, 2011, 2012, 2013, 2014, 2015, 2016, 2017, 2018, 2019]"
64,False,False,1e-05,0.0001,100,"(0.6, 0.1, 0.3)",64,4,0,3.0,0.1,0.05,,0.01,0.01,0.001,0.3,0.01,0.0,1000.0,1.35,86.4,0.25,5.6665,[0.6969],20,"[2000, 2001, 2002, 2003, 2004, 2005, 2006, 2007, 2008, 2009, 2010, 2011, 2012, 2013, 2014, 2015, 2016, 2017, 2018, 2019]"
64,False,False,1e-05,0.0001,100,"(0.6, 0.1, 0.3)",64,4,0,3.0,0.1,0.05,,0.01,0.01,0.001,0.3,,,,1.35,86.4,0.25,5.8759999999999994,[0.6969],20,"[2000, 2001, 2002, 2003, 2004, 2005, 2006, 2007, 2008, 2009, 2010, 2011, 2012, 2013, 2014, 2015, 2016, 2017, 2018, 2019]"
64,False,False,1e-05,0.0001,100,"(0.6, 0.1, 0.3)",64,4,0,3.0,0.1,0.1,,0.001,0.01,0.001,0.3,0.01,0.0,1000.0,1.5,96.0,0.3,6.2835,[0.6893],20,"[2000, 2001, 2002, 2003, 2004, 2005, 2006, 2007, 2008, 2009, 2010, 2011, 2012, 2013, 2014, 2015, 2016, 2017, 2018, 2019]"
64,False,False,1e-05,0.0001,100,"(0.6, 0.1, 0.3)",64,4,0,3.0,0.1,0.1,,0.01,0.01,0.001,0.3,0.01,0.0,1000.0,1.3,83.2,0.25,5.4275,[0.688],20,"[2000, 2001, 2002, 2003, 2004, 2005, 2006, 2007, 2008, 2009, 2010, 2011, 2012, 2013, 2014, 2015, 2016, 2017, 2018, 2019]"
64,False,False,1e-05,0.0001,100,"(0.6, 0.1, 0.3)",64,4,0,3.0,0.1,0.1,,0.01,0.01,0.001,0.3,,,,1.3,83.2,0.25,5.693,[0.688],20,"[2000, 2001, 2002, 2003, 2004, 2005, 2006, 2007, 2008, 2009, 2010, 2011, 2012, 2013, 2014, 2015, 2016, 2017, 2018, 2019]"
64,False,False,1e-05,0.0001,100,"(0.6, 0.1, 0.3)",64,4,0,3.0,0.2,0.05,,0.001,0.01,0.001,0.3,0.01,0.0,1000.0,1.4,89.6,0.35,5.8115000000000006,[0.7018],20,"[2000, 2001, 2002, 2003, 2004, 2005, 2006, 2007, 2008, 2009, 2010, 2011, 2012, 2013, 2014, 2015, 2016, 2017, 2018, 2019]"
64,False,False,1e-05,0.0001,100,"(0.6, 0.1, 0.3)",64,4,0,3.0,0.2,0.05,,0.01,0.01,0.001,0.3,0.01,0.0,1000.0,1.55,99.2,0.4,6.558,[0.7034],20,"[2000, 2001, 2002, 2003, 2004, 2005, 2006, 2007, 2008, 2009, 2010, 2011, 2012, 2013, 2014, 2015, 2016, 2017, 2018, 2019]"
64,False,False,1e-05,0.0001,100,"(0.6, 0.1, 0.3)",64,4,0,3.0,0.2,0.1,,0.001,0.01,0.001,0.3,0.01,0.0,1000.0,1.45,92.8,0.25,6.0795,[0.6881],20,"[2000, 2001, 2002, 2003, 2004, 2005, 2006, 2007, 2008, 2009, 2010, 2011, 2012, 2013, 2014, 2015, 2016, 2017, 2018, 2019]"
64,False,False,1e-05,0.0001,100,"(0.6, 0.1, 0.3)",64,4,0,3.0,0.2,0.1,,0.01,0.01,0.001,0.3,0.01,0.0,1000.0,1.45,92.8,0.2,6.0705,[0.6877],20,"[2000, 2001, 2002, 2003, 2004, 2005, 2006, 2007, 2008, 2009, 2010, 2011, 2012, 2013, 2014, 2015, 2016, 2017, 2018, 2019]"
64,False,False,1e-05,0.0001,100,"(0.6, 0.1, 0.3)",64,4,0,3.0,0.3,0.05,,0.001,0.01,0.001,0.3,0.01,0.0,1000.0,1.45,92.8,0.25,6.0840000000000005,[0.7034],20,"[2000, 2001, 2002, 2003, 2004, 2005, 2006, 2007, 2008, 2009, 2010, 2011, 2012, 2013, 2014, 2015, 2016, 2017, 2018, 2019]"
64,False,False,1e-05,0.0001,100,"(0.6, 0.1, 0.3)",64,4,0,3.0,0.3,0.05,,0.01,0.01,0.001,0.3,0.01,0.0,1000.0,1.45,92.8,0.25,6.051,[0.704],20,"[2000, 2001, 2002, 2003, 2004, 2005, 2006, 2007, 2008, 2009, 2010, 2011, 2012, 2013, 2014, 2015, 2016, 2017, 2018, 2019]"
64,False,False,1e-05,0.0001,100,"(0.6, 0.1, 0.3)",64,4,0,3.0,0.3,0.1,,0.001,0.01,0.001,0.3,0.01,0.0,1000.0,1.55,99.2,0.15,6.5025,[0.6856],20,"[2000, 2001, 2002, 2003, 2004, 2005, 2006, 2007, 2008, 2009, 2010, 2011, 2012, 2013, 2014, 2015, 2016, 2017, 2018, 2019]"
64,False,False,1e-05,0.0001,100,"(0.6, 0.1, 0.3)",64,4,0,3.0,0.3,0.1,,0.01,0.01,0.001,0.3,0.01,0.0,1000.0,1.55,99.2,0.25,6.4965,[0.685],20,"[2000, 2001, 2002, 2003, 2004, 2005, 2006, 2007, 2008, 2009, 2010, 2011, 2012, 2013, 2014, 2015, 2016, 2017, 2018, 2019]"
64,False,False,1e-05,0.0001,100,"(0.7, 0.3, 0.0)",64,2,0,3.0,0.0,0.0,,0.01,0.01,0.001,0.3,,,,1.75,112.0,0.1,5.963,[0.6966],20,"[2000, 2001, 2002, 2003, 2004, 2005, 2006, 2007, 2008, 2009, 2010, 2011, 2012, 2013, 2014, 2015, 2016, 2017, 2018, 2019]"
64,False,False,1e-05,0.0001,100,"(0.7, 0.3, 0.0)",64,4,0,3.0,0.0,0.0,,0.01,0.01,0.001,0.3,,,,1.65,105.6,0.1,5.5355,[0.6966],20,"[2000, 2001, 2002, 2003, 2004, 2005, 2006, 2007, 2008, 2009, 2010, 2011, 2012, 2013, 2014, 2015, 2016, 2017, 2018, 2019]"
64,False,False,1e-05,0.0001,100,"(1.0, 0.0, 0.0)",64,4,0,3.0,0.0,0.0,,0.01,0.01,0.001,0.3,,,,1.95,124.8,0.1,11.019,[0.6966],20,"[2000, 2001, 2002, 2003, 2004, 2005, 2006, 2007, 2008, 2009, 2010, 2011, 2012, 2013, 2014, 2015, 2016, 2017, 2018, 2019]"
64,False,False,1e-05,0.0001,200,"(0.3, 0.3, 0.4)",64,2,0,3.0,0.0,0.0,,0.01,0.01,0.001,0.3,,,,1.35,86.4,0.2,4.465999999999999,[0.7004],20,"[2000, 2001, 2002, 2003, 2004, 2005, 2006, 2007, 2008, 2009, 2010, 2011, 2012, 2013, 2014, 2015, 2016, 2017, 2018, 2019]"
64,False,False,1e-05,0.0001,200,"(0.3, 0.3, 0.4)",64,4,0,3.0,0.0,0.0,,0.01,0.01,0.001,0.3,,,,1.4,89.6,0.25,4.7025,[0.7004],20,"[2000, 2001, 2002, 2003, 2004, 2005, 2006, 2007, 2008, 2009, 2010, 2011, 2012, 2013, 2014, 2015, 2016, 2017, 2018, 2019]"
64,False,False,1e-05,0.0001,200,"(0.4, 0.3, 0.3)",64,2,0,3.0,0.0,0.0,,0.01,0.01,0.001,0.3,,,,1.3,83.2,0.15,4.25,[0.7004],20,"[2000, 2001, 2002, 2003, 2004, 2005, 2006, 2007, 2008, 2009, 2010, 2011, 2012, 2013, 2014, 2015, 2016, 2017, 2018, 2019]"
64,False,False,1e-05,0.0001,200,"(0.4, 0.3, 0.3)",64,4,0,3.0,0.0,0.0,,0.01,0.01,0.001,0.3,,,,1.3,83.2,0.15,4.555,[0.7004],20,"[2000, 2001, 2002, 2003, 2004, 2005, 2006, 2007, 2008, 2009, 2010, 2011, 2012, 2013, 2014, 2015, 2016, 2017, 2018, 2019]"
64,False,False,1e-05,0.0001,200,"(0.5, 0.2, 0.3)",64,2,0,3.0,0.0,0.0,,0.01,0.01,0.001,0.3,,,,1.35,86.4,0.15,4.5455,[0.7004],20,"[2000, 2001, 2002, 2003, 2004, 2005, 2006, 2007, 2008, 2009, 2010, 2011, 2012, 2013, 2014, 2015, 2016, 2017, 2018, 2019]"
64,False,False,1e-05,0.0001,200,"(0.5, 0.2, 0.3)",64,4,0,3.0,0.0,0.0,,0.01,0.01,0.001,0.3,,,,1.4,89.6,0.15,4.6450000000000005,[0.7004],20,"[2000, 2001, 2002, 2003, 2004, 2005, 2006, 2007, 2008, 2009, 2010, 2011, 2012, 2013, 2014, 2015, 2016, 2017, 2018, 2019]"
64,False,False,1e-05,0.0001,200,"(0.6, 0.1, 0.3)",64,2,0,3.0,0.0,0.0,,0.01,0.01,0.001,0.3,,,,1.25,80.0,0.15,4.1605,[0.7004],20,"[2000, 2001, 2002, 2003, 2004, 2005, 2006, 2007, 2008, 2009, 2010, 2011, 2012, 2013, 2014, 2015, 2016, 2017, 2018, 2019]"
64,False,False,1e-05,0.0001,200,"(0.6, 0.1, 0.3)",64,4,0,3.0,0.0,0.0,,0.01,0.01,0.001,0.3,,,,1.25,80.0,0.2,4.067,[0.7004],20,"[2000, 2001, 2002, 2003, 2004, 2005, 2006, 2007, 2008, 2009, 2010, 2011, 2012, 2013, 2014, 2015, 2016, 2017, 2018, 2019]"
64,False,False,1e-05,0.0001,200,"(0.7, 0.3, 0.0)",64,2,0,3.0,0.0,0.0,,0.01,0.01,0.001,0.3,,,,1.55,99.2,0.2,5.188000000000001,[0.7004],20,"[2000, 2001, 2002, 2003, 2004, 2005, 2006, 2007, 2008, 2009, 2010, 2011, 2012, 2013, 2014, 2015, 2016, 2017, 2018, 2019]"
64,False,False,1e-05,0.0001,200,"(0.7, 0.3, 0.0)",64,4,0,3.0,0.0,0.0,,0.01,0.01,0.001,0.3,,,,1.6,102.4,0.15,5.4215,[0.7004],20,"[2000, 2001, 2002, 2003, 2004, 2005, 2006, 2007, 2008, 2009, 2010, 2011, 2012, 2013, 2014, 2015, 2016, 2017, 2018, 2019]"
64,False,False,1e-05,0.0001,200,"(1.0, 0.0, 0.0)",64,4,0,3.0,0.0,0.0,,0.01,0.01,0.001,0.3,,,,1.9,121.6,0.1,10.614999999999998,[0.7004],20,"[2000, 2001, 2002, 2003, 2004, 2005, 2006, 2007, 2008, 2009, 2010, 2011, 2012, 2013, 2014, 2015, 2016, 2017, 2018, 2019]"
64,False,False,1e-05,0.0001,300,"(0.4, 0.3, 0.3)",64,4,0,3.0,0.0,0.0,,0.01,0.01,0.001,0.3,,,,1.25,80.0,0.2,4.3375,[0.6978],20,"[2000, 2001, 2002, 2003, 2004, 2005, 2006, 2007, 2008, 2009, 2010, 2011, 2012, 2013, 2014, 2015, 2016, 2017, 2018, 2019]"
64,False,False,1e-05,0.0001,300,"(1.0, 0.0, 0.0)",64,4,0,3.0,0.0,0.0,,0.01,0.01,0.001,0.3,,,,1.95,124.8,0.1,11.876999999999999,[0.6978],20,"[2000, 2001, 2002, 2003, 2004, 2005, 2006, 2007, 2008, 2009, 2010, 2011, 2012, 2013, 2014, 2015, 2016, 2017, 2018, 2019]"
64,False,False,1e-05,0.0001,400,"(0.4, 0.3, 0.3)",64,4,0,3.0,0.0,0.0,,0.01,0.01,0.001,0.3,,,,1.3,83.2,0.2,4.848,[0.6965],20,"[2000, 2001, 2002, 2003, 2004, 2005, 2006, 2007, 2008, 2009, 2010, 2011, 2012, 2013, 2014, 2015, 2016, 2017, 2018, 2019]"
64,False,False,1e-05,0.0001,500,"(0.4, 0.3, 0.3)",64,4,0,3.0,0.0,0.0,,0.01,0.01,0.001,0.3,,,,1.25,80.0,0.25,4.42,[0.6931],20,"[2000, 2001, 2002, 2003, 2004, 2005, 2006, 2007, 2008, 2009, 2010, 2011, 2012, 2013, 2014, 2015, 2016, 2017, 2018, 2019]"
64,False,False,1e-05,0.001,0,"(0.4, 0.3, 0.3)",64,4,0,3.0,0.0,0.0,,0.01,0.01,0.001,0.3,,,,1.9,121.6,,7.096500000000001,"[0.7552, 0.7861]",20,"[2000, 2001, 2002, 2003, 2004, 2005, 2006, 2007, 2008, 2009, 2010, 2011, 2012, 2013, 2014, 2015, 2016, 2017, 2018, 2019]"
64,False,False,1e-05,0.01,0,"(0.4, 0.3, 0.3)",64,4,0,3.0,0.0,0.0,,0.01,0.01,0.001,0.3,,,,2.65,169.6,,10.1965,"[0.7916, 0.8094]",20,"[2000, 2001, 2002, 2003, 2004, 2005, 2006, 2007, 2008, 2009, 2010, 2011, 2012, 2013, 2014, 2015, 2016, 2017, 2018, 2019]"
64,False,False,0.0001,1e-06,0,"(0.4, 0.3, 0.3)",64,4,0,3.0,0.0,0.0,,0.01,0.01,0.001,0.3,,,,1.75,112.0,,6.4415000000000004,"[-0.0166, -0.6613]",20,"[2000, 2001, 2002, 2003, 2004, 2005, 2006, 2007, 2008, 2009, 2010, 2011, 2012, 2013, 2014, 2015, 2016, 2017, 2018, 2019]"
64,False,False,0.0001,1e-05,0,"(0.4, 0.3, 0.3)",64,4,0,3.0,0.0,0.0,,0.01,0.01,0.001,0.3,,,,1.5,96.0,,5.2965,[0.621],20,"[2000, 2001, 2002, 2003, 2004, 2005, 2006, 2007, 2008, 2009, 2010, 2011, 2012, 2013, 2014, 2015, 2016, 2017, 2018, 2019]"
64,False,False,0.0001,1e-05,100,"(0.4, 0.3, 0.3)",64,4,0,3.0,0.0,0.0,,0.01,0.01,0.001,0.3,,,,1.4,89.6,0.16666666666666666,4.979,[0.6047],20,"[2010, 2011, 2012, 2013, 2014, 2015, 2016, 2017, 2018, 2019, 2010, 2011, 2012, 2013, 2014, 2015, 2016, 2017, 2018, 2019, 2000, 2001, 2002, 2003, 2004, 2005, 2006, 2007, 2008, 2009]"
64,False,False,0.0001,1e-05,200,"(0.4, 0.3, 0.3)",64,4,0,3.0,0.0,0.0,,0.01,0.01,0.001,0.3,,,,1.4666666666666666,93.86666666666666,0.26666666666666666,5.210666666666667,[0.6092],20,"[2010, 2011, 2012, 2013, 2014, 2015, 2016, 2017, 2018, 2019, 2010, 2011, 2012, 2013, 2014, 2015, 2016, 2017, 2018, 2019, 2000, 2001, 2002, 2003, 2004, 2005, 2006, 2007, 2008, 2009]"
64,False,False,0.0001,1e-05,300,"(0.4, 0.3, 0.3)",64,4,0,3.0,0.0,0.0,,0.01,0.01,0.001,0.3,,,,1.45,92.8,0.2,5.122,[0.6194],20,"[2010, 2011, 2012, 2013, 2014, 2015, 2016, 2017, 2018, 2019, 2000, 2001, 2002, 2003, 2004, 2005, 2006, 2007, 2008, 2009]"
64,False,False,0.0001,1e-05,400,"(0.4, 0.3, 0.3)",64,4,0,3.0,0.0,0.0,,0.01,0.01,0.001,0.3,,,,1.5,96.0,0.3,5.3740000000000006,[0.6248],20,"[2000, 2001, 2002, 2003, 2004, 2005, 2006, 2007, 2008, 2009, 2010, 2011, 2012, 2013, 2014, 2015, 2016, 2017, 2018, 2019]"
64,False,False,0.0001,1e-05,500,"(0.4, 0.3, 0.3)",64,4,0,3.0,0.0,0.0,,0.01,0.01,0.001,0.3,,,,1.6,102.4,0.25,5.8255,[0.6256],20,"[2000, 2001, 2002, 2003, 2004, 2005, 2006, 2007, 2008, 2009, 2010, 2011, 2012, 2013, 2014, 2015, 2016, 2017, 2018, 2019]"
64,False,False,0.0001,0.0001,0,"(0.4, 0.3, 0.3)",64,4,0,3.0,0.0,0.0,,0.01,0.01,0.001,0.3,,,,1.36,87.04,0.1,4.8266,[0.7052],20,"[2000, 2001, 2002, 2003, 2004, 2005, 2006, 2007, 2008, 2009, 2010, 2011, 2012, 2013, 2014, 2015, 2016, 2017, 2018, 2019, 2010, 2011, 2012, 2013, 2014, 2015, 2016, 2017, 2018, 2019, 2000, 2001, 2002, 2003, 2004, 2005, 2006, 2007, 2008, 2009, 2010, 2011, 2012, 2013, 2014, 2015, 2016, 2017, 2018, 2019]"
64,False,False,0.0001,0.0001,100,"(0.4, 0.3, 0.3)",64,4,0,3.0,0.0,0.0,,0.01,0.01,0.001,0.3,,,,1.4,89.6,0.25,4.9485,[0.7117],20,"[2000, 2001, 2002, 2003, 2004, 2005, 2006, 2007, 2008, 2009, 2010, 2011, 2012, 2013, 2014, 2015, 2016, 2017, 2018, 2019]"
64,False,False,0.0001,0.0001,200,"(0.4, 0.3, 0.3)",64,4,0,3.0,0.0,0.0,,0.01,0.01,0.001,0.3,,,,1.55,99.2,0.3,5.9,[0.7106],20,"[2000, 2001, 2002, 2003, 2004, 2005, 2006, 2007, 2008, 2009, 2010, 2011, 2012, 2013, 2014, 2015, 2016, 2017, 2018, 2019]"
64,False,False,0.0001,0.0001,300,"(0.4, 0.3, 0.3)",64,4,0,3.0,0.0,0.0,,0.01,0.01,0.001,0.3,,,,1.4,89.6,0.25,5.0795,[0.71],20,"[2000, 2001, 2002, 2003, 2004, 2005, 2006, 2007, 2008, 2009, 2010, 2011, 2012, 2013, 2014, 2015, 2016, 2017, 2018, 2019]"
64,False,False,0.0001,0.0001,400,"(0.4, 0.3, 0.3)",64,4,0,3.0,0.0,0.0,,0.01,0.01,0.001,0.3,,,,1.45,92.8,0.25,5.442500000000001,[0.7098],20,"[2000, 2001, 2002, 2003, 2004, 2005, 2006, 2007, 2008, 2009, 2010, 2011, 2012, 2013, 2014, 2015, 2016, 2017, 2018, 2019]"
64,False,False,0.0001,0.0001,500,"(0.4, 0.3, 0.3)",64,4,0,3.0,0.0,0.0,,0.01,0.01,0.001,0.3,,,,1.55,99.2,0.3,5.723000000000001,[0.7091],20,"[2000, 2001, 2002, 2003, 2004, 2005, 2006, 2007, 2008, 2009, 2010, 2011, 2012, 2013, 2014, 2015, 2016, 2017, 2018, 2019]"
64,False,False,0.0001,0.001,0,"(0.4, 0.3, 0.3)",64,4,0,3.0,0.0,0.0,,0.01,0.01,0.001,0.3,,,,1.6,102.4,,5.6530000000000005,[0.7838],20,"[2000, 2001, 2002, 2003, 2004, 2005, 2006, 2007, 2008, 2009, 2010, 2011, 2012, 2013, 2014, 2015, 2016, 2017, 2018, 2019]"
64,False,False,0.0001,0.01,0,"(0.4, 0.3, 0.3)",64,4,0,3.0,0.0,0.0,,0.01,0.01,0.001,0.3,,,,2.05,131.2,,7.4625,[0.8153],20,"[2000, 2001, 2002, 2003, 2004, 2005, 2006, 2007, 2008, 2009, 2010, 2011, 2012, 2013, 2014, 2015, 2016, 2017, 2018, 2019]"
64,False,True,1e-05,1e-05,0,"(0.3, 0.3, 0.4)",64,2,0,3.0,0.0,0.0,,0.01,0.01,0.001,0.3,,,,1.8,115.2,0.1,4.943,"[-9.3264, -9.2324]",20,"[2000, 2001, 2002, 2003, 2004, 2005, 2006, 2007, 2008, 2009, 2010, 2011, 2012, 2013, 2014, 2015, 2016, 2017, 2018, 2019]"
64,False,True,1e-05,1e-05,0,"(0.3, 0.3, 0.4)",64,4,0,3.0,0.0,0.0,,0.01,0.01,0.001,0.3,,,,1.85,118.4,0.1,5.0605,"[-9.3264, -9.2191]",20,"[2000, 2001, 2002, 2003, 2004, 2005, 2006, 2007, 2008, 2009, 2010, 2011, 2012, 2013, 2014, 2015, 2016, 2017, 2018, 2019]"
64,False,True,1e-05,1e-05,0,"(0.4, 0.3, 0.3)",64,2,0,3.0,0.0,0.0,,0.01,0.01,0.001,0.3,,,,1.75,112.0,0.1,4.8235,"[-9.3264, -9.1524]",20,"[2000, 2001, 2002, 2003, 2004, 2005, 2006, 2007, 2008, 2009, 2010, 2011, 2012, 2013, 2014, 2015, 2016, 2017, 2018, 2019]"
64,False,True,1e-05,1e-05,0,"(0.5, 0.2, 0.3)",64,2,0,3.0,0.0,0.0,,0.01,0.01,0.001,0.3,,,,1.75,112.0,0.1,4.873,"[-9.3264, -9.1677]",20,"[2000, 2001, 2002, 2003, 2004, 2005, 2006, 2007, 2008, 2009, 2010, 2011, 2012, 2013, 2014, 2015, 2016, 2017, 2018, 2019]"
64,False,True,1e-05,1e-05,0,"(0.5, 0.2, 0.3)",64,4,0,3.0,0.0,0.0,,0.01,0.01,0.001,0.3,,,,1.75,112.0,0.1,4.827,"[-9.3264, -9.1671]",20,"[2000, 2001, 2002, 2003, 2004, 2005, 2006, 2007, 2008, 2009, 2010, 2011, 2012, 2013, 2014, 2015, 2016, 2017, 2018, 2019]"
64,False,True,1e-05,1e-05,0,"(0.6, 0.1, 0.3)",64,2,0,3.0,0.0,0.0,,0.01,0.01,0.001,0.3,,,,1.7,108.8,0.15,4.689500000000001,"[-9.3264, -9.1089]",20,"[2000, 2001, 2002, 2003, 2004, 2005, 2006, 2007, 2008, 2009, 2010, 2011, 2012, 2013, 2014, 2015, 2016, 2017, 2018, 2019]"
64,False,True,1e-05,1e-05,0,"(0.6, 0.1, 0.3)",64,4,0,3.0,0.0,0.0,,0.01,0.01,0.001,0.3,,,,1.7,108.8,0.15,4.8525,"[-9.3264, -9.1023]",20,"[2000, 2001, 2002, 2003, 2004, 2005, 2006, 2007, 2008, 2009, 2010, 2011, 2012, 2013, 2014, 2015, 2016, 2017, 2018, 2019]"
64,False,True,1e-05,1e-05,0,"(0.7, 0.3, 0.0)",64,2,0,3.0,0.0,0.0,,0.01,0.01,0.001,0.3,,,,1.85,118.4,0.1,5.146,"[-9.3264, -9.0608, -8.9935]",20,"[2000, 2001, 2002, 2003, 2004, 2005, 2006, 2007, 2008, 2009, 2010, 2011, 2012, 2013, 2014, 2015, 2016, 2017, 2018, 2019]"
64,False,True,1e-05,1e-05,0,"(0.7, 0.3, 0.0)",64,4,0,3.0,0.0,0.0,,0.01,0.01,0.001,0.3,,,,1.8,115.2,0.1,4.975,"[-9.3264, -9.0487, -8.9556]",20,"[2000, 2001, 2002, 2003, 2004, 2005, 2006, 2007, 2008, 2009, 2010, 2011, 2012, 2013, 2014, 2015, 2016, 2017, 2018, 2019]"
64,False,True,1e-05,1e-05,100,"(0.3, 0.3, 0.4)",64,2,0,3.0,0.0,0.0,,0.01,0.01,0.001,0.3,,,,1.85,118.4,0.1,5.0835,"[-8.7808, -8.6604]",20,"[2000, 2001, 2002, 2003, 2004, 2005, 2006, 2007, 2008, 2009, 2010, 2011, 2012, 2013, 2014, 2015, 2016, 2017, 2018, 2019]"
64,False,True,1e-05,1e-05,100,"(0.3, 0.3, 0.4)",64,4,0,3.0,0.0,0.0,,0.01,0.01,0.001,0.3,,,,1.85,118.4,0.1,5.227,"[-8.7808, -8.6738]",20,"[2000, 2001, 2002, 2003, 2004, 2005, 2006, 2007, 2008, 2009, 2010, 2011, 2012, 2013, 2014, 2015, 2016, 2017, 2018, 2019]"
64,False,True,1e-05,1e-05,100,"(0.4, 0.3, 0.3)",64,2,0,3.0,0.0,0.0,,0.01,0.01,0.001,0.3,,,,1.7,108.8,0.1,4.6865000000000006,"[-8.7808, -8.5539]",20,"[2000, 2001, 2002, 2003, 2004, 2005, 2006, 2007, 2008, 2009, 2010, 2011, 2012, 2013, 2014, 2015, 2016, 2017, 2018, 2019]"
64,False,True,1e-05,1e-05,100,"(0.5, 0.2, 0.3)",64,2,0,3.0,0.0,0.0,,0.01,0.01,0.001,0.3,,,,1.65,105.6,0.15,4.5535,"[-8.7808, -8.5328]",20,"[2000, 2001, 2002, 2003, 2004, 2005, 2006, 2007, 2008, 2009, 2010, 2011, 2012, 2013, 2014, 2015, 2016, 2017, 2018, 2019]"
64,False,True,1e-05,1e-05,100,"(0.5, 0.2, 0.3)",64,4,0,3.0,0.0,0.0,,0.01,0.01,0.001,0.3,,,,1.75,112.0,0.15,4.909,"[-8.7808, -8.5501]",20,"[2000, 2001, 2002, 2003, 2004, 2005, 2006, 2007, 2008, 2009, 2010, 2011, 2012, 2013, 2014, 2015, 2016, 2017, 2018, 2019]"
64,False,True,1e-05,1e-05,100,"(0.6, 0.1, 0.3)",64,2,0,3.0,0.0,0.0,,0.01,0.01,0.001,0.3,,,,1.65,105.6,0.15,4.5185,"[-8.7808, -8.4567]",20,"[2000, 2001, 2002, 2003, 2004, 2005, 2006, 2007, 2008, 2009, 2010, 2011, 2012, 2013, 2014, 2015, 2016, 2017, 2018, 2019]"
64,False,True,1e-05,1e-05,100,"(0.6, 0.1, 0.3)",64,4,0,3.0,0.0,0.0,,0.01,0.01,0.001,0.3,,,,1.6,102.4,0.2,4.3950000000000005,"[-8.7808, -8.5118]",20,"[2000, 2001, 2002, 2003, 2004, 2005, 2006, 2007, 2008, 2009, 2010, 2011, 2012, 2013, 2014, 2015, 2016, 2017, 2018, 2019]"
64,False,True,1e-05,1e-05,100,"(0.7, 0.3, 0.0)",64,2,0,3.0,0.0,0.0,,0.01,0.01,0.001,0.3,,,,1.7,108.8,0.1,4.708,"[-8.7808, -8.4063]",20,"[2000, 2001, 2002, 2003, 2004, 2005, 2006, 2007, 2008, 2009, 2010, 2011, 2012, 2013, 2014, 2015, 2016, 2017, 2018, 2019]"
64,False,True,1e-05,1e-05,100,"(0.7, 0.3, 0.0)",64,4,0,3.0,0.0,0.0,,0.01,0.01,0.001,0.3,,,,1.7,108.8,0.1,4.7485,"[-8.7808, -8.4311]",20,"[2000, 2001, 2002, 2003, 2004, 2005, 2006, 2007, 2008, 2009, 2010, 2011, 2012, 2013, 2014, 2015, 2016, 2017, 2018, 2019]"
64,False,True,1e-05,1e-05,200,"(0.3, 0.3, 0.4)",64,2,0,3.0,0.0,0.0,,0.01,0.01,0.001,0.3,,,,1.8,115.2,0.15,4.977,"[-8.2819, -8.1932]",20,"[2000, 2001, 2002, 2003, 2004, 2005, 2006, 2007, 2008, 2009, 2010, 2011, 2012, 2013, 2014, 2015, 2016, 2017, 2018, 2019]"
64,False,True,1e-05,1e-05,200,"(0.3, 0.3, 0.4)",64,4,0,3.0,0.0,0.0,,0.01,0.01,0.001,0.3,,,,1.85,118.4,0.1,5.21,"[-8.2819, -8.2111]",20,"[2000, 2001, 2002, 2003, 2004, 2005, 2006, 2007, 2008, 2009, 2010, 2011, 2012, 2013, 2014, 2015, 2016, 2017, 2018, 2019]"
64,False,True,1e-05,1e-05,200,"(0.4, 0.3, 0.3)",64,2,0,3.0,0.0,0.0,,0.01,0.01,0.001,0.3,,,,1.7,108.8,0.15,4.681,"[-8.2819, -8.0675]",20,"[2000, 2001, 2002, 2003, 2004, 2005, 2006, 2007, 2008, 2009, 2010, 2011, 2012, 2013, 2014, 2015, 2016, 2017, 2018, 2019]"
64,False,True,1e-05,1e-05,200,"(0.5, 0.2, 0.3)",64,2,0,3.0,0.0,0.0,,0.01,0.01,0.001,0.3,,,,1.6,102.4,0.2,4.3585,"[-8.2819, -8.0954]",20,"[2000, 2001, 2002, 2003, 2004, 2005, 2006, 2007, 2008, 2009, 2010, 2011, 2012, 2013, 2014, 2015, 2016, 2017, 2018, 2019]"
64,False,True,1e-05,1e-05,200,"(0.5, 0.2, 0.3)",64,4,0,3.0,0.0,0.0,,0.01,0.01,0.001,0.3,,,,1.6,102.4,0.15,4.399500000000001,"[-8.2819, -8.0948]",20,"[2000, 2001, 2002, 2003, 2004, 2005, 2006, 2007, 2008, 2009, 2010, 2011, 2012, 2013, 2014, 2015, 2016, 2017, 2018, 2019]"
64,False,True,1e-05,1e-05,200,"(0.6, 0.1, 0.3)",64,2,0,3.0,0.0,0.0,,0.01,0.01,0.001,0.3,,,,1.65,105.6,0.2,4.534000000000001,"[-8.2819, -8.0754]",20,"[2000, 2001, 2002, 2003, 2004, 2005, 2006, 2007, 2008, 2009, 2010, 2011, 2012, 2013, 2014, 2015, 2016, 2017, 2018, 2019]"
64,False,True,1e-05,1e-05,200,"(0.6, 0.1, 0.3)",64,4,0,3.0,0.0,0.0,,0.01,0.01,0.001,0.3,,,,1.7,108.8,0.2,4.835,"[-8.2819, -8.0906]",20,"[2000, 2001, 2002, 2003, 2004, 2005, 2006, 2007, 2008, 2009, 2010, 2011, 2012, 2013, 2014, 2015, 2016, 2017, 2018, 2019]"
64,False,True,1e-05,1e-05,200,"(0.7, 0.3, 0.0)",64,2,0,3.0,0.0,0.0,,0.01,0.01,0.001,0.3,,,,1.55,99.2,0.1,4.2575,"[-8.2819, -7.9277]",20,"[2000, 2001, 2002, 2003, 2004, 2005, 2006, 2007, 2008, 2009, 2010, 2011, 2012, 2013, 2014, 2015, 2016, 2017, 2018, 2019]"
64,False,True,1e-05,1e-05,200,"(0.7, 0.3, 0.0)",64,4,0,3.0,0.0,0.0,,0.01,0.01,0.001,0.3,,,,1.6,102.4,0.1,4.4315,"[-8.2819, -7.9614]",20,"[2000, 2001, 2002, 2003, 2004, 2005, 2006, 2007, 2008, 2009, 2010, 2011, 2012, 2013, 2014, 2015, 2016, 2017, 2018, 2019]"
64,False,True,1e-05,0.0001,0,"(0.3, 0.3, 0.4)",64,2,0,3.0,0.0,0.0,,0.01,0.01,0.001,0.3,,,,1.95,124.8,0.35,5.4665,"[0.7021, 0.6582, 0.6241]",20,"[2000, 2001, 2002, 2003, 2004, 2005, 2006, 2007, 2008, 2009, 2010, 2011, 2012, 2013, 2014, 2015, 2016, 2017, 2018, 2019]"
64,False,True,1e-05,0.0001,0,"(0.3, 0.3, 0.4)",64,4,0,3.0,0.0,0.0,,0.01,0.01,0.001,0.3,,,,1.95,124.8,0.3,5.564,"[0.7021, 0.6443, 0.6303]",20,"[2000, 2001, 2002, 2003, 2004, 2005, 2006, 2007, 2008, 2009, 2010, 2011, 2012, 2013, 2014, 2015, 2016, 2017, 2018, 2019]"
64,False,True,1e-05,0.0001,0,"(0.4, 0.3, 0.3)",64,2,0,3.0,0.0,0.0,,0.01,0.01,0.001,0.3,,,,1.8,115.2,0.35,5.144,[0.7021],20,"[2000, 2001, 2002, 2003, 2004, 2005, 2006, 2007, 2008, 2009, 2010, 2011, 2012, 2013, 2014, 2015, 2016, 2017, 2018, 2019]"
64,False,True,1e-05,0.0001,0,"(0.5, 0.2, 0.3)",64,2,0,3.0,0.0,0.0,,0.01,0.01,0.001,0.3,,,,1.6,102.4,0.2,4.4275,[0.7021],20,"[2000, 2001, 2002, 2003, 2004, 2005, 2006, 2007, 2008, 2009, 2010, 2011, 2012, 2013, 2014, 2015, 2016, 2017, 2018, 2019]"
64,False,True,1e-05,0.0001,0,"(0.5, 0.2, 0.3)",64,4,0,3.0,0.0,0.0,,0.01,0.01,0.001,0.3,,,,1.8,115.2,0.3,5.0765,[0.7021],20,"[2000, 2001, 2002, 2003, 2004, 2005, 2006, 2007, 2008, 2009, 2010, 2011, 2012, 2013, 2014, 2015, 2016, 2017, 2018, 2019]"
64,False,True,1e-05,0.0001,0,"(0.6, 0.1, 0.3)",64,2,0,3.0,0.0,0.0,,0.01,0.01,0.001,0.3,,,,1.55,99.2,0.2,4.2935,[0.7021],20,"[2000, 2001, 2002, 2003, 2004, 2005, 2006, 2007, 2008, 2009, 2010, 2011, 2012, 2013, 2014, 2015, 2016, 2017, 2018, 2019]"
64,False,True,1e-05,0.0001,0,"(0.6, 0.1, 0.3)",64,4,0,3.0,0.0,0.0,,0.01,0.01,0.001,0.3,,,,1.6,102.4,0.15,4.4045000000000005,[0.7021],20,"[2000, 2001, 2002, 2003, 2004, 2005, 2006, 2007, 2008, 2009, 2010, 2011, 2012, 2013, 2014, 2015, 2016, 2017, 2018, 2019]"
64,False,True,1e-05,0.0001,0,"(0.7, 0.3, 0.0)",64,2,0,3.0,0.0,0.0,,0.01,0.01,0.001,0.3,,,,1.7,108.8,0.1,4.7315,[0.7021],20,"[2000, 2001, 2002, 2003, 2004, 2005, 2006, 2007, 2008, 2009, 2010, 2011, 2012, 2013, 2014, 2015, 2016, 2017, 2018, 2019]"
64,False,True,1e-05,0.0001,0,"(0.7, 0.3, 0.0)",64,4,0,3.0,0.0,0.0,,0.01,0.01,0.001,0.3,,,,1.75,112.0,0.1,5.0205,[0.7021],20,"[2000, 2001, 2002, 2003, 2004, 2005, 2006, 2007, 2008, 2009, 2010, 2011, 2012, 2013, 2014, 2015, 2016, 2017, 2018, 2019]"
64,False,True,1e-05,0.0001,100,"(0.3, 0.3, 0.4)",64,2,0,3.0,0.0,0.0,,0.01,0.01,0.001,0.3,,,,1.8,115.2,0.2,5.21,"[0.7001, 0.6824, 0.5988]",20,"[2000, 2001, 2002, 2003, 2004, 2005, 2006, 2007, 2008, 2009, 2010, 2011, 2012, 2013, 2014, 2015, 2016, 2017, 2018, 2019]"
64,False,True,1e-05,0.0001,100,"(0.3, 0.3, 0.4)",64,4,0,3.0,0.0,0.0,,0.01,0.01,0.001,0.3,,,,1.8,115.2,0.25,5.113,"[0.7001, 0.6759, 0.6189]",20,"[2000, 2001, 2002, 2003, 2004, 2005, 2006, 2007, 2008, 2009, 2010, 2011, 2012, 2013, 2014, 2015, 2016, 2017, 2018, 2019]"
64,False,True,1e-05,0.0001,100,"(0.4, 0.3, 0.3)",64,2,0,3.0,0.0,0.0,,0.01,0.01,0.001,0.3,,,,1.65,105.6,0.3,4.6635,[0.7001],20,"[2000, 2001, 2002, 2003, 2004, 2005, 2006, 2007, 2008, 2009, 2010, 2011, 2012, 2013, 2014, 2015, 2016, 2017, 2018, 2019]"
64,False,True,1e-05,0.0001,100,"(0.5, 0.2, 0.3)",64,2,0,3.0,0.0,0.0,,0.01,0.01,0.001,0.3,,,,1.55,99.2,0.25,4.4835,[0.7001],20,"[2000, 2001, 2002, 2003, 2004, 2005, 2006, 2007, 2008, 2009, 2010, 2011, 2012, 2013, 2014, 2015, 2016, 2017, 2018, 2019]"
64,False,True,1e-05,0.0001,100,"(0.5, 0.2, 0.3)",64,4,0,3.0,0.0,0.0,,0.01,0.01,0.001,0.3,,,,1.55,99.2,0.2,4.4535,[0.7001],20,"[2000, 2001, 2002, 2003, 2004, 2005, 2006, 2007, 2008, 2009, 2010, 2011, 2012, 2013, 2014, 2015, 2016, 2017, 2018, 2019]"
64,False,True,1e-05,0.0001,100,"(0.6, 0.1, 0.3)",64,2,0,3.0,0.0,0.0,,0.01,0.01,0.001,0.3,,,,1.5,96.0,0.2,4.167,[0.7001],20,"[2000, 2001, 2002, 2003, 2004, 2005, 2006, 2007, 2008, 2009, 2010, 2011, 2012, 2013, 2014, 2015, 2016, 2017, 2018, 2019]"
64,False,True,1e-05,0.0001,100,"(0.6, 0.1, 0.3)",64,4,0,3.0,0.0,0.0,,0.01,0.01,0.001,0.3,,,,1.45,92.8,0.15,4.0435,[0.7001],20,"[2000, 2001, 2002, 2003, 2004, 2005, 2006, 2007, 2008, 2009, 2010, 2011, 2012, 2013, 2014, 2015, 2016, 2017, 2018, 2019]"
64,False,True,1e-05,0.0001,100,"(0.7, 0.3, 0.0)",64,2,0,3.0,0.0,0.0,,0.01,0.01,0.001,0.3,,,,1.55,99.2,0.1,4.2885,[0.7001],20,"[2000, 2001, 2002, 2003, 2004, 2005, 2006, 2007, 2008, 2009, 2010, 2011, 2012, 2013, 2014, 2015, 2016, 2017, 2018, 2019]"
64,False,True,1e-05,0.0001,100,"(0.7, 0.3, 0.0)",64,4,0,3.0,0.0,0.0,,0.01,0.01,0.001,0.3,,,,1.55,99.2,0.1,4.32,[0.7001],20,"[2000, 2001, 2002, 2003, 2004, 2005, 2006, 2007, 2008, 2009, 2010, 2011, 2012, 2013, 2014, 2015, 2016, 2017, 2018, 2019]"
64,False,True,1e-05,0.0001,200,"(0.3, 0.3, 0.4)",64,2,0,3.0,0.0,0.0,,0.01,0.01,0.001,0.3,,,,1.7,108.8,0.15,4.9265,[0.6931],20,"[2000, 2001, 2002, 2003, 2004, 2005, 2006, 2007, 2008, 2009, 2010, 2011, 2012, 2013, 2014, 2015, 2016, 2017, 2018, 2019]"
64,False,True,1e-05,0.0001,200,"(0.3, 0.3, 0.4)",64,4,0,3.0,0.0,0.0,,0.01,0.01,0.001,0.3,,,,1.7,108.8,0.25,4.681,[0.6931],20,"[2000, 2001, 2002, 2003, 2004, 2005, 2006, 2007, 2008, 2009, 2010, 2011, 2012, 2013, 2014, 2015, 2016, 2017, 2018, 2019]"
64,False,True,1e-05,0.0001,200,"(0.4, 0.3, 0.3)",64,2,0,3.0,0.0,0.0,,0.01,0.01,0.001,0.3,,,,1.55,99.2,0.25,4.436,[0.6931],20,"[2000, 2001, 2002, 2003, 2004, 2005, 2006, 2007, 2008, 2009, 2010, 2011, 2012, 2013, 2014, 2015, 2016, 2017, 2018, 2019]"
64,False,True,1e-05,0.0001,200,"(0.5, 0.2, 0.3)",64,2,0,3.0,0.0,0.0,,0.01,0.01,0.001,0.3,,,,1.55,99.2,0.15,4.403499999999999,[0.6931],20,"[2000, 2001, 2002, 2003, 2004, 2005, 2006, 2007, 2008, 2009, 2010, 2011, 2012, 2013, 2014, 2015, 2016, 2017, 2018, 2019]"
64,False,True,1e-05,0.0001,200,"(0.5, 0.2, 0.3)",64,4,0,3.0,0.0,0.0,,0.01,0.01,0.001,0.3,,,,1.55,99.2,0.25,4.4879999999999995,[0.6931],20,"[2000, 2001, 2002, 2003, 2004, 2005, 2006, 2007, 2008, 2009, 2010, 2011, 2012, 2013, 2014, 2015, 2016, 2017, 2018, 2019]"
64,False,True,1e-05,0.0001,200,"(0.6, 0.1, 0.3)",64,2,0,3.0,0.0,0.0,,0.01,0.01,0.001,0.3,,,,1.55,99.2,0.15,4.372,[0.6931],20,"[2000, 2001, 2002, 2003, 2004, 2005, 2006, 2007, 2008, 2009, 2010, 2011, 2012, 2013, 2014, 2015, 2016, 2017, 2018, 2019]"
64,False,True,1e-05,0.0001,200,"(0.6, 0.1, 0.3)",64,4,0,3.0,0.0,0.0,,0.01,0.01,0.001,0.3,,,,1.5,96.0,0.2,4.205,[0.6931],20,"[2000, 2001, 2002, 2003, 2004, 2005, 2006, 2007, 2008, 2009, 2010, 2011, 2012, 2013, 2014, 2015, 2016, 2017, 2018, 2019]"
64,False,True,1e-05,0.0001,200,"(0.7, 0.3, 0.0)",64,2,0,3.0,0.0,0.0,,0.01,0.01,0.001,0.3,,,,1.65,105.6,0.1,4.675,[0.6931],20,"[2000, 2001, 2002, 2003, 2004, 2005, 2006, 2007, 2008, 2009, 2010, 2011, 2012, 2013, 2014, 2015, 2016, 2017, 2018, 2019]"
64,False,True,1e-05,0.0001,200,"(0.7, 0.3, 0.0)",64,4,0,3.0,0.0,0.0,,0.01,0.01,0.001,0.3,,,,1.65,105.6,0.1,4.5840000000000005,[0.6931],20,"[2000, 2001, 2002, 2003, 2004, 2005, 2006, 2007, 2008, 2009, 2010, 2011, 2012, 2013, 2014, 2015, 2016, 2017, 2018, 2019]"
64,True,False,1e-05,1e-05,0,"(0.3, 0.3, 0.4)",64,2,0,3.0,0.0,0.0,,0.01,0.01,0.001,0.3,,,,2.4,153.6,0.0,8.659,"[-0.3102, 0.0486]",20,"[2000, 2001, 2002, 2003, 2004, 2005, 2006, 2007, 2008, 2009, 2010, 2011, 2012, 2013, 2014, 2015, 2016, 2017, 2018, 2019]"
64,True,False,1e-05,1e-05,0,"(0.3, 0.3, 0.4)",64,4,0,3.0,0.0,0.0,,0.01,0.01,0.001,0.3,,,,2.45,156.8,0.05,8.9765,"[-0.3102, 0.0559]",20,"[2000, 2001, 2002, 2003, 2004, 2005, 2006, 2007, 2008, 2009, 2010, 2011, 2012, 2013, 2014, 2015, 2016, 2017, 2018, 2019]"
64,True,False,1e-05,1e-05,0,"(0.4, 0.3, 0.3)",64,2,0,3.0,0.0,0.0,,0.01,0.01,0.001,0.3,,,,2.35,150.4,0.0,8.9035,"[-0.3102, 0.0175]",20,"[2000, 2001, 2002, 2003, 2004, 2005, 2006, 2007, 2008, 2009, 2010, 2011, 2012, 2013, 2014, 2015, 2016, 2017, 2018, 2019]"
64,True,False,1e-05,1e-05,0,"(0.5, 0.2, 0.3)",64,2,0,3.0,0.0,0.0,,0.01,0.01,0.001,0.3,,,,2.25,144.0,0.0,7.715000000000001,"[-0.3102, 0.0271, -0.0962]",20,"[2000, 2001, 2002, 2003, 2004, 2005, 2006, 2007, 2008, 2009, 2010, 2011, 2012, 2013, 2014, 2015, 2016, 2017, 2018, 2019]"
64,True,False,1e-05,1e-05,0,"(0.5, 0.2, 0.3)",64,4,0,3.0,0.0,0.0,,0.01,0.01,0.001,0.3,,,,2.15,137.6,0.0,7.302,"[-0.3102, 0.0924, 0.001]",20,"[2000, 2001, 2002, 2003, 2004, 2005, 2006, 2007, 2008, 2009, 2010, 2011, 2012, 2013, 2014, 2015, 2016, 2017, 2018, 2019]"
64,True,False,1e-05,1e-05,0,"(0.6, 0.1, 0.3)",64,2,0,3.0,0.0,0.0,,0.01,0.01,0.001,0.3,,,,2.05,131.2,0.0,7.0155,"[-0.3102, -0.0232]",20,"[2000, 2001, 2002, 2003, 2004, 2005, 2006, 2007, 2008, 2009, 2010, 2011, 2012, 2013, 2014, 2015, 2016, 2017, 2018, 2019]"
64,True,False,1e-05,1e-05,0,"(0.6, 0.1, 0.3)",64,4,0,3.0,0.0,0.0,,0.01,0.01,0.001,0.3,,,,2.1,134.4,0.0,7.309,"[-0.3102, 0.0293]",20,"[2000, 2001, 2002, 2003, 2004, 2005, 2006, 2007, 2008, 2009, 2010, 2011, 2012, 2013, 2014, 2015, 2016, 2017, 2018, 2019]"
64,True,False,1e-05,1e-05,0,"(0.7, 0.3, 0.0)",64,2,0,3.0,0.0,0.0,,0.01,0.01,0.001,0.3,,,,2.25,144.0,0.0,7.9265,"[-0.3102, -0.0084]",20,"[2000, 2001, 2002, 2003, 2004, 2005, 2006, 2007, 2008, 2009, 2010, 2011, 2012, 2013, 2014, 2015, 2016, 2017, 2018, 2019]"
64,True,False,1e-05,1e-05,0,"(0.7, 0.3, 0.0)",64,4,0,3.0,0.0,0.0,,0.01,0.01,0.001,0.3,,,,2.3,147.2,0.0,8.2595,"[-0.3102, -0.0226]",20,"[2000, 2001, 2002, 2003, 2004, 2005, 2006, 2007, 2008, 2009, 2010, 2011, 2012, 2013, 2014, 2015, 2016, 2017, 2018, 2019]"
64,True,False,1e-05,1e-05,100,"(0.3, 0.3, 0.4)",64,2,0,3.0,0.0,0.0,,0.01,0.01,0.001,0.3,,,,2.35,150.4,0.05,8.2095,"[0.3097, 0.33]",20,"[2000, 2001, 2002, 2003, 2004, 2005, 2006, 2007, 2008, 2009, 2010, 2011, 2012, 2013, 2014, 2015, 2016, 2017, 2018, 2019]"
64,True,False,1e-05,1e-05,100,"(0.3, 0.3, 0.4)",64,4,0,3.0,0.0,0.0,,0.01,0.01,0.001,0.3,,,,2.2,140.8,0.0,7.577,"[0.3097, 0.3142]",20,"[2000, 2001, 2002, 2003, 2004, 2005, 2006, 2007, 2008, 2009, 2010, 2011, 2012, 2013, 2014, 2015, 2016, 2017, 2018, 2019]"
64,True,False,1e-05,1e-05,100,"(0.4, 0.3, 0.3)",64,2,0,3.0,0.0,0.0,,0.01,0.01,0.001,0.3,,,,2.15,137.6,0.0,7.33,"[0.3097, 0.3389]",20,"[2000, 2001, 2002, 2003, 2004, 2005, 2006, 2007, 2008, 2009, 2010, 2011, 2012, 2013, 2014, 2015, 2016, 2017, 2018, 2019]"
64,True,False,1e-05,1e-05,100,"(0.5, 0.2, 0.3)",64,2,0,3.0,0.0,0.0,,0.01,0.01,0.001,0.3,,,,2.25,144.0,0.0,7.8855,"[0.3097, 0.3096, 0.2369]",20,"[2000, 2001, 2002, 2003, 2004, 2005, 2006, 2007, 2008, 2009, 2010, 2011, 2012, 2013, 2014, 2015, 2016, 2017, 2018, 2019]"
64,True,False,1e-05,1e-05,100,"(0.5, 0.2, 0.3)",64,4,0,3.0,0.0,0.0,,0.01,0.01,0.001,0.3,,,,2.35,150.4,0.0,8.143,"[0.3097, 0.3093]",20,"[2000, 2001, 2002, 2003, 2004, 2005, 2006, 2007, 2008, 2009, 2010, 2011, 2012, 2013, 2014, 2015, 2016, 2017, 2018, 2019]"
64,True,False,1e-05,1e-05,100,"(0.6, 0.1, 0.3)",64,2,0,3.0,0.0,0.0,,0.01,0.01,0.001,0.3,,,,2.25,144.0,0.0,7.8565,"[0.3097, 0.2916, 0.2036]",20,"[2000, 2001, 2002, 2003, 2004, 2005, 2006, 2007, 2008, 2009, 2010, 2011, 2012, 2013, 2014, 2015, 2016, 2017, 2018, 2019]"
64,True,False,1e-05,1e-05,100,"(0.6, 0.1, 0.3)",64,4,0,3.0,0.0,0.0,,0.01,0.01,0.001,0.3,,,,2.2,140.8,0.05,7.587999999999999,"[0.3097, 0.2991]",20,"[2000, 2001, 2002, 2003, 2004, 2005, 2006, 2007, 2008, 2009, 2010, 2011, 2012, 2013, 2014, 2015, 2016, 2017, 2018, 2019]"
64,True,False,1e-05,1e-05,100,"(0.7, 0.3, 0.0)",64,2,0,3.0,0.0,0.0,,0.01,0.01,0.001,0.3,,,,2.15,137.6,0.0,7.454000000000001,"[0.3097, 0.2505]",20,"[2000, 2001, 2002, 2003, 2004, 2005, 2006, 2007, 2008, 2009, 2010, 2011, 2012, 2013, 2014, 2015, 2016, 2017, 2018, 2019]"
64,True,False,1e-05,1e-05,100,"(0.7, 0.3, 0.0)",64,4,0,3.0,0.0,0.0,,0.01,0.01,0.001,0.3,,,,2.15,137.6,0.0,7.5785,"[0.3097, 0.2386]",20,"[2000, 2001, 2002, 2003, 2004, 2005, 2006, 2007, 2008, 2009, 2010, 2011, 2012, 2013, 2014, 2015, 2016, 2017, 2018, 2019]"
64,True,False,1e-05,1e-05,200,"(0.3, 0.3, 0.4)",64,2,0,3.0,0.0,0.0,,0.01,0.01,0.001,0.3,,,,2.45,156.8,0.05,8.998000000000001,"[0.533, 0.469, 0.3484]",20,"[2000, 2001, 2002, 2003, 2004, 2005, 2006, 2007, 2008, 2009, 2010, 2011, 2012, 2013, 2014, 2015, 2016, 2017, 2018, 2019]"
64,True,False,1e-05,1e-05,200,"(0.3, 0.3, 0.4)",64,4,0,3.0,0.0,0.0,,0.01,0.01,0.001,0.3,,,,2.2,140.8,0.05,7.624,"[0.533, 0.4656]",20,"[2000, 2001, 2002, 2003, 2004, 2005, 2006, 2007, 2008, 2009, 2010, 2011, 2012, 2013, 2014, 2015, 2016, 2017, 2018, 2019]"
64,True,False,1e-05,1e-05,200,"(0.4, 0.3, 0.3)",64,2,0,3.0,0.0,0.0,,0.01,0.01,0.001,0.3,,,,2.15,137.6,0.0,7.4845,"[0.533, 0.4481, 0.3305]",20,"[2000, 2001, 2002, 2003, 2004, 2005, 2006, 2007, 2008, 2009, 2010, 2011, 2012, 2013, 2014, 2015, 2016, 2017, 2018, 2019]"
64,True,False,1e-05,1e-05,200,"(0.5, 0.2, 0.3)",64,2,0,3.0,0.0,0.0,,0.01,0.01,0.001,0.3,,,,2.35,150.4,0.05,8.2295,"[0.533, 0.4233, 0.3564]",20,"[2000, 2001, 2002, 2003, 2004, 2005, 2006, 2007, 2008, 2009, 2010, 2011, 2012, 2013, 2014, 2015, 2016, 2017, 2018, 2019]"
64,True,False,1e-05,1e-05,200,"(0.5, 0.2, 0.3)",64,4,0,3.0,0.0,0.0,,0.01,0.01,0.001,0.3,,,,2.35,150.4,0.1,8.5365,"[0.533, 0.4628, 0.3672]",20,"[2000, 2001, 2002, 2003, 2004, 2005, 2006, 2007, 2008, 2009, 2010, 2011, 2012, 2013, 2014, 2015, 2016, 2017, 2018, 2019]"
64,True,False,1e-05,1e-05,200,"(0.6, 0.1, 0.3)",64,2,0,3.0,0.0,0.0,,0.01,0.01,0.001,0.3,,,,2.15,137.6,0.0,7.337999999999999,"[0.533, 0.4563, 0.308]",20,"[2000, 2001, 2002, 2003, 2004, 2005, 2006, 2007, 2008, 2009, 2010, 2011, 2012, 2013, 2014, 2015, 2016, 2017, 2018, 2019]"
64,True,False,1e-05,1e-05,200,"(0.6, 0.1, 0.3)",64,4,0,3.0,0.0,0.0,,0.01,0.01,0.001,0.3,,,,2.15,137.6,0.0,7.3685,"[0.533, 0.4658, 0.343]",20,"[2000, 2001, 2002, 2003, 2004, 2005, 2006, 2007, 2008, 2009, 2010, 2011, 2012, 2013, 2014, 2015, 2016, 2017, 2018, 2019]"
64,True,False,1e-05,1e-05,200,"(0.7, 0.3, 0.0)",64,2,0,3.0,0.0,0.0,,0.01,0.01,0.001,0.3,,,,2.05,131.2,0.0,7.1245,[0.533],20,"[2000, 2001, 2002, 2003, 2004, 2005, 2006, 2007, 2008, 2009, 2010, 2011, 2012, 2013, 2014, 2015, 2016, 2017, 2018, 2019]"
64,True,False,1e-05,1e-05,200,"(0.7, 0.3, 0.0)",64,4,0,3.0,0.0,0.0,,0.01,0.01,0.001,0.3,,,,2.15,137.6,0.0,7.4875,[0.533],20,"[2000, 2001, 2002, 2003, 2004, 2005, 2006, 2007, 2008, 2009, 2010, 2011, 2012, 2013, 2014, 2015, 2016, 2017, 2018, 2019]"
64,True,False,1e-05,0.0001,0,"(0.3, 0.3, 0.4)",64,2,0,3.0,0.0,0.0,,0.01,0.01,0.001,0.3,,,,2.55,163.2,0.05,8.836,"[0.741, 0.6651]",20,"[2000, 2001, 2002, 2003, 2004, 2005, 2006, 2007, 2008, 2009, 2010, 2011, 2012, 2013, 2014, 2015, 2016, 2017, 2018, 2019]"
64,True,False,1e-05,0.0001,0,"(0.3, 0.3, 0.4)",64,4,0,3.0,0.0,0.0,,0.01,0.01,0.001,0.3,,,,2.35,150.4,0.05,8.055,"[0.741, 0.6662]",20,"[2000, 2001, 2002, 2003, 2004, 2005, 2006, 2007, 2008, 2009, 2010, 2011, 2012, 2013, 2014, 2015, 2016, 2017, 2018, 2019]"
64,True,False,1e-05,0.0001,0,"(0.4, 0.3, 0.3)",64,2,0,3.0,0.0,0.0,,0.01,0.01,0.001,0.3,,,,2.5,160.0,0.05,8.6875,"[0.741, 0.6401]",20,"[2000, 2001, 2002, 2003, 2004, 2005, 2006, 2007, 2008, 2009, 2010, 2011, 2012, 2013, 2014, 2015, 2016, 2017, 2018, 2019]"
64,True,False,1e-05,0.0001,0,"(0.5, 0.2, 0.3)",64,2,0,3.0,0.0,0.0,,0.01,0.01,0.001,0.3,,,,2.45,156.8,0.0,8.5755,"[0.741, 0.6544]",20,"[2000, 2001, 2002, 2003, 2004, 2005, 2006, 2007, 2008, 2009, 2010, 2011, 2012, 2013, 2014, 2015, 2016, 2017, 2018, 2019]"
64,True,False,1e-05,0.0001,0,"(0.5, 0.2, 0.3)",64,4,0,3.0,0.0,0.0,,0.01,0.01,0.001,0.3,,,,2.5,160.0,0.05,8.6365,"[0.741, 0.6559, 0.5554]",20,"[2000, 2001, 2002, 2003, 2004, 2005, 2006, 2007, 2008, 2009, 2010, 2011, 2012, 2013, 2014, 2015, 2016, 2017, 2018, 2019]"
64,True,False,1e-05,0.0001,0,"(0.6, 0.1, 0.3)",64,2,0,3.0,0.0,0.0,,0.01,0.01,0.001,0.3,,,,2.3,147.2,0.0,7.8405000000000005,"[0.741, 0.6371, 0.556, 0.477]",20,"[2000, 2001, 2002, 2003, 2004, 2005, 2006, 2007, 2008, 2009, 2010, 2011, 2012, 2013, 2014, 2015, 2016, 2017, 2018, 2019]"
64,True,False,1e-05,0.0001,0,"(0.6, 0.1, 0.3)",64,4,0,3.0,0.0,0.0,,0.01,0.01,0.001,0.3,,,,2.2,140.8,0.0,7.5635,"[0.741, 0.6425]",20,"[2000, 2001, 2002, 2003, 2004, 2005, 2006, 2007, 2008, 2009, 2010, 2011, 2012, 2013, 2014, 2015, 2016, 2017, 2018, 2019]"
64,True,False,1e-05,0.0001,0,"(0.7, 0.3, 0.0)",64,2,0,3.0,0.0,0.0,,0.01,0.01,0.001,0.3,,,,3.7,236.8,0.0,13.4695,"[0.741, 0.5835, 0.5405, 0.3831, 0.3845, 0.2882, 0.3233]",20,"[2000, 2001, 2002, 2003, 2004, 2005, 2006, 2007, 2008, 2009, 2010, 2011, 2012, 2013, 2014, 2015, 2016, 2017, 2018, 2019]"
64,True,False,1e-05,0.0001,0,"(0.7, 0.3, 0.0)",64,4,0,3.0,0.0,0.0,,0.01,0.01,0.001,0.3,,,,4.0,256.0,0.0,14.64,"[0.741, 0.5889, 0.5198, 0.3647, 0.412, 0.3611]",20,"[2000, 2001, 2002, 2003, 2004, 2005, 2006, 2007, 2008, 2009, 2010, 2011, 2012, 2013, 2014, 2015, 2016, 2017, 2018, 2019]"
64,True,False,1e-05,0.0001,100,"(0.3, 0.3, 0.4)",64,2,0,3.0,0.0,0.0,,0.01,0.01,0.001,0.3,,,,2.95,188.8,0.1,10.345,"[0.755, 0.682]",20,"[2000, 2001, 2002, 2003, 2004, 2005, 2006, 2007, 2008, 2009, 2010, 2011, 2012, 2013, 2014, 2015, 2016, 2017, 2018, 2019]"
64,True,False,1e-05,0.0001,100,"(0.3, 0.3, 0.4)",64,4,0,3.0,0.0,0.0,,0.01,0.01,0.001,0.3,,,,2.9,185.6,0.05,10.098,"[0.755, 0.6786]",20,"[2000, 2001, 2002, 2003, 2004, 2005, 2006, 2007, 2008, 2009, 2010, 2011, 2012, 2013, 2014, 2015, 2016, 2017, 2018, 2019]"
64,True,False,1e-05,0.0001,100,"(0.4, 0.3, 0.3)",64,2,0,3.0,0.0,0.0,,0.01,0.01,0.001,0.3,,,,2.95,188.8,0.05,10.343,"[0.755, 0.6666]",20,"[2000, 2001, 2002, 2003, 2004, 2005, 2006, 2007, 2008, 2009, 2010, 2011, 2012, 2013, 2014, 2015, 2016, 2017, 2018, 2019]"
64,True,False,1e-05,0.0001,100,"(0.5, 0.2, 0.3)",64,2,0,3.0,0.0,0.0,,0.01,0.01,0.001,0.3,,,,2.6,166.4,0.05,8.979,"[0.755, 0.6718]",20,"[2000, 2001, 2002, 2003, 2004, 2005, 2006, 2007, 2008, 2009, 2010, 2011, 2012, 2013, 2014, 2015, 2016, 2017, 2018, 2019]"
64,True,False,1e-05,0.0001,100,"(0.5, 0.2, 0.3)",64,4,0,3.0,0.0,0.0,,0.01,0.01,0.001,0.3,,,,2.75,176.0,0.05,9.681000000000001,"[0.755, 0.6711]",20,"[2000, 2001, 2002, 2003, 2004, 2005, 2006, 2007, 2008, 2009, 2010, 2011, 2012, 2013, 2014, 2015, 2016, 2017, 2018, 2019]"
64,True,False,1e-05,0.0001,100,"(0.6, 0.1, 0.3)",64,2,0,3.0,0.0,0.0,,0.01,0.01,0.001,0.3,,,,2.4,153.6,0.05,8.2545,"[0.755, 0.67]",20,"[2000, 2001, 2002, 2003, 2004, 2005, 2006, 2007, 2008, 2009, 2010, 2011, 2012, 2013, 2014, 2015, 2016, 2017, 2018, 2019]"
64,True,False,1e-05,0.0001,100,"(0.6, 0.1, 0.3)",64,4,0,3.0,0.0,0.0,,0.01,0.01,0.001,0.3,,,,2.6,166.4,0.05,9.1135,"[0.755, 0.666, 0.6187]",20,"[2000, 2001, 2002, 2003, 2004, 2005, 2006, 2007, 2008, 2009, 2010, 2011, 2012, 2013, 2014, 2015, 2016, 2017, 2018, 2019]"
64,True,False,1e-05,0.0001,100,"(0.7, 0.3, 0.0)",64,2,0,3.0,0.0,0.0,,0.01,0.01,0.001,0.3,,,,3.4,217.6,0.0,12.068000000000001,"[0.755, 0.6316, 0.6279, 0.5749, 0.4513, 0.4062]",20,"[2000, 2001, 2002, 2003, 2004, 2005, 2006, 2007, 2008, 2009, 2010, 2011, 2012, 2013, 2014, 2015, 2016, 2017, 2018, 2019]"
64,True,False,1e-05,0.0001,100,"(0.7, 0.3, 0.0)",64,4,0,3.0,0.0,0.0,,0.01,0.01,0.001,0.3,,,,3.35,214.4,0.0,11.797,"[0.755, 0.6287, 0.563, 0.4941, 0.4908]",20,"[2000, 2001, 2002, 2003, 2004, 2005, 2006, 2007, 2008, 2009, 2010, 2011, 2012, 2013, 2014, 2015, 2016, 2017, 2018, 2019]"
64,True,False,1e-05,0.0001,200,"(0.3, 0.3, 0.4)",64,2,0,3.0,0.0,0.0,,0.01,0.01,0.001,0.3,,,,2.2,140.8,0.05,7.4565,"[0.7547, 0.6646, 0.6369]",20,"[2000, 2001, 2002, 2003, 2004, 2005, 2006, 2007, 2008, 2009, 2010, 2011, 2012, 2013, 2014, 2015, 2016, 2017, 2018, 2019]"
64,True,False,1e-05,0.0001,200,"(0.3, 0.3, 0.4)",64,4,0,3.0,0.0,0.0,,0.01,0.01,0.001,0.3,,,,2.2,140.8,0.05,7.4375,"[0.7547, 0.6605, 0.6382]",20,"[2000, 2001, 2002, 2003, 2004, 2005, 2006, 2007, 2008, 2009, 2010, 2011, 2012, 2013, 2014, 2015, 2016, 2017, 2018, 2019]"
64,True,False,1e-05,0.0001,200,"(0.4, 0.3, 0.3)",64,2,0,3.0,0.0,0.0,,0.01,0.01,0.001,0.3,,,,2.2,140.8,0.05,7.536,"[0.7547, 0.6679, 0.6107]",20,"[2000, 2001, 2002, 2003, 2004, 2005, 2006, 2007, 2008, 2009, 2010, 2011, 2012, 2013, 2014, 2015, 2016, 2017, 2018, 2019]"
64,True,False,1e-05,0.0001,200,"(0.5, 0.2, 0.3)",64,2,0,3.0,0.0,0.0,,0.01,0.01,0.001,0.3,,,,2.4,153.6,0.05,8.314,"[0.7547, 0.6798, 0.6343]",20,"[2000, 2001, 2002, 2003, 2004, 2005, 2006, 2007, 2008, 2009, 2010, 2011, 2012, 2013, 2014, 2015, 2016, 2017, 2018, 2019]"
64,True,False,1e-05,0.0001,200,"(0.5, 0.2, 0.3)",64,4,0,3.0,0.0,0.0,,0.01,0.01,0.001,0.3,,,,2.2,140.8,0.1,7.5655,"[0.7547, 0.6704, 0.6467]",20,"[2000, 2001, 2002, 2003, 2004, 2005, 2006, 2007, 2008, 2009, 2010, 2011, 2012, 2013, 2014, 2015, 2016, 2017, 2018, 2019]"
64,True,False,1e-05,0.0001,200,"(0.6, 0.1, 0.3)",64,2,0,3.0,0.0,0.0,,0.01,0.01,0.001,0.3,,,,2.55,163.2,0.0,8.956999999999999,"[0.7547, 0.6943, 0.613]",20,"[2000, 2001, 2002, 2003, 2004, 2005, 2006, 2007, 2008, 2009, 2010, 2011, 2012, 2013, 2014, 2015, 2016, 2017, 2018, 2019]"
64,True,False,1e-05,0.0001,200,"(0.6, 0.1, 0.3)",64,4,0,3.0,0.0,0.0,,0.01,0.01,0.001,0.3,,,,2.2,140.8,0.05,7.590999999999999,"[0.7547, 0.6884]",20,"[2000, 2001, 2002, 2003, 2004, 2005, 2006, 2007, 2008, 2009, 2010, 2011, 2012, 2013, 2014, 2015, 2016, 2017, 2018, 2019]"
64,True,False,1e-05,0.0001,200,"(0.7, 0.3, 0.0)",64,2,0,3.0,0.0,0.0,,0.01,0.01,0.001,0.3,,,,3.1,198.4,0.0,10.872,"[0.7547, 0.6507, 0.6153]",20,"[2000, 2001, 2002, 2003, 2004, 2005, 2006, 2007, 2008, 2009, 2010, 2011, 2012, 2013, 2014, 2015, 2016, 2017, 2018, 2019]"
64,True,False,1e-05,0.0001,200,"(0.7, 0.3, 0.0)",64,4,0,3.0,0.0,0.0,,0.01,0.01,0.001,0.3,,,,3.0,192.0,0.0,10.522,"[0.7547, 0.6442, 0.6184]",20,"[2000, 2001, 2002, 2003, 2004, 2005, 2006, 2007, 2008, 2009, 2010, 2011, 2012, 2013, 2014, 2015, 2016, 2017, 2018, 2019]"
