scratch,encoder_freeze,measure_size,encoder_lr,cost_predictor_lr,rank_warmup_epochs,weights,uncertainty_topk,T_mc,grad_num,rand_num,phase,used_time,train_size,top-1,val_reg_r2,val_rank_r2,sampling_seed
False,False,64,1e-05,0.0001,0,"(0.7, 0.3, 0.0)",64,20,2,0,1,3.3,64,0,[0.6977],[None],2000
False,False,64,1e-05,0.0001,0,"(0.7, 0.3, 0.0)",64,20,2,0,1,3.2,64,0,[0.5826],[None],2001
False,False,64,1e-05,0.0001,0,"(0.7, 0.3, 0.0)",64,20,2,0,1,3.2,64,1,[0.695],[None],2002
False,False,64,1e-05,0.0001,0,"(0.7, 0.3, 0.0)",64,20,2,0,2,6.71,128,0,"[0.6664, 0.6502]","[None, None]",2003
False,False,64,1e-05,0.0001,0,"(0.7, 0.3, 0.0)",64,20,2,0,1,3.36,64,0,[0.7097],[None],2004
False,False,64,1e-05,0.0001,0,"(0.7, 0.3, 0.0)",64,20,2,0,1,3.26,64,0,[0.6643],[None],2005
False,False,64,1e-05,0.0001,0,"(0.7, 0.3, 0.0)",64,20,2,0,1,3.25,64,0,[0.6487],[None],2006
False,False,64,1e-05,0.0001,0,"(0.7, 0.3, 0.0)",64,20,2,0,5,18.01,320,0,"[0.6077, 0.5306, 0.5169, 0.4214, 0.4264]","[None, None, None, None, None]",2007
False,False,64,1e-05,0.0001,0,"(0.7, 0.3, 0.0)",64,20,2,0,1,3.26,64,1,[0.4084],[None],2008
False,False,64,1e-05,0.0001,0,"(0.7, 0.3, 0.0)",64,20,2,0,1,3.2,64,0,[0.6435],[None],2009
False,False,64,1e-05,0.0001,0,"(0.7, 0.3, 0.0)",64,20,2,0,1,3.19,64,0,[0.6674],[None],2010
False,False,64,1e-05,0.0001,0,"(0.7, 0.3, 0.0)",64,20,2,0,1,3.23,64,0,[0.653],[None],2011
False,False,64,1e-05,0.0001,0,"(0.7, 0.3, 0.0)",64,20,2,0,1,3.19,64,0,[0.5891],[None],2012
False,False,64,1e-05,0.0001,0,"(0.7, 0.3, 0.0)",64,20,2,0,2,6.89,128,0,"[0.6902, 0.6429]","[None, None]",2013
False,False,64,1e-05,0.0001,0,"(0.7, 0.3, 0.0)",64,20,2,0,4,14.0,256,1,"[0.6797, 0.5329, 0.4852, 0.4167]","[None, None, None, None]",2014
False,False,64,1e-05,0.0001,0,"(0.7, 0.3, 0.0)",64,20,2,0,4,14.12,256,0,"[0.6539, 0.607, 0.5812, 0.512]","[None, None, None, None]",2015
False,False,64,1e-05,0.0001,0,"(0.7, 0.3, 0.0)",64,20,2,0,3,10.43,192,0,"[0.6079, 0.5033, 0.4226]","[None, None, None]",2016
False,False,64,1e-05,0.0001,0,"(0.7, 0.3, 0.0)",64,20,2,0,1,3.19,64,0,[0.716],[None],2017
False,False,64,1e-05,0.0001,0,"(0.7, 0.3, 0.0)",64,20,2,0,2,6.58,128,1,"[0.5947, 0.5734]","[None, None]",2018
False,False,64,1e-05,0.0001,0,"(0.7, 0.3, 0.0)",64,20,2,0,1,3.2,64,0,[0.5953],[None],2019
False,False,64,1e-05,0.0001,100,"(0.7, 0.3, 0.0)",64,20,2,0,1,3.19,64,0,[0.6966],[None],2000
False,False,64,1e-05,0.0001,100,"(0.7, 0.3, 0.0)",64,20,2,0,1,3.19,64,0,[0.5743],[None],2001
False,False,64,1e-05,0.0001,100,"(0.7, 0.3, 0.0)",64,20,2,0,1,3.19,64,1,[0.687],[None],2002
False,False,64,1e-05,0.0001,100,"(0.7, 0.3, 0.0)",64,20,2,0,2,6.58,128,0,"[0.6537, 0.7031]","[None, None]",2003
False,False,64,1e-05,0.0001,100,"(0.7, 0.3, 0.0)",64,20,2,0,1,3.19,64,0,[0.6993],[None],2004
False,False,64,1e-05,0.0001,100,"(0.7, 0.3, 0.0)",64,20,2,0,1,3.19,64,0,[0.6468],[None],2005
False,False,64,1e-05,0.0001,100,"(0.7, 0.3, 0.0)",64,20,2,0,1,3.2,64,0,[0.6465],[None],2006
False,False,64,1e-05,0.0001,100,"(0.7, 0.3, 0.0)",64,20,2,0,5,18.1,320,0,"[0.6002, 0.5274, 0.5476, 0.4836, 0.559]","[None, None, None, None, None]",2007
False,False,64,1e-05,0.0001,100,"(0.7, 0.3, 0.0)",64,20,2,0,1,3.19,64,1,[0.4376],[None],2008
False,False,64,1e-05,0.0001,100,"(0.7, 0.3, 0.0)",64,20,2,0,1,3.19,64,0,[0.6342],[None],2009
False,False,64,1e-05,0.0001,100,"(0.7, 0.3, 0.0)",64,20,2,0,1,3.21,64,0,[0.6498],[None],2010
False,False,64,1e-05,0.0001,100,"(0.7, 0.3, 0.0)",64,20,2,0,1,3.2,64,0,[0.6372],[None],2011
False,False,64,1e-05,0.0001,100,"(0.7, 0.3, 0.0)",64,20,2,0,1,3.19,64,0,[0.5961],[None],2012
False,False,64,1e-05,0.0001,100,"(0.7, 0.3, 0.0)",64,20,2,0,2,6.59,128,0,"[0.6727, 0.66]","[None, None]",2013
False,False,64,1e-05,0.0001,100,"(0.7, 0.3, 0.0)",64,20,2,0,5,18.24,320,0,"[0.6705, 0.5003, 0.4509, 0.3965, 0.3129]","[None, None, None, None, None]",2014
False,False,64,1e-05,0.0001,100,"(0.7, 0.3, 0.0)",64,20,2,0,3,10.55,192,0,"[0.6593, 0.6316, 0.6407]","[None, None, None]",2015
False,False,64,1e-05,0.0001,100,"(0.7, 0.3, 0.0)",64,20,2,0,3,10.54,192,0,"[0.6, 0.4616, 0.4368]","[None, None, None]",2016
False,False,64,1e-05,0.0001,100,"(0.7, 0.3, 0.0)",64,20,2,0,1,3.33,64,0,[0.7003],[None],2017
False,False,64,1e-05,0.0001,100,"(0.7, 0.3, 0.0)",64,20,2,0,2,6.86,128,0,"[0.5904, 0.5344]","[None, None]",2018
False,False,64,1e-05,0.0001,100,"(0.7, 0.3, 0.0)",64,20,2,0,1,3.34,64,0,[0.6004],[None],2019
False,False,64,1e-05,0.0001,200,"(0.7, 0.3, 0.0)",64,20,2,0,1,3.32,64,0,[0.7004],[None],2000
False,False,64,1e-05,0.0001,200,"(0.7, 0.3, 0.0)",64,20,2,0,1,3.34,64,0,[0.5752],[None],2001
False,False,64,1e-05,0.0001,200,"(0.7, 0.3, 0.0)",64,20,2,0,1,3.32,64,1,[0.6879],[None],2002
False,False,64,1e-05,0.0001,200,"(0.7, 0.3, 0.0)",64,20,2,0,2,6.62,128,1,"[0.6567, 0.669]","[None, None]",2003
False,False,64,1e-05,0.0001,200,"(0.7, 0.3, 0.0)",64,20,2,0,1,3.25,64,0,[0.6986],[None],2004
False,False,64,1e-05,0.0001,200,"(0.7, 0.3, 0.0)",64,20,2,0,1,3.32,64,0,[0.6355],[None],2005
False,False,64,1e-05,0.0001,200,"(0.7, 0.3, 0.0)",64,20,2,0,1,3.37,64,0,[0.6524],[None],2006
False,False,64,1e-05,0.0001,200,"(0.7, 0.3, 0.0)",64,20,2,0,4,14.45,256,0,"[0.5969, 0.5409, 0.5683, 0.5194]","[None, None, None, None]",2007
False,False,64,1e-05,0.0001,200,"(0.7, 0.3, 0.0)",64,20,2,0,1,3.23,64,1,[0.4725],[None],2008
False,False,64,1e-05,0.0001,200,"(0.7, 0.3, 0.0)",64,20,2,0,1,3.2,64,0,[0.6394],[None],2009
False,False,64,1e-05,0.0001,200,"(0.7, 0.3, 0.0)",64,20,2,0,1,3.2,64,0,[0.6379],[None],2010
False,False,64,1e-05,0.0001,200,"(0.7, 0.3, 0.0)",64,20,2,0,1,3.2,64,0,[0.6312],[None],2011
False,False,64,1e-05,0.0001,200,"(0.7, 0.3, 0.0)",64,20,2,0,1,3.21,64,0,[0.6033],[None],2012
False,False,64,1e-05,0.0001,200,"(0.7, 0.3, 0.0)",64,20,2,0,2,6.61,128,0,"[0.6678, 0.6475]","[None, None]",2013
False,False,64,1e-05,0.0001,200,"(0.7, 0.3, 0.0)",64,20,2,0,3,10.22,192,0,"[0.674, 0.6018, 0.5547]","[None, None, None]",2014
False,False,64,1e-05,0.0001,200,"(0.7, 0.3, 0.0)",64,20,2,0,2,6.62,128,0,"[0.657, 0.6576]","[None, None]",2015
False,False,64,1e-05,0.0001,200,"(0.7, 0.3, 0.0)",64,20,2,0,3,10.18,192,1,"[0.5973, 0.4523, 0.4363]","[None, None, None]",2016
False,False,64,1e-05,0.0001,200,"(0.7, 0.3, 0.0)",64,20,2,0,1,3.2,64,0,[0.7037],[None],2017
False,False,64,1e-05,0.0001,200,"(0.7, 0.3, 0.0)",64,20,2,0,2,6.62,128,0,"[0.5917, 0.5562]","[None, None]",2018
False,False,64,1e-05,0.0001,200,"(0.7, 0.3, 0.0)",64,20,2,0,1,3.28,64,0,[0.6034],[None],2019
False,False,64,1e-05,1e-05,0,"(0.7, 0.3, 0.0)",64,20,2,0,1,3.34,64,0,[0.6151],[None],2000
False,False,64,1e-05,1e-05,0,"(0.7, 0.3, 0.0)",64,20,2,0,1,3.23,64,0,[0.6588],[None],2001
False,False,64,1e-05,1e-05,0,"(0.7, 0.3, 0.0)",64,20,2,0,1,3.2,64,1,[0.5308],[None],2002
False,False,64,1e-05,1e-05,0,"(0.7, 0.3, 0.0)",64,20,2,0,2,6.85,128,0,"[0.5791, 0.4955]","[None, None]",2003
False,False,64,1e-05,1e-05,0,"(0.7, 0.3, 0.0)",64,20,2,0,1,3.32,64,0,[0.6573],[None],2004
False,False,64,1e-05,1e-05,0,"(0.7, 0.3, 0.0)",64,20,2,0,1,3.32,64,0,[0.5295],[None],2005
False,False,64,1e-05,1e-05,0,"(0.7, 0.3, 0.0)",64,20,2,0,1,3.33,64,0,[0.5873],[None],2006
False,False,64,1e-05,1e-05,0,"(0.7, 0.3, 0.0)",64,20,2,0,2,6.93,128,0,"[0.6274, 0.4568]","[None, None]",2007
False,False,64,1e-05,1e-05,0,"(0.7, 0.3, 0.0)",64,20,2,0,1,3.35,64,1,[0.5004],[None],2008
False,False,64,1e-05,1e-05,0,"(0.7, 0.3, 0.0)",64,20,2,0,1,3.33,64,0,[0.5273],[None],2009
False,False,64,1e-05,1e-05,0,"(0.7, 0.3, 0.0)",64,20,2,0,1,3.34,64,0,[0.4897],[None],2010
False,False,64,1e-05,1e-05,0,"(0.7, 0.3, 0.0)",64,20,2,0,1,3.32,64,1,[0.5822],[None],2011
False,False,64,1e-05,1e-05,0,"(0.7, 0.3, 0.0)",64,20,2,0,2,6.87,128,0,"[0.6626, 0.5782]","[None, None]",2012
False,False,64,1e-05,1e-05,0,"(0.7, 0.3, 0.0)",64,20,2,0,2,6.72,128,0,"[0.5406, 0.3737]","[None, None]",2013
False,False,64,1e-05,1e-05,0,"(0.7, 0.3, 0.0)",64,20,2,0,1,3.19,64,0,[0.6484],[None],2014
False,False,64,1e-05,1e-05,0,"(0.7, 0.3, 0.0)",64,20,2,0,4,13.99,256,0,"[0.4028, 0.3027, 0.1959, 0.1971]","[None, None, None, None]",2015
False,False,64,1e-05,1e-05,0,"(0.7, 0.3, 0.0)",64,20,2,0,1,3.21,64,0,[0.5065],[None],2016
False,False,64,1e-05,1e-05,0,"(0.7, 0.3, 0.0)",64,20,2,0,2,6.6,128,0,"[0.7103, 0.5465]","[None, None]",2017
False,False,64,1e-05,1e-05,0,"(0.7, 0.3, 0.0)",64,20,2,0,2,6.61,128,1,"[0.5859, 0.4692]","[None, None]",2018
False,False,64,1e-05,1e-05,0,"(0.7, 0.3, 0.0)",64,20,2,0,1,3.21,64,0,[0.5618],[None],2019
False,False,64,1e-05,1e-05,100,"(0.7, 0.3, 0.0)",64,20,2,0,1,3.21,64,0,[0.6717],[None],2000
False,False,64,1e-05,1e-05,100,"(0.7, 0.3, 0.0)",64,20,2,0,1,3.19,64,0,[0.667],[None],2001
False,False,64,1e-05,1e-05,100,"(0.7, 0.3, 0.0)",64,20,2,0,1,3.22,64,1,[0.6109],[None],2002
False,False,64,1e-05,1e-05,100,"(0.7, 0.3, 0.0)",64,20,2,0,2,6.59,128,0,"[0.6247, 0.5676]","[None, None]",2003
False,False,64,1e-05,1e-05,100,"(0.7, 0.3, 0.0)",64,20,2,0,1,3.25,64,0,[0.7093],[None],2004
False,False,64,1e-05,1e-05,100,"(0.7, 0.3, 0.0)",64,20,2,0,1,3.19,64,0,[0.5795],[None],2005
False,False,64,1e-05,1e-05,100,"(0.7, 0.3, 0.0)",64,20,2,0,1,3.19,64,0,[0.6447],[None],2006
False,False,64,1e-05,1e-05,100,"(0.7, 0.3, 0.0)",64,20,2,0,2,6.59,128,0,"[0.6641, 0.5073]","[None, None]",2007
False,False,64,1e-05,1e-05,100,"(0.7, 0.3, 0.0)",64,20,2,0,1,3.2,64,1,[0.5354],[None],2008
False,False,64,1e-05,1e-05,100,"(0.7, 0.3, 0.0)",64,20,2,0,1,3.19,64,0,[0.6007],[None],2009
False,False,64,1e-05,1e-05,100,"(0.7, 0.3, 0.0)",64,20,2,0,1,3.2,64,0,[0.6203],[None],2010
False,False,64,1e-05,1e-05,100,"(0.7, 0.3, 0.0)",64,20,2,0,1,3.19,64,1,[0.6386],[None],2011
False,False,64,1e-05,1e-05,100,"(0.7, 0.3, 0.0)",64,20,2,0,1,3.19,64,0,[0.664],[None],2012
False,False,64,1e-05,1e-05,100,"(0.7, 0.3, 0.0)",64,20,2,0,2,6.62,128,0,"[0.6219, 0.4405]","[None, None]",2013
False,False,64,1e-05,1e-05,100,"(0.7, 0.3, 0.0)",64,20,2,0,2,6.6,128,0,"[0.6871, 0.4931]","[None, None]",2014
False,False,64,1e-05,1e-05,100,"(0.7, 0.3, 0.0)",64,20,2,0,2,6.6,128,0,"[0.5352, 0.3831]","[None, None]",2015
False,False,64,1e-05,1e-05,100,"(0.7, 0.3, 0.0)",64,20,2,0,1,3.19,64,0,[0.5791],[None],2016
False,False,64,1e-05,1e-05,100,"(0.7, 0.3, 0.0)",64,20,2,0,1,3.19,64,0,[0.7361],[None],2017
False,False,64,1e-05,1e-05,100,"(0.7, 0.3, 0.0)",64,20,2,0,2,6.59,128,0,"[0.6181, 0.5105]","[None, None]",2018
False,False,64,1e-05,1e-05,100,"(0.7, 0.3, 0.0)",64,20,2,0,1,3.19,64,0,[0.6024],[None],2019
False,False,64,1e-05,1e-05,200,"(0.7, 0.3, 0.0)",64,20,2,0,1,3.26,64,0,[0.6877],[None],2000
False,False,64,1e-05,1e-05,200,"(0.7, 0.3, 0.0)",64,20,2,0,1,3.19,64,0,[0.6692],[None],2001
False,False,64,1e-05,1e-05,200,"(0.7, 0.3, 0.0)",64,20,2,0,1,3.2,64,1,[0.6337],[None],2002
False,False,64,1e-05,1e-05,200,"(0.7, 0.3, 0.0)",64,20,2,0,2,6.6,128,0,"[0.6416, 0.5679]","[None, None]",2003
False,False,64,1e-05,1e-05,200,"(0.7, 0.3, 0.0)",64,20,2,0,1,3.2,64,0,[0.725],[None],2004
False,False,64,1e-05,1e-05,200,"(0.7, 0.3, 0.0)",64,20,2,0,1,3.2,64,0,[0.6079],[None],2005
False,False,64,1e-05,1e-05,200,"(0.7, 0.3, 0.0)",64,20,2,0,1,3.2,64,0,[0.6632],[None],2006
False,False,64,1e-05,1e-05,200,"(0.7, 0.3, 0.0)",64,20,2,0,3,10.36,192,0,"[0.6755, 0.5263, 0.5527]","[None, None, None]",2007
False,False,64,1e-05,1e-05,200,"(0.7, 0.3, 0.0)",64,20,2,0,1,3.2,64,1,[0.5511],[None],2008
False,False,64,1e-05,1e-05,200,"(0.7, 0.3, 0.0)",64,20,2,0,1,3.2,64,0,[0.6332],[None],2009
False,False,64,1e-05,1e-05,200,"(0.7, 0.3, 0.0)",64,20,2,0,1,3.28,64,0,[0.6518],[None],2010
False,False,64,1e-05,1e-05,200,"(0.7, 0.3, 0.0)",64,20,2,0,1,3.35,64,1,[0.6559],[None],2011
False,False,64,1e-05,1e-05,200,"(0.7, 0.3, 0.0)",64,20,2,0,1,3.33,64,0,[0.669],[None],2012
False,False,64,1e-05,1e-05,200,"(0.7, 0.3, 0.0)",64,20,2,0,2,6.86,128,0,"[0.6486, 0.5496]","[None, None]",2013
False,False,64,1e-05,1e-05,200,"(0.7, 0.3, 0.0)",64,20,2,0,2,6.89,128,0,"[0.6988, 0.512]","[None, None]",2014
False,False,64,1e-05,1e-05,200,"(0.7, 0.3, 0.0)",64,20,2,0,7,27.53,448,0,"[0.575, 0.4412, 0.4052, 0.3987, 0.3816, 0.4242, 0.4486]","[None, None, None, None, None, None, None]",2015
False,False,64,1e-05,1e-05,200,"(0.7, 0.3, 0.0)",64,20,2,0,1,3.26,64,0,[0.5965],[None],2016
False,False,64,1e-05,1e-05,200,"(0.7, 0.3, 0.0)",64,20,2,0,1,3.2,64,0,[0.7447],[None],2017
False,False,64,1e-05,1e-05,200,"(0.7, 0.3, 0.0)",64,20,2,0,2,6.6,128,1,"[0.6344, 0.5499]","[None, None]",2018
False,False,64,1e-05,1e-05,200,"(0.7, 0.3, 0.0)",64,20,2,0,1,3.2,64,0,[0.6239],[None],2019
True,False,64,1e-05,0.0001,0,"(0.7, 0.3, 0.0)",64,20,2,0,7,26.55,448,0,"[0.741, 0.5835, 0.5405, 0.3831, 0.3845, 0.2882, 0.3233]","[None, None, None, None, None, None, None]",2000
True,False,64,1e-05,0.0001,0,"(0.7, 0.3, 0.0)",64,20,2,0,2,6.87,128,0,"[0.7162, 0.615]","[None, None]",2001
True,False,64,1e-05,0.0001,0,"(0.7, 0.3, 0.0)",64,20,2,0,1,3.34,64,0,[0.75],[None],2002
True,False,64,1e-05,0.0001,0,"(0.7, 0.3, 0.0)",64,20,2,0,8,31.95,512,0,"[0.7361, 0.5842, 0.4732, 0.3873, 0.3331, 0.3053, 0.2495, 0.2873]","[None, None, None, None, None, None, None, None]",2003
True,False,64,1e-05,0.0001,0,"(0.7, 0.3, 0.0)",64,20,2,0,2,6.62,128,0,"[0.8005, 0.6722]","[None, None]",2004
True,False,64,1e-05,0.0001,0,"(0.7, 0.3, 0.0)",64,20,2,0,3,10.16,192,0,"[0.7487, 0.6205, 0.4198]","[None, None, None]",2005
True,False,64,1e-05,0.0001,0,"(0.7, 0.3, 0.0)",64,20,2,0,7,26.54,448,0,"[0.7204, 0.618, 0.5659, 0.4877, 0.3926, 0.3054, 0.291]","[None, None, None, None, None, None, None]",2006
True,False,64,1e-05,0.0001,0,"(0.7, 0.3, 0.0)",64,20,2,0,7,26.49,448,0,"[0.6931, 0.5563, 0.4619, 0.347, 0.3458, 0.3118, 0.2858]","[None, None, None, None, None, None, None]",2007
True,False,64,1e-05,0.0001,0,"(0.7, 0.3, 0.0)",64,20,2,0,1,3.19,64,0,[0.6657],[None],2008
True,False,64,1e-05,0.0001,0,"(0.7, 0.3, 0.0)",64,20,2,0,2,6.6,128,0,"[0.7364, 0.6484]","[None, None]",2009
True,False,64,1e-05,0.0001,0,"(0.7, 0.3, 0.0)",64,20,2,0,5,18.33,320,0,"[0.739, 0.6947, 0.5668, 0.4265, 0.2844]","[None, None, None, None, None]",2010
True,False,64,1e-05,0.0001,0,"(0.7, 0.3, 0.0)",64,20,2,0,1,3.34,64,0,[0.7538],[None],2011
True,False,64,1e-05,0.0001,0,"(0.7, 0.3, 0.0)",64,20,2,0,5,18.6,320,0,"[0.7135, 0.6088, 0.4896, 0.3687, 0.2966]","[None, None, None, None, None]",2012
True,False,64,1e-05,0.0001,0,"(0.7, 0.3, 0.0)",64,20,2,0,3,10.31,192,0,"[0.7756, 0.644, 0.5325]","[None, None, None]",2013
True,False,64,1e-05,0.0001,0,"(0.7, 0.3, 0.0)",64,20,2,0,4,14.05,256,0,"[0.7644, 0.6005, 0.4431, 0.4093]","[None, None, None, None]",2014
True,False,64,1e-05,0.0001,0,"(0.7, 0.3, 0.0)",64,20,2,0,6,22.13,384,0,"[0.7062, 0.5718, 0.3874, 0.2272, 0.1803, 0.1851]","[None, None, None, None, None, None]",2015
True,False,64,1e-05,0.0001,0,"(0.7, 0.3, 0.0)",64,20,2,0,5,17.93,320,0,"[0.7303, 0.4636, 0.294, 0.1891, 0.2482]","[None, None, None, None, None]",2016
True,False,64,1e-05,0.0001,0,"(0.7, 0.3, 0.0)",64,20,2,0,2,6.6,128,0,"[0.7559, 0.5966]","[None, None]",2017
True,False,64,1e-05,0.0001,0,"(0.7, 0.3, 0.0)",64,20,2,0,2,6.6,128,0,"[0.6777, 0.5761]","[None, None]",2018
True,False,64,1e-05,0.0001,0,"(0.7, 0.3, 0.0)",64,20,2,0,1,3.19,64,0,[0.731],[None],2019
True,False,64,1e-05,0.0001,100,"(0.7, 0.3, 0.0)",64,20,2,0,6,22.17,384,0,"[0.755, 0.6316, 0.6279, 0.5749, 0.4513, 0.4062]","[None, None, None, None, None, None]",2000
True,False,64,1e-05,0.0001,100,"(0.7, 0.3, 0.0)",64,20,2,0,3,10.16,192,0,"[0.6963, 0.6136, 0.5478]","[None, None, None]",2001
True,False,64,1e-05,0.0001,100,"(0.7, 0.3, 0.0)",64,20,2,0,1,3.19,64,0,[0.7447],[None],2002
True,False,64,1e-05,0.0001,100,"(0.7, 0.3, 0.0)",64,20,2,0,6,22.16,384,0,"[0.738, 0.5933, 0.5683, 0.4586, 0.4677, 0.4455]","[None, None, None, None, None, None]",2003
True,False,64,1e-05,0.0001,100,"(0.7, 0.3, 0.0)",64,20,2,0,2,6.64,128,0,"[0.8028, 0.6966]","[None, None]",2004
True,False,64,1e-05,0.0001,100,"(0.7, 0.3, 0.0)",64,20,2,0,3,10.2,192,0,"[0.7502, 0.6337, 0.4975]","[None, None, None]",2005
True,False,64,1e-05,0.0001,100,"(0.7, 0.3, 0.0)",64,20,2,0,6,22.35,384,0,"[0.726, 0.6138, 0.5712, 0.5721, 0.4836, 0.4258]","[None, None, None, None, None, None]",2006
True,False,64,1e-05,0.0001,100,"(0.7, 0.3, 0.0)",64,20,2,0,4,14.05,256,0,"[0.6967, 0.6237, 0.5635, 0.4991]","[None, None, None, None]",2007
True,False,64,1e-05,0.0001,100,"(0.7, 0.3, 0.0)",64,20,2,0,1,3.19,64,0,[0.6717],[None],2008
True,False,64,1e-05,0.0001,100,"(0.7, 0.3, 0.0)",64,20,2,0,2,6.6,128,0,"[0.7402, 0.6323]","[None, None]",2009
True,False,64,1e-05,0.0001,100,"(0.7, 0.3, 0.0)",64,20,2,0,2,6.59,128,0,"[0.74, 0.6665]","[None, None]",2010
True,False,64,1e-05,0.0001,100,"(0.7, 0.3, 0.0)",64,20,2,0,1,3.2,64,0,[0.7594],[None],2011
True,False,64,1e-05,0.0001,100,"(0.7, 0.3, 0.0)",64,20,2,0,5,17.93,320,0,"[0.7035, 0.5865, 0.5011, 0.4126, 0.4632]","[None, None, None, None, None]",2012
True,False,64,1e-05,0.0001,100,"(0.7, 0.3, 0.0)",64,20,2,0,5,17.95,320,0,"[0.7778, 0.6429, 0.5688, 0.4089, 0.3678]","[None, None, None, None, None]",2013
True,False,64,1e-05,0.0001,100,"(0.7, 0.3, 0.0)",64,20,2,0,4,14.18,256,0,"[0.7645, 0.607, 0.5215, 0.4795]","[None, None, None, None]",2014
True,False,64,1e-05,0.0001,100,"(0.7, 0.3, 0.0)",64,20,2,0,6,22.99,384,0,"[0.7168, 0.6018, 0.5092, 0.4142, 0.3705, 0.2927]","[None, None, None, None, None, None]",2015
True,False,64,1e-05,0.0001,100,"(0.7, 0.3, 0.0)",64,20,2,0,4,14.47,256,0,"[0.7353, 0.5643, 0.4236, 0.3936]","[None, None, None, None]",2016
True,False,64,1e-05,0.0001,100,"(0.7, 0.3, 0.0)",64,20,2,0,2,6.59,128,0,"[0.7563, 0.6251]","[None, None]",2017
True,False,64,1e-05,0.0001,100,"(0.7, 0.3, 0.0)",64,20,2,0,3,10.16,192,0,"[0.688, 0.6335, 0.5562]","[None, None, None]",2018
True,False,64,1e-05,0.0001,100,"(0.7, 0.3, 0.0)",64,20,2,0,2,6.59,128,0,"[0.7336, 0.6496]","[None, None]",2019
True,False,64,1e-05,0.0001,200,"(0.7, 0.3, 0.0)",64,20,2,0,3,10.26,192,0,"[0.7547, 0.6507, 0.6153]","[None, None, None]",2000
True,False,64,1e-05,0.0001,200,"(0.7, 0.3, 0.0)",64,20,2,0,2,6.7,128,0,"[0.6873, 0.6093]","[None, None]",2001
True,False,64,1e-05,0.0001,200,"(0.7, 0.3, 0.0)",64,20,2,0,1,3.19,64,0,[0.7482],[None],2002
True,False,64,1e-05,0.0001,200,"(0.7, 0.3, 0.0)",64,20,2,0,7,26.49,448,0,"[0.7297, 0.6144, 0.4978, 0.5261, 0.4715, 0.4837, 0.4332]","[None, None, None, None, None, None, None]",2003
True,False,64,1e-05,0.0001,200,"(0.7, 0.3, 0.0)",64,20,2,0,2,6.9,128,0,"[0.7937, 0.6921]","[None, None]",2004
True,False,64,1e-05,0.0001,200,"(0.7, 0.3, 0.0)",64,20,2,0,3,10.4,192,0,"[0.7381, 0.655, 0.5291]","[None, None, None]",2005
True,False,64,1e-05,0.0001,200,"(0.7, 0.3, 0.0)",64,20,2,0,3,10.36,192,0,"[0.7353, 0.6321, 0.5721]","[None, None, None]",2006
True,False,64,1e-05,0.0001,200,"(0.7, 0.3, 0.0)",64,20,2,0,4,13.99,256,0,"[0.6971, 0.6288, 0.5511, 0.5247]","[None, None, None, None]",2007
True,False,64,1e-05,0.0001,200,"(0.7, 0.3, 0.0)",64,20,2,0,1,3.2,64,0,[0.6914],[None],2008
True,False,64,1e-05,0.0001,200,"(0.7, 0.3, 0.0)",64,20,2,0,3,10.17,192,0,"[0.7225, 0.652, 0.5683]","[None, None, None]",2009
True,False,64,1e-05,0.0001,200,"(0.7, 0.3, 0.0)",64,20,2,0,3,10.15,192,0,"[0.7334, 0.6687, 0.6459]","[None, None, None]",2010
True,False,64,1e-05,0.0001,200,"(0.7, 0.3, 0.0)",64,20,2,0,1,3.19,64,0,[0.7612],[None],2011
True,False,64,1e-05,0.0001,200,"(0.7, 0.3, 0.0)",64,20,2,0,4,13.95,256,0,"[0.6951, 0.5829, 0.5069, 0.484]","[None, None, None, None]",2012
True,False,64,1e-05,0.0001,200,"(0.7, 0.3, 0.0)",64,20,2,0,5,18.03,320,0,"[0.7694, 0.6558, 0.5837, 0.5155, 0.4898]","[None, None, None, None, None]",2013
True,False,64,1e-05,0.0001,200,"(0.7, 0.3, 0.0)",64,20,2,0,3,10.16,192,0,"[0.7489, 0.6649, 0.6266]","[None, None, None]",2014
True,False,64,1e-05,0.0001,200,"(0.7, 0.3, 0.0)",64,20,2,0,7,26.48,448,0,"[0.716, 0.6041, 0.5459, 0.486, 0.4264, 0.3953, 0.3656]","[None, None, None, None, None, None, None]",2015
True,False,64,1e-05,0.0001,200,"(0.7, 0.3, 0.0)",64,20,2,0,4,13.94,256,0,"[0.7469, 0.5722, 0.5067, 0.4731]","[None, None, None, None]",2016
True,False,64,1e-05,0.0001,200,"(0.7, 0.3, 0.0)",64,20,2,0,2,6.6,128,0,"[0.7474, 0.6314]","[None, None]",2017
True,False,64,1e-05,0.0001,200,"(0.7, 0.3, 0.0)",64,20,2,0,2,6.59,128,0,"[0.674, 0.5916]","[None, None]",2018
True,False,64,1e-05,0.0001,200,"(0.7, 0.3, 0.0)",64,20,2,0,2,6.69,128,0,"[0.7366, 0.6485]","[None, None]",2019
True,False,64,1e-05,1e-05,0,"(0.7, 0.3, 0.0)",64,20,2,0,2,6.67,128,0,"[-0.3102, -0.0084]","[None, None]",2000
True,False,64,1e-05,1e-05,0,"(0.7, 0.3, 0.0)",64,20,2,0,1,3.19,64,0,[0.3728],[None],2001
True,False,64,1e-05,1e-05,0,"(0.7, 0.3, 0.0)",64,20,2,0,1,3.21,64,0,[0.3376],[None],2002
True,False,64,1e-05,1e-05,0,"(0.7, 0.3, 0.0)",64,20,2,0,3,10.55,192,0,"[0.1971, 0.1081, 0.0075]","[None, None, None]",2003
True,False,64,1e-05,1e-05,0,"(0.7, 0.3, 0.0)",64,20,2,0,2,6.92,128,0,"[0.3334, 0.2633]","[None, None]",2004
True,False,64,1e-05,1e-05,0,"(0.7, 0.3, 0.0)",64,20,2,0,1,3.34,64,0,[0.35],[None],2005
True,False,64,1e-05,1e-05,0,"(0.7, 0.3, 0.0)",64,20,2,0,2,6.85,128,0,"[0.332, 0.0881]","[None, None]",2006
True,False,64,1e-05,1e-05,0,"(0.7, 0.3, 0.0)",64,20,2,0,7,26.51,448,0,"[0.3666, -0.0412, -0.2129, -0.1896, -0.1473, -0.0351, -0.0728]","[None, None, None, None, None, None, None]",2007
True,False,64,1e-05,1e-05,0,"(0.7, 0.3, 0.0)",64,20,2,0,1,3.18,64,0,[-0.6147],[None],2008
True,False,64,1e-05,1e-05,0,"(0.7, 0.3, 0.0)",64,20,2,0,2,6.59,128,0,"[0.0812, -0.082]","[None, None]",2009
True,False,64,1e-05,1e-05,0,"(0.7, 0.3, 0.0)",64,20,2,0,1,3.21,64,0,[0.0152],[None],2010
True,False,64,1e-05,1e-05,0,"(0.7, 0.3, 0.0)",64,20,2,0,1,3.18,64,0,[0.197],[None],2011
True,False,64,1e-05,1e-05,0,"(0.7, 0.3, 0.0)",64,20,2,0,2,6.61,128,0,"[0.4379, -0.4337]","[None, None]",2012
True,False,64,1e-05,1e-05,0,"(0.7, 0.3, 0.0)",64,20,2,0,2,6.84,128,0,"[0.2382, -0.0569]","[None, None]",2013
True,False,64,1e-05,1e-05,0,"(0.7, 0.3, 0.0)",64,20,2,0,3,10.19,192,0,"[0.3787, 0.0653, 0.0568]","[None, None, None]",2014
True,False,64,1e-05,1e-05,0,"(0.7, 0.3, 0.0)",64,20,2,0,8,31.65,512,0,"[-0.9694, -0.1768, -0.0751, -0.1048, -0.1366, -0.2045, -0.1902, -0.1773]","[None, None, None, None, None, None, None, None]",2015
True,False,64,1e-05,1e-05,0,"(0.7, 0.3, 0.0)",64,20,2,0,1,3.19,64,0,[-0.1152],[None],2016
True,False,64,1e-05,1e-05,0,"(0.7, 0.3, 0.0)",64,20,2,0,2,6.59,128,0,"[0.3572, -0.2542]","[None, None]",2017
True,False,64,1e-05,1e-05,0,"(0.7, 0.3, 0.0)",64,20,2,0,2,6.74,128,0,"[0.4051, 0.1924]","[None, None]",2018
True,False,64,1e-05,1e-05,0,"(0.7, 0.3, 0.0)",64,20,2,0,1,3.32,64,0,[-0.2179],[None],2019
True,False,64,1e-05,1e-05,100,"(0.7, 0.3, 0.0)",64,20,2,0,2,6.84,128,0,"[0.3097, 0.2505]","[None, None]",2000
True,False,64,1e-05,1e-05,100,"(0.7, 0.3, 0.0)",64,20,2,0,1,3.33,64,0,[0.5205],[None],2001
True,False,64,1e-05,1e-05,100,"(0.7, 0.3, 0.0)",64,20,2,0,1,3.34,64,0,[0.5027],[None],2002
True,False,64,1e-05,1e-05,100,"(0.7, 0.3, 0.0)",64,20,2,0,3,10.54,192,0,"[0.4139, 0.2371, 0.1125]","[None, None, None]",2003
True,False,64,1e-05,1e-05,100,"(0.7, 0.3, 0.0)",64,20,2,0,2,6.87,128,0,"[0.5743, 0.423]","[None, None]",2004
True,False,64,1e-05,1e-05,100,"(0.7, 0.3, 0.0)",64,20,2,0,1,3.28,64,0,[0.4882],[None],2005
True,False,64,1e-05,1e-05,100,"(0.7, 0.3, 0.0)",64,20,2,0,2,6.78,128,0,"[0.5307, 0.3881]","[None, None]",2006
True,False,64,1e-05,1e-05,100,"(0.7, 0.3, 0.0)",64,20,2,0,4,13.99,256,0,"[0.471, 0.2067, 0.0806, 0.0812]","[None, None, None, None]",2007
True,False,64,1e-05,1e-05,100,"(0.7, 0.3, 0.0)",64,20,2,0,1,3.25,64,0,[0.3458],[None],2008
True,False,64,1e-05,1e-05,100,"(0.7, 0.3, 0.0)",64,20,2,0,2,6.87,128,0,"[0.4731, 0.2655]","[None, None]",2009
True,False,64,1e-05,1e-05,100,"(0.7, 0.3, 0.0)",64,20,2,0,1,3.27,64,0,[0.4127],[None],2010
True,False,64,1e-05,1e-05,100,"(0.7, 0.3, 0.0)",64,20,2,0,1,3.2,64,0,[0.4836],[None],2011
True,False,64,1e-05,1e-05,100,"(0.7, 0.3, 0.0)",64,20,2,0,2,6.72,128,0,"[0.5483, 0.2427]","[None, None]",2012
True,False,64,1e-05,1e-05,100,"(0.7, 0.3, 0.0)",64,20,2,0,3,10.32,192,0,"[0.438, 0.197, 0.2445]","[None, None, None]",2013
True,False,64,1e-05,1e-05,100,"(0.7, 0.3, 0.0)",64,20,2,0,4,14.32,256,0,"[0.5309, 0.3624, 0.2567, 0.1291]","[None, None, None, None]",2014
True,False,64,1e-05,1e-05,100,"(0.7, 0.3, 0.0)",64,20,2,0,7,26.53,448,0,"[0.1171, 0.1645, 0.0886, 0.074, 0.0542, 0.009, -0.0483]","[None, None, None, None, None, None, None]",2015
True,False,64,1e-05,1e-05,100,"(0.7, 0.3, 0.0)",64,20,2,0,1,3.2,64,0,[0.3318],[None],2016
True,False,64,1e-05,1e-05,100,"(0.7, 0.3, 0.0)",64,20,2,0,2,6.61,128,0,"[0.5831, 0.257]","[None, None]",2017
True,False,64,1e-05,1e-05,100,"(0.7, 0.3, 0.0)",64,20,2,0,2,6.61,128,0,"[0.4669, 0.3474]","[None, None]",2018
True,False,64,1e-05,1e-05,100,"(0.7, 0.3, 0.0)",64,20,2,0,1,3.21,64,0,[0.3636],[None],2019
True,False,64,1e-05,1e-05,200,"(0.7, 0.3, 0.0)",64,20,2,0,1,3.2,64,0,[0.533],[None],2000
True,False,64,1e-05,1e-05,200,"(0.7, 0.3, 0.0)",64,20,2,0,1,3.28,64,0,[0.5332],[None],2001
True,False,64,1e-05,1e-05,200,"(0.7, 0.3, 0.0)",64,20,2,0,1,3.27,64,0,[0.5806],[None],2002
True,False,64,1e-05,1e-05,200,"(0.7, 0.3, 0.0)",64,20,2,0,3,10.58,192,0,"[0.4943, 0.4184, 0.2181]","[None, None, None]",2003
True,False,64,1e-05,1e-05,200,"(0.7, 0.3, 0.0)",64,20,2,0,2,6.87,128,0,"[0.629, 0.5106]","[None, None]",2004
True,False,64,1e-05,1e-05,200,"(0.7, 0.3, 0.0)",64,20,2,0,1,3.24,64,0,[0.5314],[None],2005
True,False,64,1e-05,1e-05,200,"(0.7, 0.3, 0.0)",64,20,2,0,2,6.69,128,0,"[0.5807, 0.5028]","[None, None]",2006
True,False,64,1e-05,1e-05,200,"(0.7, 0.3, 0.0)",64,20,2,0,3,10.28,192,0,"[0.5076, 0.3306, 0.1439]","[None, None, None]",2007
True,False,64,1e-05,1e-05,200,"(0.7, 0.3, 0.0)",64,20,2,0,1,3.22,64,0,[0.4758],[None],2008
True,False,64,1e-05,1e-05,200,"(0.7, 0.3, 0.0)",64,20,2,0,2,6.71,128,0,"[0.5515, 0.4635]","[None, None]",2009
True,False,64,1e-05,1e-05,200,"(0.7, 0.3, 0.0)",64,20,2,0,1,3.25,64,0,[0.5381],[None],2010
True,False,64,1e-05,1e-05,200,"(0.7, 0.3, 0.0)",64,20,2,0,1,3.2,64,0,[0.574],[None],2011
True,False,64,1e-05,1e-05,200,"(0.7, 0.3, 0.0)",64,20,2,0,2,6.86,128,0,"[0.5567, 0.4147]","[None, None]",2012
True,False,64,1e-05,1e-05,200,"(0.7, 0.3, 0.0)",64,20,2,0,3,10.16,192,0,"[0.5096, 0.356, 0.3357]","[None, None, None]",2013
True,False,64,1e-05,1e-05,200,"(0.7, 0.3, 0.0)",64,20,2,0,3,10.48,192,0,"[0.5657, 0.4536, 0.3211]","[None, None, None]",2014
True,False,64,1e-05,1e-05,200,"(0.7, 0.3, 0.0)",64,20,2,0,8,31.54,512,0,"[0.4318, 0.3046, 0.1461, 0.0963, 0.1066, 0.0664, 0.041, 0.0619]","[None, None, None, None, None, None, None, None]",2015
True,False,64,1e-05,1e-05,200,"(0.7, 0.3, 0.0)",64,20,2,0,1,3.19,64,0,[0.4916],[None],2016
True,False,64,1e-05,1e-05,200,"(0.7, 0.3, 0.0)",64,20,2,0,2,6.58,128,0,"[0.6159, 0.5002]","[None, None]",2017
True,False,64,1e-05,1e-05,200,"(0.7, 0.3, 0.0)",64,20,2,0,2,6.64,128,0,"[0.4753, 0.408]","[None, None]",2018
True,False,64,1e-05,1e-05,200,"(0.7, 0.3, 0.0)",64,20,2,0,1,3.25,64,0,[0.5579],[None],2019
False,True,64,1e-05,0.0001,0,"(0.7, 0.3, 0.0)",64,20,2,0,1,2.61,64,0,[0.7021],[None],2000
False,True,64,1e-05,0.0001,0,"(0.7, 0.3, 0.0)",64,20,2,0,1,2.61,64,0,[0.5539],[None],2001
False,True,64,1e-05,0.0001,0,"(0.7, 0.3, 0.0)",64,20,2,0,1,2.61,64,1,[0.6849],[None],2002
False,True,64,1e-05,0.0001,0,"(0.7, 0.3, 0.0)",64,20,2,0,2,5.43,128,0,"[0.6229, 0.643]","[None, None]",2003
False,True,64,1e-05,0.0001,0,"(0.7, 0.3, 0.0)",64,20,2,0,1,2.61,64,0,[0.6978],[None],2004
False,True,64,1e-05,0.0001,0,"(0.7, 0.3, 0.0)",64,20,2,0,1,2.62,64,0,[0.6196],[None],2005
False,True,64,1e-05,0.0001,0,"(0.7, 0.3, 0.0)",64,20,2,0,1,2.61,64,0,[0.6396],[None],2006
False,True,64,1e-05,0.0001,0,"(0.7, 0.3, 0.0)",64,20,2,0,5,15.03,320,0,"[0.6024, 0.5897, 0.5387, 0.5606, 0.4858]","[None, None, None, None, None]",2007
False,True,64,1e-05,0.0001,0,"(0.7, 0.3, 0.0)",64,20,2,0,1,2.75,64,1,[0.4358],[None],2008
False,True,64,1e-05,0.0001,0,"(0.7, 0.3, 0.0)",64,20,2,0,1,2.72,64,0,[0.6266],[None],2009
False,True,64,1e-05,0.0001,0,"(0.7, 0.3, 0.0)",64,20,2,0,1,2.61,64,0,[0.6573],[None],2010
False,True,64,1e-05,0.0001,0,"(0.7, 0.3, 0.0)",64,20,2,0,1,2.65,64,0,[0.6197],[None],2011
False,True,64,1e-05,0.0001,0,"(0.7, 0.3, 0.0)",64,20,2,0,1,2.74,64,0,[0.5603],[None],2012
False,True,64,1e-05,0.0001,0,"(0.7, 0.3, 0.0)",64,20,2,0,2,5.52,128,0,"[0.6696, 0.6324]","[None, None]",2013
False,True,64,1e-05,0.0001,0,"(0.7, 0.3, 0.0)",64,20,2,0,3,8.74,192,0,"[0.6731, 0.5199, 0.4181]","[None, None, None]",2014
False,True,64,1e-05,0.0001,0,"(0.7, 0.3, 0.0)",64,20,2,0,4,11.68,256,0,"[0.6476, 0.572, 0.5881, 0.5402]","[None, None, None, None]",2015
False,True,64,1e-05,0.0001,0,"(0.7, 0.3, 0.0)",64,20,2,0,3,8.43,192,0,"[0.5701, 0.4511, 0.4383]","[None, None, None]",2016
False,True,64,1e-05,0.0001,0,"(0.7, 0.3, 0.0)",64,20,2,0,1,2.61,64,0,[0.6794],[None],2017
False,True,64,1e-05,0.0001,0,"(0.7, 0.3, 0.0)",64,20,2,0,2,5.44,128,0,"[0.5737, 0.5646]","[None, None]",2018
False,True,64,1e-05,0.0001,0,"(0.7, 0.3, 0.0)",64,20,2,0,1,2.61,64,0,[0.5979],[None],2019
False,True,64,1e-05,0.0001,100,"(0.7, 0.3, 0.0)",64,20,2,0,1,2.61,64,0,[0.7001],[None],2000
False,True,64,1e-05,0.0001,100,"(0.7, 0.3, 0.0)",64,20,2,0,1,2.61,64,0,[0.5547],[None],2001
False,True,64,1e-05,0.0001,100,"(0.7, 0.3, 0.0)",64,20,2,0,1,2.61,64,1,[0.6803],[None],2002
False,True,64,1e-05,0.0001,100,"(0.7, 0.3, 0.0)",64,20,2,0,2,5.43,128,0,"[0.6229, 0.671]","[None, None]",2003
False,True,64,1e-05,0.0001,100,"(0.7, 0.3, 0.0)",64,20,2,0,1,2.62,64,0,[0.6977],[None],2004
False,True,64,1e-05,0.0001,100,"(0.7, 0.3, 0.0)",64,20,2,0,1,2.61,64,0,[0.6199],[None],2005
False,True,64,1e-05,0.0001,100,"(0.7, 0.3, 0.0)",64,20,2,0,1,2.68,64,0,[0.6391],[None],2006
False,True,64,1e-05,0.0001,100,"(0.7, 0.3, 0.0)",64,20,2,0,6,18.97,384,0,"[0.602, 0.611, 0.6129, 0.585, 0.585, 0.5836]","[None, None, None, None, None, None]",2007
False,True,64,1e-05,0.0001,100,"(0.7, 0.3, 0.0)",64,20,2,0,1,2.74,64,1,[0.4681],[None],2008
False,True,64,1e-05,0.0001,100,"(0.7, 0.3, 0.0)",64,20,2,0,1,2.61,64,0,[0.6305],[None],2009
False,True,64,1e-05,0.0001,100,"(0.7, 0.3, 0.0)",64,20,2,0,1,2.61,64,0,[0.6555],[None],2010
False,True,64,1e-05,0.0001,100,"(0.7, 0.3, 0.0)",64,20,2,0,1,2.64,64,0,[0.6097],[None],2011
False,True,64,1e-05,0.0001,100,"(0.7, 0.3, 0.0)",64,20,2,0,1,2.61,64,0,[0.5746],[None],2012
False,True,64,1e-05,0.0001,100,"(0.7, 0.3, 0.0)",64,20,2,0,2,5.45,128,0,"[0.6709, 0.6172]","[None, None]",2013
False,True,64,1e-05,0.0001,100,"(0.7, 0.3, 0.0)",64,20,2,0,2,5.44,128,0,"[0.677, 0.5844]","[None, None]",2014
False,True,64,1e-05,0.0001,100,"(0.7, 0.3, 0.0)",64,20,2,0,2,5.44,128,0,"[0.6495, 0.6126]","[None, None]",2015
False,True,64,1e-05,0.0001,100,"(0.7, 0.3, 0.0)",64,20,2,0,2,5.43,128,0,"[0.5898, 0.4577]","[None, None]",2016
False,True,64,1e-05,0.0001,100,"(0.7, 0.3, 0.0)",64,20,2,0,1,2.61,64,0,[0.6779],[None],2017
False,True,64,1e-05,0.0001,100,"(0.7, 0.3, 0.0)",64,20,2,0,2,5.44,128,0,"[0.5778, 0.5436]","[None, None]",2018
False,True,64,1e-05,0.0001,100,"(0.7, 0.3, 0.0)",64,20,2,0,1,2.61,64,0,[0.6005],[None],2019
False,True,64,1e-05,0.0001,200,"(0.7, 0.3, 0.0)",64,20,2,0,1,2.61,64,0,[0.6931],[None],2000
False,True,64,1e-05,0.0001,200,"(0.7, 0.3, 0.0)",64,20,2,0,1,2.61,64,0,[0.5535],[None],2001
False,True,64,1e-05,0.0001,200,"(0.7, 0.3, 0.0)",64,20,2,0,1,2.68,64,1,[0.6738],[None],2002
False,True,64,1e-05,0.0001,200,"(0.7, 0.3, 0.0)",64,20,2,0,2,5.43,128,0,"[0.6235, 0.6536]","[None, None]",2003
False,True,64,1e-05,0.0001,200,"(0.7, 0.3, 0.0)",64,20,2,0,1,2.62,64,0,[0.6936],[None],2004
False,True,64,1e-05,0.0001,200,"(0.7, 0.3, 0.0)",64,20,2,0,1,2.71,64,0,[0.6077],[None],2005
False,True,64,1e-05,0.0001,200,"(0.7, 0.3, 0.0)",64,20,2,0,1,2.66,64,0,[0.6419],[None],2006
False,True,64,1e-05,0.0001,200,"(0.7, 0.3, 0.0)",64,20,2,0,6,18.79,384,0,"[0.5994, 0.6288, 0.6602, 0.6392, 0.6169, 0.6252]","[None, None, None, None, None, None]",2007
False,True,64,1e-05,0.0001,200,"(0.7, 0.3, 0.0)",64,20,2,0,1,2.66,64,1,[0.4839],[None],2008
False,True,64,1e-05,0.0001,200,"(0.7, 0.3, 0.0)",64,20,2,0,1,2.64,64,0,[0.6275],[None],2009
False,True,64,1e-05,0.0001,200,"(0.7, 0.3, 0.0)",64,20,2,0,1,2.68,64,0,[0.6409],[None],2010
False,True,64,1e-05,0.0001,200,"(0.7, 0.3, 0.0)",64,20,2,0,1,2.75,64,0,[0.6052],[None],2011
False,True,64,1e-05,0.0001,200,"(0.7, 0.3, 0.0)",64,20,2,0,1,2.75,64,0,[0.5818],[None],2012
False,True,64,1e-05,0.0001,200,"(0.7, 0.3, 0.0)",64,20,2,0,2,5.69,128,0,"[0.6701, 0.6317]","[None, None]",2013
False,True,64,1e-05,0.0001,200,"(0.7, 0.3, 0.0)",64,20,2,0,3,8.59,192,0,"[0.6771, 0.5972, 0.4839]","[None, None, None]",2014
False,True,64,1e-05,0.0001,200,"(0.7, 0.3, 0.0)",64,20,2,0,3,8.77,192,0,"[0.6448, 0.617, 0.6376]","[None, None, None]",2015
False,True,64,1e-05,0.0001,200,"(0.7, 0.3, 0.0)",64,20,2,0,2,5.65,128,0,"[0.5914, 0.4714]","[None, None]",2016
False,True,64,1e-05,0.0001,200,"(0.7, 0.3, 0.0)",64,20,2,0,1,2.75,64,0,[0.6798],[None],2017
False,True,64,1e-05,0.0001,200,"(0.7, 0.3, 0.0)",64,20,2,0,2,5.7,128,0,"[0.5713, 0.5632]","[None, None]",2018
False,True,64,1e-05,0.0001,200,"(0.7, 0.3, 0.0)",64,20,2,0,1,2.76,64,0,[0.5891],[None],2019
False,True,64,1e-05,1e-05,0,"(0.7, 0.3, 0.0)",64,20,2,0,3,8.82,192,0,"[-9.3264, -9.0608, -8.9935]","[None, None, None]",2000
False,True,64,1e-05,1e-05,0,"(0.7, 0.3, 0.0)",64,20,2,0,2,5.7,128,0,"[-9.1152, -8.859]","[None, None]",2001
False,True,64,1e-05,1e-05,0,"(0.7, 0.3, 0.0)",64,20,2,0,1,2.74,64,1,[-9.1198],[None],2002
False,True,64,1e-05,1e-05,0,"(0.7, 0.3, 0.0)",64,20,2,0,3,8.52,192,0,"[-8.9666, -8.6069, -8.5458]","[None, None, None]",2003
False,True,64,1e-05,1e-05,0,"(0.7, 0.3, 0.0)",64,20,2,0,1,2.62,64,0,[-9.1866],[None],2004
False,True,64,1e-05,1e-05,0,"(0.7, 0.3, 0.0)",64,20,2,0,1,2.62,64,0,[-9.1616],[None],2005
False,True,64,1e-05,1e-05,0,"(0.7, 0.3, 0.0)",64,20,2,0,1,2.62,64,0,[-9.2827],[None],2006
False,True,64,1e-05,1e-05,0,"(0.7, 0.3, 0.0)",64,20,2,0,4,11.63,256,0,"[-9.1734, -9.0366, -8.9664, -8.8958]","[None, None, None, None]",2007
False,True,64,1e-05,1e-05,0,"(0.7, 0.3, 0.0)",64,20,2,0,1,2.62,64,1,[-9.4102],[None],2008
False,True,64,1e-05,1e-05,0,"(0.7, 0.3, 0.0)",64,20,2,0,2,5.44,128,0,"[-9.3206, -8.9929]","[None, None]",2009
False,True,64,1e-05,1e-05,0,"(0.7, 0.3, 0.0)",64,20,2,0,1,2.61,64,0,[-9.2817],[None],2010
False,True,64,1e-05,1e-05,0,"(0.7, 0.3, 0.0)",64,20,2,0,1,2.62,64,0,[-9.1193],[None],2011
False,True,64,1e-05,1e-05,0,"(0.7, 0.3, 0.0)",64,20,2,0,3,8.44,192,0,"[-9.3181, -9.1139, -8.9471]","[None, None, None]",2012
False,True,64,1e-05,1e-05,0,"(0.7, 0.3, 0.0)",64,20,2,0,2,5.5,128,0,"[-9.1604, -9.0062]","[None, None]",2013
False,True,64,1e-05,1e-05,0,"(0.7, 0.3, 0.0)",64,20,2,0,2,5.42,128,0,"[-9.2575, -8.5604]","[None, None]",2014
False,True,64,1e-05,1e-05,0,"(0.7, 0.3, 0.0)",64,20,2,0,2,5.66,128,0,"[-9.3721, -8.9013]","[None, None]",2015
False,True,64,1e-05,1e-05,0,"(0.7, 0.3, 0.0)",64,20,2,0,2,5.43,128,0,"[-9.2631, -8.6848]","[None, None]",2016
False,True,64,1e-05,1e-05,0,"(0.7, 0.3, 0.0)",64,20,2,0,2,5.65,128,0,"[-8.9992, -8.7127]","[None, None]",2017
False,True,64,1e-05,1e-05,0,"(0.7, 0.3, 0.0)",64,20,2,0,2,5.63,128,0,"[-9.062, -9.2144]","[None, None]",2018
False,True,64,1e-05,1e-05,0,"(0.7, 0.3, 0.0)",64,20,2,0,1,2.63,64,0,[-9.0276],[None],2019
False,True,64,1e-05,1e-05,100,"(0.7, 0.3, 0.0)",64,20,2,0,2,5.5,128,0,"[-8.7808, -8.4063]","[None, None]",2000
False,True,64,1e-05,1e-05,100,"(0.7, 0.3, 0.0)",64,20,2,0,2,5.57,128,0,"[-8.4942, -8.2548]","[None, None]",2001
False,True,64,1e-05,1e-05,100,"(0.7, 0.3, 0.0)",64,20,2,0,1,2.75,64,1,[-8.5466],[None],2002
False,True,64,1e-05,1e-05,100,"(0.7, 0.3, 0.0)",64,20,2,0,3,8.76,192,0,"[-8.3595, -7.8278, -7.7722]","[None, None, None]",2003
False,True,64,1e-05,1e-05,100,"(0.7, 0.3, 0.0)",64,20,2,0,1,2.65,64,0,[-8.6331],[None],2004
False,True,64,1e-05,1e-05,100,"(0.7, 0.3, 0.0)",64,20,2,0,1,2.61,64,0,[-8.6025],[None],2005
False,True,64,1e-05,1e-05,100,"(0.7, 0.3, 0.0)",64,20,2,0,1,2.62,64,0,[-8.7206],[None],2006
False,True,64,1e-05,1e-05,100,"(0.7, 0.3, 0.0)",64,20,2,0,4,11.75,256,0,"[-8.5463, -8.4186, -8.2926, -8.1408]","[None, None, None, None]",2007
False,True,64,1e-05,1e-05,100,"(0.7, 0.3, 0.0)",64,20,2,0,1,2.63,64,1,[-8.9172],[None],2008
False,True,64,1e-05,1e-05,100,"(0.7, 0.3, 0.0)",64,20,2,0,2,5.69,128,0,"[-8.7348, -8.4779]","[None, None]",2009
False,True,64,1e-05,1e-05,100,"(0.7, 0.3, 0.0)",64,20,2,0,1,2.67,64,0,[-8.6954],[None],2010
False,True,64,1e-05,1e-05,100,"(0.7, 0.3, 0.0)",64,20,2,0,1,2.73,64,0,[-8.4732],[None],2011
False,True,64,1e-05,1e-05,100,"(0.7, 0.3, 0.0)",64,20,2,0,2,5.48,128,0,"[-8.6682, -8.4795]","[None, None]",2012
False,True,64,1e-05,1e-05,100,"(0.7, 0.3, 0.0)",64,20,2,0,2,5.68,128,0,"[-8.521, -8.4164]","[None, None]",2013
False,True,64,1e-05,1e-05,100,"(0.7, 0.3, 0.0)",64,20,2,0,2,5.47,128,0,"[-8.7031, -8.0304]","[None, None]",2014
False,True,64,1e-05,1e-05,100,"(0.7, 0.3, 0.0)",64,20,2,0,2,5.44,128,0,"[-8.7921, -8.3821]","[None, None]",2015
False,True,64,1e-05,1e-05,100,"(0.7, 0.3, 0.0)",64,20,2,0,1,2.61,64,0,[-8.6572],[None],2016
False,True,64,1e-05,1e-05,100,"(0.7, 0.3, 0.0)",64,20,2,0,2,5.44,128,0,"[-8.3655, -8.1459]","[None, None]",2017
False,True,64,1e-05,1e-05,100,"(0.7, 0.3, 0.0)",64,20,2,0,2,5.44,128,0,"[-8.5192, -8.6435]","[None, None]",2018
False,True,64,1e-05,1e-05,100,"(0.7, 0.3, 0.0)",64,20,2,0,1,2.67,64,0,[-8.4457],[None],2019
False,True,64,1e-05,1e-05,200,"(0.7, 0.3, 0.0)",64,20,2,0,2,5.44,128,0,"[-8.2819, -7.9277]","[None, None]",2000
False,True,64,1e-05,1e-05,200,"(0.7, 0.3, 0.0)",64,20,2,0,1,2.62,64,0,[-7.951],[None],2001
False,True,64,1e-05,1e-05,200,"(0.7, 0.3, 0.0)",64,20,2,0,1,2.62,64,1,[-8.0233],[None],2002
False,True,64,1e-05,1e-05,200,"(0.7, 0.3, 0.0)",64,20,2,0,2,5.47,128,0,"[-7.8326, -7.3122]","[None, None]",2003
False,True,64,1e-05,1e-05,200,"(0.7, 0.3, 0.0)",64,20,2,0,1,2.62,64,0,[-8.0613],[None],2004
False,True,64,1e-05,1e-05,200,"(0.7, 0.3, 0.0)",64,20,2,0,1,2.61,64,0,[-8.0608],[None],2005
False,True,64,1e-05,1e-05,200,"(0.7, 0.3, 0.0)",64,20,2,0,1,2.61,64,0,[-8.2226],[None],2006
False,True,64,1e-05,1e-05,200,"(0.7, 0.3, 0.0)",64,20,2,0,4,11.62,256,0,"[-8.0379, -7.9068, -7.8307, -7.7517]","[None, None, None, None]",2007
False,True,64,1e-05,1e-05,200,"(0.7, 0.3, 0.0)",64,20,2,0,1,2.64,64,1,[-8.4002],[None],2008
False,True,64,1e-05,1e-05,200,"(0.7, 0.3, 0.0)",64,20,2,0,1,2.81,64,0,[-8.2105],[None],2009
False,True,64,1e-05,1e-05,200,"(0.7, 0.3, 0.0)",64,20,2,0,1,2.74,64,0,[-8.2426],[None],2010
False,True,64,1e-05,1e-05,200,"(0.7, 0.3, 0.0)",64,20,2,0,1,2.64,64,0,[-7.9491],[None],2011
False,True,64,1e-05,1e-05,200,"(0.7, 0.3, 0.0)",64,20,2,0,2,5.52,128,0,"[-8.1462, -8.0799]","[None, None]",2012
False,True,64,1e-05,1e-05,200,"(0.7, 0.3, 0.0)",64,20,2,0,2,5.7,128,0,"[-8.0206, -7.9003]","[None, None]",2013
False,True,64,1e-05,1e-05,200,"(0.7, 0.3, 0.0)",64,20,2,0,2,5.71,128,0,"[-8.1773, -7.5147]","[None, None]",2014
False,True,64,1e-05,1e-05,200,"(0.7, 0.3, 0.0)",64,20,2,0,2,5.55,128,0,"[-8.3109, -8.056]","[None, None]",2015
False,True,64,1e-05,1e-05,200,"(0.7, 0.3, 0.0)",64,20,2,0,1,2.66,64,0,[-8.1171],[None],2016
False,True,64,1e-05,1e-05,200,"(0.7, 0.3, 0.0)",64,20,2,0,2,5.48,128,0,"[-7.8168, -7.6741]","[None, None]",2017
False,True,64,1e-05,1e-05,200,"(0.7, 0.3, 0.0)",64,20,2,0,2,5.47,128,0,"[-7.8906, -8.1082]","[None, None]",2018
False,True,64,1e-05,1e-05,200,"(0.7, 0.3, 0.0)",64,20,2,0,1,2.62,64,0,[-7.9304],[None],2019
False,False,64,1e-05,0.0001,0,"(0.7, 0.3, 0.0)",64,20,4,0,1,3.19,64,0,[0.6977],[None],2000
False,False,64,1e-05,0.0001,0,"(0.7, 0.3, 0.0)",64,20,4,0,1,3.19,64,0,[0.5826],[None],2001
False,False,64,1e-05,0.0001,0,"(0.7, 0.3, 0.0)",64,20,4,0,1,3.19,64,1,[0.695],[None],2002
False,False,64,1e-05,0.0001,0,"(0.7, 0.3, 0.0)",64,20,4,0,2,6.61,128,0,"[0.6664, 0.6696]","[None, None]",2003
False,False,64,1e-05,0.0001,0,"(0.7, 0.3, 0.0)",64,20,4,0,1,3.22,64,0,[0.7097],[None],2004
False,False,64,1e-05,0.0001,0,"(0.7, 0.3, 0.0)",64,20,4,0,1,3.23,64,0,[0.6643],[None],2005
False,False,64,1e-05,0.0001,0,"(0.7, 0.3, 0.0)",64,20,4,0,1,3.2,64,0,[0.6487],[None],2006
False,False,64,1e-05,0.0001,0,"(0.7, 0.3, 0.0)",64,20,4,0,5,18.1,320,0,"[0.6077, 0.5152, 0.462, 0.3403, 0.3331]","[None, None, None, None, None]",2007
False,False,64,1e-05,0.0001,0,"(0.7, 0.3, 0.0)",64,20,4,0,1,3.28,64,1,[0.4084],[None],2008
False,False,64,1e-05,0.0001,0,"(0.7, 0.3, 0.0)",64,20,4,0,1,3.25,64,0,[0.6435],[None],2009
False,False,64,1e-05,0.0001,0,"(0.7, 0.3, 0.0)",64,20,4,0,1,3.32,64,0,[0.6674],[None],2010
False,False,64,1e-05,0.0001,0,"(0.7, 0.3, 0.0)",64,20,4,0,1,3.22,64,0,[0.653],[None],2011
False,False,64,1e-05,0.0001,0,"(0.7, 0.3, 0.0)",64,20,4,0,1,3.2,64,0,[0.5891],[None],2012
False,False,64,1e-05,0.0001,0,"(0.7, 0.3, 0.0)",64,20,4,0,2,6.67,128,0,"[0.6902, 0.6384]","[None, None]",2013
False,False,64,1e-05,0.0001,0,"(0.7, 0.3, 0.0)",64,20,4,0,3,10.5,192,0,"[0.6797, 0.533, 0.5016]","[None, None, None]",2014
False,False,64,1e-05,0.0001,0,"(0.7, 0.3, 0.0)",64,20,4,0,6,22.87,384,0,"[0.6539, 0.6119, 0.6388, 0.5656, 0.5614, 0.4559]","[None, None, None, None, None, None]",2015
False,False,64,1e-05,0.0001,0,"(0.7, 0.3, 0.0)",64,20,4,0,3,10.19,192,0,"[0.6079, 0.5308, 0.4857]","[None, None, None]",2016
False,False,64,1e-05,0.0001,0,"(0.7, 0.3, 0.0)",64,20,4,0,1,3.2,64,0,[0.716],[None],2017
False,False,64,1e-05,0.0001,0,"(0.7, 0.3, 0.0)",64,20,4,0,2,6.61,128,0,"[0.5947, 0.5528]","[None, None]",2018
False,False,64,1e-05,0.0001,0,"(0.7, 0.3, 0.0)",64,20,4,0,1,3.2,64,0,[0.5953],[None],2019
False,False,64,1e-05,0.0001,100,"(0.7, 0.3, 0.0)",64,20,4,0,1,3.2,64,0,[0.6966],[None],2000
False,False,64,1e-05,0.0001,100,"(0.7, 0.3, 0.0)",64,20,4,0,1,3.22,64,0,[0.5743],[None],2001
False,False,64,1e-05,0.0001,100,"(0.7, 0.3, 0.0)",64,20,4,0,1,3.21,64,1,[0.687],[None],2002
False,False,64,1e-05,0.0001,100,"(0.7, 0.3, 0.0)",64,20,4,0,2,6.61,128,0,"[0.6537, 0.6799]","[None, None]",2003
False,False,64,1e-05,0.0001,100,"(0.7, 0.3, 0.0)",64,20,4,0,1,3.2,64,0,[0.6993],[None],2004
False,False,64,1e-05,0.0001,100,"(0.7, 0.3, 0.0)",64,20,4,0,1,3.2,64,0,[0.6468],[None],2005
False,False,64,1e-05,0.0001,100,"(0.7, 0.3, 0.0)",64,20,4,0,1,3.2,64,0,[0.6465],[None],2006
False,False,64,1e-05,0.0001,100,"(0.7, 0.3, 0.0)",64,20,4,0,4,14.03,256,0,"[0.6002, 0.5131, 0.5305, 0.5041]","[None, None, None, None]",2007
False,False,64,1e-05,0.0001,100,"(0.7, 0.3, 0.0)",64,20,4,0,1,3.22,64,1,[0.4376],[None],2008
False,False,64,1e-05,0.0001,100,"(0.7, 0.3, 0.0)",64,20,4,0,1,3.2,64,0,[0.6342],[None],2009
False,False,64,1e-05,0.0001,100,"(0.7, 0.3, 0.0)",64,20,4,0,1,3.2,64,0,[0.6498],[None],2010
False,False,64,1e-05,0.0001,100,"(0.7, 0.3, 0.0)",64,20,4,0,1,3.21,64,0,[0.6372],[None],2011
False,False,64,1e-05,0.0001,100,"(0.7, 0.3, 0.0)",64,20,4,0,1,3.38,64,0,[0.5961],[None],2012
False,False,64,1e-05,0.0001,100,"(0.7, 0.3, 0.0)",64,20,4,0,2,6.85,128,0,"[0.6727, 0.6492]","[None, None]",2013
False,False,64,1e-05,0.0001,100,"(0.7, 0.3, 0.0)",64,20,4,0,4,14.2,256,0,"[0.6705, 0.4884, 0.4461, 0.3728]","[None, None, None, None]",2014
False,False,64,1e-05,0.0001,100,"(0.7, 0.3, 0.0)",64,20,4,0,3,10.32,192,0,"[0.6593, 0.6454, 0.6846]","[None, None, None]",2015
False,False,64,1e-05,0.0001,100,"(0.7, 0.3, 0.0)",64,20,4,0,3,10.15,192,0,"[0.6, 0.4861, 0.4722]","[None, None, None]",2016
False,False,64,1e-05,0.0001,100,"(0.7, 0.3, 0.0)",64,20,4,0,1,3.19,64,0,[0.7003],[None],2017
False,False,64,1e-05,0.0001,100,"(0.7, 0.3, 0.0)",64,20,4,0,2,6.6,128,0,"[0.5904, 0.5522]","[None, None]",2018
False,False,64,1e-05,0.0001,100,"(0.7, 0.3, 0.0)",64,20,4,0,1,3.32,64,0,[0.6004],[None],2019
False,False,64,1e-05,0.0001,200,"(0.7, 0.3, 0.0)",64,20,4,0,1,3.33,64,0,[0.7004],[None],2000
False,False,64,1e-05,0.0001,200,"(0.7, 0.3, 0.0)",64,20,4,0,1,3.32,64,0,[0.5752],[None],2001
False,False,64,1e-05,0.0001,200,"(0.7, 0.3, 0.0)",64,20,4,0,1,3.32,64,1,[0.6879],[None],2002
False,False,64,1e-05,0.0001,200,"(0.7, 0.3, 0.0)",64,20,4,0,2,6.86,128,1,"[0.6567, 0.6829]","[None, None]",2003
False,False,64,1e-05,0.0001,200,"(0.7, 0.3, 0.0)",64,20,4,0,1,3.33,64,0,[0.6986],[None],2004
False,False,64,1e-05,0.0001,200,"(0.7, 0.3, 0.0)",64,20,4,0,1,3.36,64,0,[0.6355],[None],2005
False,False,64,1e-05,0.0001,200,"(0.7, 0.3, 0.0)",64,20,4,0,1,3.33,64,0,[0.6524],[None],2006
False,False,64,1e-05,0.0001,200,"(0.7, 0.3, 0.0)",64,20,4,0,5,18.28,320,0,"[0.5969, 0.5282, 0.5521, 0.5103, 0.5428]","[None, None, None, None, None]",2007
False,False,64,1e-05,0.0001,200,"(0.7, 0.3, 0.0)",64,20,4,0,1,3.2,64,1,[0.4725],[None],2008
False,False,64,1e-05,0.0001,200,"(0.7, 0.3, 0.0)",64,20,4,0,1,3.2,64,0,[0.6394],[None],2009
False,False,64,1e-05,0.0001,200,"(0.7, 0.3, 0.0)",64,20,4,0,1,3.23,64,0,[0.6379],[None],2010
False,False,64,1e-05,0.0001,200,"(0.7, 0.3, 0.0)",64,20,4,0,1,3.27,64,0,[0.6312],[None],2011
False,False,64,1e-05,0.0001,200,"(0.7, 0.3, 0.0)",64,20,4,0,1,3.32,64,0,[0.6033],[None],2012
False,False,64,1e-05,0.0001,200,"(0.7, 0.3, 0.0)",64,20,4,0,2,6.87,128,0,"[0.6678, 0.6658]","[None, None]",2013
False,False,64,1e-05,0.0001,200,"(0.7, 0.3, 0.0)",64,20,4,0,3,10.17,192,0,"[0.674, 0.5909, 0.5418]","[None, None, None]",2014
False,False,64,1e-05,0.0001,200,"(0.7, 0.3, 0.0)",64,20,4,0,2,6.65,128,0,"[0.657, 0.661]","[None, None]",2015
False,False,64,1e-05,0.0001,200,"(0.7, 0.3, 0.0)",64,20,4,0,3,10.17,192,0,"[0.5973, 0.488, 0.4568]","[None, None, None]",2016
False,False,64,1e-05,0.0001,200,"(0.7, 0.3, 0.0)",64,20,4,0,1,3.22,64,0,[0.7037],[None],2017
False,False,64,1e-05,0.0001,200,"(0.7, 0.3, 0.0)",64,20,4,0,2,6.66,128,0,"[0.5917, 0.5624]","[None, None]",2018
False,False,64,1e-05,0.0001,200,"(0.7, 0.3, 0.0)",64,20,4,0,1,3.34,64,0,[0.6034],[None],2019
False,False,64,1e-05,1e-05,0,"(0.7, 0.3, 0.0)",64,20,4,0,1,3.24,64,0,[0.6151],[None],2000
False,False,64,1e-05,1e-05,0,"(0.7, 0.3, 0.0)",64,20,4,0,1,3.2,64,0,[0.6588],[None],2001
False,False,64,1e-05,1e-05,0,"(0.7, 0.3, 0.0)",64,20,4,0,1,3.19,64,1,[0.5308],[None],2002
False,False,64,1e-05,1e-05,0,"(0.7, 0.3, 0.0)",64,20,4,0,2,6.59,128,0,"[0.5791, 0.4986]","[None, None]",2003
False,False,64,1e-05,1e-05,0,"(0.7, 0.3, 0.0)",64,20,4,0,1,3.19,64,0,[0.6573],[None],2004
False,False,64,1e-05,1e-05,0,"(0.7, 0.3, 0.0)",64,20,4,0,1,3.19,64,0,[0.5295],[None],2005
False,False,64,1e-05,1e-05,0,"(0.7, 0.3, 0.0)",64,20,4,0,1,3.2,64,0,[0.5873],[None],2006
False,False,64,1e-05,1e-05,0,"(0.7, 0.3, 0.0)",64,20,4,0,2,6.68,128,0,"[0.6274, 0.4532]","[None, None]",2007
False,False,64,1e-05,1e-05,0,"(0.7, 0.3, 0.0)",64,20,4,0,1,3.21,64,1,[0.5004],[None],2008
False,False,64,1e-05,1e-05,0,"(0.7, 0.3, 0.0)",64,20,4,0,1,3.27,64,0,[0.5273],[None],2009
False,False,64,1e-05,1e-05,0,"(0.7, 0.3, 0.0)",64,20,4,0,1,3.3,64,0,[0.4897],[None],2010
False,False,64,1e-05,1e-05,0,"(0.7, 0.3, 0.0)",64,20,4,0,1,3.34,64,1,[0.5822],[None],2011
False,False,64,1e-05,1e-05,0,"(0.7, 0.3, 0.0)",64,20,4,0,2,6.69,128,1,"[0.6626, 0.5776]","[None, None]",2012
False,False,64,1e-05,1e-05,0,"(0.7, 0.3, 0.0)",64,20,4,0,2,6.66,128,0,"[0.5406, 0.3724]","[None, None]",2013
False,False,64,1e-05,1e-05,0,"(0.7, 0.3, 0.0)",64,20,4,0,1,3.29,64,0,[0.6484],[None],2014
False,False,64,1e-05,1e-05,0,"(0.7, 0.3, 0.0)",64,20,4,0,7,26.64,448,0,"[0.4028, 0.2998, 0.2324, 0.1683, 0.1774, 0.202, 0.1967]","[None, None, None, None, None, None, None]",2015
False,False,64,1e-05,1e-05,0,"(0.7, 0.3, 0.0)",64,20,4,0,1,3.21,64,0,[0.5065],[None],2016
False,False,64,1e-05,1e-05,0,"(0.7, 0.3, 0.0)",64,20,4,0,2,6.59,128,1,"[0.7103, 0.5498]","[None, None]",2017
False,False,64,1e-05,1e-05,0,"(0.7, 0.3, 0.0)",64,20,4,0,2,6.59,128,1,"[0.5859, 0.4585]","[None, None]",2018
False,False,64,1e-05,1e-05,0,"(0.7, 0.3, 0.0)",64,20,4,0,1,3.2,64,0,[0.5618],[None],2019
False,False,64,1e-05,1e-05,100,"(0.7, 0.3, 0.0)",64,20,4,0,1,3.19,64,0,[0.6717],[None],2000
False,False,64,1e-05,1e-05,100,"(0.7, 0.3, 0.0)",64,20,4,0,1,3.19,64,0,[0.667],[None],2001
False,False,64,1e-05,1e-05,100,"(0.7, 0.3, 0.0)",64,20,4,0,1,3.21,64,1,[0.6109],[None],2002
False,False,64,1e-05,1e-05,100,"(0.7, 0.3, 0.0)",64,20,4,0,2,6.77,128,0,"[0.6247, 0.5719]","[None, None]",2003
False,False,64,1e-05,1e-05,100,"(0.7, 0.3, 0.0)",64,20,4,0,1,3.21,64,0,[0.7093],[None],2004
False,False,64,1e-05,1e-05,100,"(0.7, 0.3, 0.0)",64,20,4,0,1,3.24,64,0,[0.5795],[None],2005
False,False,64,1e-05,1e-05,100,"(0.7, 0.3, 0.0)",64,20,4,0,1,3.21,64,0,[0.6447],[None],2006
False,False,64,1e-05,1e-05,100,"(0.7, 0.3, 0.0)",64,20,4,0,2,6.7,128,0,"[0.6641, 0.5338]","[None, None]",2007
False,False,64,1e-05,1e-05,100,"(0.7, 0.3, 0.0)",64,20,4,0,1,3.19,64,1,[0.5354],[None],2008
False,False,64,1e-05,1e-05,100,"(0.7, 0.3, 0.0)",64,20,4,0,1,3.19,64,0,[0.6007],[None],2009
False,False,64,1e-05,1e-05,100,"(0.7, 0.3, 0.0)",64,20,4,0,1,3.19,64,0,[0.6203],[None],2010
False,False,64,1e-05,1e-05,100,"(0.7, 0.3, 0.0)",64,20,4,0,1,3.19,64,1,[0.6386],[None],2011
False,False,64,1e-05,1e-05,100,"(0.7, 0.3, 0.0)",64,20,4,0,1,3.22,64,0,[0.664],[None],2012
False,False,64,1e-05,1e-05,100,"(0.7, 0.3, 0.0)",64,20,4,0,2,6.61,128,0,"[0.6219, 0.4394]","[None, None]",2013
False,False,64,1e-05,1e-05,100,"(0.7, 0.3, 0.0)",64,20,4,0,3,10.15,192,0,"[0.6871, 0.4876, 0.4219]","[None, None, None]",2014
False,False,64,1e-05,1e-05,100,"(0.7, 0.3, 0.0)",64,20,4,0,2,6.59,128,0,"[0.5352, 0.3914]","[None, None]",2015
False,False,64,1e-05,1e-05,100,"(0.7, 0.3, 0.0)",64,20,4,0,1,3.19,64,0,[0.5791],[None],2016
False,False,64,1e-05,1e-05,100,"(0.7, 0.3, 0.0)",64,20,4,0,1,3.35,64,0,[0.7361],[None],2017
False,False,64,1e-05,1e-05,100,"(0.7, 0.3, 0.0)",64,20,4,0,2,6.94,128,1,"[0.6181, 0.5382]","[None, None]",2018
False,False,64,1e-05,1e-05,100,"(0.7, 0.3, 0.0)",64,20,4,0,1,3.34,64,0,[0.6024],[None],2019
False,False,64,1e-05,1e-05,200,"(0.7, 0.3, 0.0)",64,20,4,0,1,3.3,64,0,[0.6877],[None],2000
False,False,64,1e-05,1e-05,200,"(0.7, 0.3, 0.0)",64,20,4,0,1,3.32,64,0,[0.6692],[None],2001
False,False,64,1e-05,1e-05,200,"(0.7, 0.3, 0.0)",64,20,4,0,1,3.2,64,1,[0.6337],[None],2002
False,False,64,1e-05,1e-05,200,"(0.7, 0.3, 0.0)",64,20,4,0,2,6.72,128,0,"[0.6416, 0.5654]","[None, None]",2003
False,False,64,1e-05,1e-05,200,"(0.7, 0.3, 0.0)",64,20,4,0,1,3.2,64,0,[0.725],[None],2004
False,False,64,1e-05,1e-05,200,"(0.7, 0.3, 0.0)",64,20,4,0,1,3.23,64,0,[0.6079],[None],2005
False,False,64,1e-05,1e-05,200,"(0.7, 0.3, 0.0)",64,20,4,0,1,3.2,64,0,[0.6632],[None],2006
False,False,64,1e-05,1e-05,200,"(0.7, 0.3, 0.0)",64,20,4,0,3,10.2,192,0,"[0.6755, 0.5247, 0.5569]","[None, None, None]",2007
False,False,64,1e-05,1e-05,200,"(0.7, 0.3, 0.0)",64,20,4,0,1,3.26,64,1,[0.5511],[None],2008
False,False,64,1e-05,1e-05,200,"(0.7, 0.3, 0.0)",64,20,4,0,1,3.19,64,0,[0.6332],[None],2009
False,False,64,1e-05,1e-05,200,"(0.7, 0.3, 0.0)",64,20,4,0,1,3.19,64,0,[0.6518],[None],2010
False,False,64,1e-05,1e-05,200,"(0.7, 0.3, 0.0)",64,20,4,0,1,3.19,64,1,[0.6559],[None],2011
False,False,64,1e-05,1e-05,200,"(0.7, 0.3, 0.0)",64,20,4,0,1,3.2,64,0,[0.669],[None],2012
False,False,64,1e-05,1e-05,200,"(0.7, 0.3, 0.0)",64,20,4,0,2,6.62,128,0,"[0.6486, 0.5519]","[None, None]",2013
False,False,64,1e-05,1e-05,200,"(0.7, 0.3, 0.0)",64,20,4,0,2,6.6,128,0,"[0.6988, 0.5145]","[None, None]",2014
False,False,64,1e-05,1e-05,200,"(0.7, 0.3, 0.0)",64,20,4,0,3,10.16,192,0,"[0.575, 0.4777, 0.4699]","[None, None, None]",2015
False,False,64,1e-05,1e-05,200,"(0.7, 0.3, 0.0)",64,20,4,0,1,3.19,64,0,[0.5965],[None],2016
False,False,64,1e-05,1e-05,200,"(0.7, 0.3, 0.0)",64,20,4,0,1,3.2,64,0,[0.7447],[None],2017
False,False,64,1e-05,1e-05,200,"(0.7, 0.3, 0.0)",64,20,4,0,2,6.6,128,1,"[0.6344, 0.5762]","[None, None]",2018
False,False,64,1e-05,1e-05,200,"(0.7, 0.3, 0.0)",64,20,4,0,1,3.25,64,0,[0.6239],[None],2019
True,False,64,1e-05,0.0001,0,"(0.7, 0.3, 0.0)",64,20,4,0,6,22.09,384,0,"[0.741, 0.5889, 0.5198, 0.3647, 0.412, 0.3611]","[None, None, None, None, None, None]",2000
True,False,64,1e-05,0.0001,0,"(0.7, 0.3, 0.0)",64,20,4,0,2,6.61,128,0,"[0.7162, 0.6171]","[None, None]",2001
True,False,64,1e-05,0.0001,0,"(0.7, 0.3, 0.0)",64,20,4,0,1,3.19,64,0,[0.75],[None],2002
True,False,64,1e-05,0.0001,0,"(0.7, 0.3, 0.0)",64,20,4,0,6,22.08,384,0,"[0.7361, 0.6005, 0.47, 0.3875, 0.4093, 0.3643]","[None, None, None, None, None, None]",2003
True,False,64,1e-05,0.0001,0,"(0.7, 0.3, 0.0)",64,20,4,0,2,6.67,128,0,"[0.8005, 0.6648]","[None, None]",2004
True,False,64,1e-05,0.0001,0,"(0.7, 0.3, 0.0)",64,20,4,0,6,22.19,384,0,"[0.7487, 0.6299, 0.4703, 0.4399, 0.3931, 0.2913]","[None, None, None, None, None, None]",2005
True,False,64,1e-05,0.0001,0,"(0.7, 0.3, 0.0)",64,20,4,0,8,31.1,512,0,"[0.7204, 0.6288, 0.592, 0.4975, 0.385, 0.3708, 0.3619, 0.2915]","[None, None, None, None, None, None, None, None]",2006
True,False,64,1e-05,0.0001,0,"(0.7, 0.3, 0.0)",64,20,4,0,8,31.39,512,0,"[0.6931, 0.5567, 0.4664, 0.3772, 0.4001, 0.3589, 0.3521, 0.2398]","[None, None, None, None, None, None, None, None]",2007
True,False,64,1e-05,0.0001,0,"(0.7, 0.3, 0.0)",64,20,4,0,1,3.21,64,0,[0.6657],[None],2008
True,False,64,1e-05,0.0001,0,"(0.7, 0.3, 0.0)",64,20,4,0,2,6.61,128,0,"[0.7364, 0.642]","[None, None]",2009
True,False,64,1e-05,0.0001,0,"(0.7, 0.3, 0.0)",64,20,4,0,5,18.06,320,0,"[0.739, 0.6966, 0.5753, 0.4127, 0.3428]","[None, None, None, None, None]",2010
True,False,64,1e-05,0.0001,0,"(0.7, 0.3, 0.0)",64,20,4,0,1,3.2,64,0,[0.7538],[None],2011
True,False,64,1e-05,0.0001,0,"(0.7, 0.3, 0.0)",64,20,4,0,5,18.07,320,0,"[0.7135, 0.6101, 0.4939, 0.4121, 0.3907]","[None, None, None, None, None]",2012
True,False,64,1e-05,0.0001,0,"(0.7, 0.3, 0.0)",64,20,4,0,3,10.19,192,0,"[0.7756, 0.6492, 0.5521]","[None, None, None]",2013
True,False,64,1e-05,0.0001,0,"(0.7, 0.3, 0.0)",64,20,4,0,8,31.29,512,0,"[0.7644, 0.5998, 0.4681, 0.4282, 0.3622, 0.2808, 0.1899, 0.1535]","[None, None, None, None, None, None, None, None]",2014
True,False,64,1e-05,0.0001,0,"(0.7, 0.3, 0.0)",64,20,4,0,6,22.16,384,0,"[0.7062, 0.5792, 0.3649, 0.228, 0.1724, 0.1595]","[None, None, None, None, None, None]",2015
True,False,64,1e-05,0.0001,0,"(0.7, 0.3, 0.0)",64,20,4,0,5,18.14,320,0,"[0.7303, 0.4687, 0.3598, 0.1992, 0.2599]","[None, None, None, None, None]",2016
True,False,64,1e-05,0.0001,0,"(0.7, 0.3, 0.0)",64,20,4,0,2,6.66,128,0,"[0.7559, 0.6033]","[None, None]",2017
True,False,64,1e-05,0.0001,0,"(0.7, 0.3, 0.0)",64,20,4,0,2,6.69,128,0,"[0.6777, 0.5658]","[None, None]",2018
True,False,64,1e-05,0.0001,0,"(0.7, 0.3, 0.0)",64,20,4,0,1,3.2,64,0,[0.731],[None],2019
True,False,64,1e-05,0.0001,100,"(0.7, 0.3, 0.0)",64,20,4,0,5,18.03,320,0,"[0.755, 0.6287, 0.563, 0.4941, 0.4908]","[None, None, None, None, None]",2000
True,False,64,1e-05,0.0001,100,"(0.7, 0.3, 0.0)",64,20,4,0,3,10.19,192,0,"[0.6963, 0.6089, 0.5178]","[None, None, None]",2001
True,False,64,1e-05,0.0001,100,"(0.7, 0.3, 0.0)",64,20,4,0,1,3.24,64,0,[0.7447],[None],2002
True,False,64,1e-05,0.0001,100,"(0.7, 0.3, 0.0)",64,20,4,0,5,18.03,320,0,"[0.738, 0.5966, 0.5617, 0.4689, 0.4585]","[None, None, None, None, None]",2003
True,False,64,1e-05,0.0001,100,"(0.7, 0.3, 0.0)",64,20,4,0,2,6.86,128,0,"[0.8028, 0.7073]","[None, None]",2004
True,False,64,1e-05,0.0001,100,"(0.7, 0.3, 0.0)",64,20,4,0,4,13.95,256,0,"[0.7502, 0.647, 0.5126, 0.5544]","[None, None, None, None]",2005
True,False,64,1e-05,0.0001,100,"(0.7, 0.3, 0.0)",64,20,4,0,5,18.17,320,0,"[0.726, 0.6016, 0.5595, 0.515, 0.5518]","[None, None, None, None, None]",2006
True,False,64,1e-05,0.0001,100,"(0.7, 0.3, 0.0)",64,20,4,0,4,14.27,256,0,"[0.6967, 0.6295, 0.5466, 0.5079]","[None, None, None, None]",2007
True,False,64,1e-05,0.0001,100,"(0.7, 0.3, 0.0)",64,20,4,0,1,3.19,64,0,[0.6717],[None],2008
True,False,64,1e-05,0.0001,100,"(0.7, 0.3, 0.0)",64,20,4,0,2,6.61,128,0,"[0.7402, 0.6366]","[None, None]",2009
True,False,64,1e-05,0.0001,100,"(0.7, 0.3, 0.0)",64,20,4,0,3,10.17,192,0,"[0.74, 0.6623, 0.5961]","[None, None, None]",2010
True,False,64,1e-05,0.0001,100,"(0.7, 0.3, 0.0)",64,20,4,0,1,3.2,64,0,[0.7594],[None],2011
True,False,64,1e-05,0.0001,100,"(0.7, 0.3, 0.0)",64,20,4,0,5,18.01,320,0,"[0.7035, 0.592, 0.4899, 0.4376, 0.416]","[None, None, None, None, None]",2012
True,False,64,1e-05,0.0001,100,"(0.7, 0.3, 0.0)",64,20,4,0,5,18.39,320,0,"[0.7778, 0.6469, 0.5533, 0.4426, 0.3845]","[None, None, None, None, None]",2013
True,False,64,1e-05,0.0001,100,"(0.7, 0.3, 0.0)",64,20,4,0,4,14.07,256,0,"[0.7645, 0.6231, 0.5441, 0.4326]","[None, None, None, None]",2014
True,False,64,1e-05,0.0001,100,"(0.7, 0.3, 0.0)",64,20,4,0,6,22.12,384,0,"[0.7168, 0.5999, 0.4671, 0.409, 0.3157, 0.2982]","[None, None, None, None, None, None]",2015
True,False,64,1e-05,0.0001,100,"(0.7, 0.3, 0.0)",64,20,4,0,4,14.06,256,0,"[0.7353, 0.5751, 0.407, 0.3627]","[None, None, None, None]",2016
True,False,64,1e-05,0.0001,100,"(0.7, 0.3, 0.0)",64,20,4,0,2,6.6,128,0,"[0.7563, 0.6145]","[None, None]",2017
True,False,64,1e-05,0.0001,100,"(0.7, 0.3, 0.0)",64,20,4,0,3,10.18,192,0,"[0.688, 0.6235, 0.5599]","[None, None, None]",2018
True,False,64,1e-05,0.0001,100,"(0.7, 0.3, 0.0)",64,20,4,0,2,6.6,128,0,"[0.7336, 0.6397]","[None, None]",2019
True,False,64,1e-05,0.0001,200,"(0.7, 0.3, 0.0)",64,20,4,0,3,10.17,192,0,"[0.7547, 0.6442, 0.6184]","[None, None, None]",2000
True,False,64,1e-05,0.0001,200,"(0.7, 0.3, 0.0)",64,20,4,0,2,6.61,128,0,"[0.6873, 0.6178]","[None, None]",2001
True,False,64,1e-05,0.0001,200,"(0.7, 0.3, 0.0)",64,20,4,0,1,3.2,64,0,[0.7482],[None],2002
True,False,64,1e-05,0.0001,200,"(0.7, 0.3, 0.0)",64,20,4,0,7,26.58,448,0,"[0.7297, 0.6109, 0.502, 0.48, 0.4544, 0.503, 0.4644]","[None, None, None, None, None, None, None]",2003
True,False,64,1e-05,0.0001,200,"(0.7, 0.3, 0.0)",64,20,4,0,2,6.73,128,0,"[0.7937, 0.6882]","[None, None]",2004
True,False,64,1e-05,0.0001,200,"(0.7, 0.3, 0.0)",64,20,4,0,3,10.25,192,0,"[0.7381, 0.6308, 0.526]","[None, None, None]",2005
True,False,64,1e-05,0.0001,200,"(0.7, 0.3, 0.0)",64,20,4,0,3,10.42,192,0,"[0.7353, 0.6305, 0.5986]","[None, None, None]",2006
True,False,64,1e-05,0.0001,200,"(0.7, 0.3, 0.0)",64,20,4,0,4,14.08,256,0,"[0.6971, 0.6305, 0.56, 0.5329]","[None, None, None, None]",2007
True,False,64,1e-05,0.0001,200,"(0.7, 0.3, 0.0)",64,20,4,0,1,3.35,64,0,[0.6914],[None],2008
True,False,64,1e-05,0.0001,200,"(0.7, 0.3, 0.0)",64,20,4,0,2,6.7,128,0,"[0.7225, 0.651]","[None, None]",2009
True,False,64,1e-05,0.0001,200,"(0.7, 0.3, 0.0)",64,20,4,0,3,10.23,192,0,"[0.7334, 0.6726, 0.6387]","[None, None, None]",2010
True,False,64,1e-05,0.0001,200,"(0.7, 0.3, 0.0)",64,20,4,0,1,3.21,64,0,[0.7612],[None],2011
True,False,64,1e-05,0.0001,200,"(0.7, 0.3, 0.0)",64,20,4,0,4,14.36,256,0,"[0.6951, 0.5952, 0.5249, 0.4541]","[None, None, None, None]",2012
True,False,64,1e-05,0.0001,200,"(0.7, 0.3, 0.0)",64,20,4,0,4,14.3,256,0,"[0.7694, 0.6622, 0.5809, 0.5671]","[None, None, None, None]",2013
True,False,64,1e-05,0.0001,200,"(0.7, 0.3, 0.0)",64,20,4,0,3,10.18,192,0,"[0.7489, 0.6593, 0.61]","[None, None, None]",2014
True,False,64,1e-05,0.0001,200,"(0.7, 0.3, 0.0)",64,20,4,0,6,22.22,384,0,"[0.716, 0.6166, 0.5426, 0.4737, 0.4203, 0.4053]","[None, None, None, None, None, None]",2015
True,False,64,1e-05,0.0001,200,"(0.7, 0.3, 0.0)",64,20,4,0,5,18.03,320,0,"[0.7469, 0.5869, 0.5494, 0.4768, 0.5186]","[None, None, None, None, None]",2016
True,False,64,1e-05,0.0001,200,"(0.7, 0.3, 0.0)",64,20,4,0,2,6.61,128,0,"[0.7474, 0.6405]","[None, None]",2017
True,False,64,1e-05,0.0001,200,"(0.7, 0.3, 0.0)",64,20,4,0,2,6.61,128,0,"[0.674, 0.6055]","[None, None]",2018
True,False,64,1e-05,0.0001,200,"(0.7, 0.3, 0.0)",64,20,4,0,2,6.6,128,0,"[0.7366, 0.6639]","[None, None]",2019
True,False,64,1e-05,1e-05,0,"(0.7, 0.3, 0.0)",64,20,4,0,2,6.6,128,0,"[-0.3102, -0.0226]","[None, None]",2000
True,False,64,1e-05,1e-05,0,"(0.7, 0.3, 0.0)",64,20,4,0,1,3.19,64,0,[0.3728],[None],2001
True,False,64,1e-05,1e-05,0,"(0.7, 0.3, 0.0)",64,20,4,0,1,3.19,64,0,[0.3376],[None],2002
True,False,64,1e-05,1e-05,0,"(0.7, 0.3, 0.0)",64,20,4,0,3,10.2,192,0,"[0.1971, 0.1259, 0.0332]","[None, None, None]",2003
True,False,64,1e-05,1e-05,0,"(0.7, 0.3, 0.0)",64,20,4,0,2,6.67,128,0,"[0.3334, 0.2689]","[None, None]",2004
True,False,64,1e-05,1e-05,0,"(0.7, 0.3, 0.0)",64,20,4,0,1,3.22,64,0,[0.35],[None],2005
True,False,64,1e-05,1e-05,0,"(0.7, 0.3, 0.0)",64,20,4,0,2,6.69,128,0,"[0.332, 0.0745]","[None, None]",2006
True,False,64,1e-05,1e-05,0,"(0.7, 0.3, 0.0)",64,20,4,0,7,26.62,448,0,"[0.3666, -0.0558, -0.1573, -0.2189, -0.133, -0.1076, -0.0665]","[None, None, None, None, None, None, None]",2007
True,False,64,1e-05,1e-05,0,"(0.7, 0.3, 0.0)",64,20,4,0,1,3.22,64,0,[-0.6147],[None],2008
True,False,64,1e-05,1e-05,0,"(0.7, 0.3, 0.0)",64,20,4,0,2,6.63,128,0,"[0.0812, -0.0931]","[None, None]",2009
True,False,64,1e-05,1e-05,0,"(0.7, 0.3, 0.0)",64,20,4,0,1,3.21,64,0,[0.0152],[None],2010
True,False,64,1e-05,1e-05,0,"(0.7, 0.3, 0.0)",64,20,4,0,1,3.22,64,0,[0.197],[None],2011
True,False,64,1e-05,1e-05,0,"(0.7, 0.3, 0.0)",64,20,4,0,2,6.63,128,0,"[0.4379, -0.2892]","[None, None]",2012
True,False,64,1e-05,1e-05,0,"(0.7, 0.3, 0.0)",64,20,4,0,2,6.63,128,0,"[0.2382, -0.0309]","[None, None]",2013
True,False,64,1e-05,1e-05,0,"(0.7, 0.3, 0.0)",64,20,4,0,3,10.19,192,0,"[0.3787, 0.0496, -0.032]","[None, None, None]",2014
True,False,64,1e-05,1e-05,0,"(0.7, 0.3, 0.0)",64,20,4,0,9,39.01,576,0,"[-0.9694, -0.2594, -0.0861, -0.1654, -0.1477, -0.2127, -0.25, -0.1613, 0.216]","[None, None, None, None, None, None, None, None, None]",2015
True,False,64,1e-05,1e-05,0,"(0.7, 0.3, 0.0)",64,20,4,0,1,3.21,64,0,[-0.1152],[None],2016
True,False,64,1e-05,1e-05,0,"(0.7, 0.3, 0.0)",64,20,4,0,2,6.62,128,0,"[0.3572, -0.1997]","[None, None]",2017
True,False,64,1e-05,1e-05,0,"(0.7, 0.3, 0.0)",64,20,4,0,2,6.9,128,0,"[0.4051, 0.1818]","[None, None]",2018
True,False,64,1e-05,1e-05,0,"(0.7, 0.3, 0.0)",64,20,4,0,1,3.34,64,0,[-0.2179],[None],2019
True,False,64,1e-05,1e-05,100,"(0.7, 0.3, 0.0)",64,20,4,0,2,6.88,128,0,"[0.3097, 0.2386]","[None, None]",2000
True,False,64,1e-05,1e-05,100,"(0.7, 0.3, 0.0)",64,20,4,0,1,3.29,64,0,[0.5205],[None],2001
True,False,64,1e-05,1e-05,100,"(0.7, 0.3, 0.0)",64,20,4,0,1,3.21,64,0,[0.5027],[None],2002
True,False,64,1e-05,1e-05,100,"(0.7, 0.3, 0.0)",64,20,4,0,3,10.24,192,0,"[0.4139, 0.2206, 0.0819]","[None, None, None]",2003
True,False,64,1e-05,1e-05,100,"(0.7, 0.3, 0.0)",64,20,4,0,2,6.62,128,0,"[0.5743, 0.4149]","[None, None]",2004
True,False,64,1e-05,1e-05,100,"(0.7, 0.3, 0.0)",64,20,4,0,1,3.2,64,0,[0.4882],[None],2005
True,False,64,1e-05,1e-05,100,"(0.7, 0.3, 0.0)",64,20,4,0,2,6.73,128,0,"[0.5307, 0.4078]","[None, None]",2006
True,False,64,1e-05,1e-05,100,"(0.7, 0.3, 0.0)",64,20,4,0,4,14.5,256,0,"[0.471, 0.2118, 0.0876, 0.0526]","[None, None, None, None]",2007
True,False,64,1e-05,1e-05,100,"(0.7, 0.3, 0.0)",64,20,4,0,1,3.33,64,0,[0.3458],[None],2008
True,False,64,1e-05,1e-05,100,"(0.7, 0.3, 0.0)",64,20,4,0,2,6.88,128,0,"[0.4731, 0.2413]","[None, None]",2009
True,False,64,1e-05,1e-05,100,"(0.7, 0.3, 0.0)",64,20,4,0,1,3.33,64,0,[0.4127],[None],2010
True,False,64,1e-05,1e-05,100,"(0.7, 0.3, 0.0)",64,20,4,0,1,3.34,64,0,[0.4836],[None],2011
True,False,64,1e-05,1e-05,100,"(0.7, 0.3, 0.0)",64,20,4,0,2,6.87,128,0,"[0.5483, 0.2381]","[None, None]",2012
True,False,64,1e-05,1e-05,100,"(0.7, 0.3, 0.0)",64,20,4,0,3,10.21,192,0,"[0.438, 0.1872, 0.2794]","[None, None, None]",2013
True,False,64,1e-05,1e-05,100,"(0.7, 0.3, 0.0)",64,20,4,0,3,10.59,192,0,"[0.5309, 0.345, 0.2045]","[None, None, None]",2014
True,False,64,1e-05,1e-05,100,"(0.7, 0.3, 0.0)",64,20,4,0,8,32.03,512,0,"[0.1171, 0.1595, 0.1002, 0.0951, 0.0928, 0.0397, -0.047, 0.0061]","[None, None, None, None, None, None, None, None]",2015
True,False,64,1e-05,1e-05,100,"(0.7, 0.3, 0.0)",64,20,4,0,1,3.34,64,0,[0.3318],[None],2016
True,False,64,1e-05,1e-05,100,"(0.7, 0.3, 0.0)",64,20,4,0,2,6.87,128,0,"[0.5831, 0.2702]","[None, None]",2017
True,False,64,1e-05,1e-05,100,"(0.7, 0.3, 0.0)",64,20,4,0,2,6.86,128,0,"[0.4669, 0.3482]","[None, None]",2018
True,False,64,1e-05,1e-05,100,"(0.7, 0.3, 0.0)",64,20,4,0,1,3.25,64,0,[0.3636],[None],2019
True,False,64,1e-05,1e-05,200,"(0.7, 0.3, 0.0)",64,20,4,0,1,3.19,64,0,[0.533],[None],2000
True,False,64,1e-05,1e-05,200,"(0.7, 0.3, 0.0)",64,20,4,0,1,3.24,64,0,[0.5332],[None],2001
True,False,64,1e-05,1e-05,200,"(0.7, 0.3, 0.0)",64,20,4,0,1,3.23,64,0,[0.5806],[None],2002
True,False,64,1e-05,1e-05,200,"(0.7, 0.3, 0.0)",64,20,4,0,4,14.05,256,0,"[0.4943, 0.3929, 0.2082, 0.1069]","[None, None, None, None]",2003
True,False,64,1e-05,1e-05,200,"(0.7, 0.3, 0.0)",64,20,4,0,2,6.62,128,0,"[0.629, 0.5076]","[None, None]",2004
True,False,64,1e-05,1e-05,200,"(0.7, 0.3, 0.0)",64,20,4,0,1,3.2,64,0,[0.5314],[None],2005
True,False,64,1e-05,1e-05,200,"(0.7, 0.3, 0.0)",64,20,4,0,2,6.63,128,0,"[0.5807, 0.525]","[None, None]",2006
True,False,64,1e-05,1e-05,200,"(0.7, 0.3, 0.0)",64,20,4,0,3,10.25,192,0,"[0.5076, 0.3459, 0.1958]","[None, None, None]",2007
True,False,64,1e-05,1e-05,200,"(0.7, 0.3, 0.0)",64,20,4,0,1,3.2,64,0,[0.4758],[None],2008
True,False,64,1e-05,1e-05,200,"(0.7, 0.3, 0.0)",64,20,4,0,2,6.74,128,0,"[0.5515, 0.4652]","[None, None]",2009
True,False,64,1e-05,1e-05,200,"(0.7, 0.3, 0.0)",64,20,4,0,1,3.34,64,0,[0.5381],[None],2010
True,False,64,1e-05,1e-05,200,"(0.7, 0.3, 0.0)",64,20,4,0,1,3.33,64,0,[0.574],[None],2011
True,False,64,1e-05,1e-05,200,"(0.7, 0.3, 0.0)",64,20,4,0,2,6.88,128,0,"[0.5567, 0.4235]","[None, None]",2012
True,False,64,1e-05,1e-05,200,"(0.7, 0.3, 0.0)",64,20,4,0,3,10.45,192,0,"[0.5096, 0.3426, 0.328]","[None, None, None]",2013
True,False,64,1e-05,1e-05,200,"(0.7, 0.3, 0.0)",64,20,4,0,4,14.0,256,0,"[0.5657, 0.461, 0.3067, 0.247]","[None, None, None, None]",2014
True,False,64,1e-05,1e-05,200,"(0.7, 0.3, 0.0)",64,20,4,0,8,31.29,512,0,"[0.4318, 0.3108, 0.1486, 0.0628, 0.0867, 0.0526, 0.0622, 0.0875]","[None, None, None, None, None, None, None, None]",2015
True,False,64,1e-05,1e-05,200,"(0.7, 0.3, 0.0)",64,20,4,0,1,3.21,64,0,[0.4916],[None],2016
True,False,64,1e-05,1e-05,200,"(0.7, 0.3, 0.0)",64,20,4,0,2,6.69,128,0,"[0.6159, 0.4632]","[None, None]",2017
True,False,64,1e-05,1e-05,200,"(0.7, 0.3, 0.0)",64,20,4,0,2,6.88,128,0,"[0.4753, 0.4325]","[None, None]",2018
True,False,64,1e-05,1e-05,200,"(0.7, 0.3, 0.0)",64,20,4,0,1,3.33,64,0,[0.5579],[None],2019
False,True,64,1e-05,0.0001,0,"(0.7, 0.3, 0.0)",64,20,4,0,1,2.75,64,0,[0.7021],[None],2000
False,True,64,1e-05,0.0001,0,"(0.7, 0.3, 0.0)",64,20,4,0,1,2.74,64,0,[0.5539],[None],2001
False,True,64,1e-05,0.0001,0,"(0.7, 0.3, 0.0)",64,20,4,0,1,2.76,64,1,[0.6849],[None],2002
False,True,64,1e-05,0.0001,0,"(0.7, 0.3, 0.0)",64,20,4,0,2,5.52,128,0,"[0.6229, 0.652]","[None, None]",2003
False,True,64,1e-05,0.0001,0,"(0.7, 0.3, 0.0)",64,20,4,0,1,2.7,64,0,[0.6978],[None],2004
False,True,64,1e-05,0.0001,0,"(0.7, 0.3, 0.0)",64,20,4,0,1,2.65,64,0,[0.6196],[None],2005
False,True,64,1e-05,0.0001,0,"(0.7, 0.3, 0.0)",64,20,4,0,1,2.77,64,0,[0.6396],[None],2006
False,True,64,1e-05,0.0001,0,"(0.7, 0.3, 0.0)",64,20,4,0,5,15.72,320,0,"[0.6024, 0.5792, 0.5314, 0.5225, 0.5023]","[None, None, None, None, None]",2007
False,True,64,1e-05,0.0001,0,"(0.7, 0.3, 0.0)",64,20,4,0,1,2.74,64,1,[0.4358],[None],2008
False,True,64,1e-05,0.0001,0,"(0.7, 0.3, 0.0)",64,20,4,0,1,2.62,64,0,[0.6266],[None],2009
False,True,64,1e-05,0.0001,0,"(0.7, 0.3, 0.0)",64,20,4,0,1,2.63,64,0,[0.6573],[None],2010
False,True,64,1e-05,0.0001,0,"(0.7, 0.3, 0.0)",64,20,4,0,1,2.68,64,0,[0.6197],[None],2011
False,True,64,1e-05,0.0001,0,"(0.7, 0.3, 0.0)",64,20,4,0,1,2.75,64,0,[0.5603],[None],2012
False,True,64,1e-05,0.0001,0,"(0.7, 0.3, 0.0)",64,20,4,0,2,5.72,128,0,"[0.6696, 0.6396]","[None, None]",2013
False,True,64,1e-05,0.0001,0,"(0.7, 0.3, 0.0)",64,20,4,0,3,8.75,192,0,"[0.6731, 0.5102, 0.4185]","[None, None, None]",2014
False,True,64,1e-05,0.0001,0,"(0.7, 0.3, 0.0)",64,20,4,0,5,15.39,320,0,"[0.6476, 0.5781, 0.5957, 0.5448, 0.5623]","[None, None, None, None, None]",2015
False,True,64,1e-05,0.0001,0,"(0.7, 0.3, 0.0)",64,20,4,0,3,8.64,192,0,"[0.5701, 0.455, 0.4089]","[None, None, None]",2016
False,True,64,1e-05,0.0001,0,"(0.7, 0.3, 0.0)",64,20,4,0,1,2.79,64,0,[0.6794],[None],2017
False,True,64,1e-05,0.0001,0,"(0.7, 0.3, 0.0)",64,20,4,0,2,5.47,128,0,"[0.5737, 0.58]","[None, None]",2018
False,True,64,1e-05,0.0001,0,"(0.7, 0.3, 0.0)",64,20,4,0,1,2.62,64,0,[0.5979],[None],2019
False,True,64,1e-05,0.0001,100,"(0.7, 0.3, 0.0)",64,20,4,0,1,2.62,64,0,[0.7001],[None],2000
False,True,64,1e-05,0.0001,100,"(0.7, 0.3, 0.0)",64,20,4,0,1,2.62,64,0,[0.5547],[None],2001
False,True,64,1e-05,0.0001,100,"(0.7, 0.3, 0.0)",64,20,4,0,1,2.69,64,1,[0.6803],[None],2002
False,True,64,1e-05,0.0001,100,"(0.7, 0.3, 0.0)",64,20,4,0,2,5.69,128,0,"[0.6229, 0.6604]","[None, None]",2003
False,True,64,1e-05,0.0001,100,"(0.7, 0.3, 0.0)",64,20,4,0,1,2.76,64,0,[0.6977],[None],2004
False,True,64,1e-05,0.0001,100,"(0.7, 0.3, 0.0)",64,20,4,0,1,2.75,64,0,[0.6199],[None],2005
False,True,64,1e-05,0.0001,100,"(0.7, 0.3, 0.0)",64,20,4,0,1,2.71,64,0,[0.6391],[None],2006
False,True,64,1e-05,0.0001,100,"(0.7, 0.3, 0.0)",64,20,4,0,6,18.79,384,0,"[0.602, 0.6145, 0.6139, 0.5212, 0.563, 0.5351]","[None, None, None, None, None, None]",2007
False,True,64,1e-05,0.0001,100,"(0.7, 0.3, 0.0)",64,20,4,0,1,2.63,64,1,[0.4681],[None],2008
False,True,64,1e-05,0.0001,100,"(0.7, 0.3, 0.0)",64,20,4,0,1,2.62,64,0,[0.6305],[None],2009
False,True,64,1e-05,0.0001,100,"(0.7, 0.3, 0.0)",64,20,4,0,1,2.65,64,0,[0.6555],[None],2010
False,True,64,1e-05,0.0001,100,"(0.7, 0.3, 0.0)",64,20,4,0,1,2.62,64,0,[0.6097],[None],2011
False,True,64,1e-05,0.0001,100,"(0.7, 0.3, 0.0)",64,20,4,0,1,2.62,64,0,[0.5746],[None],2012
False,True,64,1e-05,0.0001,100,"(0.7, 0.3, 0.0)",64,20,4,0,2,5.52,128,0,"[0.6709, 0.6429]","[None, None]",2013
False,True,64,1e-05,0.0001,100,"(0.7, 0.3, 0.0)",64,20,4,0,2,5.45,128,0,"[0.677, 0.5775]","[None, None]",2014
False,True,64,1e-05,0.0001,100,"(0.7, 0.3, 0.0)",64,20,4,0,2,5.48,128,0,"[0.6495, 0.6057]","[None, None]",2015
False,True,64,1e-05,0.0001,100,"(0.7, 0.3, 0.0)",64,20,4,0,2,5.45,128,0,"[0.5898, 0.4459]","[None, None]",2016
False,True,64,1e-05,0.0001,100,"(0.7, 0.3, 0.0)",64,20,4,0,1,2.62,64,0,[0.6779],[None],2017
False,True,64,1e-05,0.0001,100,"(0.7, 0.3, 0.0)",64,20,4,0,2,5.49,128,0,"[0.5778, 0.5376]","[None, None]",2018
False,True,64,1e-05,0.0001,100,"(0.7, 0.3, 0.0)",64,20,4,0,1,2.62,64,0,[0.6005],[None],2019
False,True,64,1e-05,0.0001,200,"(0.7, 0.3, 0.0)",64,20,4,0,1,2.62,64,0,[0.6931],[None],2000
False,True,64,1e-05,0.0001,200,"(0.7, 0.3, 0.0)",64,20,4,0,1,2.63,64,0,[0.5535],[None],2001
False,True,64,1e-05,0.0001,200,"(0.7, 0.3, 0.0)",64,20,4,0,1,2.62,64,1,[0.6738],[None],2002
False,True,64,1e-05,0.0001,200,"(0.7, 0.3, 0.0)",64,20,4,0,2,5.46,128,0,"[0.6235, 0.6534]","[None, None]",2003
False,True,64,1e-05,0.0001,200,"(0.7, 0.3, 0.0)",64,20,4,0,1,2.62,64,0,[0.6936],[None],2004
False,True,64,1e-05,0.0001,200,"(0.7, 0.3, 0.0)",64,20,4,0,1,2.62,64,0,[0.6077],[None],2005
False,True,64,1e-05,0.0001,200,"(0.7, 0.3, 0.0)",64,20,4,0,1,2.63,64,0,[0.6419],[None],2006
False,True,64,1e-05,0.0001,200,"(0.7, 0.3, 0.0)",64,20,4,0,6,18.72,384,0,"[0.5994, 0.6299, 0.6471, 0.6165, 0.6368, 0.6461]","[None, None, None, None, None, None]",2007
False,True,64,1e-05,0.0001,200,"(0.7, 0.3, 0.0)",64,20,4,0,1,2.62,64,1,[0.4839],[None],2008
False,True,64,1e-05,0.0001,200,"(0.7, 0.3, 0.0)",64,20,4,0,1,2.68,64,0,[0.6275],[None],2009
False,True,64,1e-05,0.0001,200,"(0.7, 0.3, 0.0)",64,20,4,0,1,2.62,64,0,[0.6409],[None],2010
False,True,64,1e-05,0.0001,200,"(0.7, 0.3, 0.0)",64,20,4,0,1,2.62,64,0,[0.6052],[None],2011
False,True,64,1e-05,0.0001,200,"(0.7, 0.3, 0.0)",64,20,4,0,1,2.62,64,0,[0.5818],[None],2012
False,True,64,1e-05,0.0001,200,"(0.7, 0.3, 0.0)",64,20,4,0,2,5.46,128,0,"[0.6701, 0.6604]","[None, None]",2013
False,True,64,1e-05,0.0001,200,"(0.7, 0.3, 0.0)",64,20,4,0,3,8.46,192,0,"[0.6771, 0.5782, 0.4725]","[None, None, None]",2014
False,True,64,1e-05,0.0001,200,"(0.7, 0.3, 0.0)",64,20,4,0,3,8.53,192,0,"[0.6448, 0.6141, 0.6421]","[None, None, None]",2015
False,True,64,1e-05,0.0001,200,"(0.7, 0.3, 0.0)",64,20,4,0,2,5.45,128,0,"[0.5914, 0.4993]","[None, None]",2016
False,True,64,1e-05,0.0001,200,"(0.7, 0.3, 0.0)",64,20,4,0,1,2.62,64,0,[0.6798],[None],2017
False,True,64,1e-05,0.0001,200,"(0.7, 0.3, 0.0)",64,20,4,0,2,5.46,128,0,"[0.5713, 0.5549]","[None, None]",2018
False,True,64,1e-05,0.0001,200,"(0.7, 0.3, 0.0)",64,20,4,0,1,2.62,64,0,[0.5891],[None],2019
False,True,64,1e-05,1e-05,0,"(0.7, 0.3, 0.0)",64,20,4,0,3,8.43,192,0,"[-9.3264, -9.0487, -8.9556]","[None, None, None]",2000
False,True,64,1e-05,1e-05,0,"(0.7, 0.3, 0.0)",64,20,4,0,2,5.45,128,0,"[-9.1152, -8.865]","[None, None]",2001
False,True,64,1e-05,1e-05,0,"(0.7, 0.3, 0.0)",64,20,4,0,1,2.62,64,1,[-9.1198],[None],2002
False,True,64,1e-05,1e-05,0,"(0.7, 0.3, 0.0)",64,20,4,0,3,8.43,192,0,"[-8.9666, -8.624, -8.5444]","[None, None, None]",2003
False,True,64,1e-05,1e-05,0,"(0.7, 0.3, 0.0)",64,20,4,0,1,2.73,64,0,[-9.1866],[None],2004
False,True,64,1e-05,1e-05,0,"(0.7, 0.3, 0.0)",64,20,4,0,1,2.77,64,0,[-9.1616],[None],2005
False,True,64,1e-05,1e-05,0,"(0.7, 0.3, 0.0)",64,20,4,0,1,2.75,64,0,[-9.2827],[None],2006
False,True,64,1e-05,1e-05,0,"(0.7, 0.3, 0.0)",64,20,4,0,4,11.9,256,0,"[-9.1734, -9.0405, -9.0075, -8.8864]","[None, None, None, None]",2007
False,True,64,1e-05,1e-05,0,"(0.7, 0.3, 0.0)",64,20,4,0,1,2.63,64,1,[-9.4102],[None],2008
False,True,64,1e-05,1e-05,0,"(0.7, 0.3, 0.0)",64,20,4,0,2,5.47,128,0,"[-9.3206, -8.983]","[None, None]",2009
False,True,64,1e-05,1e-05,0,"(0.7, 0.3, 0.0)",64,20,4,0,1,2.63,64,0,[-9.2817],[None],2010
False,True,64,1e-05,1e-05,0,"(0.7, 0.3, 0.0)",64,20,4,0,1,2.63,64,0,[-9.1193],[None],2011
False,True,64,1e-05,1e-05,0,"(0.7, 0.3, 0.0)",64,20,4,0,2,5.47,128,0,"[-9.3181, -9.116]","[None, None]",2012
False,True,64,1e-05,1e-05,0,"(0.7, 0.3, 0.0)",64,20,4,0,2,5.47,128,0,"[-9.1604, -9.0487]","[None, None]",2013
False,True,64,1e-05,1e-05,0,"(0.7, 0.3, 0.0)",64,20,4,0,2,5.47,128,0,"[-9.2575, -8.6375]","[None, None]",2014
False,True,64,1e-05,1e-05,0,"(0.7, 0.3, 0.0)",64,20,4,0,2,5.5,128,0,"[-9.3721, -8.9263]","[None, None]",2015
False,True,64,1e-05,1e-05,0,"(0.7, 0.3, 0.0)",64,20,4,0,2,5.53,128,0,"[-9.2631, -8.7388]","[None, None]",2016
False,True,64,1e-05,1e-05,0,"(0.7, 0.3, 0.0)",64,20,4,0,2,5.47,128,0,"[-8.9992, -8.6961]","[None, None]",2017
False,True,64,1e-05,1e-05,0,"(0.7, 0.3, 0.0)",64,20,4,0,2,5.47,128,0,"[-9.062, -9.2414]","[None, None]",2018
False,True,64,1e-05,1e-05,0,"(0.7, 0.3, 0.0)",64,20,4,0,1,2.68,64,0,[-9.0276],[None],2019
False,True,64,1e-05,1e-05,100,"(0.7, 0.3, 0.0)",64,20,4,0,2,5.71,128,0,"[-8.7808, -8.4311]","[None, None]",2000
False,True,64,1e-05,1e-05,100,"(0.7, 0.3, 0.0)",64,20,4,0,2,5.72,128,0,"[-8.4942, -8.2573]","[None, None]",2001
False,True,64,1e-05,1e-05,100,"(0.7, 0.3, 0.0)",64,20,4,0,1,2.76,64,1,[-8.5466],[None],2002
False,True,64,1e-05,1e-05,100,"(0.7, 0.3, 0.0)",64,20,4,0,3,8.6,192,0,"[-8.3595, -7.8261, -7.7917]","[None, None, None]",2003
False,True,64,1e-05,1e-05,100,"(0.7, 0.3, 0.0)",64,20,4,0,1,2.62,64,0,[-8.6331],[None],2004
False,True,64,1e-05,1e-05,100,"(0.7, 0.3, 0.0)",64,20,4,0,1,2.62,64,0,[-8.6025],[None],2005
False,True,64,1e-05,1e-05,100,"(0.7, 0.3, 0.0)",64,20,4,0,1,2.62,64,0,[-8.7206],[None],2006
False,True,64,1e-05,1e-05,100,"(0.7, 0.3, 0.0)",64,20,4,0,4,11.69,256,0,"[-8.5463, -8.457, -8.3681, -8.0903]","[None, None, None, None]",2007
False,True,64,1e-05,1e-05,100,"(0.7, 0.3, 0.0)",64,20,4,0,1,2.62,64,1,[-8.9172],[None],2008
False,True,64,1e-05,1e-05,100,"(0.7, 0.3, 0.0)",64,20,4,0,2,5.53,128,0,"[-8.7348, -8.4806]","[None, None]",2009
False,True,64,1e-05,1e-05,100,"(0.7, 0.3, 0.0)",64,20,4,0,1,2.75,64,0,[-8.6954],[None],2010
False,True,64,1e-05,1e-05,100,"(0.7, 0.3, 0.0)",64,20,4,0,1,2.77,64,0,[-8.4732],[None],2011
False,True,64,1e-05,1e-05,100,"(0.7, 0.3, 0.0)",64,20,4,0,2,5.74,128,0,"[-8.6682, -8.4953]","[None, None]",2012
False,True,64,1e-05,1e-05,100,"(0.7, 0.3, 0.0)",64,20,4,0,2,5.48,128,0,"[-8.521, -8.416]","[None, None]",2013
False,True,64,1e-05,1e-05,100,"(0.7, 0.3, 0.0)",64,20,4,0,2,5.7,128,0,"[-8.7031, -7.9041]","[None, None]",2014
False,True,64,1e-05,1e-05,100,"(0.7, 0.3, 0.0)",64,20,4,0,2,5.56,128,0,"[-8.7921, -8.3821]","[None, None]",2015
False,True,64,1e-05,1e-05,100,"(0.7, 0.3, 0.0)",64,20,4,0,1,2.62,64,0,[-8.6572],[None],2016
False,True,64,1e-05,1e-05,100,"(0.7, 0.3, 0.0)",64,20,4,0,2,5.46,128,0,"[-8.3655, -8.1482]","[None, None]",2017
False,True,64,1e-05,1e-05,100,"(0.7, 0.3, 0.0)",64,20,4,0,2,5.72,128,0,"[-8.5192, -8.647]","[None, None]",2018
False,True,64,1e-05,1e-05,100,"(0.7, 0.3, 0.0)",64,20,4,0,1,2.68,64,0,[-8.4457],[None],2019
False,True,64,1e-05,1e-05,200,"(0.7, 0.3, 0.0)",64,20,4,0,2,5.51,128,0,"[-8.2819, -7.9614]","[None, None]",2000
False,True,64,1e-05,1e-05,200,"(0.7, 0.3, 0.0)",64,20,4,0,2,5.45,128,0,"[-7.951, -7.8406]","[None, None]",2001
False,True,64,1e-05,1e-05,200,"(0.7, 0.3, 0.0)",64,20,4,0,1,2.61,64,1,[-8.0233],[None],2002
False,True,64,1e-05,1e-05,200,"(0.7, 0.3, 0.0)",64,20,4,0,2,5.49,128,0,"[-7.8326, -7.3507]","[None, None]",2003
False,True,64,1e-05,1e-05,200,"(0.7, 0.3, 0.0)",64,20,4,0,1,2.63,64,0,[-8.0613],[None],2004
False,True,64,1e-05,1e-05,200,"(0.7, 0.3, 0.0)",64,20,4,0,1,2.61,64,0,[-8.0608],[None],2005
False,True,64,1e-05,1e-05,200,"(0.7, 0.3, 0.0)",64,20,4,0,1,2.62,64,0,[-8.2226],[None],2006
False,True,64,1e-05,1e-05,200,"(0.7, 0.3, 0.0)",64,20,4,0,4,12.08,256,0,"[-8.0379, -7.9439, -7.8377, -7.7453]","[None, None, None, None]",2007
False,True,64,1e-05,1e-05,200,"(0.7, 0.3, 0.0)",64,20,4,0,1,2.76,64,1,[-8.4002],[None],2008
False,True,64,1e-05,1e-05,200,"(0.7, 0.3, 0.0)",64,20,4,0,1,2.75,64,0,[-8.2105],[None],2009
False,True,64,1e-05,1e-05,200,"(0.7, 0.3, 0.0)",64,20,4,0,1,2.76,64,0,[-8.2426],[None],2010
False,True,64,1e-05,1e-05,200,"(0.7, 0.3, 0.0)",64,20,4,0,1,2.75,64,0,[-7.9491],[None],2011
False,True,64,1e-05,1e-05,200,"(0.7, 0.3, 0.0)",64,20,4,0,2,5.72,128,0,"[-8.1462, -8.1804]","[None, None]",2012
False,True,64,1e-05,1e-05,200,"(0.7, 0.3, 0.0)",64,20,4,0,2,5.49,128,0,"[-8.0206, -7.958]","[None, None]",2013
False,True,64,1e-05,1e-05,200,"(0.7, 0.3, 0.0)",64,20,4,0,2,5.46,128,0,"[-8.1773, -7.5089]","[None, None]",2014
False,True,64,1e-05,1e-05,200,"(0.7, 0.3, 0.0)",64,20,4,0,2,5.46,128,0,"[-8.3109, -7.9385]","[None, None]",2015
False,True,64,1e-05,1e-05,200,"(0.7, 0.3, 0.0)",64,20,4,0,1,2.61,64,0,[-8.1171],[None],2016
False,True,64,1e-05,1e-05,200,"(0.7, 0.3, 0.0)",64,20,4,0,2,5.45,128,0,"[-7.8168, -7.7309]","[None, None]",2017
False,True,64,1e-05,1e-05,200,"(0.7, 0.3, 0.0)",64,20,4,0,2,5.67,128,0,"[-7.8906, -8.145]","[None, None]",2018
False,True,64,1e-05,1e-05,200,"(0.7, 0.3, 0.0)",64,20,4,0,1,2.75,64,0,[-7.9304],[None],2019
False,False,64,1e-05,0.0001,0,"(0.6, 0.1, 0.3)",64,20,2,0,1,3.34,64,0,[0.6977],[None],2000
False,False,64,1e-05,0.0001,0,"(0.6, 0.1, 0.3)",64,20,2,0,1,3.33,64,0,[0.5826],[None],2001
False,False,64,1e-05,0.0001,0,"(0.6, 0.1, 0.3)",64,20,2,0,1,3.31,64,1,[0.695],[None],2002
False,False,64,1e-05,0.0001,0,"(0.6, 0.1, 0.3)",64,20,2,0,2,6.81,128,1,"[0.6664, 0.6706]","[None, None]",2003
False,False,64,1e-05,0.0001,0,"(0.6, 0.1, 0.3)",64,20,2,0,1,3.29,64,0,[0.7097],[None],2004
False,False,64,1e-05,0.0001,0,"(0.6, 0.1, 0.3)",64,20,2,0,1,3.27,64,0,[0.6643],[None],2005
False,False,64,1e-05,0.0001,0,"(0.6, 0.1, 0.3)",64,20,2,0,1,3.37,64,0,[0.6487],[None],2006
False,False,64,1e-05,0.0001,0,"(0.6, 0.1, 0.3)",64,20,2,0,1,3.23,64,0,[0.6077],[None],2007
False,False,64,1e-05,0.0001,0,"(0.6, 0.1, 0.3)",64,20,2,0,1,3.18,64,1,[0.4084],[None],2008
False,False,64,1e-05,0.0001,0,"(0.6, 0.1, 0.3)",64,20,2,0,1,3.19,64,0,[0.6435],[None],2009
False,False,64,1e-05,0.0001,0,"(0.6, 0.1, 0.3)",64,20,2,0,1,3.19,64,0,[0.6674],[None],2010
False,False,64,1e-05,0.0001,0,"(0.6, 0.1, 0.3)",64,20,2,0,1,3.18,64,0,[0.653],[None],2011
False,False,64,1e-05,0.0001,0,"(0.6, 0.1, 0.3)",64,20,2,0,1,3.18,64,0,[0.5891],[None],2012
False,False,64,1e-05,0.0001,0,"(0.6, 0.1, 0.3)",64,20,2,0,2,6.66,128,0,"[0.6902, 0.7056]","[None, None]",2013
False,False,64,1e-05,0.0001,0,"(0.6, 0.1, 0.3)",64,20,2,0,1,3.26,64,0,[0.6797],[None],2014
False,False,64,1e-05,0.0001,0,"(0.6, 0.1, 0.3)",64,20,2,0,3,10.37,192,0,"[0.6539, 0.6112, 0.6665]","[None, None, None]",2015
False,False,64,1e-05,0.0001,0,"(0.6, 0.1, 0.3)",64,20,2,0,2,6.62,128,1,"[0.6079, 0.5007]","[None, None]",2016
False,False,64,1e-05,0.0001,0,"(0.6, 0.1, 0.3)",64,20,2,0,1,3.2,64,0,[0.716],[None],2017
False,False,64,1e-05,0.0001,0,"(0.6, 0.1, 0.3)",64,20,2,0,2,6.68,128,0,"[0.5947, 0.6122]","[None, None]",2018
False,False,64,1e-05,0.0001,0,"(0.6, 0.1, 0.3)",64,20,2,0,1,3.2,64,0,[0.5953],[None],2019
False,False,64,1e-05,0.0001,100,"(0.6, 0.1, 0.3)",64,20,2,0,1,3.2,64,0,[0.6966],[None],2000
False,False,64,1e-05,0.0001,100,"(0.6, 0.1, 0.3)",64,20,2,0,1,3.19,64,0,[0.5743],[None],2001
False,False,64,1e-05,0.0001,100,"(0.6, 0.1, 0.3)",64,20,2,0,1,3.21,64,1,[0.687],[None],2002
False,False,64,1e-05,0.0001,100,"(0.6, 0.1, 0.3)",64,20,2,0,2,6.6,128,1,"[0.6537, 0.6603]","[None, None]",2003
False,False,64,1e-05,0.0001,100,"(0.6, 0.1, 0.3)",64,20,2,0,1,3.21,64,0,[0.6993],[None],2004
False,False,64,1e-05,0.0001,100,"(0.6, 0.1, 0.3)",64,20,2,0,1,3.19,64,0,[0.6468],[None],2005
False,False,64,1e-05,0.0001,100,"(0.6, 0.1, 0.3)",64,20,2,0,1,3.19,64,0,[0.6465],[None],2006
False,False,64,1e-05,0.0001,100,"(0.6, 0.1, 0.3)",64,20,2,0,1,3.2,64,0,[0.6002],[None],2007
False,False,64,1e-05,0.0001,100,"(0.6, 0.1, 0.3)",64,20,2,0,1,3.2,64,1,[0.4376],[None],2008
False,False,64,1e-05,0.0001,100,"(0.6, 0.1, 0.3)",64,20,2,0,1,3.2,64,0,[0.6342],[None],2009
False,False,64,1e-05,0.0001,100,"(0.6, 0.1, 0.3)",64,20,2,0,1,3.26,64,0,[0.6498],[None],2010
False,False,64,1e-05,0.0001,100,"(0.6, 0.1, 0.3)",64,20,2,0,1,3.19,64,0,[0.6372],[None],2011
False,False,64,1e-05,0.0001,100,"(0.6, 0.1, 0.3)",64,20,2,0,1,3.2,64,0,[0.5961],[None],2012
False,False,64,1e-05,0.0001,100,"(0.6, 0.1, 0.3)",64,20,2,0,2,6.6,128,0,"[0.6727, 0.6447]","[None, None]",2013
False,False,64,1e-05,0.0001,100,"(0.6, 0.1, 0.3)",64,20,2,0,1,3.21,64,0,[0.6705],[None],2014
False,False,64,1e-05,0.0001,100,"(0.6, 0.1, 0.3)",64,20,2,0,1,3.2,64,0,[0.6593],[None],2015
False,False,64,1e-05,0.0001,100,"(0.6, 0.1, 0.3)",64,20,2,0,2,6.74,128,0,"[0.6, 0.5204]","[None, None]",2016
False,False,64,1e-05,0.0001,100,"(0.6, 0.1, 0.3)",64,20,2,0,1,3.2,64,0,[0.7003],[None],2017
False,False,64,1e-05,0.0001,100,"(0.6, 0.1, 0.3)",64,20,2,0,2,6.61,128,0,"[0.5904, 0.6194]","[None, None]",2018
False,False,64,1e-05,0.0001,100,"(0.6, 0.1, 0.3)",64,20,2,0,1,3.2,64,0,[0.6004],[None],2019
False,False,64,1e-05,0.0001,200,"(0.6, 0.1, 0.3)",64,20,2,0,1,3.2,64,0,[0.7004],[None],2000
False,False,64,1e-05,0.0001,200,"(0.6, 0.1, 0.3)",64,20,2,0,1,3.27,64,0,[0.5752],[None],2001
False,False,64,1e-05,0.0001,200,"(0.6, 0.1, 0.3)",64,20,2,0,1,3.22,64,1,[0.6879],[None],2002
False,False,64,1e-05,0.0001,200,"(0.6, 0.1, 0.3)",64,20,2,0,2,6.69,128,1,"[0.6567, 0.6854]","[None, None]",2003
False,False,64,1e-05,0.0001,200,"(0.6, 0.1, 0.3)",64,20,2,0,1,3.2,64,0,[0.6986],[None],2004
False,False,64,1e-05,0.0001,200,"(0.6, 0.1, 0.3)",64,20,2,0,1,3.26,64,0,[0.6355],[None],2005
False,False,64,1e-05,0.0001,200,"(0.6, 0.1, 0.3)",64,20,2,0,1,3.24,64,0,[0.6524],[None],2006
False,False,64,1e-05,0.0001,200,"(0.6, 0.1, 0.3)",64,20,2,0,1,3.2,64,0,[0.5969],[None],2007
False,False,64,1e-05,0.0001,200,"(0.6, 0.1, 0.3)",64,20,2,0,1,3.33,64,1,[0.4725],[None],2008
False,False,64,1e-05,0.0001,200,"(0.6, 0.1, 0.3)",64,20,2,0,1,3.33,64,0,[0.6394],[None],2009
False,False,64,1e-05,0.0001,200,"(0.6, 0.1, 0.3)",64,20,2,0,1,3.33,64,0,[0.6379],[None],2010
False,False,64,1e-05,0.0001,200,"(0.6, 0.1, 0.3)",64,20,2,0,1,3.32,64,0,[0.6312],[None],2011
False,False,64,1e-05,0.0001,200,"(0.6, 0.1, 0.3)",64,20,2,0,1,3.31,64,0,[0.6033],[None],2012
False,False,64,1e-05,0.0001,200,"(0.6, 0.1, 0.3)",64,20,2,0,2,6.88,128,0,"[0.6678, 0.697]","[None, None]",2013
False,False,64,1e-05,0.0001,200,"(0.6, 0.1, 0.3)",64,20,2,0,1,3.35,64,0,[0.674],[None],2014
False,False,64,1e-05,0.0001,200,"(0.6, 0.1, 0.3)",64,20,2,0,2,6.85,128,0,"[0.657, 0.6247]","[None, None]",2015
False,False,64,1e-05,0.0001,200,"(0.6, 0.1, 0.3)",64,20,2,0,2,6.76,128,0,"[0.5973, 0.4766]","[None, None]",2016
False,False,64,1e-05,0.0001,200,"(0.6, 0.1, 0.3)",64,20,2,0,1,3.29,64,0,[0.7037],[None],2017
False,False,64,1e-05,0.0001,200,"(0.6, 0.1, 0.3)",64,20,2,0,2,6.86,128,0,"[0.5917, 0.6509]","[None, None]",2018
False,False,64,1e-05,0.0001,200,"(0.6, 0.1, 0.3)",64,20,2,0,1,3.32,64,0,[0.6034],[None],2019
False,False,64,1e-05,1e-05,0,"(0.6, 0.1, 0.3)",64,20,2,0,1,3.32,64,0,[0.6151],[None],2000
False,False,64,1e-05,1e-05,0,"(0.6, 0.1, 0.3)",64,20,2,0,1,3.35,64,0,[0.6588],[None],2001
False,False,64,1e-05,1e-05,0,"(0.6, 0.1, 0.3)",64,20,2,0,1,3.18,64,1,[0.5308],[None],2002
False,False,64,1e-05,1e-05,0,"(0.6, 0.1, 0.3)",64,20,2,0,2,6.8,128,1,"[0.5791, 0.5558]","[None, None]",2003
False,False,64,1e-05,1e-05,0,"(0.6, 0.1, 0.3)",64,20,2,0,1,3.33,64,0,[0.6573],[None],2004
False,False,64,1e-05,1e-05,0,"(0.6, 0.1, 0.3)",64,20,2,0,1,3.32,64,0,[0.5295],[None],2005
False,False,64,1e-05,1e-05,0,"(0.6, 0.1, 0.3)",64,20,2,0,1,3.32,64,0,[0.5873],[None],2006
False,False,64,1e-05,1e-05,0,"(0.6, 0.1, 0.3)",64,20,2,0,1,3.32,64,0,[0.6274],[None],2007
False,False,64,1e-05,1e-05,0,"(0.6, 0.1, 0.3)",64,20,2,0,1,3.4,64,1,[0.5004],[None],2008
False,False,64,1e-05,1e-05,0,"(0.6, 0.1, 0.3)",64,20,2,0,1,3.32,64,0,[0.5273],[None],2009
False,False,64,1e-05,1e-05,0,"(0.6, 0.1, 0.3)",64,20,2,0,1,3.31,64,0,[0.4897],[None],2010
False,False,64,1e-05,1e-05,0,"(0.6, 0.1, 0.3)",64,20,2,0,1,3.33,64,1,[0.5822],[None],2011
False,False,64,1e-05,1e-05,0,"(0.6, 0.1, 0.3)",64,20,2,0,2,6.72,128,1,"[0.6626, 0.4743]","[None, None]",2012
False,False,64,1e-05,1e-05,0,"(0.6, 0.1, 0.3)",64,20,2,0,2,6.62,128,1,"[0.5406, 0.3409]","[None, None]",2013
False,False,64,1e-05,1e-05,0,"(0.6, 0.1, 0.3)",64,20,2,0,1,3.2,64,0,[0.6484],[None],2014
False,False,64,1e-05,1e-05,0,"(0.6, 0.1, 0.3)",64,20,2,0,2,6.84,128,0,"[0.4028, 0.3061]","[None, None]",2015
False,False,64,1e-05,1e-05,0,"(0.6, 0.1, 0.3)",64,20,2,0,1,3.31,64,0,[0.5065],[None],2016
False,False,64,1e-05,1e-05,0,"(0.6, 0.1, 0.3)",64,20,2,0,2,6.8,128,1,"[0.7103, 0.5827]","[None, None]",2017
False,False,64,1e-05,1e-05,0,"(0.6, 0.1, 0.3)",64,20,2,0,2,6.6,128,1,"[0.5859, 0.4328]","[None, None]",2018
False,False,64,1e-05,1e-05,0,"(0.6, 0.1, 0.3)",64,20,2,0,1,3.18,64,0,[0.5618],[None],2019
False,False,64,1e-05,1e-05,100,"(0.6, 0.1, 0.3)",64,20,2,0,1,3.21,64,0,[0.6717],[None],2000
False,False,64,1e-05,1e-05,100,"(0.6, 0.1, 0.3)",64,20,2,0,1,3.19,64,0,[0.667],[None],2001
False,False,64,1e-05,1e-05,100,"(0.6, 0.1, 0.3)",64,20,2,0,1,3.18,64,1,[0.6109],[None],2002
False,False,64,1e-05,1e-05,100,"(0.6, 0.1, 0.3)",64,20,2,0,2,6.61,128,1,"[0.6247, 0.5707]","[None, None]",2003
False,False,64,1e-05,1e-05,100,"(0.6, 0.1, 0.3)",64,20,2,0,1,3.18,64,0,[0.7093],[None],2004
False,False,64,1e-05,1e-05,100,"(0.6, 0.1, 0.3)",64,20,2,0,1,3.18,64,0,[0.5795],[None],2005
False,False,64,1e-05,1e-05,100,"(0.6, 0.1, 0.3)",64,20,2,0,1,3.19,64,0,[0.6447],[None],2006
False,False,64,1e-05,1e-05,100,"(0.6, 0.1, 0.3)",64,20,2,0,1,3.19,64,0,[0.6641],[None],2007
False,False,64,1e-05,1e-05,100,"(0.6, 0.1, 0.3)",64,20,2,0,1,3.23,64,1,[0.5354],[None],2008
False,False,64,1e-05,1e-05,100,"(0.6, 0.1, 0.3)",64,20,2,0,1,3.23,64,0,[0.6007],[None],2009
False,False,64,1e-05,1e-05,100,"(0.6, 0.1, 0.3)",64,20,2,0,1,3.19,64,0,[0.6203],[None],2010
False,False,64,1e-05,1e-05,100,"(0.6, 0.1, 0.3)",64,20,2,0,1,3.18,64,1,[0.6386],[None],2011
False,False,64,1e-05,1e-05,100,"(0.6, 0.1, 0.3)",64,20,2,0,2,6.65,128,0,"[0.664, 0.5651]","[None, None]",2012
False,False,64,1e-05,1e-05,100,"(0.6, 0.1, 0.3)",64,20,2,0,2,6.58,128,1,"[0.6219, 0.375]","[None, None]",2013
False,False,64,1e-05,1e-05,100,"(0.6, 0.1, 0.3)",64,20,2,0,1,3.19,64,0,[0.6871],[None],2014
False,False,64,1e-05,1e-05,100,"(0.6, 0.1, 0.3)",64,20,2,0,2,6.57,128,0,"[0.5352, 0.4016]","[None, None]",2015
False,False,64,1e-05,1e-05,100,"(0.6, 0.1, 0.3)",64,20,2,0,1,3.18,64,0,[0.5791],[None],2016
False,False,64,1e-05,1e-05,100,"(0.6, 0.1, 0.3)",64,20,2,0,1,3.18,64,0,[0.7361],[None],2017
False,False,64,1e-05,1e-05,100,"(0.6, 0.1, 0.3)",64,20,2,0,2,6.57,128,1,"[0.6181, 0.5275]","[None, None]",2018
False,False,64,1e-05,1e-05,100,"(0.6, 0.1, 0.3)",64,20,2,0,1,3.18,64,0,[0.6024],[None],2019
False,False,64,1e-05,1e-05,200,"(0.6, 0.1, 0.3)",64,20,2,0,1,3.26,64,0,[0.6877],[None],2000
False,False,64,1e-05,1e-05,200,"(0.6, 0.1, 0.3)",64,20,2,0,1,3.25,64,0,[0.6692],[None],2001
False,False,64,1e-05,1e-05,200,"(0.6, 0.1, 0.3)",64,20,2,0,1,3.24,64,1,[0.6337],[None],2002
False,False,64,1e-05,1e-05,200,"(0.6, 0.1, 0.3)",64,20,2,0,2,6.58,128,1,"[0.6416, 0.5944]","[None, None]",2003
False,False,64,1e-05,1e-05,200,"(0.6, 0.1, 0.3)",64,20,2,0,1,3.19,64,0,[0.725],[None],2004
False,False,64,1e-05,1e-05,200,"(0.6, 0.1, 0.3)",64,20,2,0,1,3.19,64,0,[0.6079],[None],2005
False,False,64,1e-05,1e-05,200,"(0.6, 0.1, 0.3)",64,20,2,0,1,3.19,64,0,[0.6632],[None],2006
False,False,64,1e-05,1e-05,200,"(0.6, 0.1, 0.3)",64,20,2,0,1,3.24,64,0,[0.6755],[None],2007
False,False,64,1e-05,1e-05,200,"(0.6, 0.1, 0.3)",64,20,2,0,1,3.19,64,1,[0.5511],[None],2008
False,False,64,1e-05,1e-05,200,"(0.6, 0.1, 0.3)",64,20,2,0,1,3.18,64,0,[0.6332],[None],2009
False,False,64,1e-05,1e-05,200,"(0.6, 0.1, 0.3)",64,20,2,0,1,3.18,64,0,[0.6518],[None],2010
False,False,64,1e-05,1e-05,200,"(0.6, 0.1, 0.3)",64,20,2,0,1,3.3,64,1,[0.6559],[None],2011
False,False,64,1e-05,1e-05,200,"(0.6, 0.1, 0.3)",64,20,2,0,1,3.35,64,0,[0.669],[None],2012
False,False,64,1e-05,1e-05,200,"(0.6, 0.1, 0.3)",64,20,2,0,2,6.86,128,1,"[0.6486, 0.4461]","[None, None]",2013
False,False,64,1e-05,1e-05,200,"(0.6, 0.1, 0.3)",64,20,2,0,1,3.34,64,0,[0.6988],[None],2014
False,False,64,1e-05,1e-05,200,"(0.6, 0.1, 0.3)",64,20,2,0,2,6.88,128,0,"[0.575, 0.4367]","[None, None]",2015
False,False,64,1e-05,1e-05,200,"(0.6, 0.1, 0.3)",64,20,2,0,1,3.27,64,0,[0.5965],[None],2016
False,False,64,1e-05,1e-05,200,"(0.6, 0.1, 0.3)",64,20,2,0,1,3.24,64,0,[0.7447],[None],2017
False,False,64,1e-05,1e-05,200,"(0.6, 0.1, 0.3)",64,20,2,0,2,6.77,128,1,"[0.6344, 0.573]","[None, None]",2018
False,False,64,1e-05,1e-05,200,"(0.6, 0.1, 0.3)",64,20,2,0,1,3.33,64,0,[0.6239],[None],2019
True,False,64,1e-05,0.0001,0,"(0.6, 0.1, 0.3)",64,20,2,0,4,14.34,256,0,"[0.741, 0.6371, 0.556, 0.477]","[None, None, None, None]",2000
True,False,64,1e-05,0.0001,0,"(0.6, 0.1, 0.3)",64,20,2,0,2,6.59,128,0,"[0.7162, 0.6544]","[None, None]",2001
True,False,64,1e-05,0.0001,0,"(0.6, 0.1, 0.3)",64,20,2,0,1,3.19,64,0,[0.75],[None],2002
True,False,64,1e-05,0.0001,0,"(0.6, 0.1, 0.3)",64,20,2,0,4,14.02,256,0,"[0.7361, 0.5762, 0.4183, 0.4002]","[None, None, None, None]",2003
True,False,64,1e-05,0.0001,0,"(0.6, 0.1, 0.3)",64,20,2,0,2,6.62,128,0,"[0.8005, 0.7067]","[None, None]",2004
True,False,64,1e-05,0.0001,0,"(0.6, 0.1, 0.3)",64,20,2,0,3,10.15,192,0,"[0.7487, 0.5855, 0.5049]","[None, None, None]",2005
True,False,64,1e-05,0.0001,0,"(0.6, 0.1, 0.3)",64,20,2,0,1,3.19,64,0,[0.7204],[None],2006
True,False,64,1e-05,0.0001,0,"(0.6, 0.1, 0.3)",64,20,2,0,3,10.21,192,0,"[0.6931, 0.5706, 0.5213]","[None, None, None]",2007
True,False,64,1e-05,0.0001,0,"(0.6, 0.1, 0.3)",64,20,2,0,1,3.19,64,0,[0.6657],[None],2008
True,False,64,1e-05,0.0001,0,"(0.6, 0.1, 0.3)",64,20,2,0,2,6.6,128,0,"[0.7364, 0.613]","[None, None]",2009
True,False,64,1e-05,0.0001,0,"(0.6, 0.1, 0.3)",64,20,2,0,1,3.19,64,0,[0.739],[None],2010
True,False,64,1e-05,0.0001,0,"(0.6, 0.1, 0.3)",64,20,2,0,1,3.19,64,0,[0.7538],[None],2011
True,False,64,1e-05,0.0001,0,"(0.6, 0.1, 0.3)",64,20,2,0,3,10.15,192,0,"[0.7135, 0.6073, 0.4748]","[None, None, None]",2012
True,False,64,1e-05,0.0001,0,"(0.6, 0.1, 0.3)",64,20,2,0,5,17.95,320,0,"[0.7756, 0.6411, 0.5379, 0.3986, 0.3623]","[None, None, None, None, None]",2013
True,False,64,1e-05,0.0001,0,"(0.6, 0.1, 0.3)",64,20,2,0,4,13.95,256,0,"[0.7644, 0.6742, 0.5766, 0.4345]","[None, None, None, None]",2014
True,False,64,1e-05,0.0001,0,"(0.6, 0.1, 0.3)",64,20,2,0,3,10.17,192,0,"[0.7062, 0.5708, 0.4906]","[None, None, None]",2015
True,False,64,1e-05,0.0001,0,"(0.6, 0.1, 0.3)",64,20,2,0,2,6.67,128,0,"[0.7303, 0.5223]","[None, None]",2016
True,False,64,1e-05,0.0001,0,"(0.6, 0.1, 0.3)",64,20,2,0,1,3.26,64,0,[0.7559],[None],2017
True,False,64,1e-05,0.0001,0,"(0.6, 0.1, 0.3)",64,20,2,0,2,6.85,128,0,"[0.6777, 0.579]","[None, None]",2018
True,False,64,1e-05,0.0001,0,"(0.6, 0.1, 0.3)",64,20,2,0,1,3.33,64,0,[0.731],[None],2019
True,False,64,1e-05,0.0001,100,"(0.6, 0.1, 0.3)",64,20,2,0,2,6.87,128,0,"[0.755, 0.67]","[None, None]",2000
True,False,64,1e-05,0.0001,100,"(0.6, 0.1, 0.3)",64,20,2,0,2,6.88,128,1,"[0.6963, 0.588]","[None, None]",2001
True,False,64,1e-05,0.0001,100,"(0.6, 0.1, 0.3)",64,20,2,0,1,3.34,64,0,[0.7447],[None],2002
True,False,64,1e-05,0.0001,100,"(0.6, 0.1, 0.3)",64,20,2,0,5,18.04,320,0,"[0.738, 0.6293, 0.5436, 0.5464, 0.4917]","[None, None, None, None, None]",2003
True,False,64,1e-05,0.0001,100,"(0.6, 0.1, 0.3)",64,20,2,0,2,6.59,128,0,"[0.8028, 0.7294]","[None, None]",2004
True,False,64,1e-05,0.0001,100,"(0.6, 0.1, 0.3)",64,20,2,0,1,3.19,64,0,[0.7502],[None],2005
True,False,64,1e-05,0.0001,100,"(0.6, 0.1, 0.3)",64,20,2,0,3,10.48,192,0,"[0.726, 0.655, 0.6389]","[None, None, None]",2006
True,False,64,1e-05,0.0001,100,"(0.6, 0.1, 0.3)",64,20,2,0,2,6.67,128,0,"[0.6967, 0.6725]","[None, None]",2007
True,False,64,1e-05,0.0001,100,"(0.6, 0.1, 0.3)",64,20,2,0,1,3.34,64,0,[0.6717],[None],2008
True,False,64,1e-05,0.0001,100,"(0.6, 0.1, 0.3)",64,20,2,0,2,6.74,128,0,"[0.7402, 0.6247]","[None, None]",2009
True,False,64,1e-05,0.0001,100,"(0.6, 0.1, 0.3)",64,20,2,0,2,6.65,128,0,"[0.74, 0.7009]","[None, None]",2010
True,False,64,1e-05,0.0001,100,"(0.6, 0.1, 0.3)",64,20,2,0,1,3.22,64,0,[0.7594],[None],2011
True,False,64,1e-05,0.0001,100,"(0.6, 0.1, 0.3)",64,20,2,0,3,10.16,192,0,"[0.7035, 0.6145, 0.5077]","[None, None, None]",2012
True,False,64,1e-05,0.0001,100,"(0.6, 0.1, 0.3)",64,20,2,0,5,17.99,320,0,"[0.7778, 0.6545, 0.5835, 0.5622, 0.4994]","[None, None, None, None, None]",2013
True,False,64,1e-05,0.0001,100,"(0.6, 0.1, 0.3)",64,20,2,0,2,6.65,128,0,"[0.7645, 0.6717]","[None, None]",2014
True,False,64,1e-05,0.0001,100,"(0.6, 0.1, 0.3)",64,20,2,0,5,18.15,320,0,"[0.7168, 0.6202, 0.5244, 0.4473, 0.3774]","[None, None, None, None, None]",2015
True,False,64,1e-05,0.0001,100,"(0.6, 0.1, 0.3)",64,20,2,0,3,10.21,192,0,"[0.7353, 0.6039, 0.4547]","[None, None, None]",2016
True,False,64,1e-05,0.0001,100,"(0.6, 0.1, 0.3)",64,20,2,0,1,3.18,64,0,[0.7563],[None],2017
True,False,64,1e-05,0.0001,100,"(0.6, 0.1, 0.3)",64,20,2,0,3,10.15,192,0,"[0.688, 0.6142, 0.5515]","[None, None, None]",2018
True,False,64,1e-05,0.0001,100,"(0.6, 0.1, 0.3)",64,20,2,0,2,6.59,128,0,"[0.7336, 0.6854]","[None, None]",2019
True,False,64,1e-05,0.0001,200,"(0.6, 0.1, 0.3)",64,20,2,0,3,10.15,192,0,"[0.7547, 0.6943, 0.613]","[None, None, None]",2000
True,False,64,1e-05,0.0001,200,"(0.6, 0.1, 0.3)",64,20,2,0,2,6.72,128,0,"[0.6873, 0.6088]","[None, None]",2001
True,False,64,1e-05,0.0001,200,"(0.6, 0.1, 0.3)",64,20,2,0,1,3.2,64,0,[0.7482],[None],2002
True,False,64,1e-05,0.0001,200,"(0.6, 0.1, 0.3)",64,20,2,0,8,31.66,512,0,"[0.7297, 0.6051, 0.5195, 0.4692, 0.4567, 0.4412, 0.4391, 0.4141]","[None, None, None, None, None, None, None, None]",2003
True,False,64,1e-05,0.0001,200,"(0.6, 0.1, 0.3)",64,20,2,0,2,6.58,128,0,"[0.7937, 0.7156]","[None, None]",2004
True,False,64,1e-05,0.0001,200,"(0.6, 0.1, 0.3)",64,20,2,0,1,3.21,64,0,[0.7381],[None],2005
True,False,64,1e-05,0.0001,200,"(0.6, 0.1, 0.3)",64,20,2,0,1,3.2,64,0,[0.7353],[None],2006
True,False,64,1e-05,0.0001,200,"(0.6, 0.1, 0.3)",64,20,2,0,4,13.99,256,0,"[0.6971, 0.6632, 0.5754, 0.5092]","[None, None, None, None]",2007
True,False,64,1e-05,0.0001,200,"(0.6, 0.1, 0.3)",64,20,2,0,1,3.19,64,0,[0.6914],[None],2008
True,False,64,1e-05,0.0001,200,"(0.6, 0.1, 0.3)",64,20,2,0,2,6.58,128,0,"[0.7225, 0.6394]","[None, None]",2009
True,False,64,1e-05,0.0001,200,"(0.6, 0.1, 0.3)",64,20,2,0,2,6.59,128,0,"[0.7334, 0.7055]","[None, None]",2010
True,False,64,1e-05,0.0001,200,"(0.6, 0.1, 0.3)",64,20,2,0,1,3.19,64,0,[0.7612],[None],2011
True,False,64,1e-05,0.0001,200,"(0.6, 0.1, 0.3)",64,20,2,0,3,10.22,192,0,"[0.6951, 0.6026, 0.5413]","[None, None, None]",2012
True,False,64,1e-05,0.0001,200,"(0.6, 0.1, 0.3)",64,20,2,0,6,22.1,384,0,"[0.7694, 0.6738, 0.6036, 0.5605, 0.5135, 0.4524]","[None, None, None, None, None, None]",2013
True,False,64,1e-05,0.0001,200,"(0.6, 0.1, 0.3)",64,20,2,0,2,6.6,128,0,"[0.7489, 0.6647]","[None, None]",2014
True,False,64,1e-05,0.0001,200,"(0.6, 0.1, 0.3)",64,20,2,0,6,22.11,384,0,"[0.716, 0.6146, 0.5817, 0.4834, 0.4573, 0.4051]","[None, None, None, None, None, None]",2015
True,False,64,1e-05,0.0001,200,"(0.6, 0.1, 0.3)",64,20,2,0,1,3.19,64,0,[0.7469],[None],2016
True,False,64,1e-05,0.0001,200,"(0.6, 0.1, 0.3)",64,20,2,0,1,3.21,64,0,[0.7474],[None],2017
True,False,64,1e-05,0.0001,200,"(0.6, 0.1, 0.3)",64,20,2,0,2,6.84,128,0,"[0.674, 0.627]","[None, None]",2018
True,False,64,1e-05,0.0001,200,"(0.6, 0.1, 0.3)",64,20,2,0,2,6.61,128,0,"[0.7366, 0.6997]","[None, None]",2019
True,False,64,1e-05,1e-05,0,"(0.6, 0.1, 0.3)",64,20,2,0,2,6.59,128,0,"[-0.3102, -0.0232]","[None, None]",2000
True,False,64,1e-05,1e-05,0,"(0.6, 0.1, 0.3)",64,20,2,0,1,3.19,64,0,[0.3728],[None],2001
True,False,64,1e-05,1e-05,0,"(0.6, 0.1, 0.3)",64,20,2,0,1,3.19,64,0,[0.3376],[None],2002
True,False,64,1e-05,1e-05,0,"(0.6, 0.1, 0.3)",64,20,2,0,3,10.29,192,0,"[0.1971, 0.1481, 0.1395]","[None, None, None]",2003
True,False,64,1e-05,1e-05,0,"(0.6, 0.1, 0.3)",64,20,2,0,2,6.85,128,0,"[0.3334, 0.1435]","[None, None]",2004
True,False,64,1e-05,1e-05,0,"(0.6, 0.1, 0.3)",64,20,2,0,2,6.86,128,0,"[0.35, 0.165]","[None, None]",2005
True,False,64,1e-05,1e-05,0,"(0.6, 0.1, 0.3)",64,20,2,0,2,6.86,128,0,"[0.332, -0.0391]","[None, None]",2006
True,False,64,1e-05,1e-05,0,"(0.6, 0.1, 0.3)",64,20,2,0,3,10.19,192,0,"[0.3666, -0.1105, -0.0529]","[None, None, None]",2007
True,False,64,1e-05,1e-05,0,"(0.6, 0.1, 0.3)",64,20,2,0,1,3.2,64,0,[-0.6147],[None],2008
True,False,64,1e-05,1e-05,0,"(0.6, 0.1, 0.3)",64,20,2,0,2,6.65,128,0,"[0.0812, -0.1556]","[None, None]",2009
True,False,64,1e-05,1e-05,0,"(0.6, 0.1, 0.3)",64,20,2,0,1,3.23,64,0,[0.0152],[None],2010
True,False,64,1e-05,1e-05,0,"(0.6, 0.1, 0.3)",64,20,2,0,1,3.26,64,0,[0.197],[None],2011
True,False,64,1e-05,1e-05,0,"(0.6, 0.1, 0.3)",64,20,2,0,2,6.62,128,0,"[0.4379, -0.4453]","[None, None]",2012
True,False,64,1e-05,1e-05,0,"(0.6, 0.1, 0.3)",64,20,2,0,2,6.65,128,0,"[0.2382, 0.0043]","[None, None]",2013
True,False,64,1e-05,1e-05,0,"(0.6, 0.1, 0.3)",64,20,2,0,3,10.24,192,0,"[0.3787, -0.007, 0.0739]","[None, None, None]",2014
True,False,64,1e-05,1e-05,0,"(0.6, 0.1, 0.3)",64,20,2,0,7,26.61,448,0,"[-0.9694, -0.1493, -0.1027, -0.1169, -0.1126, -0.0377, -0.046]","[None, None, None, None, None, None, None]",2015
True,False,64,1e-05,1e-05,0,"(0.6, 0.1, 0.3)",64,20,2,0,1,3.23,64,0,[-0.1152],[None],2016
True,False,64,1e-05,1e-05,0,"(0.6, 0.1, 0.3)",64,20,2,0,2,6.79,128,0,"[0.3572, -0.4539]","[None, None]",2017
True,False,64,1e-05,1e-05,0,"(0.6, 0.1, 0.3)",64,20,2,0,2,6.61,128,0,"[0.4051, 0.2556]","[None, None]",2018
True,False,64,1e-05,1e-05,0,"(0.6, 0.1, 0.3)",64,20,2,0,1,3.2,64,0,[-0.2179],[None],2019
True,False,64,1e-05,1e-05,100,"(0.6, 0.1, 0.3)",64,20,2,0,3,10.24,192,0,"[0.3097, 0.2916, 0.2036]","[None, None, None]",2000
True,False,64,1e-05,1e-05,100,"(0.6, 0.1, 0.3)",64,20,2,0,1,3.19,64,0,[0.5205],[None],2001
True,False,64,1e-05,1e-05,100,"(0.6, 0.1, 0.3)",64,20,2,0,1,3.19,64,0,[0.5027],[None],2002
True,False,64,1e-05,1e-05,100,"(0.6, 0.1, 0.3)",64,20,2,0,3,10.15,192,0,"[0.4139, 0.2554, 0.1995]","[None, None, None]",2003
True,False,64,1e-05,1e-05,100,"(0.6, 0.1, 0.3)",64,20,2,0,2,6.67,128,0,"[0.5743, 0.3639]","[None, None]",2004
True,False,64,1e-05,1e-05,100,"(0.6, 0.1, 0.3)",64,20,2,0,1,3.2,64,0,[0.4882],[None],2005
True,False,64,1e-05,1e-05,100,"(0.6, 0.1, 0.3)",64,20,2,0,2,6.72,128,0,"[0.5307, 0.3191]","[None, None]",2006
True,False,64,1e-05,1e-05,100,"(0.6, 0.1, 0.3)",64,20,2,0,4,14.48,256,0,"[0.471, 0.1291, 0.1355, 0.0719]","[None, None, None, None]",2007
True,False,64,1e-05,1e-05,100,"(0.6, 0.1, 0.3)",64,20,2,0,1,3.33,64,0,[0.3458],[None],2008
True,False,64,1e-05,1e-05,100,"(0.6, 0.1, 0.3)",64,20,2,0,2,6.86,128,0,"[0.4731, 0.329]","[None, None]",2009
True,False,64,1e-05,1e-05,100,"(0.6, 0.1, 0.3)",64,20,2,0,1,3.2,64,0,[0.4127],[None],2010
True,False,64,1e-05,1e-05,100,"(0.6, 0.1, 0.3)",64,20,2,0,1,3.2,64,0,[0.4836],[None],2011
True,False,64,1e-05,1e-05,100,"(0.6, 0.1, 0.3)",64,20,2,0,5,18.56,320,0,"[0.5483, 0.2138, 0.1468, 0.1132, 0.1069]","[None, None, None, None, None]",2012
True,False,64,1e-05,1e-05,100,"(0.6, 0.1, 0.3)",64,20,2,0,2,6.88,128,0,"[0.438, 0.1729]","[None, None]",2013
True,False,64,1e-05,1e-05,100,"(0.6, 0.1, 0.3)",64,20,2,0,3,10.61,192,0,"[0.5309, 0.2371, 0.2218]","[None, None, None]",2014
True,False,64,1e-05,1e-05,100,"(0.6, 0.1, 0.3)",64,20,2,0,7,26.71,448,0,"[0.1171, 0.0963, 0.1542, 0.0493, 0.0683, 0.0778, 0.0815]","[None, None, None, None, None, None, None]",2015
True,False,64,1e-05,1e-05,100,"(0.6, 0.1, 0.3)",64,20,2,0,1,3.29,64,0,[0.3318],[None],2016
True,False,64,1e-05,1e-05,100,"(0.6, 0.1, 0.3)",64,20,2,0,2,6.71,128,0,"[0.5831, 0.1805]","[None, None]",2017
True,False,64,1e-05,1e-05,100,"(0.6, 0.1, 0.3)",64,20,2,0,2,6.64,128,0,"[0.4669, 0.3961]","[None, None]",2018
True,False,64,1e-05,1e-05,100,"(0.6, 0.1, 0.3)",64,20,2,0,1,3.3,64,0,[0.3636],[None],2019
True,False,64,1e-05,1e-05,200,"(0.6, 0.1, 0.3)",64,20,2,0,3,10.4,192,0,"[0.533, 0.4563, 0.308]","[None, None, None]",2000
True,False,64,1e-05,1e-05,200,"(0.6, 0.1, 0.3)",64,20,2,0,1,3.19,64,0,[0.5332],[None],2001
True,False,64,1e-05,1e-05,200,"(0.6, 0.1, 0.3)",64,20,2,0,1,3.26,64,0,[0.5806],[None],2002
True,False,64,1e-05,1e-05,200,"(0.6, 0.1, 0.3)",64,20,2,0,3,10.17,192,0,"[0.4943, 0.3771, 0.2392]","[None, None, None]",2003
True,False,64,1e-05,1e-05,200,"(0.6, 0.1, 0.3)",64,20,2,0,3,10.14,192,0,"[0.629, 0.4998, 0.3269]","[None, None, None]",2004
True,False,64,1e-05,1e-05,200,"(0.6, 0.1, 0.3)",64,20,2,0,1,3.26,64,0,[0.5314],[None],2005
True,False,64,1e-05,1e-05,200,"(0.6, 0.1, 0.3)",64,20,2,0,2,6.65,128,0,"[0.5807, 0.4938]","[None, None]",2006
True,False,64,1e-05,1e-05,200,"(0.6, 0.1, 0.3)",64,20,2,0,3,10.56,192,0,"[0.5076, 0.3296, 0.2559]","[None, None, None]",2007
True,False,64,1e-05,1e-05,200,"(0.6, 0.1, 0.3)",64,20,2,0,1,3.34,64,0,[0.4758],[None],2008
True,False,64,1e-05,1e-05,200,"(0.6, 0.1, 0.3)",64,20,2,0,2,6.86,128,0,"[0.5515, 0.493]","[None, None]",2009
True,False,64,1e-05,1e-05,200,"(0.6, 0.1, 0.3)",64,20,2,0,1,3.3,64,0,[0.5381],[None],2010
True,False,64,1e-05,1e-05,200,"(0.6, 0.1, 0.3)",64,20,2,0,1,3.19,64,0,[0.574],[None],2011
True,False,64,1e-05,1e-05,200,"(0.6, 0.1, 0.3)",64,20,2,0,2,6.59,128,0,"[0.5567, 0.3965]","[None, None]",2012
True,False,64,1e-05,1e-05,200,"(0.6, 0.1, 0.3)",64,20,2,0,3,10.15,192,0,"[0.5096, 0.3467, 0.295]","[None, None, None]",2013
True,False,64,1e-05,1e-05,200,"(0.6, 0.1, 0.3)",64,20,2,0,4,13.96,256,0,"[0.5657, 0.4244, 0.2882, 0.2489]","[None, None, None, None]",2014
True,False,64,1e-05,1e-05,200,"(0.6, 0.1, 0.3)",64,20,2,0,6,22.16,384,0,"[0.4318, 0.2649, 0.2687, 0.1751, 0.1305, 0.1897]","[None, None, None, None, None, None]",2015
True,False,64,1e-05,1e-05,200,"(0.6, 0.1, 0.3)",64,20,2,0,1,3.19,64,0,[0.4916],[None],2016
True,False,64,1e-05,1e-05,200,"(0.6, 0.1, 0.3)",64,20,2,0,2,6.61,128,0,"[0.6159, 0.492]","[None, None]",2017
True,False,64,1e-05,1e-05,200,"(0.6, 0.1, 0.3)",64,20,2,0,2,6.59,128,0,"[0.4753, 0.4546]","[None, None]",2018
True,False,64,1e-05,1e-05,200,"(0.6, 0.1, 0.3)",64,20,2,0,1,3.19,64,0,[0.5579],[None],2019
False,True,64,1e-05,0.0001,0,"(0.6, 0.1, 0.3)",64,20,2,0,1,2.62,64,0,[0.7021],[None],2000
False,True,64,1e-05,0.0001,0,"(0.6, 0.1, 0.3)",64,20,2,0,1,2.62,64,0,[0.5539],[None],2001
False,True,64,1e-05,0.0001,0,"(0.6, 0.1, 0.3)",64,20,2,0,1,2.67,64,1,[0.6849],[None],2002
False,True,64,1e-05,0.0001,0,"(0.6, 0.1, 0.3)",64,20,2,0,2,5.55,128,1,"[0.6229, 0.676]","[None, None]",2003
False,True,64,1e-05,0.0001,0,"(0.6, 0.1, 0.3)",64,20,2,0,1,2.63,64,0,[0.6978],[None],2004
False,True,64,1e-05,0.0001,0,"(0.6, 0.1, 0.3)",64,20,2,0,1,2.63,64,0,[0.6196],[None],2005
False,True,64,1e-05,0.0001,0,"(0.6, 0.1, 0.3)",64,20,2,0,1,2.63,64,0,[0.6396],[None],2006
False,True,64,1e-05,0.0001,0,"(0.6, 0.1, 0.3)",64,20,2,0,5,15.09,320,0,"[0.6024, 0.6551, 0.6034, 0.5549, 0.5096]","[None, None, None, None, None]",2007
False,True,64,1e-05,0.0001,0,"(0.6, 0.1, 0.3)",64,20,2,0,1,2.63,64,1,[0.4358],[None],2008
False,True,64,1e-05,0.0001,0,"(0.6, 0.1, 0.3)",64,20,2,0,1,2.62,64,0,[0.6266],[None],2009
False,True,64,1e-05,0.0001,0,"(0.6, 0.1, 0.3)",64,20,2,0,1,2.63,64,0,[0.6573],[None],2010
False,True,64,1e-05,0.0001,0,"(0.6, 0.1, 0.3)",64,20,2,0,1,2.62,64,0,[0.6197],[None],2011
False,True,64,1e-05,0.0001,0,"(0.6, 0.1, 0.3)",64,20,2,0,1,2.63,64,0,[0.5603],[None],2012
False,True,64,1e-05,0.0001,0,"(0.6, 0.1, 0.3)",64,20,2,0,2,5.52,128,0,"[0.6696, 0.6231]","[None, None]",2013
False,True,64,1e-05,0.0001,0,"(0.6, 0.1, 0.3)",64,20,2,0,3,8.53,192,0,"[0.6731, 0.5467, 0.3996]","[None, None, None]",2014
False,True,64,1e-05,0.0001,0,"(0.6, 0.1, 0.3)",64,20,2,0,2,5.47,128,0,"[0.6476, 0.5944]","[None, None]",2015
False,True,64,1e-05,0.0001,0,"(0.6, 0.1, 0.3)",64,20,2,0,2,5.46,128,1,"[0.5701, 0.548]","[None, None]",2016
False,True,64,1e-05,0.0001,0,"(0.6, 0.1, 0.3)",64,20,2,0,1,2.75,64,0,[0.6794],[None],2017
False,True,64,1e-05,0.0001,0,"(0.6, 0.1, 0.3)",64,20,2,0,2,5.81,128,0,"[0.5737, 0.5572]","[None, None]",2018
False,True,64,1e-05,0.0001,0,"(0.6, 0.1, 0.3)",64,20,2,0,1,2.76,64,0,[0.5979],[None],2019
False,True,64,1e-05,0.0001,100,"(0.6, 0.1, 0.3)",64,20,2,0,1,2.68,64,0,[0.7001],[None],2000
False,True,64,1e-05,0.0001,100,"(0.6, 0.1, 0.3)",64,20,2,0,1,2.62,64,0,[0.5547],[None],2001
False,True,64,1e-05,0.0001,100,"(0.6, 0.1, 0.3)",64,20,2,0,1,2.63,64,1,[0.6803],[None],2002
False,True,64,1e-05,0.0001,100,"(0.6, 0.1, 0.3)",64,20,2,0,2,5.46,128,1,"[0.6229, 0.6888]","[None, None]",2003
False,True,64,1e-05,0.0001,100,"(0.6, 0.1, 0.3)",64,20,2,0,1,2.62,64,0,[0.6977],[None],2004
False,True,64,1e-05,0.0001,100,"(0.6, 0.1, 0.3)",64,20,2,0,1,2.62,64,0,[0.6199],[None],2005
False,True,64,1e-05,0.0001,100,"(0.6, 0.1, 0.3)",64,20,2,0,1,2.62,64,0,[0.6391],[None],2006
False,True,64,1e-05,0.0001,100,"(0.6, 0.1, 0.3)",64,20,2,0,6,18.8,384,1,"[0.602, 0.6819, 0.6746, 0.6339, 0.6391, 0.6216]","[None, None, None, None, None, None]",2007
False,True,64,1e-05,0.0001,100,"(0.6, 0.1, 0.3)",64,20,2,0,1,2.64,64,1,[0.4681],[None],2008
False,True,64,1e-05,0.0001,100,"(0.6, 0.1, 0.3)",64,20,2,0,1,2.63,64,0,[0.6305],[None],2009
False,True,64,1e-05,0.0001,100,"(0.6, 0.1, 0.3)",64,20,2,0,1,2.64,64,0,[0.6555],[None],2010
False,True,64,1e-05,0.0001,100,"(0.6, 0.1, 0.3)",64,20,2,0,1,2.65,64,0,[0.6097],[None],2011
False,True,64,1e-05,0.0001,100,"(0.6, 0.1, 0.3)",64,20,2,0,1,2.63,64,0,[0.5746],[None],2012
False,True,64,1e-05,0.0001,100,"(0.6, 0.1, 0.3)",64,20,2,0,2,5.51,128,0,"[0.6709, 0.6512]","[None, None]",2013
False,True,64,1e-05,0.0001,100,"(0.6, 0.1, 0.3)",64,20,2,0,1,2.63,64,0,[0.677],[None],2014
False,True,64,1e-05,0.0001,100,"(0.6, 0.1, 0.3)",64,20,2,0,1,2.64,64,0,[0.6495],[None],2015
False,True,64,1e-05,0.0001,100,"(0.6, 0.1, 0.3)",64,20,2,0,3,8.53,192,0,"[0.5898, 0.5356, 0.5543]","[None, None, None]",2016
False,True,64,1e-05,0.0001,100,"(0.6, 0.1, 0.3)",64,20,2,0,1,2.69,64,0,[0.6779],[None],2017
False,True,64,1e-05,0.0001,100,"(0.6, 0.1, 0.3)",64,20,2,0,2,5.47,128,0,"[0.5778, 0.5733]","[None, None]",2018
False,True,64,1e-05,0.0001,100,"(0.6, 0.1, 0.3)",64,20,2,0,1,2.63,64,0,[0.6005],[None],2019
False,True,64,1e-05,0.0001,200,"(0.6, 0.1, 0.3)",64,20,2,0,1,2.65,64,0,[0.6931],[None],2000
False,True,64,1e-05,0.0001,200,"(0.6, 0.1, 0.3)",64,20,2,0,1,2.63,64,0,[0.5535],[None],2001
False,True,64,1e-05,0.0001,200,"(0.6, 0.1, 0.3)",64,20,2,0,1,2.63,64,1,[0.6738],[None],2002
False,True,64,1e-05,0.0001,200,"(0.6, 0.1, 0.3)",64,20,2,0,2,5.51,128,1,"[0.6235, 0.6799]","[None, None]",2003
False,True,64,1e-05,0.0001,200,"(0.6, 0.1, 0.3)",64,20,2,0,1,2.69,64,0,[0.6936],[None],2004
False,True,64,1e-05,0.0001,200,"(0.6, 0.1, 0.3)",64,20,2,0,1,2.63,64,0,[0.6077],[None],2005
False,True,64,1e-05,0.0001,200,"(0.6, 0.1, 0.3)",64,20,2,0,1,2.65,64,0,[0.6419],[None],2006
False,True,64,1e-05,0.0001,200,"(0.6, 0.1, 0.3)",64,20,2,0,7,22.49,448,0,"[0.5994, 0.6914, 0.6754, 0.6572, 0.6821, 0.6472, 0.5928]","[None, None, None, None, None, None, None]",2007
False,True,64,1e-05,0.0001,200,"(0.6, 0.1, 0.3)",64,20,2,0,1,2.65,64,1,[0.4839],[None],2008
False,True,64,1e-05,0.0001,200,"(0.6, 0.1, 0.3)",64,20,2,0,1,2.62,64,0,[0.6275],[None],2009
False,True,64,1e-05,0.0001,200,"(0.6, 0.1, 0.3)",64,20,2,0,1,2.63,64,0,[0.6409],[None],2010
False,True,64,1e-05,0.0001,200,"(0.6, 0.1, 0.3)",64,20,2,0,1,2.62,64,0,[0.6052],[None],2011
False,True,64,1e-05,0.0001,200,"(0.6, 0.1, 0.3)",64,20,2,0,1,2.62,64,0,[0.5818],[None],2012
False,True,64,1e-05,0.0001,200,"(0.6, 0.1, 0.3)",64,20,2,0,2,5.77,128,0,"[0.6701, 0.6563]","[None, None]",2013
False,True,64,1e-05,0.0001,200,"(0.6, 0.1, 0.3)",64,20,2,0,1,2.76,64,0,[0.6771],[None],2014
False,True,64,1e-05,0.0001,200,"(0.6, 0.1, 0.3)",64,20,2,0,1,2.69,64,0,[0.6448],[None],2015
False,True,64,1e-05,0.0001,200,"(0.6, 0.1, 0.3)",64,20,2,0,3,8.47,192,0,"[0.5914, 0.4972, 0.4842]","[None, None, None]",2016
False,True,64,1e-05,0.0001,200,"(0.6, 0.1, 0.3)",64,20,2,0,1,2.63,64,0,[0.6798],[None],2017
False,True,64,1e-05,0.0001,200,"(0.6, 0.1, 0.3)",64,20,2,0,2,5.47,128,0,"[0.5713, 0.5758]","[None, None]",2018
False,True,64,1e-05,0.0001,200,"(0.6, 0.1, 0.3)",64,20,2,0,1,2.63,64,0,[0.5891],[None],2019
False,True,64,1e-05,1e-05,0,"(0.6, 0.1, 0.3)",64,20,2,0,2,5.46,128,0,"[-9.3264, -9.1089]","[None, None]",2000
False,True,64,1e-05,1e-05,0,"(0.6, 0.1, 0.3)",64,20,2,0,2,5.46,128,0,"[-9.1152, -8.95]","[None, None]",2001
False,True,64,1e-05,1e-05,0,"(0.6, 0.1, 0.3)",64,20,2,0,1,2.63,64,1,[-9.1198],[None],2002
False,True,64,1e-05,1e-05,0,"(0.6, 0.1, 0.3)",64,20,2,0,2,5.49,128,0,"[-8.9666, -8.6659]","[None, None]",2003
False,True,64,1e-05,1e-05,0,"(0.6, 0.1, 0.3)",64,20,2,0,1,2.64,64,0,[-9.1866],[None],2004
False,True,64,1e-05,1e-05,0,"(0.6, 0.1, 0.3)",64,20,2,0,1,2.63,64,0,[-9.1616],[None],2005
False,True,64,1e-05,1e-05,0,"(0.6, 0.1, 0.3)",64,20,2,0,1,2.65,64,0,[-9.2827],[None],2006
False,True,64,1e-05,1e-05,0,"(0.6, 0.1, 0.3)",64,20,2,0,3,8.61,192,0,"[-9.1734, -9.0572, -8.9467]","[None, None, None]",2007
False,True,64,1e-05,1e-05,0,"(0.6, 0.1, 0.3)",64,20,2,0,1,2.63,64,1,[-9.4102],[None],2008
False,True,64,1e-05,1e-05,0,"(0.6, 0.1, 0.3)",64,20,2,0,2,5.72,128,0,"[-9.3206, -9.0484]","[None, None]",2009
False,True,64,1e-05,1e-05,0,"(0.6, 0.1, 0.3)",64,20,2,0,1,2.62,64,0,[-9.2817],[None],2010
False,True,64,1e-05,1e-05,0,"(0.6, 0.1, 0.3)",64,20,2,0,1,2.62,64,0,[-9.1193],[None],2011
False,True,64,1e-05,1e-05,0,"(0.6, 0.1, 0.3)",64,20,2,0,3,8.47,192,0,"[-9.3181, -9.2469, -9.0046]","[None, None, None]",2012
False,True,64,1e-05,1e-05,0,"(0.6, 0.1, 0.3)",64,20,2,0,3,8.71,192,0,"[-9.1604, -9.1793, -9.1745]","[None, None, None]",2013
False,True,64,1e-05,1e-05,0,"(0.6, 0.1, 0.3)",64,20,2,0,2,5.46,128,0,"[-9.2575, -8.8519]","[None, None]",2014
False,True,64,1e-05,1e-05,0,"(0.6, 0.1, 0.3)",64,20,2,0,2,5.48,128,0,"[-9.3721, -9.0562]","[None, None]",2015
False,True,64,1e-05,1e-05,0,"(0.6, 0.1, 0.3)",64,20,2,0,2,5.46,128,1,"[-9.2631, -8.8012]","[None, None]",2016
False,True,64,1e-05,1e-05,0,"(0.6, 0.1, 0.3)",64,20,2,0,2,5.52,128,0,"[-8.9992, -8.906]","[None, None]",2017
False,True,64,1e-05,1e-05,0,"(0.6, 0.1, 0.3)",64,20,2,0,1,2.78,64,0,[-9.062],[None],2018
False,True,64,1e-05,1e-05,0,"(0.6, 0.1, 0.3)",64,20,2,0,1,2.75,64,0,[-9.0276],[None],2019
False,True,64,1e-05,1e-05,100,"(0.6, 0.1, 0.3)",64,20,2,0,2,5.69,128,0,"[-8.7808, -8.4567]","[None, None]",2000
False,True,64,1e-05,1e-05,100,"(0.6, 0.1, 0.3)",64,20,2,0,2,5.46,128,1,"[-8.4942, -8.3953]","[None, None]",2001
False,True,64,1e-05,1e-05,100,"(0.6, 0.1, 0.3)",64,20,2,0,1,2.62,64,1,[-8.5466],[None],2002
False,True,64,1e-05,1e-05,100,"(0.6, 0.1, 0.3)",64,20,2,0,2,5.45,128,0,"[-8.3595, -8.015]","[None, None]",2003
False,True,64,1e-05,1e-05,100,"(0.6, 0.1, 0.3)",64,20,2,0,1,2.63,64,0,[-8.6331],[None],2004
False,True,64,1e-05,1e-05,100,"(0.6, 0.1, 0.3)",64,20,2,0,1,2.62,64,0,[-8.6025],[None],2005
False,True,64,1e-05,1e-05,100,"(0.6, 0.1, 0.3)",64,20,2,0,1,2.62,64,0,[-8.7206],[None],2006
False,True,64,1e-05,1e-05,100,"(0.6, 0.1, 0.3)",64,20,2,0,4,11.65,256,0,"[-8.5463, -8.475, -8.5192, -8.5099]","[None, None, None, None]",2007
False,True,64,1e-05,1e-05,100,"(0.6, 0.1, 0.3)",64,20,2,0,1,2.63,64,1,[-8.9172],[None],2008
False,True,64,1e-05,1e-05,100,"(0.6, 0.1, 0.3)",64,20,2,0,2,5.44,128,0,"[-8.7348, -8.5609]","[None, None]",2009
False,True,64,1e-05,1e-05,100,"(0.6, 0.1, 0.3)",64,20,2,0,1,2.74,64,0,[-8.6954],[None],2010
False,True,64,1e-05,1e-05,100,"(0.6, 0.1, 0.3)",64,20,2,0,1,2.75,64,0,[-8.4732],[None],2011
False,True,64,1e-05,1e-05,100,"(0.6, 0.1, 0.3)",64,20,2,0,2,5.47,128,0,"[-8.6682, -8.6734]","[None, None]",2012
False,True,64,1e-05,1e-05,100,"(0.6, 0.1, 0.3)",64,20,2,0,2,5.47,128,0,"[-8.521, -8.6123]","[None, None]",2013
False,True,64,1e-05,1e-05,100,"(0.6, 0.1, 0.3)",64,20,2,0,2,5.46,128,0,"[-8.7031, -7.9271]","[None, None]",2014
False,True,64,1e-05,1e-05,100,"(0.6, 0.1, 0.3)",64,20,2,0,2,5.47,128,0,"[-8.7921, -8.4279]","[None, None]",2015
False,True,64,1e-05,1e-05,100,"(0.6, 0.1, 0.3)",64,20,2,0,1,2.63,64,0,[-8.6572],[None],2016
False,True,64,1e-05,1e-05,100,"(0.6, 0.1, 0.3)",64,20,2,0,2,5.47,128,0,"[-8.3655, -8.4717]","[None, None]",2017
False,True,64,1e-05,1e-05,100,"(0.6, 0.1, 0.3)",64,20,2,0,2,5.47,128,0,"[-8.5192, -8.9936]","[None, None]",2018
False,True,64,1e-05,1e-05,100,"(0.6, 0.1, 0.3)",64,20,2,0,1,2.63,64,0,[-8.4457],[None],2019
False,True,64,1e-05,1e-05,200,"(0.6, 0.1, 0.3)",64,20,2,0,2,5.47,128,0,"[-8.2819, -8.0754]","[None, None]",2000
False,True,64,1e-05,1e-05,200,"(0.6, 0.1, 0.3)",64,20,2,0,2,5.56,128,1,"[-7.951, -8.0649]","[None, None]",2001
False,True,64,1e-05,1e-05,200,"(0.6, 0.1, 0.3)",64,20,2,0,1,2.63,64,1,[-8.0233],[None],2002
False,True,64,1e-05,1e-05,200,"(0.6, 0.1, 0.3)",64,20,2,0,2,5.47,128,1,"[-7.8326, -7.5162]","[None, None]",2003
False,True,64,1e-05,1e-05,200,"(0.6, 0.1, 0.3)",64,20,2,0,1,2.65,64,0,[-8.0613],[None],2004
False,True,64,1e-05,1e-05,200,"(0.6, 0.1, 0.3)",64,20,2,0,1,2.63,64,0,[-8.0608],[None],2005
False,True,64,1e-05,1e-05,200,"(0.6, 0.1, 0.3)",64,20,2,0,1,2.63,64,0,[-8.2226],[None],2006
False,True,64,1e-05,1e-05,200,"(0.6, 0.1, 0.3)",64,20,2,0,3,8.47,192,0,"[-8.0379, -8.0637, -8.0572]","[None, None, None]",2007
False,True,64,1e-05,1e-05,200,"(0.6, 0.1, 0.3)",64,20,2,0,1,2.63,64,1,[-8.4002],[None],2008
False,True,64,1e-05,1e-05,200,"(0.6, 0.1, 0.3)",64,20,2,0,2,5.65,128,0,"[-8.2105, -8.1146]","[None, None]",2009
False,True,64,1e-05,1e-05,200,"(0.6, 0.1, 0.3)",64,20,2,0,1,2.64,64,0,[-8.2426],[None],2010
False,True,64,1e-05,1e-05,200,"(0.6, 0.1, 0.3)",64,20,2,0,1,2.63,64,0,[-7.9491],[None],2011
False,True,64,1e-05,1e-05,200,"(0.6, 0.1, 0.3)",64,20,2,0,2,5.51,128,0,"[-8.1462, -8.3968]","[None, None]",2012
False,True,64,1e-05,1e-05,200,"(0.6, 0.1, 0.3)",64,20,2,0,3,8.71,192,0,"[-8.0206, -7.9563, -7.8495]","[None, None, None]",2013
False,True,64,1e-05,1e-05,200,"(0.6, 0.1, 0.3)",64,20,2,0,2,5.46,128,0,"[-8.1773, -7.6188]","[None, None]",2014
False,True,64,1e-05,1e-05,200,"(0.6, 0.1, 0.3)",64,20,2,0,2,5.45,128,0,"[-8.3109, -8.0071]","[None, None]",2015
False,True,64,1e-05,1e-05,200,"(0.6, 0.1, 0.3)",64,20,2,0,1,2.62,64,0,[-8.1171],[None],2016
False,True,64,1e-05,1e-05,200,"(0.6, 0.1, 0.3)",64,20,2,0,2,5.45,128,0,"[-7.8168, -7.9474]","[None, None]",2017
False,True,64,1e-05,1e-05,200,"(0.6, 0.1, 0.3)",64,20,2,0,2,5.67,128,0,"[-7.8906, -8.5415]","[None, None]",2018
False,True,64,1e-05,1e-05,200,"(0.6, 0.1, 0.3)",64,20,2,0,1,2.75,64,0,[-7.9304],[None],2019
False,False,64,1e-05,0.0001,0,"(0.6, 0.1, 0.3)",64,20,4,0,1,3.38,64,0,[0.6977],[None],2000
False,False,64,1e-05,0.0001,0,"(0.6, 0.1, 0.3)",64,20,4,0,1,3.34,64,0,[0.5826],[None],2001
False,False,64,1e-05,0.0001,0,"(0.6, 0.1, 0.3)",64,20,4,0,1,3.27,64,1,[0.695],[None],2002
False,False,64,1e-05,0.0001,0,"(0.6, 0.1, 0.3)",64,20,4,0,2,6.61,128,1,"[0.6664, 0.6755]","[None, None]",2003
False,False,64,1e-05,0.0001,0,"(0.6, 0.1, 0.3)",64,20,4,0,1,3.19,64,0,[0.7097],[None],2004
False,False,64,1e-05,0.0001,0,"(0.6, 0.1, 0.3)",64,20,4,0,1,3.19,64,0,[0.6643],[None],2005
False,False,64,1e-05,0.0001,0,"(0.6, 0.1, 0.3)",64,20,4,0,1,3.19,64,0,[0.6487],[None],2006
False,False,64,1e-05,0.0001,0,"(0.6, 0.1, 0.3)",64,20,4,0,1,3.19,64,0,[0.6077],[None],2007
False,False,64,1e-05,0.0001,0,"(0.6, 0.1, 0.3)",64,20,4,0,1,3.32,64,1,[0.4084],[None],2008
False,False,64,1e-05,0.0001,0,"(0.6, 0.1, 0.3)",64,20,4,0,1,3.32,64,0,[0.6435],[None],2009
False,False,64,1e-05,0.0001,0,"(0.6, 0.1, 0.3)",64,20,4,0,1,3.32,64,0,[0.6674],[None],2010
False,False,64,1e-05,0.0001,0,"(0.6, 0.1, 0.3)",64,20,4,0,1,3.32,64,0,[0.653],[None],2011
False,False,64,1e-05,0.0001,0,"(0.6, 0.1, 0.3)",64,20,4,0,1,3.32,64,0,[0.5891],[None],2012
False,False,64,1e-05,0.0001,0,"(0.6, 0.1, 0.3)",64,20,4,0,2,6.88,128,0,"[0.6902, 0.7255]","[None, None]",2013
False,False,64,1e-05,0.0001,0,"(0.6, 0.1, 0.3)",64,20,4,0,1,3.31,64,0,[0.6797],[None],2014
False,False,64,1e-05,0.0001,0,"(0.6, 0.1, 0.3)",64,20,4,0,4,14.24,256,0,"[0.6539, 0.61, 0.6184, 0.6166]","[None, None, None, None]",2015
False,False,64,1e-05,0.0001,0,"(0.6, 0.1, 0.3)",64,20,4,0,2,6.89,128,1,"[0.6079, 0.556]","[None, None]",2016
False,False,64,1e-05,0.0001,0,"(0.6, 0.1, 0.3)",64,20,4,0,1,3.21,64,0,[0.716],[None],2017
False,False,64,1e-05,0.0001,0,"(0.6, 0.1, 0.3)",64,20,4,0,2,6.61,128,0,"[0.5947, 0.6304]","[None, None]",2018
False,False,64,1e-05,0.0001,0,"(0.6, 0.1, 0.3)",64,20,4,0,1,3.19,64,0,[0.5953],[None],2019
False,False,64,1e-05,0.0001,100,"(0.6, 0.1, 0.3)",64,20,4,0,1,3.25,64,0,[0.6966],[None],2000
False,False,64,1e-05,0.0001,100,"(0.6, 0.1, 0.3)",64,20,4,0,1,3.33,64,0,[0.5743],[None],2001
False,False,64,1e-05,0.0001,100,"(0.6, 0.1, 0.3)",64,20,4,0,1,3.3,64,1,[0.687],[None],2002
False,False,64,1e-05,0.0001,100,"(0.6, 0.1, 0.3)",64,20,4,0,2,6.59,128,0,"[0.6537, 0.6611]","[None, None]",2003
False,False,64,1e-05,0.0001,100,"(0.6, 0.1, 0.3)",64,20,4,0,1,3.19,64,0,[0.6993],[None],2004
False,False,64,1e-05,0.0001,100,"(0.6, 0.1, 0.3)",64,20,4,0,1,3.24,64,0,[0.6468],[None],2005
False,False,64,1e-05,0.0001,100,"(0.6, 0.1, 0.3)",64,20,4,0,1,3.2,64,0,[0.6465],[None],2006
False,False,64,1e-05,0.0001,100,"(0.6, 0.1, 0.3)",64,20,4,0,1,3.19,64,0,[0.6002],[None],2007
False,False,64,1e-05,0.0001,100,"(0.6, 0.1, 0.3)",64,20,4,0,1,3.19,64,1,[0.4376],[None],2008
False,False,64,1e-05,0.0001,100,"(0.6, 0.1, 0.3)",64,20,4,0,1,3.19,64,0,[0.6342],[None],2009
False,False,64,1e-05,0.0001,100,"(0.6, 0.1, 0.3)",64,20,4,0,1,3.19,64,0,[0.6498],[None],2010
False,False,64,1e-05,0.0001,100,"(0.6, 0.1, 0.3)",64,20,4,0,1,3.19,64,0,[0.6372],[None],2011
False,False,64,1e-05,0.0001,100,"(0.6, 0.1, 0.3)",64,20,4,0,1,3.19,64,0,[0.5961],[None],2012
False,False,64,1e-05,0.0001,100,"(0.6, 0.1, 0.3)",64,20,4,0,2,6.6,128,0,"[0.6727, 0.6538]","[None, None]",2013
False,False,64,1e-05,0.0001,100,"(0.6, 0.1, 0.3)",64,20,4,0,1,3.19,64,0,[0.6705],[None],2014
False,False,64,1e-05,0.0001,100,"(0.6, 0.1, 0.3)",64,20,4,0,1,3.19,64,0,[0.6593],[None],2015
False,False,64,1e-05,0.0001,100,"(0.6, 0.1, 0.3)",64,20,4,0,2,6.6,128,0,"[0.6, 0.5281]","[None, None]",2016
False,False,64,1e-05,0.0001,100,"(0.6, 0.1, 0.3)",64,20,4,0,1,3.19,64,0,[0.7003],[None],2017
False,False,64,1e-05,0.0001,100,"(0.6, 0.1, 0.3)",64,20,4,0,2,6.66,128,0,"[0.5904, 0.6198]","[None, None]",2018
False,False,64,1e-05,0.0001,100,"(0.6, 0.1, 0.3)",64,20,4,0,1,3.19,64,0,[0.6004],[None],2019
False,False,64,1e-05,0.0001,200,"(0.6, 0.1, 0.3)",64,20,4,0,1,3.19,64,0,[0.7004],[None],2000
False,False,64,1e-05,0.0001,200,"(0.6, 0.1, 0.3)",64,20,4,0,1,3.19,64,0,[0.5752],[None],2001
False,False,64,1e-05,0.0001,200,"(0.6, 0.1, 0.3)",64,20,4,0,1,3.19,64,1,[0.6879],[None],2002
False,False,64,1e-05,0.0001,200,"(0.6, 0.1, 0.3)",64,20,4,0,2,6.59,128,1,"[0.6567, 0.6724]","[None, None]",2003
False,False,64,1e-05,0.0001,200,"(0.6, 0.1, 0.3)",64,20,4,0,1,3.23,64,0,[0.6986],[None],2004
False,False,64,1e-05,0.0001,200,"(0.6, 0.1, 0.3)",64,20,4,0,1,3.25,64,0,[0.6355],[None],2005
False,False,64,1e-05,0.0001,200,"(0.6, 0.1, 0.3)",64,20,4,0,1,3.19,64,0,[0.6524],[None],2006
False,False,64,1e-05,0.0001,200,"(0.6, 0.1, 0.3)",64,20,4,0,1,3.19,64,0,[0.5969],[None],2007
False,False,64,1e-05,0.0001,200,"(0.6, 0.1, 0.3)",64,20,4,0,1,3.21,64,1,[0.4725],[None],2008
False,False,64,1e-05,0.0001,200,"(0.6, 0.1, 0.3)",64,20,4,0,1,3.23,64,0,[0.6394],[None],2009
False,False,64,1e-05,0.0001,200,"(0.6, 0.1, 0.3)",64,20,4,0,1,3.27,64,0,[0.6379],[None],2010
False,False,64,1e-05,0.0001,200,"(0.6, 0.1, 0.3)",64,20,4,0,1,3.19,64,0,[0.6312],[None],2011
False,False,64,1e-05,0.0001,200,"(0.6, 0.1, 0.3)",64,20,4,0,1,3.21,64,0,[0.6033],[None],2012
False,False,64,1e-05,0.0001,200,"(0.6, 0.1, 0.3)",64,20,4,0,2,6.66,128,0,"[0.6678, 0.6998]","[None, None]",2013
False,False,64,1e-05,0.0001,200,"(0.6, 0.1, 0.3)",64,20,4,0,1,3.21,64,0,[0.674],[None],2014
False,False,64,1e-05,0.0001,200,"(0.6, 0.1, 0.3)",64,20,4,0,2,6.62,128,0,"[0.657, 0.6295]","[None, None]",2015
False,False,64,1e-05,0.0001,200,"(0.6, 0.1, 0.3)",64,20,4,0,2,6.63,128,0,"[0.5973, 0.5004]","[None, None]",2016
False,False,64,1e-05,0.0001,200,"(0.6, 0.1, 0.3)",64,20,4,0,1,3.23,64,0,[0.7037],[None],2017
False,False,64,1e-05,0.0001,200,"(0.6, 0.1, 0.3)",64,20,4,0,2,6.66,128,1,"[0.5917, 0.6373]","[None, None]",2018
False,False,64,1e-05,0.0001,200,"(0.6, 0.1, 0.3)",64,20,4,0,1,3.2,64,0,[0.6034],[None],2019
False,False,64,1e-05,1e-05,0,"(0.6, 0.1, 0.3)",64,20,4,0,1,3.21,64,0,[0.6151],[None],2000
False,False,64,1e-05,1e-05,0,"(0.6, 0.1, 0.3)",64,20,4,0,1,3.2,64,0,[0.6588],[None],2001
False,False,64,1e-05,1e-05,0,"(0.6, 0.1, 0.3)",64,20,4,0,1,3.26,64,1,[0.5308],[None],2002
False,False,64,1e-05,1e-05,0,"(0.6, 0.1, 0.3)",64,20,4,0,2,6.62,128,1,"[0.5791, 0.5017]","[None, None]",2003
False,False,64,1e-05,1e-05,0,"(0.6, 0.1, 0.3)",64,20,4,0,1,3.26,64,0,[0.6573],[None],2004
False,False,64,1e-05,1e-05,0,"(0.6, 0.1, 0.3)",64,20,4,0,1,3.2,64,0,[0.5295],[None],2005
False,False,64,1e-05,1e-05,0,"(0.6, 0.1, 0.3)",64,20,4,0,1,3.21,64,0,[0.5873],[None],2006
False,False,64,1e-05,1e-05,0,"(0.6, 0.1, 0.3)",64,20,4,0,1,3.21,64,0,[0.6274],[None],2007
False,False,64,1e-05,1e-05,0,"(0.6, 0.1, 0.3)",64,20,4,0,1,3.31,64,1,[0.5004],[None],2008
False,False,64,1e-05,1e-05,0,"(0.6, 0.1, 0.3)",64,20,4,0,1,3.25,64,0,[0.5273],[None],2009
False,False,64,1e-05,1e-05,0,"(0.6, 0.1, 0.3)",64,20,4,0,1,3.2,64,0,[0.4897],[None],2010
False,False,64,1e-05,1e-05,0,"(0.6, 0.1, 0.3)",64,20,4,0,1,3.2,64,1,[0.5822],[None],2011
False,False,64,1e-05,1e-05,0,"(0.6, 0.1, 0.3)",64,20,4,0,2,6.79,128,1,"[0.6626, 0.4673]","[None, None]",2012
False,False,64,1e-05,1e-05,0,"(0.6, 0.1, 0.3)",64,20,4,0,2,6.65,128,1,"[0.5406, 0.3433]","[None, None]",2013
False,False,64,1e-05,1e-05,0,"(0.6, 0.1, 0.3)",64,20,4,0,1,3.2,64,0,[0.6484],[None],2014
False,False,64,1e-05,1e-05,0,"(0.6, 0.1, 0.3)",64,20,4,0,2,6.79,128,0,"[0.4028, 0.2609]","[None, None]",2015
False,False,64,1e-05,1e-05,0,"(0.6, 0.1, 0.3)",64,20,4,0,1,3.33,64,0,[0.5065],[None],2016
False,False,64,1e-05,1e-05,0,"(0.6, 0.1, 0.3)",64,20,4,0,2,6.86,128,1,"[0.7103, 0.5853]","[None, None]",2017
False,False,64,1e-05,1e-05,0,"(0.6, 0.1, 0.3)",64,20,4,0,2,6.77,128,1,"[0.5859, 0.4249]","[None, None]",2018
False,False,64,1e-05,1e-05,0,"(0.6, 0.1, 0.3)",64,20,4,0,1,3.19,64,0,[0.5618],[None],2019
False,False,64,1e-05,1e-05,100,"(0.6, 0.1, 0.3)",64,20,4,0,1,3.27,64,0,[0.6717],[None],2000
False,False,64,1e-05,1e-05,100,"(0.6, 0.1, 0.3)",64,20,4,0,1,3.33,64,0,[0.667],[None],2001
False,False,64,1e-05,1e-05,100,"(0.6, 0.1, 0.3)",64,20,4,0,1,3.36,64,1,[0.6109],[None],2002
False,False,64,1e-05,1e-05,100,"(0.6, 0.1, 0.3)",64,20,4,0,2,6.75,128,1,"[0.6247, 0.566]","[None, None]",2003
False,False,64,1e-05,1e-05,100,"(0.6, 0.1, 0.3)",64,20,4,0,1,3.19,64,0,[0.7093],[None],2004
False,False,64,1e-05,1e-05,100,"(0.6, 0.1, 0.3)",64,20,4,0,1,3.19,64,0,[0.5795],[None],2005
False,False,64,1e-05,1e-05,100,"(0.6, 0.1, 0.3)",64,20,4,0,1,3.19,64,0,[0.6447],[None],2006
False,False,64,1e-05,1e-05,100,"(0.6, 0.1, 0.3)",64,20,4,0,1,3.19,64,0,[0.6641],[None],2007
False,False,64,1e-05,1e-05,100,"(0.6, 0.1, 0.3)",64,20,4,0,1,3.21,64,1,[0.5354],[None],2008
False,False,64,1e-05,1e-05,100,"(0.6, 0.1, 0.3)",64,20,4,0,1,3.2,64,0,[0.6007],[None],2009
False,False,64,1e-05,1e-05,100,"(0.6, 0.1, 0.3)",64,20,4,0,1,3.24,64,0,[0.6203],[None],2010
False,False,64,1e-05,1e-05,100,"(0.6, 0.1, 0.3)",64,20,4,0,1,3.33,64,1,[0.6386],[None],2011
False,False,64,1e-05,1e-05,100,"(0.6, 0.1, 0.3)",64,20,4,0,2,6.76,128,1,"[0.664, 0.5546]","[None, None]",2012
False,False,64,1e-05,1e-05,100,"(0.6, 0.1, 0.3)",64,20,4,0,2,6.6,128,1,"[0.6219, 0.423]","[None, None]",2013
False,False,64,1e-05,1e-05,100,"(0.6, 0.1, 0.3)",64,20,4,0,1,3.19,64,0,[0.6871],[None],2014
False,False,64,1e-05,1e-05,100,"(0.6, 0.1, 0.3)",64,20,4,0,2,6.59,128,0,"[0.5352, 0.4115]","[None, None]",2015
False,False,64,1e-05,1e-05,100,"(0.6, 0.1, 0.3)",64,20,4,0,1,3.19,64,0,[0.5791],[None],2016
False,False,64,1e-05,1e-05,100,"(0.6, 0.1, 0.3)",64,20,4,0,1,3.19,64,0,[0.7361],[None],2017
False,False,64,1e-05,1e-05,100,"(0.6, 0.1, 0.3)",64,20,4,0,2,6.6,128,1,"[0.6181, 0.5018]","[None, None]",2018
False,False,64,1e-05,1e-05,100,"(0.6, 0.1, 0.3)",64,20,4,0,1,3.26,64,0,[0.6024],[None],2019
False,False,64,1e-05,1e-05,200,"(0.6, 0.1, 0.3)",64,20,4,0,1,3.19,64,0,[0.6877],[None],2000
False,False,64,1e-05,1e-05,200,"(0.6, 0.1, 0.3)",64,20,4,0,1,3.19,64,0,[0.6692],[None],2001
False,False,64,1e-05,1e-05,200,"(0.6, 0.1, 0.3)",64,20,4,0,1,3.19,64,1,[0.6337],[None],2002
False,False,64,1e-05,1e-05,200,"(0.6, 0.1, 0.3)",64,20,4,0,2,6.6,128,1,"[0.6416, 0.5701]","[None, None]",2003
False,False,64,1e-05,1e-05,200,"(0.6, 0.1, 0.3)",64,20,4,0,1,3.19,64,0,[0.725],[None],2004
False,False,64,1e-05,1e-05,200,"(0.6, 0.1, 0.3)",64,20,4,0,1,3.19,64,0,[0.6079],[None],2005
False,False,64,1e-05,1e-05,200,"(0.6, 0.1, 0.3)",64,20,4,0,1,3.19,64,0,[0.6632],[None],2006
False,False,64,1e-05,1e-05,200,"(0.6, 0.1, 0.3)",64,20,4,0,1,3.19,64,0,[0.6755],[None],2007
False,False,64,1e-05,1e-05,200,"(0.6, 0.1, 0.3)",64,20,4,0,1,3.19,64,1,[0.5511],[None],2008
False,False,64,1e-05,1e-05,200,"(0.6, 0.1, 0.3)",64,20,4,0,1,3.18,64,0,[0.6332],[None],2009
False,False,64,1e-05,1e-05,200,"(0.6, 0.1, 0.3)",64,20,4,0,1,3.19,64,0,[0.6518],[None],2010
False,False,64,1e-05,1e-05,200,"(0.6, 0.1, 0.3)",64,20,4,0,1,3.19,64,1,[0.6559],[None],2011
False,False,64,1e-05,1e-05,200,"(0.6, 0.1, 0.3)",64,20,4,0,2,6.62,128,1,"[0.669, 0.6245]","[None, None]",2012
False,False,64,1e-05,1e-05,200,"(0.6, 0.1, 0.3)",64,20,4,0,2,6.6,128,1,"[0.6486, 0.4752]","[None, None]",2013
False,False,64,1e-05,1e-05,200,"(0.6, 0.1, 0.3)",64,20,4,0,1,3.22,64,0,[0.6988],[None],2014
False,False,64,1e-05,1e-05,200,"(0.6, 0.1, 0.3)",64,20,4,0,2,6.6,128,0,"[0.575, 0.4512]","[None, None]",2015
False,False,64,1e-05,1e-05,200,"(0.6, 0.1, 0.3)",64,20,4,0,1,3.19,64,0,[0.5965],[None],2016
False,False,64,1e-05,1e-05,200,"(0.6, 0.1, 0.3)",64,20,4,0,1,3.19,64,0,[0.7447],[None],2017
False,False,64,1e-05,1e-05,200,"(0.6, 0.1, 0.3)",64,20,4,0,2,6.62,128,1,"[0.6344, 0.5649]","[None, None]",2018
False,False,64,1e-05,1e-05,200,"(0.6, 0.1, 0.3)",64,20,4,0,1,3.19,64,0,[0.6239],[None],2019
True,False,64,1e-05,0.0001,0,"(0.6, 0.1, 0.3)",64,20,4,0,2,6.69,128,0,"[0.741, 0.6425]","[None, None]",2000
True,False,64,1e-05,0.0001,0,"(0.6, 0.1, 0.3)",64,20,4,0,2,6.61,128,0,"[0.7162, 0.6482]","[None, None]",2001
True,False,64,1e-05,0.0001,0,"(0.6, 0.1, 0.3)",64,20,4,0,1,3.25,64,0,[0.75],[None],2002
True,False,64,1e-05,0.0001,0,"(0.6, 0.1, 0.3)",64,20,4,0,6,22.09,384,0,"[0.7361, 0.5941, 0.491, 0.4151, 0.4728, 0.4012]","[None, None, None, None, None, None]",2003
True,False,64,1e-05,0.0001,0,"(0.6, 0.1, 0.3)",64,20,4,0,2,6.59,128,0,"[0.8005, 0.7104]","[None, None]",2004
True,False,64,1e-05,0.0001,0,"(0.6, 0.1, 0.3)",64,20,4,0,3,10.17,192,0,"[0.7487, 0.5812, 0.498]","[None, None, None]",2005
True,False,64,1e-05,0.0001,0,"(0.6, 0.1, 0.3)",64,20,4,0,1,3.19,64,0,[0.7204],[None],2006
True,False,64,1e-05,0.0001,0,"(0.6, 0.1, 0.3)",64,20,4,0,2,6.59,128,0,"[0.6931, 0.5825]","[None, None]",2007
True,False,64,1e-05,0.0001,0,"(0.6, 0.1, 0.3)",64,20,4,0,1,3.19,64,0,[0.6657],[None],2008
True,False,64,1e-05,0.0001,0,"(0.6, 0.1, 0.3)",64,20,4,0,2,6.65,128,0,"[0.7364, 0.626]","[None, None]",2009
True,False,64,1e-05,0.0001,0,"(0.6, 0.1, 0.3)",64,20,4,0,1,3.22,64,0,[0.739],[None],2010
True,False,64,1e-05,0.0001,0,"(0.6, 0.1, 0.3)",64,20,4,0,1,3.2,64,0,[0.7538],[None],2011
True,False,64,1e-05,0.0001,0,"(0.6, 0.1, 0.3)",64,20,4,0,3,10.48,192,0,"[0.7135, 0.6008, 0.4657]","[None, None, None]",2012
True,False,64,1e-05,0.0001,0,"(0.6, 0.1, 0.3)",64,20,4,0,3,10.57,192,0,"[0.7756, 0.6317, 0.5087]","[None, None, None]",2013
True,False,64,1e-05,0.0001,0,"(0.6, 0.1, 0.3)",64,20,4,0,4,14.45,256,0,"[0.7644, 0.6667, 0.5859, 0.4974]","[None, None, None, None]",2014
True,False,64,1e-05,0.0001,0,"(0.6, 0.1, 0.3)",64,20,4,0,3,10.56,192,0,"[0.7062, 0.5684, 0.4742]","[None, None, None]",2015
True,False,64,1e-05,0.0001,0,"(0.6, 0.1, 0.3)",64,20,4,0,2,6.87,128,0,"[0.7303, 0.5113]","[None, None]",2016
True,False,64,1e-05,0.0001,0,"(0.6, 0.1, 0.3)",64,20,4,0,1,3.33,64,0,[0.7559],[None],2017
True,False,64,1e-05,0.0001,0,"(0.6, 0.1, 0.3)",64,20,4,0,2,6.86,128,0,"[0.6777, 0.5851]","[None, None]",2018
True,False,64,1e-05,0.0001,0,"(0.6, 0.1, 0.3)",64,20,4,0,2,6.71,128,0,"[0.731, 0.6812]","[None, None]",2019
True,False,64,1e-05,0.0001,100,"(0.6, 0.1, 0.3)",64,20,4,0,3,10.23,192,1,"[0.755, 0.666, 0.6187]","[None, None, None]",2000
True,False,64,1e-05,0.0001,100,"(0.6, 0.1, 0.3)",64,20,4,0,2,6.62,128,0,"[0.6963, 0.585]","[None, None]",2001
True,False,64,1e-05,0.0001,100,"(0.6, 0.1, 0.3)",64,20,4,0,1,3.2,64,0,[0.7447],[None],2002
True,False,64,1e-05,0.0001,100,"(0.6, 0.1, 0.3)",64,20,4,0,8,31.4,512,0,"[0.738, 0.637, 0.5232, 0.468, 0.3824, 0.3581, 0.3873, 0.3658]","[None, None, None, None, None, None, None, None]",2003
True,False,64,1e-05,0.0001,100,"(0.6, 0.1, 0.3)",64,20,4,0,2,6.89,128,0,"[0.8028, 0.7324]","[None, None]",2004
True,False,64,1e-05,0.0001,100,"(0.6, 0.1, 0.3)",64,20,4,0,1,3.33,64,0,[0.7502],[None],2005
True,False,64,1e-05,0.0001,100,"(0.6, 0.1, 0.3)",64,20,4,0,3,10.23,192,0,"[0.726, 0.6468, 0.6147]","[None, None, None]",2006
True,False,64,1e-05,0.0001,100,"(0.6, 0.1, 0.3)",64,20,4,0,2,6.61,128,0,"[0.6967, 0.6653]","[None, None]",2007
True,False,64,1e-05,0.0001,100,"(0.6, 0.1, 0.3)",64,20,4,0,1,3.2,64,0,[0.6717],[None],2008
True,False,64,1e-05,0.0001,100,"(0.6, 0.1, 0.3)",64,20,4,0,2,6.62,128,0,"[0.7402, 0.6273]","[None, None]",2009
True,False,64,1e-05,0.0001,100,"(0.6, 0.1, 0.3)",64,20,4,0,2,6.64,128,0,"[0.74, 0.6914]","[None, None]",2010
True,False,64,1e-05,0.0001,100,"(0.6, 0.1, 0.3)",64,20,4,0,1,3.2,64,0,[0.7594],[None],2011
True,False,64,1e-05,0.0001,100,"(0.6, 0.1, 0.3)",64,20,4,0,3,10.21,192,0,"[0.7035, 0.6174, 0.5294]","[None, None, None]",2012
True,False,64,1e-05,0.0001,100,"(0.6, 0.1, 0.3)",64,20,4,0,4,14.34,256,0,"[0.7778, 0.6617, 0.5668, 0.458]","[None, None, None, None]",2013
True,False,64,1e-05,0.0001,100,"(0.6, 0.1, 0.3)",64,20,4,0,4,14.51,256,0,"[0.7645, 0.6785, 0.6007, 0.5297]","[None, None, None, None]",2014
True,False,64,1e-05,0.0001,100,"(0.6, 0.1, 0.3)",64,20,4,0,4,14.62,256,0,"[0.7168, 0.6121, 0.5466, 0.4888]","[None, None, None, None]",2015
True,False,64,1e-05,0.0001,100,"(0.6, 0.1, 0.3)",64,20,4,0,3,10.42,192,0,"[0.7353, 0.5904, 0.4997]","[None, None, None]",2016
True,False,64,1e-05,0.0001,100,"(0.6, 0.1, 0.3)",64,20,4,0,1,3.2,64,0,[0.7563],[None],2017
True,False,64,1e-05,0.0001,100,"(0.6, 0.1, 0.3)",64,20,4,0,3,10.17,192,0,"[0.688, 0.6026, 0.5601]","[None, None, None]",2018
True,False,64,1e-05,0.0001,100,"(0.6, 0.1, 0.3)",64,20,4,0,2,6.63,128,0,"[0.7336, 0.6903]","[None, None]",2019
True,False,64,1e-05,0.0001,200,"(0.6, 0.1, 0.3)",64,20,4,0,2,6.6,128,0,"[0.7547, 0.6884]","[None, None]",2000
True,False,64,1e-05,0.0001,200,"(0.6, 0.1, 0.3)",64,20,4,0,2,6.62,128,0,"[0.6873, 0.598]","[None, None]",2001
True,False,64,1e-05,0.0001,200,"(0.6, 0.1, 0.3)",64,20,4,0,1,3.33,64,0,[0.7482],[None],2002
True,False,64,1e-05,0.0001,200,"(0.6, 0.1, 0.3)",64,20,4,0,6,22.99,384,0,"[0.7297, 0.6066, 0.5364, 0.5077, 0.4525, 0.4233]","[None, None, None, None, None, None]",2003
True,False,64,1e-05,0.0001,200,"(0.6, 0.1, 0.3)",64,20,4,0,2,6.75,128,0,"[0.7937, 0.7135]","[None, None]",2004
True,False,64,1e-05,0.0001,200,"(0.6, 0.1, 0.3)",64,20,4,0,1,3.2,64,0,[0.7381],[None],2005
True,False,64,1e-05,0.0001,200,"(0.6, 0.1, 0.3)",64,20,4,0,1,3.19,64,0,[0.7353],[None],2006
True,False,64,1e-05,0.0001,200,"(0.6, 0.1, 0.3)",64,20,4,0,4,13.99,256,0,"[0.6971, 0.6701, 0.6106, 0.5814]","[None, None, None, None]",2007
True,False,64,1e-05,0.0001,200,"(0.6, 0.1, 0.3)",64,20,4,0,1,3.2,64,0,[0.6914],[None],2008
True,False,64,1e-05,0.0001,200,"(0.6, 0.1, 0.3)",64,20,4,0,2,6.59,128,0,"[0.7225, 0.6485]","[None, None]",2009
True,False,64,1e-05,0.0001,200,"(0.6, 0.1, 0.3)",64,20,4,0,2,6.6,128,0,"[0.7334, 0.6924]","[None, None]",2010
True,False,64,1e-05,0.0001,200,"(0.6, 0.1, 0.3)",64,20,4,0,1,3.19,64,0,[0.7612],[None],2011
True,False,64,1e-05,0.0001,200,"(0.6, 0.1, 0.3)",64,20,4,0,3,10.3,192,1,"[0.6951, 0.6071, 0.5567]","[None, None, None]",2012
True,False,64,1e-05,0.0001,200,"(0.6, 0.1, 0.3)",64,20,4,0,2,6.6,128,0,"[0.7694, 0.6565]","[None, None]",2013
True,False,64,1e-05,0.0001,200,"(0.6, 0.1, 0.3)",64,20,4,0,3,10.23,192,0,"[0.7489, 0.6702, 0.5931]","[None, None, None]",2014
True,False,64,1e-05,0.0001,200,"(0.6, 0.1, 0.3)",64,20,4,0,5,18.5,320,0,"[0.716, 0.6199, 0.5767, 0.4803, 0.4887]","[None, None, None, None, None]",2015
True,False,64,1e-05,0.0001,200,"(0.6, 0.1, 0.3)",64,20,4,0,1,3.22,64,0,[0.7469],[None],2016
True,False,64,1e-05,0.0001,200,"(0.6, 0.1, 0.3)",64,20,4,0,1,3.19,64,0,[0.7474],[None],2017
True,False,64,1e-05,0.0001,200,"(0.6, 0.1, 0.3)",64,20,4,0,2,6.65,128,0,"[0.674, 0.6363]","[None, None]",2018
True,False,64,1e-05,0.0001,200,"(0.6, 0.1, 0.3)",64,20,4,0,2,6.88,128,0,"[0.7366, 0.7104]","[None, None]",2019
True,False,64,1e-05,1e-05,0,"(0.6, 0.1, 0.3)",64,20,4,0,2,6.88,128,0,"[-0.3102, 0.0293]","[None, None]",2000
True,False,64,1e-05,1e-05,0,"(0.6, 0.1, 0.3)",64,20,4,0,1,3.32,64,0,[0.3728],[None],2001
True,False,64,1e-05,1e-05,0,"(0.6, 0.1, 0.3)",64,20,4,0,1,3.32,64,0,[0.3376],[None],2002
True,False,64,1e-05,1e-05,0,"(0.6, 0.1, 0.3)",64,20,4,0,3,10.57,192,0,"[0.1971, 0.1296, 0.0816]","[None, None, None]",2003
True,False,64,1e-05,1e-05,0,"(0.6, 0.1, 0.3)",64,20,4,0,2,6.87,128,0,"[0.3334, 0.1052]","[None, None]",2004
True,False,64,1e-05,1e-05,0,"(0.6, 0.1, 0.3)",64,20,4,0,2,6.87,128,0,"[0.35, 0.1702]","[None, None]",2005
True,False,64,1e-05,1e-05,0,"(0.6, 0.1, 0.3)",64,20,4,0,2,6.94,128,0,"[0.332, -0.0712]","[None, None]",2006
True,False,64,1e-05,1e-05,0,"(0.6, 0.1, 0.3)",64,20,4,0,4,14.18,256,0,"[0.3666, -0.1299, -0.0349, -0.0526]","[None, None, None, None]",2007
True,False,64,1e-05,1e-05,0,"(0.6, 0.1, 0.3)",64,20,4,0,1,3.19,64,0,[-0.6147],[None],2008
True,False,64,1e-05,1e-05,0,"(0.6, 0.1, 0.3)",64,20,4,0,2,6.59,128,0,"[0.0812, -0.2111]","[None, None]",2009
True,False,64,1e-05,1e-05,0,"(0.6, 0.1, 0.3)",64,20,4,0,1,3.19,64,0,[0.0152],[None],2010
True,False,64,1e-05,1e-05,0,"(0.6, 0.1, 0.3)",64,20,4,0,1,3.19,64,0,[0.197],[None],2011
True,False,64,1e-05,1e-05,0,"(0.6, 0.1, 0.3)",64,20,4,0,2,6.6,128,0,"[0.4379, -0.2859]","[None, None]",2012
True,False,64,1e-05,1e-05,0,"(0.6, 0.1, 0.3)",64,20,4,0,2,6.6,128,0,"[0.2382, -0.0041]","[None, None]",2013
True,False,64,1e-05,1e-05,0,"(0.6, 0.1, 0.3)",64,20,4,0,3,10.19,192,0,"[0.3787, -0.031, 0.0338]","[None, None, None]",2014
True,False,64,1e-05,1e-05,0,"(0.6, 0.1, 0.3)",64,20,4,0,7,27.28,448,0,"[-0.9694, -0.2026, -0.1122, -0.0634, -0.071, -0.0367, 0.0255]","[None, None, None, None, None, None, None]",2015
True,False,64,1e-05,1e-05,0,"(0.6, 0.1, 0.3)",64,20,4,0,1,3.32,64,0,[-0.1152],[None],2016
True,False,64,1e-05,1e-05,0,"(0.6, 0.1, 0.3)",64,20,4,0,2,6.88,128,0,"[0.3572, -0.4842]","[None, None]",2017
True,False,64,1e-05,1e-05,0,"(0.6, 0.1, 0.3)",64,20,4,0,2,6.88,128,0,"[0.4051, 0.2246]","[None, None]",2018
True,False,64,1e-05,1e-05,0,"(0.6, 0.1, 0.3)",64,20,4,0,1,3.32,64,0,[-0.2179],[None],2019
True,False,64,1e-05,1e-05,100,"(0.6, 0.1, 0.3)",64,20,4,0,2,6.88,128,0,"[0.3097, 0.2991]","[None, None]",2000
True,False,64,1e-05,1e-05,100,"(0.6, 0.1, 0.3)",64,20,4,0,1,3.34,64,0,[0.5205],[None],2001
True,False,64,1e-05,1e-05,100,"(0.6, 0.1, 0.3)",64,20,4,0,1,3.32,64,0,[0.5027],[None],2002
True,False,64,1e-05,1e-05,100,"(0.6, 0.1, 0.3)",64,20,4,0,3,10.45,192,0,"[0.4139, 0.2647, 0.1859]","[None, None, None]",2003
True,False,64,1e-05,1e-05,100,"(0.6, 0.1, 0.3)",64,20,4,0,2,6.6,128,0,"[0.5743, 0.3462]","[None, None]",2004
True,False,64,1e-05,1e-05,100,"(0.6, 0.1, 0.3)",64,20,4,0,2,6.6,128,0,"[0.4882, 0.2563]","[None, None]",2005
True,False,64,1e-05,1e-05,100,"(0.6, 0.1, 0.3)",64,20,4,0,2,6.6,128,0,"[0.5307, 0.3519]","[None, None]",2006
True,False,64,1e-05,1e-05,100,"(0.6, 0.1, 0.3)",64,20,4,0,4,14.02,256,0,"[0.471, 0.1288, 0.1698, 0.1331]","[None, None, None, None]",2007
True,False,64,1e-05,1e-05,100,"(0.6, 0.1, 0.3)",64,20,4,0,1,3.19,64,0,[0.3458],[None],2008
True,False,64,1e-05,1e-05,100,"(0.6, 0.1, 0.3)",64,20,4,0,2,6.6,128,0,"[0.4731, 0.3147]","[None, None]",2009
True,False,64,1e-05,1e-05,100,"(0.6, 0.1, 0.3)",64,20,4,0,1,3.19,64,0,[0.4127],[None],2010
True,False,64,1e-05,1e-05,100,"(0.6, 0.1, 0.3)",64,20,4,0,1,3.2,64,0,[0.4836],[None],2011
True,False,64,1e-05,1e-05,100,"(0.6, 0.1, 0.3)",64,20,4,0,3,10.19,192,1,"[0.5483, 0.2075, 0.1746]","[None, None, None]",2012
True,False,64,1e-05,1e-05,100,"(0.6, 0.1, 0.3)",64,20,4,0,2,6.6,128,0,"[0.438, 0.1485]","[None, None]",2013
True,False,64,1e-05,1e-05,100,"(0.6, 0.1, 0.3)",64,20,4,0,3,10.18,192,0,"[0.5309, 0.2308, 0.2104]","[None, None, None]",2014
True,False,64,1e-05,1e-05,100,"(0.6, 0.1, 0.3)",64,20,4,0,8,31.12,512,0,"[0.1171, 0.0926, 0.137, 0.068, 0.0341, 0.0156, 0.0821, 0.1259]","[None, None, None, None, None, None, None, None]",2015
True,False,64,1e-05,1e-05,100,"(0.6, 0.1, 0.3)",64,20,4,0,1,3.2,64,0,[0.3318],[None],2016
True,False,64,1e-05,1e-05,100,"(0.6, 0.1, 0.3)",64,20,4,0,2,6.61,128,0,"[0.5831, 0.1587]","[None, None]",2017
True,False,64,1e-05,1e-05,100,"(0.6, 0.1, 0.3)",64,20,4,0,2,6.67,128,0,"[0.4669, 0.3801]","[None, None]",2018
True,False,64,1e-05,1e-05,100,"(0.6, 0.1, 0.3)",64,20,4,0,1,3.2,64,0,[0.3636],[None],2019
True,False,64,1e-05,1e-05,200,"(0.6, 0.1, 0.3)",64,20,4,0,3,10.18,192,0,"[0.533, 0.4658, 0.343]","[None, None, None]",2000
True,False,64,1e-05,1e-05,200,"(0.6, 0.1, 0.3)",64,20,4,0,1,3.19,64,0,[0.5332],[None],2001
True,False,64,1e-05,1e-05,200,"(0.6, 0.1, 0.3)",64,20,4,0,1,3.2,64,0,[0.5806],[None],2002
True,False,64,1e-05,1e-05,200,"(0.6, 0.1, 0.3)",64,20,4,0,3,10.46,192,0,"[0.4943, 0.396, 0.2587]","[None, None, None]",2003
True,False,64,1e-05,1e-05,200,"(0.6, 0.1, 0.3)",64,20,4,0,3,10.57,192,0,"[0.629, 0.4926, 0.3353]","[None, None, None]",2004
True,False,64,1e-05,1e-05,200,"(0.6, 0.1, 0.3)",64,20,4,0,1,3.29,64,0,[0.5314],[None],2005
True,False,64,1e-05,1e-05,200,"(0.6, 0.1, 0.3)",64,20,4,0,2,6.81,128,0,"[0.5807, 0.495]","[None, None]",2006
True,False,64,1e-05,1e-05,200,"(0.6, 0.1, 0.3)",64,20,4,0,4,14.25,256,0,"[0.5076, 0.3406, 0.2902, 0.2441]","[None, None, None, None]",2007
True,False,64,1e-05,1e-05,200,"(0.6, 0.1, 0.3)",64,20,4,0,1,3.21,64,0,[0.4758],[None],2008
True,False,64,1e-05,1e-05,200,"(0.6, 0.1, 0.3)",64,20,4,0,2,6.62,128,0,"[0.5515, 0.4647]","[None, None]",2009
True,False,64,1e-05,1e-05,200,"(0.6, 0.1, 0.3)",64,20,4,0,1,3.2,64,0,[0.5381],[None],2010
True,False,64,1e-05,1e-05,200,"(0.6, 0.1, 0.3)",64,20,4,0,1,3.2,64,0,[0.574],[None],2011
True,False,64,1e-05,1e-05,200,"(0.6, 0.1, 0.3)",64,20,4,0,2,6.62,128,0,"[0.5567, 0.4029]","[None, None]",2012
True,False,64,1e-05,1e-05,200,"(0.6, 0.1, 0.3)",64,20,4,0,3,10.2,192,0,"[0.5096, 0.353, 0.3221]","[None, None, None]",2013
True,False,64,1e-05,1e-05,200,"(0.6, 0.1, 0.3)",64,20,4,0,3,10.27,192,0,"[0.5657, 0.4184, 0.3014]","[None, None, None]",2014
True,False,64,1e-05,1e-05,200,"(0.6, 0.1, 0.3)",64,20,4,0,6,22.43,384,0,"[0.4318, 0.2855, 0.261, 0.2201, 0.1756, 0.1929]","[None, None, None, None, None, None]",2015
True,False,64,1e-05,1e-05,200,"(0.6, 0.1, 0.3)",64,20,4,0,1,3.23,64,0,[0.4916],[None],2016
True,False,64,1e-05,1e-05,200,"(0.6, 0.1, 0.3)",64,20,4,0,2,6.62,128,0,"[0.6159, 0.4817]","[None, None]",2017
True,False,64,1e-05,1e-05,200,"(0.6, 0.1, 0.3)",64,20,4,0,2,6.62,128,0,"[0.4753, 0.4678]","[None, None]",2018
True,False,64,1e-05,1e-05,200,"(0.6, 0.1, 0.3)",64,20,4,0,1,3.2,64,0,[0.5579],[None],2019
False,True,64,1e-05,0.0001,0,"(0.6, 0.1, 0.3)",64,20,4,0,1,2.63,64,0,[0.7021],[None],2000
False,True,64,1e-05,0.0001,0,"(0.6, 0.1, 0.3)",64,20,4,0,1,2.62,64,0,[0.5539],[None],2001
False,True,64,1e-05,0.0001,0,"(0.6, 0.1, 0.3)",64,20,4,0,1,2.62,64,1,[0.6849],[None],2002
False,True,64,1e-05,0.0001,0,"(0.6, 0.1, 0.3)",64,20,4,0,2,5.47,128,0,"[0.6229, 0.6663]","[None, None]",2003
False,True,64,1e-05,0.0001,0,"(0.6, 0.1, 0.3)",64,20,4,0,1,2.63,64,0,[0.6978],[None],2004
False,True,64,1e-05,0.0001,0,"(0.6, 0.1, 0.3)",64,20,4,0,2,5.47,128,0,"[0.6196, 0.6221]","[None, None]",2005
False,True,64,1e-05,0.0001,0,"(0.6, 0.1, 0.3)",64,20,4,0,1,2.63,64,0,[0.6396],[None],2006
False,True,64,1e-05,0.0001,0,"(0.6, 0.1, 0.3)",64,20,4,0,5,15.15,320,0,"[0.6024, 0.6303, 0.5858, 0.4732, 0.5119]","[None, None, None, None, None]",2007
False,True,64,1e-05,0.0001,0,"(0.6, 0.1, 0.3)",64,20,4,0,1,2.63,64,1,[0.4358],[None],2008
False,True,64,1e-05,0.0001,0,"(0.6, 0.1, 0.3)",64,20,4,0,1,2.63,64,0,[0.6266],[None],2009
False,True,64,1e-05,0.0001,0,"(0.6, 0.1, 0.3)",64,20,4,0,1,2.63,64,0,[0.6573],[None],2010
False,True,64,1e-05,0.0001,0,"(0.6, 0.1, 0.3)",64,20,4,0,1,2.63,64,0,[0.6197],[None],2011
False,True,64,1e-05,0.0001,0,"(0.6, 0.1, 0.3)",64,20,4,0,1,2.63,64,0,[0.5603],[None],2012
False,True,64,1e-05,0.0001,0,"(0.6, 0.1, 0.3)",64,20,4,0,2,5.47,128,0,"[0.6696, 0.6332]","[None, None]",2013
False,True,64,1e-05,0.0001,0,"(0.6, 0.1, 0.3)",64,20,4,0,3,8.54,192,0,"[0.6731, 0.5283, 0.409]","[None, None, None]",2014
False,True,64,1e-05,0.0001,0,"(0.6, 0.1, 0.3)",64,20,4,0,2,5.47,128,0,"[0.6476, 0.6057]","[None, None]",2015
False,True,64,1e-05,0.0001,0,"(0.6, 0.1, 0.3)",64,20,4,0,2,5.47,128,1,"[0.5701, 0.5576]","[None, None]",2016
False,True,64,1e-05,0.0001,0,"(0.6, 0.1, 0.3)",64,20,4,0,1,2.63,64,0,[0.6794],[None],2017
False,True,64,1e-05,0.0001,0,"(0.6, 0.1, 0.3)",64,20,4,0,2,5.47,128,0,"[0.5737, 0.5683]","[None, None]",2018
False,True,64,1e-05,0.0001,0,"(0.6, 0.1, 0.3)",64,20,4,0,1,2.67,64,0,[0.5979],[None],2019
False,True,64,1e-05,0.0001,100,"(0.6, 0.1, 0.3)",64,20,4,0,1,2.71,64,0,[0.7001],[None],2000
False,True,64,1e-05,0.0001,100,"(0.6, 0.1, 0.3)",64,20,4,0,1,2.69,64,0,[0.5547],[None],2001
False,True,64,1e-05,0.0001,100,"(0.6, 0.1, 0.3)",64,20,4,0,1,2.8,64,1,[0.6803],[None],2002
False,True,64,1e-05,0.0001,100,"(0.6, 0.1, 0.3)",64,20,4,0,2,5.74,128,1,"[0.6229, 0.6837]","[None, None]",2003
False,True,64,1e-05,0.0001,100,"(0.6, 0.1, 0.3)",64,20,4,0,1,2.77,64,0,[0.6977],[None],2004
False,True,64,1e-05,0.0001,100,"(0.6, 0.1, 0.3)",64,20,4,0,1,2.76,64,0,[0.6199],[None],2005
False,True,64,1e-05,0.0001,100,"(0.6, 0.1, 0.3)",64,20,4,0,1,2.62,64,0,[0.6391],[None],2006
False,True,64,1e-05,0.0001,100,"(0.6, 0.1, 0.3)",64,20,4,0,5,15.2,320,0,"[0.602, 0.6633, 0.6382, 0.6132, 0.6437]","[None, None, None, None, None]",2007
False,True,64,1e-05,0.0001,100,"(0.6, 0.1, 0.3)",64,20,4,0,1,2.63,64,1,[0.4681],[None],2008
False,True,64,1e-05,0.0001,100,"(0.6, 0.1, 0.3)",64,20,4,0,1,2.63,64,0,[0.6305],[None],2009
False,True,64,1e-05,0.0001,100,"(0.6, 0.1, 0.3)",64,20,4,0,1,2.63,64,0,[0.6555],[None],2010
False,True,64,1e-05,0.0001,100,"(0.6, 0.1, 0.3)",64,20,4,0,1,2.63,64,0,[0.6097],[None],2011
False,True,64,1e-05,0.0001,100,"(0.6, 0.1, 0.3)",64,20,4,0,1,2.63,64,0,[0.5746],[None],2012
False,True,64,1e-05,0.0001,100,"(0.6, 0.1, 0.3)",64,20,4,0,2,5.48,128,0,"[0.6709, 0.6768]","[None, None]",2013
False,True,64,1e-05,0.0001,100,"(0.6, 0.1, 0.3)",64,20,4,0,1,2.68,64,0,[0.677],[None],2014
False,True,64,1e-05,0.0001,100,"(0.6, 0.1, 0.3)",64,20,4,0,1,2.63,64,0,[0.6495],[None],2015
False,True,64,1e-05,0.0001,100,"(0.6, 0.1, 0.3)",64,20,4,0,3,8.64,192,0,"[0.5898, 0.4888, 0.4607]","[None, None, None]",2016
False,True,64,1e-05,0.0001,100,"(0.6, 0.1, 0.3)",64,20,4,0,1,2.75,64,0,[0.6779],[None],2017
False,True,64,1e-05,0.0001,100,"(0.6, 0.1, 0.3)",64,20,4,0,2,5.62,128,0,"[0.5778, 0.5746]","[None, None]",2018
False,True,64,1e-05,0.0001,100,"(0.6, 0.1, 0.3)",64,20,4,0,1,2.63,64,0,[0.6005],[None],2019
False,True,64,1e-05,0.0001,200,"(0.6, 0.1, 0.3)",64,20,4,0,1,2.62,64,0,[0.6931],[None],2000
False,True,64,1e-05,0.0001,200,"(0.6, 0.1, 0.3)",64,20,4,0,1,2.62,64,0,[0.5535],[None],2001
False,True,64,1e-05,0.0001,200,"(0.6, 0.1, 0.3)",64,20,4,0,1,2.62,64,1,[0.6738],[None],2002
False,True,64,1e-05,0.0001,200,"(0.6, 0.1, 0.3)",64,20,4,0,2,5.52,128,1,"[0.6235, 0.666]","[None, None]",2003
False,True,64,1e-05,0.0001,200,"(0.6, 0.1, 0.3)",64,20,4,0,1,2.69,64,0,[0.6936],[None],2004
False,True,64,1e-05,0.0001,200,"(0.6, 0.1, 0.3)",64,20,4,0,1,2.62,64,0,[0.6077],[None],2005
False,True,64,1e-05,0.0001,200,"(0.6, 0.1, 0.3)",64,20,4,0,1,2.62,64,0,[0.6419],[None],2006
False,True,64,1e-05,0.0001,200,"(0.6, 0.1, 0.3)",64,20,4,0,6,18.76,384,1,"[0.5994, 0.6941, 0.689, 0.6601, 0.6748, 0.6319]","[None, None, None, None, None, None]",2007
False,True,64,1e-05,0.0001,200,"(0.6, 0.1, 0.3)",64,20,4,0,1,2.62,64,1,[0.4839],[None],2008
False,True,64,1e-05,0.0001,200,"(0.6, 0.1, 0.3)",64,20,4,0,1,2.62,64,0,[0.6275],[None],2009
False,True,64,1e-05,0.0001,200,"(0.6, 0.1, 0.3)",64,20,4,0,1,2.62,64,0,[0.6409],[None],2010
False,True,64,1e-05,0.0001,200,"(0.6, 0.1, 0.3)",64,20,4,0,1,2.62,64,0,[0.6052],[None],2011
False,True,64,1e-05,0.0001,200,"(0.6, 0.1, 0.3)",64,20,4,0,1,2.62,64,0,[0.5818],[None],2012
False,True,64,1e-05,0.0001,200,"(0.6, 0.1, 0.3)",64,20,4,0,2,5.55,128,0,"[0.6701, 0.6894]","[None, None]",2013
False,True,64,1e-05,0.0001,200,"(0.6, 0.1, 0.3)",64,20,4,0,1,2.75,64,0,[0.6771],[None],2014
False,True,64,1e-05,0.0001,200,"(0.6, 0.1, 0.3)",64,20,4,0,1,2.76,64,0,[0.6448],[None],2015
False,True,64,1e-05,0.0001,200,"(0.6, 0.1, 0.3)",64,20,4,0,3,8.86,192,0,"[0.5914, 0.503, 0.4341]","[None, None, None]",2016
False,True,64,1e-05,0.0001,200,"(0.6, 0.1, 0.3)",64,20,4,0,1,2.76,64,0,[0.6798],[None],2017
False,True,64,1e-05,0.0001,200,"(0.6, 0.1, 0.3)",64,20,4,0,2,5.5,128,0,"[0.5713, 0.586]","[None, None]",2018
False,True,64,1e-05,0.0001,200,"(0.6, 0.1, 0.3)",64,20,4,0,1,2.75,64,0,[0.5891],[None],2019
False,True,64,1e-05,1e-05,0,"(0.6, 0.1, 0.3)",64,20,4,0,2,5.72,128,0,"[-9.3264, -9.1023]","[None, None]",2000
False,True,64,1e-05,1e-05,0,"(0.6, 0.1, 0.3)",64,20,4,0,2,5.78,128,0,"[-9.1152, -8.9481]","[None, None]",2001
False,True,64,1e-05,1e-05,0,"(0.6, 0.1, 0.3)",64,20,4,0,1,2.75,64,1,[-9.1198],[None],2002
False,True,64,1e-05,1e-05,0,"(0.6, 0.1, 0.3)",64,20,4,0,2,5.72,128,0,"[-8.9666, -8.6821]","[None, None]",2003
False,True,64,1e-05,1e-05,0,"(0.6, 0.1, 0.3)",64,20,4,0,1,2.76,64,0,[-9.1866],[None],2004
False,True,64,1e-05,1e-05,0,"(0.6, 0.1, 0.3)",64,20,4,0,1,2.75,64,0,[-9.1616],[None],2005
False,True,64,1e-05,1e-05,0,"(0.6, 0.1, 0.3)",64,20,4,0,2,5.74,128,0,"[-9.2827, -9.0987]","[None, None]",2006
False,True,64,1e-05,1e-05,0,"(0.6, 0.1, 0.3)",64,20,4,0,3,8.87,192,0,"[-9.1734, -9.1602, -9.0376]","[None, None, None]",2007
False,True,64,1e-05,1e-05,0,"(0.6, 0.1, 0.3)",64,20,4,0,1,2.75,64,1,[-9.4102],[None],2008
False,True,64,1e-05,1e-05,0,"(0.6, 0.1, 0.3)",64,20,4,0,2,5.71,128,0,"[-9.3206, -9.0911]","[None, None]",2009
False,True,64,1e-05,1e-05,0,"(0.6, 0.1, 0.3)",64,20,4,0,1,2.76,64,0,[-9.2817],[None],2010
False,True,64,1e-05,1e-05,0,"(0.6, 0.1, 0.3)",64,20,4,0,1,2.74,64,0,[-9.1193],[None],2011
False,True,64,1e-05,1e-05,0,"(0.6, 0.1, 0.3)",64,20,4,0,2,5.71,128,0,"[-9.3181, -9.2914]","[None, None]",2012
False,True,64,1e-05,1e-05,0,"(0.6, 0.1, 0.3)",64,20,4,0,3,8.86,192,0,"[-9.1604, -9.1917, -9.1653]","[None, None, None]",2013
False,True,64,1e-05,1e-05,0,"(0.6, 0.1, 0.3)",64,20,4,0,2,5.74,128,0,"[-9.2575, -8.7409]","[None, None]",2014
False,True,64,1e-05,1e-05,0,"(0.6, 0.1, 0.3)",64,20,4,0,2,5.74,128,0,"[-9.3721, -9.1167]","[None, None]",2015
False,True,64,1e-05,1e-05,0,"(0.6, 0.1, 0.3)",64,20,4,0,2,5.72,128,1,"[-9.2631, -8.8504]","[None, None]",2016
False,True,64,1e-05,1e-05,0,"(0.6, 0.1, 0.3)",64,20,4,0,2,5.72,128,0,"[-8.9992, -8.8918]","[None, None]",2017
False,True,64,1e-05,1e-05,0,"(0.6, 0.1, 0.3)",64,20,4,0,1,2.76,64,0,[-9.062],[None],2018
False,True,64,1e-05,1e-05,0,"(0.6, 0.1, 0.3)",64,20,4,0,1,2.75,64,0,[-9.0276],[None],2019
False,True,64,1e-05,1e-05,100,"(0.6, 0.1, 0.3)",64,20,4,0,2,5.73,128,0,"[-8.7808, -8.5118]","[None, None]",2000
False,True,64,1e-05,1e-05,100,"(0.6, 0.1, 0.3)",64,20,4,0,2,5.72,128,1,"[-8.4942, -8.4159]","[None, None]",2001
False,True,64,1e-05,1e-05,100,"(0.6, 0.1, 0.3)",64,20,4,0,1,2.76,64,1,[-8.5466],[None],2002
False,True,64,1e-05,1e-05,100,"(0.6, 0.1, 0.3)",64,20,4,0,2,5.71,128,0,"[-8.3595, -7.9598]","[None, None]",2003
False,True,64,1e-05,1e-05,100,"(0.6, 0.1, 0.3)",64,20,4,0,1,2.62,64,0,[-8.6331],[None],2004
False,True,64,1e-05,1e-05,100,"(0.6, 0.1, 0.3)",64,20,4,0,1,2.63,64,0,[-8.6025],[None],2005
False,True,64,1e-05,1e-05,100,"(0.6, 0.1, 0.3)",64,20,4,0,1,2.63,64,0,[-8.7206],[None],2006
False,True,64,1e-05,1e-05,100,"(0.6, 0.1, 0.3)",64,20,4,0,3,8.47,192,0,"[-8.5463, -8.4795, -8.5845]","[None, None, None]",2007
False,True,64,1e-05,1e-05,100,"(0.6, 0.1, 0.3)",64,20,4,0,1,2.67,64,1,[-8.9172],[None],2008
False,True,64,1e-05,1e-05,100,"(0.6, 0.1, 0.3)",64,20,4,0,2,5.46,128,0,"[-8.7348, -8.5684]","[None, None]",2009
False,True,64,1e-05,1e-05,100,"(0.6, 0.1, 0.3)",64,20,4,0,1,2.63,64,0,[-8.6954],[None],2010
False,True,64,1e-05,1e-05,100,"(0.6, 0.1, 0.3)",64,20,4,0,1,2.69,64,0,[-8.4732],[None],2011
False,True,64,1e-05,1e-05,100,"(0.6, 0.1, 0.3)",64,20,4,0,2,5.47,128,0,"[-8.6682, -8.7717]","[None, None]",2012
False,True,64,1e-05,1e-05,100,"(0.6, 0.1, 0.3)",64,20,4,0,2,5.51,128,0,"[-8.521, -8.6154]","[None, None]",2013
False,True,64,1e-05,1e-05,100,"(0.6, 0.1, 0.3)",64,20,4,0,2,5.46,128,0,"[-8.7031, -8.0404]","[None, None]",2014
False,True,64,1e-05,1e-05,100,"(0.6, 0.1, 0.3)",64,20,4,0,2,5.48,128,1,"[-8.7921, -8.4297]","[None, None]",2015
False,True,64,1e-05,1e-05,100,"(0.6, 0.1, 0.3)",64,20,4,0,1,2.64,64,0,[-8.6572],[None],2016
False,True,64,1e-05,1e-05,100,"(0.6, 0.1, 0.3)",64,20,4,0,2,5.51,128,0,"[-8.3655, -8.4306]","[None, None]",2017
False,True,64,1e-05,1e-05,100,"(0.6, 0.1, 0.3)",64,20,4,0,2,5.48,128,0,"[-8.5192, -8.9956]","[None, None]",2018
False,True,64,1e-05,1e-05,100,"(0.6, 0.1, 0.3)",64,20,4,0,1,2.63,64,0,[-8.4457],[None],2019
False,True,64,1e-05,1e-05,200,"(0.6, 0.1, 0.3)",64,20,4,0,2,5.48,128,0,"[-8.2819, -8.0906]","[None, None]",2000
False,True,64,1e-05,1e-05,200,"(0.6, 0.1, 0.3)",64,20,4,0,2,5.49,128,1,"[-7.951, -8.0645]","[None, None]",2001
False,True,64,1e-05,1e-05,200,"(0.6, 0.1, 0.3)",64,20,4,0,1,2.69,64,1,[-8.0233],[None],2002
False,True,64,1e-05,1e-05,200,"(0.6, 0.1, 0.3)",64,20,4,0,2,5.66,128,0,"[-7.8326, -7.5386]","[None, None]",2003
False,True,64,1e-05,1e-05,200,"(0.6, 0.1, 0.3)",64,20,4,0,1,2.76,64,0,[-8.0613],[None],2004
False,True,64,1e-05,1e-05,200,"(0.6, 0.1, 0.3)",64,20,4,0,1,2.76,64,0,[-8.0608],[None],2005
False,True,64,1e-05,1e-05,200,"(0.6, 0.1, 0.3)",64,20,4,0,1,2.76,64,0,[-8.2226],[None],2006
False,True,64,1e-05,1e-05,200,"(0.6, 0.1, 0.3)",64,20,4,0,4,12.21,256,0,"[-8.0379, -8.0906, -7.9907, -7.9714]","[None, None, None, None]",2007
False,True,64,1e-05,1e-05,200,"(0.6, 0.1, 0.3)",64,20,4,0,1,2.76,64,1,[-8.4002],[None],2008
False,True,64,1e-05,1e-05,200,"(0.6, 0.1, 0.3)",64,20,4,0,2,5.79,128,0,"[-8.2105, -8.1071]","[None, None]",2009
False,True,64,1e-05,1e-05,200,"(0.6, 0.1, 0.3)",64,20,4,0,1,2.76,64,0,[-8.2426],[None],2010
False,True,64,1e-05,1e-05,200,"(0.6, 0.1, 0.3)",64,20,4,0,1,2.77,64,0,[-7.9491],[None],2011
False,True,64,1e-05,1e-05,200,"(0.6, 0.1, 0.3)",64,20,4,0,2,5.73,128,0,"[-8.1462, -8.3771]","[None, None]",2012
False,True,64,1e-05,1e-05,200,"(0.6, 0.1, 0.3)",64,20,4,0,3,8.89,192,0,"[-8.0206, -7.9773, -7.9177]","[None, None, None]",2013
False,True,64,1e-05,1e-05,200,"(0.6, 0.1, 0.3)",64,20,4,0,2,5.73,128,0,"[-8.1773, -7.7536]","[None, None]",2014
False,True,64,1e-05,1e-05,200,"(0.6, 0.1, 0.3)",64,20,4,0,2,5.73,128,1,"[-8.3109, -8.0061]","[None, None]",2015
False,True,64,1e-05,1e-05,200,"(0.6, 0.1, 0.3)",64,20,4,0,1,2.76,64,0,[-8.1171],[None],2016
False,True,64,1e-05,1e-05,200,"(0.6, 0.1, 0.3)",64,20,4,0,2,5.72,128,0,"[-7.8168, -8.03]","[None, None]",2017
False,True,64,1e-05,1e-05,200,"(0.6, 0.1, 0.3)",64,20,4,0,2,5.62,128,0,"[-7.8906, -8.5345]","[None, None]",2018
False,True,64,1e-05,1e-05,200,"(0.6, 0.1, 0.3)",64,20,4,0,1,2.63,64,0,[-7.9304],[None],2019
False,False,64,1e-05,0.0001,0,"(0.5, 0.2, 0.3)",64,20,2,0,1,3.24,64,0,[0.6977],[None],2000
False,False,64,1e-05,0.0001,0,"(0.5, 0.2, 0.3)",64,20,2,0,1,3.25,64,0,[0.5826],[None],2001
False,False,64,1e-05,0.0001,0,"(0.5, 0.2, 0.3)",64,20,2,0,1,3.21,64,1,[0.695],[None],2002
False,False,64,1e-05,0.0001,0,"(0.5, 0.2, 0.3)",64,20,2,0,2,6.75,128,1,"[0.6664, 0.6712]","[None, None]",2003
False,False,64,1e-05,0.0001,0,"(0.5, 0.2, 0.3)",64,20,2,0,1,3.32,64,0,[0.7097],[None],2004
False,False,64,1e-05,0.0001,0,"(0.5, 0.2, 0.3)",64,20,2,0,1,3.34,64,0,[0.6643],[None],2005
False,False,64,1e-05,0.0001,0,"(0.5, 0.2, 0.3)",64,20,2,0,1,3.33,64,0,[0.6487],[None],2006
False,False,64,1e-05,0.0001,0,"(0.5, 0.2, 0.3)",64,20,2,0,1,3.32,64,0,[0.6077],[None],2007
False,False,64,1e-05,0.0001,0,"(0.5, 0.2, 0.3)",64,20,2,0,1,3.34,64,1,[0.4084],[None],2008
False,False,64,1e-05,0.0001,0,"(0.5, 0.2, 0.3)",64,20,2,0,1,3.35,64,0,[0.6435],[None],2009
False,False,64,1e-05,0.0001,0,"(0.5, 0.2, 0.3)",64,20,2,0,1,3.33,64,0,[0.6674],[None],2010
False,False,64,1e-05,0.0001,0,"(0.5, 0.2, 0.3)",64,20,2,0,1,3.33,64,0,[0.653],[None],2011
False,False,64,1e-05,0.0001,0,"(0.5, 0.2, 0.3)",64,20,2,0,1,3.32,64,0,[0.5891],[None],2012
False,False,64,1e-05,0.0001,0,"(0.5, 0.2, 0.3)",64,20,2,0,2,6.89,128,0,"[0.6902, 0.7285]","[None, None]",2013
False,False,64,1e-05,0.0001,0,"(0.5, 0.2, 0.3)",64,20,2,0,1,3.34,64,0,[0.6797],[None],2014
False,False,64,1e-05,0.0001,0,"(0.5, 0.2, 0.3)",64,20,2,0,4,14.56,256,0,"[0.6539, 0.5785, 0.6747, 0.6399]","[None, None, None, None]",2015
False,False,64,1e-05,0.0001,0,"(0.5, 0.2, 0.3)",64,20,2,0,2,6.66,128,1,"[0.6079, 0.557]","[None, None]",2016
False,False,64,1e-05,0.0001,0,"(0.5, 0.2, 0.3)",64,20,2,0,1,3.28,64,0,[0.716],[None],2017
False,False,64,1e-05,0.0001,0,"(0.5, 0.2, 0.3)",64,20,2,0,2,6.87,128,0,"[0.5947, 0.6208]","[None, None]",2018
False,False,64,1e-05,0.0001,0,"(0.5, 0.2, 0.3)",64,20,2,0,1,3.34,64,0,[0.5953],[None],2019
False,False,64,1e-05,0.0001,100,"(0.5, 0.2, 0.3)",64,20,2,0,1,3.33,64,0,[0.6966],[None],2000
False,False,64,1e-05,0.0001,100,"(0.5, 0.2, 0.3)",64,20,2,0,1,3.35,64,0,[0.5743],[None],2001
False,False,64,1e-05,0.0001,100,"(0.5, 0.2, 0.3)",64,20,2,0,1,3.33,64,1,[0.687],[None],2002
False,False,64,1e-05,0.0001,100,"(0.5, 0.2, 0.3)",64,20,2,0,2,6.95,128,1,"[0.6537, 0.6435]","[None, None]",2003
False,False,64,1e-05,0.0001,100,"(0.5, 0.2, 0.3)",64,20,2,0,1,3.33,64,0,[0.6993],[None],2004
False,False,64,1e-05,0.0001,100,"(0.5, 0.2, 0.3)",64,20,2,0,1,3.34,64,0,[0.6468],[None],2005
False,False,64,1e-05,0.0001,100,"(0.5, 0.2, 0.3)",64,20,2,0,1,3.25,64,0,[0.6465],[None],2006
False,False,64,1e-05,0.0001,100,"(0.5, 0.2, 0.3)",64,20,2,0,1,3.23,64,0,[0.6002],[None],2007
False,False,64,1e-05,0.0001,100,"(0.5, 0.2, 0.3)",64,20,2,0,1,3.21,64,1,[0.4376],[None],2008
False,False,64,1e-05,0.0001,100,"(0.5, 0.2, 0.3)",64,20,2,0,1,3.21,64,0,[0.6342],[None],2009
False,False,64,1e-05,0.0001,100,"(0.5, 0.2, 0.3)",64,20,2,0,1,3.19,64,0,[0.6498],[None],2010
False,False,64,1e-05,0.0001,100,"(0.5, 0.2, 0.3)",64,20,2,0,1,3.19,64,0,[0.6372],[None],2011
False,False,64,1e-05,0.0001,100,"(0.5, 0.2, 0.3)",64,20,2,0,1,3.2,64,0,[0.5961],[None],2012
False,False,64,1e-05,0.0001,100,"(0.5, 0.2, 0.3)",64,20,2,0,2,6.62,128,0,"[0.6727, 0.6785]","[None, None]",2013
False,False,64,1e-05,0.0001,100,"(0.5, 0.2, 0.3)",64,20,2,0,1,3.2,64,0,[0.6705],[None],2014
False,False,64,1e-05,0.0001,100,"(0.5, 0.2, 0.3)",64,20,2,0,1,3.2,64,0,[0.6593],[None],2015
False,False,64,1e-05,0.0001,100,"(0.5, 0.2, 0.3)",64,20,2,0,2,6.7,128,0,"[0.6, 0.4735]","[None, None]",2016
False,False,64,1e-05,0.0001,100,"(0.5, 0.2, 0.3)",64,20,2,0,1,3.35,64,0,[0.7003],[None],2017
False,False,64,1e-05,0.0001,100,"(0.5, 0.2, 0.3)",64,20,2,0,2,6.89,128,1,"[0.5904, 0.6382]","[None, None]",2018
False,False,64,1e-05,0.0001,100,"(0.5, 0.2, 0.3)",64,20,2,0,1,3.33,64,0,[0.6004],[None],2019
False,False,64,1e-05,0.0001,200,"(0.5, 0.2, 0.3)",64,20,2,0,1,3.34,64,0,[0.7004],[None],2000
False,False,64,1e-05,0.0001,200,"(0.5, 0.2, 0.3)",64,20,2,0,1,3.33,64,0,[0.5752],[None],2001
False,False,64,1e-05,0.0001,200,"(0.5, 0.2, 0.3)",64,20,2,0,1,3.34,64,1,[0.6879],[None],2002
False,False,64,1e-05,0.0001,200,"(0.5, 0.2, 0.3)",64,20,2,0,2,6.88,128,1,"[0.6567, 0.6596]","[None, None]",2003
False,False,64,1e-05,0.0001,200,"(0.5, 0.2, 0.3)",64,20,2,0,1,3.33,64,0,[0.6986],[None],2004
False,False,64,1e-05,0.0001,200,"(0.5, 0.2, 0.3)",64,20,2,0,1,3.34,64,0,[0.6355],[None],2005
False,False,64,1e-05,0.0001,200,"(0.5, 0.2, 0.3)",64,20,2,0,1,3.34,64,0,[0.6524],[None],2006
False,False,64,1e-05,0.0001,200,"(0.5, 0.2, 0.3)",64,20,2,0,1,3.33,64,0,[0.5969],[None],2007
False,False,64,1e-05,0.0001,200,"(0.5, 0.2, 0.3)",64,20,2,0,1,3.41,64,1,[0.4725],[None],2008
False,False,64,1e-05,0.0001,200,"(0.5, 0.2, 0.3)",64,20,2,0,1,3.34,64,0,[0.6394],[None],2009
False,False,64,1e-05,0.0001,200,"(0.5, 0.2, 0.3)",64,20,2,0,1,3.33,64,0,[0.6379],[None],2010
False,False,64,1e-05,0.0001,200,"(0.5, 0.2, 0.3)",64,20,2,0,1,3.33,64,0,[0.6312],[None],2011
False,False,64,1e-05,0.0001,200,"(0.5, 0.2, 0.3)",64,20,2,0,1,3.29,64,0,[0.6033],[None],2012
False,False,64,1e-05,0.0001,200,"(0.5, 0.2, 0.3)",64,20,2,0,3,10.58,192,0,"[0.6678, 0.6807, 0.6907]","[None, None, None]",2013
False,False,64,1e-05,0.0001,200,"(0.5, 0.2, 0.3)",64,20,2,0,1,3.33,64,0,[0.674],[None],2014
False,False,64,1e-05,0.0001,200,"(0.5, 0.2, 0.3)",64,20,2,0,3,10.38,192,0,"[0.657, 0.6036, 0.6994]","[None, None, None]",2015
False,False,64,1e-05,0.0001,200,"(0.5, 0.2, 0.3)",64,20,2,0,2,6.64,128,0,"[0.5973, 0.4716]","[None, None]",2016
False,False,64,1e-05,0.0001,200,"(0.5, 0.2, 0.3)",64,20,2,0,1,3.2,64,0,[0.7037],[None],2017
False,False,64,1e-05,0.0001,200,"(0.5, 0.2, 0.3)",64,20,2,0,2,6.63,128,0,"[0.5917, 0.6611]","[None, None]",2018
False,False,64,1e-05,0.0001,200,"(0.5, 0.2, 0.3)",64,20,2,0,1,3.22,64,0,[0.6034],[None],2019
False,False,64,1e-05,1e-05,0,"(0.5, 0.2, 0.3)",64,20,2,0,1,3.21,64,0,[0.6151],[None],2000
False,False,64,1e-05,1e-05,0,"(0.5, 0.2, 0.3)",64,20,2,0,1,3.2,64,0,[0.6588],[None],2001
False,False,64,1e-05,1e-05,0,"(0.5, 0.2, 0.3)",64,20,2,0,1,3.21,64,1,[0.5308],[None],2002
False,False,64,1e-05,1e-05,0,"(0.5, 0.2, 0.3)",64,20,2,0,2,6.69,128,1,"[0.5791, 0.5092]","[None, None]",2003
False,False,64,1e-05,1e-05,0,"(0.5, 0.2, 0.3)",64,20,2,0,1,3.34,64,0,[0.6573],[None],2004
False,False,64,1e-05,1e-05,0,"(0.5, 0.2, 0.3)",64,20,2,0,1,3.33,64,0,[0.5295],[None],2005
False,False,64,1e-05,1e-05,0,"(0.5, 0.2, 0.3)",64,20,2,0,1,3.33,64,0,[0.5873],[None],2006
False,False,64,1e-05,1e-05,0,"(0.5, 0.2, 0.3)",64,20,2,0,1,3.34,64,0,[0.6274],[None],2007
False,False,64,1e-05,1e-05,0,"(0.5, 0.2, 0.3)",64,20,2,0,1,3.32,64,1,[0.5004],[None],2008
False,False,64,1e-05,1e-05,0,"(0.5, 0.2, 0.3)",64,20,2,0,1,3.34,64,0,[0.5273],[None],2009
False,False,64,1e-05,1e-05,0,"(0.5, 0.2, 0.3)",64,20,2,0,1,3.34,64,0,[0.4897],[None],2010
False,False,64,1e-05,1e-05,0,"(0.5, 0.2, 0.3)",64,20,2,0,1,3.32,64,1,[0.5822],[None],2011
False,False,64,1e-05,1e-05,0,"(0.5, 0.2, 0.3)",64,20,2,0,2,6.88,128,1,"[0.6626, 0.5228]","[None, None]",2012
False,False,64,1e-05,1e-05,0,"(0.5, 0.2, 0.3)",64,20,2,0,2,6.88,128,1,"[0.5406, 0.3787]","[None, None]",2013
False,False,64,1e-05,1e-05,0,"(0.5, 0.2, 0.3)",64,20,2,0,1,3.32,64,0,[0.6484],[None],2014
False,False,64,1e-05,1e-05,0,"(0.5, 0.2, 0.3)",64,20,2,0,2,6.86,128,0,"[0.4028, 0.2991]","[None, None]",2015
False,False,64,1e-05,1e-05,0,"(0.5, 0.2, 0.3)",64,20,2,0,1,3.34,64,0,[0.5065],[None],2016
False,False,64,1e-05,1e-05,0,"(0.5, 0.2, 0.3)",64,20,2,0,2,6.9,128,1,"[0.7103, 0.5862]","[None, None]",2017
False,False,64,1e-05,1e-05,0,"(0.5, 0.2, 0.3)",64,20,2,0,2,6.63,128,1,"[0.5859, 0.4471]","[None, None]",2018
False,False,64,1e-05,1e-05,0,"(0.5, 0.2, 0.3)",64,20,2,0,1,3.19,64,0,[0.5618],[None],2019
False,False,64,1e-05,1e-05,100,"(0.5, 0.2, 0.3)",64,20,2,0,1,3.19,64,0,[0.6717],[None],2000
False,False,64,1e-05,1e-05,100,"(0.5, 0.2, 0.3)",64,20,2,0,1,3.19,64,0,[0.667],[None],2001
False,False,64,1e-05,1e-05,100,"(0.5, 0.2, 0.3)",64,20,2,0,1,3.19,64,1,[0.6109],[None],2002
False,False,64,1e-05,1e-05,100,"(0.5, 0.2, 0.3)",64,20,2,0,2,6.68,128,1,"[0.6247, 0.5747]","[None, None]",2003
False,False,64,1e-05,1e-05,100,"(0.5, 0.2, 0.3)",64,20,2,0,1,3.19,64,0,[0.7093],[None],2004
False,False,64,1e-05,1e-05,100,"(0.5, 0.2, 0.3)",64,20,2,0,1,3.19,64,0,[0.5795],[None],2005
False,False,64,1e-05,1e-05,100,"(0.5, 0.2, 0.3)",64,20,2,0,1,3.2,64,0,[0.6447],[None],2006
False,False,64,1e-05,1e-05,100,"(0.5, 0.2, 0.3)",64,20,2,0,1,3.21,64,0,[0.6641],[None],2007
False,False,64,1e-05,1e-05,100,"(0.5, 0.2, 0.3)",64,20,2,0,1,3.2,64,1,[0.5354],[None],2008
False,False,64,1e-05,1e-05,100,"(0.5, 0.2, 0.3)",64,20,2,0,1,3.19,64,0,[0.6007],[None],2009
False,False,64,1e-05,1e-05,100,"(0.5, 0.2, 0.3)",64,20,2,0,1,3.23,64,0,[0.6203],[None],2010
False,False,64,1e-05,1e-05,100,"(0.5, 0.2, 0.3)",64,20,2,0,1,3.31,64,1,[0.6386],[None],2011
False,False,64,1e-05,1e-05,100,"(0.5, 0.2, 0.3)",64,20,2,0,2,6.61,128,0,"[0.664, 0.5719]","[None, None]",2012
False,False,64,1e-05,1e-05,100,"(0.5, 0.2, 0.3)",64,20,2,0,2,6.61,128,1,"[0.6219, 0.4649]","[None, None]",2013
False,False,64,1e-05,1e-05,100,"(0.5, 0.2, 0.3)",64,20,2,0,1,3.21,64,0,[0.6871],[None],2014
False,False,64,1e-05,1e-05,100,"(0.5, 0.2, 0.3)",64,20,2,0,2,6.6,128,0,"[0.5352, 0.4214]","[None, None]",2015
False,False,64,1e-05,1e-05,100,"(0.5, 0.2, 0.3)",64,20,2,0,1,3.2,64,0,[0.5791],[None],2016
False,False,64,1e-05,1e-05,100,"(0.5, 0.2, 0.3)",64,20,2,0,2,6.61,128,1,"[0.7361, 0.6386]","[None, None]",2017
False,False,64,1e-05,1e-05,100,"(0.5, 0.2, 0.3)",64,20,2,0,2,6.66,128,1,"[0.6181, 0.5207]","[None, None]",2018
False,False,64,1e-05,1e-05,100,"(0.5, 0.2, 0.3)",64,20,2,0,1,3.29,64,0,[0.6024],[None],2019
False,False,64,1e-05,1e-05,200,"(0.5, 0.2, 0.3)",64,20,2,0,1,3.22,64,0,[0.6877],[None],2000
False,False,64,1e-05,1e-05,200,"(0.5, 0.2, 0.3)",64,20,2,0,1,3.2,64,0,[0.6692],[None],2001
False,False,64,1e-05,1e-05,200,"(0.5, 0.2, 0.3)",64,20,2,0,1,3.2,64,1,[0.6337],[None],2002
False,False,64,1e-05,1e-05,200,"(0.5, 0.2, 0.3)",64,20,2,0,2,6.89,128,1,"[0.6416, 0.5906]","[None, None]",2003
False,False,64,1e-05,1e-05,200,"(0.5, 0.2, 0.3)",64,20,2,0,1,3.34,64,0,[0.725],[None],2004
False,False,64,1e-05,1e-05,200,"(0.5, 0.2, 0.3)",64,20,2,0,1,3.33,64,0,[0.6079],[None],2005
False,False,64,1e-05,1e-05,200,"(0.5, 0.2, 0.3)",64,20,2,0,1,3.32,64,0,[0.6632],[None],2006
False,False,64,1e-05,1e-05,200,"(0.5, 0.2, 0.3)",64,20,2,0,1,3.4,64,0,[0.6755],[None],2007
False,False,64,1e-05,1e-05,200,"(0.5, 0.2, 0.3)",64,20,2,0,1,3.33,64,1,[0.5511],[None],2008
False,False,64,1e-05,1e-05,200,"(0.5, 0.2, 0.3)",64,20,2,0,1,3.34,64,0,[0.6332],[None],2009
False,False,64,1e-05,1e-05,200,"(0.5, 0.2, 0.3)",64,20,2,0,1,3.33,64,0,[0.6518],[None],2010
False,False,64,1e-05,1e-05,200,"(0.5, 0.2, 0.3)",64,20,2,0,1,3.34,64,1,[0.6559],[None],2011
False,False,64,1e-05,1e-05,200,"(0.5, 0.2, 0.3)",64,20,2,0,2,6.88,128,0,"[0.669, 0.6193]","[None, None]",2012
False,False,64,1e-05,1e-05,200,"(0.5, 0.2, 0.3)",64,20,2,0,2,6.87,128,1,"[0.6486, 0.4691]","[None, None]",2013
False,False,64,1e-05,1e-05,200,"(0.5, 0.2, 0.3)",64,20,2,0,1,3.33,64,0,[0.6988],[None],2014
False,False,64,1e-05,1e-05,200,"(0.5, 0.2, 0.3)",64,20,2,0,2,6.87,128,0,"[0.575, 0.4624]","[None, None]",2015
False,False,64,1e-05,1e-05,200,"(0.5, 0.2, 0.3)",64,20,2,0,1,3.33,64,0,[0.5965],[None],2016
False,False,64,1e-05,1e-05,200,"(0.5, 0.2, 0.3)",64,20,2,0,1,3.33,64,0,[0.7447],[None],2017
False,False,64,1e-05,1e-05,200,"(0.5, 0.2, 0.3)",64,20,2,0,2,6.9,128,1,"[0.6344, 0.5708]","[None, None]",2018
False,False,64,1e-05,1e-05,200,"(0.5, 0.2, 0.3)",64,20,2,0,1,3.35,64,0,[0.6239],[None],2019
True,False,64,1e-05,0.0001,0,"(0.5, 0.2, 0.3)",64,20,2,0,2,6.82,128,0,"[0.741, 0.6544]","[None, None]",2000
True,False,64,1e-05,0.0001,0,"(0.5, 0.2, 0.3)",64,20,2,0,2,6.86,128,0,"[0.7162, 0.6684]","[None, None]",2001
True,False,64,1e-05,0.0001,0,"(0.5, 0.2, 0.3)",64,20,2,0,1,3.33,64,0,[0.75],[None],2002
True,False,64,1e-05,0.0001,0,"(0.5, 0.2, 0.3)",64,20,2,0,7,26.94,448,0,"[0.7361, 0.575, 0.4366, 0.5132, 0.4342, 0.4014, 0.3952]","[None, None, None, None, None, None, None]",2003
True,False,64,1e-05,0.0001,0,"(0.5, 0.2, 0.3)",64,20,2,0,2,6.6,128,0,"[0.8005, 0.7191]","[None, None]",2004
True,False,64,1e-05,0.0001,0,"(0.5, 0.2, 0.3)",64,20,2,0,4,14.12,256,0,"[0.7487, 0.6261, 0.5282, 0.428]","[None, None, None, None]",2005
True,False,64,1e-05,0.0001,0,"(0.5, 0.2, 0.3)",64,20,2,0,1,3.33,64,0,[0.7204],[None],2006
True,False,64,1e-05,0.0001,0,"(0.5, 0.2, 0.3)",64,20,2,0,5,18.46,320,0,"[0.6931, 0.554, 0.5347, 0.4915, 0.4554]","[None, None, None, None, None]",2007
True,False,64,1e-05,0.0001,0,"(0.5, 0.2, 0.3)",64,20,2,0,1,3.34,64,0,[0.6657],[None],2008
True,False,64,1e-05,0.0001,0,"(0.5, 0.2, 0.3)",64,20,2,0,2,6.87,128,0,"[0.7364, 0.6253]","[None, None]",2009
True,False,64,1e-05,0.0001,0,"(0.5, 0.2, 0.3)",64,20,2,0,1,3.34,64,0,[0.739],[None],2010
True,False,64,1e-05,0.0001,0,"(0.5, 0.2, 0.3)",64,20,2,0,1,3.34,64,0,[0.7538],[None],2011
True,False,64,1e-05,0.0001,0,"(0.5, 0.2, 0.3)",64,20,2,0,3,10.59,192,0,"[0.7135, 0.5942, 0.4863]","[None, None, None]",2012
True,False,64,1e-05,0.0001,0,"(0.5, 0.2, 0.3)",64,20,2,0,3,10.32,192,0,"[0.7756, 0.6246, 0.4681]","[None, None, None]",2013
True,False,64,1e-05,0.0001,0,"(0.5, 0.2, 0.3)",64,20,2,0,4,14.02,256,0,"[0.7644, 0.6724, 0.5839, 0.4607]","[None, None, None, None]",2014
True,False,64,1e-05,0.0001,0,"(0.5, 0.2, 0.3)",64,20,2,0,3,10.21,192,0,"[0.7062, 0.5613, 0.4941]","[None, None, None]",2015
True,False,64,1e-05,0.0001,0,"(0.5, 0.2, 0.3)",64,20,2,0,2,6.63,128,0,"[0.7303, 0.5199]","[None, None]",2016
True,False,64,1e-05,0.0001,0,"(0.5, 0.2, 0.3)",64,20,2,0,1,3.19,64,0,[0.7559],[None],2017
True,False,64,1e-05,0.0001,0,"(0.5, 0.2, 0.3)",64,20,2,0,2,6.6,128,0,"[0.6777, 0.5841]","[None, None]",2018
True,False,64,1e-05,0.0001,0,"(0.5, 0.2, 0.3)",64,20,2,0,2,6.6,128,0,"[0.731, 0.6637]","[None, None]",2019
True,False,64,1e-05,0.0001,100,"(0.5, 0.2, 0.3)",64,20,2,0,2,6.67,128,0,"[0.755, 0.6718]","[None, None]",2000
True,False,64,1e-05,0.0001,100,"(0.5, 0.2, 0.3)",64,20,2,0,2,6.63,128,0,"[0.6963, 0.5753]","[None, None]",2001
True,False,64,1e-05,0.0001,100,"(0.5, 0.2, 0.3)",64,20,2,0,1,3.21,64,0,[0.7447],[None],2002
True,False,64,1e-05,0.0001,100,"(0.5, 0.2, 0.3)",64,20,2,0,7,26.72,448,0,"[0.738, 0.6272, 0.5516, 0.4682, 0.4573, 0.4286, 0.4104]","[None, None, None, None, None, None, None]",2003
True,False,64,1e-05,0.0001,100,"(0.5, 0.2, 0.3)",64,20,2,0,2,6.65,128,0,"[0.8028, 0.721]","[None, None]",2004
True,False,64,1e-05,0.0001,100,"(0.5, 0.2, 0.3)",64,20,2,0,3,10.42,192,0,"[0.7502, 0.6383, 0.5209]","[None, None, None]",2005
True,False,64,1e-05,0.0001,100,"(0.5, 0.2, 0.3)",64,20,2,0,3,10.56,192,0,"[0.726, 0.6481, 0.572]","[None, None, None]",2006
True,False,64,1e-05,0.0001,100,"(0.5, 0.2, 0.3)",64,20,2,0,3,10.19,192,0,"[0.6967, 0.6729, 0.6306]","[None, None, None]",2007
True,False,64,1e-05,0.0001,100,"(0.5, 0.2, 0.3)",64,20,2,0,2,6.63,128,0,"[0.6717, 0.5788]","[None, None]",2008
True,False,64,1e-05,0.0001,100,"(0.5, 0.2, 0.3)",64,20,2,0,2,6.67,128,0,"[0.7402, 0.6201]","[None, None]",2009
True,False,64,1e-05,0.0001,100,"(0.5, 0.2, 0.3)",64,20,2,0,2,6.63,128,0,"[0.74, 0.6937]","[None, None]",2010
True,False,64,1e-05,0.0001,100,"(0.5, 0.2, 0.3)",64,20,2,0,1,3.2,64,0,[0.7594],[None],2011
True,False,64,1e-05,0.0001,100,"(0.5, 0.2, 0.3)",64,20,2,0,3,10.2,192,0,"[0.7035, 0.6072, 0.5244]","[None, None, None]",2012
True,False,64,1e-05,0.0001,100,"(0.5, 0.2, 0.3)",64,20,2,0,3,10.19,192,0,"[0.7778, 0.6664, 0.6136]","[None, None, None]",2013
True,False,64,1e-05,0.0001,100,"(0.5, 0.2, 0.3)",64,20,2,0,2,6.67,128,0,"[0.7645, 0.6833]","[None, None]",2014
True,False,64,1e-05,0.0001,100,"(0.5, 0.2, 0.3)",64,20,2,0,4,14.0,256,0,"[0.7168, 0.586, 0.4915, 0.497]","[None, None, None, None]",2015
True,False,64,1e-05,0.0001,100,"(0.5, 0.2, 0.3)",64,20,2,0,3,10.28,192,0,"[0.7353, 0.6091, 0.5256]","[None, None, None]",2016
True,False,64,1e-05,0.0001,100,"(0.5, 0.2, 0.3)",64,20,2,0,1,3.24,64,0,[0.7563],[None],2017
True,False,64,1e-05,0.0001,100,"(0.5, 0.2, 0.3)",64,20,2,0,4,14.18,256,0,"[0.688, 0.6313, 0.5667, 0.4768]","[None, None, None, None]",2018
True,False,64,1e-05,0.0001,100,"(0.5, 0.2, 0.3)",64,20,2,0,2,6.64,128,1,"[0.7336, 0.6814]","[None, None]",2019
True,False,64,1e-05,0.0001,200,"(0.5, 0.2, 0.3)",64,20,2,0,3,10.32,192,0,"[0.7547, 0.6798, 0.6343]","[None, None, None]",2000
True,False,64,1e-05,0.0001,200,"(0.5, 0.2, 0.3)",64,20,2,0,2,6.63,128,0,"[0.6873, 0.5729]","[None, None]",2001
True,False,64,1e-05,0.0001,200,"(0.5, 0.2, 0.3)",64,20,2,0,1,3.19,64,0,[0.7482],[None],2002
True,False,64,1e-05,0.0001,200,"(0.5, 0.2, 0.3)",64,20,2,0,7,26.63,448,0,"[0.7297, 0.6341, 0.5674, 0.5056, 0.4884, 0.4566, 0.4377]","[None, None, None, None, None, None, None]",2003
True,False,64,1e-05,0.0001,200,"(0.5, 0.2, 0.3)",64,20,2,0,2,6.61,128,0,"[0.7937, 0.7113]","[None, None]",2004
True,False,64,1e-05,0.0001,200,"(0.5, 0.2, 0.3)",64,20,2,0,1,3.19,64,0,[0.7381],[None],2005
True,False,64,1e-05,0.0001,200,"(0.5, 0.2, 0.3)",64,20,2,0,1,3.2,64,0,[0.7353],[None],2006
True,False,64,1e-05,0.0001,200,"(0.5, 0.2, 0.3)",64,20,2,0,4,14.01,256,0,"[0.6971, 0.6875, 0.6181, 0.5406]","[None, None, None, None]",2007
True,False,64,1e-05,0.0001,200,"(0.5, 0.2, 0.3)",64,20,2,0,2,6.61,128,0,"[0.6914, 0.6164]","[None, None]",2008
True,False,64,1e-05,0.0001,200,"(0.5, 0.2, 0.3)",64,20,2,0,2,6.64,128,0,"[0.7225, 0.6502]","[None, None]",2009
True,False,64,1e-05,0.0001,200,"(0.5, 0.2, 0.3)",64,20,2,0,2,6.83,128,0,"[0.7334, 0.7048]","[None, None]",2010
True,False,64,1e-05,0.0001,200,"(0.5, 0.2, 0.3)",64,20,2,0,1,3.22,64,0,[0.7612],[None],2011
True,False,64,1e-05,0.0001,200,"(0.5, 0.2, 0.3)",64,20,2,0,2,6.8,128,0,"[0.6951, 0.596]","[None, None]",2012
True,False,64,1e-05,0.0001,200,"(0.5, 0.2, 0.3)",64,20,2,0,2,6.7,128,0,"[0.7694, 0.6508]","[None, None]",2013
True,False,64,1e-05,0.0001,200,"(0.5, 0.2, 0.3)",64,20,2,0,3,10.22,192,0,"[0.7489, 0.699, 0.614]","[None, None, None]",2014
True,False,64,1e-05,0.0001,200,"(0.5, 0.2, 0.3)",64,20,2,0,6,22.28,384,0,"[0.716, 0.5611, 0.5552, 0.471, 0.3968, 0.4218]","[None, None, None, None, None, None]",2015
True,False,64,1e-05,0.0001,200,"(0.5, 0.2, 0.3)",64,20,2,0,1,3.23,64,0,[0.7469],[None],2016
True,False,64,1e-05,0.0001,200,"(0.5, 0.2, 0.3)",64,20,2,0,2,6.64,128,1,"[0.7474, 0.6447]","[None, None]",2017
True,False,64,1e-05,0.0001,200,"(0.5, 0.2, 0.3)",64,20,2,0,2,6.67,128,0,"[0.674, 0.6318]","[None, None]",2018
True,False,64,1e-05,0.0001,200,"(0.5, 0.2, 0.3)",64,20,2,0,2,6.66,128,0,"[0.7366, 0.7154]","[None, None]",2019
True,False,64,1e-05,1e-05,0,"(0.5, 0.2, 0.3)",64,20,2,0,3,10.29,192,0,"[-0.3102, 0.0271, -0.0962]","[None, None, None]",2000
True,False,64,1e-05,1e-05,0,"(0.5, 0.2, 0.3)",64,20,2,0,1,3.2,64,0,[0.3728],[None],2001
True,False,64,1e-05,1e-05,0,"(0.5, 0.2, 0.3)",64,20,2,0,1,3.2,64,0,[0.3376],[None],2002
True,False,64,1e-05,1e-05,0,"(0.5, 0.2, 0.3)",64,20,2,0,4,14.04,256,0,"[0.1971, 0.1422, 0.0897, 0.07]","[None, None, None, None]",2003
True,False,64,1e-05,1e-05,0,"(0.5, 0.2, 0.3)",64,20,2,0,2,6.62,128,0,"[0.3334, 0.1853]","[None, None]",2004
True,False,64,1e-05,1e-05,0,"(0.5, 0.2, 0.3)",64,20,2,0,2,6.62,128,0,"[0.35, 0.1971]","[None, None]",2005
True,False,64,1e-05,1e-05,0,"(0.5, 0.2, 0.3)",64,20,2,0,2,6.62,128,0,"[0.332, -0.1051]","[None, None]",2006
True,False,64,1e-05,1e-05,0,"(0.5, 0.2, 0.3)",64,20,2,0,4,14.18,256,0,"[0.3666, -0.1013, -0.1265, -0.0929]","[None, None, None, None]",2007
True,False,64,1e-05,1e-05,0,"(0.5, 0.2, 0.3)",64,20,2,0,1,3.32,64,0,[-0.6147],[None],2008
True,False,64,1e-05,1e-05,0,"(0.5, 0.2, 0.3)",64,20,2,0,2,6.61,128,0,"[0.0812, -0.224]","[None, None]",2009
True,False,64,1e-05,1e-05,0,"(0.5, 0.2, 0.3)",64,20,2,0,1,3.2,64,0,[0.0152],[None],2010
True,False,64,1e-05,1e-05,0,"(0.5, 0.2, 0.3)",64,20,2,0,1,3.19,64,0,[0.197],[None],2011
True,False,64,1e-05,1e-05,0,"(0.5, 0.2, 0.3)",64,20,2,0,2,6.62,128,0,"[0.4379, -0.3536]","[None, None]",2012
True,False,64,1e-05,1e-05,0,"(0.5, 0.2, 0.3)",64,20,2,0,3,10.21,192,0,"[0.2382, 0.0246, -0.0024]","[None, None, None]",2013
True,False,64,1e-05,1e-05,0,"(0.5, 0.2, 0.3)",64,20,2,0,3,10.19,192,0,"[0.3787, -0.0895, 0.0568]","[None, None, None]",2014
True,False,64,1e-05,1e-05,0,"(0.5, 0.2, 0.3)",64,20,2,0,7,26.59,448,0,"[-0.9694, -0.2128, -0.1285, -0.0773, -0.0415, 0.0448, 0.0616]","[None, None, None, None, None, None, None]",2015
True,False,64,1e-05,1e-05,0,"(0.5, 0.2, 0.3)",64,20,2,0,1,3.2,64,0,[-0.1152],[None],2016
True,False,64,1e-05,1e-05,0,"(0.5, 0.2, 0.3)",64,20,2,0,2,6.61,128,0,"[0.3572, -0.4659]","[None, None]",2017
True,False,64,1e-05,1e-05,0,"(0.5, 0.2, 0.3)",64,20,2,0,2,6.6,128,0,"[0.4051, 0.1722]","[None, None]",2018
True,False,64,1e-05,1e-05,0,"(0.5, 0.2, 0.3)",64,20,2,0,1,3.19,64,0,[-0.2179],[None],2019
True,False,64,1e-05,1e-05,100,"(0.5, 0.2, 0.3)",64,20,2,0,3,10.19,192,0,"[0.3097, 0.3096, 0.2369]","[None, None, None]",2000
True,False,64,1e-05,1e-05,100,"(0.5, 0.2, 0.3)",64,20,2,0,1,3.19,64,0,[0.5205],[None],2001
True,False,64,1e-05,1e-05,100,"(0.5, 0.2, 0.3)",64,20,2,0,1,3.19,64,0,[0.5027],[None],2002
True,False,64,1e-05,1e-05,100,"(0.5, 0.2, 0.3)",64,20,2,0,4,14.0,256,0,"[0.4139, 0.2553, 0.2187, 0.1821]","[None, None, None, None]",2003
True,False,64,1e-05,1e-05,100,"(0.5, 0.2, 0.3)",64,20,2,0,3,10.52,192,0,"[0.5743, 0.3544, 0.215]","[None, None, None]",2004
True,False,64,1e-05,1e-05,100,"(0.5, 0.2, 0.3)",64,20,2,0,2,6.89,128,0,"[0.4882, 0.2708]","[None, None]",2005
True,False,64,1e-05,1e-05,100,"(0.5, 0.2, 0.3)",64,20,2,0,2,6.81,128,0,"[0.5307, 0.3114]","[None, None]",2006
True,False,64,1e-05,1e-05,100,"(0.5, 0.2, 0.3)",64,20,2,0,4,14.42,256,0,"[0.471, 0.1655, 0.1217, 0.1351]","[None, None, None, None]",2007
True,False,64,1e-05,1e-05,100,"(0.5, 0.2, 0.3)",64,20,2,0,1,3.33,64,0,[0.3458],[None],2008
True,False,64,1e-05,1e-05,100,"(0.5, 0.2, 0.3)",64,20,2,0,2,6.9,128,0,"[0.4731, 0.2659]","[None, None]",2009
True,False,64,1e-05,1e-05,100,"(0.5, 0.2, 0.3)",64,20,2,0,1,3.4,64,0,[0.4127],[None],2010
True,False,64,1e-05,1e-05,100,"(0.5, 0.2, 0.3)",64,20,2,0,1,3.34,64,0,[0.4836],[None],2011
True,False,64,1e-05,1e-05,100,"(0.5, 0.2, 0.3)",64,20,2,0,2,6.88,128,0,"[0.5483, 0.242]","[None, None]",2012
True,False,64,1e-05,1e-05,100,"(0.5, 0.2, 0.3)",64,20,2,0,3,10.6,192,0,"[0.438, 0.254, 0.2151]","[None, None, None]",2013
True,False,64,1e-05,1e-05,100,"(0.5, 0.2, 0.3)",64,20,2,0,3,10.6,192,0,"[0.5309, 0.184, 0.1391]","[None, None, None]",2014
True,False,64,1e-05,1e-05,100,"(0.5, 0.2, 0.3)",64,20,2,0,6,23.03,384,0,"[0.1171, 0.0277, 0.1482, 0.0729, 0.0815, 0.1485]","[None, None, None, None, None, None]",2015
True,False,64,1e-05,1e-05,100,"(0.5, 0.2, 0.3)",64,20,2,0,1,3.33,64,0,[0.3318],[None],2016
True,False,64,1e-05,1e-05,100,"(0.5, 0.2, 0.3)",64,20,2,0,2,6.88,128,0,"[0.5831, 0.1577]","[None, None]",2017
True,False,64,1e-05,1e-05,100,"(0.5, 0.2, 0.3)",64,20,2,0,2,6.85,128,0,"[0.4669, 0.3714]","[None, None]",2018
True,False,64,1e-05,1e-05,100,"(0.5, 0.2, 0.3)",64,20,2,0,1,3.36,64,0,[0.3636],[None],2019
True,False,64,1e-05,1e-05,200,"(0.5, 0.2, 0.3)",64,20,2,0,3,10.65,192,0,"[0.533, 0.4233, 0.3564]","[None, None, None]",2000
True,False,64,1e-05,1e-05,200,"(0.5, 0.2, 0.3)",64,20,2,0,1,3.33,64,0,[0.5332],[None],2001
True,False,64,1e-05,1e-05,200,"(0.5, 0.2, 0.3)",64,20,2,0,1,3.3,64,0,[0.5806],[None],2002
True,False,64,1e-05,1e-05,200,"(0.5, 0.2, 0.3)",64,20,2,0,3,10.66,192,0,"[0.4943, 0.4037, 0.2828]","[None, None, None]",2003
True,False,64,1e-05,1e-05,200,"(0.5, 0.2, 0.3)",64,20,2,0,4,14.56,256,0,"[0.629, 0.4778, 0.3244, 0.1855]","[None, None, None, None]",2004
True,False,64,1e-05,1e-05,200,"(0.5, 0.2, 0.3)",64,20,2,0,2,6.85,128,0,"[0.5314, 0.2758]","[None, None]",2005
True,False,64,1e-05,1e-05,200,"(0.5, 0.2, 0.3)",64,20,2,0,2,6.63,128,0,"[0.5807, 0.492]","[None, None]",2006
True,False,64,1e-05,1e-05,200,"(0.5, 0.2, 0.3)",64,20,2,0,4,14.04,256,0,"[0.5076, 0.3382, 0.2792, 0.2174]","[None, None, None, None]",2007
True,False,64,1e-05,1e-05,200,"(0.5, 0.2, 0.3)",64,20,2,0,1,3.2,64,0,[0.4758],[None],2008
True,False,64,1e-05,1e-05,200,"(0.5, 0.2, 0.3)",64,20,2,0,2,6.78,128,0,"[0.5515, 0.4844]","[None, None]",2009
True,False,64,1e-05,1e-05,200,"(0.5, 0.2, 0.3)",64,20,2,0,1,3.31,64,0,[0.5381],[None],2010
True,False,64,1e-05,1e-05,200,"(0.5, 0.2, 0.3)",64,20,2,0,1,3.2,64,0,[0.574],[None],2011
True,False,64,1e-05,1e-05,200,"(0.5, 0.2, 0.3)",64,20,2,0,2,6.72,128,0,"[0.5567, 0.3915]","[None, None]",2012
True,False,64,1e-05,1e-05,200,"(0.5, 0.2, 0.3)",64,20,2,0,3,10.22,192,0,"[0.5096, 0.3552, 0.3114]","[None, None, None]",2013
True,False,64,1e-05,1e-05,200,"(0.5, 0.2, 0.3)",64,20,2,0,3,10.22,192,1,"[0.5657, 0.4338, 0.3522]","[None, None, None]",2014
True,False,64,1e-05,1e-05,200,"(0.5, 0.2, 0.3)",64,20,2,0,8,31.29,512,0,"[0.4318, 0.2817, 0.2237, 0.1403, 0.117, 0.1207, 0.1131, 0.1975]","[None, None, None, None, None, None, None, None]",2015
True,False,64,1e-05,1e-05,200,"(0.5, 0.2, 0.3)",64,20,2,0,1,3.2,64,0,[0.4916],[None],2016
True,False,64,1e-05,1e-05,200,"(0.5, 0.2, 0.3)",64,20,2,0,2,6.62,128,0,"[0.6159, 0.4954]","[None, None]",2017
True,False,64,1e-05,1e-05,200,"(0.5, 0.2, 0.3)",64,20,2,0,2,6.61,128,0,"[0.4753, 0.4501]","[None, None]",2018
True,False,64,1e-05,1e-05,200,"(0.5, 0.2, 0.3)",64,20,2,0,1,3.2,64,0,[0.5579],[None],2019
False,True,64,1e-05,0.0001,0,"(0.5, 0.2, 0.3)",64,20,2,0,1,2.62,64,0,[0.7021],[None],2000
False,True,64,1e-05,0.0001,0,"(0.5, 0.2, 0.3)",64,20,2,0,1,2.62,64,0,[0.5539],[None],2001
False,True,64,1e-05,0.0001,0,"(0.5, 0.2, 0.3)",64,20,2,0,1,2.62,64,1,[0.6849],[None],2002
False,True,64,1e-05,0.0001,0,"(0.5, 0.2, 0.3)",64,20,2,0,2,5.45,128,1,"[0.6229, 0.681]","[None, None]",2003
False,True,64,1e-05,0.0001,0,"(0.5, 0.2, 0.3)",64,20,2,0,1,2.62,64,0,[0.6978],[None],2004
False,True,64,1e-05,0.0001,0,"(0.5, 0.2, 0.3)",64,20,2,0,2,5.46,128,0,"[0.6196, 0.6402]","[None, None]",2005
False,True,64,1e-05,0.0001,0,"(0.5, 0.2, 0.3)",64,20,2,0,1,2.62,64,0,[0.6396],[None],2006
False,True,64,1e-05,0.0001,0,"(0.5, 0.2, 0.3)",64,20,2,0,4,11.7,256,0,"[0.6024, 0.6634, 0.6295, 0.5953]","[None, None, None, None]",2007
False,True,64,1e-05,0.0001,0,"(0.5, 0.2, 0.3)",64,20,2,0,1,2.62,64,1,[0.4358],[None],2008
False,True,64,1e-05,0.0001,0,"(0.5, 0.2, 0.3)",64,20,2,0,2,5.51,128,0,"[0.6266, 0.6041]","[None, None]",2009
False,True,64,1e-05,0.0001,0,"(0.5, 0.2, 0.3)",64,20,2,0,1,2.66,64,0,[0.6573],[None],2010
False,True,64,1e-05,0.0001,0,"(0.5, 0.2, 0.3)",64,20,2,0,1,2.65,64,0,[0.6197],[None],2011
False,True,64,1e-05,0.0001,0,"(0.5, 0.2, 0.3)",64,20,2,0,1,2.63,64,0,[0.5603],[None],2012
False,True,64,1e-05,0.0001,0,"(0.5, 0.2, 0.3)",64,20,2,0,2,5.57,128,0,"[0.6696, 0.6157]","[None, None]",2013
False,True,64,1e-05,0.0001,0,"(0.5, 0.2, 0.3)",64,20,2,0,3,8.86,192,0,"[0.6731, 0.5329, 0.3915]","[None, None, None]",2014
False,True,64,1e-05,0.0001,0,"(0.5, 0.2, 0.3)",64,20,2,0,2,5.7,128,0,"[0.6476, 0.6243]","[None, None]",2015
False,True,64,1e-05,0.0001,0,"(0.5, 0.2, 0.3)",64,20,2,0,2,5.72,128,1,"[0.5701, 0.5301]","[None, None]",2016
False,True,64,1e-05,0.0001,0,"(0.5, 0.2, 0.3)",64,20,2,0,1,2.75,64,0,[0.6794],[None],2017
False,True,64,1e-05,0.0001,0,"(0.5, 0.2, 0.3)",64,20,2,0,2,5.55,128,0,"[0.5737, 0.5964]","[None, None]",2018
False,True,64,1e-05,0.0001,0,"(0.5, 0.2, 0.3)",64,20,2,0,1,2.62,64,0,[0.5979],[None],2019
False,True,64,1e-05,0.0001,100,"(0.5, 0.2, 0.3)",64,20,2,0,1,2.62,64,0,[0.7001],[None],2000
False,True,64,1e-05,0.0001,100,"(0.5, 0.2, 0.3)",64,20,2,0,1,2.66,64,0,[0.5547],[None],2001
False,True,64,1e-05,0.0001,100,"(0.5, 0.2, 0.3)",64,20,2,0,1,2.74,64,1,[0.6803],[None],2002
False,True,64,1e-05,0.0001,100,"(0.5, 0.2, 0.3)",64,20,2,0,2,5.72,128,1,"[0.6229, 0.677]","[None, None]",2003
False,True,64,1e-05,0.0001,100,"(0.5, 0.2, 0.3)",64,20,2,0,1,2.76,64,0,[0.6977],[None],2004
False,True,64,1e-05,0.0001,100,"(0.5, 0.2, 0.3)",64,20,2,0,2,5.73,128,1,"[0.6199, 0.6521]","[None, None]",2005
False,True,64,1e-05,0.0001,100,"(0.5, 0.2, 0.3)",64,20,2,0,1,2.81,64,0,[0.6391],[None],2006
False,True,64,1e-05,0.0001,100,"(0.5, 0.2, 0.3)",64,20,2,0,6,19.54,384,0,"[0.602, 0.7006, 0.6856, 0.6576, 0.596, 0.6235]","[None, None, None, None, None, None]",2007
False,True,64,1e-05,0.0001,100,"(0.5, 0.2, 0.3)",64,20,2,0,1,2.75,64,1,[0.4681],[None],2008
False,True,64,1e-05,0.0001,100,"(0.5, 0.2, 0.3)",64,20,2,0,1,2.75,64,0,[0.6305],[None],2009
False,True,64,1e-05,0.0001,100,"(0.5, 0.2, 0.3)",64,20,2,0,1,2.75,64,0,[0.6555],[None],2010
False,True,64,1e-05,0.0001,100,"(0.5, 0.2, 0.3)",64,20,2,0,1,2.76,64,0,[0.6097],[None],2011
False,True,64,1e-05,0.0001,100,"(0.5, 0.2, 0.3)",64,20,2,0,1,2.75,64,0,[0.5746],[None],2012
False,True,64,1e-05,0.0001,100,"(0.5, 0.2, 0.3)",64,20,2,0,2,5.71,128,0,"[0.6709, 0.6324]","[None, None]",2013
False,True,64,1e-05,0.0001,100,"(0.5, 0.2, 0.3)",64,20,2,0,1,2.76,64,0,[0.677],[None],2014
False,True,64,1e-05,0.0001,100,"(0.5, 0.2, 0.3)",64,20,2,0,1,2.75,64,0,[0.6495],[None],2015
False,True,64,1e-05,0.0001,100,"(0.5, 0.2, 0.3)",64,20,2,0,3,8.86,192,0,"[0.5898, 0.477, 0.467]","[None, None, None]",2016
False,True,64,1e-05,0.0001,100,"(0.5, 0.2, 0.3)",64,20,2,0,1,2.79,64,0,[0.6779],[None],2017
False,True,64,1e-05,0.0001,100,"(0.5, 0.2, 0.3)",64,20,2,0,2,5.71,128,1,"[0.5778, 0.5814]","[None, None]",2018
False,True,64,1e-05,0.0001,100,"(0.5, 0.2, 0.3)",64,20,2,0,1,2.75,64,0,[0.6005],[None],2019
False,True,64,1e-05,0.0001,200,"(0.5, 0.2, 0.3)",64,20,2,0,1,2.75,64,0,[0.6931],[None],2000
False,True,64,1e-05,0.0001,200,"(0.5, 0.2, 0.3)",64,20,2,0,1,2.75,64,0,[0.5535],[None],2001
False,True,64,1e-05,0.0001,200,"(0.5, 0.2, 0.3)",64,20,2,0,1,2.75,64,1,[0.6738],[None],2002
False,True,64,1e-05,0.0001,200,"(0.5, 0.2, 0.3)",64,20,2,0,2,5.71,128,1,"[0.6235, 0.6825]","[None, None]",2003
False,True,64,1e-05,0.0001,200,"(0.5, 0.2, 0.3)",64,20,2,0,1,2.81,64,0,[0.6936],[None],2004
False,True,64,1e-05,0.0001,200,"(0.5, 0.2, 0.3)",64,20,2,0,1,2.76,64,0,[0.6077],[None],2005
False,True,64,1e-05,0.0001,200,"(0.5, 0.2, 0.3)",64,20,2,0,1,2.75,64,0,[0.6419],[None],2006
False,True,64,1e-05,0.0001,200,"(0.5, 0.2, 0.3)",64,20,2,0,6,19.38,384,0,"[0.5994, 0.7076, 0.6786, 0.6467, 0.649, 0.6388]","[None, None, None, None, None, None]",2007
False,True,64,1e-05,0.0001,200,"(0.5, 0.2, 0.3)",64,20,2,0,1,2.61,64,1,[0.4839],[None],2008
False,True,64,1e-05,0.0001,200,"(0.5, 0.2, 0.3)",64,20,2,0,1,2.62,64,0,[0.6275],[None],2009
False,True,64,1e-05,0.0001,200,"(0.5, 0.2, 0.3)",64,20,2,0,1,2.62,64,0,[0.6409],[None],2010
False,True,64,1e-05,0.0001,200,"(0.5, 0.2, 0.3)",64,20,2,0,1,2.62,64,0,[0.6052],[None],2011
False,True,64,1e-05,0.0001,200,"(0.5, 0.2, 0.3)",64,20,2,0,1,2.62,64,0,[0.5818],[None],2012
False,True,64,1e-05,0.0001,200,"(0.5, 0.2, 0.3)",64,20,2,0,3,8.45,192,0,"[0.6701, 0.6461, 0.6499]","[None, None, None]",2013
False,True,64,1e-05,0.0001,200,"(0.5, 0.2, 0.3)",64,20,2,0,1,2.62,64,0,[0.6771],[None],2014
False,True,64,1e-05,0.0001,200,"(0.5, 0.2, 0.3)",64,20,2,0,1,2.62,64,0,[0.6448],[None],2015
False,True,64,1e-05,0.0001,200,"(0.5, 0.2, 0.3)",64,20,2,0,3,8.46,192,0,"[0.5914, 0.4771, 0.4509]","[None, None, None]",2016
False,True,64,1e-05,0.0001,200,"(0.5, 0.2, 0.3)",64,20,2,0,1,2.72,64,0,[0.6798],[None],2017
False,True,64,1e-05,0.0001,200,"(0.5, 0.2, 0.3)",64,20,2,0,2,5.7,128,0,"[0.5713, 0.5739]","[None, None]",2018
False,True,64,1e-05,0.0001,200,"(0.5, 0.2, 0.3)",64,20,2,0,1,2.75,64,0,[0.5891],[None],2019
False,True,64,1e-05,1e-05,0,"(0.5, 0.2, 0.3)",64,20,2,0,2,5.7,128,0,"[-9.3264, -9.1677]","[None, None]",2000
False,True,64,1e-05,1e-05,0,"(0.5, 0.2, 0.3)",64,20,2,0,2,5.71,128,0,"[-9.1152, -8.9669]","[None, None]",2001
False,True,64,1e-05,1e-05,0,"(0.5, 0.2, 0.3)",64,20,2,0,1,2.77,64,1,[-9.1198],[None],2002
False,True,64,1e-05,1e-05,0,"(0.5, 0.2, 0.3)",64,20,2,0,2,5.73,128,0,"[-8.9666, -8.7673]","[None, None]",2003
False,True,64,1e-05,1e-05,0,"(0.5, 0.2, 0.3)",64,20,2,0,1,2.75,64,0,[-9.1866],[None],2004
False,True,64,1e-05,1e-05,0,"(0.5, 0.2, 0.3)",64,20,2,0,1,2.78,64,0,[-9.1616],[None],2005
False,True,64,1e-05,1e-05,0,"(0.5, 0.2, 0.3)",64,20,2,0,2,5.7,128,0,"[-9.2827, -9.1423]","[None, None]",2006
False,True,64,1e-05,1e-05,0,"(0.5, 0.2, 0.3)",64,20,2,0,3,8.83,192,0,"[-9.1734, -8.9794, -8.9164]","[None, None, None]",2007
False,True,64,1e-05,1e-05,0,"(0.5, 0.2, 0.3)",64,20,2,0,1,2.75,64,1,[-9.4102],[None],2008
False,True,64,1e-05,1e-05,0,"(0.5, 0.2, 0.3)",64,20,2,0,2,5.7,128,0,"[-9.3206, -9.0955]","[None, None]",2009
False,True,64,1e-05,1e-05,0,"(0.5, 0.2, 0.3)",64,20,2,0,2,5.51,128,0,"[-9.2817, -9.0191]","[None, None]",2010
False,True,64,1e-05,1e-05,0,"(0.5, 0.2, 0.3)",64,20,2,0,1,2.62,64,0,[-9.1193],[None],2011
False,True,64,1e-05,1e-05,0,"(0.5, 0.2, 0.3)",64,20,2,0,2,5.48,128,0,"[-9.3181, -9.3293]","[None, None]",2012
False,True,64,1e-05,1e-05,0,"(0.5, 0.2, 0.3)",64,20,2,0,2,5.47,128,0,"[-9.1604, -9.0828]","[None, None]",2013
False,True,64,1e-05,1e-05,0,"(0.5, 0.2, 0.3)",64,20,2,0,2,5.51,128,0,"[-9.2575, -8.8235]","[None, None]",2014
False,True,64,1e-05,1e-05,0,"(0.5, 0.2, 0.3)",64,20,2,0,2,5.45,128,0,"[-9.3721, -9.1211]","[None, None]",2015
False,True,64,1e-05,1e-05,0,"(0.5, 0.2, 0.3)",64,20,2,0,2,5.45,128,0,"[-9.2631, -8.768]","[None, None]",2016
False,True,64,1e-05,1e-05,0,"(0.5, 0.2, 0.3)",64,20,2,0,2,5.48,128,0,"[-8.9992, -9.0081]","[None, None]",2017
False,True,64,1e-05,1e-05,0,"(0.5, 0.2, 0.3)",64,20,2,0,2,5.45,128,0,"[-9.062, -9.4981]","[None, None]",2018
False,True,64,1e-05,1e-05,0,"(0.5, 0.2, 0.3)",64,20,2,0,1,2.62,64,0,[-9.0276],[None],2019
False,True,64,1e-05,1e-05,100,"(0.5, 0.2, 0.3)",64,20,2,0,2,5.45,128,0,"[-8.7808, -8.5328]","[None, None]",2000
False,True,64,1e-05,1e-05,100,"(0.5, 0.2, 0.3)",64,20,2,0,2,5.46,128,1,"[-8.4942, -8.3813]","[None, None]",2001
False,True,64,1e-05,1e-05,100,"(0.5, 0.2, 0.3)",64,20,2,0,1,2.65,64,1,[-8.5466],[None],2002
False,True,64,1e-05,1e-05,100,"(0.5, 0.2, 0.3)",64,20,2,0,2,5.45,128,0,"[-8.3595, -8.0674]","[None, None]",2003
False,True,64,1e-05,1e-05,100,"(0.5, 0.2, 0.3)",64,20,2,0,1,2.62,64,0,[-8.6331],[None],2004
False,True,64,1e-05,1e-05,100,"(0.5, 0.2, 0.3)",64,20,2,0,1,2.62,64,0,[-8.6025],[None],2005
False,True,64,1e-05,1e-05,100,"(0.5, 0.2, 0.3)",64,20,2,0,1,2.62,64,0,[-8.7206],[None],2006
False,True,64,1e-05,1e-05,100,"(0.5, 0.2, 0.3)",64,20,2,0,3,8.76,192,0,"[-8.5463, -8.4596, -8.4491]","[None, None, None]",2007
False,True,64,1e-05,1e-05,100,"(0.5, 0.2, 0.3)",64,20,2,0,1,2.75,64,1,[-8.9172],[None],2008
False,True,64,1e-05,1e-05,100,"(0.5, 0.2, 0.3)",64,20,2,0,2,5.71,128,0,"[-8.7348, -8.5148]","[None, None]",2009
False,True,64,1e-05,1e-05,100,"(0.5, 0.2, 0.3)",64,20,2,0,1,2.75,64,0,[-8.6954],[None],2010
False,True,64,1e-05,1e-05,100,"(0.5, 0.2, 0.3)",64,20,2,0,1,2.76,64,0,[-8.4732],[None],2011
False,True,64,1e-05,1e-05,100,"(0.5, 0.2, 0.3)",64,20,2,0,2,5.69,128,0,"[-8.6682, -8.6223]","[None, None]",2012
False,True,64,1e-05,1e-05,100,"(0.5, 0.2, 0.3)",64,20,2,0,3,8.56,192,0,"[-8.521, -8.6332, -8.587]","[None, None, None]",2013
False,True,64,1e-05,1e-05,100,"(0.5, 0.2, 0.3)",64,20,2,0,2,5.48,128,0,"[-8.7031, -8.1458]","[None, None]",2014
False,True,64,1e-05,1e-05,100,"(0.5, 0.2, 0.3)",64,20,2,0,1,2.63,64,0,[-8.7921],[None],2015
False,True,64,1e-05,1e-05,100,"(0.5, 0.2, 0.3)",64,20,2,0,2,5.48,128,0,"[-8.6572, -8.1186]","[None, None]",2016
False,True,64,1e-05,1e-05,100,"(0.5, 0.2, 0.3)",64,20,2,0,2,5.47,128,0,"[-8.3655, -8.4092]","[None, None]",2017
False,True,64,1e-05,1e-05,100,"(0.5, 0.2, 0.3)",64,20,2,0,2,5.53,128,0,"[-8.5192, -9.0125]","[None, None]",2018
False,True,64,1e-05,1e-05,100,"(0.5, 0.2, 0.3)",64,20,2,0,1,2.63,64,0,[-8.4457],[None],2019
False,True,64,1e-05,1e-05,200,"(0.5, 0.2, 0.3)",64,20,2,0,2,5.48,128,0,"[-8.2819, -8.0954]","[None, None]",2000
False,True,64,1e-05,1e-05,200,"(0.5, 0.2, 0.3)",64,20,2,0,2,5.48,128,1,"[-7.951, -8.0557]","[None, None]",2001
False,True,64,1e-05,1e-05,200,"(0.5, 0.2, 0.3)",64,20,2,0,1,2.62,64,1,[-8.0233],[None],2002
False,True,64,1e-05,1e-05,200,"(0.5, 0.2, 0.3)",64,20,2,0,2,5.46,128,0,"[-7.8326, -7.5491]","[None, None]",2003
False,True,64,1e-05,1e-05,200,"(0.5, 0.2, 0.3)",64,20,2,0,1,2.63,64,0,[-8.0613],[None],2004
False,True,64,1e-05,1e-05,200,"(0.5, 0.2, 0.3)",64,20,2,0,1,2.62,64,0,[-8.0608],[None],2005
False,True,64,1e-05,1e-05,200,"(0.5, 0.2, 0.3)",64,20,2,0,1,2.64,64,0,[-8.2226],[None],2006
False,True,64,1e-05,1e-05,200,"(0.5, 0.2, 0.3)",64,20,2,0,3,8.48,192,0,"[-8.0379, -8.0063, -8.0106]","[None, None, None]",2007
False,True,64,1e-05,1e-05,200,"(0.5, 0.2, 0.3)",64,20,2,0,1,2.63,64,1,[-8.4002],[None],2008
False,True,64,1e-05,1e-05,200,"(0.5, 0.2, 0.3)",64,20,2,0,2,5.5,128,0,"[-8.2105, -8.1199]","[None, None]",2009
False,True,64,1e-05,1e-05,200,"(0.5, 0.2, 0.3)",64,20,2,0,1,2.63,64,0,[-8.2426],[None],2010
False,True,64,1e-05,1e-05,200,"(0.5, 0.2, 0.3)",64,20,2,0,1,2.66,64,0,[-7.9491],[None],2011
False,True,64,1e-05,1e-05,200,"(0.5, 0.2, 0.3)",64,20,2,0,2,5.49,128,0,"[-8.1462, -8.3597]","[None, None]",2012
False,True,64,1e-05,1e-05,200,"(0.5, 0.2, 0.3)",64,20,2,0,3,8.48,192,0,"[-8.0206, -8.0471, -7.9439]","[None, None, None]",2013
False,True,64,1e-05,1e-05,200,"(0.5, 0.2, 0.3)",64,20,2,0,2,5.47,128,0,"[-8.1773, -7.8338]","[None, None]",2014
False,True,64,1e-05,1e-05,200,"(0.5, 0.2, 0.3)",64,20,2,0,1,2.63,64,0,[-8.3109],[None],2015
False,True,64,1e-05,1e-05,200,"(0.5, 0.2, 0.3)",64,20,2,0,1,2.63,64,0,[-8.1171],[None],2016
False,True,64,1e-05,1e-05,200,"(0.5, 0.2, 0.3)",64,20,2,0,2,5.54,128,1,"[-7.8168, -7.9741]","[None, None]",2017
False,True,64,1e-05,1e-05,200,"(0.5, 0.2, 0.3)",64,20,2,0,2,5.47,128,0,"[-7.8906, -8.5726]","[None, None]",2018
False,True,64,1e-05,1e-05,200,"(0.5, 0.2, 0.3)",64,20,2,0,1,2.63,64,0,[-7.9304],[None],2019
False,False,64,1e-05,0.0001,0,"(0.5, 0.2, 0.3)",64,20,4,0,1,3.2,64,0,[0.6977],[None],2000
False,False,64,1e-05,0.0001,0,"(0.5, 0.2, 0.3)",64,20,4,0,1,3.2,64,0,[0.5826],[None],2001
False,False,64,1e-05,0.0001,0,"(0.5, 0.2, 0.3)",64,20,4,0,1,3.2,64,1,[0.695],[None],2002
False,False,64,1e-05,0.0001,0,"(0.5, 0.2, 0.3)",64,20,4,0,2,6.62,128,1,"[0.6664, 0.6705]","[None, None]",2003
False,False,64,1e-05,0.0001,0,"(0.5, 0.2, 0.3)",64,20,4,0,1,3.2,64,0,[0.7097],[None],2004
False,False,64,1e-05,0.0001,0,"(0.5, 0.2, 0.3)",64,20,4,0,1,3.2,64,0,[0.6643],[None],2005
False,False,64,1e-05,0.0001,0,"(0.5, 0.2, 0.3)",64,20,4,0,1,3.2,64,0,[0.6487],[None],2006
False,False,64,1e-05,0.0001,0,"(0.5, 0.2, 0.3)",64,20,4,0,1,3.2,64,0,[0.6077],[None],2007
False,False,64,1e-05,0.0001,0,"(0.5, 0.2, 0.3)",64,20,4,0,1,3.2,64,1,[0.4084],[None],2008
False,False,64,1e-05,0.0001,0,"(0.5, 0.2, 0.3)",64,20,4,0,1,3.2,64,0,[0.6435],[None],2009
False,False,64,1e-05,0.0001,0,"(0.5, 0.2, 0.3)",64,20,4,0,1,3.19,64,0,[0.6674],[None],2010
False,False,64,1e-05,0.0001,0,"(0.5, 0.2, 0.3)",64,20,4,0,1,3.2,64,0,[0.653],[None],2011
False,False,64,1e-05,0.0001,0,"(0.5, 0.2, 0.3)",64,20,4,0,1,3.2,64,0,[0.5891],[None],2012
False,False,64,1e-05,0.0001,0,"(0.5, 0.2, 0.3)",64,20,4,0,2,6.62,128,0,"[0.6902, 0.7181]","[None, None]",2013
False,False,64,1e-05,0.0001,0,"(0.5, 0.2, 0.3)",64,20,4,0,1,3.2,64,0,[0.6797],[None],2014
False,False,64,1e-05,0.0001,0,"(0.5, 0.2, 0.3)",64,20,4,0,5,18.08,320,1,"[0.6539, 0.587, 0.6704, 0.6435, 0.6021]","[None, None, None, None, None]",2015
False,False,64,1e-05,0.0001,0,"(0.5, 0.2, 0.3)",64,20,4,0,2,6.64,128,1,"[0.6079, 0.6004]","[None, None]",2016
False,False,64,1e-05,0.0001,0,"(0.5, 0.2, 0.3)",64,20,4,0,1,3.2,64,0,[0.716],[None],2017
False,False,64,1e-05,0.0001,0,"(0.5, 0.2, 0.3)",64,20,4,0,2,6.69,128,0,"[0.5947, 0.6243]","[None, None]",2018
False,False,64,1e-05,0.0001,0,"(0.5, 0.2, 0.3)",64,20,4,0,1,3.2,64,0,[0.5953],[None],2019
False,False,64,1e-05,0.0001,100,"(0.5, 0.2, 0.3)",64,20,4,0,1,3.2,64,0,[0.6966],[None],2000
False,False,64,1e-05,0.0001,100,"(0.5, 0.2, 0.3)",64,20,4,0,1,3.2,64,0,[0.5743],[None],2001
False,False,64,1e-05,0.0001,100,"(0.5, 0.2, 0.3)",64,20,4,0,1,3.21,64,1,[0.687],[None],2002
False,False,64,1e-05,0.0001,100,"(0.5, 0.2, 0.3)",64,20,4,0,2,6.63,128,1,"[0.6537, 0.6285]","[None, None]",2003
False,False,64,1e-05,0.0001,100,"(0.5, 0.2, 0.3)",64,20,4,0,1,3.2,64,0,[0.6993],[None],2004
False,False,64,1e-05,0.0001,100,"(0.5, 0.2, 0.3)",64,20,4,0,1,3.2,64,0,[0.6468],[None],2005
False,False,64,1e-05,0.0001,100,"(0.5, 0.2, 0.3)",64,20,4,0,1,3.2,64,0,[0.6465],[None],2006
False,False,64,1e-05,0.0001,100,"(0.5, 0.2, 0.3)",64,20,4,0,1,3.2,64,0,[0.6002],[None],2007
False,False,64,1e-05,0.0001,100,"(0.5, 0.2, 0.3)",64,20,4,0,1,3.2,64,1,[0.4376],[None],2008
False,False,64,1e-05,0.0001,100,"(0.5, 0.2, 0.3)",64,20,4,0,1,3.2,64,0,[0.6342],[None],2009
False,False,64,1e-05,0.0001,100,"(0.5, 0.2, 0.3)",64,20,4,0,1,3.21,64,0,[0.6498],[None],2010
False,False,64,1e-05,0.0001,100,"(0.5, 0.2, 0.3)",64,20,4,0,1,3.2,64,0,[0.6372],[None],2011
False,False,64,1e-05,0.0001,100,"(0.5, 0.2, 0.3)",64,20,4,0,1,3.2,64,0,[0.5961],[None],2012
False,False,64,1e-05,0.0001,100,"(0.5, 0.2, 0.3)",64,20,4,0,2,6.63,128,0,"[0.6727, 0.6766]","[None, None]",2013
False,False,64,1e-05,0.0001,100,"(0.5, 0.2, 0.3)",64,20,4,0,1,3.2,64,0,[0.6705],[None],2014
False,False,64,1e-05,0.0001,100,"(0.5, 0.2, 0.3)",64,20,4,0,1,3.2,64,0,[0.6593],[None],2015
False,False,64,1e-05,0.0001,100,"(0.5, 0.2, 0.3)",64,20,4,0,2,6.63,128,0,"[0.6, 0.4772]","[None, None]",2016
False,False,64,1e-05,0.0001,100,"(0.5, 0.2, 0.3)",64,20,4,0,1,3.2,64,0,[0.7003],[None],2017
False,False,64,1e-05,0.0001,100,"(0.5, 0.2, 0.3)",64,20,4,0,2,6.63,128,1,"[0.5904, 0.6332]","[None, None]",2018
False,False,64,1e-05,0.0001,100,"(0.5, 0.2, 0.3)",64,20,4,0,1,3.21,64,0,[0.6004],[None],2019
False,False,64,1e-05,0.0001,200,"(0.5, 0.2, 0.3)",64,20,4,0,1,3.2,64,0,[0.7004],[None],2000
False,False,64,1e-05,0.0001,200,"(0.5, 0.2, 0.3)",64,20,4,0,1,3.2,64,0,[0.5752],[None],2001
False,False,64,1e-05,0.0001,200,"(0.5, 0.2, 0.3)",64,20,4,0,1,3.21,64,1,[0.6879],[None],2002
False,False,64,1e-05,0.0001,200,"(0.5, 0.2, 0.3)",64,20,4,0,2,6.66,128,1,"[0.6567, 0.6497]","[None, None]",2003
False,False,64,1e-05,0.0001,200,"(0.5, 0.2, 0.3)",64,20,4,0,1,3.2,64,0,[0.6986],[None],2004
False,False,64,1e-05,0.0001,200,"(0.5, 0.2, 0.3)",64,20,4,0,1,3.2,64,0,[0.6355],[None],2005
False,False,64,1e-05,0.0001,200,"(0.5, 0.2, 0.3)",64,20,4,0,1,3.2,64,0,[0.6524],[None],2006
False,False,64,1e-05,0.0001,200,"(0.5, 0.2, 0.3)",64,20,4,0,1,3.21,64,0,[0.5969],[None],2007
False,False,64,1e-05,0.0001,200,"(0.5, 0.2, 0.3)",64,20,4,0,1,3.23,64,1,[0.4725],[None],2008
False,False,64,1e-05,0.0001,200,"(0.5, 0.2, 0.3)",64,20,4,0,1,3.21,64,0,[0.6394],[None],2009
False,False,64,1e-05,0.0001,200,"(0.5, 0.2, 0.3)",64,20,4,0,1,3.2,64,0,[0.6379],[None],2010
False,False,64,1e-05,0.0001,200,"(0.5, 0.2, 0.3)",64,20,4,0,1,3.21,64,0,[0.6312],[None],2011
False,False,64,1e-05,0.0001,200,"(0.5, 0.2, 0.3)",64,20,4,0,1,3.2,64,0,[0.6033],[None],2012
False,False,64,1e-05,0.0001,200,"(0.5, 0.2, 0.3)",64,20,4,0,3,10.24,192,0,"[0.6678, 0.7094, 0.6862]","[None, None, None]",2013
False,False,64,1e-05,0.0001,200,"(0.5, 0.2, 0.3)",64,20,4,0,1,3.2,64,0,[0.674],[None],2014
False,False,64,1e-05,0.0001,200,"(0.5, 0.2, 0.3)",64,20,4,0,4,14.06,256,0,"[0.657, 0.6161, 0.6976, 0.6745]","[None, None, None, None]",2015
False,False,64,1e-05,0.0001,200,"(0.5, 0.2, 0.3)",64,20,4,0,2,6.7,128,0,"[0.5973, 0.4705]","[None, None]",2016
False,False,64,1e-05,0.0001,200,"(0.5, 0.2, 0.3)",64,20,4,0,1,3.34,64,0,[0.7037],[None],2017
False,False,64,1e-05,0.0001,200,"(0.5, 0.2, 0.3)",64,20,4,0,2,6.89,128,0,"[0.5917, 0.6588]","[None, None]",2018
False,False,64,1e-05,0.0001,200,"(0.5, 0.2, 0.3)",64,20,4,0,1,3.34,64,0,[0.6034],[None],2019
False,False,64,1e-05,1e-05,0,"(0.5, 0.2, 0.3)",64,20,4,0,1,3.32,64,0,[0.6151],[None],2000
False,False,64,1e-05,1e-05,0,"(0.5, 0.2, 0.3)",64,20,4,0,1,3.32,64,0,[0.6588],[None],2001
False,False,64,1e-05,1e-05,0,"(0.5, 0.2, 0.3)",64,20,4,0,1,3.34,64,1,[0.5308],[None],2002
False,False,64,1e-05,1e-05,0,"(0.5, 0.2, 0.3)",64,20,4,0,2,6.75,128,1,"[0.5791, 0.5041]","[None, None]",2003
False,False,64,1e-05,1e-05,0,"(0.5, 0.2, 0.3)",64,20,4,0,1,3.19,64,0,[0.6573],[None],2004
False,False,64,1e-05,1e-05,0,"(0.5, 0.2, 0.3)",64,20,4,0,1,3.19,64,0,[0.5295],[None],2005
False,False,64,1e-05,1e-05,0,"(0.5, 0.2, 0.3)",64,20,4,0,1,3.19,64,0,[0.5873],[None],2006
False,False,64,1e-05,1e-05,0,"(0.5, 0.2, 0.3)",64,20,4,0,1,3.34,64,0,[0.6274],[None],2007
False,False,64,1e-05,1e-05,0,"(0.5, 0.2, 0.3)",64,20,4,0,1,3.35,64,1,[0.5004],[None],2008
False,False,64,1e-05,1e-05,0,"(0.5, 0.2, 0.3)",64,20,4,0,1,3.32,64,0,[0.5273],[None],2009
False,False,64,1e-05,1e-05,0,"(0.5, 0.2, 0.3)",64,20,4,0,1,3.34,64,0,[0.4897],[None],2010
False,False,64,1e-05,1e-05,0,"(0.5, 0.2, 0.3)",64,20,4,0,1,3.33,64,1,[0.5822],[None],2011
False,False,64,1e-05,1e-05,0,"(0.5, 0.2, 0.3)",64,20,4,0,2,6.87,128,1,"[0.6626, 0.4837]","[None, None]",2012
False,False,64,1e-05,1e-05,0,"(0.5, 0.2, 0.3)",64,20,4,0,2,6.87,128,1,"[0.5406, 0.3783]","[None, None]",2013
False,False,64,1e-05,1e-05,0,"(0.5, 0.2, 0.3)",64,20,4,0,1,3.32,64,0,[0.6484],[None],2014
False,False,64,1e-05,1e-05,0,"(0.5, 0.2, 0.3)",64,20,4,0,2,6.88,128,0,"[0.4028, 0.2954]","[None, None]",2015
False,False,64,1e-05,1e-05,0,"(0.5, 0.2, 0.3)",64,20,4,0,1,3.32,64,0,[0.5065],[None],2016
False,False,64,1e-05,1e-05,0,"(0.5, 0.2, 0.3)",64,20,4,0,2,6.88,128,1,"[0.7103, 0.5935]","[None, None]",2017
False,False,64,1e-05,1e-05,0,"(0.5, 0.2, 0.3)",64,20,4,0,2,6.87,128,1,"[0.5859, 0.4505]","[None, None]",2018
False,False,64,1e-05,1e-05,0,"(0.5, 0.2, 0.3)",64,20,4,0,1,3.39,64,0,[0.5618],[None],2019
False,False,64,1e-05,1e-05,100,"(0.5, 0.2, 0.3)",64,20,4,0,1,3.33,64,0,[0.6717],[None],2000
False,False,64,1e-05,1e-05,100,"(0.5, 0.2, 0.3)",64,20,4,0,1,3.32,64,0,[0.667],[None],2001
False,False,64,1e-05,1e-05,100,"(0.5, 0.2, 0.3)",64,20,4,0,1,3.32,64,1,[0.6109],[None],2002
False,False,64,1e-05,1e-05,100,"(0.5, 0.2, 0.3)",64,20,4,0,2,6.89,128,1,"[0.6247, 0.572]","[None, None]",2003
False,False,64,1e-05,1e-05,100,"(0.5, 0.2, 0.3)",64,20,4,0,1,3.35,64,0,[0.7093],[None],2004
False,False,64,1e-05,1e-05,100,"(0.5, 0.2, 0.3)",64,20,4,0,1,3.34,64,0,[0.5795],[None],2005
False,False,64,1e-05,1e-05,100,"(0.5, 0.2, 0.3)",64,20,4,0,1,3.33,64,0,[0.6447],[None],2006
False,False,64,1e-05,1e-05,100,"(0.5, 0.2, 0.3)",64,20,4,0,1,3.33,64,0,[0.6641],[None],2007
False,False,64,1e-05,1e-05,100,"(0.5, 0.2, 0.3)",64,20,4,0,1,3.33,64,1,[0.5354],[None],2008
False,False,64,1e-05,1e-05,100,"(0.5, 0.2, 0.3)",64,20,4,0,1,3.32,64,0,[0.6007],[None],2009
False,False,64,1e-05,1e-05,100,"(0.5, 0.2, 0.3)",64,20,4,0,1,3.33,64,0,[0.6203],[None],2010
False,False,64,1e-05,1e-05,100,"(0.5, 0.2, 0.3)",64,20,4,0,1,3.34,64,1,[0.6386],[None],2011
False,False,64,1e-05,1e-05,100,"(0.5, 0.2, 0.3)",64,20,4,0,2,6.86,128,0,"[0.664, 0.5785]","[None, None]",2012
False,False,64,1e-05,1e-05,100,"(0.5, 0.2, 0.3)",64,20,4,0,2,6.9,128,1,"[0.6219, 0.4711]","[None, None]",2013
False,False,64,1e-05,1e-05,100,"(0.5, 0.2, 0.3)",64,20,4,0,1,3.32,64,0,[0.6871],[None],2014
False,False,64,1e-05,1e-05,100,"(0.5, 0.2, 0.3)",64,20,4,0,2,6.86,128,0,"[0.5352, 0.4359]","[None, None]",2015
False,False,64,1e-05,1e-05,100,"(0.5, 0.2, 0.3)",64,20,4,0,1,3.32,64,0,[0.5791],[None],2016
False,False,64,1e-05,1e-05,100,"(0.5, 0.2, 0.3)",64,20,4,0,1,3.33,64,0,[0.7361],[None],2017
False,False,64,1e-05,1e-05,100,"(0.5, 0.2, 0.3)",64,20,4,0,2,6.89,128,1,"[0.6181, 0.5419]","[None, None]",2018
False,False,64,1e-05,1e-05,100,"(0.5, 0.2, 0.3)",64,20,4,0,1,3.22,64,0,[0.6024],[None],2019
False,False,64,1e-05,1e-05,200,"(0.5, 0.2, 0.3)",64,20,4,0,1,3.32,64,0,[0.6877],[None],2000
False,False,64,1e-05,1e-05,200,"(0.5, 0.2, 0.3)",64,20,4,0,1,3.32,64,0,[0.6692],[None],2001
False,False,64,1e-05,1e-05,200,"(0.5, 0.2, 0.3)",64,20,4,0,1,3.33,64,1,[0.6337],[None],2002
False,False,64,1e-05,1e-05,200,"(0.5, 0.2, 0.3)",64,20,4,0,2,6.89,128,1,"[0.6416, 0.5841]","[None, None]",2003
False,False,64,1e-05,1e-05,200,"(0.5, 0.2, 0.3)",64,20,4,0,1,3.33,64,0,[0.725],[None],2004
False,False,64,1e-05,1e-05,200,"(0.5, 0.2, 0.3)",64,20,4,0,1,3.32,64,0,[0.6079],[None],2005
False,False,64,1e-05,1e-05,200,"(0.5, 0.2, 0.3)",64,20,4,0,1,3.33,64,0,[0.6632],[None],2006
False,False,64,1e-05,1e-05,200,"(0.5, 0.2, 0.3)",64,20,4,0,1,3.34,64,0,[0.6755],[None],2007
False,False,64,1e-05,1e-05,200,"(0.5, 0.2, 0.3)",64,20,4,0,1,3.27,64,1,[0.5511],[None],2008
False,False,64,1e-05,1e-05,200,"(0.5, 0.2, 0.3)",64,20,4,0,1,3.2,64,0,[0.6332],[None],2009
False,False,64,1e-05,1e-05,200,"(0.5, 0.2, 0.3)",64,20,4,0,1,3.2,64,0,[0.6518],[None],2010
False,False,64,1e-05,1e-05,200,"(0.5, 0.2, 0.3)",64,20,4,0,1,3.2,64,1,[0.6559],[None],2011
False,False,64,1e-05,1e-05,200,"(0.5, 0.2, 0.3)",64,20,4,0,2,6.63,128,1,"[0.669, 0.6317]","[None, None]",2012
False,False,64,1e-05,1e-05,200,"(0.5, 0.2, 0.3)",64,20,4,0,2,6.62,128,1,"[0.6486, 0.5267]","[None, None]",2013
False,False,64,1e-05,1e-05,200,"(0.5, 0.2, 0.3)",64,20,4,0,1,3.2,64,0,[0.6988],[None],2014
False,False,64,1e-05,1e-05,200,"(0.5, 0.2, 0.3)",64,20,4,0,3,10.21,192,0,"[0.575, 0.4501, 0.4531]","[None, None, None]",2015
False,False,64,1e-05,1e-05,200,"(0.5, 0.2, 0.3)",64,20,4,0,1,3.2,64,0,[0.5965],[None],2016
False,False,64,1e-05,1e-05,200,"(0.5, 0.2, 0.3)",64,20,4,0,1,3.26,64,0,[0.7447],[None],2017
False,False,64,1e-05,1e-05,200,"(0.5, 0.2, 0.3)",64,20,4,0,2,6.62,128,1,"[0.6344, 0.5701]","[None, None]",2018
False,False,64,1e-05,1e-05,200,"(0.5, 0.2, 0.3)",64,20,4,0,1,3.23,64,0,[0.6239],[None],2019
True,False,64,1e-05,0.0001,0,"(0.5, 0.2, 0.3)",64,20,4,0,3,10.21,192,0,"[0.741, 0.6559, 0.5554]","[None, None, None]",2000
True,False,64,1e-05,0.0001,0,"(0.5, 0.2, 0.3)",64,20,4,0,5,18.11,320,0,"[0.7162, 0.6684, 0.5466, 0.4394, 0.2839]","[None, None, None, None, None]",2001
True,False,64,1e-05,0.0001,0,"(0.5, 0.2, 0.3)",64,20,4,0,1,3.21,64,0,[0.75],[None],2002
True,False,64,1e-05,0.0001,0,"(0.5, 0.2, 0.3)",64,20,4,0,4,14.06,256,0,"[0.7361, 0.5812, 0.4836, 0.4452]","[None, None, None, None]",2003
True,False,64,1e-05,0.0001,0,"(0.5, 0.2, 0.3)",64,20,4,0,2,6.62,128,0,"[0.8005, 0.7086]","[None, None]",2004
True,False,64,1e-05,0.0001,0,"(0.5, 0.2, 0.3)",64,20,4,0,4,14.06,256,0,"[0.7487, 0.611, 0.4961, 0.503]","[None, None, None, None]",2005
True,False,64,1e-05,0.0001,0,"(0.5, 0.2, 0.3)",64,20,4,0,1,3.2,64,0,[0.7204],[None],2006
True,False,64,1e-05,0.0001,0,"(0.5, 0.2, 0.3)",64,20,4,0,3,10.23,192,0,"[0.6931, 0.584, 0.5447]","[None, None, None]",2007
True,False,64,1e-05,0.0001,0,"(0.5, 0.2, 0.3)",64,20,4,0,1,3.2,64,0,[0.6657],[None],2008
True,False,64,1e-05,0.0001,0,"(0.5, 0.2, 0.3)",64,20,4,0,2,6.63,128,1,"[0.7364, 0.6117]","[None, None]",2009
True,False,64,1e-05,0.0001,0,"(0.5, 0.2, 0.3)",64,20,4,0,1,3.19,64,0,[0.739],[None],2010
True,False,64,1e-05,0.0001,0,"(0.5, 0.2, 0.3)",64,20,4,0,1,3.28,64,0,[0.7538],[None],2011
True,False,64,1e-05,0.0001,0,"(0.5, 0.2, 0.3)",64,20,4,0,3,10.37,192,0,"[0.7135, 0.5832, 0.4828]","[None, None, None]",2012
True,False,64,1e-05,0.0001,0,"(0.5, 0.2, 0.3)",64,20,4,0,4,14.55,256,0,"[0.7756, 0.6197, 0.4951, 0.4896]","[None, None, None, None]",2013
True,False,64,1e-05,0.0001,0,"(0.5, 0.2, 0.3)",64,20,4,0,4,14.53,256,0,"[0.7644, 0.6689, 0.5702, 0.5076]","[None, None, None, None]",2014
True,False,64,1e-05,0.0001,0,"(0.5, 0.2, 0.3)",64,20,4,0,4,14.16,256,0,"[0.7062, 0.5777, 0.5132, 0.4206]","[None, None, None, None]",2015
True,False,64,1e-05,0.0001,0,"(0.5, 0.2, 0.3)",64,20,4,0,2,6.63,128,0,"[0.7303, 0.5341]","[None, None]",2016
True,False,64,1e-05,0.0001,0,"(0.5, 0.2, 0.3)",64,20,4,0,1,3.26,64,0,[0.7559],[None],2017
True,False,64,1e-05,0.0001,0,"(0.5, 0.2, 0.3)",64,20,4,0,2,6.61,128,0,"[0.6777, 0.5944]","[None, None]",2018
True,False,64,1e-05,0.0001,0,"(0.5, 0.2, 0.3)",64,20,4,0,2,6.62,128,0,"[0.731, 0.6834]","[None, None]",2019
True,False,64,1e-05,0.0001,100,"(0.5, 0.2, 0.3)",64,20,4,0,2,6.62,128,0,"[0.755, 0.6711]","[None, None]",2000
True,False,64,1e-05,0.0001,100,"(0.5, 0.2, 0.3)",64,20,4,0,2,6.66,128,0,"[0.6963, 0.6041]","[None, None]",2001
True,False,64,1e-05,0.0001,100,"(0.5, 0.2, 0.3)",64,20,4,0,1,3.2,64,0,[0.7447],[None],2002
True,False,64,1e-05,0.0001,100,"(0.5, 0.2, 0.3)",64,20,4,0,5,18.21,320,0,"[0.738, 0.6282, 0.5507, 0.465, 0.3726]","[None, None, None, None, None]",2003
True,False,64,1e-05,0.0001,100,"(0.5, 0.2, 0.3)",64,20,4,0,2,6.63,128,0,"[0.8028, 0.7261]","[None, None]",2004
True,False,64,1e-05,0.0001,100,"(0.5, 0.2, 0.3)",64,20,4,0,3,10.24,192,0,"[0.7502, 0.6428, 0.5591]","[None, None, None]",2005
True,False,64,1e-05,0.0001,100,"(0.5, 0.2, 0.3)",64,20,4,0,3,10.22,192,0,"[0.726, 0.6455, 0.6095]","[None, None, None]",2006
True,False,64,1e-05,0.0001,100,"(0.5, 0.2, 0.3)",64,20,4,0,2,6.63,128,0,"[0.6967, 0.6787]","[None, None]",2007
True,False,64,1e-05,0.0001,100,"(0.5, 0.2, 0.3)",64,20,4,0,2,6.66,128,0,"[0.6717, 0.5748]","[None, None]",2008
True,False,64,1e-05,0.0001,100,"(0.5, 0.2, 0.3)",64,20,4,0,2,6.66,128,0,"[0.7402, 0.6251]","[None, None]",2009
True,False,64,1e-05,0.0001,100,"(0.5, 0.2, 0.3)",64,20,4,0,2,6.63,128,0,"[0.74, 0.6951]","[None, None]",2010
True,False,64,1e-05,0.0001,100,"(0.5, 0.2, 0.3)",64,20,4,0,1,3.19,64,0,[0.7594],[None],2011
True,False,64,1e-05,0.0001,100,"(0.5, 0.2, 0.3)",64,20,4,0,5,18.7,320,0,"[0.7035, 0.6107, 0.5211, 0.4678, 0.5045]","[None, None, None, None, None]",2012
True,False,64,1e-05,0.0001,100,"(0.5, 0.2, 0.3)",64,20,4,0,5,18.69,320,0,"[0.7778, 0.6504, 0.5217, 0.4814, 0.4694]","[None, None, None, None, None]",2013
True,False,64,1e-05,0.0001,100,"(0.5, 0.2, 0.3)",64,20,4,0,4,14.52,256,0,"[0.7645, 0.6832, 0.605, 0.5547]","[None, None, None, None]",2014
True,False,64,1e-05,0.0001,100,"(0.5, 0.2, 0.3)",64,20,4,0,5,18.69,320,0,"[0.7168, 0.5871, 0.4837, 0.4757, 0.4596]","[None, None, None, None, None]",2015
True,False,64,1e-05,0.0001,100,"(0.5, 0.2, 0.3)",64,20,4,0,3,10.6,192,0,"[0.7353, 0.6023, 0.5116]","[None, None, None]",2016
True,False,64,1e-05,0.0001,100,"(0.5, 0.2, 0.3)",64,20,4,0,1,3.33,64,0,[0.7563],[None],2017
True,False,64,1e-05,0.0001,100,"(0.5, 0.2, 0.3)",64,20,4,0,3,10.66,192,0,"[0.688, 0.6267, 0.572]","[None, None, None]",2018
True,False,64,1e-05,0.0001,100,"(0.5, 0.2, 0.3)",64,20,4,0,2,6.88,128,1,"[0.7336, 0.6775]","[None, None]",2019
True,False,64,1e-05,0.0001,200,"(0.5, 0.2, 0.3)",64,20,4,0,3,10.44,192,0,"[0.7547, 0.6704, 0.6467]","[None, None, None]",2000
True,False,64,1e-05,0.0001,200,"(0.5, 0.2, 0.3)",64,20,4,0,2,6.63,128,0,"[0.6873, 0.5878]","[None, None]",2001
True,False,64,1e-05,0.0001,200,"(0.5, 0.2, 0.3)",64,20,4,0,1,3.22,64,0,[0.7482],[None],2002
True,False,64,1e-05,0.0001,200,"(0.5, 0.2, 0.3)",64,20,4,0,4,14.39,256,0,"[0.7297, 0.6293, 0.5364, 0.5043]","[None, None, None, None]",2003
True,False,64,1e-05,0.0001,200,"(0.5, 0.2, 0.3)",64,20,4,0,2,6.87,128,0,"[0.7937, 0.7102]","[None, None]",2004
True,False,64,1e-05,0.0001,200,"(0.5, 0.2, 0.3)",64,20,4,0,1,3.33,64,0,[0.7381],[None],2005
True,False,64,1e-05,0.0001,200,"(0.5, 0.2, 0.3)",64,20,4,0,1,3.31,64,0,[0.7353],[None],2006
True,False,64,1e-05,0.0001,200,"(0.5, 0.2, 0.3)",64,20,4,0,4,14.56,256,0,"[0.6971, 0.6775, 0.5918, 0.5249]","[None, None, None, None]",2007
True,False,64,1e-05,0.0001,200,"(0.5, 0.2, 0.3)",64,20,4,0,2,6.9,128,0,"[0.6914, 0.6186]","[None, None]",2008
True,False,64,1e-05,0.0001,200,"(0.5, 0.2, 0.3)",64,20,4,0,2,6.86,128,1,"[0.7225, 0.6467]","[None, None]",2009
True,False,64,1e-05,0.0001,200,"(0.5, 0.2, 0.3)",64,20,4,0,2,6.9,128,0,"[0.7334, 0.6924]","[None, None]",2010
True,False,64,1e-05,0.0001,200,"(0.5, 0.2, 0.3)",64,20,4,0,1,3.32,64,0,[0.7612],[None],2011
True,False,64,1e-05,0.0001,200,"(0.5, 0.2, 0.3)",64,20,4,0,3,10.35,192,0,"[0.6951, 0.6026, 0.5355]","[None, None, None]",2012
True,False,64,1e-05,0.0001,200,"(0.5, 0.2, 0.3)",64,20,4,0,2,6.63,128,0,"[0.7694, 0.6435]","[None, None]",2013
True,False,64,1e-05,0.0001,200,"(0.5, 0.2, 0.3)",64,20,4,0,3,10.21,192,0,"[0.7489, 0.7021, 0.6278]","[None, None, None]",2014
True,False,64,1e-05,0.0001,200,"(0.5, 0.2, 0.3)",64,20,4,0,4,14.06,256,0,"[0.716, 0.5677, 0.5665, 0.5058]","[None, None, None, None]",2015
True,False,64,1e-05,0.0001,200,"(0.5, 0.2, 0.3)",64,20,4,0,1,3.2,64,0,[0.7469],[None],2016
True,False,64,1e-05,0.0001,200,"(0.5, 0.2, 0.3)",64,20,4,0,2,6.62,128,1,"[0.7474, 0.656]","[None, None]",2017
True,False,64,1e-05,0.0001,200,"(0.5, 0.2, 0.3)",64,20,4,0,2,6.63,128,0,"[0.674, 0.6222]","[None, None]",2018
True,False,64,1e-05,0.0001,200,"(0.5, 0.2, 0.3)",64,20,4,0,2,6.88,128,0,"[0.7366, 0.7188]","[None, None]",2019
True,False,64,1e-05,1e-05,0,"(0.5, 0.2, 0.3)",64,20,4,0,3,10.6,192,0,"[-0.3102, 0.0924, 0.001]","[None, None, None]",2000
True,False,64,1e-05,1e-05,0,"(0.5, 0.2, 0.3)",64,20,4,0,1,3.34,64,0,[0.3728],[None],2001
True,False,64,1e-05,1e-05,0,"(0.5, 0.2, 0.3)",64,20,4,0,1,3.3,64,0,[0.3376],[None],2002
True,False,64,1e-05,1e-05,0,"(0.5, 0.2, 0.3)",64,20,4,0,3,10.22,192,0,"[0.1971, 0.1495, 0.115]","[None, None, None]",2003
True,False,64,1e-05,1e-05,0,"(0.5, 0.2, 0.3)",64,20,4,0,2,6.6,128,0,"[0.3334, 0.1722]","[None, None]",2004
True,False,64,1e-05,1e-05,0,"(0.5, 0.2, 0.3)",64,20,4,0,2,6.61,128,0,"[0.35, 0.1854]","[None, None]",2005
True,False,64,1e-05,1e-05,0,"(0.5, 0.2, 0.3)",64,20,4,0,2,6.6,128,0,"[0.332, -0.1378]","[None, None]",2006
True,False,64,1e-05,1e-05,0,"(0.5, 0.2, 0.3)",64,20,4,0,5,18.03,320,0,"[0.3666, -0.0798, 0.0265, -0.0259, 0.0367]","[None, None, None, None, None]",2007
True,False,64,1e-05,1e-05,0,"(0.5, 0.2, 0.3)",64,20,4,0,1,3.19,64,0,[-0.6147],[None],2008
True,False,64,1e-05,1e-05,0,"(0.5, 0.2, 0.3)",64,20,4,0,2,6.6,128,0,"[0.0812, -0.1062]","[None, None]",2009
True,False,64,1e-05,1e-05,0,"(0.5, 0.2, 0.3)",64,20,4,0,1,3.19,64,0,[0.0152],[None],2010
True,False,64,1e-05,1e-05,0,"(0.5, 0.2, 0.3)",64,20,4,0,1,3.19,64,0,[0.197],[None],2011
True,False,64,1e-05,1e-05,0,"(0.5, 0.2, 0.3)",64,20,4,0,2,6.6,128,0,"[0.4379, -0.2622]","[None, None]",2012
True,False,64,1e-05,1e-05,0,"(0.5, 0.2, 0.3)",64,20,4,0,3,10.23,192,0,"[0.2382, 0.0221, -0.0071]","[None, None, None]",2013
True,False,64,1e-05,1e-05,0,"(0.5, 0.2, 0.3)",64,20,4,0,3,10.18,192,0,"[0.3787, -0.1277, 0.0538]","[None, None, None]",2014
True,False,64,1e-05,1e-05,0,"(0.5, 0.2, 0.3)",64,20,4,0,5,18.01,320,0,"[-0.9694, -0.1949, -0.036, -0.0326, 0.0942]","[None, None, None, None, None]",2015
True,False,64,1e-05,1e-05,0,"(0.5, 0.2, 0.3)",64,20,4,0,1,3.19,64,0,[-0.1152],[None],2016
True,False,64,1e-05,1e-05,0,"(0.5, 0.2, 0.3)",64,20,4,0,2,6.59,128,0,"[0.3572, -0.4406]","[None, None]",2017
True,False,64,1e-05,1e-05,0,"(0.5, 0.2, 0.3)",64,20,4,0,2,6.59,128,0,"[0.4051, 0.156]","[None, None]",2018
True,False,64,1e-05,1e-05,0,"(0.5, 0.2, 0.3)",64,20,4,0,1,3.18,64,0,[-0.2179],[None],2019
True,False,64,1e-05,1e-05,100,"(0.5, 0.2, 0.3)",64,20,4,0,2,6.62,128,0,"[0.3097, 0.3093]","[None, None]",2000
True,False,64,1e-05,1e-05,100,"(0.5, 0.2, 0.3)",64,20,4,0,1,3.19,64,0,[0.5205],[None],2001
True,False,64,1e-05,1e-05,100,"(0.5, 0.2, 0.3)",64,20,4,0,1,3.19,64,0,[0.5027],[None],2002
True,False,64,1e-05,1e-05,100,"(0.5, 0.2, 0.3)",64,20,4,0,4,14.02,256,0,"[0.4139, 0.2816, 0.1936, 0.1569]","[None, None, None, None]",2003
True,False,64,1e-05,1e-05,100,"(0.5, 0.2, 0.3)",64,20,4,0,3,10.18,192,0,"[0.5743, 0.3565, 0.2649]","[None, None, None]",2004
True,False,64,1e-05,1e-05,100,"(0.5, 0.2, 0.3)",64,20,4,0,2,6.6,128,0,"[0.4882, 0.2689]","[None, None]",2005
True,False,64,1e-05,1e-05,100,"(0.5, 0.2, 0.3)",64,20,4,0,2,6.61,128,0,"[0.5307, 0.3065]","[None, None]",2006
True,False,64,1e-05,1e-05,100,"(0.5, 0.2, 0.3)",64,20,4,0,5,18.15,320,0,"[0.471, 0.1194, 0.1871, 0.1475, 0.101]","[None, None, None, None, None]",2007
True,False,64,1e-05,1e-05,100,"(0.5, 0.2, 0.3)",64,20,4,0,1,3.19,64,0,[0.3458],[None],2008
True,False,64,1e-05,1e-05,100,"(0.5, 0.2, 0.3)",64,20,4,0,2,6.61,128,0,"[0.4731, 0.3045]","[None, None]",2009
True,False,64,1e-05,1e-05,100,"(0.5, 0.2, 0.3)",64,20,4,0,1,3.19,64,0,[0.4127],[None],2010
True,False,64,1e-05,1e-05,100,"(0.5, 0.2, 0.3)",64,20,4,0,1,3.22,64,0,[0.4836],[None],2011
True,False,64,1e-05,1e-05,100,"(0.5, 0.2, 0.3)",64,20,4,0,2,6.61,128,0,"[0.5483, 0.2408]","[None, None]",2012
True,False,64,1e-05,1e-05,100,"(0.5, 0.2, 0.3)",64,20,4,0,2,6.61,128,0,"[0.438, 0.1909]","[None, None]",2013
True,False,64,1e-05,1e-05,100,"(0.5, 0.2, 0.3)",64,20,4,0,4,14.01,256,0,"[0.5309, 0.2369, 0.1493, 0.2018]","[None, None, None, None]",2014
True,False,64,1e-05,1e-05,100,"(0.5, 0.2, 0.3)",64,20,4,0,8,31.28,512,0,"[0.1171, 0.0482, 0.0847, 0.0382, 0.027, 0.0886, 0.0875, 0.1018]","[None, None, None, None, None, None, None, None]",2015
True,False,64,1e-05,1e-05,100,"(0.5, 0.2, 0.3)",64,20,4,0,1,3.19,64,0,[0.3318],[None],2016
True,False,64,1e-05,1e-05,100,"(0.5, 0.2, 0.3)",64,20,4,0,2,6.6,128,0,"[0.5831, 0.1798]","[None, None]",2017
True,False,64,1e-05,1e-05,100,"(0.5, 0.2, 0.3)",64,20,4,0,2,6.6,128,0,"[0.4669, 0.3686]","[None, None]",2018
True,False,64,1e-05,1e-05,100,"(0.5, 0.2, 0.3)",64,20,4,0,1,3.19,64,0,[0.3636],[None],2019
True,False,64,1e-05,1e-05,200,"(0.5, 0.2, 0.3)",64,20,4,0,3,10.19,192,0,"[0.533, 0.4628, 0.3672]","[None, None, None]",2000
True,False,64,1e-05,1e-05,200,"(0.5, 0.2, 0.3)",64,20,4,0,1,3.18,64,0,[0.5332],[None],2001
True,False,64,1e-05,1e-05,200,"(0.5, 0.2, 0.3)",64,20,4,0,1,3.19,64,0,[0.5806],[None],2002
True,False,64,1e-05,1e-05,200,"(0.5, 0.2, 0.3)",64,20,4,0,3,10.18,192,0,"[0.4943, 0.4182, 0.2913]","[None, None, None]",2003
True,False,64,1e-05,1e-05,200,"(0.5, 0.2, 0.3)",64,20,4,0,3,10.19,192,0,"[0.629, 0.5052, 0.3438]","[None, None, None]",2004
True,False,64,1e-05,1e-05,200,"(0.5, 0.2, 0.3)",64,20,4,0,2,6.6,128,0,"[0.5314, 0.2477]","[None, None]",2005
True,False,64,1e-05,1e-05,200,"(0.5, 0.2, 0.3)",64,20,4,0,2,6.67,128,0,"[0.5807, 0.4773]","[None, None]",2006
True,False,64,1e-05,1e-05,200,"(0.5, 0.2, 0.3)",64,20,4,0,3,10.19,192,0,"[0.5076, 0.3677, 0.2526]","[None, None, None]",2007
True,False,64,1e-05,1e-05,200,"(0.5, 0.2, 0.3)",64,20,4,0,1,3.22,64,0,[0.4758],[None],2008
True,False,64,1e-05,1e-05,200,"(0.5, 0.2, 0.3)",64,20,4,0,2,6.61,128,0,"[0.5515, 0.4808]","[None, None]",2009
True,False,64,1e-05,1e-05,200,"(0.5, 0.2, 0.3)",64,20,4,0,1,3.19,64,0,[0.5381],[None],2010
True,False,64,1e-05,1e-05,200,"(0.5, 0.2, 0.3)",64,20,4,0,1,3.19,64,0,[0.574],[None],2011
True,False,64,1e-05,1e-05,200,"(0.5, 0.2, 0.3)",64,20,4,0,2,6.7,128,0,"[0.5567, 0.3995]","[None, None]",2012
True,False,64,1e-05,1e-05,200,"(0.5, 0.2, 0.3)",64,20,4,0,3,10.29,192,0,"[0.5096, 0.3622, 0.3346]","[None, None, None]",2013
True,False,64,1e-05,1e-05,200,"(0.5, 0.2, 0.3)",64,20,4,0,3,10.33,192,1,"[0.5657, 0.4156, 0.3301]","[None, None, None]",2014
True,False,64,1e-05,1e-05,200,"(0.5, 0.2, 0.3)",64,20,4,0,10,47.06,640,1,"[0.4318, 0.2571, 0.187, 0.1423, 0.1318, 0.1414, 0.1359, 0.1143, 0.4581, 0.3868]","[None, None, None, None, None, None, None, None, None, None]",2015
True,False,64,1e-05,1e-05,200,"(0.5, 0.2, 0.3)",64,20,4,0,1,3.2,64,0,[0.4916],[None],2016
True,False,64,1e-05,1e-05,200,"(0.5, 0.2, 0.3)",64,20,4,0,2,6.72,128,0,"[0.6159, 0.4897]","[None, None]",2017
True,False,64,1e-05,1e-05,200,"(0.5, 0.2, 0.3)",64,20,4,0,2,6.63,128,0,"[0.4753, 0.4857]","[None, None]",2018
True,False,64,1e-05,1e-05,200,"(0.5, 0.2, 0.3)",64,20,4,0,1,3.2,64,0,[0.5579],[None],2019
False,True,64,1e-05,0.0001,0,"(0.5, 0.2, 0.3)",64,20,4,0,1,2.65,64,0,[0.7021],[None],2000
False,True,64,1e-05,0.0001,0,"(0.5, 0.2, 0.3)",64,20,4,0,1,2.63,64,0,[0.5539],[None],2001
False,True,64,1e-05,0.0001,0,"(0.5, 0.2, 0.3)",64,20,4,0,1,2.63,64,1,[0.6849],[None],2002
False,True,64,1e-05,0.0001,0,"(0.5, 0.2, 0.3)",64,20,4,0,2,5.47,128,1,"[0.6229, 0.6769]","[None, None]",2003
False,True,64,1e-05,0.0001,0,"(0.5, 0.2, 0.3)",64,20,4,0,1,2.63,64,0,[0.6978],[None],2004
False,True,64,1e-05,0.0001,0,"(0.5, 0.2, 0.3)",64,20,4,0,2,5.47,128,0,"[0.6196, 0.6246]","[None, None]",2005
False,True,64,1e-05,0.0001,0,"(0.5, 0.2, 0.3)",64,20,4,0,1,2.63,64,0,[0.6396],[None],2006
False,True,64,1e-05,0.0001,0,"(0.5, 0.2, 0.3)",64,20,4,0,5,15.19,320,0,"[0.6024, 0.6517, 0.5994, 0.5439, 0.5567]","[None, None, None, None, None]",2007
False,True,64,1e-05,0.0001,0,"(0.5, 0.2, 0.3)",64,20,4,0,1,2.63,64,1,[0.4358],[None],2008
False,True,64,1e-05,0.0001,0,"(0.5, 0.2, 0.3)",64,20,4,0,2,5.46,128,0,"[0.6266, 0.5941]","[None, None]",2009
False,True,64,1e-05,0.0001,0,"(0.5, 0.2, 0.3)",64,20,4,0,1,2.66,64,0,[0.6573],[None],2010
False,True,64,1e-05,0.0001,0,"(0.5, 0.2, 0.3)",64,20,4,0,1,2.63,64,0,[0.6197],[None],2011
False,True,64,1e-05,0.0001,0,"(0.5, 0.2, 0.3)",64,20,4,0,2,5.48,128,1,"[0.5603, 0.6519]","[None, None]",2012
False,True,64,1e-05,0.0001,0,"(0.5, 0.2, 0.3)",64,20,4,0,2,5.62,128,0,"[0.6696, 0.624]","[None, None]",2013
False,True,64,1e-05,0.0001,0,"(0.5, 0.2, 0.3)",64,20,4,0,4,12.31,256,1,"[0.6731, 0.5326, 0.3611, 0.3632]","[None, None, None, None]",2014
False,True,64,1e-05,0.0001,0,"(0.5, 0.2, 0.3)",64,20,4,0,3,8.85,192,0,"[0.6476, 0.61, 0.6238]","[None, None, None]",2015
False,True,64,1e-05,0.0001,0,"(0.5, 0.2, 0.3)",64,20,4,0,2,5.72,128,1,"[0.5701, 0.5397]","[None, None]",2016
False,True,64,1e-05,0.0001,0,"(0.5, 0.2, 0.3)",64,20,4,0,1,2.77,64,0,[0.6794],[None],2017
False,True,64,1e-05,0.0001,0,"(0.5, 0.2, 0.3)",64,20,4,0,2,5.48,128,0,"[0.5737, 0.593]","[None, None]",2018
False,True,64,1e-05,0.0001,0,"(0.5, 0.2, 0.3)",64,20,4,0,1,2.62,64,0,[0.5979],[None],2019
False,True,64,1e-05,0.0001,100,"(0.5, 0.2, 0.3)",64,20,4,0,1,2.63,64,0,[0.7001],[None],2000
False,True,64,1e-05,0.0001,100,"(0.5, 0.2, 0.3)",64,20,4,0,1,2.62,64,0,[0.5547],[None],2001
False,True,64,1e-05,0.0001,100,"(0.5, 0.2, 0.3)",64,20,4,0,1,2.65,64,1,[0.6803],[None],2002
False,True,64,1e-05,0.0001,100,"(0.5, 0.2, 0.3)",64,20,4,0,2,5.76,128,1,"[0.6229, 0.6739]","[None, None]",2003
False,True,64,1e-05,0.0001,100,"(0.5, 0.2, 0.3)",64,20,4,0,1,2.75,64,0,[0.6977],[None],2004
False,True,64,1e-05,0.0001,100,"(0.5, 0.2, 0.3)",64,20,4,0,2,5.74,128,1,"[0.6199, 0.6533]","[None, None]",2005
False,True,64,1e-05,0.0001,100,"(0.5, 0.2, 0.3)",64,20,4,0,1,2.76,64,0,[0.6391],[None],2006
False,True,64,1e-05,0.0001,100,"(0.5, 0.2, 0.3)",64,20,4,0,5,15.82,320,0,"[0.602, 0.6953, 0.6695, 0.6534, 0.5941]","[None, None, None, None, None]",2007
False,True,64,1e-05,0.0001,100,"(0.5, 0.2, 0.3)",64,20,4,0,1,2.76,64,1,[0.4681],[None],2008
False,True,64,1e-05,0.0001,100,"(0.5, 0.2, 0.3)",64,20,4,0,1,2.76,64,0,[0.6305],[None],2009
False,True,64,1e-05,0.0001,100,"(0.5, 0.2, 0.3)",64,20,4,0,1,2.76,64,0,[0.6555],[None],2010
False,True,64,1e-05,0.0001,100,"(0.5, 0.2, 0.3)",64,20,4,0,1,2.75,64,0,[0.6097],[None],2011
False,True,64,1e-05,0.0001,100,"(0.5, 0.2, 0.3)",64,20,4,0,1,2.75,64,0,[0.5746],[None],2012
False,True,64,1e-05,0.0001,100,"(0.5, 0.2, 0.3)",64,20,4,0,3,8.93,192,0,"[0.6709, 0.6655, 0.6496]","[None, None, None]",2013
False,True,64,1e-05,0.0001,100,"(0.5, 0.2, 0.3)",64,20,4,0,1,2.76,64,0,[0.677],[None],2014
False,True,64,1e-05,0.0001,100,"(0.5, 0.2, 0.3)",64,20,4,0,1,2.74,64,0,[0.6495],[None],2015
False,True,64,1e-05,0.0001,100,"(0.5, 0.2, 0.3)",64,20,4,0,3,8.89,192,0,"[0.5898, 0.4631, 0.5018]","[None, None, None]",2016
False,True,64,1e-05,0.0001,100,"(0.5, 0.2, 0.3)",64,20,4,0,1,2.76,64,0,[0.6779],[None],2017
False,True,64,1e-05,0.0001,100,"(0.5, 0.2, 0.3)",64,20,4,0,2,5.73,128,0,"[0.5778, 0.5868]","[None, None]",2018
False,True,64,1e-05,0.0001,100,"(0.5, 0.2, 0.3)",64,20,4,0,1,2.75,64,0,[0.6005],[None],2019
False,True,64,1e-05,0.0001,200,"(0.5, 0.2, 0.3)",64,20,4,0,1,2.75,64,0,[0.6931],[None],2000
False,True,64,1e-05,0.0001,200,"(0.5, 0.2, 0.3)",64,20,4,0,1,2.75,64,0,[0.5535],[None],2001
False,True,64,1e-05,0.0001,200,"(0.5, 0.2, 0.3)",64,20,4,0,1,2.75,64,1,[0.6738],[None],2002
False,True,64,1e-05,0.0001,200,"(0.5, 0.2, 0.3)",64,20,4,0,2,5.72,128,1,"[0.6235, 0.679]","[None, None]",2003
False,True,64,1e-05,0.0001,200,"(0.5, 0.2, 0.3)",64,20,4,0,1,2.76,64,0,[0.6936],[None],2004
False,True,64,1e-05,0.0001,200,"(0.5, 0.2, 0.3)",64,20,4,0,1,2.75,64,0,[0.6077],[None],2005
False,True,64,1e-05,0.0001,200,"(0.5, 0.2, 0.3)",64,20,4,0,1,2.76,64,0,[0.6419],[None],2006
False,True,64,1e-05,0.0001,200,"(0.5, 0.2, 0.3)",64,20,4,0,6,19.2,384,0,"[0.5994, 0.7082, 0.6767, 0.6442, 0.664, 0.6509]","[None, None, None, None, None, None]",2007
False,True,64,1e-05,0.0001,200,"(0.5, 0.2, 0.3)",64,20,4,0,1,2.76,64,1,[0.4839],[None],2008
False,True,64,1e-05,0.0001,200,"(0.5, 0.2, 0.3)",64,20,4,0,1,2.75,64,0,[0.6275],[None],2009
False,True,64,1e-05,0.0001,200,"(0.5, 0.2, 0.3)",64,20,4,0,1,2.76,64,0,[0.6409],[None],2010
False,True,64,1e-05,0.0001,200,"(0.5, 0.2, 0.3)",64,20,4,0,1,2.82,64,0,[0.6052],[None],2011
False,True,64,1e-05,0.0001,200,"(0.5, 0.2, 0.3)",64,20,4,0,1,2.75,64,0,[0.5818],[None],2012
False,True,64,1e-05,0.0001,200,"(0.5, 0.2, 0.3)",64,20,4,0,3,8.86,192,1,"[0.6701, 0.6735, 0.6922]","[None, None, None]",2013
False,True,64,1e-05,0.0001,200,"(0.5, 0.2, 0.3)",64,20,4,0,1,2.76,64,0,[0.6771],[None],2014
False,True,64,1e-05,0.0001,200,"(0.5, 0.2, 0.3)",64,20,4,0,1,2.75,64,0,[0.6448],[None],2015
False,True,64,1e-05,0.0001,200,"(0.5, 0.2, 0.3)",64,20,4,0,3,8.86,192,0,"[0.5914, 0.4925, 0.4848]","[None, None, None]",2016
False,True,64,1e-05,0.0001,200,"(0.5, 0.2, 0.3)",64,20,4,0,1,2.75,64,0,[0.6798],[None],2017
False,True,64,1e-05,0.0001,200,"(0.5, 0.2, 0.3)",64,20,4,0,2,5.75,128,1,"[0.5713, 0.582]","[None, None]",2018
False,True,64,1e-05,0.0001,200,"(0.5, 0.2, 0.3)",64,20,4,0,1,2.75,64,0,[0.5891],[None],2019
False,True,64,1e-05,1e-05,0,"(0.5, 0.2, 0.3)",64,20,4,0,2,5.72,128,0,"[-9.3264, -9.1671]","[None, None]",2000
False,True,64,1e-05,1e-05,0,"(0.5, 0.2, 0.3)",64,20,4,0,2,5.72,128,0,"[-9.1152, -8.9999]","[None, None]",2001
False,True,64,1e-05,1e-05,0,"(0.5, 0.2, 0.3)",64,20,4,0,1,2.72,64,1,[-9.1198],[None],2002
False,True,64,1e-05,1e-05,0,"(0.5, 0.2, 0.3)",64,20,4,0,2,5.47,128,0,"[-8.9666, -8.6999]","[None, None]",2003
False,True,64,1e-05,1e-05,0,"(0.5, 0.2, 0.3)",64,20,4,0,1,2.62,64,0,[-9.1866],[None],2004
False,True,64,1e-05,1e-05,0,"(0.5, 0.2, 0.3)",64,20,4,0,1,2.62,64,0,[-9.1616],[None],2005
False,True,64,1e-05,1e-05,0,"(0.5, 0.2, 0.3)",64,20,4,0,2,5.48,128,0,"[-9.2827, -9.213]","[None, None]",2006
False,True,64,1e-05,1e-05,0,"(0.5, 0.2, 0.3)",64,20,4,0,4,11.81,256,0,"[-9.1734, -9.0493, -9.0177, -8.9413]","[None, None, None, None]",2007
False,True,64,1e-05,1e-05,0,"(0.5, 0.2, 0.3)",64,20,4,0,1,2.64,64,1,[-9.4102],[None],2008
False,True,64,1e-05,1e-05,0,"(0.5, 0.2, 0.3)",64,20,4,0,2,5.52,128,0,"[-9.3206, -9.0985]","[None, None]",2009
False,True,64,1e-05,1e-05,0,"(0.5, 0.2, 0.3)",64,20,4,0,2,5.5,128,0,"[-9.2817, -9.089]","[None, None]",2010
False,True,64,1e-05,1e-05,0,"(0.5, 0.2, 0.3)",64,20,4,0,1,2.63,64,0,[-9.1193],[None],2011
False,True,64,1e-05,1e-05,0,"(0.5, 0.2, 0.3)",64,20,4,0,2,5.47,128,0,"[-9.3181, -9.28]","[None, None]",2012
False,True,64,1e-05,1e-05,0,"(0.5, 0.2, 0.3)",64,20,4,0,2,5.47,128,0,"[-9.1604, -9.1144]","[None, None]",2013
False,True,64,1e-05,1e-05,0,"(0.5, 0.2, 0.3)",64,20,4,0,2,5.47,128,0,"[-9.2575, -8.769]","[None, None]",2014
False,True,64,1e-05,1e-05,0,"(0.5, 0.2, 0.3)",64,20,4,0,1,2.63,64,0,[-9.3721],[None],2015
False,True,64,1e-05,1e-05,0,"(0.5, 0.2, 0.3)",64,20,4,0,2,5.47,128,0,"[-9.2631, -8.8387]","[None, None]",2016
False,True,64,1e-05,1e-05,0,"(0.5, 0.2, 0.3)",64,20,4,0,2,5.48,128,0,"[-8.9992, -8.9924]","[None, None]",2017
False,True,64,1e-05,1e-05,0,"(0.5, 0.2, 0.3)",64,20,4,0,2,5.47,128,0,"[-9.062, -9.4984]","[None, None]",2018
False,True,64,1e-05,1e-05,0,"(0.5, 0.2, 0.3)",64,20,4,0,1,2.63,64,0,[-9.0276],[None],2019
False,True,64,1e-05,1e-05,100,"(0.5, 0.2, 0.3)",64,20,4,0,2,5.54,128,0,"[-8.7808, -8.5501]","[None, None]",2000
False,True,64,1e-05,1e-05,100,"(0.5, 0.2, 0.3)",64,20,4,0,2,5.48,128,1,"[-8.4942, -8.4174]","[None, None]",2001
False,True,64,1e-05,1e-05,100,"(0.5, 0.2, 0.3)",64,20,4,0,1,2.65,64,1,[-8.5466],[None],2002
False,True,64,1e-05,1e-05,100,"(0.5, 0.2, 0.3)",64,20,4,0,2,5.5,128,0,"[-8.3595, -7.9386]","[None, None]",2003
False,True,64,1e-05,1e-05,100,"(0.5, 0.2, 0.3)",64,20,4,0,1,2.63,64,0,[-8.6331],[None],2004
False,True,64,1e-05,1e-05,100,"(0.5, 0.2, 0.3)",64,20,4,0,1,2.63,64,0,[-8.6025],[None],2005
False,True,64,1e-05,1e-05,100,"(0.5, 0.2, 0.3)",64,20,4,0,2,5.52,128,0,"[-8.7206, -8.4694]","[None, None]",2006
False,True,64,1e-05,1e-05,100,"(0.5, 0.2, 0.3)",64,20,4,0,3,8.49,192,0,"[-8.5463, -8.4864, -8.5812]","[None, None, None]",2007
False,True,64,1e-05,1e-05,100,"(0.5, 0.2, 0.3)",64,20,4,0,1,2.63,64,1,[-8.9172],[None],2008
False,True,64,1e-05,1e-05,100,"(0.5, 0.2, 0.3)",64,20,4,0,2,5.49,128,0,"[-8.7348, -8.5346]","[None, None]",2009
False,True,64,1e-05,1e-05,100,"(0.5, 0.2, 0.3)",64,20,4,0,1,2.65,64,0,[-8.6954],[None],2010
False,True,64,1e-05,1e-05,100,"(0.5, 0.2, 0.3)",64,20,4,0,1,2.73,64,0,[-8.4732],[None],2011
False,True,64,1e-05,1e-05,100,"(0.5, 0.2, 0.3)",64,20,4,0,2,5.71,128,0,"[-8.6682, -8.7112]","[None, None]",2012
False,True,64,1e-05,1e-05,100,"(0.5, 0.2, 0.3)",64,20,4,0,3,8.86,192,0,"[-8.521, -8.6203, -8.5801]","[None, None, None]",2013
False,True,64,1e-05,1e-05,100,"(0.5, 0.2, 0.3)",64,20,4,0,2,5.76,128,0,"[-8.7031, -8.1278]","[None, None]",2014
False,True,64,1e-05,1e-05,100,"(0.5, 0.2, 0.3)",64,20,4,0,1,2.76,64,0,[-8.7921],[None],2015
False,True,64,1e-05,1e-05,100,"(0.5, 0.2, 0.3)",64,20,4,0,3,8.86,192,0,"[-8.6572, -8.1218, -8.2927]","[None, None, None]",2016
False,True,64,1e-05,1e-05,100,"(0.5, 0.2, 0.3)",64,20,4,0,2,5.74,128,0,"[-8.3655, -8.415]","[None, None]",2017
False,True,64,1e-05,1e-05,100,"(0.5, 0.2, 0.3)",64,20,4,0,2,5.79,128,0,"[-8.5192, -9.0207]","[None, None]",2018
False,True,64,1e-05,1e-05,100,"(0.5, 0.2, 0.3)",64,20,4,0,1,2.76,64,0,[-8.4457],[None],2019
False,True,64,1e-05,1e-05,200,"(0.5, 0.2, 0.3)",64,20,4,0,2,5.72,128,0,"[-8.2819, -8.0948]","[None, None]",2000
False,True,64,1e-05,1e-05,200,"(0.5, 0.2, 0.3)",64,20,4,0,2,5.72,128,0,"[-7.951, -8.0289]","[None, None]",2001
False,True,64,1e-05,1e-05,200,"(0.5, 0.2, 0.3)",64,20,4,0,1,2.76,64,1,[-8.0233],[None],2002
False,True,64,1e-05,1e-05,200,"(0.5, 0.2, 0.3)",64,20,4,0,2,5.74,128,0,"[-7.8326, -7.4923]","[None, None]",2003
False,True,64,1e-05,1e-05,200,"(0.5, 0.2, 0.3)",64,20,4,0,1,2.75,64,0,[-8.0613],[None],2004
False,True,64,1e-05,1e-05,200,"(0.5, 0.2, 0.3)",64,20,4,0,1,2.69,64,0,[-8.0608],[None],2005
False,True,64,1e-05,1e-05,200,"(0.5, 0.2, 0.3)",64,20,4,0,1,2.62,64,0,[-8.2226],[None],2006
False,True,64,1e-05,1e-05,200,"(0.5, 0.2, 0.3)",64,20,4,0,3,8.48,192,0,"[-8.0379, -8.0387, -8.1342]","[None, None, None]",2007
False,True,64,1e-05,1e-05,200,"(0.5, 0.2, 0.3)",64,20,4,0,1,2.62,64,1,[-8.4002],[None],2008
False,True,64,1e-05,1e-05,200,"(0.5, 0.2, 0.3)",64,20,4,0,2,5.46,128,0,"[-8.2105, -8.0946]","[None, None]",2009
False,True,64,1e-05,1e-05,200,"(0.5, 0.2, 0.3)",64,20,4,0,1,2.64,64,0,[-8.2426],[None],2010
False,True,64,1e-05,1e-05,200,"(0.5, 0.2, 0.3)",64,20,4,0,1,2.62,64,0,[-7.9491],[None],2011
False,True,64,1e-05,1e-05,200,"(0.5, 0.2, 0.3)",64,20,4,0,2,5.46,128,0,"[-8.1462, -8.3974]","[None, None]",2012
False,True,64,1e-05,1e-05,200,"(0.5, 0.2, 0.3)",64,20,4,0,3,8.46,192,0,"[-8.0206, -8.082, -8.0095]","[None, None, None]",2013
False,True,64,1e-05,1e-05,200,"(0.5, 0.2, 0.3)",64,20,4,0,2,5.45,128,0,"[-8.1773, -7.871]","[None, None]",2014
False,True,64,1e-05,1e-05,200,"(0.5, 0.2, 0.3)",64,20,4,0,1,2.62,64,0,[-8.3109],[None],2015
False,True,64,1e-05,1e-05,200,"(0.5, 0.2, 0.3)",64,20,4,0,1,2.62,64,0,[-8.1171],[None],2016
False,True,64,1e-05,1e-05,200,"(0.5, 0.2, 0.3)",64,20,4,0,2,5.45,128,1,"[-7.8168, -7.9706]","[None, None]",2017
False,True,64,1e-05,1e-05,200,"(0.5, 0.2, 0.3)",64,20,4,0,2,5.49,128,0,"[-7.8906, -8.5803]","[None, None]",2018
False,True,64,1e-05,1e-05,200,"(0.5, 0.2, 0.3)",64,20,4,0,1,2.62,64,0,[-7.9304],[None],2019
False,False,64,1e-05,0.0001,0,"(0.4, 0.3, 0.3)",64,20,2,0,1,3.19,64,0,[0.6977],[None],2000
False,False,64,1e-05,0.0001,0,"(0.4, 0.3, 0.3)",64,20,2,0,1,3.19,64,0,[0.5826],[None],2001
False,False,64,1e-05,0.0001,0,"(0.4, 0.3, 0.3)",64,20,2,0,1,3.19,64,1,[0.695],[None],2002
False,False,64,1e-05,0.0001,0,"(0.4, 0.3, 0.3)",64,20,2,0,2,6.59,128,1,"[0.6664, 0.689]","[None, None]",2003
False,False,64,1e-05,0.0001,0,"(0.4, 0.3, 0.3)",64,20,2,0,1,3.2,64,0,[0.7097],[None],2004
False,False,64,1e-05,0.0001,0,"(0.4, 0.3, 0.3)",64,20,2,0,1,3.21,64,0,[0.6643],[None],2005
False,False,64,1e-05,0.0001,0,"(0.4, 0.3, 0.3)",64,20,2,0,1,3.2,64,0,[0.6487],[None],2006
False,False,64,1e-05,0.0001,0,"(0.4, 0.3, 0.3)",64,20,2,0,1,3.23,64,0,[0.6077],[None],2007
False,False,64,1e-05,0.0001,0,"(0.4, 0.3, 0.3)",64,20,2,0,1,3.22,64,1,[0.4084],[None],2008
False,False,64,1e-05,0.0001,0,"(0.4, 0.3, 0.3)",64,20,2,0,1,3.21,64,0,[0.6435],[None],2009
False,False,64,1e-05,0.0001,0,"(0.4, 0.3, 0.3)",64,20,2,0,1,3.2,64,0,[0.6674],[None],2010
False,False,64,1e-05,0.0001,0,"(0.4, 0.3, 0.3)",64,20,2,0,1,3.2,64,0,[0.653],[None],2011
False,False,64,1e-05,0.0001,0,"(0.4, 0.3, 0.3)",64,20,2,0,1,3.2,64,0,[0.5891],[None],2012
False,False,64,1e-05,0.0001,0,"(0.4, 0.3, 0.3)",64,20,2,0,2,6.72,128,0,"[0.6902, 0.7014]","[None, None]",2013
False,False,64,1e-05,0.0001,0,"(0.4, 0.3, 0.3)",64,20,2,0,1,3.2,64,0,[0.6797],[None],2014
False,False,64,1e-05,0.0001,0,"(0.4, 0.3, 0.3)",64,20,2,0,3,10.21,192,0,"[0.6539, 0.6234, 0.6672]","[None, None, None]",2015
False,False,64,1e-05,0.0001,0,"(0.4, 0.3, 0.3)",64,20,2,0,2,6.63,128,1,"[0.6079, 0.5417]","[None, None]",2016
False,False,64,1e-05,0.0001,0,"(0.4, 0.3, 0.3)",64,20,2,0,1,3.2,64,0,[0.716],[None],2017
False,False,64,1e-05,0.0001,0,"(0.4, 0.3, 0.3)",64,20,2,0,2,6.88,128,1,"[0.5947, 0.6258]","[None, None]",2018
False,False,64,1e-05,0.0001,0,"(0.4, 0.3, 0.3)",64,20,2,0,1,3.33,64,0,[0.5953],[None],2019
False,False,64,1e-05,0.0001,100,"(0.4, 0.3, 0.3)",64,20,2,0,1,3.32,64,0,[0.6966],[None],2000
False,False,64,1e-05,0.0001,100,"(0.4, 0.3, 0.3)",64,20,2,0,1,3.33,64,0,[0.5743],[None],2001
False,False,64,1e-05,0.0001,100,"(0.4, 0.3, 0.3)",64,20,2,0,1,3.33,64,1,[0.687],[None],2002
False,False,64,1e-05,0.0001,100,"(0.4, 0.3, 0.3)",64,20,2,0,2,6.71,128,1,"[0.6537, 0.6736]","[None, None]",2003
False,False,64,1e-05,0.0001,100,"(0.4, 0.3, 0.3)",64,20,2,0,1,3.19,64,0,[0.6993],[None],2004
False,False,64,1e-05,0.0001,100,"(0.4, 0.3, 0.3)",64,20,2,0,1,3.22,64,0,[0.6468],[None],2005
False,False,64,1e-05,0.0001,100,"(0.4, 0.3, 0.3)",64,20,2,0,1,3.2,64,0,[0.6465],[None],2006
False,False,64,1e-05,0.0001,100,"(0.4, 0.3, 0.3)",64,20,2,0,1,3.2,64,0,[0.6002],[None],2007
False,False,64,1e-05,0.0001,100,"(0.4, 0.3, 0.3)",64,20,2,0,1,3.19,64,1,[0.4376],[None],2008
False,False,64,1e-05,0.0001,100,"(0.4, 0.3, 0.3)",64,20,2,0,1,3.19,64,0,[0.6342],[None],2009
False,False,64,1e-05,0.0001,100,"(0.4, 0.3, 0.3)",64,20,2,0,1,3.2,64,0,[0.6498],[None],2010
False,False,64,1e-05,0.0001,100,"(0.4, 0.3, 0.3)",64,20,2,0,1,3.19,64,0,[0.6372],[None],2011
False,False,64,1e-05,0.0001,100,"(0.4, 0.3, 0.3)",64,20,2,0,1,3.2,64,0,[0.5961],[None],2012
False,False,64,1e-05,0.0001,100,"(0.4, 0.3, 0.3)",64,20,2,0,4,14.03,256,0,"[0.6727, 0.6727, 0.6435, 0.6249]","[None, None, None, None]",2013
False,False,64,1e-05,0.0001,100,"(0.4, 0.3, 0.3)",64,20,2,0,1,3.2,64,0,[0.6705],[None],2014
False,False,64,1e-05,0.0001,100,"(0.4, 0.3, 0.3)",64,20,2,0,1,3.26,64,0,[0.6593],[None],2015
False,False,64,1e-05,0.0001,100,"(0.4, 0.3, 0.3)",64,20,2,0,3,10.2,192,1,"[0.6, 0.461, 0.4849]","[None, None, None]",2016
False,False,64,1e-05,0.0001,100,"(0.4, 0.3, 0.3)",64,20,2,0,1,3.2,64,0,[0.7003],[None],2017
False,False,64,1e-05,0.0001,100,"(0.4, 0.3, 0.3)",64,20,2,0,2,6.61,128,1,"[0.5904, 0.6452]","[None, None]",2018
False,False,64,1e-05,0.0001,100,"(0.4, 0.3, 0.3)",64,20,2,0,1,3.19,64,0,[0.6004],[None],2019
False,False,64,1e-05,0.0001,200,"(0.4, 0.3, 0.3)",64,20,2,0,1,3.2,64,0,[0.7004],[None],2000
False,False,64,1e-05,0.0001,200,"(0.4, 0.3, 0.3)",64,20,2,0,1,3.2,64,0,[0.5752],[None],2001
False,False,64,1e-05,0.0001,200,"(0.4, 0.3, 0.3)",64,20,2,0,1,3.19,64,1,[0.6879],[None],2002
False,False,64,1e-05,0.0001,200,"(0.4, 0.3, 0.3)",64,20,2,0,2,6.61,128,1,"[0.6567, 0.6708]","[None, None]",2003
False,False,64,1e-05,0.0001,200,"(0.4, 0.3, 0.3)",64,20,2,0,1,3.19,64,0,[0.6986],[None],2004
False,False,64,1e-05,0.0001,200,"(0.4, 0.3, 0.3)",64,20,2,0,1,3.2,64,0,[0.6355],[None],2005
False,False,64,1e-05,0.0001,200,"(0.4, 0.3, 0.3)",64,20,2,0,1,3.2,64,0,[0.6524],[None],2006
False,False,64,1e-05,0.0001,200,"(0.4, 0.3, 0.3)",64,20,2,0,1,3.19,64,0,[0.5969],[None],2007
False,False,64,1e-05,0.0001,200,"(0.4, 0.3, 0.3)",64,20,2,0,1,3.19,64,1,[0.4725],[None],2008
False,False,64,1e-05,0.0001,200,"(0.4, 0.3, 0.3)",64,20,2,0,1,3.2,64,0,[0.6394],[None],2009
False,False,64,1e-05,0.0001,200,"(0.4, 0.3, 0.3)",64,20,2,0,1,3.24,64,0,[0.6379],[None],2010
False,False,64,1e-05,0.0001,200,"(0.4, 0.3, 0.3)",64,20,2,0,1,3.25,64,0,[0.6312],[None],2011
False,False,64,1e-05,0.0001,200,"(0.4, 0.3, 0.3)",64,20,2,0,1,3.23,64,0,[0.6033],[None],2012
False,False,64,1e-05,0.0001,200,"(0.4, 0.3, 0.3)",64,20,2,0,3,10.24,192,0,"[0.6678, 0.7017, 0.6893]","[None, None, None]",2013
False,False,64,1e-05,0.0001,200,"(0.4, 0.3, 0.3)",64,20,2,0,1,3.22,64,0,[0.674],[None],2014
False,False,64,1e-05,0.0001,200,"(0.4, 0.3, 0.3)",64,20,2,0,2,6.77,128,0,"[0.657, 0.6508]","[None, None]",2015
False,False,64,1e-05,0.0001,200,"(0.4, 0.3, 0.3)",64,20,2,0,2,6.63,128,0,"[0.5973, 0.5051]","[None, None]",2016
False,False,64,1e-05,0.0001,200,"(0.4, 0.3, 0.3)",64,20,2,0,1,3.21,64,0,[0.7037],[None],2017
False,False,64,1e-05,0.0001,200,"(0.4, 0.3, 0.3)",64,20,2,0,2,6.64,128,0,"[0.5917, 0.6775]","[None, None]",2018
False,False,64,1e-05,0.0001,200,"(0.4, 0.3, 0.3)",64,20,2,0,1,3.2,64,0,[0.6034],[None],2019
False,False,64,1e-05,1e-05,0,"(0.4, 0.3, 0.3)",64,20,2,0,1,3.2,64,0,[0.6151],[None],2000
False,False,64,1e-05,1e-05,0,"(0.4, 0.3, 0.3)",64,20,2,0,1,3.34,64,0,[0.6588],[None],2001
False,False,64,1e-05,1e-05,0,"(0.4, 0.3, 0.3)",64,20,2,0,1,3.26,64,1,[0.5308],[None],2002
False,False,64,1e-05,1e-05,0,"(0.4, 0.3, 0.3)",64,20,2,0,2,6.6,128,1,"[0.5791, 0.5113]","[None, None]",2003
False,False,64,1e-05,1e-05,0,"(0.4, 0.3, 0.3)",64,20,2,0,1,3.19,64,0,[0.6573],[None],2004
False,False,64,1e-05,1e-05,0,"(0.4, 0.3, 0.3)",64,20,2,0,1,3.19,64,0,[0.5295],[None],2005
False,False,64,1e-05,1e-05,0,"(0.4, 0.3, 0.3)",64,20,2,0,1,3.19,64,0,[0.5873],[None],2006
False,False,64,1e-05,1e-05,0,"(0.4, 0.3, 0.3)",64,20,2,0,2,6.6,128,1,"[0.6274, 0.4258]","[None, None]",2007
False,False,64,1e-05,1e-05,0,"(0.4, 0.3, 0.3)",64,20,2,0,1,3.19,64,1,[0.5004],[None],2008
False,False,64,1e-05,1e-05,0,"(0.4, 0.3, 0.3)",64,20,2,0,1,3.19,64,0,[0.5273],[None],2009
False,False,64,1e-05,1e-05,0,"(0.4, 0.3, 0.3)",64,20,2,0,1,3.19,64,0,[0.4897],[None],2010
False,False,64,1e-05,1e-05,0,"(0.4, 0.3, 0.3)",64,20,2,0,1,3.28,64,1,[0.5822],[None],2011
False,False,64,1e-05,1e-05,0,"(0.4, 0.3, 0.3)",64,20,2,0,2,6.73,128,1,"[0.6626, 0.5067]","[None, None]",2012
False,False,64,1e-05,1e-05,0,"(0.4, 0.3, 0.3)",64,20,2,0,2,6.63,128,1,"[0.5406, 0.3988]","[None, None]",2013
False,False,64,1e-05,1e-05,0,"(0.4, 0.3, 0.3)",64,20,2,0,1,3.2,64,0,[0.6484],[None],2014
False,False,64,1e-05,1e-05,0,"(0.4, 0.3, 0.3)",64,20,2,0,2,6.67,128,0,"[0.4028, 0.3266]","[None, None]",2015
False,False,64,1e-05,1e-05,0,"(0.4, 0.3, 0.3)",64,20,2,0,1,3.2,64,0,[0.5065],[None],2016
False,False,64,1e-05,1e-05,0,"(0.4, 0.3, 0.3)",64,20,2,0,2,6.64,128,1,"[0.7103, 0.5782]","[None, None]",2017
False,False,64,1e-05,1e-05,0,"(0.4, 0.3, 0.3)",64,20,2,0,2,6.61,128,0,"[0.5859, 0.4537]","[None, None]",2018
False,False,64,1e-05,1e-05,0,"(0.4, 0.3, 0.3)",64,20,2,0,1,3.22,64,0,[0.5618],[None],2019
False,False,64,1e-05,1e-05,100,"(0.4, 0.3, 0.3)",64,20,2,0,1,3.2,64,0,[0.6717],[None],2000
False,False,64,1e-05,1e-05,100,"(0.4, 0.3, 0.3)",64,20,2,0,1,3.22,64,0,[0.667],[None],2001
False,False,64,1e-05,1e-05,100,"(0.4, 0.3, 0.3)",64,20,2,0,1,3.2,64,1,[0.6109],[None],2002
False,False,64,1e-05,1e-05,100,"(0.4, 0.3, 0.3)",64,20,2,0,2,6.62,128,1,"[0.6247, 0.5716]","[None, None]",2003
False,False,64,1e-05,1e-05,100,"(0.4, 0.3, 0.3)",64,20,2,0,1,3.2,64,0,[0.7093],[None],2004
False,False,64,1e-05,1e-05,100,"(0.4, 0.3, 0.3)",64,20,2,0,1,3.2,64,0,[0.5795],[None],2005
False,False,64,1e-05,1e-05,100,"(0.4, 0.3, 0.3)",64,20,2,0,1,3.21,64,0,[0.6447],[None],2006
False,False,64,1e-05,1e-05,100,"(0.4, 0.3, 0.3)",64,20,2,0,1,3.33,64,0,[0.6641],[None],2007
False,False,64,1e-05,1e-05,100,"(0.4, 0.3, 0.3)",64,20,2,0,1,3.35,64,1,[0.5354],[None],2008
False,False,64,1e-05,1e-05,100,"(0.4, 0.3, 0.3)",64,20,2,0,1,3.32,64,0,[0.6007],[None],2009
False,False,64,1e-05,1e-05,100,"(0.4, 0.3, 0.3)",64,20,2,0,1,3.3,64,0,[0.6203],[None],2010
False,False,64,1e-05,1e-05,100,"(0.4, 0.3, 0.3)",64,20,2,0,1,3.19,64,1,[0.6386],[None],2011
False,False,64,1e-05,1e-05,100,"(0.4, 0.3, 0.3)",64,20,2,0,2,6.61,128,0,"[0.664, 0.6047]","[None, None]",2012
False,False,64,1e-05,1e-05,100,"(0.4, 0.3, 0.3)",64,20,2,0,2,6.63,128,1,"[0.6219, 0.4723]","[None, None]",2013
False,False,64,1e-05,1e-05,100,"(0.4, 0.3, 0.3)",64,20,2,0,1,3.28,64,0,[0.6871],[None],2014
False,False,64,1e-05,1e-05,100,"(0.4, 0.3, 0.3)",64,20,2,0,2,6.84,128,0,"[0.5352, 0.4608]","[None, None]",2015
False,False,64,1e-05,1e-05,100,"(0.4, 0.3, 0.3)",64,20,2,0,1,3.33,64,0,[0.5791],[None],2016
False,False,64,1e-05,1e-05,100,"(0.4, 0.3, 0.3)",64,20,2,0,2,6.78,128,1,"[0.7361, 0.6315]","[None, None]",2017
False,False,64,1e-05,1e-05,100,"(0.4, 0.3, 0.3)",64,20,2,0,2,6.78,128,1,"[0.6181, 0.5439]","[None, None]",2018
False,False,64,1e-05,1e-05,100,"(0.4, 0.3, 0.3)",64,20,2,0,1,3.19,64,0,[0.6024],[None],2019
False,False,64,1e-05,1e-05,200,"(0.4, 0.3, 0.3)",64,20,2,0,1,3.21,64,0,[0.6877],[None],2000
False,False,64,1e-05,1e-05,200,"(0.4, 0.3, 0.3)",64,20,2,0,1,3.2,64,0,[0.6692],[None],2001
False,False,64,1e-05,1e-05,200,"(0.4, 0.3, 0.3)",64,20,2,0,1,3.19,64,1,[0.6337],[None],2002
False,False,64,1e-05,1e-05,200,"(0.4, 0.3, 0.3)",64,20,2,0,2,6.61,128,1,"[0.6416, 0.5848]","[None, None]",2003
False,False,64,1e-05,1e-05,200,"(0.4, 0.3, 0.3)",64,20,2,0,1,3.21,64,0,[0.725],[None],2004
False,False,64,1e-05,1e-05,200,"(0.4, 0.3, 0.3)",64,20,2,0,1,3.22,64,0,[0.6079],[None],2005
False,False,64,1e-05,1e-05,200,"(0.4, 0.3, 0.3)",64,20,2,0,1,3.21,64,0,[0.6632],[None],2006
False,False,64,1e-05,1e-05,200,"(0.4, 0.3, 0.3)",64,20,2,0,1,3.19,64,0,[0.6755],[None],2007
False,False,64,1e-05,1e-05,200,"(0.4, 0.3, 0.3)",64,20,2,0,1,3.2,64,1,[0.5511],[None],2008
False,False,64,1e-05,1e-05,200,"(0.4, 0.3, 0.3)",64,20,2,0,1,3.2,64,0,[0.6332],[None],2009
False,False,64,1e-05,1e-05,200,"(0.4, 0.3, 0.3)",64,20,2,0,1,3.19,64,0,[0.6518],[None],2010
False,False,64,1e-05,1e-05,200,"(0.4, 0.3, 0.3)",64,20,2,0,1,3.19,64,1,[0.6559],[None],2011
False,False,64,1e-05,1e-05,200,"(0.4, 0.3, 0.3)",64,20,2,0,2,6.84,128,0,"[0.669, 0.6284]","[None, None]",2012
False,False,64,1e-05,1e-05,200,"(0.4, 0.3, 0.3)",64,20,2,0,2,6.9,128,1,"[0.6486, 0.5401]","[None, None]",2013
False,False,64,1e-05,1e-05,200,"(0.4, 0.3, 0.3)",64,20,2,0,1,3.36,64,0,[0.6988],[None],2014
False,False,64,1e-05,1e-05,200,"(0.4, 0.3, 0.3)",64,20,2,0,2,6.89,128,0,"[0.575, 0.4728]","[None, None]",2015
False,False,64,1e-05,1e-05,200,"(0.4, 0.3, 0.3)",64,20,2,0,1,3.32,64,0,[0.5965],[None],2016
False,False,64,1e-05,1e-05,200,"(0.4, 0.3, 0.3)",64,20,2,0,1,3.33,64,0,[0.7447],[None],2017
False,False,64,1e-05,1e-05,200,"(0.4, 0.3, 0.3)",64,20,2,0,2,6.88,128,1,"[0.6344, 0.5689]","[None, None]",2018
False,False,64,1e-05,1e-05,200,"(0.4, 0.3, 0.3)",64,20,2,0,1,3.33,64,0,[0.6239],[None],2019
True,False,64,1e-05,0.0001,0,"(0.4, 0.3, 0.3)",64,20,2,0,2,6.87,128,0,"[0.741, 0.6401]","[None, None]",2000
True,False,64,1e-05,0.0001,0,"(0.4, 0.3, 0.3)",64,20,2,0,3,10.6,192,0,"[0.7162, 0.6261, 0.4909]","[None, None, None]",2001
True,False,64,1e-05,0.0001,0,"(0.4, 0.3, 0.3)",64,20,2,0,1,3.32,64,0,[0.75],[None],2002
True,False,64,1e-05,0.0001,0,"(0.4, 0.3, 0.3)",64,20,2,0,4,14.54,256,0,"[0.7361, 0.5834, 0.4603, 0.4324]","[None, None, None, None]",2003
True,False,64,1e-05,0.0001,0,"(0.4, 0.3, 0.3)",64,20,2,0,2,6.87,128,0,"[0.8005, 0.7159]","[None, None]",2004
True,False,64,1e-05,0.0001,0,"(0.4, 0.3, 0.3)",64,20,2,0,4,14.65,256,0,"[0.7487, 0.6046, 0.4758, 0.4629]","[None, None, None, None]",2005
True,False,64,1e-05,0.0001,0,"(0.4, 0.3, 0.3)",64,20,2,0,1,3.33,64,0,[0.7204],[None],2006
True,False,64,1e-05,0.0001,0,"(0.4, 0.3, 0.3)",64,20,2,0,3,10.46,192,0,"[0.6931, 0.605, 0.5402]","[None, None, None]",2007
True,False,64,1e-05,0.0001,0,"(0.4, 0.3, 0.3)",64,20,2,0,2,6.62,128,0,"[0.6657, 0.5488]","[None, None]",2008
True,False,64,1e-05,0.0001,0,"(0.4, 0.3, 0.3)",64,20,2,0,2,6.62,128,1,"[0.7364, 0.624]","[None, None]",2009
True,False,64,1e-05,0.0001,0,"(0.4, 0.3, 0.3)",64,20,2,0,1,3.2,64,0,[0.739],[None],2010
True,False,64,1e-05,0.0001,0,"(0.4, 0.3, 0.3)",64,20,2,0,1,3.21,64,0,[0.7538],[None],2011
True,False,64,1e-05,0.0001,0,"(0.4, 0.3, 0.3)",64,20,2,0,3,10.24,192,0,"[0.7135, 0.578, 0.5335]","[None, None, None]",2012
True,False,64,1e-05,0.0001,0,"(0.4, 0.3, 0.3)",64,20,2,0,6,22.37,384,0,"[0.7756, 0.6306, 0.5141, 0.478, 0.4105, 0.3048]","[None, None, None, None, None, None]",2013
True,False,64,1e-05,0.0001,0,"(0.4, 0.3, 0.3)",64,20,2,0,4,14.04,256,0,"[0.7644, 0.6576, 0.5822, 0.503]","[None, None, None, None]",2014
True,False,64,1e-05,0.0001,0,"(0.4, 0.3, 0.3)",64,20,2,0,3,10.21,192,0,"[0.7062, 0.6108, 0.5002]","[None, None, None]",2015
True,False,64,1e-05,0.0001,0,"(0.4, 0.3, 0.3)",64,20,2,0,2,6.69,128,0,"[0.7303, 0.5361]","[None, None]",2016
True,False,64,1e-05,0.0001,0,"(0.4, 0.3, 0.3)",64,20,2,0,2,6.63,128,0,"[0.7559, 0.6833]","[None, None]",2017
True,False,64,1e-05,0.0001,0,"(0.4, 0.3, 0.3)",64,20,2,0,2,6.66,128,0,"[0.6777, 0.5953]","[None, None]",2018
True,False,64,1e-05,0.0001,0,"(0.4, 0.3, 0.3)",64,20,2,0,2,6.62,128,0,"[0.731, 0.6352]","[None, None]",2019
True,False,64,1e-05,0.0001,100,"(0.4, 0.3, 0.3)",64,20,2,0,2,6.63,128,0,"[0.755, 0.6666]","[None, None]",2000
True,False,64,1e-05,0.0001,100,"(0.4, 0.3, 0.3)",64,20,2,0,2,6.71,128,0,"[0.6963, 0.5891]","[None, None]",2001
True,False,64,1e-05,0.0001,100,"(0.4, 0.3, 0.3)",64,20,2,0,1,3.21,64,0,[0.7447],[None],2002
True,False,64,1e-05,0.0001,100,"(0.4, 0.3, 0.3)",64,20,2,0,6,22.36,384,0,"[0.738, 0.639, 0.5433, 0.5398, 0.4626, 0.4921]","[None, None, None, None, None, None]",2003
True,False,64,1e-05,0.0001,100,"(0.4, 0.3, 0.3)",64,20,2,0,2,6.67,128,0,"[0.8028, 0.7321]","[None, None]",2004
True,False,64,1e-05,0.0001,100,"(0.4, 0.3, 0.3)",64,20,2,0,4,14.1,256,0,"[0.7502, 0.6241, 0.5845, 0.5618]","[None, None, None, None]",2005
True,False,64,1e-05,0.0001,100,"(0.4, 0.3, 0.3)",64,20,2,0,3,10.28,192,0,"[0.726, 0.6499, 0.5709]","[None, None, None]",2006
True,False,64,1e-05,0.0001,100,"(0.4, 0.3, 0.3)",64,20,2,0,3,10.23,192,0,"[0.6967, 0.6577, 0.5972]","[None, None, None]",2007
True,False,64,1e-05,0.0001,100,"(0.4, 0.3, 0.3)",64,20,2,0,3,10.49,192,0,"[0.6717, 0.5733, 0.5556]","[None, None, None]",2008
True,False,64,1e-05,0.0001,100,"(0.4, 0.3, 0.3)",64,20,2,0,2,6.87,128,1,"[0.7402, 0.6488]","[None, None]",2009
True,False,64,1e-05,0.0001,100,"(0.4, 0.3, 0.3)",64,20,2,0,2,6.93,128,0,"[0.74, 0.7098]","[None, None]",2010
True,False,64,1e-05,0.0001,100,"(0.4, 0.3, 0.3)",64,20,2,0,1,3.3,64,0,[0.7594],[None],2011
True,False,64,1e-05,0.0001,100,"(0.4, 0.3, 0.3)",64,20,2,0,5,18.31,320,0,"[0.7035, 0.606, 0.5367, 0.4885, 0.473]","[None, None, None, None, None]",2012
True,False,64,1e-05,0.0001,100,"(0.4, 0.3, 0.3)",64,20,2,0,5,18.17,320,0,"[0.7778, 0.6211, 0.5492, 0.5063, 0.4873]","[None, None, None, None, None]",2013
True,False,64,1e-05,0.0001,100,"(0.4, 0.3, 0.3)",64,20,2,0,4,14.13,256,0,"[0.7645, 0.6822, 0.5723, 0.5315]","[None, None, None, None]",2014
True,False,64,1e-05,0.0001,100,"(0.4, 0.3, 0.3)",64,20,2,0,4,14.13,256,0,"[0.7168, 0.584, 0.5389, 0.5117]","[None, None, None, None]",2015
True,False,64,1e-05,0.0001,100,"(0.4, 0.3, 0.3)",64,20,2,0,3,10.28,192,0,"[0.7353, 0.584, 0.5134]","[None, None, None]",2016
True,False,64,1e-05,0.0001,100,"(0.4, 0.3, 0.3)",64,20,2,0,1,3.21,64,0,[0.7563],[None],2017
True,False,64,1e-05,0.0001,100,"(0.4, 0.3, 0.3)",64,20,2,0,4,14.21,256,0,"[0.688, 0.646, 0.5667, 0.4998]","[None, None, None, None]",2018
True,False,64,1e-05,0.0001,100,"(0.4, 0.3, 0.3)",64,20,2,0,2,6.64,128,0,"[0.7336, 0.6714]","[None, None]",2019
True,False,64,1e-05,0.0001,200,"(0.4, 0.3, 0.3)",64,20,2,0,3,10.34,192,0,"[0.7547, 0.6679, 0.6107]","[None, None, None]",2000
True,False,64,1e-05,0.0001,200,"(0.4, 0.3, 0.3)",64,20,2,0,2,6.62,128,0,"[0.6873, 0.587]","[None, None]",2001
True,False,64,1e-05,0.0001,200,"(0.4, 0.3, 0.3)",64,20,2,0,1,3.27,64,0,[0.7482],[None],2002
True,False,64,1e-05,0.0001,200,"(0.4, 0.3, 0.3)",64,20,2,0,5,18.15,320,0,"[0.7297, 0.6444, 0.5607, 0.5536, 0.509]","[None, None, None, None, None]",2003
True,False,64,1e-05,0.0001,200,"(0.4, 0.3, 0.3)",64,20,2,0,2,6.63,128,0,"[0.7937, 0.7212]","[None, None]",2004
True,False,64,1e-05,0.0001,200,"(0.4, 0.3, 0.3)",64,20,2,0,1,3.21,64,0,[0.7381],[None],2005
True,False,64,1e-05,0.0001,200,"(0.4, 0.3, 0.3)",64,20,2,0,1,3.21,64,0,[0.7353],[None],2006
True,False,64,1e-05,0.0001,200,"(0.4, 0.3, 0.3)",64,20,2,0,2,6.63,128,0,"[0.6971, 0.6504]","[None, None]",2007
True,False,64,1e-05,0.0001,200,"(0.4, 0.3, 0.3)",64,20,2,0,3,10.21,192,0,"[0.6914, 0.619, 0.5588]","[None, None, None]",2008
True,False,64,1e-05,0.0001,200,"(0.4, 0.3, 0.3)",64,20,2,0,2,6.62,128,0,"[0.7225, 0.6515]","[None, None]",2009
True,False,64,1e-05,0.0001,200,"(0.4, 0.3, 0.3)",64,20,2,0,2,6.63,128,0,"[0.7334, 0.7066]","[None, None]",2010
True,False,64,1e-05,0.0001,200,"(0.4, 0.3, 0.3)",64,20,2,0,1,3.34,64,0,[0.7612],[None],2011
True,False,64,1e-05,0.0001,200,"(0.4, 0.3, 0.3)",64,20,2,0,2,6.88,128,0,"[0.6951, 0.5961]","[None, None]",2012
True,False,64,1e-05,0.0001,200,"(0.4, 0.3, 0.3)",64,20,2,0,2,6.87,128,0,"[0.7694, 0.6498]","[None, None]",2013
True,False,64,1e-05,0.0001,200,"(0.4, 0.3, 0.3)",64,20,2,0,3,10.6,192,0,"[0.7489, 0.7002, 0.6523]","[None, None, None]",2014
True,False,64,1e-05,0.0001,200,"(0.4, 0.3, 0.3)",64,20,2,0,5,18.17,320,0,"[0.716, 0.5834, 0.5835, 0.518, 0.5052]","[None, None, None, None, None]",2015
True,False,64,1e-05,0.0001,200,"(0.4, 0.3, 0.3)",64,20,2,0,1,3.25,64,0,[0.7469],[None],2016
True,False,64,1e-05,0.0001,200,"(0.4, 0.3, 0.3)",64,20,2,0,2,6.75,128,1,"[0.7474, 0.6482]","[None, None]",2017
True,False,64,1e-05,0.0001,200,"(0.4, 0.3, 0.3)",64,20,2,0,2,6.64,128,0,"[0.674, 0.6113]","[None, None]",2018
True,False,64,1e-05,0.0001,200,"(0.4, 0.3, 0.3)",64,20,2,0,2,6.7,128,0,"[0.7366, 0.7272]","[None, None]",2019
True,False,64,1e-05,1e-05,0,"(0.4, 0.3, 0.3)",64,20,2,0,2,6.62,128,0,"[-0.3102, 0.0175]","[None, None]",2000
True,False,64,1e-05,1e-05,0,"(0.4, 0.3, 0.3)",64,20,2,0,1,3.23,64,0,[0.3728],[None],2001
True,False,64,1e-05,1e-05,0,"(0.4, 0.3, 0.3)",64,20,2,0,1,3.24,64,0,[0.3376],[None],2002
True,False,64,1e-05,1e-05,0,"(0.4, 0.3, 0.3)",64,20,2,0,3,10.28,192,0,"[0.1971, 0.145, 0.1546]","[None, None, None]",2003
True,False,64,1e-05,1e-05,0,"(0.4, 0.3, 0.3)",64,20,2,0,2,6.62,128,0,"[0.3334, 0.2128]","[None, None]",2004
True,False,64,1e-05,1e-05,0,"(0.4, 0.3, 0.3)",64,20,2,0,2,6.61,128,0,"[0.35, 0.2045]","[None, None]",2005
True,False,64,1e-05,1e-05,0,"(0.4, 0.3, 0.3)",64,20,2,0,2,6.6,128,0,"[0.332, -0.1163]","[None, None]",2006
True,False,64,1e-05,1e-05,0,"(0.4, 0.3, 0.3)",64,20,2,0,4,14.41,256,0,"[0.3666, -0.1063, -0.0206, -0.0154]","[None, None, None, None]",2007
True,False,64,1e-05,1e-05,0,"(0.4, 0.3, 0.3)",64,20,2,0,1,3.33,64,0,[-0.6147],[None],2008
True,False,64,1e-05,1e-05,0,"(0.4, 0.3, 0.3)",64,20,2,0,2,6.89,128,0,"[0.0812, -0.1854]","[None, None]",2009
True,False,64,1e-05,1e-05,0,"(0.4, 0.3, 0.3)",64,20,2,0,1,3.33,64,0,[0.0152],[None],2010
True,False,64,1e-05,1e-05,0,"(0.4, 0.3, 0.3)",64,20,2,0,1,3.33,64,0,[0.197],[None],2011
True,False,64,1e-05,1e-05,0,"(0.4, 0.3, 0.3)",64,20,2,0,1,3.26,64,0,[0.4379],[None],2012
True,False,64,1e-05,1e-05,0,"(0.4, 0.3, 0.3)",64,20,2,0,3,10.21,192,0,"[0.2382, 0.0187, 0.0975]","[None, None, None]",2013
True,False,64,1e-05,1e-05,0,"(0.4, 0.3, 0.3)",64,20,2,0,4,14.08,256,0,"[0.3787, -0.1054, 0.0341, 0.0209]","[None, None, None, None]",2014
True,False,64,1e-05,1e-05,0,"(0.4, 0.3, 0.3)",64,20,2,0,11,56.32,704,0,"[-0.9694, -0.1664, -0.0596, -0.1521, -0.085, -0.0417, -0.04, -0.0444, 0.3446, 0.3629, 0.3092]","[None, None, None, None, None, None, None, None, None, None, None]",2015
True,False,64,1e-05,1e-05,0,"(0.4, 0.3, 0.3)",64,20,2,0,1,3.2,64,0,[-0.1152],[None],2016
True,False,64,1e-05,1e-05,0,"(0.4, 0.3, 0.3)",64,20,2,0,2,6.68,128,0,"[0.3572, -0.6582]","[None, None]",2017
True,False,64,1e-05,1e-05,0,"(0.4, 0.3, 0.3)",64,20,2,0,2,6.63,128,0,"[0.4051, 0.1791]","[None, None]",2018
True,False,64,1e-05,1e-05,0,"(0.4, 0.3, 0.3)",64,20,2,0,1,3.2,64,0,[-0.2179],[None],2019
True,False,64,1e-05,1e-05,100,"(0.4, 0.3, 0.3)",64,20,2,0,2,6.63,128,0,"[0.3097, 0.3389]","[None, None]",2000
True,False,64,1e-05,1e-05,100,"(0.4, 0.3, 0.3)",64,20,2,0,1,3.21,64,0,[0.5205],[None],2001
True,False,64,1e-05,1e-05,100,"(0.4, 0.3, 0.3)",64,20,2,0,1,3.22,64,0,[0.5027],[None],2002
True,False,64,1e-05,1e-05,100,"(0.4, 0.3, 0.3)",64,20,2,0,4,14.05,256,0,"[0.4139, 0.2817, 0.232, 0.1642]","[None, None, None, None]",2003
True,False,64,1e-05,1e-05,100,"(0.4, 0.3, 0.3)",64,20,2,0,2,6.63,128,0,"[0.5743, 0.3167]","[None, None]",2004
True,False,64,1e-05,1e-05,100,"(0.4, 0.3, 0.3)",64,20,2,0,2,6.62,128,0,"[0.4882, 0.2669]","[None, None]",2005
True,False,64,1e-05,1e-05,100,"(0.4, 0.3, 0.3)",64,20,2,0,2,6.62,128,0,"[0.5307, 0.3287]","[None, None]",2006
True,False,64,1e-05,1e-05,100,"(0.4, 0.3, 0.3)",64,20,2,0,4,14.05,256,0,"[0.471, 0.168, 0.1956, 0.1921]","[None, None, None, None]",2007
True,False,64,1e-05,1e-05,100,"(0.4, 0.3, 0.3)",64,20,2,0,1,3.2,64,0,[0.3458],[None],2008
True,False,64,1e-05,1e-05,100,"(0.4, 0.3, 0.3)",64,20,2,0,2,6.69,128,0,"[0.4731, 0.2612]","[None, None]",2009
True,False,64,1e-05,1e-05,100,"(0.4, 0.3, 0.3)",64,20,2,0,1,3.2,64,0,[0.4127],[None],2010
True,False,64,1e-05,1e-05,100,"(0.4, 0.3, 0.3)",64,20,2,0,1,3.2,64,0,[0.4836],[None],2011
True,False,64,1e-05,1e-05,100,"(0.4, 0.3, 0.3)",64,20,2,0,2,6.63,128,0,"[0.5483, 0.2712]","[None, None]",2012
True,False,64,1e-05,1e-05,100,"(0.4, 0.3, 0.3)",64,20,2,0,3,10.23,192,0,"[0.438, 0.2925, 0.2502]","[None, None, None]",2013
True,False,64,1e-05,1e-05,100,"(0.4, 0.3, 0.3)",64,20,2,0,3,10.23,192,0,"[0.5309, 0.2287, 0.2089]","[None, None, None]",2014
True,False,64,1e-05,1e-05,100,"(0.4, 0.3, 0.3)",64,20,2,0,6,22.4,384,0,"[0.1171, 0.0522, 0.1007, 0.0717, 0.0507, 0.0656]","[None, None, None, None, None, None]",2015
True,False,64,1e-05,1e-05,100,"(0.4, 0.3, 0.3)",64,20,2,0,1,3.21,64,0,[0.3318],[None],2016
True,False,64,1e-05,1e-05,100,"(0.4, 0.3, 0.3)",64,20,2,0,2,6.63,128,0,"[0.5831, 0.1611]","[None, None]",2017
True,False,64,1e-05,1e-05,100,"(0.4, 0.3, 0.3)",64,20,2,0,2,6.7,128,0,"[0.4669, 0.385]","[None, None]",2018
True,False,64,1e-05,1e-05,100,"(0.4, 0.3, 0.3)",64,20,2,0,1,3.25,64,0,[0.3636],[None],2019
True,False,64,1e-05,1e-05,200,"(0.4, 0.3, 0.3)",64,20,2,0,3,10.24,192,0,"[0.533, 0.4481, 0.3305]","[None, None, None]",2000
True,False,64,1e-05,1e-05,200,"(0.4, 0.3, 0.3)",64,20,2,0,1,3.21,64,0,[0.5332],[None],2001
True,False,64,1e-05,1e-05,200,"(0.4, 0.3, 0.3)",64,20,2,0,1,3.2,64,0,[0.5806],[None],2002
True,False,64,1e-05,1e-05,200,"(0.4, 0.3, 0.3)",64,20,2,0,4,14.14,256,0,"[0.4943, 0.4696, 0.3442, 0.2332]","[None, None, None, None]",2003
True,False,64,1e-05,1e-05,200,"(0.4, 0.3, 0.3)",64,20,2,0,2,6.9,128,0,"[0.629, 0.4987]","[None, None]",2004
True,False,64,1e-05,1e-05,200,"(0.4, 0.3, 0.3)",64,20,2,0,2,6.86,128,0,"[0.5314, 0.2846]","[None, None]",2005
True,False,64,1e-05,1e-05,200,"(0.4, 0.3, 0.3)",64,20,2,0,2,6.89,128,0,"[0.5807, 0.4702]","[None, None]",2006
True,False,64,1e-05,1e-05,200,"(0.4, 0.3, 0.3)",64,20,2,0,3,10.39,192,0,"[0.5076, 0.3727, 0.2996]","[None, None, None]",2007
True,False,64,1e-05,1e-05,200,"(0.4, 0.3, 0.3)",64,20,2,0,1,3.31,64,0,[0.4758],[None],2008
True,False,64,1e-05,1e-05,200,"(0.4, 0.3, 0.3)",64,20,2,0,2,6.61,128,0,"[0.5515, 0.4609]","[None, None]",2009
True,False,64,1e-05,1e-05,200,"(0.4, 0.3, 0.3)",64,20,2,0,1,3.19,64,0,[0.5381],[None],2010
True,False,64,1e-05,1e-05,200,"(0.4, 0.3, 0.3)",64,20,2,0,1,3.21,64,0,[0.574],[None],2011
True,False,64,1e-05,1e-05,200,"(0.4, 0.3, 0.3)",64,20,2,0,2,6.79,128,0,"[0.5567, 0.4003]","[None, None]",2012
True,False,64,1e-05,1e-05,200,"(0.4, 0.3, 0.3)",64,20,2,0,3,10.6,192,0,"[0.5096, 0.3658, 0.3667]","[None, None, None]",2013
True,False,64,1e-05,1e-05,200,"(0.4, 0.3, 0.3)",64,20,2,0,3,10.59,192,0,"[0.5657, 0.4395, 0.3425]","[None, None, None]",2014
True,False,64,1e-05,1e-05,200,"(0.4, 0.3, 0.3)",64,20,2,0,6,23.12,384,0,"[0.4318, 0.2606, 0.2362, 0.1933, 0.2223, 0.2481]","[None, None, None, None, None, None]",2015
True,False,64,1e-05,1e-05,200,"(0.4, 0.3, 0.3)",64,20,2,0,1,3.36,64,0,[0.4916],[None],2016
True,False,64,1e-05,1e-05,200,"(0.4, 0.3, 0.3)",64,20,2,0,2,6.87,128,0,"[0.6159, 0.4789]","[None, None]",2017
True,False,64,1e-05,1e-05,200,"(0.4, 0.3, 0.3)",64,20,2,0,2,6.87,128,0,"[0.4753, 0.4777]","[None, None]",2018
True,False,64,1e-05,1e-05,200,"(0.4, 0.3, 0.3)",64,20,2,0,1,3.34,64,0,[0.5579],[None],2019
False,True,64,1e-05,0.0001,0,"(0.4, 0.3, 0.3)",64,20,2,0,1,2.75,64,0,[0.7021],[None],2000
False,True,64,1e-05,0.0001,0,"(0.4, 0.3, 0.3)",64,20,2,0,1,2.76,64,0,[0.5539],[None],2001
False,True,64,1e-05,0.0001,0,"(0.4, 0.3, 0.3)",64,20,2,0,1,2.76,64,1,[0.6849],[None],2002
False,True,64,1e-05,0.0001,0,"(0.4, 0.3, 0.3)",64,20,2,0,2,5.77,128,0,"[0.6229, 0.6469]","[None, None]",2003
False,True,64,1e-05,0.0001,0,"(0.4, 0.3, 0.3)",64,20,2,0,1,2.74,64,0,[0.6978],[None],2004
False,True,64,1e-05,0.0001,0,"(0.4, 0.3, 0.3)",64,20,2,0,2,5.6,128,1,"[0.6196, 0.6284]","[None, None]",2005
False,True,64,1e-05,0.0001,0,"(0.4, 0.3, 0.3)",64,20,2,0,1,2.75,64,0,[0.6396],[None],2006
False,True,64,1e-05,0.0001,0,"(0.4, 0.3, 0.3)",64,20,2,0,5,15.81,320,1,"[0.6024, 0.6596, 0.6274, 0.609, 0.6283]","[None, None, None, None, None]",2007
False,True,64,1e-05,0.0001,0,"(0.4, 0.3, 0.3)",64,20,2,0,1,2.62,64,1,[0.4358],[None],2008
False,True,64,1e-05,0.0001,0,"(0.4, 0.3, 0.3)",64,20,2,0,2,5.5,128,0,"[0.6266, 0.6126]","[None, None]",2009
False,True,64,1e-05,0.0001,0,"(0.4, 0.3, 0.3)",64,20,2,0,1,2.63,64,0,[0.6573],[None],2010
False,True,64,1e-05,0.0001,0,"(0.4, 0.3, 0.3)",64,20,2,0,1,2.72,64,0,[0.6197],[None],2011
False,True,64,1e-05,0.0001,0,"(0.4, 0.3, 0.3)",64,20,2,0,2,5.5,128,1,"[0.5603, 0.6412]","[None, None]",2012
False,True,64,1e-05,0.0001,0,"(0.4, 0.3, 0.3)",64,20,2,0,3,8.48,192,0,"[0.6696, 0.6136, 0.6409]","[None, None, None]",2013
False,True,64,1e-05,0.0001,0,"(0.4, 0.3, 0.3)",64,20,2,0,4,12.24,256,1,"[0.6731, 0.5373, 0.422, 0.366]","[None, None, None, None]",2014
False,True,64,1e-05,0.0001,0,"(0.4, 0.3, 0.3)",64,20,2,0,2,5.73,128,0,"[0.6476, 0.6133]","[None, None]",2015
False,True,64,1e-05,0.0001,0,"(0.4, 0.3, 0.3)",64,20,2,0,2,5.72,128,1,"[0.5701, 0.5364]","[None, None]",2016
False,True,64,1e-05,0.0001,0,"(0.4, 0.3, 0.3)",64,20,2,0,1,2.71,64,0,[0.6794],[None],2017
False,True,64,1e-05,0.0001,0,"(0.4, 0.3, 0.3)",64,20,2,0,2,5.46,128,0,"[0.5737, 0.6052]","[None, None]",2018
False,True,64,1e-05,0.0001,0,"(0.4, 0.3, 0.3)",64,20,2,0,1,2.63,64,0,[0.5979],[None],2019
False,True,64,1e-05,0.0001,100,"(0.4, 0.3, 0.3)",64,20,2,0,1,2.62,64,0,[0.7001],[None],2000
False,True,64,1e-05,0.0001,100,"(0.4, 0.3, 0.3)",64,20,2,0,1,2.62,64,0,[0.5547],[None],2001
False,True,64,1e-05,0.0001,100,"(0.4, 0.3, 0.3)",64,20,2,0,1,2.63,64,1,[0.6803],[None],2002
False,True,64,1e-05,0.0001,100,"(0.4, 0.3, 0.3)",64,20,2,0,2,5.46,128,1,"[0.6229, 0.6716]","[None, None]",2003
False,True,64,1e-05,0.0001,100,"(0.4, 0.3, 0.3)",64,20,2,0,1,2.63,64,0,[0.6977],[None],2004
False,True,64,1e-05,0.0001,100,"(0.4, 0.3, 0.3)",64,20,2,0,2,5.49,128,1,"[0.6199, 0.6443]","[None, None]",2005
False,True,64,1e-05,0.0001,100,"(0.4, 0.3, 0.3)",64,20,2,0,1,2.62,64,0,[0.6391],[None],2006
False,True,64,1e-05,0.0001,100,"(0.4, 0.3, 0.3)",64,20,2,0,6,19.31,384,0,"[0.602, 0.6992, 0.6664, 0.6421, 0.6221, 0.6216]","[None, None, None, None, None, None]",2007
False,True,64,1e-05,0.0001,100,"(0.4, 0.3, 0.3)",64,20,2,0,1,2.75,64,1,[0.4681],[None],2008
False,True,64,1e-05,0.0001,100,"(0.4, 0.3, 0.3)",64,20,2,0,1,2.63,64,0,[0.6305],[None],2009
False,True,64,1e-05,0.0001,100,"(0.4, 0.3, 0.3)",64,20,2,0,1,2.63,64,0,[0.6555],[None],2010
False,True,64,1e-05,0.0001,100,"(0.4, 0.3, 0.3)",64,20,2,0,1,2.63,64,0,[0.6097],[None],2011
False,True,64,1e-05,0.0001,100,"(0.4, 0.3, 0.3)",64,20,2,0,2,5.47,128,0,"[0.5746, 0.6685]","[None, None]",2012
False,True,64,1e-05,0.0001,100,"(0.4, 0.3, 0.3)",64,20,2,0,2,5.71,128,0,"[0.6709, 0.6259]","[None, None]",2013
False,True,64,1e-05,0.0001,100,"(0.4, 0.3, 0.3)",64,20,2,0,2,5.52,128,0,"[0.677, 0.6088]","[None, None]",2014
False,True,64,1e-05,0.0001,100,"(0.4, 0.3, 0.3)",64,20,2,0,1,2.62,64,0,[0.6495],[None],2015
False,True,64,1e-05,0.0001,100,"(0.4, 0.3, 0.3)",64,20,2,0,3,8.7,192,1,"[0.5898, 0.4844, 0.5171]","[None, None, None]",2016
False,True,64,1e-05,0.0001,100,"(0.4, 0.3, 0.3)",64,20,2,0,1,2.75,64,0,[0.6779],[None],2017
False,True,64,1e-05,0.0001,100,"(0.4, 0.3, 0.3)",64,20,2,0,2,5.72,128,1,"[0.5778, 0.5874]","[None, None]",2018
False,True,64,1e-05,0.0001,100,"(0.4, 0.3, 0.3)",64,20,2,0,1,2.76,64,0,[0.6005],[None],2019
False,True,64,1e-05,0.0001,200,"(0.4, 0.3, 0.3)",64,20,2,0,1,2.77,64,0,[0.6931],[None],2000
False,True,64,1e-05,0.0001,200,"(0.4, 0.3, 0.3)",64,20,2,0,1,2.78,64,0,[0.5535],[None],2001
False,True,64,1e-05,0.0001,200,"(0.4, 0.3, 0.3)",64,20,2,0,1,2.76,64,1,[0.6738],[None],2002
False,True,64,1e-05,0.0001,200,"(0.4, 0.3, 0.3)",64,20,2,0,2,5.71,128,1,"[0.6235, 0.6923]","[None, None]",2003
False,True,64,1e-05,0.0001,200,"(0.4, 0.3, 0.3)",64,20,2,0,1,2.75,64,0,[0.6936],[None],2004
False,True,64,1e-05,0.0001,200,"(0.4, 0.3, 0.3)",64,20,2,0,2,5.72,128,1,"[0.6077, 0.6329]","[None, None]",2005
False,True,64,1e-05,0.0001,200,"(0.4, 0.3, 0.3)",64,20,2,0,1,2.79,64,0,[0.6419],[None],2006
False,True,64,1e-05,0.0001,200,"(0.4, 0.3, 0.3)",64,20,2,0,4,12.32,256,0,"[0.5994, 0.7114, 0.6918, 0.6764]","[None, None, None, None]",2007
False,True,64,1e-05,0.0001,200,"(0.4, 0.3, 0.3)",64,20,2,0,1,2.77,64,1,[0.4839],[None],2008
False,True,64,1e-05,0.0001,200,"(0.4, 0.3, 0.3)",64,20,2,0,1,2.76,64,0,[0.6275],[None],2009
False,True,64,1e-05,0.0001,200,"(0.4, 0.3, 0.3)",64,20,2,0,1,2.77,64,0,[0.6409],[None],2010
False,True,64,1e-05,0.0001,200,"(0.4, 0.3, 0.3)",64,20,2,0,1,2.75,64,0,[0.6052],[None],2011
False,True,64,1e-05,0.0001,200,"(0.4, 0.3, 0.3)",64,20,2,0,2,5.72,128,0,"[0.5818, 0.6945]","[None, None]",2012
False,True,64,1e-05,0.0001,200,"(0.4, 0.3, 0.3)",64,20,2,0,3,8.85,192,1,"[0.6701, 0.6349, 0.6533]","[None, None, None]",2013
False,True,64,1e-05,0.0001,200,"(0.4, 0.3, 0.3)",64,20,2,0,1,2.75,64,0,[0.6771],[None],2014
False,True,64,1e-05,0.0001,200,"(0.4, 0.3, 0.3)",64,20,2,0,1,2.75,64,0,[0.6448],[None],2015
False,True,64,1e-05,0.0001,200,"(0.4, 0.3, 0.3)",64,20,2,0,3,8.85,192,0,"[0.5914, 0.4846, 0.5311]","[None, None, None]",2016
False,True,64,1e-05,0.0001,200,"(0.4, 0.3, 0.3)",64,20,2,0,1,2.79,64,0,[0.6798],[None],2017
False,True,64,1e-05,0.0001,200,"(0.4, 0.3, 0.3)",64,20,2,0,2,5.61,128,0,"[0.5713, 0.5982]","[None, None]",2018
False,True,64,1e-05,0.0001,200,"(0.4, 0.3, 0.3)",64,20,2,0,1,2.75,64,0,[0.5891],[None],2019
False,True,64,1e-05,1e-05,0,"(0.4, 0.3, 0.3)",64,20,2,0,2,5.73,128,0,"[-9.3264, -9.1524]","[None, None]",2000
False,True,64,1e-05,1e-05,0,"(0.4, 0.3, 0.3)",64,20,2,0,2,5.64,128,0,"[-9.1152, -9.0584]","[None, None]",2001
False,True,64,1e-05,1e-05,0,"(0.4, 0.3, 0.3)",64,20,2,0,1,2.63,64,1,[-9.1198],[None],2002
False,True,64,1e-05,1e-05,0,"(0.4, 0.3, 0.3)",64,20,2,0,2,5.45,128,0,"[-8.9666, -8.7625]","[None, None]",2003
False,True,64,1e-05,1e-05,0,"(0.4, 0.3, 0.3)",64,20,2,0,1,2.68,64,0,[-9.1866],[None],2004
False,True,64,1e-05,1e-05,0,"(0.4, 0.3, 0.3)",64,20,2,0,2,5.71,128,0,"[-9.1616, -8.8472]","[None, None]",2005
False,True,64,1e-05,1e-05,0,"(0.4, 0.3, 0.3)",64,20,2,0,2,5.72,128,0,"[-9.2827, -9.1796]","[None, None]",2006
False,True,64,1e-05,1e-05,0,"(0.4, 0.3, 0.3)",64,20,2,0,3,8.69,192,0,"[-9.1734, -9.0295, -8.9638]","[None, None, None]",2007
False,True,64,1e-05,1e-05,0,"(0.4, 0.3, 0.3)",64,20,2,0,1,2.62,64,1,[-9.4102],[None],2008
False,True,64,1e-05,1e-05,0,"(0.4, 0.3, 0.3)",64,20,2,0,2,5.45,128,0,"[-9.3206, -9.0914]","[None, None]",2009
False,True,64,1e-05,1e-05,0,"(0.4, 0.3, 0.3)",64,20,2,0,2,5.45,128,0,"[-9.2817, -9.0679]","[None, None]",2010
False,True,64,1e-05,1e-05,0,"(0.4, 0.3, 0.3)",64,20,2,0,1,2.62,64,0,[-9.1193],[None],2011
False,True,64,1e-05,1e-05,0,"(0.4, 0.3, 0.3)",64,20,2,0,2,5.48,128,0,"[-9.3181, -9.2729]","[None, None]",2012
False,True,64,1e-05,1e-05,0,"(0.4, 0.3, 0.3)",64,20,2,0,2,5.45,128,0,"[-9.1604, -9.1721]","[None, None]",2013
False,True,64,1e-05,1e-05,0,"(0.4, 0.3, 0.3)",64,20,2,0,2,5.47,128,0,"[-9.2575, -8.852]","[None, None]",2014
False,True,64,1e-05,1e-05,0,"(0.4, 0.3, 0.3)",64,20,2,0,1,2.61,64,0,[-9.3721],[None],2015
False,True,64,1e-05,1e-05,0,"(0.4, 0.3, 0.3)",64,20,2,0,2,5.52,128,0,"[-9.2631, -8.851]","[None, None]",2016
False,True,64,1e-05,1e-05,0,"(0.4, 0.3, 0.3)",64,20,2,0,2,5.46,128,0,"[-8.9992, -9.0316]","[None, None]",2017
False,True,64,1e-05,1e-05,0,"(0.4, 0.3, 0.3)",64,20,2,0,2,5.47,128,0,"[-9.062, -9.4865]","[None, None]",2018
False,True,64,1e-05,1e-05,0,"(0.4, 0.3, 0.3)",64,20,2,0,1,2.62,64,0,[-9.0276],[None],2019
False,True,64,1e-05,1e-05,100,"(0.4, 0.3, 0.3)",64,20,2,0,2,5.46,128,0,"[-8.7808, -8.5539]","[None, None]",2000
False,True,64,1e-05,1e-05,100,"(0.4, 0.3, 0.3)",64,20,2,0,2,5.46,128,0,"[-8.4942, -8.4123]","[None, None]",2001
False,True,64,1e-05,1e-05,100,"(0.4, 0.3, 0.3)",64,20,2,0,1,2.62,64,1,[-8.5466],[None],2002
False,True,64,1e-05,1e-05,100,"(0.4, 0.3, 0.3)",64,20,2,0,2,5.45,128,0,"[-8.3595, -8.0813]","[None, None]",2003
False,True,64,1e-05,1e-05,100,"(0.4, 0.3, 0.3)",64,20,2,0,1,2.62,64,0,[-8.6331],[None],2004
False,True,64,1e-05,1e-05,100,"(0.4, 0.3, 0.3)",64,20,2,0,1,2.62,64,0,[-8.6025],[None],2005
False,True,64,1e-05,1e-05,100,"(0.4, 0.3, 0.3)",64,20,2,0,2,5.46,128,0,"[-8.7206, -8.5241]","[None, None]",2006
False,True,64,1e-05,1e-05,100,"(0.4, 0.3, 0.3)",64,20,2,0,3,8.49,192,0,"[-8.5463, -8.4795, -8.5893]","[None, None, None]",2007
False,True,64,1e-05,1e-05,100,"(0.4, 0.3, 0.3)",64,20,2,0,1,2.76,64,1,[-8.9172],[None],2008
False,True,64,1e-05,1e-05,100,"(0.4, 0.3, 0.3)",64,20,2,0,2,5.73,128,0,"[-8.7348, -8.5419]","[None, None]",2009
False,True,64,1e-05,1e-05,100,"(0.4, 0.3, 0.3)",64,20,2,0,2,5.78,128,0,"[-8.6954, -8.5378]","[None, None]",2010
False,True,64,1e-05,1e-05,100,"(0.4, 0.3, 0.3)",64,20,2,0,1,2.76,64,0,[-8.4732],[None],2011
False,True,64,1e-05,1e-05,100,"(0.4, 0.3, 0.3)",64,20,2,0,2,5.71,128,0,"[-8.6682, -8.6138]","[None, None]",2012
False,True,64,1e-05,1e-05,100,"(0.4, 0.3, 0.3)",64,20,2,0,2,5.48,128,0,"[-8.521, -8.6874]","[None, None]",2013
False,True,64,1e-05,1e-05,100,"(0.4, 0.3, 0.3)",64,20,2,0,2,5.56,128,0,"[-8.7031, -8.1642]","[None, None]",2014
False,True,64,1e-05,1e-05,100,"(0.4, 0.3, 0.3)",64,20,2,0,1,2.62,64,0,[-8.7921],[None],2015
False,True,64,1e-05,1e-05,100,"(0.4, 0.3, 0.3)",64,20,2,0,2,5.48,128,0,"[-8.6572, -8.1764]","[None, None]",2016
False,True,64,1e-05,1e-05,100,"(0.4, 0.3, 0.3)",64,20,2,0,2,5.54,128,0,"[-8.3655, -8.5087]","[None, None]",2017
False,True,64,1e-05,1e-05,100,"(0.4, 0.3, 0.3)",64,20,2,0,2,5.5,128,0,"[-8.5192, -9.0354]","[None, None]",2018
False,True,64,1e-05,1e-05,100,"(0.4, 0.3, 0.3)",64,20,2,0,1,2.63,64,0,[-8.4457],[None],2019
False,True,64,1e-05,1e-05,200,"(0.4, 0.3, 0.3)",64,20,2,0,2,5.48,128,0,"[-8.2819, -8.0675]","[None, None]",2000
False,True,64,1e-05,1e-05,200,"(0.4, 0.3, 0.3)",64,20,2,0,2,5.48,128,1,"[-7.951, -8.0375]","[None, None]",2001
False,True,64,1e-05,1e-05,200,"(0.4, 0.3, 0.3)",64,20,2,0,1,2.63,64,1,[-8.0233],[None],2002
False,True,64,1e-05,1e-05,200,"(0.4, 0.3, 0.3)",64,20,2,0,2,5.48,128,0,"[-7.8326, -7.5363]","[None, None]",2003
False,True,64,1e-05,1e-05,200,"(0.4, 0.3, 0.3)",64,20,2,0,1,2.7,64,0,[-8.0613],[None],2004
False,True,64,1e-05,1e-05,200,"(0.4, 0.3, 0.3)",64,20,2,0,1,2.76,64,0,[-8.0608],[None],2005
False,True,64,1e-05,1e-05,200,"(0.4, 0.3, 0.3)",64,20,2,0,1,2.76,64,0,[-8.2226],[None],2006
False,True,64,1e-05,1e-05,200,"(0.4, 0.3, 0.3)",64,20,2,0,3,8.88,192,0,"[-8.0379, -8.0101, -8.0691]","[None, None, None]",2007
False,True,64,1e-05,1e-05,200,"(0.4, 0.3, 0.3)",64,20,2,0,1,2.64,64,1,[-8.4002],[None],2008
False,True,64,1e-05,1e-05,200,"(0.4, 0.3, 0.3)",64,20,2,0,2,5.54,128,0,"[-8.2105, -8.1779]","[None, None]",2009
False,True,64,1e-05,1e-05,200,"(0.4, 0.3, 0.3)",64,20,2,0,1,2.62,64,0,[-8.2426],[None],2010
False,True,64,1e-05,1e-05,200,"(0.4, 0.3, 0.3)",64,20,2,0,1,2.62,64,0,[-7.9491],[None],2011
False,True,64,1e-05,1e-05,200,"(0.4, 0.3, 0.3)",64,20,2,0,2,5.46,128,0,"[-8.1462, -8.2786]","[None, None]",2012
False,True,64,1e-05,1e-05,200,"(0.4, 0.3, 0.3)",64,20,2,0,3,8.48,192,0,"[-8.0206, -8.0927, -7.9123]","[None, None, None]",2013
False,True,64,1e-05,1e-05,200,"(0.4, 0.3, 0.3)",64,20,2,0,2,5.46,128,0,"[-8.1773, -7.5963]","[None, None]",2014
False,True,64,1e-05,1e-05,200,"(0.4, 0.3, 0.3)",64,20,2,0,1,2.62,64,0,[-8.3109],[None],2015
False,True,64,1e-05,1e-05,200,"(0.4, 0.3, 0.3)",64,20,2,0,3,8.46,192,0,"[-8.1171, -7.7466, -7.9539]","[None, None, None]",2016
False,True,64,1e-05,1e-05,200,"(0.4, 0.3, 0.3)",64,20,2,0,2,5.46,128,0,"[-7.8168, -7.9844]","[None, None]",2017
False,True,64,1e-05,1e-05,200,"(0.4, 0.3, 0.3)",64,20,2,0,2,5.46,128,0,"[-7.8906, -8.5925]","[None, None]",2018
False,True,64,1e-05,1e-05,200,"(0.4, 0.3, 0.3)",64,20,2,0,1,2.63,64,0,[-7.9304],[None],2019
False,False,64,1e-05,0.0001,0,"(0.3, 0.3, 0.4)",64,20,2,0,1,3.19,64,0,[0.6977],[None],2000
False,False,64,1e-05,0.0001,0,"(0.3, 0.3, 0.4)",64,20,2,0,1,3.19,64,0,[0.5826],[None],2001
False,False,64,1e-05,0.0001,0,"(0.3, 0.3, 0.4)",64,20,2,0,1,3.2,64,1,[0.695],[None],2002
False,False,64,1e-05,0.0001,0,"(0.3, 0.3, 0.4)",64,20,2,0,2,6.64,128,0,"[0.6664, 0.6967]","[None, None]",2003
False,False,64,1e-05,0.0001,0,"(0.3, 0.3, 0.4)",64,20,2,0,1,3.27,64,0,[0.7097],[None],2004
False,False,64,1e-05,0.0001,0,"(0.3, 0.3, 0.4)",64,20,2,0,1,3.19,64,0,[0.6643],[None],2005
False,False,64,1e-05,0.0001,0,"(0.3, 0.3, 0.4)",64,20,2,0,1,3.19,64,0,[0.6487],[None],2006
False,False,64,1e-05,0.0001,0,"(0.3, 0.3, 0.4)",64,20,2,0,1,3.2,64,0,[0.6077],[None],2007
False,False,64,1e-05,0.0001,0,"(0.3, 0.3, 0.4)",64,20,2,0,1,3.19,64,1,[0.4084],[None],2008
False,False,64,1e-05,0.0001,0,"(0.3, 0.3, 0.4)",64,20,2,0,2,6.6,128,0,"[0.6435, 0.6787]","[None, None]",2009
False,False,64,1e-05,0.0001,0,"(0.3, 0.3, 0.4)",64,20,2,0,1,3.19,64,0,[0.6674],[None],2010
False,False,64,1e-05,0.0001,0,"(0.3, 0.3, 0.4)",64,20,2,0,1,3.2,64,0,[0.653],[None],2011
False,False,64,1e-05,0.0001,0,"(0.3, 0.3, 0.4)",64,20,2,0,2,6.6,128,1,"[0.5891, 0.6334]","[None, None]",2012
False,False,64,1e-05,0.0001,0,"(0.3, 0.3, 0.4)",64,20,2,0,2,6.6,128,0,"[0.6902, 0.7053]","[None, None]",2013
False,False,64,1e-05,0.0001,0,"(0.3, 0.3, 0.4)",64,20,2,0,1,3.19,64,0,[0.6797],[None],2014
False,False,64,1e-05,0.0001,0,"(0.3, 0.3, 0.4)",64,20,2,0,3,10.19,192,0,"[0.6539, 0.6379, 0.7095]","[None, None, None]",2015
False,False,64,1e-05,0.0001,0,"(0.3, 0.3, 0.4)",64,20,2,0,2,6.61,128,1,"[0.6079, 0.5787]","[None, None]",2016
False,False,64,1e-05,0.0001,0,"(0.3, 0.3, 0.4)",64,20,2,0,1,3.26,64,0,[0.716],[None],2017
False,False,64,1e-05,0.0001,0,"(0.3, 0.3, 0.4)",64,20,2,0,2,6.88,128,1,"[0.5947, 0.62]","[None, None]",2018
False,False,64,1e-05,0.0001,0,"(0.3, 0.3, 0.4)",64,20,2,0,1,3.35,64,0,[0.5953],[None],2019
False,False,64,1e-05,0.0001,100,"(0.3, 0.3, 0.4)",64,20,2,0,1,3.33,64,0,[0.6966],[None],2000
False,False,64,1e-05,0.0001,100,"(0.3, 0.3, 0.4)",64,20,2,0,1,3.33,64,0,[0.5743],[None],2001
False,False,64,1e-05,0.0001,100,"(0.3, 0.3, 0.4)",64,20,2,0,1,3.35,64,1,[0.687],[None],2002
False,False,64,1e-05,0.0001,100,"(0.3, 0.3, 0.4)",64,20,2,0,2,6.88,128,1,"[0.6537, 0.6653]","[None, None]",2003
False,False,64,1e-05,0.0001,100,"(0.3, 0.3, 0.4)",64,20,2,0,1,3.35,64,0,[0.6993],[None],2004
False,False,64,1e-05,0.0001,100,"(0.3, 0.3, 0.4)",64,20,2,0,1,3.35,64,0,[0.6468],[None],2005
False,False,64,1e-05,0.0001,100,"(0.3, 0.3, 0.4)",64,20,2,0,1,3.33,64,0,[0.6465],[None],2006
False,False,64,1e-05,0.0001,100,"(0.3, 0.3, 0.4)",64,20,2,0,1,3.41,64,0,[0.6002],[None],2007
False,False,64,1e-05,0.0001,100,"(0.3, 0.3, 0.4)",64,20,2,0,1,3.34,64,1,[0.4376],[None],2008
False,False,64,1e-05,0.0001,100,"(0.3, 0.3, 0.4)",64,20,2,0,1,3.33,64,0,[0.6342],[None],2009
False,False,64,1e-05,0.0001,100,"(0.3, 0.3, 0.4)",64,20,2,0,1,3.33,64,0,[0.6498],[None],2010
False,False,64,1e-05,0.0001,100,"(0.3, 0.3, 0.4)",64,20,2,0,1,3.34,64,0,[0.6372],[None],2011
False,False,64,1e-05,0.0001,100,"(0.3, 0.3, 0.4)",64,20,2,0,2,6.89,128,0,"[0.5961, 0.6798]","[None, None]",2012
False,False,64,1e-05,0.0001,100,"(0.3, 0.3, 0.4)",64,20,2,0,3,10.44,192,0,"[0.6727, 0.6795, 0.676]","[None, None, None]",2013
False,False,64,1e-05,0.0001,100,"(0.3, 0.3, 0.4)",64,20,2,0,1,3.2,64,0,[0.6705],[None],2014
False,False,64,1e-05,0.0001,100,"(0.3, 0.3, 0.4)",64,20,2,0,1,3.22,64,0,[0.6593],[None],2015
False,False,64,1e-05,0.0001,100,"(0.3, 0.3, 0.4)",64,20,2,0,2,6.83,128,1,"[0.6, 0.532]","[None, None]",2016
False,False,64,1e-05,0.0001,100,"(0.3, 0.3, 0.4)",64,20,2,0,1,3.2,64,0,[0.7003],[None],2017
False,False,64,1e-05,0.0001,100,"(0.3, 0.3, 0.4)",64,20,2,0,2,6.8,128,1,"[0.5904, 0.644]","[None, None]",2018
False,False,64,1e-05,0.0001,100,"(0.3, 0.3, 0.4)",64,20,2,0,1,3.35,64,0,[0.6004],[None],2019
False,False,64,1e-05,0.0001,200,"(0.3, 0.3, 0.4)",64,20,2,0,1,3.35,64,0,[0.7004],[None],2000
False,False,64,1e-05,0.0001,200,"(0.3, 0.3, 0.4)",64,20,2,0,1,3.35,64,0,[0.5752],[None],2001
False,False,64,1e-05,0.0001,200,"(0.3, 0.3, 0.4)",64,20,2,0,1,3.34,64,1,[0.6879],[None],2002
False,False,64,1e-05,0.0001,200,"(0.3, 0.3, 0.4)",64,20,2,0,2,6.89,128,1,"[0.6567, 0.6717]","[None, None]",2003
False,False,64,1e-05,0.0001,200,"(0.3, 0.3, 0.4)",64,20,2,0,1,3.34,64,0,[0.6986],[None],2004
False,False,64,1e-05,0.0001,200,"(0.3, 0.3, 0.4)",64,20,2,0,1,3.34,64,0,[0.6355],[None],2005
False,False,64,1e-05,0.0001,200,"(0.3, 0.3, 0.4)",64,20,2,0,1,3.24,64,0,[0.6524],[None],2006
False,False,64,1e-05,0.0001,200,"(0.3, 0.3, 0.4)",64,20,2,0,1,3.21,64,0,[0.5969],[None],2007
False,False,64,1e-05,0.0001,200,"(0.3, 0.3, 0.4)",64,20,2,0,1,3.2,64,1,[0.4725],[None],2008
False,False,64,1e-05,0.0001,200,"(0.3, 0.3, 0.4)",64,20,2,0,1,3.2,64,0,[0.6394],[None],2009
False,False,64,1e-05,0.0001,200,"(0.3, 0.3, 0.4)",64,20,2,0,1,3.23,64,0,[0.6379],[None],2010
False,False,64,1e-05,0.0001,200,"(0.3, 0.3, 0.4)",64,20,2,0,1,3.2,64,0,[0.6312],[None],2011
False,False,64,1e-05,0.0001,200,"(0.3, 0.3, 0.4)",64,20,2,0,2,6.68,128,0,"[0.6033, 0.6668]","[None, None]",2012
False,False,64,1e-05,0.0001,200,"(0.3, 0.3, 0.4)",64,20,2,0,2,6.6,128,0,"[0.6678, 0.706]","[None, None]",2013
False,False,64,1e-05,0.0001,200,"(0.3, 0.3, 0.4)",64,20,2,0,1,3.19,64,0,[0.674],[None],2014
False,False,64,1e-05,0.0001,200,"(0.3, 0.3, 0.4)",64,20,2,0,3,10.22,192,0,"[0.657, 0.6399, 0.7441]","[None, None, None]",2015
False,False,64,1e-05,0.0001,200,"(0.3, 0.3, 0.4)",64,20,2,0,2,6.61,128,0,"[0.5973, 0.5231]","[None, None]",2016
False,False,64,1e-05,0.0001,200,"(0.3, 0.3, 0.4)",64,20,2,0,1,3.19,64,0,[0.7037],[None],2017
False,False,64,1e-05,0.0001,200,"(0.3, 0.3, 0.4)",64,20,2,0,2,6.61,128,1,"[0.5917, 0.6757]","[None, None]",2018
False,False,64,1e-05,0.0001,200,"(0.3, 0.3, 0.4)",64,20,2,0,1,3.33,64,0,[0.6034],[None],2019
False,False,64,1e-05,1e-05,0,"(0.3, 0.3, 0.4)",64,20,2,0,1,3.36,64,0,[0.6151],[None],2000
False,False,64,1e-05,1e-05,0,"(0.3, 0.3, 0.4)",64,20,2,0,1,3.33,64,0,[0.6588],[None],2001
False,False,64,1e-05,1e-05,0,"(0.3, 0.3, 0.4)",64,20,2,0,1,3.34,64,1,[0.5308],[None],2002
False,False,64,1e-05,1e-05,0,"(0.3, 0.3, 0.4)",64,20,2,0,2,6.97,128,1,"[0.5791, 0.4953]","[None, None]",2003
False,False,64,1e-05,1e-05,0,"(0.3, 0.3, 0.4)",64,20,2,0,2,6.88,128,0,"[0.6573, 0.4087]","[None, None]",2004
False,False,64,1e-05,1e-05,0,"(0.3, 0.3, 0.4)",64,20,2,0,1,3.2,64,0,[0.5295],[None],2005
False,False,64,1e-05,1e-05,0,"(0.3, 0.3, 0.4)",64,20,2,0,1,3.23,64,0,[0.5873],[None],2006
False,False,64,1e-05,1e-05,0,"(0.3, 0.3, 0.4)",64,20,2,0,1,3.2,64,0,[0.6274],[None],2007
False,False,64,1e-05,1e-05,0,"(0.3, 0.3, 0.4)",64,20,2,0,1,3.19,64,1,[0.5004],[None],2008
False,False,64,1e-05,1e-05,0,"(0.3, 0.3, 0.4)",64,20,2,0,1,3.2,64,0,[0.5273],[None],2009
False,False,64,1e-05,1e-05,0,"(0.3, 0.3, 0.4)",64,20,2,0,1,3.2,64,0,[0.4897],[None],2010
False,False,64,1e-05,1e-05,0,"(0.3, 0.3, 0.4)",64,20,2,0,1,3.19,64,1,[0.5822],[None],2011
False,False,64,1e-05,1e-05,0,"(0.3, 0.3, 0.4)",64,20,2,0,2,6.61,128,0,"[0.6626, 0.4938]","[None, None]",2012
False,False,64,1e-05,1e-05,0,"(0.3, 0.3, 0.4)",64,20,2,0,2,6.61,128,1,"[0.5406, 0.3997]","[None, None]",2013
False,False,64,1e-05,1e-05,0,"(0.3, 0.3, 0.4)",64,20,2,0,1,3.29,64,0,[0.6484],[None],2014
False,False,64,1e-05,1e-05,0,"(0.3, 0.3, 0.4)",64,20,2,0,2,6.64,128,0,"[0.4028, 0.363]","[None, None]",2015
False,False,64,1e-05,1e-05,0,"(0.3, 0.3, 0.4)",64,20,2,0,1,3.21,64,0,[0.5065],[None],2016
False,False,64,1e-05,1e-05,0,"(0.3, 0.3, 0.4)",64,20,2,0,2,6.68,128,1,"[0.7103, 0.4924]","[None, None]",2017
False,False,64,1e-05,1e-05,0,"(0.3, 0.3, 0.4)",64,20,2,0,2,6.63,128,1,"[0.5859, 0.4406]","[None, None]",2018
False,False,64,1e-05,1e-05,0,"(0.3, 0.3, 0.4)",64,20,2,0,1,3.21,64,0,[0.5618],[None],2019
False,False,64,1e-05,1e-05,100,"(0.3, 0.3, 0.4)",64,20,2,0,1,3.21,64,0,[0.6717],[None],2000
False,False,64,1e-05,1e-05,100,"(0.3, 0.3, 0.4)",64,20,2,0,1,3.21,64,0,[0.667],[None],2001
False,False,64,1e-05,1e-05,100,"(0.3, 0.3, 0.4)",64,20,2,0,1,3.24,64,1,[0.6109],[None],2002
False,False,64,1e-05,1e-05,100,"(0.3, 0.3, 0.4)",64,20,2,0,2,6.62,128,1,"[0.6247, 0.5924]","[None, None]",2003
False,False,64,1e-05,1e-05,100,"(0.3, 0.3, 0.4)",64,20,2,0,2,6.65,128,0,"[0.7093, 0.4916]","[None, None]",2004
False,False,64,1e-05,1e-05,100,"(0.3, 0.3, 0.4)",64,20,2,0,1,3.28,64,0,[0.5795],[None],2005
False,False,64,1e-05,1e-05,100,"(0.3, 0.3, 0.4)",64,20,2,0,1,3.21,64,0,[0.6447],[None],2006
False,False,64,1e-05,1e-05,100,"(0.3, 0.3, 0.4)",64,20,2,0,1,3.2,64,0,[0.6641],[None],2007
False,False,64,1e-05,1e-05,100,"(0.3, 0.3, 0.4)",64,20,2,0,1,3.21,64,1,[0.5354],[None],2008
False,False,64,1e-05,1e-05,100,"(0.3, 0.3, 0.4)",64,20,2,0,1,3.21,64,0,[0.6007],[None],2009
False,False,64,1e-05,1e-05,100,"(0.3, 0.3, 0.4)",64,20,2,0,1,3.21,64,0,[0.6203],[None],2010
False,False,64,1e-05,1e-05,100,"(0.3, 0.3, 0.4)",64,20,2,0,1,3.21,64,1,[0.6386],[None],2011
False,False,64,1e-05,1e-05,100,"(0.3, 0.3, 0.4)",64,20,2,0,2,6.63,128,0,"[0.664, 0.5883]","[None, None]",2012
False,False,64,1e-05,1e-05,100,"(0.3, 0.3, 0.4)",64,20,2,0,2,6.63,128,0,"[0.6219, 0.4662]","[None, None]",2013
False,False,64,1e-05,1e-05,100,"(0.3, 0.3, 0.4)",64,20,2,0,1,3.33,64,0,[0.6871],[None],2014
False,False,64,1e-05,1e-05,100,"(0.3, 0.3, 0.4)",64,20,2,0,2,6.9,128,0,"[0.5352, 0.4716]","[None, None]",2015
False,False,64,1e-05,1e-05,100,"(0.3, 0.3, 0.4)",64,20,2,0,1,3.32,64,0,[0.5791],[None],2016
False,False,64,1e-05,1e-05,100,"(0.3, 0.3, 0.4)",64,20,2,0,2,6.92,128,1,"[0.7361, 0.6093]","[None, None]",2017
False,False,64,1e-05,1e-05,100,"(0.3, 0.3, 0.4)",64,20,2,0,2,6.94,128,1,"[0.6181, 0.5535]","[None, None]",2018
False,False,64,1e-05,1e-05,100,"(0.3, 0.3, 0.4)",64,20,2,0,1,3.35,64,0,[0.6024],[None],2019
False,False,64,1e-05,1e-05,200,"(0.3, 0.3, 0.4)",64,20,2,0,1,3.35,64,0,[0.6877],[None],2000
False,False,64,1e-05,1e-05,200,"(0.3, 0.3, 0.4)",64,20,2,0,1,3.34,64,0,[0.6692],[None],2001
False,False,64,1e-05,1e-05,200,"(0.3, 0.3, 0.4)",64,20,2,0,1,3.21,64,1,[0.6337],[None],2002
False,False,64,1e-05,1e-05,200,"(0.3, 0.3, 0.4)",64,20,2,0,2,6.66,128,1,"[0.6416, 0.5735]","[None, None]",2003
False,False,64,1e-05,1e-05,200,"(0.3, 0.3, 0.4)",64,20,2,0,2,6.73,128,0,"[0.725, 0.4832]","[None, None]",2004
False,False,64,1e-05,1e-05,200,"(0.3, 0.3, 0.4)",64,20,2,0,1,3.27,64,0,[0.6079],[None],2005
False,False,64,1e-05,1e-05,200,"(0.3, 0.3, 0.4)",64,20,2,0,1,3.21,64,0,[0.6632],[None],2006
False,False,64,1e-05,1e-05,200,"(0.3, 0.3, 0.4)",64,20,2,0,1,3.2,64,0,[0.6755],[None],2007
False,False,64,1e-05,1e-05,200,"(0.3, 0.3, 0.4)",64,20,2,0,1,3.21,64,1,[0.5511],[None],2008
False,False,64,1e-05,1e-05,200,"(0.3, 0.3, 0.4)",64,20,2,0,1,3.21,64,0,[0.6332],[None],2009
False,False,64,1e-05,1e-05,200,"(0.3, 0.3, 0.4)",64,20,2,0,1,3.21,64,0,[0.6518],[None],2010
False,False,64,1e-05,1e-05,200,"(0.3, 0.3, 0.4)",64,20,2,0,1,3.2,64,1,[0.6559],[None],2011
False,False,64,1e-05,1e-05,200,"(0.3, 0.3, 0.4)",64,20,2,0,2,6.63,128,0,"[0.669, 0.6177]","[None, None]",2012
False,False,64,1e-05,1e-05,200,"(0.3, 0.3, 0.4)",64,20,2,0,2,6.89,128,1,"[0.6486, 0.5363]","[None, None]",2013
False,False,64,1e-05,1e-05,200,"(0.3, 0.3, 0.4)",64,20,2,0,1,3.38,64,0,[0.6988],[None],2014
False,False,64,1e-05,1e-05,200,"(0.3, 0.3, 0.4)",64,20,2,0,2,6.64,128,0,"[0.575, 0.5189]","[None, None]",2015
False,False,64,1e-05,1e-05,200,"(0.3, 0.3, 0.4)",64,20,2,0,1,3.2,64,0,[0.5965],[None],2016
False,False,64,1e-05,1e-05,200,"(0.3, 0.3, 0.4)",64,20,2,0,1,3.33,64,0,[0.7447],[None],2017
False,False,64,1e-05,1e-05,200,"(0.3, 0.3, 0.4)",64,20,2,0,2,6.77,128,1,"[0.6344, 0.5641]","[None, None]",2018
False,False,64,1e-05,1e-05,200,"(0.3, 0.3, 0.4)",64,20,2,0,1,3.23,64,0,[0.6239],[None],2019
True,False,64,1e-05,0.0001,0,"(0.3, 0.3, 0.4)",64,20,2,0,2,6.61,128,0,"[0.741, 0.6651]","[None, None]",2000
True,False,64,1e-05,0.0001,0,"(0.3, 0.3, 0.4)",64,20,2,0,2,6.67,128,0,"[0.7162, 0.6095]","[None, None]",2001
True,False,64,1e-05,0.0001,0,"(0.3, 0.3, 0.4)",64,20,2,0,1,3.19,64,0,[0.75],[None],2002
True,False,64,1e-05,0.0001,0,"(0.3, 0.3, 0.4)",64,20,2,0,5,18.11,320,0,"[0.7361, 0.5929, 0.4712, 0.4096, 0.4289]","[None, None, None, None, None]",2003
True,False,64,1e-05,0.0001,0,"(0.3, 0.3, 0.4)",64,20,2,0,2,6.61,128,0,"[0.8005, 0.7045]","[None, None]",2004
True,False,64,1e-05,0.0001,0,"(0.3, 0.3, 0.4)",64,20,2,0,3,10.25,192,0,"[0.7487, 0.627, 0.5141]","[None, None, None]",2005
True,False,64,1e-05,0.0001,0,"(0.3, 0.3, 0.4)",64,20,2,0,1,3.37,64,0,[0.7204],[None],2006
True,False,64,1e-05,0.0001,0,"(0.3, 0.3, 0.4)",64,20,2,0,3,10.39,192,0,"[0.6931, 0.6097, 0.5671]","[None, None, None]",2007
True,False,64,1e-05,0.0001,0,"(0.3, 0.3, 0.4)",64,20,2,0,2,6.62,128,0,"[0.6657, 0.5244]","[None, None]",2008
True,False,64,1e-05,0.0001,0,"(0.3, 0.3, 0.4)",64,20,2,0,2,6.63,128,1,"[0.7364, 0.618]","[None, None]",2009
True,False,64,1e-05,0.0001,0,"(0.3, 0.3, 0.4)",64,20,2,0,1,3.23,64,0,[0.739],[None],2010
True,False,64,1e-05,0.0001,0,"(0.3, 0.3, 0.4)",64,20,2,0,1,3.21,64,0,[0.7538],[None],2011
True,False,64,1e-05,0.0001,0,"(0.3, 0.3, 0.4)",64,20,2,0,3,10.27,192,0,"[0.7135, 0.5647, 0.5248]","[None, None, None]",2012
True,False,64,1e-05,0.0001,0,"(0.3, 0.3, 0.4)",64,20,2,0,4,14.56,256,0,"[0.7756, 0.5999, 0.4604, 0.4536]","[None, None, None, None]",2013
True,False,64,1e-05,0.0001,0,"(0.3, 0.3, 0.4)",64,20,2,0,4,14.63,256,0,"[0.7644, 0.6686, 0.5802, 0.5279]","[None, None, None, None]",2014
True,False,64,1e-05,0.0001,0,"(0.3, 0.3, 0.4)",64,20,2,0,4,14.62,256,0,"[0.7062, 0.621, 0.5014, 0.3862]","[None, None, None, None]",2015
True,False,64,1e-05,0.0001,0,"(0.3, 0.3, 0.4)",64,20,2,0,3,10.5,192,0,"[0.7303, 0.5417, 0.5292]","[None, None, None]",2016
True,False,64,1e-05,0.0001,0,"(0.3, 0.3, 0.4)",64,20,2,0,4,14.04,256,0,"[0.7559, 0.6438, 0.5854, 0.4858]","[None, None, None, None]",2017
True,False,64,1e-05,0.0001,0,"(0.3, 0.3, 0.4)",64,20,2,0,2,6.61,128,0,"[0.6777, 0.6122]","[None, None]",2018
True,False,64,1e-05,0.0001,0,"(0.3, 0.3, 0.4)",64,20,2,0,2,6.6,128,0,"[0.731, 0.635]","[None, None]",2019
True,False,64,1e-05,0.0001,100,"(0.3, 0.3, 0.4)",64,20,2,0,2,6.61,128,0,"[0.755, 0.682]","[None, None]",2000
True,False,64,1e-05,0.0001,100,"(0.3, 0.3, 0.4)",64,20,2,0,2,6.61,128,0,"[0.6963, 0.6066]","[None, None]",2001
True,False,64,1e-05,0.0001,100,"(0.3, 0.3, 0.4)",64,20,2,0,1,3.19,64,0,[0.7447],[None],2002
True,False,64,1e-05,0.0001,100,"(0.3, 0.3, 0.4)",64,20,2,0,5,18.15,320,0,"[0.738, 0.6218, 0.5192, 0.531, 0.5012]","[None, None, None, None, None]",2003
True,False,64,1e-05,0.0001,100,"(0.3, 0.3, 0.4)",64,20,2,0,2,6.61,128,0,"[0.8028, 0.734]","[None, None]",2004
True,False,64,1e-05,0.0001,100,"(0.3, 0.3, 0.4)",64,20,2,0,3,10.2,192,0,"[0.7502, 0.6186, 0.5686]","[None, None, None]",2005
True,False,64,1e-05,0.0001,100,"(0.3, 0.3, 0.4)",64,20,2,0,5,18.21,320,0,"[0.726, 0.6657, 0.62, 0.5396, 0.5105]","[None, None, None, None, None]",2006
True,False,64,1e-05,0.0001,100,"(0.3, 0.3, 0.4)",64,20,2,0,3,10.19,192,0,"[0.6967, 0.6826, 0.6265]","[None, None, None]",2007
True,False,64,1e-05,0.0001,100,"(0.3, 0.3, 0.4)",64,20,2,0,2,6.6,128,0,"[0.6717, 0.5977]","[None, None]",2008
True,False,64,1e-05,0.0001,100,"(0.3, 0.3, 0.4)",64,20,2,0,2,6.66,128,1,"[0.7402, 0.6606]","[None, None]",2009
True,False,64,1e-05,0.0001,100,"(0.3, 0.3, 0.4)",64,20,2,0,2,6.63,128,0,"[0.74, 0.7024]","[None, None]",2010
True,False,64,1e-05,0.0001,100,"(0.3, 0.3, 0.4)",64,20,2,0,1,3.19,64,0,[0.7594],[None],2011
True,False,64,1e-05,0.0001,100,"(0.3, 0.3, 0.4)",64,20,2,0,5,18.1,320,0,"[0.7035, 0.6003, 0.57, 0.4946, 0.439]","[None, None, None, None, None]",2012
True,False,64,1e-05,0.0001,100,"(0.3, 0.3, 0.4)",64,20,2,0,6,22.32,384,0,"[0.7778, 0.6141, 0.5392, 0.4646, 0.4644, 0.4304]","[None, None, None, None, None, None]",2013
True,False,64,1e-05,0.0001,100,"(0.3, 0.3, 0.4)",64,20,2,0,2,6.64,128,0,"[0.7645, 0.6887]","[None, None]",2014
True,False,64,1e-05,0.0001,100,"(0.3, 0.3, 0.4)",64,20,2,0,5,18.1,320,0,"[0.7168, 0.5786, 0.5334, 0.5275, 0.4784]","[None, None, None, None, None]",2015
True,False,64,1e-05,0.0001,100,"(0.3, 0.3, 0.4)",64,20,2,0,4,14.25,256,0,"[0.7353, 0.6277, 0.5517, 0.5522]","[None, None, None, None]",2016
True,False,64,1e-05,0.0001,100,"(0.3, 0.3, 0.4)",64,20,2,0,1,3.2,64,0,[0.7563],[None],2017
True,False,64,1e-05,0.0001,100,"(0.3, 0.3, 0.4)",64,20,2,0,4,14.54,256,0,"[0.688, 0.6736, 0.5959, 0.4825]","[None, None, None, None]",2018
True,False,64,1e-05,0.0001,100,"(0.3, 0.3, 0.4)",64,20,2,0,2,6.9,128,1,"[0.7336, 0.6654]","[None, None]",2019
True,False,64,1e-05,0.0001,200,"(0.3, 0.3, 0.4)",64,20,2,0,3,10.57,192,0,"[0.7547, 0.6646, 0.6369]","[None, None, None]",2000
True,False,64,1e-05,0.0001,200,"(0.3, 0.3, 0.4)",64,20,2,0,2,6.87,128,0,"[0.6873, 0.5959]","[None, None]",2001
True,False,64,1e-05,0.0001,200,"(0.3, 0.3, 0.4)",64,20,2,0,1,3.2,64,0,[0.7482],[None],2002
True,False,64,1e-05,0.0001,200,"(0.3, 0.3, 0.4)",64,20,2,0,4,14.17,256,0,"[0.7297, 0.6483, 0.5469, 0.4819]","[None, None, None, None]",2003
True,False,64,1e-05,0.0001,200,"(0.3, 0.3, 0.4)",64,20,2,0,2,6.62,128,0,"[0.7937, 0.7335]","[None, None]",2004
True,False,64,1e-05,0.0001,200,"(0.3, 0.3, 0.4)",64,20,2,0,1,3.19,64,0,[0.7381],[None],2005
True,False,64,1e-05,0.0001,200,"(0.3, 0.3, 0.4)",64,20,2,0,1,3.2,64,0,[0.7353],[None],2006
True,False,64,1e-05,0.0001,200,"(0.3, 0.3, 0.4)",64,20,2,0,2,6.65,128,0,"[0.6971, 0.6836]","[None, None]",2007
True,False,64,1e-05,0.0001,200,"(0.3, 0.3, 0.4)",64,20,2,0,2,6.6,128,0,"[0.6914, 0.6344]","[None, None]",2008
True,False,64,1e-05,0.0001,200,"(0.3, 0.3, 0.4)",64,20,2,0,2,6.61,128,0,"[0.7225, 0.6738]","[None, None]",2009
True,False,64,1e-05,0.0001,200,"(0.3, 0.3, 0.4)",64,20,2,0,2,6.62,128,0,"[0.7334, 0.7124]","[None, None]",2010
True,False,64,1e-05,0.0001,200,"(0.3, 0.3, 0.4)",64,20,2,0,1,3.26,64,0,[0.7612],[None],2011
True,False,64,1e-05,0.0001,200,"(0.3, 0.3, 0.4)",64,20,2,0,4,14.09,256,0,"[0.6951, 0.6288, 0.5969, 0.492]","[None, None, None, None]",2012
True,False,64,1e-05,0.0001,200,"(0.3, 0.3, 0.4)",64,20,2,0,3,10.19,192,0,"[0.7694, 0.6275, 0.5622]","[None, None, None]",2013
True,False,64,1e-05,0.0001,200,"(0.3, 0.3, 0.4)",64,20,2,0,3,10.22,192,0,"[0.7489, 0.7053, 0.6346]","[None, None, None]",2014
True,False,64,1e-05,0.0001,200,"(0.3, 0.3, 0.4)",64,20,2,0,4,14.04,256,0,"[0.716, 0.5806, 0.5885, 0.5412]","[None, None, None, None]",2015
True,False,64,1e-05,0.0001,200,"(0.3, 0.3, 0.4)",64,20,2,0,1,3.2,64,0,[0.7469],[None],2016
True,False,64,1e-05,0.0001,200,"(0.3, 0.3, 0.4)",64,20,2,0,2,6.61,128,1,"[0.7474, 0.656]","[None, None]",2017
True,False,64,1e-05,0.0001,200,"(0.3, 0.3, 0.4)",64,20,2,0,2,6.61,128,0,"[0.674, 0.6173]","[None, None]",2018
True,False,64,1e-05,0.0001,200,"(0.3, 0.3, 0.4)",64,20,2,0,2,6.61,128,0,"[0.7366, 0.7098]","[None, None]",2019
True,False,64,1e-05,1e-05,0,"(0.3, 0.3, 0.4)",64,20,2,0,2,6.6,128,0,"[-0.3102, 0.0486]","[None, None]",2000
True,False,64,1e-05,1e-05,0,"(0.3, 0.3, 0.4)",64,20,2,0,1,3.2,64,0,[0.3728],[None],2001
True,False,64,1e-05,1e-05,0,"(0.3, 0.3, 0.4)",64,20,2,0,1,3.19,64,0,[0.3376],[None],2002
True,False,64,1e-05,1e-05,0,"(0.3, 0.3, 0.4)",64,20,2,0,3,10.18,192,0,"[0.1971, 0.1822, 0.1388]","[None, None, None]",2003
True,False,64,1e-05,1e-05,0,"(0.3, 0.3, 0.4)",64,20,2,0,2,6.62,128,0,"[0.3334, 0.1744]","[None, None]",2004
True,False,64,1e-05,1e-05,0,"(0.3, 0.3, 0.4)",64,20,2,0,2,6.67,128,0,"[0.35, 0.1951]","[None, None]",2005
True,False,64,1e-05,1e-05,0,"(0.3, 0.3, 0.4)",64,20,2,0,2,6.86,128,0,"[0.332, -0.2081]","[None, None]",2006
True,False,64,1e-05,1e-05,0,"(0.3, 0.3, 0.4)",64,20,2,0,4,14.55,256,0,"[0.3666, -0.0554, 0.063, 0.0638]","[None, None, None, None]",2007
True,False,64,1e-05,1e-05,0,"(0.3, 0.3, 0.4)",64,20,2,0,1,3.36,64,0,[-0.6147],[None],2008
True,False,64,1e-05,1e-05,0,"(0.3, 0.3, 0.4)",64,20,2,0,2,6.88,128,0,"[0.0812, -0.209]","[None, None]",2009
True,False,64,1e-05,1e-05,0,"(0.3, 0.3, 0.4)",64,20,2,0,1,3.34,64,0,[0.0152],[None],2010
True,False,64,1e-05,1e-05,0,"(0.3, 0.3, 0.4)",64,20,2,0,1,3.33,64,0,[0.197],[None],2011
True,False,64,1e-05,1e-05,0,"(0.3, 0.3, 0.4)",64,20,2,0,2,6.89,128,0,"[0.4379, -0.1634]","[None, None]",2012
True,False,64,1e-05,1e-05,0,"(0.3, 0.3, 0.4)",64,20,2,0,4,14.59,256,0,"[0.2382, 0.1434, 0.137, 0.1027]","[None, None, None, None]",2013
True,False,64,1e-05,1e-05,0,"(0.3, 0.3, 0.4)",64,20,2,0,4,14.03,256,0,"[0.3787, -0.0591, 0.0587, 0.1169]","[None, None, None, None]",2014
True,False,64,1e-05,1e-05,0,"(0.3, 0.3, 0.4)",64,20,2,0,9,39.36,576,0,"[-0.9694, -0.2282, -0.0339, -0.0593, 0.0085, 0.0375, 0.0075, 0.0503, 0.4505]","[None, None, None, None, None, None, None, None, None]",2015
True,False,64,1e-05,1e-05,0,"(0.3, 0.3, 0.4)",64,20,2,0,2,6.89,128,0,"[-0.1152, -0.0945]","[None, None]",2016
True,False,64,1e-05,1e-05,0,"(0.3, 0.3, 0.4)",64,20,2,0,2,6.84,128,0,"[0.3572, -0.4865]","[None, None]",2017
True,False,64,1e-05,1e-05,0,"(0.3, 0.3, 0.4)",64,20,2,0,2,6.61,128,0,"[0.4051, 0.2222]","[None, None]",2018
True,False,64,1e-05,1e-05,0,"(0.3, 0.3, 0.4)",64,20,2,0,1,3.19,64,0,[-0.2179],[None],2019
True,False,64,1e-05,1e-05,100,"(0.3, 0.3, 0.4)",64,20,2,0,2,6.64,128,0,"[0.3097, 0.33]","[None, None]",2000
True,False,64,1e-05,1e-05,100,"(0.3, 0.3, 0.4)",64,20,2,0,1,3.35,64,0,[0.5205],[None],2001
True,False,64,1e-05,1e-05,100,"(0.3, 0.3, 0.4)",64,20,2,0,1,3.34,64,0,[0.5027],[None],2002
True,False,64,1e-05,1e-05,100,"(0.3, 0.3, 0.4)",64,20,2,0,3,10.62,192,1,"[0.4139, 0.3433, 0.2497]","[None, None, None]",2003
True,False,64,1e-05,1e-05,100,"(0.3, 0.3, 0.4)",64,20,2,0,3,10.46,192,0,"[0.5743, 0.3542, 0.2479]","[None, None, None]",2004
True,False,64,1e-05,1e-05,100,"(0.3, 0.3, 0.4)",64,20,2,0,2,6.64,128,0,"[0.4882, 0.2837]","[None, None]",2005
True,False,64,1e-05,1e-05,100,"(0.3, 0.3, 0.4)",64,20,2,0,2,6.61,128,0,"[0.5307, 0.3367]","[None, None]",2006
True,False,64,1e-05,1e-05,100,"(0.3, 0.3, 0.4)",64,20,2,0,4,14.04,256,0,"[0.471, 0.209, 0.3075, 0.2433]","[None, None, None, None]",2007
True,False,64,1e-05,1e-05,100,"(0.3, 0.3, 0.4)",64,20,2,0,1,3.2,64,0,[0.3458],[None],2008
True,False,64,1e-05,1e-05,100,"(0.3, 0.3, 0.4)",64,20,2,0,2,6.63,128,0,"[0.4731, 0.2748]","[None, None]",2009
True,False,64,1e-05,1e-05,100,"(0.3, 0.3, 0.4)",64,20,2,0,1,3.19,64,0,[0.4127],[None],2010
True,False,64,1e-05,1e-05,100,"(0.3, 0.3, 0.4)",64,20,2,0,1,3.2,64,0,[0.4836],[None],2011
True,False,64,1e-05,1e-05,100,"(0.3, 0.3, 0.4)",64,20,2,0,2,6.6,128,0,"[0.5483, 0.2842]","[None, None]",2012
True,False,64,1e-05,1e-05,100,"(0.3, 0.3, 0.4)",64,20,2,0,5,18.13,320,0,"[0.438, 0.2268, 0.2399, 0.2965, 0.2643]","[None, None, None, None, None]",2013
True,False,64,1e-05,1e-05,100,"(0.3, 0.3, 0.4)",64,20,2,0,3,10.2,192,0,"[0.5309, 0.2467, 0.227]","[None, None, None]",2014
True,False,64,1e-05,1e-05,100,"(0.3, 0.3, 0.4)",64,20,2,0,8,31.53,512,0,"[0.1171, 0.0794, 0.1149, 0.1519, 0.1856, 0.149, 0.1559, 0.2353]","[None, None, None, None, None, None, None, None]",2015
True,False,64,1e-05,1e-05,100,"(0.3, 0.3, 0.4)",64,20,2,0,1,3.21,64,0,[0.3318],[None],2016
True,False,64,1e-05,1e-05,100,"(0.3, 0.3, 0.4)",64,20,2,0,2,6.63,128,0,"[0.5831, 0.2422]","[None, None]",2017
True,False,64,1e-05,1e-05,100,"(0.3, 0.3, 0.4)",64,20,2,0,2,6.65,128,0,"[0.4669, 0.3925]","[None, None]",2018
True,False,64,1e-05,1e-05,100,"(0.3, 0.3, 0.4)",64,20,2,0,1,3.32,64,0,[0.3636],[None],2019
True,False,64,1e-05,1e-05,200,"(0.3, 0.3, 0.4)",64,20,2,0,3,10.62,192,0,"[0.533, 0.469, 0.3484]","[None, None, None]",2000
True,False,64,1e-05,1e-05,200,"(0.3, 0.3, 0.4)",64,20,2,0,1,3.35,64,0,[0.5332],[None],2001
True,False,64,1e-05,1e-05,200,"(0.3, 0.3, 0.4)",64,20,2,0,1,3.35,64,0,[0.5806],[None],2002
True,False,64,1e-05,1e-05,200,"(0.3, 0.3, 0.4)",64,20,2,0,3,10.65,192,1,"[0.4943, 0.4555, 0.3505]","[None, None, None]",2003
True,False,64,1e-05,1e-05,200,"(0.3, 0.3, 0.4)",64,20,2,0,3,10.35,192,0,"[0.629, 0.5128, 0.386]","[None, None, None]",2004
True,False,64,1e-05,1e-05,200,"(0.3, 0.3, 0.4)",64,20,2,0,2,6.66,128,0,"[0.5314, 0.2843]","[None, None]",2005
True,False,64,1e-05,1e-05,200,"(0.3, 0.3, 0.4)",64,20,2,0,2,6.7,128,0,"[0.5807, 0.4892]","[None, None]",2006
True,False,64,1e-05,1e-05,200,"(0.3, 0.3, 0.4)",64,20,2,0,4,14.1,256,0,"[0.5076, 0.3529, 0.3497, 0.3538]","[None, None, None, None]",2007
True,False,64,1e-05,1e-05,200,"(0.3, 0.3, 0.4)",64,20,2,0,1,3.2,64,0,[0.4758],[None],2008
True,False,64,1e-05,1e-05,200,"(0.3, 0.3, 0.4)",64,20,2,0,2,6.7,128,0,"[0.5515, 0.4925]","[None, None]",2009
True,False,64,1e-05,1e-05,200,"(0.3, 0.3, 0.4)",64,20,2,0,1,3.21,64,0,[0.5381],[None],2010
True,False,64,1e-05,1e-05,200,"(0.3, 0.3, 0.4)",64,20,2,0,1,3.21,64,0,[0.574],[None],2011
True,False,64,1e-05,1e-05,200,"(0.3, 0.3, 0.4)",64,20,2,0,2,6.64,128,0,"[0.5567, 0.3996]","[None, None]",2012
True,False,64,1e-05,1e-05,200,"(0.3, 0.3, 0.4)",64,20,2,0,4,14.1,256,0,"[0.5096, 0.3541, 0.2731, 0.2465]","[None, None, None, None]",2013
True,False,64,1e-05,1e-05,200,"(0.3, 0.3, 0.4)",64,20,2,0,3,10.22,192,0,"[0.5657, 0.422, 0.3552]","[None, None, None]",2014
True,False,64,1e-05,1e-05,200,"(0.3, 0.3, 0.4)",64,20,2,0,10,47.24,640,0,"[0.4318, 0.2478, 0.2359, 0.1855, 0.1957, 0.2003, 0.1922, 0.1957, 0.4635, 0.416]","[None, None, None, None, None, None, None, None, None, None]",2015
True,False,64,1e-05,1e-05,200,"(0.3, 0.3, 0.4)",64,20,2,0,1,3.21,64,0,[0.4916],[None],2016
True,False,64,1e-05,1e-05,200,"(0.3, 0.3, 0.4)",64,20,2,0,2,6.63,128,0,"[0.6159, 0.4807]","[None, None]",2017
True,False,64,1e-05,1e-05,200,"(0.3, 0.3, 0.4)",64,20,2,0,2,6.62,128,0,"[0.4753, 0.478]","[None, None]",2018
True,False,64,1e-05,1e-05,200,"(0.3, 0.3, 0.4)",64,20,2,0,1,3.2,64,0,[0.5579],[None],2019
False,True,64,1e-05,0.0001,0,"(0.3, 0.3, 0.4)",64,20,2,0,3,8.54,192,0,"[0.7021, 0.6582, 0.6241]","[None, None, None]",2000
False,True,64,1e-05,0.0001,0,"(0.3, 0.3, 0.4)",64,20,2,0,2,5.46,128,0,"[0.5539, 0.68]","[None, None]",2001
False,True,64,1e-05,0.0001,0,"(0.3, 0.3, 0.4)",64,20,2,0,1,2.63,64,1,[0.6849],[None],2002
False,True,64,1e-05,0.0001,0,"(0.3, 0.3, 0.4)",64,20,2,0,2,5.47,128,0,"[0.6229, 0.5985]","[None, None]",2003
False,True,64,1e-05,0.0001,0,"(0.3, 0.3, 0.4)",64,20,2,0,1,2.63,64,0,[0.6978],[None],2004
False,True,64,1e-05,0.0001,0,"(0.3, 0.3, 0.4)",64,20,2,0,2,5.48,128,1,"[0.6196, 0.6307]","[None, None]",2005
False,True,64,1e-05,0.0001,0,"(0.3, 0.3, 0.4)",64,20,2,0,1,2.65,64,0,[0.6396],[None],2006
False,True,64,1e-05,0.0001,0,"(0.3, 0.3, 0.4)",64,20,2,0,5,15.24,320,1,"[0.6024, 0.6471, 0.602, 0.5877, 0.5802]","[None, None, None, None, None]",2007
False,True,64,1e-05,0.0001,0,"(0.3, 0.3, 0.4)",64,20,2,0,1,2.64,64,1,[0.4358],[None],2008
False,True,64,1e-05,0.0001,0,"(0.3, 0.3, 0.4)",64,20,2,0,2,5.48,128,0,"[0.6266, 0.6136]","[None, None]",2009
False,True,64,1e-05,0.0001,0,"(0.3, 0.3, 0.4)",64,20,2,0,1,2.63,64,0,[0.6573],[None],2010
False,True,64,1e-05,0.0001,0,"(0.3, 0.3, 0.4)",64,20,2,0,1,2.75,64,0,[0.6197],[None],2011
False,True,64,1e-05,0.0001,0,"(0.3, 0.3, 0.4)",64,20,2,0,2,5.49,128,1,"[0.5603, 0.6345]","[None, None]",2012
False,True,64,1e-05,0.0001,0,"(0.3, 0.3, 0.4)",64,20,2,0,2,5.47,128,0,"[0.6696, 0.6405]","[None, None]",2013
False,True,64,1e-05,0.0001,0,"(0.3, 0.3, 0.4)",64,20,2,0,3,8.49,192,0,"[0.6731, 0.5336, 0.4172]","[None, None, None]",2014
False,True,64,1e-05,0.0001,0,"(0.3, 0.3, 0.4)",64,20,2,0,3,8.56,192,0,"[0.6476, 0.6475, 0.6755]","[None, None, None]",2015
False,True,64,1e-05,0.0001,0,"(0.3, 0.3, 0.4)",64,20,2,0,2,5.49,128,1,"[0.5701, 0.5458]","[None, None]",2016
False,True,64,1e-05,0.0001,0,"(0.3, 0.3, 0.4)",64,20,2,0,2,5.72,128,1,"[0.6794, 0.6737]","[None, None]",2017
False,True,64,1e-05,0.0001,0,"(0.3, 0.3, 0.4)",64,20,2,0,2,5.72,128,0,"[0.5737, 0.6249]","[None, None]",2018
False,True,64,1e-05,0.0001,0,"(0.3, 0.3, 0.4)",64,20,2,0,1,2.79,64,0,[0.5979],[None],2019
False,True,64,1e-05,0.0001,100,"(0.3, 0.3, 0.4)",64,20,2,0,3,8.87,192,0,"[0.7001, 0.6824, 0.5988]","[None, None, None]",2000
False,True,64,1e-05,0.0001,100,"(0.3, 0.3, 0.4)",64,20,2,0,2,5.72,128,0,"[0.5547, 0.6583]","[None, None]",2001
False,True,64,1e-05,0.0001,100,"(0.3, 0.3, 0.4)",64,20,2,0,1,2.76,64,1,[0.6803],[None],2002
False,True,64,1e-05,0.0001,100,"(0.3, 0.3, 0.4)",64,20,2,0,2,5.72,128,0,"[0.6229, 0.6378]","[None, None]",2003
False,True,64,1e-05,0.0001,100,"(0.3, 0.3, 0.4)",64,20,2,0,1,2.75,64,0,[0.6977],[None],2004
False,True,64,1e-05,0.0001,100,"(0.3, 0.3, 0.4)",64,20,2,0,2,5.72,128,1,"[0.6199, 0.6423]","[None, None]",2005
False,True,64,1e-05,0.0001,100,"(0.3, 0.3, 0.4)",64,20,2,0,1,2.77,64,0,[0.6391],[None],2006
False,True,64,1e-05,0.0001,100,"(0.3, 0.3, 0.4)",64,20,2,0,5,15.84,320,0,"[0.602, 0.6905, 0.6392, 0.6365, 0.6025]","[None, None, None, None, None]",2007
False,True,64,1e-05,0.0001,100,"(0.3, 0.3, 0.4)",64,20,2,0,1,2.75,64,1,[0.4681],[None],2008
False,True,64,1e-05,0.0001,100,"(0.3, 0.3, 0.4)",64,20,2,0,2,5.72,128,0,"[0.6305, 0.6526]","[None, None]",2009
False,True,64,1e-05,0.0001,100,"(0.3, 0.3, 0.4)",64,20,2,0,1,2.76,64,0,[0.6555],[None],2010
False,True,64,1e-05,0.0001,100,"(0.3, 0.3, 0.4)",64,20,2,0,1,2.78,64,0,[0.6097],[None],2011
False,True,64,1e-05,0.0001,100,"(0.3, 0.3, 0.4)",64,20,2,0,2,5.72,128,0,"[0.5746, 0.6584]","[None, None]",2012
False,True,64,1e-05,0.0001,100,"(0.3, 0.3, 0.4)",64,20,2,0,2,5.74,128,0,"[0.6709, 0.6467]","[None, None]",2013
False,True,64,1e-05,0.0001,100,"(0.3, 0.3, 0.4)",64,20,2,0,2,5.73,128,0,"[0.677, 0.6057]","[None, None]",2014
False,True,64,1e-05,0.0001,100,"(0.3, 0.3, 0.4)",64,20,2,0,1,2.77,64,0,[0.6495],[None],2015
False,True,64,1e-05,0.0001,100,"(0.3, 0.3, 0.4)",64,20,2,0,3,8.85,192,0,"[0.5898, 0.5072, 0.5705]","[None, None, None]",2016
False,True,64,1e-05,0.0001,100,"(0.3, 0.3, 0.4)",64,20,2,0,1,2.75,64,0,[0.6779],[None],2017
False,True,64,1e-05,0.0001,100,"(0.3, 0.3, 0.4)",64,20,2,0,2,5.72,128,1,"[0.5778, 0.5993]","[None, None]",2018
False,True,64,1e-05,0.0001,100,"(0.3, 0.3, 0.4)",64,20,2,0,1,2.76,64,0,[0.6005],[None],2019
False,True,64,1e-05,0.0001,200,"(0.3, 0.3, 0.4)",64,20,2,0,1,2.75,64,0,[0.6931],[None],2000
False,True,64,1e-05,0.0001,200,"(0.3, 0.3, 0.4)",64,20,2,0,2,5.72,128,0,"[0.5535, 0.6369]","[None, None]",2001
False,True,64,1e-05,0.0001,200,"(0.3, 0.3, 0.4)",64,20,2,0,1,2.82,64,1,[0.6738],[None],2002
False,True,64,1e-05,0.0001,200,"(0.3, 0.3, 0.4)",64,20,2,0,2,5.71,128,0,"[0.6235, 0.6658]","[None, None]",2003
False,True,64,1e-05,0.0001,200,"(0.3, 0.3, 0.4)",64,20,2,0,1,2.76,64,0,[0.6936],[None],2004
False,True,64,1e-05,0.0001,200,"(0.3, 0.3, 0.4)",64,20,2,0,2,5.71,128,1,"[0.6077, 0.6286]","[None, None]",2005
False,True,64,1e-05,0.0001,200,"(0.3, 0.3, 0.4)",64,20,2,0,1,2.76,64,0,[0.6419],[None],2006
False,True,64,1e-05,0.0001,200,"(0.3, 0.3, 0.4)",64,20,2,0,6,19.63,384,0,"[0.5994, 0.6985, 0.6682, 0.6601, 0.6653, 0.6128]","[None, None, None, None, None, None]",2007
False,True,64,1e-05,0.0001,200,"(0.3, 0.3, 0.4)",64,20,2,0,1,2.76,64,1,[0.4839],[None],2008
False,True,64,1e-05,0.0001,200,"(0.3, 0.3, 0.4)",64,20,2,0,2,5.58,128,0,"[0.6275, 0.6597]","[None, None]",2009
False,True,64,1e-05,0.0001,200,"(0.3, 0.3, 0.4)",64,20,2,0,1,2.63,64,0,[0.6409],[None],2010
False,True,64,1e-05,0.0001,200,"(0.3, 0.3, 0.4)",64,20,2,0,1,2.76,64,0,[0.6052],[None],2011
False,True,64,1e-05,0.0001,200,"(0.3, 0.3, 0.4)",64,20,2,0,2,5.74,128,0,"[0.5818, 0.6559]","[None, None]",2012
False,True,64,1e-05,0.0001,200,"(0.3, 0.3, 0.4)",64,20,2,0,3,8.85,192,0,"[0.6701, 0.6668, 0.6346]","[None, None, None]",2013
False,True,64,1e-05,0.0001,200,"(0.3, 0.3, 0.4)",64,20,2,0,1,2.79,64,0,[0.6771],[None],2014
False,True,64,1e-05,0.0001,200,"(0.3, 0.3, 0.4)",64,20,2,0,1,2.77,64,0,[0.6448],[None],2015
False,True,64,1e-05,0.0001,200,"(0.3, 0.3, 0.4)",64,20,2,0,2,5.73,128,0,"[0.5914, 0.4802]","[None, None]",2016
False,True,64,1e-05,0.0001,200,"(0.3, 0.3, 0.4)",64,20,2,0,1,2.76,64,0,[0.6798],[None],2017
False,True,64,1e-05,0.0001,200,"(0.3, 0.3, 0.4)",64,20,2,0,2,5.68,128,0,"[0.5713, 0.613]","[None, None]",2018
False,True,64,1e-05,0.0001,200,"(0.3, 0.3, 0.4)",64,20,2,0,1,2.62,64,0,[0.5891],[None],2019
False,True,64,1e-05,1e-05,0,"(0.3, 0.3, 0.4)",64,20,2,0,2,5.46,128,0,"[-9.3264, -9.2324]","[None, None]",2000
False,True,64,1e-05,1e-05,0,"(0.3, 0.3, 0.4)",64,20,2,0,2,5.47,128,0,"[-9.1152, -9.0964]","[None, None]",2001
False,True,64,1e-05,1e-05,0,"(0.3, 0.3, 0.4)",64,20,2,0,1,2.64,64,1,[-9.1198],[None],2002
False,True,64,1e-05,1e-05,0,"(0.3, 0.3, 0.4)",64,20,2,0,2,5.49,128,0,"[-8.9666, -8.7887]","[None, None]",2003
False,True,64,1e-05,1e-05,0,"(0.3, 0.3, 0.4)",64,20,2,0,2,5.47,128,0,"[-9.1866, -8.9591]","[None, None]",2004
False,True,64,1e-05,1e-05,0,"(0.3, 0.3, 0.4)",64,20,2,0,2,5.52,128,0,"[-9.1616, -8.8854]","[None, None]",2005
False,True,64,1e-05,1e-05,0,"(0.3, 0.3, 0.4)",64,20,2,0,2,5.49,128,0,"[-9.2827, -9.2403]","[None, None]",2006
False,True,64,1e-05,1e-05,0,"(0.3, 0.3, 0.4)",64,20,2,0,2,5.47,128,0,"[-9.1734, -9.0193]","[None, None]",2007
False,True,64,1e-05,1e-05,0,"(0.3, 0.3, 0.4)",64,20,2,0,1,2.66,64,1,[-9.4102],[None],2008
False,True,64,1e-05,1e-05,0,"(0.3, 0.3, 0.4)",64,20,2,0,2,5.48,128,0,"[-9.3206, -9.2134]","[None, None]",2009
False,True,64,1e-05,1e-05,0,"(0.3, 0.3, 0.4)",64,20,2,0,2,5.48,128,0,"[-9.2817, -9.1071]","[None, None]",2010
False,True,64,1e-05,1e-05,0,"(0.3, 0.3, 0.4)",64,20,2,0,1,2.73,64,0,[-9.1193],[None],2011
False,True,64,1e-05,1e-05,0,"(0.3, 0.3, 0.4)",64,20,2,0,2,5.7,128,0,"[-9.3181, -9.3041]","[None, None]",2012
False,True,64,1e-05,1e-05,0,"(0.3, 0.3, 0.4)",64,20,2,0,3,8.56,192,0,"[-9.1604, -9.2992, -9.2077]","[None, None, None]",2013
False,True,64,1e-05,1e-05,0,"(0.3, 0.3, 0.4)",64,20,2,0,2,5.49,128,0,"[-9.2575, -8.9215]","[None, None]",2014
False,True,64,1e-05,1e-05,0,"(0.3, 0.3, 0.4)",64,20,2,0,1,2.62,64,0,[-9.3721],[None],2015
False,True,64,1e-05,1e-05,0,"(0.3, 0.3, 0.4)",64,20,2,0,2,5.49,128,0,"[-9.2631, -8.9747]","[None, None]",2016
False,True,64,1e-05,1e-05,0,"(0.3, 0.3, 0.4)",64,20,2,0,2,5.5,128,0,"[-8.9992, -9.0696]","[None, None]",2017
False,True,64,1e-05,1e-05,0,"(0.3, 0.3, 0.4)",64,20,2,0,2,5.51,128,0,"[-9.062, -9.4697]","[None, None]",2018
False,True,64,1e-05,1e-05,0,"(0.3, 0.3, 0.4)",64,20,2,0,1,2.63,64,0,[-9.0276],[None],2019
False,True,64,1e-05,1e-05,100,"(0.3, 0.3, 0.4)",64,20,2,0,2,5.48,128,0,"[-8.7808, -8.6604]","[None, None]",2000
False,True,64,1e-05,1e-05,100,"(0.3, 0.3, 0.4)",64,20,2,0,2,5.47,128,0,"[-8.4942, -8.4791]","[None, None]",2001
False,True,64,1e-05,1e-05,100,"(0.3, 0.3, 0.4)",64,20,2,0,1,2.64,64,1,[-8.5466],[None],2002
False,True,64,1e-05,1e-05,100,"(0.3, 0.3, 0.4)",64,20,2,0,2,5.48,128,0,"[-8.3595, -8.1188]","[None, None]",2003
False,True,64,1e-05,1e-05,100,"(0.3, 0.3, 0.4)",64,20,2,0,1,2.63,64,0,[-8.6331],[None],2004
False,True,64,1e-05,1e-05,100,"(0.3, 0.3, 0.4)",64,20,2,0,2,5.48,128,0,"[-8.6025, -8.3423]","[None, None]",2005
False,True,64,1e-05,1e-05,100,"(0.3, 0.3, 0.4)",64,20,2,0,2,5.52,128,0,"[-8.7206, -8.6029]","[None, None]",2006
False,True,64,1e-05,1e-05,100,"(0.3, 0.3, 0.4)",64,20,2,0,3,8.56,192,0,"[-8.5463, -8.5074, -8.5687]","[None, None, None]",2007
False,True,64,1e-05,1e-05,100,"(0.3, 0.3, 0.4)",64,20,2,0,1,2.63,64,1,[-8.9172],[None],2008
False,True,64,1e-05,1e-05,100,"(0.3, 0.3, 0.4)",64,20,2,0,2,5.47,128,0,"[-8.7348, -8.72]","[None, None]",2009
False,True,64,1e-05,1e-05,100,"(0.3, 0.3, 0.4)",64,20,2,0,2,5.47,128,0,"[-8.6954, -8.524]","[None, None]",2010
False,True,64,1e-05,1e-05,100,"(0.3, 0.3, 0.4)",64,20,2,0,1,2.63,64,0,[-8.4732],[None],2011
False,True,64,1e-05,1e-05,100,"(0.3, 0.3, 0.4)",64,20,2,0,2,5.47,128,0,"[-8.6682, -8.7134]","[None, None]",2012
False,True,64,1e-05,1e-05,100,"(0.3, 0.3, 0.4)",64,20,2,0,3,8.52,192,0,"[-8.521, -8.6721, -8.622]","[None, None, None]",2013
False,True,64,1e-05,1e-05,100,"(0.3, 0.3, 0.4)",64,20,2,0,2,5.49,128,0,"[-8.7031, -8.2404]","[None, None]",2014
False,True,64,1e-05,1e-05,100,"(0.3, 0.3, 0.4)",64,20,2,0,1,2.63,64,0,[-8.7921],[None],2015
False,True,64,1e-05,1e-05,100,"(0.3, 0.3, 0.4)",64,20,2,0,3,8.49,192,0,"[-8.6572, -8.3189, -8.4993]","[None, None, None]",2016
False,True,64,1e-05,1e-05,100,"(0.3, 0.3, 0.4)",64,20,2,0,2,5.48,128,0,"[-8.3655, -8.5948]","[None, None]",2017
False,True,64,1e-05,1e-05,100,"(0.3, 0.3, 0.4)",64,20,2,0,2,5.48,128,0,"[-8.5192, -9.0194]","[None, None]",2018
False,True,64,1e-05,1e-05,100,"(0.3, 0.3, 0.4)",64,20,2,0,1,2.65,64,0,[-8.4457],[None],2019
False,True,64,1e-05,1e-05,200,"(0.3, 0.3, 0.4)",64,20,2,0,2,5.52,128,0,"[-8.2819, -8.1932]","[None, None]",2000
False,True,64,1e-05,1e-05,200,"(0.3, 0.3, 0.4)",64,20,2,0,2,5.48,128,1,"[-7.951, -8.0983]","[None, None]",2001
False,True,64,1e-05,1e-05,200,"(0.3, 0.3, 0.4)",64,20,2,0,1,2.66,64,1,[-8.0233],[None],2002
False,True,64,1e-05,1e-05,200,"(0.3, 0.3, 0.4)",64,20,2,0,2,5.54,128,0,"[-7.8326, -7.6326]","[None, None]",2003
False,True,64,1e-05,1e-05,200,"(0.3, 0.3, 0.4)",64,20,2,0,1,2.64,64,0,[-8.0613],[None],2004
False,True,64,1e-05,1e-05,200,"(0.3, 0.3, 0.4)",64,20,2,0,1,2.68,64,0,[-8.0608],[None],2005
False,True,64,1e-05,1e-05,200,"(0.3, 0.3, 0.4)",64,20,2,0,2,5.59,128,0,"[-8.2226, -8.1386]","[None, None]",2006
False,True,64,1e-05,1e-05,200,"(0.3, 0.3, 0.4)",64,20,2,0,3,8.49,192,0,"[-8.0379, -8.0681, -8.1705]","[None, None, None]",2007
False,True,64,1e-05,1e-05,200,"(0.3, 0.3, 0.4)",64,20,2,0,1,2.66,64,1,[-8.4002],[None],2008
False,True,64,1e-05,1e-05,200,"(0.3, 0.3, 0.4)",64,20,2,0,2,5.69,128,0,"[-8.2105, -8.27]","[None, None]",2009
False,True,64,1e-05,1e-05,200,"(0.3, 0.3, 0.4)",64,20,2,0,2,5.72,128,0,"[-8.2426, -8.1968]","[None, None]",2010
False,True,64,1e-05,1e-05,200,"(0.3, 0.3, 0.4)",64,20,2,0,1,2.7,64,0,[-7.9491],[None],2011
False,True,64,1e-05,1e-05,200,"(0.3, 0.3, 0.4)",64,20,2,0,2,5.47,128,0,"[-8.1462, -8.3099]","[None, None]",2012
False,True,64,1e-05,1e-05,200,"(0.3, 0.3, 0.4)",64,20,2,0,3,8.48,192,0,"[-8.0206, -8.1038, -7.8945]","[None, None, None]",2013
False,True,64,1e-05,1e-05,200,"(0.3, 0.3, 0.4)",64,20,2,0,2,5.47,128,0,"[-8.1773, -7.8538]","[None, None]",2014
False,True,64,1e-05,1e-05,200,"(0.3, 0.3, 0.4)",64,20,2,0,1,2.63,64,0,[-8.3109],[None],2015
False,True,64,1e-05,1e-05,200,"(0.3, 0.3, 0.4)",64,20,2,0,3,8.51,192,0,"[-8.1171, -7.7308, -8.0622]","[None, None, None]",2016
False,True,64,1e-05,1e-05,200,"(0.3, 0.3, 0.4)",64,20,2,0,2,5.49,128,0,"[-7.8168, -8.0018]","[None, None]",2017
False,True,64,1e-05,1e-05,200,"(0.3, 0.3, 0.4)",64,20,2,0,2,5.47,128,0,"[-7.8906, -8.614]","[None, None]",2018
False,True,64,1e-05,1e-05,200,"(0.3, 0.3, 0.4)",64,20,2,0,1,2.65,64,0,[-7.9304],[None],2019
False,False,64,1e-05,0.0001,0,"(0.3, 0.3, 0.4)",64,20,4,0,1,3.22,64,0,[0.6977],[None],2000
False,False,64,1e-05,0.0001,0,"(0.3, 0.3, 0.4)",64,20,4,0,1,3.2,64,0,[0.5826],[None],2001
False,False,64,1e-05,0.0001,0,"(0.3, 0.3, 0.4)",64,20,4,0,1,3.2,64,1,[0.695],[None],2002
False,False,64,1e-05,0.0001,0,"(0.3, 0.3, 0.4)",64,20,4,0,2,6.65,128,0,"[0.6664, 0.6868]","[None, None]",2003
False,False,64,1e-05,0.0001,0,"(0.3, 0.3, 0.4)",64,20,4,0,1,3.24,64,0,[0.7097],[None],2004
False,False,64,1e-05,0.0001,0,"(0.3, 0.3, 0.4)",64,20,4,0,1,3.2,64,0,[0.6643],[None],2005
False,False,64,1e-05,0.0001,0,"(0.3, 0.3, 0.4)",64,20,4,0,1,3.2,64,0,[0.6487],[None],2006
False,False,64,1e-05,0.0001,0,"(0.3, 0.3, 0.4)",64,20,4,0,1,3.21,64,0,[0.6077],[None],2007
False,False,64,1e-05,0.0001,0,"(0.3, 0.3, 0.4)",64,20,4,0,1,3.22,64,1,[0.4084],[None],2008
False,False,64,1e-05,0.0001,0,"(0.3, 0.3, 0.4)",64,20,4,0,2,6.93,128,1,"[0.6435, 0.6806]","[None, None]",2009
False,False,64,1e-05,0.0001,0,"(0.3, 0.3, 0.4)",64,20,4,0,1,3.33,64,0,[0.6674],[None],2010
False,False,64,1e-05,0.0001,0,"(0.3, 0.3, 0.4)",64,20,4,0,1,3.33,64,0,[0.653],[None],2011
False,False,64,1e-05,0.0001,0,"(0.3, 0.3, 0.4)",64,20,4,0,2,6.92,128,0,"[0.5891, 0.6499]","[None, None]",2012
False,False,64,1e-05,0.0001,0,"(0.3, 0.3, 0.4)",64,20,4,0,3,10.61,192,0,"[0.6902, 0.7182, 0.6376]","[None, None, None]",2013
False,False,64,1e-05,0.0001,0,"(0.3, 0.3, 0.4)",64,20,4,0,1,3.34,64,0,[0.6797],[None],2014
False,False,64,1e-05,0.0001,0,"(0.3, 0.3, 0.4)",64,20,4,0,4,14.36,256,0,"[0.6539, 0.6527, 0.6731, 0.5977]","[None, None, None, None]",2015
False,False,64,1e-05,0.0001,0,"(0.3, 0.3, 0.4)",64,20,4,0,2,6.69,128,1,"[0.6079, 0.6147]","[None, None]",2016
False,False,64,1e-05,0.0001,0,"(0.3, 0.3, 0.4)",64,20,4,0,1,3.37,64,0,[0.716],[None],2017
False,False,64,1e-05,0.0001,0,"(0.3, 0.3, 0.4)",64,20,4,0,2,6.64,128,1,"[0.5947, 0.6202]","[None, None]",2018
False,False,64,1e-05,0.0001,0,"(0.3, 0.3, 0.4)",64,20,4,0,1,3.19,64,0,[0.5953],[None],2019
False,False,64,1e-05,0.0001,100,"(0.3, 0.3, 0.4)",64,20,4,0,1,3.2,64,0,[0.6966],[None],2000
False,False,64,1e-05,0.0001,100,"(0.3, 0.3, 0.4)",64,20,4,0,1,3.2,64,0,[0.5743],[None],2001
False,False,64,1e-05,0.0001,100,"(0.3, 0.3, 0.4)",64,20,4,0,1,3.34,64,1,[0.687],[None],2002
False,False,64,1e-05,0.0001,100,"(0.3, 0.3, 0.4)",64,20,4,0,2,6.85,128,1,"[0.6537, 0.6977]","[None, None]",2003
False,False,64,1e-05,0.0001,100,"(0.3, 0.3, 0.4)",64,20,4,0,1,3.25,64,0,[0.6993],[None],2004
False,False,64,1e-05,0.0001,100,"(0.3, 0.3, 0.4)",64,20,4,0,1,3.25,64,0,[0.6468],[None],2005
False,False,64,1e-05,0.0001,100,"(0.3, 0.3, 0.4)",64,20,4,0,1,3.34,64,0,[0.6465],[None],2006
False,False,64,1e-05,0.0001,100,"(0.3, 0.3, 0.4)",64,20,4,0,1,3.28,64,0,[0.6002],[None],2007
False,False,64,1e-05,0.0001,100,"(0.3, 0.3, 0.4)",64,20,4,0,1,3.23,64,1,[0.4376],[None],2008
False,False,64,1e-05,0.0001,100,"(0.3, 0.3, 0.4)",64,20,4,0,1,3.2,64,0,[0.6342],[None],2009
False,False,64,1e-05,0.0001,100,"(0.3, 0.3, 0.4)",64,20,4,0,1,3.21,64,0,[0.6498],[None],2010
False,False,64,1e-05,0.0001,100,"(0.3, 0.3, 0.4)",64,20,4,0,1,3.21,64,0,[0.6372],[None],2011
False,False,64,1e-05,0.0001,100,"(0.3, 0.3, 0.4)",64,20,4,0,2,6.63,128,0,"[0.5961, 0.6846]","[None, None]",2012
False,False,64,1e-05,0.0001,100,"(0.3, 0.3, 0.4)",64,20,4,0,3,10.25,192,1,"[0.6727, 0.6465, 0.6722]","[None, None, None]",2013
False,False,64,1e-05,0.0001,100,"(0.3, 0.3, 0.4)",64,20,4,0,1,3.21,64,0,[0.6705],[None],2014
False,False,64,1e-05,0.0001,100,"(0.3, 0.3, 0.4)",64,20,4,0,1,3.23,64,0,[0.6593],[None],2015
False,False,64,1e-05,0.0001,100,"(0.3, 0.3, 0.4)",64,20,4,0,2,6.63,128,1,"[0.6, 0.5297]","[None, None]",2016
False,False,64,1e-05,0.0001,100,"(0.3, 0.3, 0.4)",64,20,4,0,1,3.36,64,0,[0.7003],[None],2017
False,False,64,1e-05,0.0001,100,"(0.3, 0.3, 0.4)",64,20,4,0,2,6.78,128,1,"[0.5904, 0.6299]","[None, None]",2018
False,False,64,1e-05,0.0001,100,"(0.3, 0.3, 0.4)",64,20,4,0,1,3.2,64,0,[0.6004],[None],2019
False,False,64,1e-05,0.0001,200,"(0.3, 0.3, 0.4)",64,20,4,0,1,3.21,64,0,[0.7004],[None],2000
False,False,64,1e-05,0.0001,200,"(0.3, 0.3, 0.4)",64,20,4,0,1,3.21,64,0,[0.5752],[None],2001
False,False,64,1e-05,0.0001,200,"(0.3, 0.3, 0.4)",64,20,4,0,1,3.2,64,1,[0.6879],[None],2002
False,False,64,1e-05,0.0001,200,"(0.3, 0.3, 0.4)",64,20,4,0,2,6.63,128,1,"[0.6567, 0.6407]","[None, None]",2003
False,False,64,1e-05,0.0001,200,"(0.3, 0.3, 0.4)",64,20,4,0,1,3.21,64,0,[0.6986],[None],2004
False,False,64,1e-05,0.0001,200,"(0.3, 0.3, 0.4)",64,20,4,0,1,3.21,64,0,[0.6355],[None],2005
False,False,64,1e-05,0.0001,200,"(0.3, 0.3, 0.4)",64,20,4,0,1,3.21,64,0,[0.6524],[None],2006
False,False,64,1e-05,0.0001,200,"(0.3, 0.3, 0.4)",64,20,4,0,1,3.2,64,0,[0.5969],[None],2007
False,False,64,1e-05,0.0001,200,"(0.3, 0.3, 0.4)",64,20,4,0,1,3.2,64,1,[0.4725],[None],2008
False,False,64,1e-05,0.0001,200,"(0.3, 0.3, 0.4)",64,20,4,0,1,3.2,64,0,[0.6394],[None],2009
False,False,64,1e-05,0.0001,200,"(0.3, 0.3, 0.4)",64,20,4,0,1,3.33,64,0,[0.6379],[None],2010
False,False,64,1e-05,0.0001,200,"(0.3, 0.3, 0.4)",64,20,4,0,1,3.34,64,0,[0.6312],[None],2011
False,False,64,1e-05,0.0001,200,"(0.3, 0.3, 0.4)",64,20,4,0,2,6.9,128,1,"[0.6033, 0.6939]","[None, None]",2012
False,False,64,1e-05,0.0001,200,"(0.3, 0.3, 0.4)",64,20,4,0,3,10.61,192,0,"[0.6678, 0.6905, 0.7054]","[None, None, None]",2013
False,False,64,1e-05,0.0001,200,"(0.3, 0.3, 0.4)",64,20,4,0,1,3.36,64,0,[0.674],[None],2014
False,False,64,1e-05,0.0001,200,"(0.3, 0.3, 0.4)",64,20,4,0,3,10.65,192,0,"[0.657, 0.6267, 0.7393]","[None, None, None]",2015
False,False,64,1e-05,0.0001,200,"(0.3, 0.3, 0.4)",64,20,4,0,2,6.89,128,0,"[0.5973, 0.5225]","[None, None]",2016
False,False,64,1e-05,0.0001,200,"(0.3, 0.3, 0.4)",64,20,4,0,1,3.34,64,0,[0.7037],[None],2017
False,False,64,1e-05,0.0001,200,"(0.3, 0.3, 0.4)",64,20,4,0,2,6.87,128,1,"[0.5917, 0.6724]","[None, None]",2018
False,False,64,1e-05,0.0001,200,"(0.3, 0.3, 0.4)",64,20,4,0,1,3.28,64,0,[0.6034],[None],2019
False,False,64,1e-05,1e-05,0,"(0.3, 0.3, 0.4)",64,20,4,0,1,3.22,64,0,[0.6151],[None],2000
False,False,64,1e-05,1e-05,0,"(0.3, 0.3, 0.4)",64,20,4,0,1,3.26,64,0,[0.6588],[None],2001
False,False,64,1e-05,1e-05,0,"(0.3, 0.3, 0.4)",64,20,4,0,1,3.25,64,1,[0.5308],[None],2002
False,False,64,1e-05,1e-05,0,"(0.3, 0.3, 0.4)",64,20,4,0,2,6.63,128,1,"[0.5791, 0.4942]","[None, None]",2003
False,False,64,1e-05,1e-05,0,"(0.3, 0.3, 0.4)",64,20,4,0,2,6.65,128,0,"[0.6573, 0.4089]","[None, None]",2004
False,False,64,1e-05,1e-05,0,"(0.3, 0.3, 0.4)",64,20,4,0,1,3.21,64,0,[0.5295],[None],2005
False,False,64,1e-05,1e-05,0,"(0.3, 0.3, 0.4)",64,20,4,0,1,3.2,64,0,[0.5873],[None],2006
False,False,64,1e-05,1e-05,0,"(0.3, 0.3, 0.4)",64,20,4,0,1,3.2,64,0,[0.6274],[None],2007
False,False,64,1e-05,1e-05,0,"(0.3, 0.3, 0.4)",64,20,4,0,1,3.2,64,1,[0.5004],[None],2008
False,False,64,1e-05,1e-05,0,"(0.3, 0.3, 0.4)",64,20,4,0,1,3.21,64,0,[0.5273],[None],2009
False,False,64,1e-05,1e-05,0,"(0.3, 0.3, 0.4)",64,20,4,0,1,3.2,64,0,[0.4897],[None],2010
False,False,64,1e-05,1e-05,0,"(0.3, 0.3, 0.4)",64,20,4,0,1,3.2,64,1,[0.5822],[None],2011
False,False,64,1e-05,1e-05,0,"(0.3, 0.3, 0.4)",64,20,4,0,2,6.62,128,0,"[0.6626, 0.4881]","[None, None]",2012
False,False,64,1e-05,1e-05,0,"(0.3, 0.3, 0.4)",64,20,4,0,2,6.69,128,1,"[0.5406, 0.3902]","[None, None]",2013
False,False,64,1e-05,1e-05,0,"(0.3, 0.3, 0.4)",64,20,4,0,1,3.21,64,0,[0.6484],[None],2014
False,False,64,1e-05,1e-05,0,"(0.3, 0.3, 0.4)",64,20,4,0,2,6.9,128,0,"[0.4028, 0.3448]","[None, None]",2015
False,False,64,1e-05,1e-05,0,"(0.3, 0.3, 0.4)",64,20,4,0,1,3.33,64,0,[0.5065],[None],2016
False,False,64,1e-05,1e-05,0,"(0.3, 0.3, 0.4)",64,20,4,0,2,6.88,128,1,"[0.7103, 0.5186]","[None, None]",2017
False,False,64,1e-05,1e-05,0,"(0.3, 0.3, 0.4)",64,20,4,0,2,6.88,128,1,"[0.5859, 0.4377]","[None, None]",2018
False,False,64,1e-05,1e-05,0,"(0.3, 0.3, 0.4)",64,20,4,0,1,3.36,64,0,[0.5618],[None],2019
False,False,64,1e-05,1e-05,100,"(0.3, 0.3, 0.4)",64,20,4,0,1,3.34,64,0,[0.6717],[None],2000
False,False,64,1e-05,1e-05,100,"(0.3, 0.3, 0.4)",64,20,4,0,1,3.33,64,0,[0.667],[None],2001
False,False,64,1e-05,1e-05,100,"(0.3, 0.3, 0.4)",64,20,4,0,1,3.34,64,1,[0.6109],[None],2002
False,False,64,1e-05,1e-05,100,"(0.3, 0.3, 0.4)",64,20,4,0,2,6.88,128,1,"[0.6247, 0.5867]","[None, None]",2003
False,False,64,1e-05,1e-05,100,"(0.3, 0.3, 0.4)",64,20,4,0,2,6.89,128,0,"[0.7093, 0.4909]","[None, None]",2004
False,False,64,1e-05,1e-05,100,"(0.3, 0.3, 0.4)",64,20,4,0,1,3.34,64,0,[0.5795],[None],2005
False,False,64,1e-05,1e-05,100,"(0.3, 0.3, 0.4)",64,20,4,0,1,3.34,64,0,[0.6447],[None],2006
False,False,64,1e-05,1e-05,100,"(0.3, 0.3, 0.4)",64,20,4,0,1,3.33,64,0,[0.6641],[None],2007
False,False,64,1e-05,1e-05,100,"(0.3, 0.3, 0.4)",64,20,4,0,1,3.37,64,1,[0.5354],[None],2008
False,False,64,1e-05,1e-05,100,"(0.3, 0.3, 0.4)",64,20,4,0,1,3.33,64,0,[0.6007],[None],2009
False,False,64,1e-05,1e-05,100,"(0.3, 0.3, 0.4)",64,20,4,0,1,3.25,64,0,[0.6203],[None],2010
False,False,64,1e-05,1e-05,100,"(0.3, 0.3, 0.4)",64,20,4,0,1,3.22,64,1,[0.6386],[None],2011
False,False,64,1e-05,1e-05,100,"(0.3, 0.3, 0.4)",64,20,4,0,2,6.63,128,0,"[0.664, 0.5919]","[None, None]",2012
False,False,64,1e-05,1e-05,100,"(0.3, 0.3, 0.4)",64,20,4,0,2,6.81,128,0,"[0.6219, 0.4547]","[None, None]",2013
False,False,64,1e-05,1e-05,100,"(0.3, 0.3, 0.4)",64,20,4,0,1,3.23,64,0,[0.6871],[None],2014
False,False,64,1e-05,1e-05,100,"(0.3, 0.3, 0.4)",64,20,4,0,2,6.62,128,0,"[0.5352, 0.5]","[None, None]",2015
False,False,64,1e-05,1e-05,100,"(0.3, 0.3, 0.4)",64,20,4,0,1,3.34,64,0,[0.5791],[None],2016
False,False,64,1e-05,1e-05,100,"(0.3, 0.3, 0.4)",64,20,4,0,1,3.2,64,0,[0.7361],[None],2017
False,False,64,1e-05,1e-05,100,"(0.3, 0.3, 0.4)",64,20,4,0,2,6.62,128,1,"[0.6181, 0.5465]","[None, None]",2018
False,False,64,1e-05,1e-05,100,"(0.3, 0.3, 0.4)",64,20,4,0,1,3.19,64,0,[0.6024],[None],2019
False,False,64,1e-05,1e-05,200,"(0.3, 0.3, 0.4)",64,20,4,0,1,3.19,64,0,[0.6877],[None],2000
False,False,64,1e-05,1e-05,200,"(0.3, 0.3, 0.4)",64,20,4,0,1,3.23,64,0,[0.6692],[None],2001
False,False,64,1e-05,1e-05,200,"(0.3, 0.3, 0.4)",64,20,4,0,1,3.22,64,1,[0.6337],[None],2002
False,False,64,1e-05,1e-05,200,"(0.3, 0.3, 0.4)",64,20,4,0,2,6.61,128,1,"[0.6416, 0.5812]","[None, None]",2003
False,False,64,1e-05,1e-05,200,"(0.3, 0.3, 0.4)",64,20,4,0,2,6.59,128,0,"[0.725, 0.4752]","[None, None]",2004
False,False,64,1e-05,1e-05,200,"(0.3, 0.3, 0.4)",64,20,4,0,1,3.19,64,0,[0.6079],[None],2005
False,False,64,1e-05,1e-05,200,"(0.3, 0.3, 0.4)",64,20,4,0,1,3.19,64,0,[0.6632],[None],2006
False,False,64,1e-05,1e-05,200,"(0.3, 0.3, 0.4)",64,20,4,0,1,3.19,64,0,[0.6755],[None],2007
False,False,64,1e-05,1e-05,200,"(0.3, 0.3, 0.4)",64,20,4,0,1,3.2,64,1,[0.5511],[None],2008
False,False,64,1e-05,1e-05,200,"(0.3, 0.3, 0.4)",64,20,4,0,1,3.28,64,0,[0.6332],[None],2009
False,False,64,1e-05,1e-05,200,"(0.3, 0.3, 0.4)",64,20,4,0,1,3.22,64,0,[0.6518],[None],2010
False,False,64,1e-05,1e-05,200,"(0.3, 0.3, 0.4)",64,20,4,0,1,3.2,64,1,[0.6559],[None],2011
False,False,64,1e-05,1e-05,200,"(0.3, 0.3, 0.4)",64,20,4,0,2,6.6,128,0,"[0.669, 0.6163]","[None, None]",2012
False,False,64,1e-05,1e-05,200,"(0.3, 0.3, 0.4)",64,20,4,0,2,6.6,128,0,"[0.6486, 0.5303]","[None, None]",2013
False,False,64,1e-05,1e-05,200,"(0.3, 0.3, 0.4)",64,20,4,0,1,3.3,64,0,[0.6988],[None],2014
False,False,64,1e-05,1e-05,200,"(0.3, 0.3, 0.4)",64,20,4,0,3,10.23,192,0,"[0.575, 0.5169, 0.4732]","[None, None, None]",2015
False,False,64,1e-05,1e-05,200,"(0.3, 0.3, 0.4)",64,20,4,0,1,3.21,64,0,[0.5965],[None],2016
False,False,64,1e-05,1e-05,200,"(0.3, 0.3, 0.4)",64,20,4,0,1,3.21,64,0,[0.7447],[None],2017
False,False,64,1e-05,1e-05,200,"(0.3, 0.3, 0.4)",64,20,4,0,2,6.63,128,1,"[0.6344, 0.5526]","[None, None]",2018
False,False,64,1e-05,1e-05,200,"(0.3, 0.3, 0.4)",64,20,4,0,1,3.2,64,0,[0.6239],[None],2019
True,False,64,1e-05,0.0001,0,"(0.3, 0.3, 0.4)",64,20,4,0,2,6.76,128,0,"[0.741, 0.6662]","[None, None]",2000
True,False,64,1e-05,0.0001,0,"(0.3, 0.3, 0.4)",64,20,4,0,2,6.61,128,0,"[0.7162, 0.5859]","[None, None]",2001
True,False,64,1e-05,0.0001,0,"(0.3, 0.3, 0.4)",64,20,4,0,1,3.2,64,0,[0.75],[None],2002
True,False,64,1e-05,0.0001,0,"(0.3, 0.3, 0.4)",64,20,4,0,5,18.38,320,0,"[0.7361, 0.5891, 0.4892, 0.4653, 0.411]","[None, None, None, None, None]",2003
True,False,64,1e-05,0.0001,0,"(0.3, 0.3, 0.4)",64,20,4,0,2,6.88,128,0,"[0.8005, 0.7066]","[None, None]",2004
True,False,64,1e-05,0.0001,0,"(0.3, 0.3, 0.4)",64,20,4,0,3,10.66,192,0,"[0.7487, 0.6279, 0.491]","[None, None, None]",2005
True,False,64,1e-05,0.0001,0,"(0.3, 0.3, 0.4)",64,20,4,0,1,3.33,64,0,[0.7204],[None],2006
True,False,64,1e-05,0.0001,0,"(0.3, 0.3, 0.4)",64,20,4,0,3,10.58,192,0,"[0.6931, 0.6244, 0.6159]","[None, None, None]",2007
True,False,64,1e-05,0.0001,0,"(0.3, 0.3, 0.4)",64,20,4,0,2,6.73,128,0,"[0.6657, 0.5252]","[None, None]",2008
True,False,64,1e-05,0.0001,0,"(0.3, 0.3, 0.4)",64,20,4,0,2,6.6,128,1,"[0.7364, 0.6164]","[None, None]",2009
True,False,64,1e-05,0.0001,0,"(0.3, 0.3, 0.4)",64,20,4,0,1,3.19,64,0,[0.739],[None],2010
True,False,64,1e-05,0.0001,0,"(0.3, 0.3, 0.4)",64,20,4,0,1,3.19,64,0,[0.7538],[None],2011
True,False,64,1e-05,0.0001,0,"(0.3, 0.3, 0.4)",64,20,4,0,2,6.59,128,0,"[0.7135, 0.5562]","[None, None]",2012
True,False,64,1e-05,0.0001,0,"(0.3, 0.3, 0.4)",64,20,4,0,4,14.06,256,0,"[0.7756, 0.5997, 0.4784, 0.3902]","[None, None, None, None]",2013
True,False,64,1e-05,0.0001,0,"(0.3, 0.3, 0.4)",64,20,4,0,4,14.02,256,0,"[0.7644, 0.6752, 0.5446, 0.5298]","[None, None, None, None]",2014
True,False,64,1e-05,0.0001,0,"(0.3, 0.3, 0.4)",64,20,4,0,3,10.19,192,0,"[0.7062, 0.6056, 0.5514]","[None, None, None]",2015
True,False,64,1e-05,0.0001,0,"(0.3, 0.3, 0.4)",64,20,4,0,3,10.19,192,0,"[0.7303, 0.5473, 0.5262]","[None, None, None]",2016
True,False,64,1e-05,0.0001,0,"(0.3, 0.3, 0.4)",64,20,4,0,2,6.6,128,0,"[0.7559, 0.652]","[None, None]",2017
True,False,64,1e-05,0.0001,0,"(0.3, 0.3, 0.4)",64,20,4,0,2,6.62,128,0,"[0.6777, 0.5999]","[None, None]",2018
True,False,64,1e-05,0.0001,0,"(0.3, 0.3, 0.4)",64,20,4,0,2,6.72,128,0,"[0.731, 0.6412]","[None, None]",2019
True,False,64,1e-05,0.0001,100,"(0.3, 0.3, 0.4)",64,20,4,0,2,6.87,128,0,"[0.755, 0.6786]","[None, None]",2000
True,False,64,1e-05,0.0001,100,"(0.3, 0.3, 0.4)",64,20,4,0,2,6.84,128,0,"[0.6963, 0.6153]","[None, None]",2001
True,False,64,1e-05,0.0001,100,"(0.3, 0.3, 0.4)",64,20,4,0,1,3.23,64,0,[0.7447],[None],2002
True,False,64,1e-05,0.0001,100,"(0.3, 0.3, 0.4)",64,20,4,0,4,14.05,256,0,"[0.738, 0.6388, 0.5508, 0.5187]","[None, None, None, None]",2003
True,False,64,1e-05,0.0001,100,"(0.3, 0.3, 0.4)",64,20,4,0,2,6.61,128,0,"[0.8028, 0.7284]","[None, None]",2004
True,False,64,1e-05,0.0001,100,"(0.3, 0.3, 0.4)",64,20,4,0,3,10.2,192,0,"[0.7502, 0.6156, 0.5896]","[None, None, None]",2005
True,False,64,1e-05,0.0001,100,"(0.3, 0.3, 0.4)",64,20,4,0,5,18.13,320,0,"[0.726, 0.6651, 0.6282, 0.5498, 0.5009]","[None, None, None, None, None]",2006
True,False,64,1e-05,0.0001,100,"(0.3, 0.3, 0.4)",64,20,4,0,3,10.19,192,0,"[0.6967, 0.6913, 0.6277]","[None, None, None]",2007
True,False,64,1e-05,0.0001,100,"(0.3, 0.3, 0.4)",64,20,4,0,3,10.19,192,0,"[0.6717, 0.6121, 0.5567]","[None, None, None]",2008
True,False,64,1e-05,0.0001,100,"(0.3, 0.3, 0.4)",64,20,4,0,2,6.61,128,0,"[0.7402, 0.6576]","[None, None]",2009
True,False,64,1e-05,0.0001,100,"(0.3, 0.3, 0.4)",64,20,4,0,2,6.61,128,0,"[0.74, 0.7069]","[None, None]",2010
True,False,64,1e-05,0.0001,100,"(0.3, 0.3, 0.4)",64,20,4,0,1,3.22,64,0,[0.7594],[None],2011
True,False,64,1e-05,0.0001,100,"(0.3, 0.3, 0.4)",64,20,4,0,5,18.11,320,0,"[0.7035, 0.6254, 0.5766, 0.496, 0.4643]","[None, None, None, None, None]",2012
True,False,64,1e-05,0.0001,100,"(0.3, 0.3, 0.4)",64,20,4,0,4,14.05,256,0,"[0.7778, 0.613, 0.5178, 0.4786]","[None, None, None, None]",2013
True,False,64,1e-05,0.0001,100,"(0.3, 0.3, 0.4)",64,20,4,0,2,6.61,128,0,"[0.7645, 0.6851]","[None, None]",2014
True,False,64,1e-05,0.0001,100,"(0.3, 0.3, 0.4)",64,20,4,0,6,22.45,384,0,"[0.7168, 0.5723, 0.5338, 0.4775, 0.4061, 0.3619]","[None, None, None, None, None, None]",2015
True,False,64,1e-05,0.0001,100,"(0.3, 0.3, 0.4)",64,20,4,0,4,14.05,256,0,"[0.7353, 0.6275, 0.5583, 0.5477]","[None, None, None, None]",2016
True,False,64,1e-05,0.0001,100,"(0.3, 0.3, 0.4)",64,20,4,0,1,3.2,64,0,[0.7563],[None],2017
True,False,64,1e-05,0.0001,100,"(0.3, 0.3, 0.4)",64,20,4,0,4,14.14,256,0,"[0.688, 0.6477, 0.5575, 0.4522]","[None, None, None, None]",2018
True,False,64,1e-05,0.0001,100,"(0.3, 0.3, 0.4)",64,20,4,0,2,6.6,128,1,"[0.7336, 0.6728]","[None, None]",2019
True,False,64,1e-05,0.0001,200,"(0.3, 0.3, 0.4)",64,20,4,0,3,10.23,192,0,"[0.7547, 0.6605, 0.6382]","[None, None, None]",2000
True,False,64,1e-05,0.0001,200,"(0.3, 0.3, 0.4)",64,20,4,0,2,6.61,128,0,"[0.6873, 0.6018]","[None, None]",2001
True,False,64,1e-05,0.0001,200,"(0.3, 0.3, 0.4)",64,20,4,0,1,3.2,64,0,[0.7482],[None],2002
True,False,64,1e-05,0.0001,200,"(0.3, 0.3, 0.4)",64,20,4,0,4,14.07,256,0,"[0.7297, 0.6461, 0.5492, 0.5812]","[None, None, None, None]",2003
True,False,64,1e-05,0.0001,200,"(0.3, 0.3, 0.4)",64,20,4,0,2,6.6,128,0,"[0.7937, 0.7261]","[None, None]",2004
True,False,64,1e-05,0.0001,200,"(0.3, 0.3, 0.4)",64,20,4,0,1,3.19,64,0,[0.7381],[None],2005
True,False,64,1e-05,0.0001,200,"(0.3, 0.3, 0.4)",64,20,4,0,1,3.21,64,0,[0.7353],[None],2006
True,False,64,1e-05,0.0001,200,"(0.3, 0.3, 0.4)",64,20,4,0,2,6.61,128,0,"[0.6971, 0.6836]","[None, None]",2007
True,False,64,1e-05,0.0001,200,"(0.3, 0.3, 0.4)",64,20,4,0,3,10.26,192,0,"[0.6914, 0.633, 0.5658]","[None, None, None]",2008
True,False,64,1e-05,0.0001,200,"(0.3, 0.3, 0.4)",64,20,4,0,3,10.23,192,0,"[0.7225, 0.6857, 0.6335]","[None, None, None]",2009
True,False,64,1e-05,0.0001,200,"(0.3, 0.3, 0.4)",64,20,4,0,2,6.61,128,0,"[0.7334, 0.6886]","[None, None]",2010
True,False,64,1e-05,0.0001,200,"(0.3, 0.3, 0.4)",64,20,4,0,1,3.19,64,0,[0.7612],[None],2011
True,False,64,1e-05,0.0001,200,"(0.3, 0.3, 0.4)",64,20,4,0,2,6.61,128,0,"[0.6951, 0.6201]","[None, None]",2012
True,False,64,1e-05,0.0001,200,"(0.3, 0.3, 0.4)",64,20,4,0,3,10.18,192,0,"[0.7694, 0.6288, 0.5928]","[None, None, None]",2013
True,False,64,1e-05,0.0001,200,"(0.3, 0.3, 0.4)",64,20,4,0,3,10.19,192,0,"[0.7489, 0.7244, 0.622]","[None, None, None]",2014
True,False,64,1e-05,0.0001,200,"(0.3, 0.3, 0.4)",64,20,4,0,4,14.05,256,0,"[0.716, 0.5754, 0.5921, 0.5304]","[None, None, None, None]",2015
True,False,64,1e-05,0.0001,200,"(0.3, 0.3, 0.4)",64,20,4,0,1,3.2,64,0,[0.7469],[None],2016
True,False,64,1e-05,0.0001,200,"(0.3, 0.3, 0.4)",64,20,4,0,2,6.68,128,1,"[0.7474, 0.6697]","[None, None]",2017
True,False,64,1e-05,0.0001,200,"(0.3, 0.3, 0.4)",64,20,4,0,2,6.91,128,0,"[0.674, 0.6118]","[None, None]",2018
True,False,64,1e-05,0.0001,200,"(0.3, 0.3, 0.4)",64,20,4,0,2,6.92,128,0,"[0.7366, 0.7088]","[None, None]",2019
True,False,64,1e-05,1e-05,0,"(0.3, 0.3, 0.4)",64,20,4,0,2,6.88,128,0,"[-0.3102, 0.0559]","[None, None]",2000
True,False,64,1e-05,1e-05,0,"(0.3, 0.3, 0.4)",64,20,4,0,1,3.33,64,0,[0.3728],[None],2001
True,False,64,1e-05,1e-05,0,"(0.3, 0.3, 0.4)",64,20,4,0,1,3.33,64,0,[0.3376],[None],2002
True,False,64,1e-05,1e-05,0,"(0.3, 0.3, 0.4)",64,20,4,0,3,10.64,192,0,"[0.1971, 0.1941, 0.1399]","[None, None, None]",2003
True,False,64,1e-05,1e-05,0,"(0.3, 0.3, 0.4)",64,20,4,0,2,6.68,128,0,"[0.3334, 0.0594]","[None, None]",2004
True,False,64,1e-05,1e-05,0,"(0.3, 0.3, 0.4)",64,20,4,0,2,6.61,128,0,"[0.35, 0.1852]","[None, None]",2005
True,False,64,1e-05,1e-05,0,"(0.3, 0.3, 0.4)",64,20,4,0,2,6.6,128,0,"[0.332, -0.2947]","[None, None]",2006
True,False,64,1e-05,1e-05,0,"(0.3, 0.3, 0.4)",64,20,4,0,3,10.19,192,0,"[0.3666, -0.0534, 0.1393]","[None, None, None]",2007
True,False,64,1e-05,1e-05,0,"(0.3, 0.3, 0.4)",64,20,4,0,1,3.19,64,0,[-0.6147],[None],2008
True,False,64,1e-05,1e-05,0,"(0.3, 0.3, 0.4)",64,20,4,0,2,6.6,128,0,"[0.0812, -0.2304]","[None, None]",2009
True,False,64,1e-05,1e-05,0,"(0.3, 0.3, 0.4)",64,20,4,0,1,3.19,64,0,[0.0152],[None],2010
True,False,64,1e-05,1e-05,0,"(0.3, 0.3, 0.4)",64,20,4,0,1,3.23,64,0,[0.197],[None],2011
True,False,64,1e-05,1e-05,0,"(0.3, 0.3, 0.4)",64,20,4,0,2,6.6,128,0,"[0.4379, -0.1545]","[None, None]",2012
True,False,64,1e-05,1e-05,0,"(0.3, 0.3, 0.4)",64,20,4,0,5,18.07,320,0,"[0.2382, 0.1071, 0.1034, 0.0568, 0.119]","[None, None, None, None, None]",2013
True,False,64,1e-05,1e-05,0,"(0.3, 0.3, 0.4)",64,20,4,0,4,14.02,256,0,"[0.3787, -0.0692, 0.0281, 0.0885]","[None, None, None, None]",2014
True,False,64,1e-05,1e-05,0,"(0.3, 0.3, 0.4)",64,20,4,0,10,47.13,640,1,"[-0.9694, -0.2281, -0.0008, -0.0753, -0.0399, -0.0072, 0.0354, 0.0604, 0.4211, 0.4149]","[None, None, None, None, None, None, None, None, None, None]",2015
True,False,64,1e-05,1e-05,0,"(0.3, 0.3, 0.4)",64,20,4,0,2,6.6,128,0,"[-0.1152, -0.0439]","[None, None]",2016
True,False,64,1e-05,1e-05,0,"(0.3, 0.3, 0.4)",64,20,4,0,2,6.62,128,0,"[0.3572, -0.3192]","[None, None]",2017
True,False,64,1e-05,1e-05,0,"(0.3, 0.3, 0.4)",64,20,4,0,2,6.76,128,0,"[0.4051, 0.2005]","[None, None]",2018
True,False,64,1e-05,1e-05,0,"(0.3, 0.3, 0.4)",64,20,4,0,1,3.26,64,0,[-0.2179],[None],2019
True,False,64,1e-05,1e-05,100,"(0.3, 0.3, 0.4)",64,20,4,0,2,6.63,128,0,"[0.3097, 0.3142]","[None, None]",2000
True,False,64,1e-05,1e-05,100,"(0.3, 0.3, 0.4)",64,20,4,0,1,3.21,64,0,[0.5205],[None],2001
True,False,64,1e-05,1e-05,100,"(0.3, 0.3, 0.4)",64,20,4,0,1,3.23,64,0,[0.5027],[None],2002
True,False,64,1e-05,1e-05,100,"(0.3, 0.3, 0.4)",64,20,4,0,2,6.64,128,0,"[0.4139, 0.3357]","[None, None]",2003
True,False,64,1e-05,1e-05,100,"(0.3, 0.3, 0.4)",64,20,4,0,3,10.2,192,0,"[0.5743, 0.3602, 0.2569]","[None, None, None]",2004
True,False,64,1e-05,1e-05,100,"(0.3, 0.3, 0.4)",64,20,4,0,2,6.7,128,0,"[0.4882, 0.2781]","[None, None]",2005
True,False,64,1e-05,1e-05,100,"(0.3, 0.3, 0.4)",64,20,4,0,2,6.65,128,0,"[0.5307, 0.333]","[None, None]",2006
True,False,64,1e-05,1e-05,100,"(0.3, 0.3, 0.4)",64,20,4,0,4,14.58,256,0,"[0.471, 0.214, 0.3044, 0.27]","[None, None, None, None]",2007
True,False,64,1e-05,1e-05,100,"(0.3, 0.3, 0.4)",64,20,4,0,1,3.36,64,0,[0.3458],[None],2008
True,False,64,1e-05,1e-05,100,"(0.3, 0.3, 0.4)",64,20,4,0,2,6.63,128,0,"[0.4731, 0.2452]","[None, None]",2009
True,False,64,1e-05,1e-05,100,"(0.3, 0.3, 0.4)",64,20,4,0,1,3.26,64,0,[0.4127],[None],2010
True,False,64,1e-05,1e-05,100,"(0.3, 0.3, 0.4)",64,20,4,0,1,3.2,64,0,[0.4836],[None],2011
True,False,64,1e-05,1e-05,100,"(0.3, 0.3, 0.4)",64,20,4,0,2,6.62,128,0,"[0.5483, 0.278]","[None, None]",2012
True,False,64,1e-05,1e-05,100,"(0.3, 0.3, 0.4)",64,20,4,0,4,14.1,256,0,"[0.438, 0.2475, 0.1247, 0.1468]","[None, None, None, None]",2013
True,False,64,1e-05,1e-05,100,"(0.3, 0.3, 0.4)",64,20,4,0,3,10.2,192,0,"[0.5309, 0.2367, 0.1964]","[None, None, None]",2014
True,False,64,1e-05,1e-05,100,"(0.3, 0.3, 0.4)",64,20,4,0,7,26.7,448,0,"[0.1171, 0.097, 0.1298, 0.1259, 0.1466, 0.232, 0.2448]","[None, None, None, None, None, None, None]",2015
True,False,64,1e-05,1e-05,100,"(0.3, 0.3, 0.4)",64,20,4,0,1,3.2,64,0,[0.3318],[None],2016
True,False,64,1e-05,1e-05,100,"(0.3, 0.3, 0.4)",64,20,4,0,2,6.61,128,0,"[0.5831, 0.2483]","[None, None]",2017
True,False,64,1e-05,1e-05,100,"(0.3, 0.3, 0.4)",64,20,4,0,2,6.63,128,0,"[0.4669, 0.4062]","[None, None]",2018
True,False,64,1e-05,1e-05,100,"(0.3, 0.3, 0.4)",64,20,4,0,1,3.19,64,0,[0.3636],[None],2019
True,False,64,1e-05,1e-05,200,"(0.3, 0.3, 0.4)",64,20,4,0,2,6.61,128,0,"[0.533, 0.4656]","[None, None]",2000
True,False,64,1e-05,1e-05,200,"(0.3, 0.3, 0.4)",64,20,4,0,1,3.2,64,0,[0.5332],[None],2001
True,False,64,1e-05,1e-05,200,"(0.3, 0.3, 0.4)",64,20,4,0,1,3.2,64,0,[0.5806],[None],2002
True,False,64,1e-05,1e-05,200,"(0.3, 0.3, 0.4)",64,20,4,0,3,10.28,192,1,"[0.4943, 0.4493, 0.3494]","[None, None, None]",2003
True,False,64,1e-05,1e-05,200,"(0.3, 0.3, 0.4)",64,20,4,0,2,6.6,128,0,"[0.629, 0.5033]","[None, None]",2004
True,False,64,1e-05,1e-05,200,"(0.3, 0.3, 0.4)",64,20,4,0,2,6.61,128,0,"[0.5314, 0.271]","[None, None]",2005
True,False,64,1e-05,1e-05,200,"(0.3, 0.3, 0.4)",64,20,4,0,2,6.61,128,0,"[0.5807, 0.4886]","[None, None]",2006
True,False,64,1e-05,1e-05,200,"(0.3, 0.3, 0.4)",64,20,4,0,3,10.19,192,0,"[0.5076, 0.3529, 0.3493]","[None, None, None]",2007
True,False,64,1e-05,1e-05,200,"(0.3, 0.3, 0.4)",64,20,4,0,1,3.19,64,0,[0.4758],[None],2008
True,False,64,1e-05,1e-05,200,"(0.3, 0.3, 0.4)",64,20,4,0,2,6.61,128,0,"[0.5515, 0.506]","[None, None]",2009
True,False,64,1e-05,1e-05,200,"(0.3, 0.3, 0.4)",64,20,4,0,1,3.34,64,0,[0.5381],[None],2010
True,False,64,1e-05,1e-05,200,"(0.3, 0.3, 0.4)",64,20,4,0,1,3.35,64,0,[0.574],[None],2011
True,False,64,1e-05,1e-05,200,"(0.3, 0.3, 0.4)",64,20,4,0,2,6.89,128,0,"[0.5567, 0.3956]","[None, None]",2012
True,False,64,1e-05,1e-05,200,"(0.3, 0.3, 0.4)",64,20,4,0,4,14.08,256,0,"[0.5096, 0.3697, 0.3065, 0.2478]","[None, None, None, None]",2013
True,False,64,1e-05,1e-05,200,"(0.3, 0.3, 0.4)",64,20,4,0,3,10.24,192,0,"[0.5657, 0.4063, 0.3958]","[None, None, None]",2014
True,False,64,1e-05,1e-05,200,"(0.3, 0.3, 0.4)",64,20,4,0,8,31.54,512,0,"[0.4318, 0.2827, 0.255, 0.2412, 0.2251, 0.2114, 0.1998, 0.245]","[None, None, None, None, None, None, None, None]",2015
True,False,64,1e-05,1e-05,200,"(0.3, 0.3, 0.4)",64,20,4,0,1,3.24,64,0,[0.4916],[None],2016
True,False,64,1e-05,1e-05,200,"(0.3, 0.3, 0.4)",64,20,4,0,2,6.63,128,0,"[0.6159, 0.4982]","[None, None]",2017
True,False,64,1e-05,1e-05,200,"(0.3, 0.3, 0.4)",64,20,4,0,2,6.64,128,0,"[0.4753, 0.4831]","[None, None]",2018
True,False,64,1e-05,1e-05,200,"(0.3, 0.3, 0.4)",64,20,4,0,1,3.43,64,0,[0.5579],[None],2019
False,True,64,1e-05,0.0001,0,"(0.3, 0.3, 0.4)",64,20,4,0,3,8.86,192,0,"[0.7021, 0.6443, 0.6303]","[None, None, None]",2000
False,True,64,1e-05,0.0001,0,"(0.3, 0.3, 0.4)",64,20,4,0,2,5.73,128,0,"[0.5539, 0.6805]","[None, None]",2001
False,True,64,1e-05,0.0001,0,"(0.3, 0.3, 0.4)",64,20,4,0,1,2.76,64,1,[0.6849],[None],2002
False,True,64,1e-05,0.0001,0,"(0.3, 0.3, 0.4)",64,20,4,0,2,5.71,128,0,"[0.6229, 0.6246]","[None, None]",2003
False,True,64,1e-05,0.0001,0,"(0.3, 0.3, 0.4)",64,20,4,0,1,2.76,64,0,[0.6978],[None],2004
False,True,64,1e-05,0.0001,0,"(0.3, 0.3, 0.4)",64,20,4,0,2,5.47,128,1,"[0.6196, 0.6446]","[None, None]",2005
False,True,64,1e-05,0.0001,0,"(0.3, 0.3, 0.4)",64,20,4,0,1,2.65,64,0,[0.6396],[None],2006
False,True,64,1e-05,0.0001,0,"(0.3, 0.3, 0.4)",64,20,4,0,5,15.21,320,0,"[0.6024, 0.6414, 0.6083, 0.5878, 0.5628]","[None, None, None, None, None]",2007
False,True,64,1e-05,0.0001,0,"(0.3, 0.3, 0.4)",64,20,4,0,1,2.75,64,1,[0.4358],[None],2008
False,True,64,1e-05,0.0001,0,"(0.3, 0.3, 0.4)",64,20,4,0,2,5.75,128,0,"[0.6266, 0.6222]","[None, None]",2009
False,True,64,1e-05,0.0001,0,"(0.3, 0.3, 0.4)",64,20,4,0,1,2.77,64,0,[0.6573],[None],2010
False,True,64,1e-05,0.0001,0,"(0.3, 0.3, 0.4)",64,20,4,0,1,2.76,64,0,[0.6197],[None],2011
False,True,64,1e-05,0.0001,0,"(0.3, 0.3, 0.4)",64,20,4,0,2,5.77,128,1,"[0.5603, 0.652]","[None, None]",2012
False,True,64,1e-05,0.0001,0,"(0.3, 0.3, 0.4)",64,20,4,0,2,5.73,128,0,"[0.6696, 0.6434]","[None, None]",2013
False,True,64,1e-05,0.0001,0,"(0.3, 0.3, 0.4)",64,20,4,0,3,8.85,192,0,"[0.6731, 0.5045, 0.4572]","[None, None, None]",2014
False,True,64,1e-05,0.0001,0,"(0.3, 0.3, 0.4)",64,20,4,0,3,8.73,192,0,"[0.6476, 0.6261, 0.6675]","[None, None, None]",2015
False,True,64,1e-05,0.0001,0,"(0.3, 0.3, 0.4)",64,20,4,0,2,5.46,128,1,"[0.5701, 0.5462]","[None, None]",2016
False,True,64,1e-05,0.0001,0,"(0.3, 0.3, 0.4)",64,20,4,0,2,5.45,128,1,"[0.6794, 0.652]","[None, None]",2017
False,True,64,1e-05,0.0001,0,"(0.3, 0.3, 0.4)",64,20,4,0,2,5.45,128,0,"[0.5737, 0.6375]","[None, None]",2018
False,True,64,1e-05,0.0001,0,"(0.3, 0.3, 0.4)",64,20,4,0,1,2.66,64,0,[0.5979],[None],2019
False,True,64,1e-05,0.0001,100,"(0.3, 0.3, 0.4)",64,20,4,0,3,8.56,192,0,"[0.7001, 0.6759, 0.6189]","[None, None, None]",2000
False,True,64,1e-05,0.0001,100,"(0.3, 0.3, 0.4)",64,20,4,0,2,5.61,128,0,"[0.5547, 0.6686]","[None, None]",2001
False,True,64,1e-05,0.0001,100,"(0.3, 0.3, 0.4)",64,20,4,0,1,2.64,64,1,[0.6803],[None],2002
False,True,64,1e-05,0.0001,100,"(0.3, 0.3, 0.4)",64,20,4,0,2,5.48,128,0,"[0.6229, 0.6501]","[None, None]",2003
False,True,64,1e-05,0.0001,100,"(0.3, 0.3, 0.4)",64,20,4,0,1,2.73,64,0,[0.6977],[None],2004
False,True,64,1e-05,0.0001,100,"(0.3, 0.3, 0.4)",64,20,4,0,2,5.47,128,1,"[0.6199, 0.6426]","[None, None]",2005
False,True,64,1e-05,0.0001,100,"(0.3, 0.3, 0.4)",64,20,4,0,1,2.63,64,0,[0.6391],[None],2006
False,True,64,1e-05,0.0001,100,"(0.3, 0.3, 0.4)",64,20,4,0,5,15.23,320,1,"[0.602, 0.694, 0.6305, 0.6381, 0.583]","[None, None, None, None, None]",2007
False,True,64,1e-05,0.0001,100,"(0.3, 0.3, 0.4)",64,20,4,0,1,2.63,64,1,[0.4681],[None],2008
False,True,64,1e-05,0.0001,100,"(0.3, 0.3, 0.4)",64,20,4,0,2,5.7,128,0,"[0.6305, 0.657]","[None, None]",2009
False,True,64,1e-05,0.0001,100,"(0.3, 0.3, 0.4)",64,20,4,0,1,2.75,64,0,[0.6555],[None],2010
False,True,64,1e-05,0.0001,100,"(0.3, 0.3, 0.4)",64,20,4,0,1,2.76,64,0,[0.6097],[None],2011
False,True,64,1e-05,0.0001,100,"(0.3, 0.3, 0.4)",64,20,4,0,2,5.73,128,0,"[0.5746, 0.6753]","[None, None]",2012
False,True,64,1e-05,0.0001,100,"(0.3, 0.3, 0.4)",64,20,4,0,3,8.85,192,0,"[0.6709, 0.664, 0.6569]","[None, None, None]",2013
False,True,64,1e-05,0.0001,100,"(0.3, 0.3, 0.4)",64,20,4,0,2,5.73,128,0,"[0.677, 0.6091]","[None, None]",2014
False,True,64,1e-05,0.0001,100,"(0.3, 0.3, 0.4)",64,20,4,0,1,2.75,64,0,[0.6495],[None],2015
False,True,64,1e-05,0.0001,100,"(0.3, 0.3, 0.4)",64,20,4,0,2,5.74,128,0,"[0.5898, 0.495]","[None, None]",2016
False,True,64,1e-05,0.0001,100,"(0.3, 0.3, 0.4)",64,20,4,0,1,2.79,64,0,[0.6779],[None],2017
False,True,64,1e-05,0.0001,100,"(0.3, 0.3, 0.4)",64,20,4,0,2,5.72,128,1,"[0.5778, 0.5955]","[None, None]",2018
False,True,64,1e-05,0.0001,100,"(0.3, 0.3, 0.4)",64,20,4,0,1,2.76,64,0,[0.6005],[None],2019
False,True,64,1e-05,0.0001,200,"(0.3, 0.3, 0.4)",64,20,4,0,1,2.64,64,0,[0.6931],[None],2000
False,True,64,1e-05,0.0001,200,"(0.3, 0.3, 0.4)",64,20,4,0,2,5.46,128,0,"[0.5535, 0.6438]","[None, None]",2001
False,True,64,1e-05,0.0001,200,"(0.3, 0.3, 0.4)",64,20,4,0,1,2.69,64,1,[0.6738],[None],2002
False,True,64,1e-05,0.0001,200,"(0.3, 0.3, 0.4)",64,20,4,0,2,5.45,128,1,"[0.6235, 0.6381]","[None, None]",2003
False,True,64,1e-05,0.0001,200,"(0.3, 0.3, 0.4)",64,20,4,0,1,2.62,64,0,[0.6936],[None],2004
False,True,64,1e-05,0.0001,200,"(0.3, 0.3, 0.4)",64,20,4,0,2,5.45,128,1,"[0.6077, 0.6387]","[None, None]",2005
False,True,64,1e-05,0.0001,200,"(0.3, 0.3, 0.4)",64,20,4,0,1,2.62,64,0,[0.6419],[None],2006
False,True,64,1e-05,0.0001,200,"(0.3, 0.3, 0.4)",64,20,4,0,5,15.17,320,0,"[0.5994, 0.7003, 0.6633, 0.6385, 0.6544]","[None, None, None, None, None]",2007
False,True,64,1e-05,0.0001,200,"(0.3, 0.3, 0.4)",64,20,4,0,1,2.62,64,1,[0.4839],[None],2008
False,True,64,1e-05,0.0001,200,"(0.3, 0.3, 0.4)",64,20,4,0,2,5.45,128,0,"[0.6275, 0.6572]","[None, None]",2009
False,True,64,1e-05,0.0001,200,"(0.3, 0.3, 0.4)",64,20,4,0,2,5.5,128,0,"[0.6409, 0.7219]","[None, None]",2010
False,True,64,1e-05,0.0001,200,"(0.3, 0.3, 0.4)",64,20,4,0,1,2.62,64,0,[0.6052],[None],2011
False,True,64,1e-05,0.0001,200,"(0.3, 0.3, 0.4)",64,20,4,0,2,5.48,128,0,"[0.5818, 0.6634]","[None, None]",2012
False,True,64,1e-05,0.0001,200,"(0.3, 0.3, 0.4)",64,20,4,0,3,8.46,192,0,"[0.6701, 0.6929, 0.6536]","[None, None, None]",2013
False,True,64,1e-05,0.0001,200,"(0.3, 0.3, 0.4)",64,20,4,0,1,2.62,64,0,[0.6771],[None],2014
False,True,64,1e-05,0.0001,200,"(0.3, 0.3, 0.4)",64,20,4,0,1,2.62,64,0,[0.6448],[None],2015
False,True,64,1e-05,0.0001,200,"(0.3, 0.3, 0.4)",64,20,4,0,2,5.45,128,0,"[0.5914, 0.5022]","[None, None]",2016
False,True,64,1e-05,0.0001,200,"(0.3, 0.3, 0.4)",64,20,4,0,1,2.62,64,0,[0.6798],[None],2017
False,True,64,1e-05,0.0001,200,"(0.3, 0.3, 0.4)",64,20,4,0,2,5.46,128,1,"[0.5713, 0.6393]","[None, None]",2018
False,True,64,1e-05,0.0001,200,"(0.3, 0.3, 0.4)",64,20,4,0,1,2.62,64,0,[0.5891],[None],2019
False,True,64,1e-05,1e-05,0,"(0.3, 0.3, 0.4)",64,20,4,0,2,5.45,128,0,"[-9.3264, -9.2191]","[None, None]",2000
False,True,64,1e-05,1e-05,0,"(0.3, 0.3, 0.4)",64,20,4,0,2,5.46,128,0,"[-9.1152, -9.0628]","[None, None]",2001
False,True,64,1e-05,1e-05,0,"(0.3, 0.3, 0.4)",64,20,4,0,1,2.61,64,1,[-9.1198],[None],2002
False,True,64,1e-05,1e-05,0,"(0.3, 0.3, 0.4)",64,20,4,0,2,5.45,128,0,"[-8.9666, -8.7769]","[None, None]",2003
False,True,64,1e-05,1e-05,0,"(0.3, 0.3, 0.4)",64,20,4,0,2,5.46,128,0,"[-9.1866, -8.9441]","[None, None]",2004
False,True,64,1e-05,1e-05,0,"(0.3, 0.3, 0.4)",64,20,4,0,2,5.45,128,0,"[-9.1616, -8.8959]","[None, None]",2005
False,True,64,1e-05,1e-05,0,"(0.3, 0.3, 0.4)",64,20,4,0,2,5.48,128,0,"[-9.2827, -9.2258]","[None, None]",2006
False,True,64,1e-05,1e-05,0,"(0.3, 0.3, 0.4)",64,20,4,0,3,8.48,192,0,"[-9.1734, -9.0432, -9.1086]","[None, None, None]",2007
False,True,64,1e-05,1e-05,0,"(0.3, 0.3, 0.4)",64,20,4,0,1,2.66,64,1,[-9.4102],[None],2008
False,True,64,1e-05,1e-05,0,"(0.3, 0.3, 0.4)",64,20,4,0,2,5.52,128,0,"[-9.3206, -9.2227]","[None, None]",2009
False,True,64,1e-05,1e-05,0,"(0.3, 0.3, 0.4)",64,20,4,0,2,5.46,128,0,"[-9.2817, -9.1704]","[None, None]",2010
False,True,64,1e-05,1e-05,0,"(0.3, 0.3, 0.4)",64,20,4,0,1,2.68,64,0,[-9.1193],[None],2011
False,True,64,1e-05,1e-05,0,"(0.3, 0.3, 0.4)",64,20,4,0,2,5.45,128,0,"[-9.3181, -9.304]","[None, None]",2012
False,True,64,1e-05,1e-05,0,"(0.3, 0.3, 0.4)",64,20,4,0,3,8.45,192,0,"[-9.1604, -9.2997, -9.1762]","[None, None, None]",2013
False,True,64,1e-05,1e-05,0,"(0.3, 0.3, 0.4)",64,20,4,0,2,5.45,128,0,"[-9.2575, -8.8962]","[None, None]",2014
False,True,64,1e-05,1e-05,0,"(0.3, 0.3, 0.4)",64,20,4,0,1,2.67,64,0,[-9.3721],[None],2015
False,True,64,1e-05,1e-05,0,"(0.3, 0.3, 0.4)",64,20,4,0,2,5.45,128,0,"[-9.2631, -8.9516]","[None, None]",2016
False,True,64,1e-05,1e-05,0,"(0.3, 0.3, 0.4)",64,20,4,0,2,5.45,128,0,"[-8.9992, -9.0685]","[None, None]",2017
False,True,64,1e-05,1e-05,0,"(0.3, 0.3, 0.4)",64,20,4,0,2,5.48,128,0,"[-9.062, -9.4651]","[None, None]",2018
False,True,64,1e-05,1e-05,0,"(0.3, 0.3, 0.4)",64,20,4,0,1,2.65,64,0,[-9.0276],[None],2019
False,True,64,1e-05,1e-05,100,"(0.3, 0.3, 0.4)",64,20,4,0,2,5.46,128,0,"[-8.7808, -8.6738]","[None, None]",2000
False,True,64,1e-05,1e-05,100,"(0.3, 0.3, 0.4)",64,20,4,0,2,5.49,128,0,"[-8.4942, -8.4822]","[None, None]",2001
False,True,64,1e-05,1e-05,100,"(0.3, 0.3, 0.4)",64,20,4,0,1,2.64,64,1,[-8.5466],[None],2002
False,True,64,1e-05,1e-05,100,"(0.3, 0.3, 0.4)",64,20,4,0,2,5.71,128,0,"[-8.3595, -8.0497]","[None, None]",2003
False,True,64,1e-05,1e-05,100,"(0.3, 0.3, 0.4)",64,20,4,0,1,2.77,64,0,[-8.6331],[None],2004
False,True,64,1e-05,1e-05,100,"(0.3, 0.3, 0.4)",64,20,4,0,2,5.71,128,0,"[-8.6025, -8.3278]","[None, None]",2005
False,True,64,1e-05,1e-05,100,"(0.3, 0.3, 0.4)",64,20,4,0,2,5.73,128,0,"[-8.7206, -8.6025]","[None, None]",2006
False,True,64,1e-05,1e-05,100,"(0.3, 0.3, 0.4)",64,20,4,0,3,8.93,192,0,"[-8.5463, -8.5355, -8.6149]","[None, None, None]",2007
False,True,64,1e-05,1e-05,100,"(0.3, 0.3, 0.4)",64,20,4,0,1,2.75,64,1,[-8.9172],[None],2008
False,True,64,1e-05,1e-05,100,"(0.3, 0.3, 0.4)",64,20,4,0,2,5.72,128,0,"[-8.7348, -8.6922]","[None, None]",2009
False,True,64,1e-05,1e-05,100,"(0.3, 0.3, 0.4)",64,20,4,0,2,5.72,128,0,"[-8.6954, -8.5244]","[None, None]",2010
False,True,64,1e-05,1e-05,100,"(0.3, 0.3, 0.4)",64,20,4,0,1,2.77,64,0,[-8.4732],[None],2011
False,True,64,1e-05,1e-05,100,"(0.3, 0.3, 0.4)",64,20,4,0,2,5.72,128,0,"[-8.6682, -8.7046]","[None, None]",2012
False,True,64,1e-05,1e-05,100,"(0.3, 0.3, 0.4)",64,20,4,0,3,8.88,192,0,"[-8.521, -8.675, -8.6423]","[None, None, None]",2013
False,True,64,1e-05,1e-05,100,"(0.3, 0.3, 0.4)",64,20,4,0,2,5.74,128,0,"[-8.7031, -8.2509]","[None, None]",2014
False,True,64,1e-05,1e-05,100,"(0.3, 0.3, 0.4)",64,20,4,0,1,2.63,64,0,[-8.7921],[None],2015
False,True,64,1e-05,1e-05,100,"(0.3, 0.3, 0.4)",64,20,4,0,3,8.45,192,0,"[-8.6572, -8.3282, -8.4164]","[None, None, None]",2016
False,True,64,1e-05,1e-05,100,"(0.3, 0.3, 0.4)",64,20,4,0,2,5.46,128,0,"[-8.3655, -8.5922]","[None, None]",2017
False,True,64,1e-05,1e-05,100,"(0.3, 0.3, 0.4)",64,20,4,0,2,5.51,128,0,"[-8.5192, -9.0356]","[None, None]",2018
False,True,64,1e-05,1e-05,100,"(0.3, 0.3, 0.4)",64,20,4,0,1,2.75,64,0,[-8.4457],[None],2019
False,True,64,1e-05,1e-05,200,"(0.3, 0.3, 0.4)",64,20,4,0,2,5.78,128,0,"[-8.2819, -8.2111]","[None, None]",2000
False,True,64,1e-05,1e-05,200,"(0.3, 0.3, 0.4)",64,20,4,0,2,5.54,128,0,"[-7.951, -8.1025]","[None, None]",2001
False,True,64,1e-05,1e-05,200,"(0.3, 0.3, 0.4)",64,20,4,0,1,2.63,64,1,[-8.0233],[None],2002
False,True,64,1e-05,1e-05,200,"(0.3, 0.3, 0.4)",64,20,4,0,2,5.58,128,0,"[-7.8326, -7.6171]","[None, None]",2003
False,True,64,1e-05,1e-05,200,"(0.3, 0.3, 0.4)",64,20,4,0,1,2.68,64,0,[-8.0613],[None],2004
False,True,64,1e-05,1e-05,200,"(0.3, 0.3, 0.4)",64,20,4,0,2,5.5,128,0,"[-8.0608, -7.8594]","[None, None]",2005
False,True,64,1e-05,1e-05,200,"(0.3, 0.3, 0.4)",64,20,4,0,2,5.51,128,0,"[-8.2226, -8.079]","[None, None]",2006
False,True,64,1e-05,1e-05,200,"(0.3, 0.3, 0.4)",64,20,4,0,3,8.84,192,0,"[-8.0379, -8.0962, -8.1396]","[None, None, None]",2007
False,True,64,1e-05,1e-05,200,"(0.3, 0.3, 0.4)",64,20,4,0,1,2.75,64,1,[-8.4002],[None],2008
False,True,64,1e-05,1e-05,200,"(0.3, 0.3, 0.4)",64,20,4,0,2,5.73,128,0,"[-8.2105, -8.2471]","[None, None]",2009
False,True,64,1e-05,1e-05,200,"(0.3, 0.3, 0.4)",64,20,4,0,2,5.71,128,0,"[-8.2426, -8.1889]","[None, None]",2010
False,True,64,1e-05,1e-05,200,"(0.3, 0.3, 0.4)",64,20,4,0,1,2.75,64,0,[-7.9491],[None],2011
False,True,64,1e-05,1e-05,200,"(0.3, 0.3, 0.4)",64,20,4,0,2,5.72,128,0,"[-8.1462, -8.3567]","[None, None]",2012
False,True,64,1e-05,1e-05,200,"(0.3, 0.3, 0.4)",64,20,4,0,3,8.69,192,0,"[-8.0206, -8.1333, -7.99]","[None, None, None]",2013
False,True,64,1e-05,1e-05,200,"(0.3, 0.3, 0.4)",64,20,4,0,3,8.46,192,0,"[-8.1773, -7.8223, -7.9696]","[None, None, None]",2014
False,True,64,1e-05,1e-05,200,"(0.3, 0.3, 0.4)",64,20,4,0,1,2.72,64,0,[-8.3109],[None],2015
False,True,64,1e-05,1e-05,200,"(0.3, 0.3, 0.4)",64,20,4,0,2,5.6,128,0,"[-8.1171, -7.7649]","[None, None]",2016
False,True,64,1e-05,1e-05,200,"(0.3, 0.3, 0.4)",64,20,4,0,2,5.49,128,0,"[-7.8168, -8.0255]","[None, None]",2017
False,True,64,1e-05,1e-05,200,"(0.3, 0.3, 0.4)",64,20,4,0,2,5.72,128,0,"[-7.8906, -8.6008]","[None, None]",2018
False,True,64,1e-05,1e-05,200,"(0.3, 0.3, 0.4)",64,20,4,0,1,2.8,64,0,[-7.9304],[None],2019
