,encoder_freeze,scratch,measure_size,weights,uncertainty_topk,grad_num,rand_num,T_mc,encoder_lr,cost_predictor_lr,rank_warmup_epochs,lambda_reg,lambda_pair,lambda_infonce,gamma,beta,noise_std,margin_scale,tau,tau_c,feature_predictor_lr,epochs,phase,train_size,top-1,used_time,val_reg_r2,val_rank_r2,sampling_seed
0,False,False,64,"(0.6, 0.1, 0.3)",64,4,0,20,1e-05,0.0001,100,0.01,2.0,0.01,0.01,0.001,0.001,0.3,0.05,,0.0,1000,1,64,0,4.27,[0.7115],[None],2000
1,False,False,64,"(0.6, 0.1, 0.3)",64,4,0,20,1e-05,0.0001,100,0.01,2.0,0.01,0.01,0.001,0.001,0.3,0.05,,0.0,1000,1,64,0,4.11,[0.5822],[None],2001
2,False,False,64,"(0.6, 0.1, 0.3)",64,4,0,20,1e-05,0.0001,100,0.01,2.0,0.01,0.01,0.001,0.001,0.3,0.05,,0.0,1000,1,64,1,4.02,[0.6933],[None],2002
3,False,False,64,"(0.6, 0.1, 0.3)",64,4,0,20,1e-05,0.0001,100,0.01,2.0,0.01,0.01,0.001,0.001,0.3,0.05,,0.0,1000,2,128,1,8.37,"[0.6642, 0.7042]","[None, None]",2003
4,False,False,64,"(0.6, 0.1, 0.3)",64,4,0,20,1e-05,0.0001,100,0.01,2.0,0.01,0.01,0.001,0.001,0.3,0.05,,0.0,1000,1,64,0,4.21,[0.7107],[None],2004
5,False,False,64,"(0.6, 0.1, 0.3)",64,4,0,20,1e-05,0.0001,100,0.01,2.0,0.01,0.01,0.001,0.001,0.3,0.05,,0.0,1000,1,64,0,4.23,[0.6501],[None],2005
6,False,False,64,"(0.6, 0.1, 0.3)",64,4,0,20,1e-05,0.0001,100,0.01,2.0,0.01,0.01,0.001,0.001,0.3,0.05,,0.0,1000,1,64,0,4.24,[0.6643],[None],2006
7,False,False,64,"(0.6, 0.1, 0.3)",64,4,0,20,1e-05,0.0001,100,0.01,2.0,0.01,0.01,0.001,0.001,0.3,0.05,,0.0,1000,1,64,0,4.23,[0.6264],[None],2007
8,False,False,64,"(0.6, 0.1, 0.3)",64,4,0,20,1e-05,0.0001,100,0.01,2.0,0.01,0.01,0.001,0.001,0.3,0.05,,0.0,1000,1,64,1,4.19,[0.4995],[None],2008
9,False,False,64,"(0.6, 0.1, 0.3)",64,4,0,20,1e-05,0.0001,100,0.01,2.0,0.01,0.01,0.001,0.001,0.3,0.05,,0.0,1000,1,64,0,4.19,[0.6422],[None],2009
10,False,False,64,"(0.6, 0.1, 0.3)",64,4,0,20,1e-05,0.0001,100,0.01,2.0,0.01,0.01,0.001,0.001,0.3,0.05,,0.0,1000,1,64,0,4.13,[0.6519],[None],2010
11,False,False,64,"(0.6, 0.1, 0.3)",64,4,0,20,1e-05,0.0001,100,0.01,2.0,0.01,0.01,0.001,0.001,0.3,0.05,,0.0,1000,1,64,0,4.1,[0.6457],[None],2011
12,False,False,64,"(0.6, 0.1, 0.3)",64,4,0,20,1e-05,0.0001,100,0.01,2.0,0.01,0.01,0.001,0.001,0.3,0.05,,0.0,1000,1,64,0,4.03,[0.6304],[None],2012
13,False,False,64,"(0.6, 0.1, 0.3)",64,4,0,20,1e-05,0.0001,100,0.01,2.0,0.01,0.01,0.001,0.001,0.3,0.05,,0.0,1000,2,128,0,8.3,"[0.6801, 0.7066]","[None, None]",2013
14,False,False,64,"(0.6, 0.1, 0.3)",64,4,0,20,1e-05,0.0001,100,0.01,2.0,0.01,0.01,0.001,0.001,0.3,0.05,,0.0,1000,1,64,0,4.03,[0.689],[None],2014
15,False,False,64,"(0.6, 0.1, 0.3)",64,4,0,20,1e-05,0.0001,100,0.01,2.0,0.01,0.01,0.001,0.001,0.3,0.05,,0.0,1000,3,192,0,12.77,"[0.6666, 0.6406, 0.7479]","[None, None, None]",2015
16,False,False,64,"(0.6, 0.1, 0.3)",64,4,0,20,1e-05,0.0001,100,0.01,2.0,0.01,0.01,0.001,0.001,0.3,0.05,,0.0,1000,2,128,0,8.31,"[0.6211, 0.5421]","[None, None]",2016
17,False,False,64,"(0.6, 0.1, 0.3)",64,4,0,20,1e-05,0.0001,100,0.01,2.0,0.01,0.01,0.001,0.001,0.3,0.05,,0.0,1000,1,64,0,4.04,[0.711],[None],2017
18,False,False,64,"(0.6, 0.1, 0.3)",64,4,0,20,1e-05,0.0001,100,0.01,2.0,0.01,0.01,0.001,0.001,0.3,0.05,,0.0,1000,2,128,1,8.3,"[0.6133, 0.6823]","[None, None]",2018
19,False,False,64,"(0.6, 0.1, 0.3)",64,4,0,20,1e-05,0.0001,100,0.01,2.0,0.01,0.01,0.001,0.001,0.3,0.05,,0.0,1000,1,64,0,4.04,[0.6124],[None],2019
20,False,False,64,"(0.6, 0.1, 0.3)",64,4,0,20,1e-05,0.0001,100,0.01,2.0,0.01,0.01,0.001,0.001,0.3,0.1,,0.0,1000,1,64,0,4.03,[0.7101],[None],2000
21,False,False,64,"(0.6, 0.1, 0.3)",64,4,0,20,1e-05,0.0001,100,0.01,2.0,0.01,0.01,0.001,0.001,0.3,0.1,,0.0,1000,1,64,0,4.03,[0.5821],[None],2001
22,False,False,64,"(0.6, 0.1, 0.3)",64,4,0,20,1e-05,0.0001,100,0.01,2.0,0.01,0.01,0.001,0.001,0.3,0.1,,0.0,1000,1,64,1,4.02,[0.6946],[None],2002
23,False,False,64,"(0.6, 0.1, 0.3)",64,4,0,20,1e-05,0.0001,100,0.01,2.0,0.01,0.01,0.001,0.001,0.3,0.1,,0.0,1000,2,128,1,8.33,"[0.6629, 0.7114]","[None, None]",2003
24,False,False,64,"(0.6, 0.1, 0.3)",64,4,0,20,1e-05,0.0001,100,0.01,2.0,0.01,0.01,0.001,0.001,0.3,0.1,,0.0,1000,1,64,0,4.19,[0.7107],[None],2004
25,False,False,64,"(0.6, 0.1, 0.3)",64,4,0,20,1e-05,0.0001,100,0.01,2.0,0.01,0.01,0.001,0.001,0.3,0.1,,0.0,1000,1,64,0,4.17,[0.6479],[None],2005
26,False,False,64,"(0.6, 0.1, 0.3)",64,4,0,20,1e-05,0.0001,100,0.01,2.0,0.01,0.01,0.001,0.001,0.3,0.1,,0.0,1000,1,64,0,4.2,[0.662],[None],2006
27,False,False,64,"(0.6, 0.1, 0.3)",64,4,0,20,1e-05,0.0001,100,0.01,2.0,0.01,0.01,0.001,0.001,0.3,0.1,,0.0,1000,3,192,0,12.88,"[0.6253, 0.6684, 0.6086]","[None, None, None]",2007
28,False,False,64,"(0.6, 0.1, 0.3)",64,4,0,20,1e-05,0.0001,100,0.01,2.0,0.01,0.01,0.001,0.001,0.3,0.1,,0.0,1000,1,64,1,4.04,[0.4937],[None],2008
29,False,False,64,"(0.6, 0.1, 0.3)",64,4,0,20,1e-05,0.0001,100,0.01,2.0,0.01,0.01,0.001,0.001,0.3,0.1,,0.0,1000,1,64,0,4.04,[0.6415],[None],2009
30,False,False,64,"(0.6, 0.1, 0.3)",64,4,0,20,1e-05,0.0001,100,0.01,2.0,0.01,0.01,0.001,0.001,0.3,0.1,,0.0,1000,1,64,0,4.04,[0.6517],[None],2010
31,False,False,64,"(0.6, 0.1, 0.3)",64,4,0,20,1e-05,0.0001,100,0.01,2.0,0.01,0.01,0.001,0.001,0.3,0.1,,0.0,1000,1,64,0,4.04,[0.6431],[None],2011
32,False,False,64,"(0.6, 0.1, 0.3)",64,4,0,20,1e-05,0.0001,100,0.01,2.0,0.01,0.01,0.001,0.001,0.3,0.1,,0.0,1000,1,64,0,4.04,[0.6297],[None],2012
33,False,False,64,"(0.6, 0.1, 0.3)",64,4,0,20,1e-05,0.0001,100,0.01,2.0,0.01,0.01,0.001,0.001,0.3,0.1,,0.0,1000,2,128,0,8.39,"[0.6804, 0.7127]","[None, None]",2013
34,False,False,64,"(0.6, 0.1, 0.3)",64,4,0,20,1e-05,0.0001,100,0.01,2.0,0.01,0.01,0.001,0.001,0.3,0.1,,0.0,1000,1,64,0,4.22,[0.6868],[None],2014
35,False,False,64,"(0.6, 0.1, 0.3)",64,4,0,20,1e-05,0.0001,100,0.01,2.0,0.01,0.01,0.001,0.001,0.3,0.1,,0.0,1000,2,128,0,8.64,"[0.6676, 0.6768]","[None, None]",2015
36,False,False,64,"(0.6, 0.1, 0.3)",64,4,0,20,1e-05,0.0001,100,0.01,2.0,0.01,0.01,0.001,0.001,0.3,0.1,,0.0,1000,2,128,0,8.61,"[0.6198, 0.5537]","[None, None]",2016
37,False,False,64,"(0.6, 0.1, 0.3)",64,4,0,20,1e-05,0.0001,100,0.01,2.0,0.01,0.01,0.001,0.001,0.3,0.1,,0.0,1000,1,64,0,4.16,[0.7102],[None],2017
38,False,False,64,"(0.6, 0.1, 0.3)",64,4,0,20,1e-05,0.0001,100,0.01,2.0,0.01,0.01,0.001,0.001,0.3,0.1,,0.0,1000,2,128,1,8.32,"[0.6121, 0.6742]","[None, None]",2018
39,False,False,64,"(0.6, 0.1, 0.3)",64,4,0,20,1e-05,0.0001,100,0.01,2.0,0.01,0.01,0.001,0.001,0.3,0.1,,0.0,1000,1,64,0,4.12,[0.6106],[None],2019
40,False,False,64,"(0.6, 0.1, 0.3)",64,4,0,20,1e-05,0.0001,100,0.01,2.0,0.01,0.01,0.01,0.001,0.3,0.05,,0.0,1000,1,64,0,4.18,[0.7123],[None],2000
41,False,False,64,"(0.6, 0.1, 0.3)",64,4,0,20,1e-05,0.0001,100,0.01,2.0,0.01,0.01,0.01,0.001,0.3,0.05,,0.0,1000,1,64,0,4.16,[0.5851],[None],2001
42,False,False,64,"(0.6, 0.1, 0.3)",64,4,0,20,1e-05,0.0001,100,0.01,2.0,0.01,0.01,0.01,0.001,0.3,0.05,,0.0,1000,1,64,1,4.08,[0.6929],[None],2002
43,False,False,64,"(0.6, 0.1, 0.3)",64,4,0,20,1e-05,0.0001,100,0.01,2.0,0.01,0.01,0.01,0.001,0.3,0.05,,0.0,1000,2,128,1,8.3,"[0.6631, 0.6859]","[None, None]",2003
44,False,False,64,"(0.6, 0.1, 0.3)",64,4,0,20,1e-05,0.0001,100,0.01,2.0,0.01,0.01,0.01,0.001,0.3,0.05,,0.0,1000,1,64,0,4.03,[0.7116],[None],2004
45,False,False,64,"(0.6, 0.1, 0.3)",64,4,0,20,1e-05,0.0001,100,0.01,2.0,0.01,0.01,0.01,0.001,0.3,0.05,,0.0,1000,1,64,0,4.03,[0.6521],[None],2005
46,False,False,64,"(0.6, 0.1, 0.3)",64,4,0,20,1e-05,0.0001,100,0.01,2.0,0.01,0.01,0.01,0.001,0.3,0.05,,0.0,1000,1,64,0,4.05,[0.6631],[None],2006
47,False,False,64,"(0.6, 0.1, 0.3)",64,4,0,20,1e-05,0.0001,100,0.01,2.0,0.01,0.01,0.01,0.001,0.3,0.05,,0.0,1000,1,64,0,4.04,[0.6251],[None],2007
48,False,False,64,"(0.6, 0.1, 0.3)",64,4,0,20,1e-05,0.0001,100,0.01,2.0,0.01,0.01,0.01,0.001,0.3,0.05,,0.0,1000,1,64,1,4.21,[0.4962],[None],2008
49,False,False,64,"(0.6, 0.1, 0.3)",64,4,0,20,1e-05,0.0001,100,0.01,2.0,0.01,0.01,0.01,0.001,0.3,0.05,,0.0,1000,1,64,0,4.06,[0.6429],[None],2009
50,False,False,64,"(0.6, 0.1, 0.3)",64,4,0,20,1e-05,0.0001,100,0.01,2.0,0.01,0.01,0.01,0.001,0.3,0.05,,0.0,1000,1,64,0,4.03,[0.652],[None],2010
51,False,False,64,"(0.6, 0.1, 0.3)",64,4,0,20,1e-05,0.0001,100,0.01,2.0,0.01,0.01,0.01,0.001,0.3,0.05,,0.0,1000,1,64,0,4.02,[0.6455],[None],2011
52,False,False,64,"(0.6, 0.1, 0.3)",64,4,0,20,1e-05,0.0001,100,0.01,2.0,0.01,0.01,0.01,0.001,0.3,0.05,,0.0,1000,1,64,0,4.03,[0.6328],[None],2012
53,False,False,64,"(0.6, 0.1, 0.3)",64,4,0,20,1e-05,0.0001,100,0.01,2.0,0.01,0.01,0.01,0.001,0.3,0.05,,0.0,1000,2,128,0,8.32,"[0.6805, 0.7157]","[None, None]",2013
54,False,False,64,"(0.6, 0.1, 0.3)",64,4,0,20,1e-05,0.0001,100,0.01,2.0,0.01,0.01,0.01,0.001,0.3,0.05,,0.0,1000,1,64,0,4.02,[0.6888],[None],2014
55,False,False,64,"(0.6, 0.1, 0.3)",64,4,0,20,1e-05,0.0001,100,0.01,2.0,0.01,0.01,0.01,0.001,0.3,0.05,,0.0,1000,2,128,0,8.31,"[0.6676, 0.6449]","[None, None]",2015
56,False,False,64,"(0.6, 0.1, 0.3)",64,4,0,20,1e-05,0.0001,100,0.01,2.0,0.01,0.01,0.01,0.001,0.3,0.05,,0.0,1000,2,128,0,8.29,"[0.6118, 0.5398]","[None, None]",2016
57,False,False,64,"(0.6, 0.1, 0.3)",64,4,0,20,1e-05,0.0001,100,0.01,2.0,0.01,0.01,0.01,0.001,0.3,0.05,,0.0,1000,1,64,0,4.02,[0.7133],[None],2017
58,False,False,64,"(0.6, 0.1, 0.3)",64,4,0,20,1e-05,0.0001,100,0.01,2.0,0.01,0.01,0.01,0.001,0.3,0.05,,0.0,1000,2,128,1,8.35,"[0.6149, 0.6709]","[None, None]",2018
59,False,False,64,"(0.6, 0.1, 0.3)",64,4,0,20,1e-05,0.0001,100,0.01,2.0,0.01,0.01,0.01,0.001,0.3,0.05,,0.0,1000,1,64,0,4.02,[0.6172],[None],2019
60,False,False,64,"(0.6, 0.1, 0.3)",64,4,0,20,1e-05,0.0001,100,0.01,2.0,0.01,0.01,0.01,0.001,0.3,0.1,,0.0,1000,1,64,0,4.02,[0.7114],[None],2000
61,False,False,64,"(0.6, 0.1, 0.3)",64,4,0,20,1e-05,0.0001,100,0.01,2.0,0.01,0.01,0.01,0.001,0.3,0.1,,0.0,1000,1,64,0,4.02,[0.5834],[None],2001
62,False,False,64,"(0.6, 0.1, 0.3)",64,4,0,20,1e-05,0.0001,100,0.01,2.0,0.01,0.01,0.01,0.001,0.3,0.1,,0.0,1000,1,64,1,4.03,[0.6936],[None],2002
63,False,False,64,"(0.6, 0.1, 0.3)",64,4,0,20,1e-05,0.0001,100,0.01,2.0,0.01,0.01,0.01,0.001,0.3,0.1,,0.0,1000,2,128,1,8.29,"[0.663, 0.6816]","[None, None]",2003
64,False,False,64,"(0.6, 0.1, 0.3)",64,4,0,20,1e-05,0.0001,100,0.01,2.0,0.01,0.01,0.01,0.001,0.3,0.1,,0.0,1000,1,64,0,4.03,[0.7113],[None],2004
65,False,False,64,"(0.6, 0.1, 0.3)",64,4,0,20,1e-05,0.0001,100,0.01,2.0,0.01,0.01,0.01,0.001,0.3,0.1,,0.0,1000,1,64,0,4.02,[0.6508],[None],2005
66,False,False,64,"(0.6, 0.1, 0.3)",64,4,0,20,1e-05,0.0001,100,0.01,2.0,0.01,0.01,0.01,0.001,0.3,0.1,,0.0,1000,1,64,0,4.01,[0.6626],[None],2006
67,False,False,64,"(0.6, 0.1, 0.3)",64,4,0,20,1e-05,0.0001,100,0.01,2.0,0.01,0.01,0.01,0.001,0.3,0.1,,0.0,1000,4,256,0,17.41,"[0.6259, 0.668, 0.581, 0.5991]","[None, None, None, None]",2007
68,False,False,64,"(0.6, 0.1, 0.3)",64,4,0,20,1e-05,0.0001,100,0.01,2.0,0.01,0.01,0.01,0.001,0.3,0.1,,0.0,1000,1,64,1,4.03,[0.4894],[None],2008
69,False,False,64,"(0.6, 0.1, 0.3)",64,4,0,20,1e-05,0.0001,100,0.01,2.0,0.01,0.01,0.01,0.001,0.3,0.1,,0.0,1000,1,64,0,4.03,[0.6428],[None],2009
70,False,False,64,"(0.6, 0.1, 0.3)",64,4,0,20,1e-05,0.0001,100,0.01,2.0,0.01,0.01,0.01,0.001,0.3,0.1,,0.0,1000,1,64,0,4.04,[0.6516],[None],2010
71,False,False,64,"(0.6, 0.1, 0.3)",64,4,0,20,1e-05,0.0001,100,0.01,2.0,0.01,0.01,0.01,0.001,0.3,0.1,,0.0,1000,1,64,0,4.1,[0.6461],[None],2011
72,False,False,64,"(0.6, 0.1, 0.3)",64,4,0,20,1e-05,0.0001,100,0.01,2.0,0.01,0.01,0.01,0.001,0.3,0.1,,0.0,1000,1,64,0,4.03,[0.6312],[None],2012
73,False,False,64,"(0.6, 0.1, 0.3)",64,4,0,20,1e-05,0.0001,100,0.01,2.0,0.01,0.01,0.01,0.001,0.3,0.1,,0.0,1000,2,128,0,8.31,"[0.6799, 0.6977]","[None, None]",2013
74,False,False,64,"(0.6, 0.1, 0.3)",64,4,0,20,1e-05,0.0001,100,0.01,2.0,0.01,0.01,0.01,0.001,0.3,0.1,,0.0,1000,1,64,0,4.02,[0.687],[None],2014
75,False,False,64,"(0.6, 0.1, 0.3)",64,4,0,20,1e-05,0.0001,100,0.01,2.0,0.01,0.01,0.01,0.001,0.3,0.1,,0.0,1000,3,192,0,12.74,"[0.6694, 0.6581, 0.7276]","[None, None, None]",2015
76,False,False,64,"(0.6, 0.1, 0.3)",64,4,0,20,1e-05,0.0001,100,0.01,2.0,0.01,0.01,0.01,0.001,0.3,0.1,,0.0,1000,2,128,0,8.32,"[0.6085, 0.5476]","[None, None]",2016
77,False,False,64,"(0.6, 0.1, 0.3)",64,4,0,20,1e-05,0.0001,100,0.01,2.0,0.01,0.01,0.01,0.001,0.3,0.1,,0.0,1000,1,64,0,4.03,[0.7134],[None],2017
78,False,False,64,"(0.6, 0.1, 0.3)",64,4,0,20,1e-05,0.0001,100,0.01,2.0,0.01,0.01,0.01,0.001,0.3,0.1,,0.0,1000,2,128,1,8.33,"[0.6135, 0.6853]","[None, None]",2018
79,False,False,64,"(0.6, 0.1, 0.3)",64,4,0,20,1e-05,0.0001,100,0.01,2.0,0.01,0.01,0.01,0.001,0.3,0.1,,0.0,1000,1,64,0,4.09,[0.6154],[None],2019
80,False,False,64,"(0.6, 0.1, 0.3)",64,4,0,20,1e-05,0.0001,100,0.01,2.0,0.1,0.01,0.001,0.001,0.3,0.05,,0.0,1000,1,64,1,4.02,[0.716],[None],2000
81,False,False,64,"(0.6, 0.1, 0.3)",64,4,0,20,1e-05,0.0001,100,0.01,2.0,0.1,0.01,0.001,0.001,0.3,0.05,,0.0,1000,1,64,0,4.02,[0.5432],[None],2001
82,False,False,64,"(0.6, 0.1, 0.3)",64,4,0,20,1e-05,0.0001,100,0.01,2.0,0.1,0.01,0.001,0.001,0.3,0.05,,0.0,1000,1,64,1,4.02,[0.6832],[None],2002
83,False,False,64,"(0.6, 0.1, 0.3)",64,4,0,20,1e-05,0.0001,100,0.01,2.0,0.1,0.01,0.001,0.001,0.3,0.05,,0.0,1000,2,128,1,8.29,"[0.6586, 0.6985]","[None, None]",2003
84,False,False,64,"(0.6, 0.1, 0.3)",64,4,0,20,1e-05,0.0001,100,0.01,2.0,0.1,0.01,0.001,0.001,0.3,0.05,,0.0,1000,1,64,0,4.03,[0.7047],[None],2004
85,False,False,64,"(0.6, 0.1, 0.3)",64,4,0,20,1e-05,0.0001,100,0.01,2.0,0.1,0.01,0.001,0.001,0.3,0.05,,0.0,1000,1,64,0,4.02,[0.646],[None],2005
86,False,False,64,"(0.6, 0.1, 0.3)",64,4,0,20,1e-05,0.0001,100,0.01,2.0,0.1,0.01,0.001,0.001,0.3,0.05,,0.0,1000,1,64,0,4.03,[0.6621],[None],2006
87,False,False,64,"(0.6, 0.1, 0.3)",64,4,0,20,1e-05,0.0001,100,0.01,2.0,0.1,0.01,0.001,0.001,0.3,0.05,,0.0,1000,3,192,1,13.12,"[0.6186, 0.6406, 0.5927]","[None, None, None]",2007
88,False,False,64,"(0.6, 0.1, 0.3)",64,4,0,20,1e-05,0.0001,100,0.01,2.0,0.1,0.01,0.001,0.001,0.3,0.05,,0.0,1000,1,64,1,4.19,[0.4745],[None],2008
89,False,False,64,"(0.6, 0.1, 0.3)",64,4,0,20,1e-05,0.0001,100,0.01,2.0,0.1,0.01,0.001,0.001,0.3,0.05,,0.0,1000,1,64,0,4.2,[0.6325],[None],2009
90,False,False,64,"(0.6, 0.1, 0.3)",64,4,0,20,1e-05,0.0001,100,0.01,2.0,0.1,0.01,0.001,0.001,0.3,0.05,,0.0,1000,1,64,0,4.19,[0.6527],[None],2010
91,False,False,64,"(0.6, 0.1, 0.3)",64,4,0,20,1e-05,0.0001,100,0.01,2.0,0.1,0.01,0.001,0.001,0.3,0.05,,0.0,1000,1,64,0,4.18,[0.6388],[None],2011
92,False,False,64,"(0.6, 0.1, 0.3)",64,4,0,20,1e-05,0.0001,100,0.01,2.0,0.1,0.01,0.001,0.001,0.3,0.05,,0.0,1000,1,64,0,4.17,[0.6251],[None],2012
93,False,False,64,"(0.6, 0.1, 0.3)",64,4,0,20,1e-05,0.0001,100,0.01,2.0,0.1,0.01,0.001,0.001,0.3,0.05,,0.0,1000,2,128,0,8.58,"[0.6773, 0.7016]","[None, None]",2013
94,False,False,64,"(0.6, 0.1, 0.3)",64,4,0,20,1e-05,0.0001,100,0.01,2.0,0.1,0.01,0.001,0.001,0.3,0.05,,0.0,1000,1,64,0,4.04,[0.6823],[None],2014
95,False,False,64,"(0.6, 0.1, 0.3)",64,4,0,20,1e-05,0.0001,100,0.01,2.0,0.1,0.01,0.001,0.001,0.3,0.05,,0.0,1000,1,64,0,4.03,[0.6655],[None],2015
96,False,False,64,"(0.6, 0.1, 0.3)",64,4,0,20,1e-05,0.0001,100,0.01,2.0,0.1,0.01,0.001,0.001,0.3,0.05,,0.0,1000,2,128,0,8.3,"[0.5994, 0.53]","[None, None]",2016
97,False,False,64,"(0.6, 0.1, 0.3)",64,4,0,20,1e-05,0.0001,100,0.01,2.0,0.1,0.01,0.001,0.001,0.3,0.05,,0.0,1000,1,64,0,4.02,[0.7245],[None],2017
98,False,False,64,"(0.6, 0.1, 0.3)",64,4,0,20,1e-05,0.0001,100,0.01,2.0,0.1,0.01,0.001,0.001,0.3,0.05,,0.0,1000,2,128,0,8.29,"[0.6036, 0.661]","[None, None]",2018
99,False,False,64,"(0.6, 0.1, 0.3)",64,4,0,20,1e-05,0.0001,100,0.01,2.0,0.1,0.01,0.001,0.001,0.3,0.05,,0.0,1000,1,64,0,4.03,[0.6362],[None],2019
100,False,False,64,"(0.6, 0.1, 0.3)",64,4,0,20,1e-05,0.0001,100,0.01,2.0,0.1,0.01,0.001,0.001,0.3,0.1,,0.0,1000,1,64,1,4.02,[0.7075],[None],2000
101,False,False,64,"(0.6, 0.1, 0.3)",64,4,0,20,1e-05,0.0001,100,0.01,2.0,0.1,0.01,0.001,0.001,0.3,0.1,,0.0,1000,1,64,0,4.03,[0.5425],[None],2001
102,False,False,64,"(0.6, 0.1, 0.3)",64,4,0,20,1e-05,0.0001,100,0.01,2.0,0.1,0.01,0.001,0.001,0.3,0.1,,0.0,1000,1,64,1,4.03,[0.6875],[None],2002
103,False,False,64,"(0.6, 0.1, 0.3)",64,4,0,20,1e-05,0.0001,100,0.01,2.0,0.1,0.01,0.001,0.001,0.3,0.1,,0.0,1000,2,128,1,8.37,"[0.6474, 0.693]","[None, None]",2003
104,False,False,64,"(0.6, 0.1, 0.3)",64,4,0,20,1e-05,0.0001,100,0.01,2.0,0.1,0.01,0.001,0.001,0.3,0.1,,0.0,1000,1,64,0,4.03,[0.6993],[None],2004
105,False,False,64,"(0.6, 0.1, 0.3)",64,4,0,20,1e-05,0.0001,100,0.01,2.0,0.1,0.01,0.001,0.001,0.3,0.1,,0.0,1000,1,64,0,4.02,[0.6324],[None],2005
106,False,False,64,"(0.6, 0.1, 0.3)",64,4,0,20,1e-05,0.0001,100,0.01,2.0,0.1,0.01,0.001,0.001,0.3,0.1,,0.0,1000,1,64,0,4.18,[0.6541],[None],2006
107,False,False,64,"(0.6, 0.1, 0.3)",64,4,0,20,1e-05,0.0001,100,0.01,2.0,0.1,0.01,0.001,0.001,0.3,0.1,,0.0,1000,3,192,0,12.86,"[0.6205, 0.593, 0.6012]","[None, None, None]",2007
108,False,False,64,"(0.6, 0.1, 0.3)",64,4,0,20,1e-05,0.0001,100,0.01,2.0,0.1,0.01,0.001,0.001,0.3,0.1,,0.0,1000,1,64,1,4.04,[0.4739],[None],2008
109,False,False,64,"(0.6, 0.1, 0.3)",64,4,0,20,1e-05,0.0001,100,0.01,2.0,0.1,0.01,0.001,0.001,0.3,0.1,,0.0,1000,1,64,0,4.04,[0.6368],[None],2009
110,False,False,64,"(0.6, 0.1, 0.3)",64,4,0,20,1e-05,0.0001,100,0.01,2.0,0.1,0.01,0.001,0.001,0.3,0.1,,0.0,1000,1,64,0,4.04,[0.6347],[None],2010
111,False,False,64,"(0.6, 0.1, 0.3)",64,4,0,20,1e-05,0.0001,100,0.01,2.0,0.1,0.01,0.001,0.001,0.3,0.1,,0.0,1000,1,64,0,4.04,[0.6364],[None],2011
112,False,False,64,"(0.6, 0.1, 0.3)",64,4,0,20,1e-05,0.0001,100,0.01,2.0,0.1,0.01,0.001,0.001,0.3,0.1,,0.0,1000,1,64,0,4.04,[0.6131],[None],2012
113,False,False,64,"(0.6, 0.1, 0.3)",64,4,0,20,1e-05,0.0001,100,0.01,2.0,0.1,0.01,0.001,0.001,0.3,0.1,,0.0,1000,2,128,0,8.32,"[0.6748, 0.7174]","[None, None]",2013
114,False,False,64,"(0.6, 0.1, 0.3)",64,4,0,20,1e-05,0.0001,100,0.01,2.0,0.1,0.01,0.001,0.001,0.3,0.1,,0.0,1000,1,64,0,4.07,[0.6757],[None],2014
115,False,False,64,"(0.6, 0.1, 0.3)",64,4,0,20,1e-05,0.0001,100,0.01,2.0,0.1,0.01,0.001,0.001,0.3,0.1,,0.0,1000,3,192,0,12.8,"[0.6689, 0.683, 0.7197]","[None, None, None]",2015
116,False,False,64,"(0.6, 0.1, 0.3)",64,4,0,20,1e-05,0.0001,100,0.01,2.0,0.1,0.01,0.001,0.001,0.3,0.1,,0.0,1000,2,128,0,8.36,"[0.5823, 0.5011]","[None, None]",2016
117,False,False,64,"(0.6, 0.1, 0.3)",64,4,0,20,1e-05,0.0001,100,0.01,2.0,0.1,0.01,0.001,0.001,0.3,0.1,,0.0,1000,1,64,0,4.04,[0.7112],[None],2017
118,False,False,64,"(0.6, 0.1, 0.3)",64,4,0,20,1e-05,0.0001,100,0.01,2.0,0.1,0.01,0.001,0.001,0.3,0.1,,0.0,1000,2,128,1,8.32,"[0.6005, 0.6456]","[None, None]",2018
119,False,False,64,"(0.6, 0.1, 0.3)",64,4,0,20,1e-05,0.0001,100,0.01,2.0,0.1,0.01,0.001,0.001,0.3,0.1,,0.0,1000,1,64,0,4.04,[0.6309],[None],2019
120,False,False,64,"(0.6, 0.1, 0.3)",64,4,0,20,1e-05,0.0001,100,0.01,2.0,0.1,0.01,0.01,0.001,0.3,0.05,,0.0,1000,1,64,1,4.06,[0.7174],[None],2000
121,False,False,64,"(0.6, 0.1, 0.3)",64,4,0,20,1e-05,0.0001,100,0.01,2.0,0.1,0.01,0.01,0.001,0.3,0.05,,0.0,1000,1,64,0,4.04,[0.5447],[None],2001
122,False,False,64,"(0.6, 0.1, 0.3)",64,4,0,20,1e-05,0.0001,100,0.01,2.0,0.1,0.01,0.01,0.001,0.3,0.05,,0.0,1000,1,64,1,4.04,[0.6811],[None],2002
123,False,False,64,"(0.6, 0.1, 0.3)",64,4,0,20,1e-05,0.0001,100,0.01,2.0,0.1,0.01,0.01,0.001,0.3,0.05,,0.0,1000,2,128,1,8.33,"[0.6577, 0.6823]","[None, None]",2003
124,False,False,64,"(0.6, 0.1, 0.3)",64,4,0,20,1e-05,0.0001,100,0.01,2.0,0.1,0.01,0.01,0.001,0.3,0.05,,0.0,1000,1,64,0,4.05,[0.7039],[None],2004
125,False,False,64,"(0.6, 0.1, 0.3)",64,4,0,20,1e-05,0.0001,100,0.01,2.0,0.1,0.01,0.01,0.001,0.3,0.05,,0.0,1000,1,64,0,4.05,[0.6476],[None],2005
126,False,False,64,"(0.6, 0.1, 0.3)",64,4,0,20,1e-05,0.0001,100,0.01,2.0,0.1,0.01,0.01,0.001,0.3,0.05,,0.0,1000,1,64,0,4.05,[0.6607],[None],2006
127,False,False,64,"(0.6, 0.1, 0.3)",64,4,0,20,1e-05,0.0001,100,0.01,2.0,0.1,0.01,0.01,0.001,0.3,0.05,,0.0,1000,3,192,1,13.22,"[0.6183, 0.6084, 0.5628]","[None, None, None]",2007
128,False,False,64,"(0.6, 0.1, 0.3)",64,4,0,20,1e-05,0.0001,100,0.01,2.0,0.1,0.01,0.01,0.001,0.3,0.05,,0.0,1000,1,64,1,4.19,[0.4724],[None],2008
129,False,False,64,"(0.6, 0.1, 0.3)",64,4,0,20,1e-05,0.0001,100,0.01,2.0,0.1,0.01,0.01,0.001,0.3,0.05,,0.0,1000,1,64,0,4.18,[0.6329],[None],2009
130,False,False,64,"(0.6, 0.1, 0.3)",64,4,0,20,1e-05,0.0001,100,0.01,2.0,0.1,0.01,0.01,0.001,0.3,0.05,,0.0,1000,1,64,0,4.21,[0.65],[None],2010
131,False,False,64,"(0.6, 0.1, 0.3)",64,4,0,20,1e-05,0.0001,100,0.01,2.0,0.1,0.01,0.01,0.001,0.3,0.05,,0.0,1000,1,64,0,4.18,[0.6408],[None],2011
132,False,False,64,"(0.6, 0.1, 0.3)",64,4,0,20,1e-05,0.0001,100,0.01,2.0,0.1,0.01,0.01,0.001,0.3,0.05,,0.0,1000,1,64,0,4.22,[0.6266],[None],2012
133,False,False,64,"(0.6, 0.1, 0.3)",64,4,0,20,1e-05,0.0001,100,0.01,2.0,0.1,0.01,0.01,0.001,0.3,0.05,,0.0,1000,2,128,0,8.62,"[0.6779, 0.7141]","[None, None]",2013
134,False,False,64,"(0.6, 0.1, 0.3)",64,4,0,20,1e-05,0.0001,100,0.01,2.0,0.1,0.01,0.01,0.001,0.3,0.05,,0.0,1000,1,64,0,4.18,[0.6829],[None],2014
135,False,False,64,"(0.6, 0.1, 0.3)",64,4,0,20,1e-05,0.0001,100,0.01,2.0,0.1,0.01,0.01,0.001,0.3,0.05,,0.0,1000,1,64,0,4.17,[0.6673],[None],2015
136,False,False,64,"(0.6, 0.1, 0.3)",64,4,0,20,1e-05,0.0001,100,0.01,2.0,0.1,0.01,0.01,0.001,0.3,0.05,,0.0,1000,2,128,0,8.62,"[0.5881, 0.5269]","[None, None]",2016
137,False,False,64,"(0.6, 0.1, 0.3)",64,4,0,20,1e-05,0.0001,100,0.01,2.0,0.1,0.01,0.01,0.001,0.3,0.05,,0.0,1000,1,64,0,4.19,[0.7245],[None],2017
138,False,False,64,"(0.6, 0.1, 0.3)",64,4,0,20,1e-05,0.0001,100,0.01,2.0,0.1,0.01,0.01,0.001,0.3,0.05,,0.0,1000,2,128,0,8.43,"[0.6065, 0.6676]","[None, None]",2018
139,False,False,64,"(0.6, 0.1, 0.3)",64,4,0,20,1e-05,0.0001,100,0.01,2.0,0.1,0.01,0.01,0.001,0.3,0.05,,0.0,1000,1,64,0,4.11,[0.6366],[None],2019
140,False,False,64,"(0.6, 0.1, 0.3)",64,4,0,20,1e-05,0.0001,100,0.01,2.0,0.1,0.01,0.01,0.001,0.3,0.1,,0.0,1000,1,64,1,4.07,[0.708],[None],2000
141,False,False,64,"(0.6, 0.1, 0.3)",64,4,0,20,1e-05,0.0001,100,0.01,2.0,0.1,0.01,0.01,0.001,0.3,0.1,,0.0,1000,1,64,1,4.05,[0.5424],[None],2001
142,False,False,64,"(0.6, 0.1, 0.3)",64,4,0,20,1e-05,0.0001,100,0.01,2.0,0.1,0.01,0.01,0.001,0.3,0.1,,0.0,1000,1,64,1,4.18,[0.687],[None],2002
143,False,False,64,"(0.6, 0.1, 0.3)",64,4,0,20,1e-05,0.0001,100,0.01,2.0,0.1,0.01,0.01,0.001,0.3,0.1,,0.0,1000,2,128,1,8.51,"[0.6452, 0.6808]","[None, None]",2003
144,False,False,64,"(0.6, 0.1, 0.3)",64,4,0,20,1e-05,0.0001,100,0.01,2.0,0.1,0.01,0.01,0.001,0.3,0.1,,0.0,1000,1,64,0,4.04,[0.6989],[None],2004
145,False,False,64,"(0.6, 0.1, 0.3)",64,4,0,20,1e-05,0.0001,100,0.01,2.0,0.1,0.01,0.01,0.001,0.3,0.1,,0.0,1000,1,64,0,4.04,[0.6334],[None],2005
146,False,False,64,"(0.6, 0.1, 0.3)",64,4,0,20,1e-05,0.0001,100,0.01,2.0,0.1,0.01,0.01,0.001,0.3,0.1,,0.0,1000,1,64,0,4.2,[0.6514],[None],2006
147,False,False,64,"(0.6, 0.1, 0.3)",64,4,0,20,1e-05,0.0001,100,0.01,2.0,0.1,0.01,0.01,0.001,0.3,0.1,,0.0,1000,3,192,0,13.21,"[0.6203, 0.6097, 0.5943]","[None, None, None]",2007
148,False,False,64,"(0.6, 0.1, 0.3)",64,4,0,20,1e-05,0.0001,100,0.01,2.0,0.1,0.01,0.01,0.001,0.3,0.1,,0.0,1000,1,64,1,4.18,[0.4692],[None],2008
149,False,False,64,"(0.6, 0.1, 0.3)",64,4,0,20,1e-05,0.0001,100,0.01,2.0,0.1,0.01,0.01,0.001,0.3,0.1,,0.0,1000,1,64,0,4.18,[0.6377],[None],2009
150,False,False,64,"(0.6, 0.1, 0.3)",64,4,0,20,1e-05,0.0001,100,0.01,2.0,0.1,0.01,0.01,0.001,0.3,0.1,,0.0,1000,1,64,0,4.18,[0.6309],[None],2010
151,False,False,64,"(0.6, 0.1, 0.3)",64,4,0,20,1e-05,0.0001,100,0.01,2.0,0.1,0.01,0.01,0.001,0.3,0.1,,0.0,1000,1,64,0,4.18,[0.6364],[None],2011
152,False,False,64,"(0.6, 0.1, 0.3)",64,4,0,20,1e-05,0.0001,100,0.01,2.0,0.1,0.01,0.01,0.001,0.3,0.1,,0.0,1000,1,64,0,4.25,[0.6116],[None],2012
153,False,False,64,"(0.6, 0.1, 0.3)",64,4,0,20,1e-05,0.0001,100,0.01,2.0,0.1,0.01,0.01,0.001,0.3,0.1,,0.0,1000,2,128,0,8.61,"[0.6764, 0.7097]","[None, None]",2013
154,False,False,64,"(0.6, 0.1, 0.3)",64,4,0,20,1e-05,0.0001,100,0.01,2.0,0.1,0.01,0.01,0.001,0.3,0.1,,0.0,1000,1,64,0,4.07,[0.6755],[None],2014
155,False,False,64,"(0.6, 0.1, 0.3)",64,4,0,20,1e-05,0.0001,100,0.01,2.0,0.1,0.01,0.01,0.001,0.3,0.1,,0.0,1000,3,192,0,12.99,"[0.6689, 0.6697, 0.7211]","[None, None, None]",2015
156,False,False,64,"(0.6, 0.1, 0.3)",64,4,0,20,1e-05,0.0001,100,0.01,2.0,0.1,0.01,0.01,0.001,0.3,0.1,,0.0,1000,2,128,0,8.45,"[0.5745, 0.4741]","[None, None]",2016
157,False,False,64,"(0.6, 0.1, 0.3)",64,4,0,20,1e-05,0.0001,100,0.01,2.0,0.1,0.01,0.01,0.001,0.3,0.1,,0.0,1000,1,64,0,4.06,[0.711],[None],2017
158,False,False,64,"(0.6, 0.1, 0.3)",64,4,0,20,1e-05,0.0001,100,0.01,2.0,0.1,0.01,0.01,0.001,0.3,0.1,,0.0,1000,2,128,1,8.36,"[0.6038, 0.6435]","[None, None]",2018
159,False,False,64,"(0.6, 0.1, 0.3)",64,4,0,20,1e-05,0.0001,100,0.01,2.0,0.1,0.01,0.01,0.001,0.3,0.1,,0.0,1000,1,64,0,4.05,[0.6347],[None],2019
160,False,False,64,"(0.6, 0.1, 0.3)",64,4,0,20,1e-05,0.0001,100,0.01,2.0,0.2,0.01,0.001,0.001,0.3,0.05,,0.0,1000,1,64,1,4.04,[0.7173],[None],2000
161,False,False,64,"(0.6, 0.1, 0.3)",64,4,0,20,1e-05,0.0001,100,0.01,2.0,0.2,0.01,0.001,0.001,0.3,0.05,,0.0,1000,1,64,0,4.16,[0.5352],[None],2001
162,False,False,64,"(0.6, 0.1, 0.3)",64,4,0,20,1e-05,0.0001,100,0.01,2.0,0.2,0.01,0.001,0.001,0.3,0.05,,0.0,1000,1,64,1,4.14,[0.6737],[None],2002
163,False,False,64,"(0.6, 0.1, 0.3)",64,4,0,20,1e-05,0.0001,100,0.01,2.0,0.2,0.01,0.001,0.001,0.3,0.05,,0.0,1000,1,64,0,4.06,[0.6599],[None],2003
164,False,False,64,"(0.6, 0.1, 0.3)",64,4,0,20,1e-05,0.0001,100,0.01,2.0,0.2,0.01,0.001,0.001,0.3,0.05,,0.0,1000,1,64,0,4.03,[0.7004],[None],2004
165,False,False,64,"(0.6, 0.1, 0.3)",64,4,0,20,1e-05,0.0001,100,0.01,2.0,0.2,0.01,0.001,0.001,0.3,0.05,,0.0,1000,1,64,0,4.02,[0.6456],[None],2005
166,False,False,64,"(0.6, 0.1, 0.3)",64,4,0,20,1e-05,0.0001,100,0.01,2.0,0.2,0.01,0.001,0.001,0.3,0.05,,0.0,1000,1,64,0,4.03,[0.6598],[None],2006
167,False,False,64,"(0.6, 0.1, 0.3)",64,4,0,20,1e-05,0.0001,100,0.01,2.0,0.2,0.01,0.001,0.001,0.3,0.05,,0.0,1000,3,192,1,12.78,"[0.6102, 0.6072, 0.6141]","[None, None, None]",2007
168,False,False,64,"(0.6, 0.1, 0.3)",64,4,0,20,1e-05,0.0001,100,0.01,2.0,0.2,0.01,0.001,0.001,0.3,0.05,,0.0,1000,1,64,1,4.03,[0.4649],[None],2008
169,False,False,64,"(0.6, 0.1, 0.3)",64,4,0,20,1e-05,0.0001,100,0.01,2.0,0.2,0.01,0.001,0.001,0.3,0.05,,0.0,1000,1,64,0,4.03,[0.6236],[None],2009
170,False,False,64,"(0.6, 0.1, 0.3)",64,4,0,20,1e-05,0.0001,100,0.01,2.0,0.2,0.01,0.001,0.001,0.3,0.05,,0.0,1000,1,64,0,4.03,[0.6521],[None],2010
171,False,False,64,"(0.6, 0.1, 0.3)",64,4,0,20,1e-05,0.0001,100,0.01,2.0,0.2,0.01,0.001,0.001,0.3,0.05,,0.0,1000,1,64,0,4.05,[0.6304],[None],2011
172,False,False,64,"(0.6, 0.1, 0.3)",64,4,0,20,1e-05,0.0001,100,0.01,2.0,0.2,0.01,0.001,0.001,0.3,0.05,,0.0,1000,1,64,0,4.04,[0.6196],[None],2012
173,False,False,64,"(0.6, 0.1, 0.3)",64,4,0,20,1e-05,0.0001,100,0.01,2.0,0.2,0.01,0.001,0.001,0.3,0.05,,0.0,1000,2,128,0,8.3,"[0.6746, 0.7055]","[None, None]",2013
174,False,False,64,"(0.6, 0.1, 0.3)",64,4,0,20,1e-05,0.0001,100,0.01,2.0,0.2,0.01,0.001,0.001,0.3,0.05,,0.0,1000,1,64,0,4.03,[0.6753],[None],2014
175,False,False,64,"(0.6, 0.1, 0.3)",64,4,0,20,1e-05,0.0001,100,0.01,2.0,0.2,0.01,0.001,0.001,0.3,0.05,,0.0,1000,3,192,0,12.81,"[0.6687, 0.646, 0.712]","[None, None, None]",2015
176,False,False,64,"(0.6, 0.1, 0.3)",64,4,0,20,1e-05,0.0001,100,0.01,2.0,0.2,0.01,0.001,0.001,0.3,0.05,,0.0,1000,2,128,0,8.31,"[0.5768, 0.5129]","[None, None]",2016
177,False,False,64,"(0.6, 0.1, 0.3)",64,4,0,20,1e-05,0.0001,100,0.01,2.0,0.2,0.01,0.001,0.001,0.3,0.05,,0.0,1000,1,64,0,4.04,[0.7239],[None],2017
178,False,False,64,"(0.6, 0.1, 0.3)",64,4,0,20,1e-05,0.0001,100,0.01,2.0,0.2,0.01,0.001,0.001,0.3,0.05,,0.0,1000,2,128,1,8.3,"[0.6026, 0.6671]","[None, None]",2018
179,False,False,64,"(0.6, 0.1, 0.3)",64,4,0,20,1e-05,0.0001,100,0.01,2.0,0.2,0.01,0.001,0.001,0.3,0.05,,0.0,1000,1,64,0,4.03,[0.6348],[None],2019
180,False,False,64,"(0.6, 0.1, 0.3)",64,4,0,20,1e-05,0.0001,100,0.01,2.0,0.2,0.01,0.001,0.001,0.3,0.1,,0.0,1000,1,64,1,4.04,[0.6987],[None],2000
181,False,False,64,"(0.6, 0.1, 0.3)",64,4,0,20,1e-05,0.0001,100,0.01,2.0,0.2,0.01,0.001,0.001,0.3,0.1,,0.0,1000,1,64,1,4.03,[0.5259],[None],2001
182,False,False,64,"(0.6, 0.1, 0.3)",64,4,0,20,1e-05,0.0001,100,0.01,2.0,0.2,0.01,0.001,0.001,0.3,0.1,,0.0,1000,1,64,1,4.03,[0.6778],[None],2002
183,False,False,64,"(0.6, 0.1, 0.3)",64,4,0,20,1e-05,0.0001,100,0.01,2.0,0.2,0.01,0.001,0.001,0.3,0.1,,0.0,1000,2,128,1,8.3,"[0.6418, 0.667]","[None, None]",2003
184,False,False,64,"(0.6, 0.1, 0.3)",64,4,0,20,1e-05,0.0001,100,0.01,2.0,0.2,0.01,0.001,0.001,0.3,0.1,,0.0,1000,1,64,0,4.02,[0.6887],[None],2004
185,False,False,64,"(0.6, 0.1, 0.3)",64,4,0,20,1e-05,0.0001,100,0.01,2.0,0.2,0.01,0.001,0.001,0.3,0.1,,0.0,1000,1,64,0,4.04,[0.628],[None],2005
186,False,False,64,"(0.6, 0.1, 0.3)",64,4,0,20,1e-05,0.0001,100,0.01,2.0,0.2,0.01,0.001,0.001,0.3,0.1,,0.0,1000,1,64,0,4.08,[0.6463],[None],2006
187,False,False,64,"(0.6, 0.1, 0.3)",64,4,0,20,1e-05,0.0001,100,0.01,2.0,0.2,0.01,0.001,0.001,0.3,0.1,,0.0,1000,4,256,0,17.47,"[0.6144, 0.6034, 0.5672, 0.5343]","[None, None, None, None]",2007
188,False,False,64,"(0.6, 0.1, 0.3)",64,4,0,20,1e-05,0.0001,100,0.01,2.0,0.2,0.01,0.001,0.001,0.3,0.1,,0.0,1000,1,64,1,4.02,[0.4523],[None],2008
189,False,False,64,"(0.6, 0.1, 0.3)",64,4,0,20,1e-05,0.0001,100,0.01,2.0,0.2,0.01,0.001,0.001,0.3,0.1,,0.0,1000,1,64,0,4.03,[0.6244],[None],2009
190,False,False,64,"(0.6, 0.1, 0.3)",64,4,0,20,1e-05,0.0001,100,0.01,2.0,0.2,0.01,0.001,0.001,0.3,0.1,,0.0,1000,1,64,0,4.03,[0.6305],[None],2010
191,False,False,64,"(0.6, 0.1, 0.3)",64,4,0,20,1e-05,0.0001,100,0.01,2.0,0.2,0.01,0.001,0.001,0.3,0.1,,0.0,1000,1,64,0,4.03,[0.6241],[None],2011
192,False,False,64,"(0.6, 0.1, 0.3)",64,4,0,20,1e-05,0.0001,100,0.01,2.0,0.2,0.01,0.001,0.001,0.3,0.1,,0.0,1000,1,64,0,4.02,[0.6001],[None],2012
193,False,False,64,"(0.6, 0.1, 0.3)",64,4,0,20,1e-05,0.0001,100,0.01,2.0,0.2,0.01,0.001,0.001,0.3,0.1,,0.0,1000,2,128,0,8.3,"[0.6693, 0.7059]","[None, None]",2013
194,False,False,64,"(0.6, 0.1, 0.3)",64,4,0,20,1e-05,0.0001,100,0.01,2.0,0.2,0.01,0.001,0.001,0.3,0.1,,0.0,1000,1,64,0,4.03,[0.6644],[None],2014
195,False,False,64,"(0.6, 0.1, 0.3)",64,4,0,20,1e-05,0.0001,100,0.01,2.0,0.2,0.01,0.001,0.001,0.3,0.1,,0.0,1000,4,256,0,17.47,"[0.6684, 0.6513, 0.7003, 0.6878]","[None, None, None, None]",2015
196,False,False,64,"(0.6, 0.1, 0.3)",64,4,0,20,1e-05,0.0001,100,0.01,2.0,0.2,0.01,0.001,0.001,0.3,0.1,,0.0,1000,2,128,0,8.42,"[0.5549, 0.4152]","[None, None]",2016
197,False,False,64,"(0.6, 0.1, 0.3)",64,4,0,20,1e-05,0.0001,100,0.01,2.0,0.2,0.01,0.001,0.001,0.3,0.1,,0.0,1000,1,64,0,4.1,[0.7076],[None],2017
198,False,False,64,"(0.6, 0.1, 0.3)",64,4,0,20,1e-05,0.0001,100,0.01,2.0,0.2,0.01,0.001,0.001,0.3,0.1,,0.0,1000,2,128,1,8.31,"[0.5954, 0.6518]","[None, None]",2018
199,False,False,64,"(0.6, 0.1, 0.3)",64,4,0,20,1e-05,0.0001,100,0.01,2.0,0.2,0.01,0.001,0.001,0.3,0.1,,0.0,1000,1,64,0,4.02,[0.6335],[None],2019
200,False,False,64,"(0.6, 0.1, 0.3)",64,4,0,20,1e-05,0.0001,100,0.01,2.0,0.2,0.01,0.01,0.001,0.3,0.05,,0.0,1000,1,64,1,4.03,[0.7175],[None],2000
201,False,False,64,"(0.6, 0.1, 0.3)",64,4,0,20,1e-05,0.0001,100,0.01,2.0,0.2,0.01,0.01,0.001,0.3,0.05,,0.0,1000,1,64,0,4.03,[0.5366],[None],2001
202,False,False,64,"(0.6, 0.1, 0.3)",64,4,0,20,1e-05,0.0001,100,0.01,2.0,0.2,0.01,0.01,0.001,0.3,0.05,,0.0,1000,1,64,1,4.03,[0.6729],[None],2002
203,False,False,64,"(0.6, 0.1, 0.3)",64,4,0,20,1e-05,0.0001,100,0.01,2.0,0.2,0.01,0.01,0.001,0.3,0.05,,0.0,1000,2,128,1,8.31,"[0.6578, 0.6641]","[None, None]",2003
204,False,False,64,"(0.6, 0.1, 0.3)",64,4,0,20,1e-05,0.0001,100,0.01,2.0,0.2,0.01,0.01,0.001,0.3,0.05,,0.0,1000,1,64,0,4.02,[0.701],[None],2004
205,False,False,64,"(0.6, 0.1, 0.3)",64,4,0,20,1e-05,0.0001,100,0.01,2.0,0.2,0.01,0.01,0.001,0.3,0.05,,0.0,1000,1,64,0,4.2,[0.6452],[None],2005
206,False,False,64,"(0.6, 0.1, 0.3)",64,4,0,20,1e-05,0.0001,100,0.01,2.0,0.2,0.01,0.01,0.001,0.3,0.05,,0.0,1000,1,64,0,4.14,[0.6601],[None],2006
207,False,False,64,"(0.6, 0.1, 0.3)",64,4,0,20,1e-05,0.0001,100,0.01,2.0,0.2,0.01,0.01,0.001,0.3,0.05,,0.0,1000,3,192,1,12.85,"[0.612, 0.5866, 0.5714]","[None, None, None]",2007
208,False,False,64,"(0.6, 0.1, 0.3)",64,4,0,20,1e-05,0.0001,100,0.01,2.0,0.2,0.01,0.01,0.001,0.3,0.05,,0.0,1000,1,64,1,4.18,[0.465],[None],2008
209,False,False,64,"(0.6, 0.1, 0.3)",64,4,0,20,1e-05,0.0001,100,0.01,2.0,0.2,0.01,0.01,0.001,0.3,0.05,,0.0,1000,1,64,0,4.18,[0.6226],[None],2009
210,False,False,64,"(0.6, 0.1, 0.3)",64,4,0,20,1e-05,0.0001,100,0.01,2.0,0.2,0.01,0.01,0.001,0.3,0.05,,0.0,1000,1,64,0,4.19,[0.6496],[None],2010
211,False,False,64,"(0.6, 0.1, 0.3)",64,4,0,20,1e-05,0.0001,100,0.01,2.0,0.2,0.01,0.01,0.001,0.3,0.05,,0.0,1000,1,64,0,4.18,[0.6324],[None],2011
212,False,False,64,"(0.6, 0.1, 0.3)",64,4,0,20,1e-05,0.0001,100,0.01,2.0,0.2,0.01,0.01,0.001,0.3,0.05,,0.0,1000,1,64,0,4.17,[0.6225],[None],2012
213,False,False,64,"(0.6, 0.1, 0.3)",64,4,0,20,1e-05,0.0001,100,0.01,2.0,0.2,0.01,0.01,0.001,0.3,0.05,,0.0,1000,2,128,0,8.64,"[0.6726, 0.6988]","[None, None]",2013
214,False,False,64,"(0.6, 0.1, 0.3)",64,4,0,20,1e-05,0.0001,100,0.01,2.0,0.2,0.01,0.01,0.001,0.3,0.05,,0.0,1000,1,64,0,4.2,[0.6753],[None],2014
215,False,False,64,"(0.6, 0.1, 0.3)",64,4,0,20,1e-05,0.0001,100,0.01,2.0,0.2,0.01,0.01,0.001,0.3,0.05,,0.0,1000,3,192,0,12.8,"[0.671, 0.6435, 0.7018]","[None, None, None]",2015
216,False,False,64,"(0.6, 0.1, 0.3)",64,4,0,20,1e-05,0.0001,100,0.01,2.0,0.2,0.01,0.01,0.001,0.3,0.05,,0.0,1000,2,128,0,8.32,"[0.5698, 0.5034]","[None, None]",2016
217,False,False,64,"(0.6, 0.1, 0.3)",64,4,0,20,1e-05,0.0001,100,0.01,2.0,0.2,0.01,0.01,0.001,0.3,0.05,,0.0,1000,1,64,0,4.04,[0.7253],[None],2017
218,False,False,64,"(0.6, 0.1, 0.3)",64,4,0,20,1e-05,0.0001,100,0.01,2.0,0.2,0.01,0.01,0.001,0.3,0.05,,0.0,1000,2,128,1,8.37,"[0.6042, 0.6686]","[None, None]",2018
219,False,False,64,"(0.6, 0.1, 0.3)",64,4,0,20,1e-05,0.0001,100,0.01,2.0,0.2,0.01,0.01,0.001,0.3,0.05,,0.0,1000,1,64,0,4.05,[0.6347],[None],2019
220,False,False,64,"(0.6, 0.1, 0.3)",64,4,0,20,1e-05,0.0001,100,0.01,2.0,0.2,0.01,0.01,0.001,0.3,0.1,,0.0,1000,1,64,1,4.21,[0.7002],[None],2000
221,False,False,64,"(0.6, 0.1, 0.3)",64,4,0,20,1e-05,0.0001,100,0.01,2.0,0.2,0.01,0.01,0.001,0.3,0.1,,0.0,1000,1,64,1,4.18,[0.5273],[None],2001
222,False,False,64,"(0.6, 0.1, 0.3)",64,4,0,20,1e-05,0.0001,100,0.01,2.0,0.2,0.01,0.01,0.001,0.3,0.1,,0.0,1000,1,64,1,4.18,[0.6772],[None],2002
223,False,False,64,"(0.6, 0.1, 0.3)",64,4,0,20,1e-05,0.0001,100,0.01,2.0,0.2,0.01,0.01,0.001,0.3,0.1,,0.0,1000,2,128,1,8.5,"[0.6407, 0.6704]","[None, None]",2003
224,False,False,64,"(0.6, 0.1, 0.3)",64,4,0,20,1e-05,0.0001,100,0.01,2.0,0.2,0.01,0.01,0.001,0.3,0.1,,0.0,1000,1,64,0,4.03,[0.6886],[None],2004
225,False,False,64,"(0.6, 0.1, 0.3)",64,4,0,20,1e-05,0.0001,100,0.01,2.0,0.2,0.01,0.01,0.001,0.3,0.1,,0.0,1000,1,64,0,4.03,[0.6277],[None],2005
226,False,False,64,"(0.6, 0.1, 0.3)",64,4,0,20,1e-05,0.0001,100,0.01,2.0,0.2,0.01,0.01,0.001,0.3,0.1,,0.0,1000,1,64,0,4.03,[0.6455],[None],2006
227,False,False,64,"(0.6, 0.1, 0.3)",64,4,0,20,1e-05,0.0001,100,0.01,2.0,0.2,0.01,0.01,0.001,0.3,0.1,,0.0,1000,4,256,0,17.44,"[0.6142, 0.6052, 0.5743, 0.529]","[None, None, None, None]",2007
228,False,False,64,"(0.6, 0.1, 0.3)",64,4,0,20,1e-05,0.0001,100,0.01,2.0,0.2,0.01,0.01,0.001,0.3,0.1,,0.0,1000,1,64,1,4.08,[0.4465],[None],2008
229,False,False,64,"(0.6, 0.1, 0.3)",64,4,0,20,1e-05,0.0001,100,0.01,2.0,0.2,0.01,0.01,0.001,0.3,0.1,,0.0,1000,1,64,0,4.22,[0.6261],[None],2009
230,False,False,64,"(0.6, 0.1, 0.3)",64,4,0,20,1e-05,0.0001,100,0.01,2.0,0.2,0.01,0.01,0.001,0.3,0.1,,0.0,1000,1,64,0,4.19,[0.6278],[None],2010
231,False,False,64,"(0.6, 0.1, 0.3)",64,4,0,20,1e-05,0.0001,100,0.01,2.0,0.2,0.01,0.01,0.001,0.3,0.1,,0.0,1000,1,64,0,4.18,[0.6248],[None],2011
232,False,False,64,"(0.6, 0.1, 0.3)",64,4,0,20,1e-05,0.0001,100,0.01,2.0,0.2,0.01,0.01,0.001,0.3,0.1,,0.0,1000,1,64,0,4.18,[0.6017],[None],2012
233,False,False,64,"(0.6, 0.1, 0.3)",64,4,0,20,1e-05,0.0001,100,0.01,2.0,0.2,0.01,0.01,0.001,0.3,0.1,,0.0,1000,2,128,0,8.65,"[0.6688, 0.6871]","[None, None]",2013
234,False,False,64,"(0.6, 0.1, 0.3)",64,4,0,20,1e-05,0.0001,100,0.01,2.0,0.2,0.01,0.01,0.001,0.3,0.1,,0.0,1000,1,64,0,4.19,[0.6657],[None],2014
235,False,False,64,"(0.6, 0.1, 0.3)",64,4,0,20,1e-05,0.0001,100,0.01,2.0,0.2,0.01,0.01,0.001,0.3,0.1,,0.0,1000,3,192,0,12.83,"[0.6694, 0.6566, 0.7061]","[None, None, None]",2015
236,False,False,64,"(0.6, 0.1, 0.3)",64,4,0,20,1e-05,0.0001,100,0.01,2.0,0.2,0.01,0.01,0.001,0.3,0.1,,0.0,1000,2,128,0,8.47,"[0.5478, 0.4205]","[None, None]",2016
237,False,False,64,"(0.6, 0.1, 0.3)",64,4,0,20,1e-05,0.0001,100,0.01,2.0,0.2,0.01,0.01,0.001,0.3,0.1,,0.0,1000,1,64,0,4.12,[0.707],[None],2017
238,False,False,64,"(0.6, 0.1, 0.3)",64,4,0,20,1e-05,0.0001,100,0.01,2.0,0.2,0.01,0.01,0.001,0.3,0.1,,0.0,1000,2,128,1,8.31,"[0.5982, 0.6568]","[None, None]",2018
239,False,False,64,"(0.6, 0.1, 0.3)",64,4,0,20,1e-05,0.0001,100,0.01,2.0,0.2,0.01,0.01,0.001,0.3,0.1,,0.0,1000,1,64,0,4.03,[0.6338],[None],2019
240,False,False,64,"(0.6, 0.1, 0.3)",64,4,0,20,1e-05,0.0001,100,0.01,2.0,0.3,0.01,0.001,0.001,0.3,0.05,,0.0,1000,1,64,0,4.03,[0.7164],[None],2000
241,False,False,64,"(0.6, 0.1, 0.3)",64,4,0,20,1e-05,0.0001,100,0.01,2.0,0.3,0.01,0.001,0.001,0.3,0.05,,0.0,1000,1,64,0,4.1,[0.5287],[None],2001
242,False,False,64,"(0.6, 0.1, 0.3)",64,4,0,20,1e-05,0.0001,100,0.01,2.0,0.3,0.01,0.001,0.001,0.3,0.05,,0.0,1000,1,64,1,4.03,[0.6655],[None],2002
243,False,False,64,"(0.6, 0.1, 0.3)",64,4,0,20,1e-05,0.0001,100,0.01,2.0,0.3,0.01,0.001,0.001,0.3,0.05,,0.0,1000,2,128,1,8.44,"[0.6628, 0.6714]","[None, None]",2003
244,False,False,64,"(0.6, 0.1, 0.3)",64,4,0,20,1e-05,0.0001,100,0.01,2.0,0.3,0.01,0.001,0.001,0.3,0.05,,0.0,1000,1,64,0,4.16,[0.6948],[None],2004
245,False,False,64,"(0.6, 0.1, 0.3)",64,4,0,20,1e-05,0.0001,100,0.01,2.0,0.3,0.01,0.001,0.001,0.3,0.05,,0.0,1000,1,64,0,4.04,[0.645],[None],2005
246,False,False,64,"(0.6, 0.1, 0.3)",64,4,0,20,1e-05,0.0001,100,0.01,2.0,0.3,0.01,0.001,0.001,0.3,0.05,,0.0,1000,1,64,0,4.1,[0.6612],[None],2006
247,False,False,64,"(0.6, 0.1, 0.3)",64,4,0,20,1e-05,0.0001,100,0.01,2.0,0.3,0.01,0.001,0.001,0.3,0.05,,0.0,1000,5,320,0,22.43,"[0.6064, 0.5803, 0.5667, 0.5333, 0.5874]","[None, None, None, None, None]",2007
248,False,False,64,"(0.6, 0.1, 0.3)",64,4,0,20,1e-05,0.0001,100,0.01,2.0,0.3,0.01,0.001,0.001,0.3,0.05,,0.0,1000,1,64,1,4.06,[0.4621],[None],2008
249,False,False,64,"(0.6, 0.1, 0.3)",64,4,0,20,1e-05,0.0001,100,0.01,2.0,0.3,0.01,0.001,0.001,0.3,0.05,,0.0,1000,1,64,0,4.04,[0.6186],[None],2009
250,False,False,64,"(0.6, 0.1, 0.3)",64,4,0,20,1e-05,0.0001,100,0.01,2.0,0.3,0.01,0.001,0.001,0.3,0.05,,0.0,1000,1,64,0,4.08,[0.6514],[None],2010
251,False,False,64,"(0.6, 0.1, 0.3)",64,4,0,20,1e-05,0.0001,100,0.01,2.0,0.3,0.01,0.001,0.001,0.3,0.05,,0.0,1000,1,64,0,4.06,[0.6195],[None],2011
252,False,False,64,"(0.6, 0.1, 0.3)",64,4,0,20,1e-05,0.0001,100,0.01,2.0,0.3,0.01,0.001,0.001,0.3,0.05,,0.0,1000,1,64,0,4.07,[0.6208],[None],2012
253,False,False,64,"(0.6, 0.1, 0.3)",64,4,0,20,1e-05,0.0001,100,0.01,2.0,0.3,0.01,0.001,0.001,0.3,0.05,,0.0,1000,2,128,0,8.35,"[0.6699, 0.6959]","[None, None]",2013
254,False,False,64,"(0.6, 0.1, 0.3)",64,4,0,20,1e-05,0.0001,100,0.01,2.0,0.3,0.01,0.001,0.001,0.3,0.05,,0.0,1000,1,64,0,4.05,[0.6704],[None],2014
255,False,False,64,"(0.6, 0.1, 0.3)",64,4,0,20,1e-05,0.0001,100,0.01,2.0,0.3,0.01,0.001,0.001,0.3,0.05,,0.0,1000,3,192,0,13.19,"[0.6661, 0.6757, 0.7092]","[None, None, None]",2015
256,False,False,64,"(0.6, 0.1, 0.3)",64,4,0,20,1e-05,0.0001,100,0.01,2.0,0.3,0.01,0.001,0.001,0.3,0.05,,0.0,1000,2,128,0,8.38,"[0.557, 0.4613]","[None, None]",2016
257,False,False,64,"(0.6, 0.1, 0.3)",64,4,0,20,1e-05,0.0001,100,0.01,2.0,0.3,0.01,0.001,0.001,0.3,0.05,,0.0,1000,1,64,0,4.03,[0.7227],[None],2017
258,False,False,64,"(0.6, 0.1, 0.3)",64,4,0,20,1e-05,0.0001,100,0.01,2.0,0.3,0.01,0.001,0.001,0.3,0.05,,0.0,1000,2,128,1,8.6,"[0.5981, 0.6695]","[None, None]",2018
259,False,False,64,"(0.6, 0.1, 0.3)",64,4,0,20,1e-05,0.0001,100,0.01,2.0,0.3,0.01,0.001,0.001,0.3,0.05,,0.0,1000,1,64,0,4.04,[0.6271],[None],2019
260,False,False,64,"(0.6, 0.1, 0.3)",64,4,0,20,1e-05,0.0001,100,0.01,2.0,0.3,0.01,0.001,0.001,0.3,0.1,,0.0,1000,1,64,1,4.04,[0.6958],[None],2000
261,False,False,64,"(0.6, 0.1, 0.3)",64,4,0,20,1e-05,0.0001,100,0.01,2.0,0.3,0.01,0.001,0.001,0.3,0.1,,0.0,1000,1,64,1,4.04,[0.5128],[None],2001
262,False,False,64,"(0.6, 0.1, 0.3)",64,4,0,20,1e-05,0.0001,100,0.01,2.0,0.3,0.01,0.001,0.001,0.3,0.1,,0.0,1000,1,64,1,4.03,[0.6655],[None],2002
263,False,False,64,"(0.6, 0.1, 0.3)",64,4,0,20,1e-05,0.0001,100,0.01,2.0,0.3,0.01,0.001,0.001,0.3,0.1,,0.0,1000,1,64,0,4.04,[0.6409],[None],2003
264,False,False,64,"(0.6, 0.1, 0.3)",64,4,0,20,1e-05,0.0001,100,0.01,2.0,0.3,0.01,0.001,0.001,0.3,0.1,,0.0,1000,1,64,0,4.04,[0.6816],[None],2004
265,False,False,64,"(0.6, 0.1, 0.3)",64,4,0,20,1e-05,0.0001,100,0.01,2.0,0.3,0.01,0.001,0.001,0.3,0.1,,0.0,1000,1,64,0,4.05,[0.6207],[None],2005
266,False,False,64,"(0.6, 0.1, 0.3)",64,4,0,20,1e-05,0.0001,100,0.01,2.0,0.3,0.01,0.001,0.001,0.3,0.1,,0.0,1000,1,64,0,4.03,[0.6382],[None],2006
267,False,False,64,"(0.6, 0.1, 0.3)",64,4,0,20,1e-05,0.0001,100,0.01,2.0,0.3,0.01,0.001,0.001,0.3,0.1,,0.0,1000,5,320,0,22.36,"[0.608, 0.6228, 0.6203, 0.5571, 0.6014]","[None, None, None, None, None]",2007
268,False,False,64,"(0.6, 0.1, 0.3)",64,4,0,20,1e-05,0.0001,100,0.01,2.0,0.3,0.01,0.001,0.001,0.3,0.1,,0.0,1000,1,64,1,4.04,[0.4397],[None],2008
269,False,False,64,"(0.6, 0.1, 0.3)",64,4,0,20,1e-05,0.0001,100,0.01,2.0,0.3,0.01,0.001,0.001,0.3,0.1,,0.0,1000,1,64,0,4.03,[0.6185],[None],2009
270,False,False,64,"(0.6, 0.1, 0.3)",64,4,0,20,1e-05,0.0001,100,0.01,2.0,0.3,0.01,0.001,0.001,0.3,0.1,,0.0,1000,1,64,0,4.03,[0.6251],[None],2010
271,False,False,64,"(0.6, 0.1, 0.3)",64,4,0,20,1e-05,0.0001,100,0.01,2.0,0.3,0.01,0.001,0.001,0.3,0.1,,0.0,1000,1,64,0,4.04,[0.6103],[None],2011
272,False,False,64,"(0.6, 0.1, 0.3)",64,4,0,20,1e-05,0.0001,100,0.01,2.0,0.3,0.01,0.001,0.001,0.3,0.1,,0.0,1000,1,64,0,4.06,[0.5925],[None],2012
273,False,False,64,"(0.6, 0.1, 0.3)",64,4,0,20,1e-05,0.0001,100,0.01,2.0,0.3,0.01,0.001,0.001,0.3,0.1,,0.0,1000,2,128,0,8.32,"[0.662, 0.6802]","[None, None]",2013
274,False,False,64,"(0.6, 0.1, 0.3)",64,4,0,20,1e-05,0.0001,100,0.01,2.0,0.3,0.01,0.001,0.001,0.3,0.1,,0.0,1000,1,64,0,4.04,[0.6589],[None],2014
275,False,False,64,"(0.6, 0.1, 0.3)",64,4,0,20,1e-05,0.0001,100,0.01,2.0,0.3,0.01,0.001,0.001,0.3,0.1,,0.0,1000,2,128,0,8.31,"[0.669, 0.6784]","[None, None]",2015
276,False,False,64,"(0.6, 0.1, 0.3)",64,4,0,20,1e-05,0.0001,100,0.01,2.0,0.3,0.01,0.001,0.001,0.3,0.1,,0.0,1000,2,128,0,8.31,"[0.5383, 0.4443]","[None, None]",2016
277,False,False,64,"(0.6, 0.1, 0.3)",64,4,0,20,1e-05,0.0001,100,0.01,2.0,0.3,0.01,0.001,0.001,0.3,0.1,,0.0,1000,1,64,0,4.03,[0.7051],[None],2017
278,False,False,64,"(0.6, 0.1, 0.3)",64,4,0,20,1e-05,0.0001,100,0.01,2.0,0.3,0.01,0.001,0.001,0.3,0.1,,0.0,1000,2,128,1,8.31,"[0.589, 0.6453]","[None, None]",2018
279,False,False,64,"(0.6, 0.1, 0.3)",64,4,0,20,1e-05,0.0001,100,0.01,2.0,0.3,0.01,0.001,0.001,0.3,0.1,,0.0,1000,1,64,0,4.04,[0.6291],[None],2019
280,False,False,64,"(0.6, 0.1, 0.3)",64,4,0,20,1e-05,0.0001,100,0.01,2.0,0.3,0.01,0.01,0.001,0.3,0.05,,0.0,1000,1,64,0,4.03,[0.7174],[None],2000
281,False,False,64,"(0.6, 0.1, 0.3)",64,4,0,20,1e-05,0.0001,100,0.01,2.0,0.3,0.01,0.01,0.001,0.3,0.05,,0.0,1000,1,64,1,4.04,[0.5297],[None],2001
282,False,False,64,"(0.6, 0.1, 0.3)",64,4,0,20,1e-05,0.0001,100,0.01,2.0,0.3,0.01,0.01,0.001,0.3,0.05,,0.0,1000,1,64,1,4.08,[0.6662],[None],2002
283,False,False,64,"(0.6, 0.1, 0.3)",64,4,0,20,1e-05,0.0001,100,0.01,2.0,0.3,0.01,0.01,0.001,0.3,0.05,,0.0,1000,1,64,0,4.09,[0.6626],[None],2003
284,False,False,64,"(0.6, 0.1, 0.3)",64,4,0,20,1e-05,0.0001,100,0.01,2.0,0.3,0.01,0.01,0.001,0.3,0.05,,0.0,1000,1,64,0,4.17,[0.6933],[None],2004
285,False,False,64,"(0.6, 0.1, 0.3)",64,4,0,20,1e-05,0.0001,100,0.01,2.0,0.3,0.01,0.01,0.001,0.3,0.05,,0.0,1000,1,64,0,4.18,[0.6453],[None],2005
286,False,False,64,"(0.6, 0.1, 0.3)",64,4,0,20,1e-05,0.0001,100,0.01,2.0,0.3,0.01,0.01,0.001,0.3,0.05,,0.0,1000,1,64,0,4.21,[0.6601],[None],2006
287,False,False,64,"(0.6, 0.1, 0.3)",64,4,0,20,1e-05,0.0001,100,0.01,2.0,0.3,0.01,0.01,0.001,0.3,0.05,,0.0,1000,4,256,0,17.74,"[0.6077, 0.5829, 0.5652, 0.4893]","[None, None, None, None]",2007
288,False,False,64,"(0.6, 0.1, 0.3)",64,4,0,20,1e-05,0.0001,100,0.01,2.0,0.3,0.01,0.01,0.001,0.3,0.05,,0.0,1000,1,64,1,4.04,[0.4626],[None],2008
289,False,False,64,"(0.6, 0.1, 0.3)",64,4,0,20,1e-05,0.0001,100,0.01,2.0,0.3,0.01,0.01,0.001,0.3,0.05,,0.0,1000,1,64,0,4.05,[0.6209],[None],2009
290,False,False,64,"(0.6, 0.1, 0.3)",64,4,0,20,1e-05,0.0001,100,0.01,2.0,0.3,0.01,0.01,0.001,0.3,0.05,,0.0,1000,1,64,0,4.07,[0.6509],[None],2010
291,False,False,64,"(0.6, 0.1, 0.3)",64,4,0,20,1e-05,0.0001,100,0.01,2.0,0.3,0.01,0.01,0.001,0.3,0.05,,0.0,1000,1,64,0,4.04,[0.621],[None],2011
292,False,False,64,"(0.6, 0.1, 0.3)",64,4,0,20,1e-05,0.0001,100,0.01,2.0,0.3,0.01,0.01,0.001,0.3,0.05,,0.0,1000,1,64,0,4.04,[0.6231],[None],2012
293,False,False,64,"(0.6, 0.1, 0.3)",64,4,0,20,1e-05,0.0001,100,0.01,2.0,0.3,0.01,0.01,0.001,0.3,0.05,,0.0,1000,2,128,0,8.35,"[0.6688, 0.7029]","[None, None]",2013
294,False,False,64,"(0.6, 0.1, 0.3)",64,4,0,20,1e-05,0.0001,100,0.01,2.0,0.3,0.01,0.01,0.001,0.3,0.05,,0.0,1000,1,64,0,4.04,[0.671],[None],2014
295,False,False,64,"(0.6, 0.1, 0.3)",64,4,0,20,1e-05,0.0001,100,0.01,2.0,0.3,0.01,0.01,0.001,0.3,0.05,,0.0,1000,3,192,1,12.92,"[0.6684, 0.6628, 0.7227]","[None, None, None]",2015
296,False,False,64,"(0.6, 0.1, 0.3)",64,4,0,20,1e-05,0.0001,100,0.01,2.0,0.3,0.01,0.01,0.001,0.3,0.05,,0.0,1000,2,128,0,8.33,"[0.5546, 0.5033]","[None, None]",2016
297,False,False,64,"(0.6, 0.1, 0.3)",64,4,0,20,1e-05,0.0001,100,0.01,2.0,0.3,0.01,0.01,0.001,0.3,0.05,,0.0,1000,1,64,0,4.05,[0.7229],[None],2017
298,False,False,64,"(0.6, 0.1, 0.3)",64,4,0,20,1e-05,0.0001,100,0.01,2.0,0.3,0.01,0.01,0.001,0.3,0.05,,0.0,1000,2,128,1,8.33,"[0.5988, 0.6506]","[None, None]",2018
299,False,False,64,"(0.6, 0.1, 0.3)",64,4,0,20,1e-05,0.0001,100,0.01,2.0,0.3,0.01,0.01,0.001,0.3,0.05,,0.0,1000,1,64,0,4.05,[0.6268],[None],2019
300,False,False,64,"(0.6, 0.1, 0.3)",64,4,0,20,1e-05,0.0001,100,0.01,2.0,0.3,0.01,0.01,0.001,0.3,0.1,,0.0,1000,1,64,1,4.07,[0.6961],[None],2000
301,False,False,64,"(0.6, 0.1, 0.3)",64,4,0,20,1e-05,0.0001,100,0.01,2.0,0.3,0.01,0.01,0.001,0.3,0.1,,0.0,1000,1,64,1,4.05,[0.5157],[None],2001
302,False,False,64,"(0.6, 0.1, 0.3)",64,4,0,20,1e-05,0.0001,100,0.01,2.0,0.3,0.01,0.01,0.001,0.3,0.1,,0.0,1000,1,64,1,4.04,[0.6691],[None],2002
303,False,False,64,"(0.6, 0.1, 0.3)",64,4,0,20,1e-05,0.0001,100,0.01,2.0,0.3,0.01,0.01,0.001,0.3,0.1,,0.0,1000,1,64,0,4.05,[0.6381],[None],2003
304,False,False,64,"(0.6, 0.1, 0.3)",64,4,0,20,1e-05,0.0001,100,0.01,2.0,0.3,0.01,0.01,0.001,0.3,0.1,,0.0,1000,1,64,0,4.04,[0.6812],[None],2004
305,False,False,64,"(0.6, 0.1, 0.3)",64,4,0,20,1e-05,0.0001,100,0.01,2.0,0.3,0.01,0.01,0.001,0.3,0.1,,0.0,1000,1,64,0,4.04,[0.6202],[None],2005
306,False,False,64,"(0.6, 0.1, 0.3)",64,4,0,20,1e-05,0.0001,100,0.01,2.0,0.3,0.01,0.01,0.001,0.3,0.1,,0.0,1000,1,64,0,4.18,[0.6381],[None],2006
307,False,False,64,"(0.6, 0.1, 0.3)",64,4,0,20,1e-05,0.0001,100,0.01,2.0,0.3,0.01,0.01,0.001,0.3,0.1,,0.0,1000,6,384,0,27.67,"[0.6095, 0.6151, 0.5402, 0.5131, 0.5253, 0.5895]","[None, None, None, None, None, None]",2007
308,False,False,64,"(0.6, 0.1, 0.3)",64,4,0,20,1e-05,0.0001,100,0.01,2.0,0.3,0.01,0.01,0.001,0.3,0.1,,0.0,1000,1,64,1,4.19,[0.4342],[None],2008
309,False,False,64,"(0.6, 0.1, 0.3)",64,4,0,20,1e-05,0.0001,100,0.01,2.0,0.3,0.01,0.01,0.001,0.3,0.1,,0.0,1000,1,64,0,4.18,[0.6182],[None],2009
310,False,False,64,"(0.6, 0.1, 0.3)",64,4,0,20,1e-05,0.0001,100,0.01,2.0,0.3,0.01,0.01,0.001,0.3,0.1,,0.0,1000,1,64,0,4.18,[0.6239],[None],2010
311,False,False,64,"(0.6, 0.1, 0.3)",64,4,0,20,1e-05,0.0001,100,0.01,2.0,0.3,0.01,0.01,0.001,0.3,0.1,,0.0,1000,1,64,0,4.19,[0.6109],[None],2011
312,False,False,64,"(0.6, 0.1, 0.3)",64,4,0,20,1e-05,0.0001,100,0.01,2.0,0.3,0.01,0.01,0.001,0.3,0.1,,0.0,1000,1,64,0,4.15,[0.5925],[None],2012
313,False,False,64,"(0.6, 0.1, 0.3)",64,4,0,20,1e-05,0.0001,100,0.01,2.0,0.3,0.01,0.01,0.001,0.3,0.1,,0.0,1000,2,128,0,8.31,"[0.6612, 0.6838]","[None, None]",2013
314,False,False,64,"(0.6, 0.1, 0.3)",64,4,0,20,1e-05,0.0001,100,0.01,2.0,0.3,0.01,0.01,0.001,0.3,0.1,,0.0,1000,1,64,0,4.07,[0.6597],[None],2014
315,False,False,64,"(0.6, 0.1, 0.3)",64,4,0,20,1e-05,0.0001,100,0.01,2.0,0.3,0.01,0.01,0.001,0.3,0.1,,0.0,1000,2,128,0,8.32,"[0.6704, 0.6704]","[None, None]",2015
316,False,False,64,"(0.6, 0.1, 0.3)",64,4,0,20,1e-05,0.0001,100,0.01,2.0,0.3,0.01,0.01,0.001,0.3,0.1,,0.0,1000,2,128,0,8.4,"[0.5337, 0.3953]","[None, None]",2016
317,False,False,64,"(0.6, 0.1, 0.3)",64,4,0,20,1e-05,0.0001,100,0.01,2.0,0.3,0.01,0.01,0.001,0.3,0.1,,0.0,1000,1,64,0,4.11,[0.7054],[None],2017
318,False,False,64,"(0.6, 0.1, 0.3)",64,4,0,20,1e-05,0.0001,100,0.01,2.0,0.3,0.01,0.01,0.001,0.3,0.1,,0.0,1000,2,128,1,8.34,"[0.5925, 0.661]","[None, None]",2018
319,False,False,64,"(0.6, 0.1, 0.3)",64,4,0,20,1e-05,0.0001,100,0.01,2.0,0.3,0.01,0.01,0.001,0.3,0.1,,0.0,1000,1,64,0,4.04,[0.6275],[None],2019
320,False,False,64,"(0.6, 0.1, 0.3)",64,4,0,20,1e-05,0.0001,100,0.01,3.0,0.01,0.01,0.001,0.001,0.3,0.05,,0.0,1000,1,64,0,4.06,[0.6968],[None],2000
321,False,False,64,"(0.6, 0.1, 0.3)",64,4,0,20,1e-05,0.0001,100,0.01,3.0,0.01,0.01,0.001,0.001,0.3,0.05,,0.0,1000,1,64,0,4.04,[0.563],[None],2001
322,False,False,64,"(0.6, 0.1, 0.3)",64,4,0,20,1e-05,0.0001,100,0.01,3.0,0.01,0.01,0.001,0.001,0.3,0.05,,0.0,1000,1,64,1,4.11,[0.6866],[None],2002
323,False,False,64,"(0.6, 0.1, 0.3)",64,4,0,20,1e-05,0.0001,100,0.01,3.0,0.01,0.01,0.001,0.001,0.3,0.05,,0.0,1000,2,128,1,8.35,"[0.6526, 0.6786]","[None, None]",2003
324,False,False,64,"(0.6, 0.1, 0.3)",64,4,0,20,1e-05,0.0001,100,0.01,3.0,0.01,0.01,0.001,0.001,0.3,0.05,,0.0,1000,1,64,0,4.06,[0.6981],[None],2004
325,False,False,64,"(0.6, 0.1, 0.3)",64,4,0,20,1e-05,0.0001,100,0.01,3.0,0.01,0.01,0.001,0.001,0.3,0.05,,0.0,1000,1,64,0,4.14,[0.6426],[None],2005
326,False,False,64,"(0.6, 0.1, 0.3)",64,4,0,20,1e-05,0.0001,100,0.01,3.0,0.01,0.01,0.001,0.001,0.3,0.05,,0.0,1000,1,64,0,4.17,[0.6467],[None],2006
327,False,False,64,"(0.6, 0.1, 0.3)",64,4,0,20,1e-05,0.0001,100,0.01,3.0,0.01,0.01,0.001,0.001,0.3,0.05,,0.0,1000,1,64,0,4.05,[0.5983],[None],2007
328,False,False,64,"(0.6, 0.1, 0.3)",64,4,0,20,1e-05,0.0001,100,0.01,3.0,0.01,0.01,0.001,0.001,0.3,0.05,,0.0,1000,1,64,1,4.07,[0.4469],[None],2008
329,False,False,64,"(0.6, 0.1, 0.3)",64,4,0,20,1e-05,0.0001,100,0.01,3.0,0.01,0.01,0.001,0.001,0.3,0.05,,0.0,1000,1,64,0,4.05,[0.6324],[None],2009
330,False,False,64,"(0.6, 0.1, 0.3)",64,4,0,20,1e-05,0.0001,100,0.01,3.0,0.01,0.01,0.001,0.001,0.3,0.05,,0.0,1000,1,64,0,4.1,[0.6492],[None],2010
331,False,False,64,"(0.6, 0.1, 0.3)",64,4,0,20,1e-05,0.0001,100,0.01,3.0,0.01,0.01,0.001,0.001,0.3,0.05,,0.0,1000,1,64,0,4.1,[0.6348],[None],2011
332,False,False,64,"(0.6, 0.1, 0.3)",64,4,0,20,1e-05,0.0001,100,0.01,3.0,0.01,0.01,0.001,0.001,0.3,0.05,,0.0,1000,1,64,0,4.06,[0.5926],[None],2012
333,False,False,64,"(0.6, 0.1, 0.3)",64,4,0,20,1e-05,0.0001,100,0.01,3.0,0.01,0.01,0.001,0.001,0.3,0.05,,0.0,1000,2,128,0,8.34,"[0.6747, 0.6733]","[None, None]",2013
334,False,False,64,"(0.6, 0.1, 0.3)",64,4,0,20,1e-05,0.0001,100,0.01,3.0,0.01,0.01,0.001,0.001,0.3,0.05,,0.0,1000,1,64,0,4.06,[0.6696],[None],2014
335,False,False,64,"(0.6, 0.1, 0.3)",64,4,0,20,1e-05,0.0001,100,0.01,3.0,0.01,0.01,0.001,0.001,0.3,0.05,,0.0,1000,2,128,0,8.62,"[0.6596, 0.6344]","[None, None]",2015
336,False,False,64,"(0.6, 0.1, 0.3)",64,4,0,20,1e-05,0.0001,100,0.01,3.0,0.01,0.01,0.001,0.001,0.3,0.05,,0.0,1000,2,128,0,8.34,"[0.6065, 0.5458]","[None, None]",2016
337,False,False,64,"(0.6, 0.1, 0.3)",64,4,0,20,1e-05,0.0001,100,0.01,3.0,0.01,0.01,0.001,0.001,0.3,0.05,,0.0,1000,1,64,0,4.04,[0.6983],[None],2017
338,False,False,64,"(0.6, 0.1, 0.3)",64,4,0,20,1e-05,0.0001,100,0.01,3.0,0.01,0.01,0.001,0.001,0.3,0.05,,0.0,1000,2,128,0,8.31,"[0.589, 0.6192]","[None, None]",2018
339,False,False,64,"(0.6, 0.1, 0.3)",64,4,0,20,1e-05,0.0001,100,0.01,3.0,0.01,0.01,0.001,0.001,0.3,0.05,,0.0,1000,1,64,0,4.03,[0.6033],[None],2019
340,False,False,64,"(0.6, 0.1, 0.3)",64,4,0,20,1e-05,0.0001,100,0.01,3.0,0.01,0.01,0.001,0.001,0.3,0.1,,0.0,1000,1,64,0,4.03,[0.695],[None],2000
341,False,False,64,"(0.6, 0.1, 0.3)",64,4,0,20,1e-05,0.0001,100,0.01,3.0,0.01,0.01,0.001,0.001,0.3,0.1,,0.0,1000,1,64,0,4.07,[0.5632],[None],2001
342,False,False,64,"(0.6, 0.1, 0.3)",64,4,0,20,1e-05,0.0001,100,0.01,3.0,0.01,0.01,0.001,0.001,0.3,0.1,,0.0,1000,1,64,1,4.04,[0.6861],[None],2002
343,False,False,64,"(0.6, 0.1, 0.3)",64,4,0,20,1e-05,0.0001,100,0.01,3.0,0.01,0.01,0.001,0.001,0.3,0.1,,0.0,1000,2,128,1,8.31,"[0.6519, 0.655]","[None, None]",2003
344,False,False,64,"(0.6, 0.1, 0.3)",64,4,0,20,1e-05,0.0001,100,0.01,3.0,0.01,0.01,0.001,0.001,0.3,0.1,,0.0,1000,1,64,0,4.03,[0.6975],[None],2004
345,False,False,64,"(0.6, 0.1, 0.3)",64,4,0,20,1e-05,0.0001,100,0.01,3.0,0.01,0.01,0.001,0.001,0.3,0.1,,0.0,1000,1,64,0,4.03,[0.6425],[None],2005
346,False,False,64,"(0.6, 0.1, 0.3)",64,4,0,20,1e-05,0.0001,100,0.01,3.0,0.01,0.01,0.001,0.001,0.3,0.1,,0.0,1000,1,64,0,4.18,[0.6457],[None],2006
347,False,False,64,"(0.6, 0.1, 0.3)",64,4,0,20,1e-05,0.0001,100,0.01,3.0,0.01,0.01,0.001,0.001,0.3,0.1,,0.0,1000,1,64,0,4.27,[0.5976],[None],2007
348,False,False,64,"(0.6, 0.1, 0.3)",64,4,0,20,1e-05,0.0001,100,0.01,3.0,0.01,0.01,0.001,0.001,0.3,0.1,,0.0,1000,1,64,1,4.18,[0.4354],[None],2008
349,False,False,64,"(0.6, 0.1, 0.3)",64,4,0,20,1e-05,0.0001,100,0.01,3.0,0.01,0.01,0.001,0.001,0.3,0.1,,0.0,1000,1,64,0,4.21,[0.6321],[None],2009
350,False,False,64,"(0.6, 0.1, 0.3)",64,4,0,20,1e-05,0.0001,100,0.01,3.0,0.01,0.01,0.001,0.001,0.3,0.1,,0.0,1000,1,64,0,4.2,[0.6499],[None],2010
351,False,False,64,"(0.6, 0.1, 0.3)",64,4,0,20,1e-05,0.0001,100,0.01,3.0,0.01,0.01,0.001,0.001,0.3,0.1,,0.0,1000,1,64,0,4.17,[0.6355],[None],2011
352,False,False,64,"(0.6, 0.1, 0.3)",64,4,0,20,1e-05,0.0001,100,0.01,3.0,0.01,0.01,0.001,0.001,0.3,0.1,,0.0,1000,1,64,0,4.2,[0.5912],[None],2012
353,False,False,64,"(0.6, 0.1, 0.3)",64,4,0,20,1e-05,0.0001,100,0.01,3.0,0.01,0.01,0.001,0.001,0.3,0.1,,0.0,1000,2,128,0,8.62,"[0.6745, 0.6733]","[None, None]",2013
354,False,False,64,"(0.6, 0.1, 0.3)",64,4,0,20,1e-05,0.0001,100,0.01,3.0,0.01,0.01,0.001,0.001,0.3,0.1,,0.0,1000,1,64,0,4.06,[0.668],[None],2014
355,False,False,64,"(0.6, 0.1, 0.3)",64,4,0,20,1e-05,0.0001,100,0.01,3.0,0.01,0.01,0.001,0.001,0.3,0.1,,0.0,1000,1,64,0,4.04,[0.6598],[None],2015
356,False,False,64,"(0.6, 0.1, 0.3)",64,4,0,20,1e-05,0.0001,100,0.01,3.0,0.01,0.01,0.001,0.001,0.3,0.1,,0.0,1000,2,128,0,8.33,"[0.6026, 0.5037]","[None, None]",2016
357,False,False,64,"(0.6, 0.1, 0.3)",64,4,0,20,1e-05,0.0001,100,0.01,3.0,0.01,0.01,0.001,0.001,0.3,0.1,,0.0,1000,1,64,0,4.03,[0.6978],[None],2017
358,False,False,64,"(0.6, 0.1, 0.3)",64,4,0,20,1e-05,0.0001,100,0.01,3.0,0.01,0.01,0.001,0.001,0.3,0.1,,0.0,1000,2,128,0,8.31,"[0.5869, 0.633]","[None, None]",2018
359,False,False,64,"(0.6, 0.1, 0.3)",64,4,0,20,1e-05,0.0001,100,0.01,3.0,0.01,0.01,0.001,0.001,0.3,0.1,,0.0,1000,1,64,0,4.04,[0.6014],[None],2019
360,False,False,64,"(0.6, 0.1, 0.3)",64,4,0,20,1e-05,0.0001,100,0.01,3.0,0.01,0.01,0.01,0.001,0.3,0.05,,0.0,1000,1,64,0,4.03,[0.6966],[None],2000
361,False,False,64,"(0.6, 0.1, 0.3)",64,4,0,20,1e-05,0.0001,100,0.01,3.0,0.01,0.01,0.01,0.001,0.3,0.05,,0.0,1000,1,64,0,4.04,[0.5645],[None],2001
362,False,False,64,"(0.6, 0.1, 0.3)",64,4,0,20,1e-05,0.0001,100,0.01,3.0,0.01,0.01,0.01,0.001,0.3,0.05,,0.0,1000,1,64,1,4.04,[0.6868],[None],2002
363,False,False,64,"(0.6, 0.1, 0.3)",64,4,0,20,1e-05,0.0001,100,0.01,3.0,0.01,0.01,0.01,0.001,0.3,0.05,,0.0,1000,2,128,1,8.32,"[0.6513, 0.6708]","[None, None]",2003
364,False,False,64,"(0.6, 0.1, 0.3)",64,4,0,20,1e-05,0.0001,100,0.01,3.0,0.01,0.01,0.01,0.001,0.3,0.05,,0.0,1000,1,64,0,4.04,[0.6992],[None],2004
365,False,False,64,"(0.6, 0.1, 0.3)",64,4,0,20,1e-05,0.0001,100,0.01,3.0,0.01,0.01,0.01,0.001,0.3,0.05,,0.0,1000,1,64,0,4.03,[0.6441],[None],2005
366,False,False,64,"(0.6, 0.1, 0.3)",64,4,0,20,1e-05,0.0001,100,0.01,3.0,0.01,0.01,0.01,0.001,0.3,0.05,,0.0,1000,1,64,0,4.04,[0.6449],[None],2006
367,False,False,64,"(0.6, 0.1, 0.3)",64,4,0,20,1e-05,0.0001,100,0.01,3.0,0.01,0.01,0.01,0.001,0.3,0.05,,0.0,1000,1,64,0,4.16,[0.5981],[None],2007
368,False,False,64,"(0.6, 0.1, 0.3)",64,4,0,20,1e-05,0.0001,100,0.01,3.0,0.01,0.01,0.01,0.001,0.3,0.05,,0.0,1000,1,64,1,4.19,[0.4429],[None],2008
369,False,False,64,"(0.6, 0.1, 0.3)",64,4,0,20,1e-05,0.0001,100,0.01,3.0,0.01,0.01,0.01,0.001,0.3,0.05,,0.0,1000,1,64,0,4.12,[0.6355],[None],2009
370,False,False,64,"(0.6, 0.1, 0.3)",64,4,0,20,1e-05,0.0001,100,0.01,3.0,0.01,0.01,0.01,0.001,0.3,0.05,,0.0,1000,1,64,0,4.08,[0.6481],[None],2010
371,False,False,64,"(0.6, 0.1, 0.3)",64,4,0,20,1e-05,0.0001,100,0.01,3.0,0.01,0.01,0.01,0.001,0.3,0.05,,0.0,1000,1,64,0,4.19,[0.6361],[None],2011
372,False,False,64,"(0.6, 0.1, 0.3)",64,4,0,20,1e-05,0.0001,100,0.01,3.0,0.01,0.01,0.01,0.001,0.3,0.05,,0.0,1000,1,64,0,4.19,[0.5919],[None],2012
373,False,False,64,"(0.6, 0.1, 0.3)",64,4,0,20,1e-05,0.0001,100,0.01,3.0,0.01,0.01,0.01,0.001,0.3,0.05,,0.0,1000,2,128,0,8.59,"[0.6741, 0.6672]","[None, None]",2013
374,False,False,64,"(0.6, 0.1, 0.3)",64,4,0,20,1e-05,0.0001,100,0.01,3.0,0.01,0.01,0.01,0.001,0.3,0.05,,0.0,1000,1,64,0,4.16,[0.6696],[None],2014
375,False,False,64,"(0.6, 0.1, 0.3)",64,4,0,20,1e-05,0.0001,100,0.01,3.0,0.01,0.01,0.01,0.001,0.3,0.05,,0.0,1000,1,64,0,4.19,[0.659],[None],2015
376,False,False,64,"(0.6, 0.1, 0.3)",64,4,0,20,1e-05,0.0001,100,0.01,3.0,0.01,0.01,0.01,0.001,0.3,0.05,,0.0,1000,2,128,0,8.63,"[0.5975, 0.5228]","[None, None]",2016
377,False,False,64,"(0.6, 0.1, 0.3)",64,4,0,20,1e-05,0.0001,100,0.01,3.0,0.01,0.01,0.01,0.001,0.3,0.05,,0.0,1000,1,64,0,4.22,[0.699],[None],2017
378,False,False,64,"(0.6, 0.1, 0.3)",64,4,0,20,1e-05,0.0001,100,0.01,3.0,0.01,0.01,0.01,0.001,0.3,0.05,,0.0,1000,2,128,0,8.63,"[0.5896, 0.6308]","[None, None]",2018
379,False,False,64,"(0.6, 0.1, 0.3)",64,4,0,20,1e-05,0.0001,100,0.01,3.0,0.01,0.01,0.01,0.001,0.3,0.05,,0.0,1000,1,64,0,4.04,[0.6037],[None],2019
380,False,False,64,"(0.6, 0.1, 0.3)",64,4,0,20,1e-05,0.0001,100,0.01,3.0,0.01,0.01,0.01,0.001,0.3,0.1,,0.0,1000,1,64,0,4.05,[0.6952],[None],2000
381,False,False,64,"(0.6, 0.1, 0.3)",64,4,0,20,1e-05,0.0001,100,0.01,3.0,0.01,0.01,0.01,0.001,0.3,0.1,,0.0,1000,1,64,0,4.04,[0.5644],[None],2001
382,False,False,64,"(0.6, 0.1, 0.3)",64,4,0,20,1e-05,0.0001,100,0.01,3.0,0.01,0.01,0.01,0.001,0.3,0.1,,0.0,1000,1,64,1,4.14,[0.6866],[None],2002
383,False,False,64,"(0.6, 0.1, 0.3)",64,4,0,20,1e-05,0.0001,100,0.01,3.0,0.01,0.01,0.01,0.001,0.3,0.1,,0.0,1000,2,128,1,8.6,"[0.6508, 0.6564]","[None, None]",2003
384,False,False,64,"(0.6, 0.1, 0.3)",64,4,0,20,1e-05,0.0001,100,0.01,3.0,0.01,0.01,0.01,0.001,0.3,0.1,,0.0,1000,1,64,0,4.2,[0.6972],[None],2004
385,False,False,64,"(0.6, 0.1, 0.3)",64,4,0,20,1e-05,0.0001,100,0.01,3.0,0.01,0.01,0.01,0.001,0.3,0.1,,0.0,1000,1,64,0,4.09,[0.6438],[None],2005
386,False,False,64,"(0.6, 0.1, 0.3)",64,4,0,20,1e-05,0.0001,100,0.01,3.0,0.01,0.01,0.01,0.001,0.3,0.1,,0.0,1000,1,64,0,4.03,[0.6442],[None],2006
387,False,False,64,"(0.6, 0.1, 0.3)",64,4,0,20,1e-05,0.0001,100,0.01,3.0,0.01,0.01,0.01,0.001,0.3,0.1,,0.0,1000,1,64,0,4.03,[0.5979],[None],2007
388,False,False,64,"(0.6, 0.1, 0.3)",64,4,0,20,1e-05,0.0001,100,0.01,3.0,0.01,0.01,0.01,0.001,0.3,0.1,,0.0,1000,1,64,1,4.11,[0.4346],[None],2008
389,False,False,64,"(0.6, 0.1, 0.3)",64,4,0,20,1e-05,0.0001,100,0.01,3.0,0.01,0.01,0.01,0.001,0.3,0.1,,0.0,1000,1,64,0,4.13,[0.634],[None],2009
390,False,False,64,"(0.6, 0.1, 0.3)",64,4,0,20,1e-05,0.0001,100,0.01,3.0,0.01,0.01,0.01,0.001,0.3,0.1,,0.0,1000,1,64,0,4.19,[0.6476],[None],2010
391,False,False,64,"(0.6, 0.1, 0.3)",64,4,0,20,1e-05,0.0001,100,0.01,3.0,0.01,0.01,0.01,0.001,0.3,0.1,,0.0,1000,1,64,0,4.19,[0.6351],[None],2011
392,False,False,64,"(0.6, 0.1, 0.3)",64,4,0,20,1e-05,0.0001,100,0.01,3.0,0.01,0.01,0.01,0.001,0.3,0.1,,0.0,1000,1,64,0,4.17,[0.5913],[None],2012
393,False,False,64,"(0.6, 0.1, 0.3)",64,4,0,20,1e-05,0.0001,100,0.01,3.0,0.01,0.01,0.01,0.001,0.3,0.1,,0.0,1000,2,128,0,8.65,"[0.6738, 0.66]","[None, None]",2013
394,False,False,64,"(0.6, 0.1, 0.3)",64,4,0,20,1e-05,0.0001,100,0.01,3.0,0.01,0.01,0.01,0.001,0.3,0.1,,0.0,1000,1,64,0,4.22,[0.6693],[None],2014
395,False,False,64,"(0.6, 0.1, 0.3)",64,4,0,20,1e-05,0.0001,100,0.01,3.0,0.01,0.01,0.01,0.001,0.3,0.1,,0.0,1000,4,256,0,18.07,"[0.66, 0.6454, 0.6712, 0.6385]","[None, None, None, None]",2015
396,False,False,64,"(0.6, 0.1, 0.3)",64,4,0,20,1e-05,0.0001,100,0.01,3.0,0.01,0.01,0.01,0.001,0.3,0.1,,0.0,1000,2,128,0,8.71,"[0.5962, 0.4961]","[None, None]",2016
397,False,False,64,"(0.6, 0.1, 0.3)",64,4,0,20,1e-05,0.0001,100,0.01,3.0,0.01,0.01,0.01,0.001,0.3,0.1,,0.0,1000,1,64,0,4.18,[0.6983],[None],2017
398,False,False,64,"(0.6, 0.1, 0.3)",64,4,0,20,1e-05,0.0001,100,0.01,3.0,0.01,0.01,0.01,0.001,0.3,0.1,,0.0,1000,2,128,0,8.62,"[0.5884, 0.6281]","[None, None]",2018
399,False,False,64,"(0.6, 0.1, 0.3)",64,4,0,20,1e-05,0.0001,100,0.01,3.0,0.01,0.01,0.01,0.001,0.3,0.1,,0.0,1000,1,64,0,4.21,[0.6028],[None],2019
400,False,False,64,"(0.6, 0.1, 0.3)",64,4,0,20,1e-05,0.0001,100,0.01,3.0,0.1,0.01,0.001,0.001,0.3,0.05,,0.0,1000,1,64,0,4.18,[0.6975],[None],2000
401,False,False,64,"(0.6, 0.1, 0.3)",64,4,0,20,1e-05,0.0001,100,0.01,3.0,0.1,0.01,0.001,0.001,0.3,0.05,,0.0,1000,1,64,0,4.19,[0.5222],[None],2001
402,False,False,64,"(0.6, 0.1, 0.3)",64,4,0,20,1e-05,0.0001,100,0.01,3.0,0.1,0.01,0.001,0.001,0.3,0.05,,0.0,1000,1,64,1,4.19,[0.6821],[None],2002
403,False,False,64,"(0.6, 0.1, 0.3)",64,4,0,20,1e-05,0.0001,100,0.01,3.0,0.1,0.01,0.001,0.001,0.3,0.05,,0.0,1000,2,128,1,8.61,"[0.6485, 0.648]","[None, None]",2003
404,False,False,64,"(0.6, 0.1, 0.3)",64,4,0,20,1e-05,0.0001,100,0.01,3.0,0.1,0.01,0.001,0.001,0.3,0.05,,0.0,1000,1,64,0,4.19,[0.6872],[None],2004
405,False,False,64,"(0.6, 0.1, 0.3)",64,4,0,20,1e-05,0.0001,100,0.01,3.0,0.1,0.01,0.001,0.001,0.3,0.05,,0.0,1000,1,64,0,4.19,[0.6378],[None],2005
406,False,False,64,"(0.6, 0.1, 0.3)",64,4,0,20,1e-05,0.0001,100,0.01,3.0,0.1,0.01,0.001,0.001,0.3,0.05,,0.0,1000,1,64,0,4.09,[0.6486],[None],2006
407,False,False,64,"(0.6, 0.1, 0.3)",64,4,0,20,1e-05,0.0001,100,0.01,3.0,0.1,0.01,0.001,0.001,0.3,0.05,,0.0,1000,2,128,0,8.35,"[0.5888, 0.6328]","[None, None]",2007
408,False,False,64,"(0.6, 0.1, 0.3)",64,4,0,20,1e-05,0.0001,100,0.01,3.0,0.1,0.01,0.001,0.001,0.3,0.05,,0.0,1000,1,64,1,4.16,[0.4328],[None],2008
409,False,False,64,"(0.6, 0.1, 0.3)",64,4,0,20,1e-05,0.0001,100,0.01,3.0,0.1,0.01,0.001,0.001,0.3,0.05,,0.0,1000,1,64,0,4.07,[0.6304],[None],2009
410,False,False,64,"(0.6, 0.1, 0.3)",64,4,0,20,1e-05,0.0001,100,0.01,3.0,0.1,0.01,0.001,0.001,0.3,0.05,,0.0,1000,1,64,0,4.09,[0.6529],[None],2010
411,False,False,64,"(0.6, 0.1, 0.3)",64,4,0,20,1e-05,0.0001,100,0.01,3.0,0.1,0.01,0.001,0.001,0.3,0.05,,0.0,1000,1,64,0,4.18,[0.6255],[None],2011
412,False,False,64,"(0.6, 0.1, 0.3)",64,4,0,20,1e-05,0.0001,100,0.01,3.0,0.1,0.01,0.001,0.001,0.3,0.05,,0.0,1000,1,64,0,4.12,[0.5847],[None],2012
413,False,False,64,"(0.6, 0.1, 0.3)",64,4,0,20,1e-05,0.0001,100,0.01,3.0,0.1,0.01,0.001,0.001,0.3,0.05,,0.0,1000,2,128,0,8.39,"[0.6722, 0.6721]","[None, None]",2013
414,False,False,64,"(0.6, 0.1, 0.3)",64,4,0,20,1e-05,0.0001,100,0.01,3.0,0.1,0.01,0.001,0.001,0.3,0.05,,0.0,1000,1,64,0,4.05,[0.6638],[None],2014
415,False,False,64,"(0.6, 0.1, 0.3)",64,4,0,20,1e-05,0.0001,100,0.01,3.0,0.1,0.01,0.001,0.001,0.3,0.05,,0.0,1000,3,192,0,12.85,"[0.6569, 0.6601, 0.6581]","[None, None, None]",2015
416,False,False,64,"(0.6, 0.1, 0.3)",64,4,0,20,1e-05,0.0001,100,0.01,3.0,0.1,0.01,0.001,0.001,0.3,0.05,,0.0,1000,2,128,1,8.36,"[0.58, 0.5128]","[None, None]",2016
417,False,False,64,"(0.6, 0.1, 0.3)",64,4,0,20,1e-05,0.0001,100,0.01,3.0,0.1,0.01,0.001,0.001,0.3,0.05,,0.0,1000,1,64,0,4.04,[0.7079],[None],2017
418,False,False,64,"(0.6, 0.1, 0.3)",64,4,0,20,1e-05,0.0001,100,0.01,3.0,0.1,0.01,0.001,0.001,0.3,0.05,,0.0,1000,2,128,0,8.33,"[0.5822, 0.6118]","[None, None]",2018
419,False,False,64,"(0.6, 0.1, 0.3)",64,4,0,20,1e-05,0.0001,100,0.01,3.0,0.1,0.01,0.001,0.001,0.3,0.05,,0.0,1000,1,64,0,4.05,[0.6186],[None],2019
420,False,False,64,"(0.6, 0.1, 0.3)",64,4,0,20,1e-05,0.0001,100,0.01,3.0,0.1,0.01,0.001,0.001,0.3,0.1,,0.0,1000,1,64,1,4.04,[0.6893],[None],2000
421,False,False,64,"(0.6, 0.1, 0.3)",64,4,0,20,1e-05,0.0001,100,0.01,3.0,0.1,0.01,0.001,0.001,0.3,0.1,,0.0,1000,1,64,0,4.05,[0.5188],[None],2001
422,False,False,64,"(0.6, 0.1, 0.3)",64,4,0,20,1e-05,0.0001,100,0.01,3.0,0.1,0.01,0.001,0.001,0.3,0.1,,0.0,1000,1,64,1,4.04,[0.6827],[None],2002
423,False,False,64,"(0.6, 0.1, 0.3)",64,4,0,20,1e-05,0.0001,100,0.01,3.0,0.1,0.01,0.001,0.001,0.3,0.1,,0.0,1000,2,128,1,8.34,"[0.6342, 0.6666]","[None, None]",2003
424,False,False,64,"(0.6, 0.1, 0.3)",64,4,0,20,1e-05,0.0001,100,0.01,3.0,0.1,0.01,0.001,0.001,0.3,0.1,,0.0,1000,1,64,0,4.05,[0.6844],[None],2004
425,False,False,64,"(0.6, 0.1, 0.3)",64,4,0,20,1e-05,0.0001,100,0.01,3.0,0.1,0.01,0.001,0.001,0.3,0.1,,0.0,1000,1,64,0,4.05,[0.6269],[None],2005
426,False,False,64,"(0.6, 0.1, 0.3)",64,4,0,20,1e-05,0.0001,100,0.01,3.0,0.1,0.01,0.001,0.001,0.3,0.1,,0.0,1000,1,64,0,4.06,[0.6366],[None],2006
427,False,False,64,"(0.6, 0.1, 0.3)",64,4,0,20,1e-05,0.0001,100,0.01,3.0,0.1,0.01,0.001,0.001,0.3,0.1,,0.0,1000,3,192,1,12.82,"[0.5932, 0.6289, 0.541]","[None, None, None]",2007
428,False,False,64,"(0.6, 0.1, 0.3)",64,4,0,20,1e-05,0.0001,100,0.01,3.0,0.1,0.01,0.001,0.001,0.3,0.1,,0.0,1000,1,64,1,4.06,[0.4225],[None],2008
429,False,False,64,"(0.6, 0.1, 0.3)",64,4,0,20,1e-05,0.0001,100,0.01,3.0,0.1,0.01,0.001,0.001,0.3,0.1,,0.0,1000,1,64,0,4.05,[0.6297],[None],2009
430,False,False,64,"(0.6, 0.1, 0.3)",64,4,0,20,1e-05,0.0001,100,0.01,3.0,0.1,0.01,0.001,0.001,0.3,0.1,,0.0,1000,1,64,0,4.05,[0.6367],[None],2010
431,False,False,64,"(0.6, 0.1, 0.3)",64,4,0,20,1e-05,0.0001,100,0.01,3.0,0.1,0.01,0.001,0.001,0.3,0.1,,0.0,1000,1,64,0,4.05,[0.6223],[None],2011
432,False,False,64,"(0.6, 0.1, 0.3)",64,4,0,20,1e-05,0.0001,100,0.01,3.0,0.1,0.01,0.001,0.001,0.3,0.1,,0.0,1000,1,64,0,4.05,[0.5739],[None],2012
433,False,False,64,"(0.6, 0.1, 0.3)",64,4,0,20,1e-05,0.0001,100,0.01,3.0,0.1,0.01,0.001,0.001,0.3,0.1,,0.0,1000,2,128,0,8.37,"[0.6712, 0.6615]","[None, None]",2013
434,False,False,64,"(0.6, 0.1, 0.3)",64,4,0,20,1e-05,0.0001,100,0.01,3.0,0.1,0.01,0.001,0.001,0.3,0.1,,0.0,1000,1,64,0,4.05,[0.656],[None],2014
435,False,False,64,"(0.6, 0.1, 0.3)",64,4,0,20,1e-05,0.0001,100,0.01,3.0,0.1,0.01,0.001,0.001,0.3,0.1,,0.0,1000,5,320,0,22.7,"[0.6616, 0.6574, 0.6582, 0.5954, 0.5938]","[None, None, None, None, None]",2015
436,False,False,64,"(0.6, 0.1, 0.3)",64,4,0,20,1e-05,0.0001,100,0.01,3.0,0.1,0.01,0.001,0.001,0.3,0.1,,0.0,1000,2,128,1,8.39,"[0.565, 0.4819]","[None, None]",2016
437,False,False,64,"(0.6, 0.1, 0.3)",64,4,0,20,1e-05,0.0001,100,0.01,3.0,0.1,0.01,0.001,0.001,0.3,0.1,,0.0,1000,1,64,0,4.05,[0.6945],[None],2017
438,False,False,64,"(0.6, 0.1, 0.3)",64,4,0,20,1e-05,0.0001,100,0.01,3.0,0.1,0.01,0.001,0.001,0.3,0.1,,0.0,1000,2,128,0,8.35,"[0.5759, 0.5888]","[None, None]",2018
439,False,False,64,"(0.6, 0.1, 0.3)",64,4,0,20,1e-05,0.0001,100,0.01,3.0,0.1,0.01,0.001,0.001,0.3,0.1,,0.0,1000,1,64,0,4.05,[0.6129],[None],2019
440,False,False,64,"(0.6, 0.1, 0.3)",64,4,0,20,1e-05,0.0001,100,0.01,3.0,0.1,0.01,0.01,0.001,0.3,0.05,,0.0,1000,1,64,1,4.11,[0.6969],[None],2000
441,False,False,64,"(0.6, 0.1, 0.3)",64,4,0,20,1e-05,0.0001,100,0.01,3.0,0.1,0.01,0.01,0.001,0.3,0.05,,0.0,1000,1,64,0,4.05,[0.5236],[None],2001
442,False,False,64,"(0.6, 0.1, 0.3)",64,4,0,20,1e-05,0.0001,100,0.01,3.0,0.1,0.01,0.01,0.001,0.3,0.05,,0.0,1000,1,64,1,4.05,[0.6802],[None],2002
443,False,False,64,"(0.6, 0.1, 0.3)",64,4,0,20,1e-05,0.0001,100,0.01,3.0,0.1,0.01,0.01,0.001,0.3,0.05,,0.0,1000,2,128,1,8.34,"[0.6476, 0.639]","[None, None]",2003
444,False,False,64,"(0.6, 0.1, 0.3)",64,4,0,20,1e-05,0.0001,100,0.01,3.0,0.1,0.01,0.01,0.001,0.3,0.05,,0.0,1000,1,64,0,4.05,[0.688],[None],2004
445,False,False,64,"(0.6, 0.1, 0.3)",64,4,0,20,1e-05,0.0001,100,0.01,3.0,0.1,0.01,0.01,0.001,0.3,0.05,,0.0,1000,1,64,0,4.05,[0.6376],[None],2005
446,False,False,64,"(0.6, 0.1, 0.3)",64,4,0,20,1e-05,0.0001,100,0.01,3.0,0.1,0.01,0.01,0.001,0.3,0.05,,0.0,1000,1,64,0,4.1,[0.6467],[None],2006
447,False,False,64,"(0.6, 0.1, 0.3)",64,4,0,20,1e-05,0.0001,100,0.01,3.0,0.1,0.01,0.01,0.001,0.3,0.05,,0.0,1000,3,192,0,13.25,"[0.5895, 0.6347, 0.5709]","[None, None, None]",2007
448,False,False,64,"(0.6, 0.1, 0.3)",64,4,0,20,1e-05,0.0001,100,0.01,3.0,0.1,0.01,0.01,0.001,0.3,0.05,,0.0,1000,1,64,1,4.2,[0.4317],[None],2008
449,False,False,64,"(0.6, 0.1, 0.3)",64,4,0,20,1e-05,0.0001,100,0.01,3.0,0.1,0.01,0.01,0.001,0.3,0.05,,0.0,1000,1,64,0,4.18,[0.6327],[None],2009
450,False,False,64,"(0.6, 0.1, 0.3)",64,4,0,20,1e-05,0.0001,100,0.01,3.0,0.1,0.01,0.01,0.001,0.3,0.05,,0.0,1000,1,64,0,4.2,[0.6533],[None],2010
451,False,False,64,"(0.6, 0.1, 0.3)",64,4,0,20,1e-05,0.0001,100,0.01,3.0,0.1,0.01,0.01,0.001,0.3,0.05,,0.0,1000,1,64,0,4.2,[0.6276],[None],2011
452,False,False,64,"(0.6, 0.1, 0.3)",64,4,0,20,1e-05,0.0001,100,0.01,3.0,0.1,0.01,0.01,0.001,0.3,0.05,,0.0,1000,1,64,0,4.19,[0.5843],[None],2012
453,False,False,64,"(0.6, 0.1, 0.3)",64,4,0,20,1e-05,0.0001,100,0.01,3.0,0.1,0.01,0.01,0.001,0.3,0.05,,0.0,1000,2,128,0,8.6,"[0.673, 0.6719]","[None, None]",2013
454,False,False,64,"(0.6, 0.1, 0.3)",64,4,0,20,1e-05,0.0001,100,0.01,3.0,0.1,0.01,0.01,0.001,0.3,0.05,,0.0,1000,1,64,0,4.18,[0.6632],[None],2014
455,False,False,64,"(0.6, 0.1, 0.3)",64,4,0,20,1e-05,0.0001,100,0.01,3.0,0.1,0.01,0.01,0.001,0.3,0.05,,0.0,1000,3,192,0,13.06,"[0.6599, 0.6358, 0.6169]","[None, None, None]",2015
456,False,False,64,"(0.6, 0.1, 0.3)",64,4,0,20,1e-05,0.0001,100,0.01,3.0,0.1,0.01,0.01,0.001,0.3,0.05,,0.0,1000,2,128,1,8.34,"[0.574, 0.5462]","[None, None]",2016
457,False,False,64,"(0.6, 0.1, 0.3)",64,4,0,20,1e-05,0.0001,100,0.01,3.0,0.1,0.01,0.01,0.001,0.3,0.05,,0.0,1000,1,64,0,4.08,[0.7066],[None],2017
458,False,False,64,"(0.6, 0.1, 0.3)",64,4,0,20,1e-05,0.0001,100,0.01,3.0,0.1,0.01,0.01,0.001,0.3,0.05,,0.0,1000,1,64,0,4.05,[0.5859],[None],2018
459,False,False,64,"(0.6, 0.1, 0.3)",64,4,0,20,1e-05,0.0001,100,0.01,3.0,0.1,0.01,0.01,0.001,0.3,0.05,,0.0,1000,1,64,0,4.05,[0.62],[None],2019
460,False,False,64,"(0.6, 0.1, 0.3)",64,4,0,20,1e-05,0.0001,100,0.01,3.0,0.1,0.01,0.01,0.001,0.3,0.1,,0.0,1000,1,64,1,4.11,[0.688],[None],2000
461,False,False,64,"(0.6, 0.1, 0.3)",64,4,0,20,1e-05,0.0001,100,0.01,3.0,0.1,0.01,0.01,0.001,0.3,0.1,,0.0,1000,1,64,0,4.2,[0.5186],[None],2001
462,False,False,64,"(0.6, 0.1, 0.3)",64,4,0,20,1e-05,0.0001,100,0.01,3.0,0.1,0.01,0.01,0.001,0.3,0.1,,0.0,1000,1,64,1,4.19,[0.6809],[None],2002
463,False,False,64,"(0.6, 0.1, 0.3)",64,4,0,20,1e-05,0.0001,100,0.01,3.0,0.1,0.01,0.01,0.001,0.3,0.1,,0.0,1000,2,128,1,8.62,"[0.6338, 0.6064]","[None, None]",2003
464,False,False,64,"(0.6, 0.1, 0.3)",64,4,0,20,1e-05,0.0001,100,0.01,3.0,0.1,0.01,0.01,0.001,0.3,0.1,,0.0,1000,1,64,0,4.27,[0.6843],[None],2004
465,False,False,64,"(0.6, 0.1, 0.3)",64,4,0,20,1e-05,0.0001,100,0.01,3.0,0.1,0.01,0.01,0.001,0.3,0.1,,0.0,1000,1,64,0,4.19,[0.6287],[None],2005
466,False,False,64,"(0.6, 0.1, 0.3)",64,4,0,20,1e-05,0.0001,100,0.01,3.0,0.1,0.01,0.01,0.001,0.3,0.1,,0.0,1000,1,64,0,4.19,[0.6365],[None],2006
467,False,False,64,"(0.6, 0.1, 0.3)",64,4,0,20,1e-05,0.0001,100,0.01,3.0,0.1,0.01,0.01,0.001,0.3,0.1,,0.0,1000,2,128,0,8.62,"[0.5942, 0.613]","[None, None]",2007
468,False,False,64,"(0.6, 0.1, 0.3)",64,4,0,20,1e-05,0.0001,100,0.01,3.0,0.1,0.01,0.01,0.001,0.3,0.1,,0.0,1000,1,64,1,4.21,[0.4199],[None],2008
469,False,False,64,"(0.6, 0.1, 0.3)",64,4,0,20,1e-05,0.0001,100,0.01,3.0,0.1,0.01,0.01,0.001,0.3,0.1,,0.0,1000,1,64,0,4.14,[0.6297],[None],2009
470,False,False,64,"(0.6, 0.1, 0.3)",64,4,0,20,1e-05,0.0001,100,0.01,3.0,0.1,0.01,0.01,0.001,0.3,0.1,,0.0,1000,1,64,0,4.06,[0.6362],[None],2010
471,False,False,64,"(0.6, 0.1, 0.3)",64,4,0,20,1e-05,0.0001,100,0.01,3.0,0.1,0.01,0.01,0.001,0.3,0.1,,0.0,1000,1,64,0,4.05,[0.6259],[None],2011
472,False,False,64,"(0.6, 0.1, 0.3)",64,4,0,20,1e-05,0.0001,100,0.01,3.0,0.1,0.01,0.01,0.001,0.3,0.1,,0.0,1000,1,64,0,4.04,[0.5738],[None],2012
473,False,False,64,"(0.6, 0.1, 0.3)",64,4,0,20,1e-05,0.0001,100,0.01,3.0,0.1,0.01,0.01,0.001,0.3,0.1,,0.0,1000,2,128,0,8.33,"[0.6716, 0.6545]","[None, None]",2013
474,False,False,64,"(0.6, 0.1, 0.3)",64,4,0,20,1e-05,0.0001,100,0.01,3.0,0.1,0.01,0.01,0.001,0.3,0.1,,0.0,1000,1,64,0,4.06,[0.6568],[None],2014
475,False,False,64,"(0.6, 0.1, 0.3)",64,4,0,20,1e-05,0.0001,100,0.01,3.0,0.1,0.01,0.01,0.001,0.3,0.1,,0.0,1000,3,192,0,12.8,"[0.662, 0.6544, 0.6807]","[None, None, None]",2015
476,False,False,64,"(0.6, 0.1, 0.3)",64,4,0,20,1e-05,0.0001,100,0.01,3.0,0.1,0.01,0.01,0.001,0.3,0.1,,0.0,1000,2,128,1,8.33,"[0.5613, 0.4816]","[None, None]",2016
477,False,False,64,"(0.6, 0.1, 0.3)",64,4,0,20,1e-05,0.0001,100,0.01,3.0,0.1,0.01,0.01,0.001,0.3,0.1,,0.0,1000,1,64,0,4.05,[0.6945],[None],2017
478,False,False,64,"(0.6, 0.1, 0.3)",64,4,0,20,1e-05,0.0001,100,0.01,3.0,0.1,0.01,0.01,0.001,0.3,0.1,,0.0,1000,1,64,0,4.04,[0.577],[None],2018
479,False,False,64,"(0.6, 0.1, 0.3)",64,4,0,20,1e-05,0.0001,100,0.01,3.0,0.1,0.01,0.01,0.001,0.3,0.1,,0.0,1000,1,64,0,4.05,[0.6146],[None],2019
480,False,False,64,"(0.6, 0.1, 0.3)",64,4,0,20,1e-05,0.0001,100,0.01,3.0,0.2,0.01,0.001,0.001,0.3,0.05,,0.0,1000,1,64,1,4.06,[0.7018],[None],2000
481,False,False,64,"(0.6, 0.1, 0.3)",64,4,0,20,1e-05,0.0001,100,0.01,3.0,0.2,0.01,0.001,0.001,0.3,0.05,,0.0,1000,1,64,0,4.04,[0.5105],[None],2001
482,False,False,64,"(0.6, 0.1, 0.3)",64,4,0,20,1e-05,0.0001,100,0.01,3.0,0.2,0.01,0.001,0.001,0.3,0.05,,0.0,1000,1,64,1,4.04,[0.6744],[None],2002
483,False,False,64,"(0.6, 0.1, 0.3)",64,4,0,20,1e-05,0.0001,100,0.01,3.0,0.2,0.01,0.001,0.001,0.3,0.05,,0.0,1000,2,128,1,8.36,"[0.6464, 0.6296]","[None, None]",2003
484,False,False,64,"(0.6, 0.1, 0.3)",64,4,0,20,1e-05,0.0001,100,0.01,3.0,0.2,0.01,0.001,0.001,0.3,0.05,,0.0,1000,1,64,0,4.06,[0.6859],[None],2004
485,False,False,64,"(0.6, 0.1, 0.3)",64,4,0,20,1e-05,0.0001,100,0.01,3.0,0.2,0.01,0.001,0.001,0.3,0.05,,0.0,1000,1,64,0,4.04,[0.6334],[None],2005
486,False,False,64,"(0.6, 0.1, 0.3)",64,4,0,20,1e-05,0.0001,100,0.01,3.0,0.2,0.01,0.001,0.001,0.3,0.05,,0.0,1000,1,64,0,4.05,[0.6494],[None],2006
487,False,False,64,"(0.6, 0.1, 0.3)",64,4,0,20,1e-05,0.0001,100,0.01,3.0,0.2,0.01,0.001,0.001,0.3,0.05,,0.0,1000,3,192,1,12.85,"[0.586, 0.5704, 0.5103]","[None, None, None]",2007
488,False,False,64,"(0.6, 0.1, 0.3)",64,4,0,20,1e-05,0.0001,100,0.01,3.0,0.2,0.01,0.001,0.001,0.3,0.05,,0.0,1000,1,64,1,4.03,[0.4252],[None],2008
489,False,False,64,"(0.6, 0.1, 0.3)",64,4,0,20,1e-05,0.0001,100,0.01,3.0,0.2,0.01,0.001,0.001,0.3,0.05,,0.0,1000,1,64,0,4.04,[0.6235],[None],2009
490,False,False,64,"(0.6, 0.1, 0.3)",64,4,0,20,1e-05,0.0001,100,0.01,3.0,0.2,0.01,0.001,0.001,0.3,0.05,,0.0,1000,1,64,0,4.04,[0.6523],[None],2010
491,False,False,64,"(0.6, 0.1, 0.3)",64,4,0,20,1e-05,0.0001,100,0.01,3.0,0.2,0.01,0.001,0.001,0.3,0.05,,0.0,1000,1,64,0,4.04,[0.621],[None],2011
492,False,False,64,"(0.6, 0.1, 0.3)",64,4,0,20,1e-05,0.0001,100,0.01,3.0,0.2,0.01,0.001,0.001,0.3,0.05,,0.0,1000,1,64,0,4.08,[0.578],[None],2012
493,False,False,64,"(0.6, 0.1, 0.3)",64,4,0,20,1e-05,0.0001,100,0.01,3.0,0.2,0.01,0.001,0.001,0.3,0.05,,0.0,1000,2,128,0,8.33,"[0.6694, 0.6373]","[None, None]",2013
494,False,False,64,"(0.6, 0.1, 0.3)",64,4,0,20,1e-05,0.0001,100,0.01,3.0,0.2,0.01,0.001,0.001,0.3,0.05,,0.0,1000,1,64,0,4.04,[0.6547],[None],2014
495,False,False,64,"(0.6, 0.1, 0.3)",64,4,0,20,1e-05,0.0001,100,0.01,3.0,0.2,0.01,0.001,0.001,0.3,0.05,,0.0,1000,3,192,0,12.77,"[0.6571, 0.6275, 0.6874]","[None, None, None]",2015
496,False,False,64,"(0.6, 0.1, 0.3)",64,4,0,20,1e-05,0.0001,100,0.01,3.0,0.2,0.01,0.001,0.001,0.3,0.05,,0.0,1000,2,128,1,8.35,"[0.5608, 0.5228]","[None, None]",2016
497,False,False,64,"(0.6, 0.1, 0.3)",64,4,0,20,1e-05,0.0001,100,0.01,3.0,0.2,0.01,0.001,0.001,0.3,0.05,,0.0,1000,1,64,0,4.2,[0.7089],[None],2017
498,False,False,64,"(0.6, 0.1, 0.3)",64,4,0,20,1e-05,0.0001,100,0.01,3.0,0.2,0.01,0.001,0.001,0.3,0.05,,0.0,1000,2,128,1,8.63,"[0.5776, 0.6082]","[None, None]",2018
499,False,False,64,"(0.6, 0.1, 0.3)",64,4,0,20,1e-05,0.0001,100,0.01,3.0,0.2,0.01,0.001,0.001,0.3,0.05,,0.0,1000,1,64,0,4.18,[0.6227],[None],2019
500,False,False,64,"(0.6, 0.1, 0.3)",64,4,0,20,1e-05,0.0001,100,0.01,3.0,0.2,0.01,0.001,0.001,0.3,0.1,,0.0,1000,1,64,1,4.06,[0.6881],[None],2000
501,False,False,64,"(0.6, 0.1, 0.3)",64,4,0,20,1e-05,0.0001,100,0.01,3.0,0.2,0.01,0.001,0.001,0.3,0.1,,0.0,1000,1,64,0,4.06,[0.4993],[None],2001
502,False,False,64,"(0.6, 0.1, 0.3)",64,4,0,20,1e-05,0.0001,100,0.01,3.0,0.2,0.01,0.001,0.001,0.3,0.1,,0.0,1000,1,64,1,4.19,[0.6727],[None],2002
503,False,False,64,"(0.6, 0.1, 0.3)",64,4,0,20,1e-05,0.0001,100,0.01,3.0,0.2,0.01,0.001,0.001,0.3,0.1,,0.0,1000,2,128,1,8.63,"[0.6287, 0.6451]","[None, None]",2003
504,False,False,64,"(0.6, 0.1, 0.3)",64,4,0,20,1e-05,0.0001,100,0.01,3.0,0.2,0.01,0.001,0.001,0.3,0.1,,0.0,1000,1,64,0,4.2,[0.6767],[None],2004
505,False,False,64,"(0.6, 0.1, 0.3)",64,4,0,20,1e-05,0.0001,100,0.01,3.0,0.2,0.01,0.001,0.001,0.3,0.1,,0.0,1000,1,64,0,4.23,[0.6199],[None],2005
506,False,False,64,"(0.6, 0.1, 0.3)",64,4,0,20,1e-05,0.0001,100,0.01,3.0,0.2,0.01,0.001,0.001,0.3,0.1,,0.0,1000,1,64,0,4.18,[0.6345],[None],2006
507,False,False,64,"(0.6, 0.1, 0.3)",64,4,0,20,1e-05,0.0001,100,0.01,3.0,0.2,0.01,0.001,0.001,0.3,0.1,,0.0,1000,4,256,0,17.68,"[0.5894, 0.5266, 0.5168, 0.4974]","[None, None, None, None]",2007
508,False,False,64,"(0.6, 0.1, 0.3)",64,4,0,20,1e-05,0.0001,100,0.01,3.0,0.2,0.01,0.001,0.001,0.3,0.1,,0.0,1000,1,64,1,4.06,[0.405],[None],2008
509,False,False,64,"(0.6, 0.1, 0.3)",64,4,0,20,1e-05,0.0001,100,0.01,3.0,0.2,0.01,0.001,0.001,0.3,0.1,,0.0,1000,1,64,0,4.04,[0.622],[None],2009
510,False,False,64,"(0.6, 0.1, 0.3)",64,4,0,20,1e-05,0.0001,100,0.01,3.0,0.2,0.01,0.001,0.001,0.3,0.1,,0.0,1000,1,64,0,4.1,[0.6305],[None],2010
511,False,False,64,"(0.6, 0.1, 0.3)",64,4,0,20,1e-05,0.0001,100,0.01,3.0,0.2,0.01,0.001,0.001,0.3,0.1,,0.0,1000,1,64,0,4.04,[0.6168],[None],2011
512,False,False,64,"(0.6, 0.1, 0.3)",64,4,0,20,1e-05,0.0001,100,0.01,3.0,0.2,0.01,0.001,0.001,0.3,0.1,,0.0,1000,1,64,0,4.04,[0.5602],[None],2012
513,False,False,64,"(0.6, 0.1, 0.3)",64,4,0,20,1e-05,0.0001,100,0.01,3.0,0.2,0.01,0.001,0.001,0.3,0.1,,0.0,1000,2,128,0,8.35,"[0.6653, 0.6574]","[None, None]",2013
514,False,False,64,"(0.6, 0.1, 0.3)",64,4,0,20,1e-05,0.0001,100,0.01,3.0,0.2,0.01,0.001,0.001,0.3,0.1,,0.0,1000,1,64,0,4.04,[0.6474],[None],2014
515,False,False,64,"(0.6, 0.1, 0.3)",64,4,0,20,1e-05,0.0001,100,0.01,3.0,0.2,0.01,0.001,0.001,0.3,0.1,,0.0,1000,3,192,0,12.77,"[0.6608, 0.6526, 0.6522]","[None, None, None]",2015
516,False,False,64,"(0.6, 0.1, 0.3)",64,4,0,20,1e-05,0.0001,100,0.01,3.0,0.2,0.01,0.001,0.001,0.3,0.1,,0.0,1000,2,128,0,8.37,"[0.5434, 0.4322]","[None, None]",2016
517,False,False,64,"(0.6, 0.1, 0.3)",64,4,0,20,1e-05,0.0001,100,0.01,3.0,0.2,0.01,0.001,0.001,0.3,0.1,,0.0,1000,1,64,0,4.11,[0.6944],[None],2017
518,False,False,64,"(0.6, 0.1, 0.3)",64,4,0,20,1e-05,0.0001,100,0.01,3.0,0.2,0.01,0.001,0.001,0.3,0.1,,0.0,1000,2,128,1,8.39,"[0.5674, 0.5682]","[None, None]",2018
519,False,False,64,"(0.6, 0.1, 0.3)",64,4,0,20,1e-05,0.0001,100,0.01,3.0,0.2,0.01,0.001,0.001,0.3,0.1,,0.0,1000,1,64,0,4.05,[0.6196],[None],2019
520,False,False,64,"(0.6, 0.1, 0.3)",64,4,0,20,1e-05,0.0001,100,0.01,3.0,0.2,0.01,0.01,0.001,0.3,0.05,,0.0,1000,1,64,1,4.18,[0.7034],[None],2000
521,False,False,64,"(0.6, 0.1, 0.3)",64,4,0,20,1e-05,0.0001,100,0.01,3.0,0.2,0.01,0.01,0.001,0.3,0.05,,0.0,1000,1,64,0,4.19,[0.5114],[None],2001
522,False,False,64,"(0.6, 0.1, 0.3)",64,4,0,20,1e-05,0.0001,100,0.01,3.0,0.2,0.01,0.01,0.001,0.3,0.05,,0.0,1000,1,64,1,4.18,[0.674],[None],2002
523,False,False,64,"(0.6, 0.1, 0.3)",64,4,0,20,1e-05,0.0001,100,0.01,3.0,0.2,0.01,0.01,0.001,0.3,0.05,,0.0,1000,2,128,1,8.64,"[0.6454, 0.6307]","[None, None]",2003
524,False,False,64,"(0.6, 0.1, 0.3)",64,4,0,20,1e-05,0.0001,100,0.01,3.0,0.2,0.01,0.01,0.001,0.3,0.05,,0.0,1000,1,64,0,4.18,[0.6851],[None],2004
525,False,False,64,"(0.6, 0.1, 0.3)",64,4,0,20,1e-05,0.0001,100,0.01,3.0,0.2,0.01,0.01,0.001,0.3,0.05,,0.0,1000,2,128,1,8.62,"[0.6337, 0.607]","[None, None]",2005
526,False,False,64,"(0.6, 0.1, 0.3)",64,4,0,20,1e-05,0.0001,100,0.01,3.0,0.2,0.01,0.01,0.001,0.3,0.05,,0.0,1000,1,64,0,4.18,[0.6491],[None],2006
527,False,False,64,"(0.6, 0.1, 0.3)",64,4,0,20,1e-05,0.0001,100,0.01,3.0,0.2,0.01,0.01,0.001,0.3,0.05,,0.0,1000,3,192,1,13.04,"[0.587, 0.5495, 0.5084]","[None, None, None]",2007
528,False,False,64,"(0.6, 0.1, 0.3)",64,4,0,20,1e-05,0.0001,100,0.01,3.0,0.2,0.01,0.01,0.001,0.3,0.05,,0.0,1000,1,64,1,4.04,[0.4239],[None],2008
529,False,False,64,"(0.6, 0.1, 0.3)",64,4,0,20,1e-05,0.0001,100,0.01,3.0,0.2,0.01,0.01,0.001,0.3,0.05,,0.0,1000,1,64,0,4.04,[0.6241],[None],2009
530,False,False,64,"(0.6, 0.1, 0.3)",64,4,0,20,1e-05,0.0001,100,0.01,3.0,0.2,0.01,0.01,0.001,0.3,0.05,,0.0,1000,1,64,0,4.08,[0.6502],[None],2010
531,False,False,64,"(0.6, 0.1, 0.3)",64,4,0,20,1e-05,0.0001,100,0.01,3.0,0.2,0.01,0.01,0.001,0.3,0.05,,0.0,1000,1,64,0,4.12,[0.6205],[None],2011
532,False,False,64,"(0.6, 0.1, 0.3)",64,4,0,20,1e-05,0.0001,100,0.01,3.0,0.2,0.01,0.01,0.001,0.3,0.05,,0.0,1000,1,64,0,4.14,[0.5777],[None],2012
533,False,False,64,"(0.6, 0.1, 0.3)",64,4,0,20,1e-05,0.0001,100,0.01,3.0,0.2,0.01,0.01,0.001,0.3,0.05,,0.0,1000,3,192,0,12.86,"[0.6686, 0.6451, 0.6409]","[None, None, None]",2013
534,False,False,64,"(0.6, 0.1, 0.3)",64,4,0,20,1e-05,0.0001,100,0.01,3.0,0.2,0.01,0.01,0.001,0.3,0.05,,0.0,1000,1,64,0,4.07,[0.6545],[None],2014
535,False,False,64,"(0.6, 0.1, 0.3)",64,4,0,20,1e-05,0.0001,100,0.01,3.0,0.2,0.01,0.01,0.001,0.3,0.05,,0.0,1000,4,256,0,17.57,"[0.6587, 0.6521, 0.6379, 0.6467]","[None, None, None, None]",2015
536,False,False,64,"(0.6, 0.1, 0.3)",64,4,0,20,1e-05,0.0001,100,0.01,3.0,0.2,0.01,0.01,0.001,0.3,0.05,,0.0,1000,2,128,1,8.4,"[0.5559, 0.4895]","[None, None]",2016
537,False,False,64,"(0.6, 0.1, 0.3)",64,4,0,20,1e-05,0.0001,100,0.01,3.0,0.2,0.01,0.01,0.001,0.3,0.05,,0.0,1000,1,64,0,4.05,[0.7104],[None],2017
538,False,False,64,"(0.6, 0.1, 0.3)",64,4,0,20,1e-05,0.0001,100,0.01,3.0,0.2,0.01,0.01,0.001,0.3,0.05,,0.0,1000,2,128,1,8.39,"[0.5801, 0.58]","[None, None]",2018
539,False,False,64,"(0.6, 0.1, 0.3)",64,4,0,20,1e-05,0.0001,100,0.01,3.0,0.2,0.01,0.01,0.001,0.3,0.05,,0.0,1000,1,64,0,4.19,[0.622],[None],2019
540,False,False,64,"(0.6, 0.1, 0.3)",64,4,0,20,1e-05,0.0001,100,0.01,3.0,0.2,0.01,0.01,0.001,0.3,0.1,,0.0,1000,1,64,1,4.21,[0.6877],[None],2000
541,False,False,64,"(0.6, 0.1, 0.3)",64,4,0,20,1e-05,0.0001,100,0.01,3.0,0.2,0.01,0.01,0.001,0.3,0.1,,0.0,1000,1,64,0,4.2,[0.5006],[None],2001
542,False,False,64,"(0.6, 0.1, 0.3)",64,4,0,20,1e-05,0.0001,100,0.01,3.0,0.2,0.01,0.01,0.001,0.3,0.1,,0.0,1000,1,64,1,4.08,[0.6738],[None],2002
543,False,False,64,"(0.6, 0.1, 0.3)",64,4,0,20,1e-05,0.0001,100,0.01,3.0,0.2,0.01,0.01,0.001,0.3,0.1,,0.0,1000,2,128,1,8.4,"[0.628, 0.6137]","[None, None]",2003
544,False,False,64,"(0.6, 0.1, 0.3)",64,4,0,20,1e-05,0.0001,100,0.01,3.0,0.2,0.01,0.01,0.001,0.3,0.1,,0.0,1000,1,64,0,4.06,[0.6746],[None],2004
545,False,False,64,"(0.6, 0.1, 0.3)",64,4,0,20,1e-05,0.0001,100,0.01,3.0,0.2,0.01,0.01,0.001,0.3,0.1,,0.0,1000,1,64,0,4.05,[0.6198],[None],2005
546,False,False,64,"(0.6, 0.1, 0.3)",64,4,0,20,1e-05,0.0001,100,0.01,3.0,0.2,0.01,0.01,0.001,0.3,0.1,,0.0,1000,1,64,0,4.05,[0.6344],[None],2006
547,False,False,64,"(0.6, 0.1, 0.3)",64,4,0,20,1e-05,0.0001,100,0.01,3.0,0.2,0.01,0.01,0.001,0.3,0.1,,0.0,1000,4,256,0,17.74,"[0.5911, 0.5326, 0.525, 0.4892]","[None, None, None, None]",2007
548,False,False,64,"(0.6, 0.1, 0.3)",64,4,0,20,1e-05,0.0001,100,0.01,3.0,0.2,0.01,0.01,0.001,0.3,0.1,,0.0,1000,1,64,1,4.05,[0.398],[None],2008
549,False,False,64,"(0.6, 0.1, 0.3)",64,4,0,20,1e-05,0.0001,100,0.01,3.0,0.2,0.01,0.01,0.001,0.3,0.1,,0.0,1000,1,64,0,4.05,[0.6225],[None],2009
550,False,False,64,"(0.6, 0.1, 0.3)",64,4,0,20,1e-05,0.0001,100,0.01,3.0,0.2,0.01,0.01,0.001,0.3,0.1,,0.0,1000,1,64,0,4.05,[0.6289],[None],2010
551,False,False,64,"(0.6, 0.1, 0.3)",64,4,0,20,1e-05,0.0001,100,0.01,3.0,0.2,0.01,0.01,0.001,0.3,0.1,,0.0,1000,1,64,0,4.13,[0.6193],[None],2011
552,False,False,64,"(0.6, 0.1, 0.3)",64,4,0,20,1e-05,0.0001,100,0.01,3.0,0.2,0.01,0.01,0.001,0.3,0.1,,0.0,1000,1,64,0,4.18,[0.5635],[None],2012
553,False,False,64,"(0.6, 0.1, 0.3)",64,4,0,20,1e-05,0.0001,100,0.01,3.0,0.2,0.01,0.01,0.001,0.3,0.1,,0.0,1000,2,128,0,8.36,"[0.6643, 0.6593]","[None, None]",2013
554,False,False,64,"(0.6, 0.1, 0.3)",64,4,0,20,1e-05,0.0001,100,0.01,3.0,0.2,0.01,0.01,0.001,0.3,0.1,,0.0,1000,1,64,0,4.11,[0.6484],[None],2014
555,False,False,64,"(0.6, 0.1, 0.3)",64,4,0,20,1e-05,0.0001,100,0.01,3.0,0.2,0.01,0.01,0.001,0.3,0.1,,0.0,1000,3,192,0,12.86,"[0.6618, 0.651, 0.656]","[None, None, None]",2015
556,False,False,64,"(0.6, 0.1, 0.3)",64,4,0,20,1e-05,0.0001,100,0.01,3.0,0.2,0.01,0.01,0.001,0.3,0.1,,0.0,1000,2,128,0,8.4,"[0.5393, 0.4496]","[None, None]",2016
557,False,False,64,"(0.6, 0.1, 0.3)",64,4,0,20,1e-05,0.0001,100,0.01,3.0,0.2,0.01,0.01,0.001,0.3,0.1,,0.0,1000,1,64,0,4.06,[0.693],[None],2017
558,False,False,64,"(0.6, 0.1, 0.3)",64,4,0,20,1e-05,0.0001,100,0.01,3.0,0.2,0.01,0.01,0.001,0.3,0.1,,0.0,1000,2,128,0,8.33,"[0.5696, 0.5931]","[None, None]",2018
559,False,False,64,"(0.6, 0.1, 0.3)",64,4,0,20,1e-05,0.0001,100,0.01,3.0,0.2,0.01,0.01,0.001,0.3,0.1,,0.0,1000,1,64,0,4.04,[0.6188],[None],2019
560,False,False,64,"(0.6, 0.1, 0.3)",64,4,0,20,1e-05,0.0001,100,0.01,3.0,0.3,0.01,0.001,0.001,0.3,0.05,,0.0,1000,1,64,0,4.04,[0.7034],[None],2000
561,False,False,64,"(0.6, 0.1, 0.3)",64,4,0,20,1e-05,0.0001,100,0.01,3.0,0.3,0.01,0.001,0.001,0.3,0.05,,0.0,1000,1,64,0,4.04,[0.5014],[None],2001
562,False,False,64,"(0.6, 0.1, 0.3)",64,4,0,20,1e-05,0.0001,100,0.01,3.0,0.3,0.01,0.001,0.001,0.3,0.05,,0.0,1000,1,64,1,4.04,[0.6671],[None],2002
563,False,False,64,"(0.6, 0.1, 0.3)",64,4,0,20,1e-05,0.0001,100,0.01,3.0,0.3,0.01,0.001,0.001,0.3,0.05,,0.0,1000,2,128,1,8.62,"[0.6496, 0.6156]","[None, None]",2003
564,False,False,64,"(0.6, 0.1, 0.3)",64,4,0,20,1e-05,0.0001,100,0.01,3.0,0.3,0.01,0.001,0.001,0.3,0.05,,0.0,1000,1,64,0,4.2,[0.6826],[None],2004
565,False,False,64,"(0.6, 0.1, 0.3)",64,4,0,20,1e-05,0.0001,100,0.01,3.0,0.3,0.01,0.001,0.001,0.3,0.05,,0.0,1000,2,128,1,8.65,"[0.6312, 0.6002]","[None, None]",2005
566,False,False,64,"(0.6, 0.1, 0.3)",64,4,0,20,1e-05,0.0001,100,0.01,3.0,0.3,0.01,0.001,0.001,0.3,0.05,,0.0,1000,1,64,0,4.19,[0.65],[None],2006
567,False,False,64,"(0.6, 0.1, 0.3)",64,4,0,20,1e-05,0.0001,100,0.01,3.0,0.3,0.01,0.001,0.001,0.3,0.05,,0.0,1000,3,192,0,12.96,"[0.5797, 0.5351, 0.4808]","[None, None, None]",2007
568,False,False,64,"(0.6, 0.1, 0.3)",64,4,0,20,1e-05,0.0001,100,0.01,3.0,0.3,0.01,0.001,0.001,0.3,0.05,,0.0,1000,1,64,1,4.05,[0.4201],[None],2008
569,False,False,64,"(0.6, 0.1, 0.3)",64,4,0,20,1e-05,0.0001,100,0.01,3.0,0.3,0.01,0.001,0.001,0.3,0.05,,0.0,1000,1,64,0,4.05,[0.6176],[None],2009
570,False,False,64,"(0.6, 0.1, 0.3)",64,4,0,20,1e-05,0.0001,100,0.01,3.0,0.3,0.01,0.001,0.001,0.3,0.05,,0.0,1000,1,64,0,4.05,[0.6504],[None],2010
571,False,False,64,"(0.6, 0.1, 0.3)",64,4,0,20,1e-05,0.0001,100,0.01,3.0,0.3,0.01,0.001,0.001,0.3,0.05,,0.0,1000,1,64,0,4.07,[0.6157],[None],2011
572,False,False,64,"(0.6, 0.1, 0.3)",64,4,0,20,1e-05,0.0001,100,0.01,3.0,0.3,0.01,0.001,0.001,0.3,0.05,,0.0,1000,1,64,0,4.05,[0.5778],[None],2012
573,False,False,64,"(0.6, 0.1, 0.3)",64,4,0,20,1e-05,0.0001,100,0.01,3.0,0.3,0.01,0.001,0.001,0.3,0.05,,0.0,1000,2,128,0,8.36,"[0.6667, 0.6852]","[None, None]",2013
574,False,False,64,"(0.6, 0.1, 0.3)",64,4,0,20,1e-05,0.0001,100,0.01,3.0,0.3,0.01,0.001,0.001,0.3,0.05,,0.0,1000,1,64,0,4.05,[0.6538],[None],2014
575,False,False,64,"(0.6, 0.1, 0.3)",64,4,0,20,1e-05,0.0001,100,0.01,3.0,0.3,0.01,0.001,0.001,0.3,0.05,,0.0,1000,3,192,0,12.94,"[0.6559, 0.6551, 0.6425]","[None, None, None]",2015
576,False,False,64,"(0.6, 0.1, 0.3)",64,4,0,20,1e-05,0.0001,100,0.01,3.0,0.3,0.01,0.001,0.001,0.3,0.05,,0.0,1000,2,128,1,8.42,"[0.5461, 0.51]","[None, None]",2016
577,False,False,64,"(0.6, 0.1, 0.3)",64,4,0,20,1e-05,0.0001,100,0.01,3.0,0.3,0.01,0.001,0.001,0.3,0.05,,0.0,1000,1,64,0,4.19,[0.7078],[None],2017
578,False,False,64,"(0.6, 0.1, 0.3)",64,4,0,20,1e-05,0.0001,100,0.01,3.0,0.3,0.01,0.001,0.001,0.3,0.05,,0.0,1000,2,128,0,8.64,"[0.5723, 0.594]","[None, None]",2018
579,False,False,64,"(0.6, 0.1, 0.3)",64,4,0,20,1e-05,0.0001,100,0.01,3.0,0.3,0.01,0.001,0.001,0.3,0.05,,0.0,1000,1,64,0,4.07,[0.6216],[None],2019
580,False,False,64,"(0.6, 0.1, 0.3)",64,4,0,20,1e-05,0.0001,100,0.01,3.0,0.3,0.01,0.001,0.001,0.3,0.1,,0.0,1000,1,64,0,4.07,[0.6856],[None],2000
581,False,False,64,"(0.6, 0.1, 0.3)",64,4,0,20,1e-05,0.0001,100,0.01,3.0,0.3,0.01,0.001,0.001,0.3,0.1,,0.0,1000,1,64,0,4.04,[0.4874],[None],2001
582,False,False,64,"(0.6, 0.1, 0.3)",64,4,0,20,1e-05,0.0001,100,0.01,3.0,0.3,0.01,0.001,0.001,0.3,0.1,,0.0,1000,1,64,1,4.04,[0.666],[None],2002
583,False,False,64,"(0.6, 0.1, 0.3)",64,4,0,20,1e-05,0.0001,100,0.01,3.0,0.3,0.01,0.001,0.001,0.3,0.1,,0.0,1000,2,128,1,8.32,"[0.6279, 0.6279]","[None, None]",2003
584,False,False,64,"(0.6, 0.1, 0.3)",64,4,0,20,1e-05,0.0001,100,0.01,3.0,0.3,0.01,0.001,0.001,0.3,0.1,,0.0,1000,1,64,0,4.12,[0.6685],[None],2004
585,False,False,64,"(0.6, 0.1, 0.3)",64,4,0,20,1e-05,0.0001,100,0.01,3.0,0.3,0.01,0.001,0.001,0.3,0.1,,0.0,1000,2,128,0,8.32,"[0.6157, 0.5765]","[None, None]",2005
586,False,False,64,"(0.6, 0.1, 0.3)",64,4,0,20,1e-05,0.0001,100,0.01,3.0,0.3,0.01,0.001,0.001,0.3,0.1,,0.0,1000,1,64,0,4.04,[0.6284],[None],2006
587,False,False,64,"(0.6, 0.1, 0.3)",64,4,0,20,1e-05,0.0001,100,0.01,3.0,0.3,0.01,0.001,0.001,0.3,0.1,,0.0,1000,5,320,0,22.43,"[0.5858, 0.5215, 0.435, 0.4421, 0.4812]","[None, None, None, None, None]",2007
588,False,False,64,"(0.6, 0.1, 0.3)",64,4,0,20,1e-05,0.0001,100,0.01,3.0,0.3,0.01,0.001,0.001,0.3,0.1,,0.0,1000,1,64,1,4.06,[0.3922],[None],2008
589,False,False,64,"(0.6, 0.1, 0.3)",64,4,0,20,1e-05,0.0001,100,0.01,3.0,0.3,0.01,0.001,0.001,0.3,0.1,,0.0,1000,1,64,0,4.05,[0.6159],[None],2009
590,False,False,64,"(0.6, 0.1, 0.3)",64,4,0,20,1e-05,0.0001,100,0.01,3.0,0.3,0.01,0.001,0.001,0.3,0.1,,0.0,1000,1,64,0,4.07,[0.6257],[None],2010
591,False,False,64,"(0.6, 0.1, 0.3)",64,4,0,20,1e-05,0.0001,100,0.01,3.0,0.3,0.01,0.001,0.001,0.3,0.1,,0.0,1000,1,64,0,4.06,[0.6104],[None],2011
592,False,False,64,"(0.6, 0.1, 0.3)",64,4,0,20,1e-05,0.0001,100,0.01,3.0,0.3,0.01,0.001,0.001,0.3,0.1,,0.0,1000,1,64,0,4.06,[0.5516],[None],2012
593,False,False,64,"(0.6, 0.1, 0.3)",64,4,0,20,1e-05,0.0001,100,0.01,3.0,0.3,0.01,0.001,0.001,0.3,0.1,,0.0,1000,2,128,0,8.38,"[0.6596, 0.6726]","[None, None]",2013
594,False,False,64,"(0.6, 0.1, 0.3)",64,4,0,20,1e-05,0.0001,100,0.01,3.0,0.3,0.01,0.001,0.001,0.3,0.1,,0.0,1000,1,64,0,4.06,[0.6425],[None],2014
595,False,False,64,"(0.6, 0.1, 0.3)",64,4,0,20,1e-05,0.0001,100,0.01,3.0,0.3,0.01,0.001,0.001,0.3,0.1,,0.0,1000,3,192,0,12.99,"[0.6605, 0.6444, 0.6554]","[None, None, None]",2015
596,False,False,64,"(0.6, 0.1, 0.3)",64,4,0,20,1e-05,0.0001,100,0.01,3.0,0.3,0.01,0.001,0.001,0.3,0.1,,0.0,1000,2,128,0,8.37,"[0.5281, 0.3731]","[None, None]",2016
597,False,False,64,"(0.6, 0.1, 0.3)",64,4,0,20,1e-05,0.0001,100,0.01,3.0,0.3,0.01,0.001,0.001,0.3,0.1,,0.0,1000,1,64,0,4.08,[0.6894],[None],2017
598,False,False,64,"(0.6, 0.1, 0.3)",64,4,0,20,1e-05,0.0001,100,0.01,3.0,0.3,0.01,0.001,0.001,0.3,0.1,,0.0,1000,2,128,0,8.44,"[0.5646, 0.5812]","[None, None]",2018
599,False,False,64,"(0.6, 0.1, 0.3)",64,4,0,20,1e-05,0.0001,100,0.01,3.0,0.3,0.01,0.001,0.001,0.3,0.1,,0.0,1000,1,64,0,4.05,[0.6193],[None],2019
600,False,False,64,"(0.6, 0.1, 0.3)",64,4,0,20,1e-05,0.0001,100,0.01,3.0,0.3,0.01,0.01,0.001,0.3,0.05,,0.0,1000,1,64,0,4.05,[0.704],[None],2000
601,False,False,64,"(0.6, 0.1, 0.3)",64,4,0,20,1e-05,0.0001,100,0.01,3.0,0.3,0.01,0.01,0.001,0.3,0.05,,0.0,1000,1,64,0,4.05,[0.5047],[None],2001
602,False,False,64,"(0.6, 0.1, 0.3)",64,4,0,20,1e-05,0.0001,100,0.01,3.0,0.3,0.01,0.01,0.001,0.3,0.05,,0.0,1000,1,64,1,4.05,[0.6664],[None],2002
603,False,False,64,"(0.6, 0.1, 0.3)",64,4,0,20,1e-05,0.0001,100,0.01,3.0,0.3,0.01,0.01,0.001,0.3,0.05,,0.0,1000,2,128,1,8.35,"[0.6493, 0.5968]","[None, None]",2003
604,False,False,64,"(0.6, 0.1, 0.3)",64,4,0,20,1e-05,0.0001,100,0.01,3.0,0.3,0.01,0.01,0.001,0.3,0.05,,0.0,1000,1,64,0,4.05,[0.6829],[None],2004
605,False,False,64,"(0.6, 0.1, 0.3)",64,4,0,20,1e-05,0.0001,100,0.01,3.0,0.3,0.01,0.01,0.001,0.3,0.05,,0.0,1000,2,128,1,8.39,"[0.6308, 0.5909]","[None, None]",2005
606,False,False,64,"(0.6, 0.1, 0.3)",64,4,0,20,1e-05,0.0001,100,0.01,3.0,0.3,0.01,0.01,0.001,0.3,0.05,,0.0,1000,1,64,0,4.05,[0.6496],[None],2006
607,False,False,64,"(0.6, 0.1, 0.3)",64,4,0,20,1e-05,0.0001,100,0.01,3.0,0.3,0.01,0.01,0.001,0.3,0.05,,0.0,1000,3,192,0,12.83,"[0.5797, 0.5267, 0.4663]","[None, None, None]",2007
608,False,False,64,"(0.6, 0.1, 0.3)",64,4,0,20,1e-05,0.0001,100,0.01,3.0,0.3,0.01,0.01,0.001,0.3,0.05,,0.0,1000,1,64,1,4.06,[0.4204],[None],2008
609,False,False,64,"(0.6, 0.1, 0.3)",64,4,0,20,1e-05,0.0001,100,0.01,3.0,0.3,0.01,0.01,0.001,0.3,0.05,,0.0,1000,1,64,0,4.06,[0.6182],[None],2009
610,False,False,64,"(0.6, 0.1, 0.3)",64,4,0,20,1e-05,0.0001,100,0.01,3.0,0.3,0.01,0.01,0.001,0.3,0.05,,0.0,1000,1,64,0,4.13,[0.6488],[None],2010
611,False,False,64,"(0.6, 0.1, 0.3)",64,4,0,20,1e-05,0.0001,100,0.01,3.0,0.3,0.01,0.01,0.001,0.3,0.05,,0.0,1000,1,64,0,4.2,[0.6181],[None],2011
612,False,False,64,"(0.6, 0.1, 0.3)",64,4,0,20,1e-05,0.0001,100,0.01,3.0,0.3,0.01,0.01,0.001,0.3,0.05,,0.0,1000,1,64,0,4.19,[0.5787],[None],2012
613,False,False,64,"(0.6, 0.1, 0.3)",64,4,0,20,1e-05,0.0001,100,0.01,3.0,0.3,0.01,0.01,0.001,0.3,0.05,,0.0,1000,2,128,0,8.54,"[0.666, 0.6502]","[None, None]",2013
614,False,False,64,"(0.6, 0.1, 0.3)",64,4,0,20,1e-05,0.0001,100,0.01,3.0,0.3,0.01,0.01,0.001,0.3,0.05,,0.0,1000,1,64,0,4.04,[0.6539],[None],2014
615,False,False,64,"(0.6, 0.1, 0.3)",64,4,0,20,1e-05,0.0001,100,0.01,3.0,0.3,0.01,0.01,0.001,0.3,0.05,,0.0,1000,3,192,0,12.86,"[0.6578, 0.6322, 0.6463]","[None, None, None]",2015
616,False,False,64,"(0.6, 0.1, 0.3)",64,4,0,20,1e-05,0.0001,100,0.01,3.0,0.3,0.01,0.01,0.001,0.3,0.05,,0.0,1000,2,128,1,8.64,"[0.5406, 0.4972]","[None, None]",2016
617,False,False,64,"(0.6, 0.1, 0.3)",64,4,0,20,1e-05,0.0001,100,0.01,3.0,0.3,0.01,0.01,0.001,0.3,0.05,,0.0,1000,1,64,0,4.05,[0.7079],[None],2017
618,False,False,64,"(0.6, 0.1, 0.3)",64,4,0,20,1e-05,0.0001,100,0.01,3.0,0.3,0.01,0.01,0.001,0.3,0.05,,0.0,1000,2,128,0,8.37,"[0.5737, 0.604]","[None, None]",2018
619,False,False,64,"(0.6, 0.1, 0.3)",64,4,0,20,1e-05,0.0001,100,0.01,3.0,0.3,0.01,0.01,0.001,0.3,0.05,,0.0,1000,1,64,0,4.06,[0.618],[None],2019
620,False,False,64,"(0.6, 0.1, 0.3)",64,4,0,20,1e-05,0.0001,100,0.01,3.0,0.3,0.01,0.01,0.001,0.3,0.1,,0.0,1000,1,64,0,4.05,[0.685],[None],2000
621,False,False,64,"(0.6, 0.1, 0.3)",64,4,0,20,1e-05,0.0001,100,0.01,3.0,0.3,0.01,0.01,0.001,0.3,0.1,,0.0,1000,1,64,0,4.08,[0.4877],[None],2001
622,False,False,64,"(0.6, 0.1, 0.3)",64,4,0,20,1e-05,0.0001,100,0.01,3.0,0.3,0.01,0.01,0.001,0.3,0.1,,0.0,1000,1,64,1,4.07,[0.6669],[None],2002
623,False,False,64,"(0.6, 0.1, 0.3)",64,4,0,20,1e-05,0.0001,100,0.01,3.0,0.3,0.01,0.01,0.001,0.3,0.1,,0.0,1000,2,128,1,8.36,"[0.6279, 0.6255]","[None, None]",2003
624,False,False,64,"(0.6, 0.1, 0.3)",64,4,0,20,1e-05,0.0001,100,0.01,3.0,0.3,0.01,0.01,0.001,0.3,0.1,,0.0,1000,1,64,0,4.06,[0.6687],[None],2004
625,False,False,64,"(0.6, 0.1, 0.3)",64,4,0,20,1e-05,0.0001,100,0.01,3.0,0.3,0.01,0.01,0.001,0.3,0.1,,0.0,1000,2,128,0,8.39,"[0.6147, 0.5704]","[None, None]",2005
626,False,False,64,"(0.6, 0.1, 0.3)",64,4,0,20,1e-05,0.0001,100,0.01,3.0,0.3,0.01,0.01,0.001,0.3,0.1,,0.0,1000,1,64,0,4.05,[0.6284],[None],2006
627,False,False,64,"(0.6, 0.1, 0.3)",64,4,0,20,1e-05,0.0001,100,0.01,3.0,0.3,0.01,0.01,0.001,0.3,0.1,,0.0,1000,5,320,1,22.46,"[0.5873, 0.5776, 0.4992, 0.4005, 0.4982]","[None, None, None, None, None]",2007
628,False,False,64,"(0.6, 0.1, 0.3)",64,4,0,20,1e-05,0.0001,100,0.01,3.0,0.3,0.01,0.01,0.001,0.3,0.1,,0.0,1000,1,64,1,4.05,[0.3894],[None],2008
629,False,False,64,"(0.6, 0.1, 0.3)",64,4,0,20,1e-05,0.0001,100,0.01,3.0,0.3,0.01,0.01,0.001,0.3,0.1,,0.0,1000,1,64,0,4.04,[0.616],[None],2009
630,False,False,64,"(0.6, 0.1, 0.3)",64,4,0,20,1e-05,0.0001,100,0.01,3.0,0.3,0.01,0.01,0.001,0.3,0.1,,0.0,1000,1,64,0,4.07,[0.6246],[None],2010
631,False,False,64,"(0.6, 0.1, 0.3)",64,4,0,20,1e-05,0.0001,100,0.01,3.0,0.3,0.01,0.01,0.001,0.3,0.1,,0.0,1000,1,64,0,4.04,[0.6097],[None],2011
632,False,False,64,"(0.6, 0.1, 0.3)",64,4,0,20,1e-05,0.0001,100,0.01,3.0,0.3,0.01,0.01,0.001,0.3,0.1,,0.0,1000,1,64,0,4.06,[0.5539],[None],2012
633,False,False,64,"(0.6, 0.1, 0.3)",64,4,0,20,1e-05,0.0001,100,0.01,3.0,0.3,0.01,0.01,0.001,0.3,0.1,,0.0,1000,2,128,1,8.41,"[0.659, 0.6346]","[None, None]",2013
634,False,False,64,"(0.6, 0.1, 0.3)",64,4,0,20,1e-05,0.0001,100,0.01,3.0,0.3,0.01,0.01,0.001,0.3,0.1,,0.0,1000,1,64,0,4.04,[0.6439],[None],2014
635,False,False,64,"(0.6, 0.1, 0.3)",64,4,0,20,1e-05,0.0001,100,0.01,3.0,0.3,0.01,0.01,0.001,0.3,0.1,,0.0,1000,3,192,0,12.87,"[0.6607, 0.6503, 0.6195]","[None, None, None]",2015
636,False,False,64,"(0.6, 0.1, 0.3)",64,4,0,20,1e-05,0.0001,100,0.01,3.0,0.3,0.01,0.01,0.001,0.3,0.1,,0.0,1000,2,128,0,8.34,"[0.5231, 0.3786]","[None, None]",2016
637,False,False,64,"(0.6, 0.1, 0.3)",64,4,0,20,1e-05,0.0001,100,0.01,3.0,0.3,0.01,0.01,0.001,0.3,0.1,,0.0,1000,1,64,0,4.04,[0.6898],[None],2017
638,False,False,64,"(0.6, 0.1, 0.3)",64,4,0,20,1e-05,0.0001,100,0.01,3.0,0.3,0.01,0.01,0.001,0.3,0.1,,0.0,1000,2,128,0,8.41,"[0.566, 0.5795]","[None, None]",2018
639,False,False,64,"(0.6, 0.1, 0.3)",64,4,0,20,1e-05,0.0001,100,0.01,3.0,0.3,0.01,0.01,0.001,0.3,0.1,,0.0,1000,1,64,0,4.04,[0.6176],[None],2019
640,False,False,64,"(0.6, 0.1, 0.3)",64,4,0,20,1e-05,1e-05,100,0.01,2.0,0.01,0.01,0.001,0.001,0.3,0.05,,0.0,1000,1,64,0,4.05,[0.7143],[None],2000
641,False,False,64,"(0.6, 0.1, 0.3)",64,4,0,20,1e-05,1e-05,100,0.01,2.0,0.01,0.01,0.001,0.001,0.3,0.05,,0.0,1000,1,64,0,4.05,[0.6689],[None],2001
642,False,False,64,"(0.6, 0.1, 0.3)",64,4,0,20,1e-05,1e-05,100,0.01,2.0,0.01,0.01,0.001,0.001,0.3,0.05,,0.0,1000,1,64,1,4.04,[0.6505],[None],2002
643,False,False,64,"(0.6, 0.1, 0.3)",64,4,0,20,1e-05,1e-05,100,0.01,2.0,0.01,0.01,0.001,0.001,0.3,0.05,,0.0,1000,2,128,0,8.33,"[0.66, 0.6645]","[None, None]",2003
644,False,False,64,"(0.6, 0.1, 0.3)",64,4,0,20,1e-05,1e-05,100,0.01,2.0,0.01,0.01,0.001,0.001,0.3,0.05,,0.0,1000,1,64,0,4.04,[0.7421],[None],2004
645,False,False,64,"(0.6, 0.1, 0.3)",64,4,0,20,1e-05,1e-05,100,0.01,2.0,0.01,0.01,0.001,0.001,0.3,0.05,,0.0,1000,1,64,0,4.04,[0.6333],[None],2005
646,False,False,64,"(0.6, 0.1, 0.3)",64,4,0,20,1e-05,1e-05,100,0.01,2.0,0.01,0.01,0.001,0.001,0.3,0.05,,0.0,1000,1,64,0,4.05,[0.6995],[None],2006
647,False,False,64,"(0.6, 0.1, 0.3)",64,4,0,20,1e-05,1e-05,100,0.01,2.0,0.01,0.01,0.001,0.001,0.3,0.05,,0.0,1000,1,64,0,4.04,[0.6911],[None],2007
648,False,False,64,"(0.6, 0.1, 0.3)",64,4,0,20,1e-05,1e-05,100,0.01,2.0,0.01,0.01,0.001,0.001,0.3,0.05,,0.0,1000,1,64,1,4.04,[0.5915],[None],2008
649,False,False,64,"(0.6, 0.1, 0.3)",64,4,0,20,1e-05,1e-05,100,0.01,2.0,0.01,0.01,0.001,0.001,0.3,0.05,,0.0,1000,1,64,0,4.04,[0.669],[None],2009
650,False,False,64,"(0.6, 0.1, 0.3)",64,4,0,20,1e-05,1e-05,100,0.01,2.0,0.01,0.01,0.001,0.001,0.3,0.05,,0.0,1000,1,64,0,4.05,[0.7039],[None],2010
651,False,False,64,"(0.6, 0.1, 0.3)",64,4,0,20,1e-05,1e-05,100,0.01,2.0,0.01,0.01,0.001,0.001,0.3,0.05,,0.0,1000,1,64,1,4.05,[0.6814],[None],2011
652,False,False,64,"(0.6, 0.1, 0.3)",64,4,0,20,1e-05,1e-05,100,0.01,2.0,0.01,0.01,0.001,0.001,0.3,0.05,,0.0,1000,2,128,1,8.34,"[0.6845, 0.6622]","[None, None]",2012
653,False,False,64,"(0.6, 0.1, 0.3)",64,4,0,20,1e-05,1e-05,100,0.01,2.0,0.01,0.01,0.001,0.001,0.3,0.05,,0.0,1000,2,128,1,8.34,"[0.6829, 0.499]","[None, None]",2013
654,False,False,64,"(0.6, 0.1, 0.3)",64,4,0,20,1e-05,1e-05,100,0.01,2.0,0.01,0.01,0.001,0.001,0.3,0.05,,0.0,1000,1,64,0,4.06,[0.7117],[None],2014
655,False,False,64,"(0.6, 0.1, 0.3)",64,4,0,20,1e-05,1e-05,100,0.01,2.0,0.01,0.01,0.001,0.001,0.3,0.05,,0.0,1000,2,128,0,8.35,"[0.6295, 0.5478]","[None, None]",2015
656,False,False,64,"(0.6, 0.1, 0.3)",64,4,0,20,1e-05,1e-05,100,0.01,2.0,0.01,0.01,0.001,0.001,0.3,0.05,,0.0,1000,1,64,0,4.04,[0.6348],[None],2016
657,False,False,64,"(0.6, 0.1, 0.3)",64,4,0,20,1e-05,1e-05,100,0.01,2.0,0.01,0.01,0.001,0.001,0.3,0.05,,0.0,1000,1,64,0,4.04,[0.7489],[None],2017
658,False,False,64,"(0.6, 0.1, 0.3)",64,4,0,20,1e-05,1e-05,100,0.01,2.0,0.01,0.01,0.001,0.001,0.3,0.05,,0.0,1000,2,128,1,8.46,"[0.6547, 0.6425]","[None, None]",2018
659,False,False,64,"(0.6, 0.1, 0.3)",64,4,0,20,1e-05,1e-05,100,0.01,2.0,0.01,0.01,0.001,0.001,0.3,0.05,,0.0,1000,1,64,0,4.09,[0.6406],[None],2019
660,False,False,64,"(0.6, 0.1, 0.3)",64,4,0,20,1e-05,1e-05,100,0.01,2.0,0.01,0.01,0.001,0.001,0.3,0.1,,0.0,1000,1,64,0,4.04,[0.7132],[None],2000
661,False,False,64,"(0.6, 0.1, 0.3)",64,4,0,20,1e-05,1e-05,100,0.01,2.0,0.01,0.01,0.001,0.001,0.3,0.1,,0.0,1000,1,64,0,4.05,[0.6693],[None],2001
662,False,False,64,"(0.6, 0.1, 0.3)",64,4,0,20,1e-05,1e-05,100,0.01,2.0,0.01,0.01,0.001,0.001,0.3,0.1,,0.0,1000,1,64,1,4.04,[0.6506],[None],2002
663,False,False,64,"(0.6, 0.1, 0.3)",64,4,0,20,1e-05,1e-05,100,0.01,2.0,0.01,0.01,0.001,0.001,0.3,0.1,,0.0,1000,2,128,0,8.34,"[0.6608, 0.6659]","[None, None]",2003
664,False,False,64,"(0.6, 0.1, 0.3)",64,4,0,20,1e-05,1e-05,100,0.01,2.0,0.01,0.01,0.001,0.001,0.3,0.1,,0.0,1000,1,64,0,4.05,[0.7404],[None],2004
665,False,False,64,"(0.6, 0.1, 0.3)",64,4,0,20,1e-05,1e-05,100,0.01,2.0,0.01,0.01,0.001,0.001,0.3,0.1,,0.0,1000,1,64,0,4.08,[0.6316],[None],2005
666,False,False,64,"(0.6, 0.1, 0.3)",64,4,0,20,1e-05,1e-05,100,0.01,2.0,0.01,0.01,0.001,0.001,0.3,0.1,,0.0,1000,1,64,0,4.17,[0.6996],[None],2006
667,False,False,64,"(0.6, 0.1, 0.3)",64,4,0,20,1e-05,1e-05,100,0.01,2.0,0.01,0.01,0.001,0.001,0.3,0.1,,0.0,1000,1,64,0,4.2,[0.6912],[None],2007
668,False,False,64,"(0.6, 0.1, 0.3)",64,4,0,20,1e-05,1e-05,100,0.01,2.0,0.01,0.01,0.001,0.001,0.3,0.1,,0.0,1000,1,64,1,4.14,[0.5911],[None],2008
669,False,False,64,"(0.6, 0.1, 0.3)",64,4,0,20,1e-05,1e-05,100,0.01,2.0,0.01,0.01,0.001,0.001,0.3,0.1,,0.0,1000,1,64,0,4.12,[0.6665],[None],2009
670,False,False,64,"(0.6, 0.1, 0.3)",64,4,0,20,1e-05,1e-05,100,0.01,2.0,0.01,0.01,0.001,0.001,0.3,0.1,,0.0,1000,1,64,0,4.06,[0.7047],[None],2010
671,False,False,64,"(0.6, 0.1, 0.3)",64,4,0,20,1e-05,1e-05,100,0.01,2.0,0.01,0.01,0.001,0.001,0.3,0.1,,0.0,1000,1,64,1,4.05,[0.6795],[None],2011
672,False,False,64,"(0.6, 0.1, 0.3)",64,4,0,20,1e-05,1e-05,100,0.01,2.0,0.01,0.01,0.001,0.001,0.3,0.1,,0.0,1000,2,128,1,8.36,"[0.6847, 0.6531]","[None, None]",2012
673,False,False,64,"(0.6, 0.1, 0.3)",64,4,0,20,1e-05,1e-05,100,0.01,2.0,0.01,0.01,0.001,0.001,0.3,0.1,,0.0,1000,2,128,1,8.36,"[0.6824, 0.5085]","[None, None]",2013
674,False,False,64,"(0.6, 0.1, 0.3)",64,4,0,20,1e-05,1e-05,100,0.01,2.0,0.01,0.01,0.001,0.001,0.3,0.1,,0.0,1000,1,64,0,4.05,[0.7119],[None],2014
675,False,False,64,"(0.6, 0.1, 0.3)",64,4,0,20,1e-05,1e-05,100,0.01,2.0,0.01,0.01,0.001,0.001,0.3,0.1,,0.0,1000,2,128,0,8.36,"[0.6276, 0.547]","[None, None]",2015
676,False,False,64,"(0.6, 0.1, 0.3)",64,4,0,20,1e-05,1e-05,100,0.01,2.0,0.01,0.01,0.001,0.001,0.3,0.1,,0.0,1000,1,64,0,4.16,[0.6371],[None],2016
677,False,False,64,"(0.6, 0.1, 0.3)",64,4,0,20,1e-05,1e-05,100,0.01,2.0,0.01,0.01,0.001,0.001,0.3,0.1,,0.0,1000,1,64,0,4.19,[0.7486],[None],2017
678,False,False,64,"(0.6, 0.1, 0.3)",64,4,0,20,1e-05,1e-05,100,0.01,2.0,0.01,0.01,0.001,0.001,0.3,0.1,,0.0,1000,2,128,1,8.67,"[0.6553, 0.6411]","[None, None]",2018
679,False,False,64,"(0.6, 0.1, 0.3)",64,4,0,20,1e-05,1e-05,100,0.01,2.0,0.01,0.01,0.001,0.001,0.3,0.1,,0.0,1000,1,64,0,4.2,[0.639],[None],2019
680,False,False,64,"(0.6, 0.1, 0.3)",64,4,0,20,1e-05,1e-05,100,0.01,2.0,0.01,0.01,0.01,0.001,0.3,0.05,,0.0,1000,1,64,0,4.18,[0.7095],[None],2000
681,False,False,64,"(0.6, 0.1, 0.3)",64,4,0,20,1e-05,1e-05,100,0.01,2.0,0.01,0.01,0.01,0.001,0.3,0.05,,0.0,1000,1,64,0,4.21,[0.6742],[None],2001
682,False,False,64,"(0.6, 0.1, 0.3)",64,4,0,20,1e-05,1e-05,100,0.01,2.0,0.01,0.01,0.01,0.001,0.3,0.05,,0.0,1000,1,64,1,4.19,[0.6559],[None],2002
683,False,False,64,"(0.6, 0.1, 0.3)",64,4,0,20,1e-05,1e-05,100,0.01,2.0,0.01,0.01,0.01,0.001,0.3,0.05,,0.0,1000,2,128,1,8.73,"[0.6575, 0.6802]","[None, None]",2003
684,False,False,64,"(0.6, 0.1, 0.3)",64,4,0,20,1e-05,1e-05,100,0.01,2.0,0.01,0.01,0.01,0.001,0.3,0.05,,0.0,1000,1,64,0,4.19,[0.7415],[None],2004
685,False,False,64,"(0.6, 0.1, 0.3)",64,4,0,20,1e-05,1e-05,100,0.01,2.0,0.01,0.01,0.01,0.001,0.3,0.05,,0.0,1000,1,64,0,4.2,[0.6358],[None],2005
686,False,False,64,"(0.6, 0.1, 0.3)",64,4,0,20,1e-05,1e-05,100,0.01,2.0,0.01,0.01,0.01,0.001,0.3,0.05,,0.0,1000,1,64,0,4.12,[0.6968],[None],2006
687,False,False,64,"(0.6, 0.1, 0.3)",64,4,0,20,1e-05,1e-05,100,0.01,2.0,0.01,0.01,0.01,0.001,0.3,0.05,,0.0,1000,1,64,0,4.04,[0.6927],[None],2007
688,False,False,64,"(0.6, 0.1, 0.3)",64,4,0,20,1e-05,1e-05,100,0.01,2.0,0.01,0.01,0.01,0.001,0.3,0.05,,0.0,1000,1,64,1,4.04,[0.5826],[None],2008
689,False,False,64,"(0.6, 0.1, 0.3)",64,4,0,20,1e-05,1e-05,100,0.01,2.0,0.01,0.01,0.01,0.001,0.3,0.05,,0.0,1000,1,64,0,4.04,[0.6665],[None],2009
690,False,False,64,"(0.6, 0.1, 0.3)",64,4,0,20,1e-05,1e-05,100,0.01,2.0,0.01,0.01,0.01,0.001,0.3,0.05,,0.0,1000,1,64,0,4.08,[0.7042],[None],2010
691,False,False,64,"(0.6, 0.1, 0.3)",64,4,0,20,1e-05,1e-05,100,0.01,2.0,0.01,0.01,0.01,0.001,0.3,0.05,,0.0,1000,1,64,1,4.04,[0.6807],[None],2011
692,False,False,64,"(0.6, 0.1, 0.3)",64,4,0,20,1e-05,1e-05,100,0.01,2.0,0.01,0.01,0.01,0.001,0.3,0.05,,0.0,1000,2,128,1,8.36,"[0.6784, 0.6567]","[None, None]",2012
693,False,False,64,"(0.6, 0.1, 0.3)",64,4,0,20,1e-05,1e-05,100,0.01,2.0,0.01,0.01,0.01,0.001,0.3,0.05,,0.0,1000,2,128,1,8.37,"[0.686, 0.5281]","[None, None]",2013
694,False,False,64,"(0.6, 0.1, 0.3)",64,4,0,20,1e-05,1e-05,100,0.01,2.0,0.01,0.01,0.01,0.001,0.3,0.05,,0.0,1000,1,64,0,4.21,[0.7091],[None],2014
695,False,False,64,"(0.6, 0.1, 0.3)",64,4,0,20,1e-05,1e-05,100,0.01,2.0,0.01,0.01,0.01,0.001,0.3,0.05,,0.0,1000,2,128,0,8.42,"[0.6319, 0.5475]","[None, None]",2015
696,False,False,64,"(0.6, 0.1, 0.3)",64,4,0,20,1e-05,1e-05,100,0.01,2.0,0.01,0.01,0.01,0.001,0.3,0.05,,0.0,1000,1,64,0,4.05,[0.6273],[None],2016
697,False,False,64,"(0.6, 0.1, 0.3)",64,4,0,20,1e-05,1e-05,100,0.01,2.0,0.01,0.01,0.01,0.001,0.3,0.05,,0.0,1000,1,64,0,4.06,[0.7502],[None],2017
698,False,False,64,"(0.6, 0.1, 0.3)",64,4,0,20,1e-05,1e-05,100,0.01,2.0,0.01,0.01,0.01,0.001,0.3,0.05,,0.0,1000,2,128,1,8.35,"[0.6485, 0.616]","[None, None]",2018
699,False,False,64,"(0.6, 0.1, 0.3)",64,4,0,20,1e-05,1e-05,100,0.01,2.0,0.01,0.01,0.01,0.001,0.3,0.05,,0.0,1000,1,64,0,4.05,[0.6508],[None],2019
700,False,False,64,"(0.6, 0.1, 0.3)",64,4,0,20,1e-05,1e-05,100,0.01,2.0,0.01,0.01,0.01,0.001,0.3,0.1,,0.0,1000,1,64,0,4.06,[0.7102],[None],2000
701,False,False,64,"(0.6, 0.1, 0.3)",64,4,0,20,1e-05,1e-05,100,0.01,2.0,0.01,0.01,0.01,0.001,0.3,0.1,,0.0,1000,1,64,0,4.17,[0.6744],[None],2001
702,False,False,64,"(0.6, 0.1, 0.3)",64,4,0,20,1e-05,1e-05,100,0.01,2.0,0.01,0.01,0.01,0.001,0.3,0.1,,0.0,1000,1,64,1,4.19,[0.6576],[None],2002
703,False,False,64,"(0.6, 0.1, 0.3)",64,4,0,20,1e-05,1e-05,100,0.01,2.0,0.01,0.01,0.01,0.001,0.3,0.1,,0.0,1000,2,128,1,8.64,"[0.6582, 0.6842]","[None, None]",2003
704,False,False,64,"(0.6, 0.1, 0.3)",64,4,0,20,1e-05,1e-05,100,0.01,2.0,0.01,0.01,0.01,0.001,0.3,0.1,,0.0,1000,1,64,0,4.1,[0.7405],[None],2004
705,False,False,64,"(0.6, 0.1, 0.3)",64,4,0,20,1e-05,1e-05,100,0.01,2.0,0.01,0.01,0.01,0.001,0.3,0.1,,0.0,1000,1,64,0,4.05,[0.6351],[None],2005
706,False,False,64,"(0.6, 0.1, 0.3)",64,4,0,20,1e-05,1e-05,100,0.01,2.0,0.01,0.01,0.01,0.001,0.3,0.1,,0.0,1000,1,64,0,4.05,[0.6962],[None],2006
707,False,False,64,"(0.6, 0.1, 0.3)",64,4,0,20,1e-05,1e-05,100,0.01,2.0,0.01,0.01,0.01,0.001,0.3,0.1,,0.0,1000,1,64,0,4.04,[0.6939],[None],2007
708,False,False,64,"(0.6, 0.1, 0.3)",64,4,0,20,1e-05,1e-05,100,0.01,2.0,0.01,0.01,0.01,0.001,0.3,0.1,,0.0,1000,1,64,1,4.11,[0.582],[None],2008
709,False,False,64,"(0.6, 0.1, 0.3)",64,4,0,20,1e-05,1e-05,100,0.01,2.0,0.01,0.01,0.01,0.001,0.3,0.1,,0.0,1000,1,64,0,4.05,[0.6653],[None],2009
710,False,False,64,"(0.6, 0.1, 0.3)",64,4,0,20,1e-05,1e-05,100,0.01,2.0,0.01,0.01,0.01,0.001,0.3,0.1,,0.0,1000,1,64,0,4.18,[0.7068],[None],2010
711,False,False,64,"(0.6, 0.1, 0.3)",64,4,0,20,1e-05,1e-05,100,0.01,2.0,0.01,0.01,0.01,0.001,0.3,0.1,,0.0,1000,1,64,1,4.19,[0.6789],[None],2011
712,False,False,64,"(0.6, 0.1, 0.3)",64,4,0,20,1e-05,1e-05,100,0.01,2.0,0.01,0.01,0.01,0.001,0.3,0.1,,0.0,1000,2,128,1,8.39,"[0.6796, 0.6591]","[None, None]",2012
713,False,False,64,"(0.6, 0.1, 0.3)",64,4,0,20,1e-05,1e-05,100,0.01,2.0,0.01,0.01,0.01,0.001,0.3,0.1,,0.0,1000,2,128,1,8.34,"[0.6858, 0.5059]","[None, None]",2013
714,False,False,64,"(0.6, 0.1, 0.3)",64,4,0,20,1e-05,1e-05,100,0.01,2.0,0.01,0.01,0.01,0.001,0.3,0.1,,0.0,1000,1,64,0,4.16,[0.7095],[None],2014
715,False,False,64,"(0.6, 0.1, 0.3)",64,4,0,20,1e-05,1e-05,100,0.01,2.0,0.01,0.01,0.01,0.001,0.3,0.1,,0.0,1000,2,128,0,8.66,"[0.6302, 0.5525]","[None, None]",2015
716,False,False,64,"(0.6, 0.1, 0.3)",64,4,0,20,1e-05,1e-05,100,0.01,2.0,0.01,0.01,0.01,0.001,0.3,0.1,,0.0,1000,1,64,0,4.18,[0.6272],[None],2016
717,False,False,64,"(0.6, 0.1, 0.3)",64,4,0,20,1e-05,1e-05,100,0.01,2.0,0.01,0.01,0.01,0.001,0.3,0.1,,0.0,1000,1,64,0,4.06,[0.7506],[None],2017
718,False,False,64,"(0.6, 0.1, 0.3)",64,4,0,20,1e-05,1e-05,100,0.01,2.0,0.01,0.01,0.01,0.001,0.3,0.1,,0.0,1000,2,128,1,8.38,"[0.6489, 0.6269]","[None, None]",2018
719,False,False,64,"(0.6, 0.1, 0.3)",64,4,0,20,1e-05,1e-05,100,0.01,2.0,0.01,0.01,0.01,0.001,0.3,0.1,,0.0,1000,1,64,0,4.08,[0.6493],[None],2019
720,False,False,64,"(0.6, 0.1, 0.3)",64,4,0,20,1e-05,1e-05,100,0.01,2.0,0.1,0.01,0.001,0.001,0.3,0.05,,0.0,1000,1,64,0,4.13,[0.7125],[None],2000
721,False,False,64,"(0.6, 0.1, 0.3)",64,4,0,20,1e-05,1e-05,100,0.01,2.0,0.1,0.01,0.001,0.001,0.3,0.05,,0.0,1000,1,64,0,4.1,[0.6577],[None],2001
722,False,False,64,"(0.6, 0.1, 0.3)",64,4,0,20,1e-05,1e-05,100,0.01,2.0,0.1,0.01,0.001,0.001,0.3,0.05,,0.0,1000,1,64,1,4.17,[0.675],[None],2002
723,False,False,64,"(0.6, 0.1, 0.3)",64,4,0,20,1e-05,1e-05,100,0.01,2.0,0.1,0.01,0.001,0.001,0.3,0.05,,0.0,1000,2,128,0,8.67,"[0.6629, 0.6423]","[None, None]",2003
724,False,False,64,"(0.6, 0.1, 0.3)",64,4,0,20,1e-05,1e-05,100,0.01,2.0,0.1,0.01,0.001,0.001,0.3,0.05,,0.0,1000,1,64,0,4.24,[0.7489],[None],2004
725,False,False,64,"(0.6, 0.1, 0.3)",64,4,0,20,1e-05,1e-05,100,0.01,2.0,0.1,0.01,0.001,0.001,0.3,0.05,,0.0,1000,1,64,0,4.09,[0.6478],[None],2005
726,False,False,64,"(0.6, 0.1, 0.3)",64,4,0,20,1e-05,1e-05,100,0.01,2.0,0.1,0.01,0.001,0.001,0.3,0.05,,0.0,1000,1,64,0,4.21,[0.7045],[None],2006
727,False,False,64,"(0.6, 0.1, 0.3)",64,4,0,20,1e-05,1e-05,100,0.01,2.0,0.1,0.01,0.001,0.001,0.3,0.05,,0.0,1000,1,64,0,4.09,[0.6992],[None],2007
728,False,False,64,"(0.6, 0.1, 0.3)",64,4,0,20,1e-05,1e-05,100,0.01,2.0,0.1,0.01,0.001,0.001,0.3,0.05,,0.0,1000,1,64,1,4.08,[0.5612],[None],2008
729,False,False,64,"(0.6, 0.1, 0.3)",64,4,0,20,1e-05,1e-05,100,0.01,2.0,0.1,0.01,0.001,0.001,0.3,0.05,,0.0,1000,1,64,0,4.07,[0.6798],[None],2009
730,False,False,64,"(0.6, 0.1, 0.3)",64,4,0,20,1e-05,1e-05,100,0.01,2.0,0.1,0.01,0.001,0.001,0.3,0.05,,0.0,1000,1,64,0,4.06,[0.6971],[None],2010
731,False,False,64,"(0.6, 0.1, 0.3)",64,4,0,20,1e-05,1e-05,100,0.01,2.0,0.1,0.01,0.001,0.001,0.3,0.05,,0.0,1000,1,64,1,4.06,[0.6878],[None],2011
732,False,False,64,"(0.6, 0.1, 0.3)",64,4,0,20,1e-05,1e-05,100,0.01,2.0,0.1,0.01,0.001,0.001,0.3,0.05,,0.0,1000,2,128,1,8.37,"[0.6416, 0.6754]","[None, None]",2012
733,False,False,64,"(0.6, 0.1, 0.3)",64,4,0,20,1e-05,1e-05,100,0.01,2.0,0.1,0.01,0.001,0.001,0.3,0.05,,0.0,1000,2,128,1,8.45,"[0.694, 0.5558]","[None, None]",2013
734,False,False,64,"(0.6, 0.1, 0.3)",64,4,0,20,1e-05,1e-05,100,0.01,2.0,0.1,0.01,0.001,0.001,0.3,0.05,,0.0,1000,2,128,0,8.36,"[0.7035, 0.5682]","[None, None]",2014
735,False,False,64,"(0.6, 0.1, 0.3)",64,4,0,20,1e-05,1e-05,100,0.01,2.0,0.1,0.01,0.001,0.001,0.3,0.05,,0.0,1000,2,128,0,8.36,"[0.6283, 0.5634]","[None, None]",2015
736,False,False,64,"(0.6, 0.1, 0.3)",64,4,0,20,1e-05,1e-05,100,0.01,2.0,0.1,0.01,0.001,0.001,0.3,0.05,,0.0,1000,1,64,0,4.06,[0.6195],[None],2016
737,False,False,64,"(0.6, 0.1, 0.3)",64,4,0,20,1e-05,1e-05,100,0.01,2.0,0.1,0.01,0.001,0.001,0.3,0.05,,0.0,1000,1,64,0,4.07,[0.7503],[None],2017
738,False,False,64,"(0.6, 0.1, 0.3)",64,4,0,20,1e-05,1e-05,100,0.01,2.0,0.1,0.01,0.001,0.001,0.3,0.05,,0.0,1000,2,128,1,8.38,"[0.6295, 0.621]","[None, None]",2018
739,False,False,64,"(0.6, 0.1, 0.3)",64,4,0,20,1e-05,1e-05,100,0.01,2.0,0.1,0.01,0.001,0.001,0.3,0.05,,0.0,1000,1,64,0,4.07,[0.6755],[None],2019
740,False,False,64,"(0.6, 0.1, 0.3)",64,4,0,20,1e-05,1e-05,100,0.01,2.0,0.1,0.01,0.001,0.001,0.3,0.1,,0.0,1000,1,64,0,4.05,[0.7116],[None],2000
741,False,False,64,"(0.6, 0.1, 0.3)",64,4,0,20,1e-05,1e-05,100,0.01,2.0,0.1,0.01,0.001,0.001,0.3,0.1,,0.0,1000,1,64,0,4.05,[0.6503],[None],2001
742,False,False,64,"(0.6, 0.1, 0.3)",64,4,0,20,1e-05,1e-05,100,0.01,2.0,0.1,0.01,0.001,0.001,0.3,0.1,,0.0,1000,1,64,1,4.05,[0.6863],[None],2002
743,False,False,64,"(0.6, 0.1, 0.3)",64,4,0,20,1e-05,1e-05,100,0.01,2.0,0.1,0.01,0.001,0.001,0.3,0.1,,0.0,1000,2,128,0,8.36,"[0.6637, 0.6742]","[None, None]",2003
744,False,False,64,"(0.6, 0.1, 0.3)",64,4,0,20,1e-05,1e-05,100,0.01,2.0,0.1,0.01,0.001,0.001,0.3,0.1,,0.0,1000,1,64,0,4.05,[0.7472],[None],2004
745,False,False,64,"(0.6, 0.1, 0.3)",64,4,0,20,1e-05,1e-05,100,0.01,2.0,0.1,0.01,0.001,0.001,0.3,0.1,,0.0,1000,1,64,0,4.05,[0.6572],[None],2005
746,False,False,64,"(0.6, 0.1, 0.3)",64,4,0,20,1e-05,1e-05,100,0.01,2.0,0.1,0.01,0.001,0.001,0.3,0.1,,0.0,1000,1,64,0,4.05,[0.7101],[None],2006
747,False,False,64,"(0.6, 0.1, 0.3)",64,4,0,20,1e-05,1e-05,100,0.01,2.0,0.1,0.01,0.001,0.001,0.3,0.1,,0.0,1000,1,64,0,4.05,[0.7027],[None],2007
748,False,False,64,"(0.6, 0.1, 0.3)",64,4,0,20,1e-05,1e-05,100,0.01,2.0,0.1,0.01,0.001,0.001,0.3,0.1,,0.0,1000,1,64,1,4.05,[0.5539],[None],2008
749,False,False,64,"(0.6, 0.1, 0.3)",64,4,0,20,1e-05,1e-05,100,0.01,2.0,0.1,0.01,0.001,0.001,0.3,0.1,,0.0,1000,1,64,0,4.1,[0.6891],[None],2009
750,False,False,64,"(0.6, 0.1, 0.3)",64,4,0,20,1e-05,1e-05,100,0.01,2.0,0.1,0.01,0.001,0.001,0.3,0.1,,0.0,1000,1,64,0,4.08,[0.7111],[None],2010
751,False,False,64,"(0.6, 0.1, 0.3)",64,4,0,20,1e-05,1e-05,100,0.01,2.0,0.1,0.01,0.001,0.001,0.3,0.1,,0.0,1000,1,64,1,4.06,[0.693],[None],2011
752,False,False,64,"(0.6, 0.1, 0.3)",64,4,0,20,1e-05,1e-05,100,0.01,2.0,0.1,0.01,0.001,0.001,0.3,0.1,,0.0,1000,1,64,0,4.1,[0.622],[None],2012
753,False,False,64,"(0.6, 0.1, 0.3)",64,4,0,20,1e-05,1e-05,100,0.01,2.0,0.1,0.01,0.001,0.001,0.3,0.1,,0.0,1000,2,128,1,8.37,"[0.7033, 0.6252]","[None, None]",2013
754,False,False,64,"(0.6, 0.1, 0.3)",64,4,0,20,1e-05,1e-05,100,0.01,2.0,0.1,0.01,0.001,0.001,0.3,0.1,,0.0,1000,1,64,0,4.05,[0.7029],[None],2014
755,False,False,64,"(0.6, 0.1, 0.3)",64,4,0,20,1e-05,1e-05,100,0.01,2.0,0.1,0.01,0.001,0.001,0.3,0.1,,0.0,1000,2,128,0,8.36,"[0.6507, 0.5724]","[None, None]",2015
756,False,False,64,"(0.6, 0.1, 0.3)",64,4,0,20,1e-05,1e-05,100,0.01,2.0,0.1,0.01,0.001,0.001,0.3,0.1,,0.0,1000,1,64,0,4.07,[0.6133],[None],2016
757,False,False,64,"(0.6, 0.1, 0.3)",64,4,0,20,1e-05,1e-05,100,0.01,2.0,0.1,0.01,0.001,0.001,0.3,0.1,,0.0,1000,1,64,0,4.05,[0.7452],[None],2017
758,False,False,64,"(0.6, 0.1, 0.3)",64,4,0,20,1e-05,1e-05,100,0.01,2.0,0.1,0.01,0.001,0.001,0.3,0.1,,0.0,1000,2,128,1,8.42,"[0.6313, 0.6415]","[None, None]",2018
759,False,False,64,"(0.6, 0.1, 0.3)",64,4,0,20,1e-05,1e-05,100,0.01,2.0,0.1,0.01,0.001,0.001,0.3,0.1,,0.0,1000,1,64,0,4.05,[0.6814],[None],2019
760,False,False,64,"(0.6, 0.1, 0.3)",64,4,0,20,1e-05,1e-05,100,0.01,2.0,0.1,0.01,0.01,0.001,0.3,0.05,,0.0,1000,1,64,0,4.05,[0.7032],[None],2000
761,False,False,64,"(0.6, 0.1, 0.3)",64,4,0,20,1e-05,1e-05,100,0.01,2.0,0.1,0.01,0.01,0.001,0.3,0.05,,0.0,1000,1,64,0,4.08,[0.6561],[None],2001
762,False,False,64,"(0.6, 0.1, 0.3)",64,4,0,20,1e-05,1e-05,100,0.01,2.0,0.1,0.01,0.01,0.001,0.3,0.05,,0.0,1000,1,64,1,4.05,[0.6732],[None],2002
763,False,False,64,"(0.6, 0.1, 0.3)",64,4,0,20,1e-05,1e-05,100,0.01,2.0,0.1,0.01,0.01,0.001,0.3,0.05,,0.0,1000,2,128,0,8.37,"[0.6561, 0.6315]","[None, None]",2003
764,False,False,64,"(0.6, 0.1, 0.3)",64,4,0,20,1e-05,1e-05,100,0.01,2.0,0.1,0.01,0.01,0.001,0.3,0.05,,0.0,1000,1,64,0,4.09,[0.7437],[None],2004
765,False,False,64,"(0.6, 0.1, 0.3)",64,4,0,20,1e-05,1e-05,100,0.01,2.0,0.1,0.01,0.01,0.001,0.3,0.05,,0.0,1000,1,64,0,4.05,[0.6397],[None],2005
766,False,False,64,"(0.6, 0.1, 0.3)",64,4,0,20,1e-05,1e-05,100,0.01,2.0,0.1,0.01,0.01,0.001,0.3,0.05,,0.0,1000,1,64,0,4.05,[0.6979],[None],2006
767,False,False,64,"(0.6, 0.1, 0.3)",64,4,0,20,1e-05,1e-05,100,0.01,2.0,0.1,0.01,0.01,0.001,0.3,0.05,,0.0,1000,1,64,0,4.05,[0.694],[None],2007
768,False,False,64,"(0.6, 0.1, 0.3)",64,4,0,20,1e-05,1e-05,100,0.01,2.0,0.1,0.01,0.01,0.001,0.3,0.05,,0.0,1000,1,64,1,4.17,[0.5508],[None],2008
769,False,False,64,"(0.6, 0.1, 0.3)",64,4,0,20,1e-05,1e-05,100,0.01,2.0,0.1,0.01,0.01,0.001,0.3,0.05,,0.0,1000,1,64,0,4.2,[0.6733],[None],2009
770,False,False,64,"(0.6, 0.1, 0.3)",64,4,0,20,1e-05,1e-05,100,0.01,2.0,0.1,0.01,0.01,0.001,0.3,0.05,,0.0,1000,1,64,0,4.19,[0.6876],[None],2010
771,False,False,64,"(0.6, 0.1, 0.3)",64,4,0,20,1e-05,1e-05,100,0.01,2.0,0.1,0.01,0.01,0.001,0.3,0.05,,0.0,1000,1,64,1,4.07,[0.6812],[None],2011
772,False,False,64,"(0.6, 0.1, 0.3)",64,4,0,20,1e-05,1e-05,100,0.01,2.0,0.1,0.01,0.01,0.001,0.3,0.05,,0.0,1000,2,128,1,8.39,"[0.6357, 0.6547]","[None, None]",2012
773,False,False,64,"(0.6, 0.1, 0.3)",64,4,0,20,1e-05,1e-05,100,0.01,2.0,0.1,0.01,0.01,0.001,0.3,0.05,,0.0,1000,2,128,1,8.43,"[0.6875, 0.5567]","[None, None]",2013
774,False,False,64,"(0.6, 0.1, 0.3)",64,4,0,20,1e-05,1e-05,100,0.01,2.0,0.1,0.01,0.01,0.001,0.3,0.05,,0.0,1000,1,64,0,4.05,[0.6963],[None],2014
775,False,False,64,"(0.6, 0.1, 0.3)",64,4,0,20,1e-05,1e-05,100,0.01,2.0,0.1,0.01,0.01,0.001,0.3,0.05,,0.0,1000,2,128,0,8.59,"[0.6234, 0.5823]","[None, None]",2015
776,False,False,64,"(0.6, 0.1, 0.3)",64,4,0,20,1e-05,1e-05,100,0.01,2.0,0.1,0.01,0.01,0.001,0.3,0.05,,0.0,1000,1,64,0,4.2,[0.6025],[None],2016
777,False,False,64,"(0.6, 0.1, 0.3)",64,4,0,20,1e-05,1e-05,100,0.01,2.0,0.1,0.01,0.01,0.001,0.3,0.05,,0.0,1000,1,64,0,4.21,[0.7462],[None],2017
778,False,False,64,"(0.6, 0.1, 0.3)",64,4,0,20,1e-05,1e-05,100,0.01,2.0,0.1,0.01,0.01,0.001,0.3,0.05,,0.0,1000,2,128,1,8.63,"[0.6195, 0.6128]","[None, None]",2018
779,False,False,64,"(0.6, 0.1, 0.3)",64,4,0,20,1e-05,1e-05,100,0.01,2.0,0.1,0.01,0.01,0.001,0.3,0.05,,0.0,1000,1,64,0,4.19,[0.672],[None],2019
780,False,False,64,"(0.6, 0.1, 0.3)",64,4,0,20,1e-05,1e-05,100,0.01,2.0,0.1,0.01,0.01,0.001,0.3,0.1,,0.0,1000,1,64,0,4.24,[0.7019],[None],2000
781,False,False,64,"(0.6, 0.1, 0.3)",64,4,0,20,1e-05,1e-05,100,0.01,2.0,0.1,0.01,0.01,0.001,0.3,0.1,,0.0,1000,1,64,0,4.23,[0.6468],[None],2001
782,False,False,64,"(0.6, 0.1, 0.3)",64,4,0,20,1e-05,1e-05,100,0.01,2.0,0.1,0.01,0.01,0.001,0.3,0.1,,0.0,1000,1,64,1,4.11,[0.6847],[None],2002
783,False,False,64,"(0.6, 0.1, 0.3)",64,4,0,20,1e-05,1e-05,100,0.01,2.0,0.1,0.01,0.01,0.001,0.3,0.1,,0.0,1000,2,128,0,8.34,"[0.6544, 0.6577]","[None, None]",2003
784,False,False,64,"(0.6, 0.1, 0.3)",64,4,0,20,1e-05,1e-05,100,0.01,2.0,0.1,0.01,0.01,0.001,0.3,0.1,,0.0,1000,1,64,0,4.14,[0.7408],[None],2004
785,False,False,64,"(0.6, 0.1, 0.3)",64,4,0,20,1e-05,1e-05,100,0.01,2.0,0.1,0.01,0.01,0.001,0.3,0.1,,0.0,1000,1,64,0,4.16,[0.6483],[None],2005
786,False,False,64,"(0.6, 0.1, 0.3)",64,4,0,20,1e-05,1e-05,100,0.01,2.0,0.1,0.01,0.01,0.001,0.3,0.1,,0.0,1000,1,64,0,4.04,[0.7018],[None],2006
787,False,False,64,"(0.6, 0.1, 0.3)",64,4,0,20,1e-05,1e-05,100,0.01,2.0,0.1,0.01,0.01,0.001,0.3,0.1,,0.0,1000,2,128,0,8.36,"[0.6967, 0.6254]","[None, None]",2007
788,False,False,64,"(0.6, 0.1, 0.3)",64,4,0,20,1e-05,1e-05,100,0.01,2.0,0.1,0.01,0.01,0.001,0.3,0.1,,0.0,1000,1,64,1,4.04,[0.5403],[None],2008
789,False,False,64,"(0.6, 0.1, 0.3)",64,4,0,20,1e-05,1e-05,100,0.01,2.0,0.1,0.01,0.01,0.001,0.3,0.1,,0.0,1000,1,64,0,4.15,[0.6839],[None],2009
790,False,False,64,"(0.6, 0.1, 0.3)",64,4,0,20,1e-05,1e-05,100,0.01,2.0,0.1,0.01,0.01,0.001,0.3,0.1,,0.0,1000,1,64,0,4.18,[0.7002],[None],2010
791,False,False,64,"(0.6, 0.1, 0.3)",64,4,0,20,1e-05,1e-05,100,0.01,2.0,0.1,0.01,0.01,0.001,0.3,0.1,,0.0,1000,1,64,1,4.05,[0.6816],[None],2011
792,False,False,64,"(0.6, 0.1, 0.3)",64,4,0,20,1e-05,1e-05,100,0.01,2.0,0.1,0.01,0.01,0.001,0.3,0.1,,0.0,1000,1,64,0,4.04,[0.6133],[None],2012
793,False,False,64,"(0.6, 0.1, 0.3)",64,4,0,20,1e-05,1e-05,100,0.01,2.0,0.1,0.01,0.01,0.001,0.3,0.1,,0.0,1000,2,128,1,8.33,"[0.6962, 0.5876]","[None, None]",2013
794,False,False,64,"(0.6, 0.1, 0.3)",64,4,0,20,1e-05,1e-05,100,0.01,2.0,0.1,0.01,0.01,0.001,0.3,0.1,,0.0,1000,1,64,0,4.04,[0.6942],[None],2014
795,False,False,64,"(0.6, 0.1, 0.3)",64,4,0,20,1e-05,1e-05,100,0.01,2.0,0.1,0.01,0.01,0.001,0.3,0.1,,0.0,1000,2,128,0,8.34,"[0.6466, 0.5636]","[None, None]",2015
796,False,False,64,"(0.6, 0.1, 0.3)",64,4,0,20,1e-05,1e-05,100,0.01,2.0,0.1,0.01,0.01,0.001,0.3,0.1,,0.0,1000,1,64,0,4.06,[0.5921],[None],2016
797,False,False,64,"(0.6, 0.1, 0.3)",64,4,0,20,1e-05,1e-05,100,0.01,2.0,0.1,0.01,0.01,0.001,0.3,0.1,,0.0,1000,1,64,0,4.04,[0.7396],[None],2017
798,False,False,64,"(0.6, 0.1, 0.3)",64,4,0,20,1e-05,1e-05,100,0.01,2.0,0.1,0.01,0.01,0.001,0.3,0.1,,0.0,1000,2,128,1,8.34,"[0.6172, 0.6343]","[None, None]",2018
799,False,False,64,"(0.6, 0.1, 0.3)",64,4,0,20,1e-05,1e-05,100,0.01,2.0,0.1,0.01,0.01,0.001,0.3,0.1,,0.0,1000,1,64,0,4.04,[0.6753],[None],2019
800,False,False,64,"(0.6, 0.1, 0.3)",64,4,0,20,1e-05,1e-05,100,0.01,2.0,0.2,0.01,0.001,0.001,0.3,0.05,,0.0,1000,1,64,0,4.04,[0.6843],[None],2000
801,False,False,64,"(0.6, 0.1, 0.3)",64,4,0,20,1e-05,1e-05,100,0.01,2.0,0.2,0.01,0.001,0.001,0.3,0.05,,0.0,1000,1,64,0,4.09,[0.644],[None],2001
802,False,False,64,"(0.6, 0.1, 0.3)",64,4,0,20,1e-05,1e-05,100,0.01,2.0,0.2,0.01,0.001,0.001,0.3,0.05,,0.0,1000,1,64,1,4.09,[0.6649],[None],2002
803,False,False,64,"(0.6, 0.1, 0.3)",64,4,0,20,1e-05,1e-05,100,0.01,2.0,0.2,0.01,0.001,0.001,0.3,0.05,,0.0,1000,2,128,0,8.53,"[0.6526, 0.6377]","[None, None]",2003
804,False,False,64,"(0.6, 0.1, 0.3)",64,4,0,20,1e-05,1e-05,100,0.01,2.0,0.2,0.01,0.001,0.001,0.3,0.05,,0.0,1000,1,64,0,4.05,[0.7344],[None],2004
805,False,False,64,"(0.6, 0.1, 0.3)",64,4,0,20,1e-05,1e-05,100,0.01,2.0,0.2,0.01,0.001,0.001,0.3,0.05,,0.0,1000,1,64,0,4.04,[0.6187],[None],2005
806,False,False,64,"(0.6, 0.1, 0.3)",64,4,0,20,1e-05,1e-05,100,0.01,2.0,0.2,0.01,0.001,0.001,0.3,0.05,,0.0,1000,1,64,0,4.04,[0.6818],[None],2006
807,False,False,64,"(0.6, 0.1, 0.3)",64,4,0,20,1e-05,1e-05,100,0.01,2.0,0.2,0.01,0.001,0.001,0.3,0.05,,0.0,1000,1,64,0,4.04,[0.6795],[None],2007
808,False,False,64,"(0.6, 0.1, 0.3)",64,4,0,20,1e-05,1e-05,100,0.01,2.0,0.2,0.01,0.001,0.001,0.3,0.05,,0.0,1000,1,64,1,4.05,[0.5292],[None],2008
809,False,False,64,"(0.6, 0.1, 0.3)",64,4,0,20,1e-05,1e-05,100,0.01,2.0,0.2,0.01,0.001,0.001,0.3,0.05,,0.0,1000,1,64,0,4.05,[0.6535],[None],2009
810,False,False,64,"(0.6, 0.1, 0.3)",64,4,0,20,1e-05,1e-05,100,0.01,2.0,0.2,0.01,0.001,0.001,0.3,0.05,,0.0,1000,1,64,0,4.1,[0.6512],[None],2010
811,False,False,64,"(0.6, 0.1, 0.3)",64,4,0,20,1e-05,1e-05,100,0.01,2.0,0.2,0.01,0.001,0.001,0.3,0.05,,0.0,1000,1,64,1,4.12,[0.6678],[None],2011
812,False,False,64,"(0.6, 0.1, 0.3)",64,4,0,20,1e-05,1e-05,100,0.01,2.0,0.2,0.01,0.001,0.001,0.3,0.05,,0.0,1000,2,128,1,8.41,"[0.6208, 0.6546]","[None, None]",2012
813,False,False,64,"(0.6, 0.1, 0.3)",64,4,0,20,1e-05,1e-05,100,0.01,2.0,0.2,0.01,0.001,0.001,0.3,0.05,,0.0,1000,2,128,1,8.34,"[0.6715, 0.5831]","[None, None]",2013
814,False,False,64,"(0.6, 0.1, 0.3)",64,4,0,20,1e-05,1e-05,100,0.01,2.0,0.2,0.01,0.001,0.001,0.3,0.05,,0.0,1000,1,64,0,4.04,[0.6847],[None],2014
815,False,False,64,"(0.6, 0.1, 0.3)",64,4,0,20,1e-05,1e-05,100,0.01,2.0,0.2,0.01,0.001,0.001,0.3,0.05,,0.0,1000,3,192,1,13.06,"[0.5884, 0.5401, 0.5646]","[None, None, None]",2015
816,False,False,64,"(0.6, 0.1, 0.3)",64,4,0,20,1e-05,1e-05,100,0.01,2.0,0.2,0.01,0.001,0.001,0.3,0.05,,0.0,1000,1,64,0,4.05,[0.5812],[None],2016
817,False,False,64,"(0.6, 0.1, 0.3)",64,4,0,20,1e-05,1e-05,100,0.01,2.0,0.2,0.01,0.001,0.001,0.3,0.05,,0.0,1000,1,64,0,4.05,[0.74],[None],2017
818,False,False,64,"(0.6, 0.1, 0.3)",64,4,0,20,1e-05,1e-05,100,0.01,2.0,0.2,0.01,0.001,0.001,0.3,0.05,,0.0,1000,2,128,1,8.39,"[0.6006, 0.5827]","[None, None]",2018
819,False,False,64,"(0.6, 0.1, 0.3)",64,4,0,20,1e-05,1e-05,100,0.01,2.0,0.2,0.01,0.001,0.001,0.3,0.05,,0.0,1000,1,64,0,4.05,[0.66],[None],2019
820,False,False,64,"(0.6, 0.1, 0.3)",64,4,0,20,1e-05,1e-05,100,0.01,2.0,0.2,0.01,0.001,0.001,0.3,0.1,,0.0,1000,1,64,0,4.09,[0.6845],[None],2000
821,False,False,64,"(0.6, 0.1, 0.3)",64,4,0,20,1e-05,1e-05,100,0.01,2.0,0.2,0.01,0.001,0.001,0.3,0.1,,0.0,1000,1,64,1,4.06,[0.6255],[None],2001
822,False,False,64,"(0.6, 0.1, 0.3)",64,4,0,20,1e-05,1e-05,100,0.01,2.0,0.2,0.01,0.001,0.001,0.3,0.1,,0.0,1000,1,64,1,4.13,[0.6879],[None],2002
823,False,False,64,"(0.6, 0.1, 0.3)",64,4,0,20,1e-05,1e-05,100,0.01,2.0,0.2,0.01,0.001,0.001,0.3,0.1,,0.0,1000,2,128,0,8.39,"[0.6412, 0.6692]","[None, None]",2003
824,False,False,64,"(0.6, 0.1, 0.3)",64,4,0,20,1e-05,1e-05,100,0.01,2.0,0.2,0.01,0.001,0.001,0.3,0.1,,0.0,1000,1,64,0,4.11,[0.7238],[None],2004
825,False,False,64,"(0.6, 0.1, 0.3)",64,4,0,20,1e-05,1e-05,100,0.01,2.0,0.2,0.01,0.001,0.001,0.3,0.1,,0.0,1000,1,64,0,4.06,[0.6328],[None],2005
826,False,False,64,"(0.6, 0.1, 0.3)",64,4,0,20,1e-05,1e-05,100,0.01,2.0,0.2,0.01,0.001,0.001,0.3,0.1,,0.0,1000,1,64,0,4.06,[0.6815],[None],2006
827,False,False,64,"(0.6, 0.1, 0.3)",64,4,0,20,1e-05,1e-05,100,0.01,2.0,0.2,0.01,0.001,0.001,0.3,0.1,,0.0,1000,1,64,0,4.06,[0.6849],[None],2007
828,False,False,64,"(0.6, 0.1, 0.3)",64,4,0,20,1e-05,1e-05,100,0.01,2.0,0.2,0.01,0.001,0.001,0.3,0.1,,0.0,1000,1,64,1,4.05,[0.4942],[None],2008
829,False,False,64,"(0.6, 0.1, 0.3)",64,4,0,20,1e-05,1e-05,100,0.01,2.0,0.2,0.01,0.001,0.001,0.3,0.1,,0.0,1000,1,64,0,4.05,[0.6651],[None],2009
830,False,False,64,"(0.6, 0.1, 0.3)",64,4,0,20,1e-05,1e-05,100,0.01,2.0,0.2,0.01,0.001,0.001,0.3,0.1,,0.0,1000,1,64,0,4.06,[0.6607],[None],2010
831,False,False,64,"(0.6, 0.1, 0.3)",64,4,0,20,1e-05,1e-05,100,0.01,2.0,0.2,0.01,0.001,0.001,0.3,0.1,,0.0,1000,1,64,1,4.07,[0.6677],[None],2011
832,False,False,64,"(0.6, 0.1, 0.3)",64,4,0,20,1e-05,1e-05,100,0.01,2.0,0.2,0.01,0.001,0.001,0.3,0.1,,0.0,1000,2,128,1,8.44,"[0.5705, 0.6375]","[None, None]",2012
833,False,False,64,"(0.6, 0.1, 0.3)",64,4,0,20,1e-05,1e-05,100,0.01,2.0,0.2,0.01,0.001,0.001,0.3,0.1,,0.0,1000,2,128,1,8.42,"[0.6743, 0.5837]","[None, None]",2013
834,False,False,64,"(0.6, 0.1, 0.3)",64,4,0,20,1e-05,1e-05,100,0.01,2.0,0.2,0.01,0.001,0.001,0.3,0.1,,0.0,1000,1,64,0,4.04,[0.6807],[None],2014
835,False,False,64,"(0.6, 0.1, 0.3)",64,4,0,20,1e-05,1e-05,100,0.01,2.0,0.2,0.01,0.001,0.001,0.3,0.1,,0.0,1000,3,192,1,12.83,"[0.6313, 0.5425, 0.5363]","[None, None, None]",2015
836,False,False,64,"(0.6, 0.1, 0.3)",64,4,0,20,1e-05,1e-05,100,0.01,2.0,0.2,0.01,0.001,0.001,0.3,0.1,,0.0,1000,1,64,0,4.05,[0.5684],[None],2016
837,False,False,64,"(0.6, 0.1, 0.3)",64,4,0,20,1e-05,1e-05,100,0.01,2.0,0.2,0.01,0.001,0.001,0.3,0.1,,0.0,1000,1,64,0,4.12,[0.7203],[None],2017
838,False,False,64,"(0.6, 0.1, 0.3)",64,4,0,20,1e-05,1e-05,100,0.01,2.0,0.2,0.01,0.001,0.001,0.3,0.1,,0.0,1000,2,128,1,8.43,"[0.5755, 0.6204]","[None, None]",2018
839,False,False,64,"(0.6, 0.1, 0.3)",64,4,0,20,1e-05,1e-05,100,0.01,2.0,0.2,0.01,0.001,0.001,0.3,0.1,,0.0,1000,1,64,0,4.24,[0.6681],[None],2019
840,False,False,64,"(0.6, 0.1, 0.3)",64,4,0,20,1e-05,1e-05,100,0.01,2.0,0.2,0.01,0.01,0.001,0.3,0.05,,0.0,1000,1,64,0,4.21,[0.6715],[None],2000
841,False,False,64,"(0.6, 0.1, 0.3)",64,4,0,20,1e-05,1e-05,100,0.01,2.0,0.2,0.01,0.01,0.001,0.3,0.05,,0.0,1000,1,64,0,4.19,[0.6376],[None],2001
842,False,False,64,"(0.6, 0.1, 0.3)",64,4,0,20,1e-05,1e-05,100,0.01,2.0,0.2,0.01,0.01,0.001,0.3,0.05,,0.0,1000,1,64,1,4.2,[0.6571],[None],2002
843,False,False,64,"(0.6, 0.1, 0.3)",64,4,0,20,1e-05,1e-05,100,0.01,2.0,0.2,0.01,0.01,0.001,0.3,0.05,,0.0,1000,2,128,1,8.47,"[0.6449, 0.6391]","[None, None]",2003
844,False,False,64,"(0.6, 0.1, 0.3)",64,4,0,20,1e-05,1e-05,100,0.01,2.0,0.2,0.01,0.01,0.001,0.3,0.05,,0.0,1000,1,64,0,4.04,[0.727],[None],2004
845,False,False,64,"(0.6, 0.1, 0.3)",64,4,0,20,1e-05,1e-05,100,0.01,2.0,0.2,0.01,0.01,0.001,0.3,0.05,,0.0,1000,1,64,0,4.04,[0.6097],[None],2005
846,False,False,64,"(0.6, 0.1, 0.3)",64,4,0,20,1e-05,1e-05,100,0.01,2.0,0.2,0.01,0.01,0.001,0.3,0.05,,0.0,1000,1,64,0,4.04,[0.6698],[None],2006
847,False,False,64,"(0.6, 0.1, 0.3)",64,4,0,20,1e-05,1e-05,100,0.01,2.0,0.2,0.01,0.01,0.001,0.3,0.05,,0.0,1000,1,64,0,4.07,[0.6723],[None],2007
848,False,False,64,"(0.6, 0.1, 0.3)",64,4,0,20,1e-05,1e-05,100,0.01,2.0,0.2,0.01,0.01,0.001,0.3,0.05,,0.0,1000,1,64,1,4.04,[0.5189],[None],2008
849,False,False,64,"(0.6, 0.1, 0.3)",64,4,0,20,1e-05,1e-05,100,0.01,2.0,0.2,0.01,0.01,0.001,0.3,0.05,,0.0,1000,1,64,0,4.04,[0.6415],[None],2009
850,False,False,64,"(0.6, 0.1, 0.3)",64,4,0,20,1e-05,1e-05,100,0.01,2.0,0.2,0.01,0.01,0.001,0.3,0.05,,0.0,1000,1,64,0,4.04,[0.6381],[None],2010
851,False,False,64,"(0.6, 0.1, 0.3)",64,4,0,20,1e-05,1e-05,100,0.01,2.0,0.2,0.01,0.01,0.001,0.3,0.05,,0.0,1000,1,64,1,4.04,[0.657],[None],2011
852,False,False,64,"(0.6, 0.1, 0.3)",64,4,0,20,1e-05,1e-05,100,0.01,2.0,0.2,0.01,0.01,0.001,0.3,0.05,,0.0,1000,2,128,1,8.34,"[0.6123, 0.6621]","[None, None]",2012
853,False,False,64,"(0.6, 0.1, 0.3)",64,4,0,20,1e-05,1e-05,100,0.01,2.0,0.2,0.01,0.01,0.001,0.3,0.05,,0.0,1000,2,128,1,8.34,"[0.6636, 0.5517]","[None, None]",2013
854,False,False,64,"(0.6, 0.1, 0.3)",64,4,0,20,1e-05,1e-05,100,0.01,2.0,0.2,0.01,0.01,0.001,0.3,0.05,,0.0,1000,1,64,0,4.05,[0.6747],[None],2014
855,False,False,64,"(0.6, 0.1, 0.3)",64,4,0,20,1e-05,1e-05,100,0.01,2.0,0.2,0.01,0.01,0.001,0.3,0.05,,0.0,1000,2,128,0,8.35,"[0.5828, 0.5456]","[None, None]",2015
856,False,False,64,"(0.6, 0.1, 0.3)",64,4,0,20,1e-05,1e-05,100,0.01,2.0,0.2,0.01,0.01,0.001,0.3,0.05,,0.0,1000,1,64,0,4.04,[0.5616],[None],2016
857,False,False,64,"(0.6, 0.1, 0.3)",64,4,0,20,1e-05,1e-05,100,0.01,2.0,0.2,0.01,0.01,0.001,0.3,0.05,,0.0,1000,1,64,0,4.07,[0.7326],[None],2017
858,False,False,64,"(0.6, 0.1, 0.3)",64,4,0,20,1e-05,1e-05,100,0.01,2.0,0.2,0.01,0.01,0.001,0.3,0.05,,0.0,1000,2,128,1,8.5,"[0.5903, 0.5666]","[None, None]",2018
859,False,False,64,"(0.6, 0.1, 0.3)",64,4,0,20,1e-05,1e-05,100,0.01,2.0,0.2,0.01,0.01,0.001,0.3,0.05,,0.0,1000,1,64,0,4.05,[0.654],[None],2019
860,False,False,64,"(0.6, 0.1, 0.3)",64,4,0,20,1e-05,1e-05,100,0.01,2.0,0.2,0.01,0.01,0.001,0.3,0.1,,0.0,1000,1,64,0,4.05,[0.6743],[None],2000
861,False,False,64,"(0.6, 0.1, 0.3)",64,4,0,20,1e-05,1e-05,100,0.01,2.0,0.2,0.01,0.01,0.001,0.3,0.1,,0.0,1000,1,64,1,4.05,[0.6182],[None],2001
862,False,False,64,"(0.6, 0.1, 0.3)",64,4,0,20,1e-05,1e-05,100,0.01,2.0,0.2,0.01,0.01,0.001,0.3,0.1,,0.0,1000,1,64,1,4.09,[0.6807],[None],2002
863,False,False,64,"(0.6, 0.1, 0.3)",64,4,0,20,1e-05,1e-05,100,0.01,2.0,0.2,0.01,0.01,0.001,0.3,0.1,,0.0,1000,1,64,0,4.1,[0.6291],[None],2003
864,False,False,64,"(0.6, 0.1, 0.3)",64,4,0,20,1e-05,1e-05,100,0.01,2.0,0.2,0.01,0.01,0.001,0.3,0.1,,0.0,1000,1,64,0,4.05,[0.7156],[None],2004
865,False,False,64,"(0.6, 0.1, 0.3)",64,4,0,20,1e-05,1e-05,100,0.01,2.0,0.2,0.01,0.01,0.001,0.3,0.1,,0.0,1000,1,64,0,4.05,[0.6189],[None],2005
866,False,False,64,"(0.6, 0.1, 0.3)",64,4,0,20,1e-05,1e-05,100,0.01,2.0,0.2,0.01,0.01,0.001,0.3,0.1,,0.0,1000,1,64,0,4.05,[0.6686],[None],2006
867,False,False,64,"(0.6, 0.1, 0.3)",64,4,0,20,1e-05,1e-05,100,0.01,2.0,0.2,0.01,0.01,0.001,0.3,0.1,,0.0,1000,1,64,0,4.07,[0.673],[None],2007
868,False,False,64,"(0.6, 0.1, 0.3)",64,4,0,20,1e-05,1e-05,100,0.01,2.0,0.2,0.01,0.01,0.001,0.3,0.1,,0.0,1000,1,64,1,4.07,[0.4766],[None],2008
869,False,False,64,"(0.6, 0.1, 0.3)",64,4,0,20,1e-05,1e-05,100,0.01,2.0,0.2,0.01,0.01,0.001,0.3,0.1,,0.0,1000,1,64,0,4.04,[0.6559],[None],2009
870,False,False,64,"(0.6, 0.1, 0.3)",64,4,0,20,1e-05,1e-05,100,0.01,2.0,0.2,0.01,0.01,0.001,0.3,0.1,,0.0,1000,1,64,0,4.07,[0.6476],[None],2010
871,False,False,64,"(0.6, 0.1, 0.3)",64,4,0,20,1e-05,1e-05,100,0.01,2.0,0.2,0.01,0.01,0.001,0.3,0.1,,0.0,1000,1,64,1,4.04,[0.6544],[None],2011
872,False,False,64,"(0.6, 0.1, 0.3)",64,4,0,20,1e-05,1e-05,100,0.01,2.0,0.2,0.01,0.01,0.001,0.3,0.1,,0.0,1000,2,128,1,8.39,"[0.5608, 0.634]","[None, None]",2012
873,False,False,64,"(0.6, 0.1, 0.3)",64,4,0,20,1e-05,1e-05,100,0.01,2.0,0.2,0.01,0.01,0.001,0.3,0.1,,0.0,1000,2,128,1,8.34,"[0.6631, 0.5607]","[None, None]",2013
874,False,False,64,"(0.6, 0.1, 0.3)",64,4,0,20,1e-05,1e-05,100,0.01,2.0,0.2,0.01,0.01,0.001,0.3,0.1,,0.0,1000,1,64,0,4.04,[0.6707],[None],2014
875,False,False,64,"(0.6, 0.1, 0.3)",64,4,0,20,1e-05,1e-05,100,0.01,2.0,0.2,0.01,0.01,0.001,0.3,0.1,,0.0,1000,2,128,0,8.34,"[0.6212, 0.5556]","[None, None]",2015
876,False,False,64,"(0.6, 0.1, 0.3)",64,4,0,20,1e-05,1e-05,100,0.01,2.0,0.2,0.01,0.01,0.001,0.3,0.1,,0.0,1000,1,64,0,4.05,[0.5446],[None],2016
877,False,False,64,"(0.6, 0.1, 0.3)",64,4,0,20,1e-05,1e-05,100,0.01,2.0,0.2,0.01,0.01,0.001,0.3,0.1,,0.0,1000,1,64,0,4.04,[0.7115],[None],2017
878,False,False,64,"(0.6, 0.1, 0.3)",64,4,0,20,1e-05,1e-05,100,0.01,2.0,0.2,0.01,0.01,0.001,0.3,0.1,,0.0,1000,2,128,1,8.46,"[0.558, 0.5832]","[None, None]",2018
879,False,False,64,"(0.6, 0.1, 0.3)",64,4,0,20,1e-05,1e-05,100,0.01,2.0,0.2,0.01,0.01,0.001,0.3,0.1,,0.0,1000,1,64,0,4.05,[0.6562],[None],2019
880,False,False,64,"(0.6, 0.1, 0.3)",64,4,0,20,1e-05,1e-05,100,0.01,2.0,0.3,0.01,0.001,0.001,0.3,0.05,,0.0,1000,1,64,0,4.1,[0.6505],[None],2000
881,False,False,64,"(0.6, 0.1, 0.3)",64,4,0,20,1e-05,1e-05,100,0.01,2.0,0.3,0.01,0.001,0.001,0.3,0.05,,0.0,1000,1,64,0,4.05,[0.6274],[None],2001
882,False,False,64,"(0.6, 0.1, 0.3)",64,4,0,20,1e-05,1e-05,100,0.01,2.0,0.3,0.01,0.001,0.001,0.3,0.05,,0.0,1000,1,64,1,4.12,[0.6297],[None],2002
883,False,False,64,"(0.6, 0.1, 0.3)",64,4,0,20,1e-05,1e-05,100,0.01,2.0,0.3,0.01,0.001,0.001,0.3,0.05,,0.0,1000,2,128,0,8.36,"[0.6354, 0.5617]","[None, None]",2003
884,False,False,64,"(0.6, 0.1, 0.3)",64,4,0,20,1e-05,1e-05,100,0.01,2.0,0.3,0.01,0.001,0.001,0.3,0.05,,0.0,1000,1,64,0,4.14,[0.7109],[None],2004
885,False,False,64,"(0.6, 0.1, 0.3)",64,4,0,20,1e-05,1e-05,100,0.01,2.0,0.3,0.01,0.001,0.001,0.3,0.05,,0.0,1000,1,64,0,4.07,[0.5783],[None],2005
886,False,False,64,"(0.6, 0.1, 0.3)",64,4,0,20,1e-05,1e-05,100,0.01,2.0,0.3,0.01,0.001,0.001,0.3,0.05,,0.0,1000,1,64,0,4.06,[0.6467],[None],2006
887,False,False,64,"(0.6, 0.1, 0.3)",64,4,0,20,1e-05,1e-05,100,0.01,2.0,0.3,0.01,0.001,0.001,0.3,0.05,,0.0,1000,1,64,0,4.05,[0.6581],[None],2007
888,False,False,64,"(0.6, 0.1, 0.3)",64,4,0,20,1e-05,1e-05,100,0.01,2.0,0.3,0.01,0.001,0.001,0.3,0.05,,0.0,1000,1,64,1,4.11,[0.5081],[None],2008
889,False,False,64,"(0.6, 0.1, 0.3)",64,4,0,20,1e-05,1e-05,100,0.01,2.0,0.3,0.01,0.001,0.001,0.3,0.05,,0.0,1000,1,64,0,4.06,[0.6101],[None],2009
890,False,False,64,"(0.6, 0.1, 0.3)",64,4,0,20,1e-05,1e-05,100,0.01,2.0,0.3,0.01,0.001,0.001,0.3,0.05,,0.0,1000,1,64,0,4.07,[0.5884],[None],2010
891,False,False,64,"(0.6, 0.1, 0.3)",64,4,0,20,1e-05,1e-05,100,0.01,2.0,0.3,0.01,0.001,0.001,0.3,0.05,,0.0,1000,1,64,1,4.06,[0.6368],[None],2011
892,False,False,64,"(0.6, 0.1, 0.3)",64,4,0,20,1e-05,1e-05,100,0.01,2.0,0.3,0.01,0.001,0.001,0.3,0.05,,0.0,1000,2,128,1,8.38,"[0.6035, 0.6553]","[None, None]",2012
893,False,False,64,"(0.6, 0.1, 0.3)",64,4,0,20,1e-05,1e-05,100,0.01,2.0,0.3,0.01,0.001,0.001,0.3,0.05,,0.0,1000,2,128,1,8.48,"[0.6389, 0.5143]","[None, None]",2013
894,False,False,64,"(0.6, 0.1, 0.3)",64,4,0,20,1e-05,1e-05,100,0.01,2.0,0.3,0.01,0.001,0.001,0.3,0.05,,0.0,1000,1,64,0,4.13,[0.655],[None],2014
895,False,False,64,"(0.6, 0.1, 0.3)",64,4,0,20,1e-05,1e-05,100,0.01,2.0,0.3,0.01,0.001,0.001,0.3,0.05,,0.0,1000,3,192,0,12.88,"[0.535, 0.4953, 0.4466]","[None, None, None]",2015
896,False,False,64,"(0.6, 0.1, 0.3)",64,4,0,20,1e-05,1e-05,100,0.01,2.0,0.3,0.01,0.001,0.001,0.3,0.05,,0.0,1000,1,64,0,4.19,[0.543],[None],2016
897,False,False,64,"(0.6, 0.1, 0.3)",64,4,0,20,1e-05,1e-05,100,0.01,2.0,0.3,0.01,0.001,0.001,0.3,0.05,,0.0,1000,1,64,0,4.2,[0.7236],[None],2017
898,False,False,64,"(0.6, 0.1, 0.3)",64,4,0,20,1e-05,1e-05,100,0.01,2.0,0.3,0.01,0.001,0.001,0.3,0.05,,0.0,1000,2,128,1,8.67,"[0.5764, 0.5376]","[None, None]",2018
899,False,False,64,"(0.6, 0.1, 0.3)",64,4,0,20,1e-05,1e-05,100,0.01,2.0,0.3,0.01,0.001,0.001,0.3,0.05,,0.0,1000,1,64,0,4.1,[0.6422],[None],2019
900,False,False,64,"(0.6, 0.1, 0.3)",64,4,0,20,1e-05,1e-05,100,0.01,2.0,0.3,0.01,0.001,0.001,0.3,0.1,,0.0,1000,1,64,0,4.09,[0.6408],[None],2000
901,False,False,64,"(0.6, 0.1, 0.3)",64,4,0,20,1e-05,1e-05,100,0.01,2.0,0.3,0.01,0.001,0.001,0.3,0.1,,0.0,1000,1,64,0,4.05,[0.5971],[None],2001
902,False,False,64,"(0.6, 0.1, 0.3)",64,4,0,20,1e-05,1e-05,100,0.01,2.0,0.3,0.01,0.001,0.001,0.3,0.1,,0.0,1000,1,64,1,4.05,[0.6607],[None],2002
903,False,False,64,"(0.6, 0.1, 0.3)",64,4,0,20,1e-05,1e-05,100,0.01,2.0,0.3,0.01,0.001,0.001,0.3,0.1,,0.0,1000,1,64,0,4.06,[0.605],[None],2003
904,False,False,64,"(0.6, 0.1, 0.3)",64,4,0,20,1e-05,1e-05,100,0.01,2.0,0.3,0.01,0.001,0.001,0.3,0.1,,0.0,1000,1,64,0,4.07,[0.6944],[None],2004
905,False,False,64,"(0.6, 0.1, 0.3)",64,4,0,20,1e-05,1e-05,100,0.01,2.0,0.3,0.01,0.001,0.001,0.3,0.1,,0.0,1000,1,64,0,4.05,[0.5781],[None],2005
906,False,False,64,"(0.6, 0.1, 0.3)",64,4,0,20,1e-05,1e-05,100,0.01,2.0,0.3,0.01,0.001,0.001,0.3,0.1,,0.0,1000,1,64,0,4.06,[0.638],[None],2006
907,False,False,64,"(0.6, 0.1, 0.3)",64,4,0,20,1e-05,1e-05,100,0.01,2.0,0.3,0.01,0.001,0.001,0.3,0.1,,0.0,1000,1,64,0,4.05,[0.6513],[None],2007
908,False,False,64,"(0.6, 0.1, 0.3)",64,4,0,20,1e-05,1e-05,100,0.01,2.0,0.3,0.01,0.001,0.001,0.3,0.1,,0.0,1000,1,64,1,4.05,[0.4147],[None],2008
909,False,False,64,"(0.6, 0.1, 0.3)",64,4,0,20,1e-05,1e-05,100,0.01,2.0,0.3,0.01,0.001,0.001,0.3,0.1,,0.0,1000,1,64,0,4.05,[0.6202],[None],2009
910,False,False,64,"(0.6, 0.1, 0.3)",64,4,0,20,1e-05,1e-05,100,0.01,2.0,0.3,0.01,0.001,0.001,0.3,0.1,,0.0,1000,1,64,0,4.05,[0.5765],[None],2010
911,False,False,64,"(0.6, 0.1, 0.3)",64,4,0,20,1e-05,1e-05,100,0.01,2.0,0.3,0.01,0.001,0.001,0.3,0.1,,0.0,1000,1,64,1,4.11,[0.6301],[None],2011
912,False,False,64,"(0.6, 0.1, 0.3)",64,4,0,20,1e-05,1e-05,100,0.01,2.0,0.3,0.01,0.001,0.001,0.3,0.1,,0.0,1000,2,128,1,8.56,"[0.5258, 0.6238]","[None, None]",2012
913,False,False,64,"(0.6, 0.1, 0.3)",64,4,0,20,1e-05,1e-05,100,0.01,2.0,0.3,0.01,0.001,0.001,0.3,0.1,,0.0,1000,2,128,1,8.61,"[0.6329, 0.5258]","[None, None]",2013
914,False,False,64,"(0.6, 0.1, 0.3)",64,4,0,20,1e-05,1e-05,100,0.01,2.0,0.3,0.01,0.001,0.001,0.3,0.1,,0.0,1000,1,64,0,4.19,[0.6456],[None],2014
915,False,False,64,"(0.6, 0.1, 0.3)",64,4,0,20,1e-05,1e-05,100,0.01,2.0,0.3,0.01,0.001,0.001,0.3,0.1,,0.0,1000,2,128,0,8.46,"[0.5788, 0.5134]","[None, None]",2015
916,False,False,64,"(0.6, 0.1, 0.3)",64,4,0,20,1e-05,1e-05,100,0.01,2.0,0.3,0.01,0.001,0.001,0.3,0.1,,0.0,1000,1,64,0,4.06,[0.5095],[None],2016
917,False,False,64,"(0.6, 0.1, 0.3)",64,4,0,20,1e-05,1e-05,100,0.01,2.0,0.3,0.01,0.001,0.001,0.3,0.1,,0.0,1000,1,64,0,4.04,[0.6893],[None],2017
918,False,False,64,"(0.6, 0.1, 0.3)",64,4,0,20,1e-05,1e-05,100,0.01,2.0,0.3,0.01,0.001,0.001,0.3,0.1,,0.0,1000,2,128,1,8.43,"[0.5136, 0.5612]","[None, None]",2018
919,False,False,64,"(0.6, 0.1, 0.3)",64,4,0,20,1e-05,1e-05,100,0.01,2.0,0.3,0.01,0.001,0.001,0.3,0.1,,0.0,1000,1,64,0,4.05,[0.636],[None],2019
920,False,False,64,"(0.6, 0.1, 0.3)",64,4,0,20,1e-05,1e-05,100,0.01,2.0,0.3,0.01,0.01,0.001,0.3,0.05,,0.0,1000,1,64,0,4.05,[0.6386],[None],2000
921,False,False,64,"(0.6, 0.1, 0.3)",64,4,0,20,1e-05,1e-05,100,0.01,2.0,0.3,0.01,0.01,0.001,0.3,0.05,,0.0,1000,1,64,0,4.06,[0.6208],[None],2001
922,False,False,64,"(0.6, 0.1, 0.3)",64,4,0,20,1e-05,1e-05,100,0.01,2.0,0.3,0.01,0.01,0.001,0.3,0.05,,0.0,1000,1,64,1,4.18,[0.6206],[None],2002
923,False,False,64,"(0.6, 0.1, 0.3)",64,4,0,20,1e-05,1e-05,100,0.01,2.0,0.3,0.01,0.01,0.001,0.3,0.05,,0.0,1000,2,128,0,8.43,"[0.6255, 0.5375]","[None, None]",2003
924,False,False,64,"(0.6, 0.1, 0.3)",64,4,0,20,1e-05,1e-05,100,0.01,2.0,0.3,0.01,0.01,0.001,0.3,0.05,,0.0,1000,1,64,0,4.05,[0.7026],[None],2004
925,False,False,64,"(0.6, 0.1, 0.3)",64,4,0,20,1e-05,1e-05,100,0.01,2.0,0.3,0.01,0.01,0.001,0.3,0.05,,0.0,1000,1,64,0,4.04,[0.5638],[None],2005
926,False,False,64,"(0.6, 0.1, 0.3)",64,4,0,20,1e-05,1e-05,100,0.01,2.0,0.3,0.01,0.01,0.001,0.3,0.05,,0.0,1000,1,64,0,4.17,[0.6346],[None],2006
927,False,False,64,"(0.6, 0.1, 0.3)",64,4,0,20,1e-05,1e-05,100,0.01,2.0,0.3,0.01,0.01,0.001,0.3,0.05,,0.0,1000,1,64,0,4.13,[0.651],[None],2007
928,False,False,64,"(0.6, 0.1, 0.3)",64,4,0,20,1e-05,1e-05,100,0.01,2.0,0.3,0.01,0.01,0.001,0.3,0.05,,0.0,1000,1,64,1,4.04,[0.4952],[None],2008
929,False,False,64,"(0.6, 0.1, 0.3)",64,4,0,20,1e-05,1e-05,100,0.01,2.0,0.3,0.01,0.01,0.001,0.3,0.05,,0.0,1000,1,64,0,4.2,[0.5975],[None],2009
930,False,False,64,"(0.6, 0.1, 0.3)",64,4,0,20,1e-05,1e-05,100,0.01,2.0,0.3,0.01,0.01,0.001,0.3,0.05,,0.0,1000,1,64,0,4.21,[0.5715],[None],2010
931,False,False,64,"(0.6, 0.1, 0.3)",64,4,0,20,1e-05,1e-05,100,0.01,2.0,0.3,0.01,0.01,0.001,0.3,0.05,,0.0,1000,1,64,1,4.05,[0.626],[None],2011
932,False,False,64,"(0.6, 0.1, 0.3)",64,4,0,20,1e-05,1e-05,100,0.01,2.0,0.3,0.01,0.01,0.001,0.3,0.05,,0.0,1000,2,128,1,8.43,"[0.5969, 0.621]","[None, None]",2012
933,False,False,64,"(0.6, 0.1, 0.3)",64,4,0,20,1e-05,1e-05,100,0.01,2.0,0.3,0.01,0.01,0.001,0.3,0.05,,0.0,1000,2,128,1,8.38,"[0.6277, 0.5471]","[None, None]",2013
934,False,False,64,"(0.6, 0.1, 0.3)",64,4,0,20,1e-05,1e-05,100,0.01,2.0,0.3,0.01,0.01,0.001,0.3,0.05,,0.0,1000,1,64,0,4.07,[0.6465],[None],2014
935,False,False,64,"(0.6, 0.1, 0.3)",64,4,0,20,1e-05,1e-05,100,0.01,2.0,0.3,0.01,0.01,0.001,0.3,0.05,,0.0,1000,2,128,0,8.61,"[0.5264, 0.5095]","[None, None]",2015
936,False,False,64,"(0.6, 0.1, 0.3)",64,4,0,20,1e-05,1e-05,100,0.01,2.0,0.3,0.01,0.01,0.001,0.3,0.05,,0.0,1000,1,64,0,4.21,[0.5267],[None],2016
937,False,False,64,"(0.6, 0.1, 0.3)",64,4,0,20,1e-05,1e-05,100,0.01,2.0,0.3,0.01,0.01,0.001,0.3,0.05,,0.0,1000,1,64,0,4.18,[0.7154],[None],2017
938,False,False,64,"(0.6, 0.1, 0.3)",64,4,0,20,1e-05,1e-05,100,0.01,2.0,0.3,0.01,0.01,0.001,0.3,0.05,,0.0,1000,2,128,1,8.58,"[0.5646, 0.5282]","[None, None]",2018
939,False,False,64,"(0.6, 0.1, 0.3)",64,4,0,20,1e-05,1e-05,100,0.01,2.0,0.3,0.01,0.01,0.001,0.3,0.05,,0.0,1000,1,64,0,4.2,[0.6327],[None],2019
940,False,False,64,"(0.6, 0.1, 0.3)",64,4,0,20,1e-05,1e-05,100,0.01,2.0,0.3,0.01,0.01,0.001,0.3,0.1,,0.0,1000,1,64,0,4.2,[0.6274],[None],2000
941,False,False,64,"(0.6, 0.1, 0.3)",64,4,0,20,1e-05,1e-05,100,0.01,2.0,0.3,0.01,0.01,0.001,0.3,0.1,,0.0,1000,1,64,1,4.19,[0.5865],[None],2001
942,False,False,64,"(0.6, 0.1, 0.3)",64,4,0,20,1e-05,1e-05,100,0.01,2.0,0.3,0.01,0.01,0.001,0.3,0.1,,0.0,1000,1,64,1,4.18,[0.6496],[None],2002
943,False,False,64,"(0.6, 0.1, 0.3)",64,4,0,20,1e-05,1e-05,100,0.01,2.0,0.3,0.01,0.01,0.001,0.3,0.1,,0.0,1000,1,64,0,4.11,[0.5905],[None],2003
944,False,False,64,"(0.6, 0.1, 0.3)",64,4,0,20,1e-05,1e-05,100,0.01,2.0,0.3,0.01,0.01,0.001,0.3,0.1,,0.0,1000,1,64,0,4.22,[0.6832],[None],2004
945,False,False,64,"(0.6, 0.1, 0.3)",64,4,0,20,1e-05,1e-05,100,0.01,2.0,0.3,0.01,0.01,0.001,0.3,0.1,,0.0,1000,1,64,0,4.08,[0.5601],[None],2005
946,False,False,64,"(0.6, 0.1, 0.3)",64,4,0,20,1e-05,1e-05,100,0.01,2.0,0.3,0.01,0.01,0.001,0.3,0.1,,0.0,1000,1,64,0,4.05,[0.6211],[None],2006
947,False,False,64,"(0.6, 0.1, 0.3)",64,4,0,20,1e-05,1e-05,100,0.01,2.0,0.3,0.01,0.01,0.001,0.3,0.1,,0.0,1000,1,64,0,4.06,[0.6396],[None],2007
948,False,False,64,"(0.6, 0.1, 0.3)",64,4,0,20,1e-05,1e-05,100,0.01,2.0,0.3,0.01,0.01,0.001,0.3,0.1,,0.0,1000,1,64,1,4.1,[0.3899],[None],2008
949,False,False,64,"(0.6, 0.1, 0.3)",64,4,0,20,1e-05,1e-05,100,0.01,2.0,0.3,0.01,0.01,0.001,0.3,0.1,,0.0,1000,1,64,0,4.05,[0.6056],[None],2009
950,False,False,64,"(0.6, 0.1, 0.3)",64,4,0,20,1e-05,1e-05,100,0.01,2.0,0.3,0.01,0.01,0.001,0.3,0.1,,0.0,1000,1,64,0,4.05,[0.5594],[None],2010
951,False,False,64,"(0.6, 0.1, 0.3)",64,4,0,20,1e-05,1e-05,100,0.01,2.0,0.3,0.01,0.01,0.001,0.3,0.1,,0.0,1000,1,64,1,4.06,[0.6157],[None],2011
952,False,False,64,"(0.6, 0.1, 0.3)",64,4,0,20,1e-05,1e-05,100,0.01,2.0,0.3,0.01,0.01,0.001,0.3,0.1,,0.0,1000,2,128,1,8.45,"[0.516, 0.5756]","[None, None]",2012
953,False,False,64,"(0.6, 0.1, 0.3)",64,4,0,20,1e-05,1e-05,100,0.01,2.0,0.3,0.01,0.01,0.001,0.3,0.1,,0.0,1000,2,128,1,8.64,"[0.6184, 0.5064]","[None, None]",2013
954,False,False,64,"(0.6, 0.1, 0.3)",64,4,0,20,1e-05,1e-05,100,0.01,2.0,0.3,0.01,0.01,0.001,0.3,0.1,,0.0,1000,1,64,0,4.2,[0.6336],[None],2014
955,False,False,64,"(0.6, 0.1, 0.3)",64,4,0,20,1e-05,1e-05,100,0.01,2.0,0.3,0.01,0.01,0.001,0.3,0.1,,0.0,1000,2,128,0,8.66,"[0.5658, 0.5275]","[None, None]",2015
956,False,False,64,"(0.6, 0.1, 0.3)",64,4,0,20,1e-05,1e-05,100,0.01,2.0,0.3,0.01,0.01,0.001,0.3,0.1,,0.0,1000,1,64,0,4.19,[0.4842],[None],2016
957,False,False,64,"(0.6, 0.1, 0.3)",64,4,0,20,1e-05,1e-05,100,0.01,2.0,0.3,0.01,0.01,0.001,0.3,0.1,,0.0,1000,1,64,0,4.18,[0.6767],[None],2017
958,False,False,64,"(0.6, 0.1, 0.3)",64,4,0,20,1e-05,1e-05,100,0.01,2.0,0.3,0.01,0.01,0.001,0.3,0.1,,0.0,1000,2,128,1,8.39,"[0.4928, 0.5438]","[None, None]",2018
959,False,False,64,"(0.6, 0.1, 0.3)",64,4,0,20,1e-05,1e-05,100,0.01,2.0,0.3,0.01,0.01,0.001,0.3,0.1,,0.0,1000,1,64,0,4.28,[0.6227],[None],2019
960,False,False,64,"(0.6, 0.1, 0.3)",64,4,0,20,1e-05,1e-05,100,0.01,3.0,0.01,0.01,0.001,0.001,0.3,0.05,,0.0,1000,1,64,0,4.19,[0.6804],[None],2000
961,False,False,64,"(0.6, 0.1, 0.3)",64,4,0,20,1e-05,1e-05,100,0.01,3.0,0.01,0.01,0.001,0.001,0.3,0.05,,0.0,1000,1,64,0,4.05,[0.665],[None],2001
962,False,False,64,"(0.6, 0.1, 0.3)",64,4,0,20,1e-05,1e-05,100,0.01,3.0,0.01,0.01,0.001,0.001,0.3,0.05,,0.0,1000,1,64,1,4.05,[0.6186],[None],2002
963,False,False,64,"(0.6, 0.1, 0.3)",64,4,0,20,1e-05,1e-05,100,0.01,3.0,0.01,0.01,0.001,0.001,0.3,0.05,,0.0,1000,2,128,0,8.38,"[0.6322, 0.5633]","[None, None]",2003
964,False,False,64,"(0.6, 0.1, 0.3)",64,4,0,20,1e-05,1e-05,100,0.01,3.0,0.01,0.01,0.001,0.001,0.3,0.05,,0.0,1000,1,64,0,4.05,[0.7185],[None],2004
965,False,False,64,"(0.6, 0.1, 0.3)",64,4,0,20,1e-05,1e-05,100,0.01,3.0,0.01,0.01,0.001,0.001,0.3,0.05,,0.0,1000,1,64,0,4.15,[0.5901],[None],2005
966,False,False,64,"(0.6, 0.1, 0.3)",64,4,0,20,1e-05,1e-05,100,0.01,3.0,0.01,0.01,0.001,0.001,0.3,0.05,,0.0,1000,1,64,0,4.2,[0.6586],[None],2006
967,False,False,64,"(0.6, 0.1, 0.3)",64,4,0,20,1e-05,1e-05,100,0.01,3.0,0.01,0.01,0.001,0.001,0.3,0.05,,0.0,1000,1,64,0,4.19,[0.6715],[None],2007
968,False,False,64,"(0.6, 0.1, 0.3)",64,4,0,20,1e-05,1e-05,100,0.01,3.0,0.01,0.01,0.001,0.001,0.3,0.05,,0.0,1000,1,64,1,4.18,[0.543],[None],2008
969,False,False,64,"(0.6, 0.1, 0.3)",64,4,0,20,1e-05,1e-05,100,0.01,3.0,0.01,0.01,0.001,0.001,0.3,0.05,,0.0,1000,1,64,0,4.19,[0.622],[None],2009
970,False,False,64,"(0.6, 0.1, 0.3)",64,4,0,20,1e-05,1e-05,100,0.01,3.0,0.01,0.01,0.001,0.001,0.3,0.05,,0.0,1000,1,64,0,4.22,[0.6295],[None],2010
971,False,False,64,"(0.6, 0.1, 0.3)",64,4,0,20,1e-05,1e-05,100,0.01,3.0,0.01,0.01,0.001,0.001,0.3,0.05,,0.0,1000,1,64,1,4.1,[0.6478],[None],2011
972,False,False,64,"(0.6, 0.1, 0.3)",64,4,0,20,1e-05,1e-05,100,0.01,3.0,0.01,0.01,0.001,0.001,0.3,0.05,,0.0,1000,1,64,0,4.1,[0.6638],[None],2012
973,False,False,64,"(0.6, 0.1, 0.3)",64,4,0,20,1e-05,1e-05,100,0.01,3.0,0.01,0.01,0.001,0.001,0.3,0.05,,0.0,1000,2,128,1,8.68,"[0.6314, 0.4213]","[None, None]",2013
974,False,False,64,"(0.6, 0.1, 0.3)",64,4,0,20,1e-05,1e-05,100,0.01,3.0,0.01,0.01,0.001,0.001,0.3,0.05,,0.0,1000,1,64,0,4.18,[0.6933],[None],2014
975,False,False,64,"(0.6, 0.1, 0.3)",64,4,0,20,1e-05,1e-05,100,0.01,3.0,0.01,0.01,0.001,0.001,0.3,0.05,,0.0,1000,2,128,0,8.34,"[0.5483, 0.409]","[None, None]",2015
976,False,False,64,"(0.6, 0.1, 0.3)",64,4,0,20,1e-05,1e-05,100,0.01,3.0,0.01,0.01,0.001,0.001,0.3,0.05,,0.0,1000,1,64,0,4.04,[0.5868],[None],2016
977,False,False,64,"(0.6, 0.1, 0.3)",64,4,0,20,1e-05,1e-05,100,0.01,3.0,0.01,0.01,0.001,0.001,0.3,0.05,,0.0,1000,1,64,0,4.05,[0.7419],[None],2017
978,False,False,64,"(0.6, 0.1, 0.3)",64,4,0,20,1e-05,1e-05,100,0.01,3.0,0.01,0.01,0.001,0.001,0.3,0.05,,0.0,1000,2,128,1,8.35,"[0.6272, 0.5307]","[None, None]",2018
979,False,False,64,"(0.6, 0.1, 0.3)",64,4,0,20,1e-05,1e-05,100,0.01,3.0,0.01,0.01,0.001,0.001,0.3,0.05,,0.0,1000,1,64,0,4.04,[0.6082],[None],2019
980,False,False,64,"(0.6, 0.1, 0.3)",64,4,0,20,1e-05,1e-05,100,0.01,3.0,0.01,0.01,0.001,0.001,0.3,0.1,,0.0,1000,1,64,0,4.04,[0.6804],[None],2000
981,False,False,64,"(0.6, 0.1, 0.3)",64,4,0,20,1e-05,1e-05,100,0.01,3.0,0.01,0.01,0.001,0.001,0.3,0.1,,0.0,1000,1,64,0,4.05,[0.6652],[None],2001
982,False,False,64,"(0.6, 0.1, 0.3)",64,4,0,20,1e-05,1e-05,100,0.01,3.0,0.01,0.01,0.001,0.001,0.3,0.1,,0.0,1000,1,64,1,4.05,[0.6173],[None],2002
983,False,False,64,"(0.6, 0.1, 0.3)",64,4,0,20,1e-05,1e-05,100,0.01,3.0,0.01,0.01,0.001,0.001,0.3,0.1,,0.0,1000,2,128,0,8.35,"[0.6346, 0.5741]","[None, None]",2003
984,False,False,64,"(0.6, 0.1, 0.3)",64,4,0,20,1e-05,1e-05,100,0.01,3.0,0.01,0.01,0.001,0.001,0.3,0.1,,0.0,1000,1,64,0,4.11,[0.7175],[None],2004
985,False,False,64,"(0.6, 0.1, 0.3)",64,4,0,20,1e-05,1e-05,100,0.01,3.0,0.01,0.01,0.001,0.001,0.3,0.1,,0.0,1000,1,64,0,4.04,[0.5884],[None],2005
986,False,False,64,"(0.6, 0.1, 0.3)",64,4,0,20,1e-05,1e-05,100,0.01,3.0,0.01,0.01,0.001,0.001,0.3,0.1,,0.0,1000,1,64,0,4.04,[0.6582],[None],2006
987,False,False,64,"(0.6, 0.1, 0.3)",64,4,0,20,1e-05,1e-05,100,0.01,3.0,0.01,0.01,0.001,0.001,0.3,0.1,,0.0,1000,1,64,0,4.04,[0.6717],[None],2007
988,False,False,64,"(0.6, 0.1, 0.3)",64,4,0,20,1e-05,1e-05,100,0.01,3.0,0.01,0.01,0.001,0.001,0.3,0.1,,0.0,1000,1,64,1,4.23,[0.5425],[None],2008
989,False,False,64,"(0.6, 0.1, 0.3)",64,4,0,20,1e-05,1e-05,100,0.01,3.0,0.01,0.01,0.001,0.001,0.3,0.1,,0.0,1000,1,64,0,4.2,[0.6177],[None],2009
990,False,False,64,"(0.6, 0.1, 0.3)",64,4,0,20,1e-05,1e-05,100,0.01,3.0,0.01,0.01,0.001,0.001,0.3,0.1,,0.0,1000,1,64,0,4.19,[0.6312],[None],2010
991,False,False,64,"(0.6, 0.1, 0.3)",64,4,0,20,1e-05,1e-05,100,0.01,3.0,0.01,0.01,0.001,0.001,0.3,0.1,,0.0,1000,1,64,1,4.06,[0.6457],[None],2011
992,False,False,64,"(0.6, 0.1, 0.3)",64,4,0,20,1e-05,1e-05,100,0.01,3.0,0.01,0.01,0.001,0.001,0.3,0.1,,0.0,1000,1,64,0,4.08,[0.6648],[None],2012
993,False,False,64,"(0.6, 0.1, 0.3)",64,4,0,20,1e-05,1e-05,100,0.01,3.0,0.01,0.01,0.001,0.001,0.3,0.1,,0.0,1000,2,128,1,8.37,"[0.63, 0.4269]","[None, None]",2013
994,False,False,64,"(0.6, 0.1, 0.3)",64,4,0,20,1e-05,1e-05,100,0.01,3.0,0.01,0.01,0.001,0.001,0.3,0.1,,0.0,1000,1,64,0,4.17,[0.6934],[None],2014
995,False,False,64,"(0.6, 0.1, 0.3)",64,4,0,20,1e-05,1e-05,100,0.01,3.0,0.01,0.01,0.001,0.001,0.3,0.1,,0.0,1000,2,128,0,8.71,"[0.5452, 0.3909]","[None, None]",2015
996,False,False,64,"(0.6, 0.1, 0.3)",64,4,0,20,1e-05,1e-05,100,0.01,3.0,0.01,0.01,0.001,0.001,0.3,0.1,,0.0,1000,1,64,0,4.06,[0.5893],[None],2016
997,False,False,64,"(0.6, 0.1, 0.3)",64,4,0,20,1e-05,1e-05,100,0.01,3.0,0.01,0.01,0.001,0.001,0.3,0.1,,0.0,1000,1,64,0,4.07,[0.742],[None],2017
998,False,False,64,"(0.6, 0.1, 0.3)",64,4,0,20,1e-05,1e-05,100,0.01,3.0,0.01,0.01,0.001,0.001,0.3,0.1,,0.0,1000,2,128,1,8.41,"[0.6287, 0.529]","[None, None]",2018
999,False,False,64,"(0.6, 0.1, 0.3)",64,4,0,20,1e-05,1e-05,100,0.01,3.0,0.01,0.01,0.001,0.001,0.3,0.1,,0.0,1000,1,64,0,4.04,[0.6073],[None],2019
1000,False,False,64,"(0.6, 0.1, 0.3)",64,4,0,20,1e-05,1e-05,100,0.01,3.0,0.01,0.01,0.01,0.001,0.3,0.05,,0.0,1000,1,64,0,4.05,[0.6757],[None],2000
1001,False,False,64,"(0.6, 0.1, 0.3)",64,4,0,20,1e-05,1e-05,100,0.01,3.0,0.01,0.01,0.01,0.001,0.3,0.05,,0.0,1000,1,64,0,4.04,[0.6638],[None],2001
1002,False,False,64,"(0.6, 0.1, 0.3)",64,4,0,20,1e-05,1e-05,100,0.01,3.0,0.01,0.01,0.01,0.001,0.3,0.05,,0.0,1000,1,64,1,4.04,[0.6115],[None],2002
1003,False,False,64,"(0.6, 0.1, 0.3)",64,4,0,20,1e-05,1e-05,100,0.01,3.0,0.01,0.01,0.01,0.001,0.3,0.05,,0.0,1000,2,128,1,8.34,"[0.6264, 0.5577]","[None, None]",2003
1004,False,False,64,"(0.6, 0.1, 0.3)",64,4,0,20,1e-05,1e-05,100,0.01,3.0,0.01,0.01,0.01,0.001,0.3,0.05,,0.0,1000,1,64,0,4.04,[0.7125],[None],2004
1005,False,False,64,"(0.6, 0.1, 0.3)",64,4,0,20,1e-05,1e-05,100,0.01,3.0,0.01,0.01,0.01,0.001,0.3,0.05,,0.0,1000,1,64,0,4.04,[0.5844],[None],2005
1006,False,False,64,"(0.6, 0.1, 0.3)",64,4,0,20,1e-05,1e-05,100,0.01,3.0,0.01,0.01,0.01,0.001,0.3,0.05,,0.0,1000,1,64,0,4.05,[0.6493],[None],2006
1007,False,False,64,"(0.6, 0.1, 0.3)",64,4,0,20,1e-05,1e-05,100,0.01,3.0,0.01,0.01,0.01,0.001,0.3,0.05,,0.0,1000,1,64,0,4.04,[0.6649],[None],2007
1008,False,False,64,"(0.6, 0.1, 0.3)",64,4,0,20,1e-05,1e-05,100,0.01,3.0,0.01,0.01,0.01,0.001,0.3,0.05,,0.0,1000,1,64,1,4.09,[0.5346],[None],2008
1009,False,False,64,"(0.6, 0.1, 0.3)",64,4,0,20,1e-05,1e-05,100,0.01,3.0,0.01,0.01,0.01,0.001,0.3,0.05,,0.0,1000,1,64,0,4.07,[0.6124],[None],2009
1010,False,False,64,"(0.6, 0.1, 0.3)",64,4,0,20,1e-05,1e-05,100,0.01,3.0,0.01,0.01,0.01,0.001,0.3,0.05,,0.0,1000,1,64,0,4.04,[0.6233],[None],2010
1011,False,False,64,"(0.6, 0.1, 0.3)",64,4,0,20,1e-05,1e-05,100,0.01,3.0,0.01,0.01,0.01,0.001,0.3,0.05,,0.0,1000,1,64,1,4.04,[0.6432],[None],2011
1012,False,False,64,"(0.6, 0.1, 0.3)",64,4,0,20,1e-05,1e-05,100,0.01,3.0,0.01,0.01,0.01,0.001,0.3,0.05,,0.0,1000,2,128,1,8.43,"[0.6559, 0.5812]","[None, None]",2012
1013,False,False,64,"(0.6, 0.1, 0.3)",64,4,0,20,1e-05,1e-05,100,0.01,3.0,0.01,0.01,0.01,0.001,0.3,0.05,,0.0,1000,2,128,1,8.46,"[0.6253, 0.4293]","[None, None]",2013
1014,False,False,64,"(0.6, 0.1, 0.3)",64,4,0,20,1e-05,1e-05,100,0.01,3.0,0.01,0.01,0.01,0.001,0.3,0.05,,0.0,1000,1,64,0,4.2,[0.6863],[None],2014
1015,False,False,64,"(0.6, 0.1, 0.3)",64,4,0,20,1e-05,1e-05,100,0.01,3.0,0.01,0.01,0.01,0.001,0.3,0.05,,0.0,1000,2,128,0,8.65,"[0.5437, 0.4033]","[None, None]",2015
1016,False,False,64,"(0.6, 0.1, 0.3)",64,4,0,20,1e-05,1e-05,100,0.01,3.0,0.01,0.01,0.01,0.001,0.3,0.05,,0.0,1000,1,64,0,4.17,[0.5752],[None],2016
1017,False,False,64,"(0.6, 0.1, 0.3)",64,4,0,20,1e-05,1e-05,100,0.01,3.0,0.01,0.01,0.01,0.001,0.3,0.05,,0.0,1000,1,64,0,4.17,[0.7373],[None],2017
1018,False,False,64,"(0.6, 0.1, 0.3)",64,4,0,20,1e-05,1e-05,100,0.01,3.0,0.01,0.01,0.01,0.001,0.3,0.05,,0.0,1000,2,128,1,8.48,"[0.6174, 0.5065]","[None, None]",2018
1019,False,False,64,"(0.6, 0.1, 0.3)",64,4,0,20,1e-05,1e-05,100,0.01,3.0,0.01,0.01,0.01,0.001,0.3,0.05,,0.0,1000,1,64,0,4.05,[0.6095],[None],2019
1020,False,False,64,"(0.6, 0.1, 0.3)",64,4,0,20,1e-05,1e-05,100,0.01,3.0,0.01,0.01,0.01,0.001,0.3,0.1,,0.0,1000,1,64,0,4.05,[0.676],[None],2000
1021,False,False,64,"(0.6, 0.1, 0.3)",64,4,0,20,1e-05,1e-05,100,0.01,3.0,0.01,0.01,0.01,0.001,0.3,0.1,,0.0,1000,1,64,0,4.12,[0.6641],[None],2001
1022,False,False,64,"(0.6, 0.1, 0.3)",64,4,0,20,1e-05,1e-05,100,0.01,3.0,0.01,0.01,0.01,0.001,0.3,0.1,,0.0,1000,1,64,1,4.04,[0.6165],[None],2002
1023,False,False,64,"(0.6, 0.1, 0.3)",64,4,0,20,1e-05,1e-05,100,0.01,3.0,0.01,0.01,0.01,0.001,0.3,0.1,,0.0,1000,2,128,1,8.41,"[0.6277, 0.5684]","[None, None]",2003
1024,False,False,64,"(0.6, 0.1, 0.3)",64,4,0,20,1e-05,1e-05,100,0.01,3.0,0.01,0.01,0.01,0.001,0.3,0.1,,0.0,1000,1,64,0,4.05,[0.7125],[None],2004
1025,False,False,64,"(0.6, 0.1, 0.3)",64,4,0,20,1e-05,1e-05,100,0.01,3.0,0.01,0.01,0.01,0.001,0.3,0.1,,0.0,1000,1,64,0,4.09,[0.5842],[None],2005
1026,False,False,64,"(0.6, 0.1, 0.3)",64,4,0,20,1e-05,1e-05,100,0.01,3.0,0.01,0.01,0.01,0.001,0.3,0.1,,0.0,1000,1,64,0,4.06,[0.6497],[None],2006
1027,False,False,64,"(0.6, 0.1, 0.3)",64,4,0,20,1e-05,1e-05,100,0.01,3.0,0.01,0.01,0.01,0.001,0.3,0.1,,0.0,1000,1,64,0,4.08,[0.6663],[None],2007
1028,False,False,64,"(0.6, 0.1, 0.3)",64,4,0,20,1e-05,1e-05,100,0.01,3.0,0.01,0.01,0.01,0.001,0.3,0.1,,0.0,1000,1,64,1,4.05,[0.5339],[None],2008
1029,False,False,64,"(0.6, 0.1, 0.3)",64,4,0,20,1e-05,1e-05,100,0.01,3.0,0.01,0.01,0.01,0.001,0.3,0.1,,0.0,1000,1,64,0,4.05,[0.6123],[None],2009
1030,False,False,64,"(0.6, 0.1, 0.3)",64,4,0,20,1e-05,1e-05,100,0.01,3.0,0.01,0.01,0.01,0.001,0.3,0.1,,0.0,1000,1,64,0,4.05,[0.6256],[None],2010
1031,False,False,64,"(0.6, 0.1, 0.3)",64,4,0,20,1e-05,1e-05,100,0.01,3.0,0.01,0.01,0.01,0.001,0.3,0.1,,0.0,1000,1,64,1,4.08,[0.643],[None],2011
1032,False,False,64,"(0.6, 0.1, 0.3)",64,4,0,20,1e-05,1e-05,100,0.01,3.0,0.01,0.01,0.01,0.001,0.3,0.1,,0.0,1000,2,128,1,8.39,"[0.6564, 0.582]","[None, None]",2012
1033,False,False,64,"(0.6, 0.1, 0.3)",64,4,0,20,1e-05,1e-05,100,0.01,3.0,0.01,0.01,0.01,0.001,0.3,0.1,,0.0,1000,2,128,1,8.49,"[0.6252, 0.4234]","[None, None]",2013
1034,False,False,64,"(0.6, 0.1, 0.3)",64,4,0,20,1e-05,1e-05,100,0.01,3.0,0.01,0.01,0.01,0.001,0.3,0.1,,0.0,1000,2,128,1,8.37,"[0.6875, 0.5161]","[None, None]",2014
1035,False,False,64,"(0.6, 0.1, 0.3)",64,4,0,20,1e-05,1e-05,100,0.01,3.0,0.01,0.01,0.01,0.001,0.3,0.1,,0.0,1000,2,128,0,8.44,"[0.5414, 0.4041]","[None, None]",2015
1036,False,False,64,"(0.6, 0.1, 0.3)",64,4,0,20,1e-05,1e-05,100,0.01,3.0,0.01,0.01,0.01,0.001,0.3,0.1,,0.0,1000,1,64,0,4.05,[0.5763],[None],2016
1037,False,False,64,"(0.6, 0.1, 0.3)",64,4,0,20,1e-05,1e-05,100,0.01,3.0,0.01,0.01,0.01,0.001,0.3,0.1,,0.0,1000,1,64,0,4.05,[0.7373],[None],2017
1038,False,False,64,"(0.6, 0.1, 0.3)",64,4,0,20,1e-05,1e-05,100,0.01,3.0,0.01,0.01,0.01,0.001,0.3,0.1,,0.0,1000,2,128,1,8.37,"[0.6185, 0.5215]","[None, None]",2018
1039,False,False,64,"(0.6, 0.1, 0.3)",64,4,0,20,1e-05,1e-05,100,0.01,3.0,0.01,0.01,0.01,0.001,0.3,0.1,,0.0,1000,1,64,0,4.05,[0.608],[None],2019
1040,False,False,64,"(0.6, 0.1, 0.3)",64,4,0,20,1e-05,1e-05,100,0.01,3.0,0.1,0.01,0.001,0.001,0.3,0.05,,0.0,1000,1,64,0,4.15,[0.6658],[None],2000
1041,False,False,64,"(0.6, 0.1, 0.3)",64,4,0,20,1e-05,1e-05,100,0.01,3.0,0.1,0.01,0.001,0.001,0.3,0.05,,0.0,1000,1,64,0,4.18,[0.6419],[None],2001
1042,False,False,64,"(0.6, 0.1, 0.3)",64,4,0,20,1e-05,1e-05,100,0.01,3.0,0.1,0.01,0.001,0.001,0.3,0.05,,0.0,1000,1,64,1,4.2,[0.6203],[None],2002
1043,False,False,64,"(0.6, 0.1, 0.3)",64,4,0,20,1e-05,1e-05,100,0.01,3.0,0.1,0.01,0.001,0.001,0.3,0.05,,0.0,1000,2,128,0,8.64,"[0.6194, 0.5635]","[None, None]",2003
1044,False,False,64,"(0.6, 0.1, 0.3)",64,4,0,20,1e-05,1e-05,100,0.01,3.0,0.1,0.01,0.001,0.001,0.3,0.05,,0.0,1000,1,64,0,4.16,[0.7128],[None],2004
1045,False,False,64,"(0.6, 0.1, 0.3)",64,4,0,20,1e-05,1e-05,100,0.01,3.0,0.1,0.01,0.001,0.001,0.3,0.05,,0.0,1000,1,64,0,4.04,[0.5829],[None],2005
1046,False,False,64,"(0.6, 0.1, 0.3)",64,4,0,20,1e-05,1e-05,100,0.01,3.0,0.1,0.01,0.001,0.001,0.3,0.05,,0.0,1000,1,64,0,4.04,[0.6459],[None],2006
1047,False,False,64,"(0.6, 0.1, 0.3)",64,4,0,20,1e-05,1e-05,100,0.01,3.0,0.1,0.01,0.001,0.001,0.3,0.05,,0.0,1000,1,64,0,4.04,[0.6628],[None],2007
1048,False,False,64,"(0.6, 0.1, 0.3)",64,4,0,20,1e-05,1e-05,100,0.01,3.0,0.1,0.01,0.001,0.001,0.3,0.05,,0.0,1000,1,64,1,4.03,[0.5089],[None],2008
1049,False,False,64,"(0.6, 0.1, 0.3)",64,4,0,20,1e-05,1e-05,100,0.01,3.0,0.1,0.01,0.001,0.001,0.3,0.05,,0.0,1000,1,64,0,4.12,[0.606],[None],2009
1050,False,False,64,"(0.6, 0.1, 0.3)",64,4,0,20,1e-05,1e-05,100,0.01,3.0,0.1,0.01,0.001,0.001,0.3,0.05,,0.0,1000,1,64,0,4.19,[0.5609],[None],2010
1051,False,False,64,"(0.6, 0.1, 0.3)",64,4,0,20,1e-05,1e-05,100,0.01,3.0,0.1,0.01,0.001,0.001,0.3,0.05,,0.0,1000,1,64,1,4.2,[0.6486],[None],2011
1052,False,False,64,"(0.6, 0.1, 0.3)",64,4,0,20,1e-05,1e-05,100,0.01,3.0,0.1,0.01,0.001,0.001,0.3,0.05,,0.0,1000,2,128,1,8.66,"[0.6183, 0.5621]","[None, None]",2012
1053,False,False,64,"(0.6, 0.1, 0.3)",64,4,0,20,1e-05,1e-05,100,0.01,3.0,0.1,0.01,0.001,0.001,0.3,0.05,,0.0,1000,2,128,1,8.68,"[0.6179, 0.4544]","[None, None]",2013
1054,False,False,64,"(0.6, 0.1, 0.3)",64,4,0,20,1e-05,1e-05,100,0.01,3.0,0.1,0.01,0.001,0.001,0.3,0.05,,0.0,1000,2,128,1,8.57,"[0.6769, 0.5087]","[None, None]",2014
1055,False,False,64,"(0.6, 0.1, 0.3)",64,4,0,20,1e-05,1e-05,100,0.01,3.0,0.1,0.01,0.001,0.001,0.3,0.05,,0.0,1000,1,64,0,4.06,[0.5047],[None],2015
1056,False,False,64,"(0.6, 0.1, 0.3)",64,4,0,20,1e-05,1e-05,100,0.01,3.0,0.1,0.01,0.001,0.001,0.3,0.05,,0.0,1000,1,64,0,4.03,[0.5572],[None],2016
1057,False,False,64,"(0.6, 0.1, 0.3)",64,4,0,20,1e-05,1e-05,100,0.01,3.0,0.1,0.01,0.001,0.001,0.3,0.05,,0.0,1000,1,64,0,4.04,[0.7282],[None],2017
1058,False,False,64,"(0.6, 0.1, 0.3)",64,4,0,20,1e-05,1e-05,100,0.01,3.0,0.1,0.01,0.001,0.001,0.3,0.05,,0.0,1000,2,128,1,8.4,"[0.5937, 0.4805]","[None, None]",2018
1059,False,False,64,"(0.6, 0.1, 0.3)",64,4,0,20,1e-05,1e-05,100,0.01,3.0,0.1,0.01,0.001,0.001,0.3,0.05,,0.0,1000,1,64,0,4.05,[0.6245],[None],2019
1060,False,False,64,"(0.6, 0.1, 0.3)",64,4,0,20,1e-05,1e-05,100,0.01,3.0,0.1,0.01,0.001,0.001,0.3,0.1,,0.0,1000,1,64,0,4.11,[0.6765],[None],2000
1061,False,False,64,"(0.6, 0.1, 0.3)",64,4,0,20,1e-05,1e-05,100,0.01,3.0,0.1,0.01,0.001,0.001,0.3,0.1,,0.0,1000,1,64,0,4.06,[0.6337],[None],2001
1062,False,False,64,"(0.6, 0.1, 0.3)",64,4,0,20,1e-05,1e-05,100,0.01,3.0,0.1,0.01,0.001,0.001,0.3,0.1,,0.0,1000,1,64,1,4.04,[0.6315],[None],2002
1063,False,False,64,"(0.6, 0.1, 0.3)",64,4,0,20,1e-05,1e-05,100,0.01,3.0,0.1,0.01,0.001,0.001,0.3,0.1,,0.0,1000,2,128,0,8.5,"[0.6232, 0.5506]","[None, None]",2003
1064,False,False,64,"(0.6, 0.1, 0.3)",64,4,0,20,1e-05,1e-05,100,0.01,3.0,0.1,0.01,0.001,0.001,0.3,0.1,,0.0,1000,1,64,0,4.2,[0.7189],[None],2004
1065,False,False,64,"(0.6, 0.1, 0.3)",64,4,0,20,1e-05,1e-05,100,0.01,3.0,0.1,0.01,0.001,0.001,0.3,0.1,,0.0,1000,1,64,0,4.19,[0.5948],[None],2005
1066,False,False,64,"(0.6, 0.1, 0.3)",64,4,0,20,1e-05,1e-05,100,0.01,3.0,0.1,0.01,0.001,0.001,0.3,0.1,,0.0,1000,1,64,0,4.13,[0.6534],[None],2006
1067,False,False,64,"(0.6, 0.1, 0.3)",64,4,0,20,1e-05,1e-05,100,0.01,3.0,0.1,0.01,0.001,0.001,0.3,0.1,,0.0,1000,2,128,0,8.53,"[0.6668, 0.5434]","[None, None]",2007
1068,False,False,64,"(0.6, 0.1, 0.3)",64,4,0,20,1e-05,1e-05,100,0.01,3.0,0.1,0.01,0.001,0.001,0.3,0.1,,0.0,1000,1,64,1,4.04,[0.5051],[None],2008
1069,False,False,64,"(0.6, 0.1, 0.3)",64,4,0,20,1e-05,1e-05,100,0.01,3.0,0.1,0.01,0.001,0.001,0.3,0.1,,0.0,1000,1,64,0,4.07,[0.6289],[None],2009
1070,False,False,64,"(0.6, 0.1, 0.3)",64,4,0,20,1e-05,1e-05,100,0.01,3.0,0.1,0.01,0.001,0.001,0.3,0.1,,0.0,1000,1,64,0,4.11,[0.6004],[None],2010
1071,False,False,64,"(0.6, 0.1, 0.3)",64,4,0,20,1e-05,1e-05,100,0.01,3.0,0.1,0.01,0.001,0.001,0.3,0.1,,0.0,1000,1,64,1,4.18,[0.6553],[None],2011
1072,False,False,64,"(0.6, 0.1, 0.3)",64,4,0,20,1e-05,1e-05,100,0.01,3.0,0.1,0.01,0.001,0.001,0.3,0.1,,0.0,1000,2,128,1,8.55,"[0.5936, 0.5824]","[None, None]",2012
1073,False,False,64,"(0.6, 0.1, 0.3)",64,4,0,20,1e-05,1e-05,100,0.01,3.0,0.1,0.01,0.001,0.001,0.3,0.1,,0.0,1000,2,128,1,8.34,"[0.6262, 0.4735]","[None, None]",2013
1074,False,False,64,"(0.6, 0.1, 0.3)",64,4,0,20,1e-05,1e-05,100,0.01,3.0,0.1,0.01,0.001,0.001,0.3,0.1,,0.0,1000,1,64,0,4.04,[0.6794],[None],2014
1075,False,False,64,"(0.6, 0.1, 0.3)",64,4,0,20,1e-05,1e-05,100,0.01,3.0,0.1,0.01,0.001,0.001,0.3,0.1,,0.0,1000,2,128,0,8.34,"[0.5423, 0.3907]","[None, None]",2015
1076,False,False,64,"(0.6, 0.1, 0.3)",64,4,0,20,1e-05,1e-05,100,0.01,3.0,0.1,0.01,0.001,0.001,0.3,0.1,,0.0,1000,1,64,0,4.04,[0.5527],[None],2016
1077,False,False,64,"(0.6, 0.1, 0.3)",64,4,0,20,1e-05,1e-05,100,0.01,3.0,0.1,0.01,0.001,0.001,0.3,0.1,,0.0,1000,1,64,0,4.04,[0.7294],[None],2017
1078,False,False,64,"(0.6, 0.1, 0.3)",64,4,0,20,1e-05,1e-05,100,0.01,3.0,0.1,0.01,0.001,0.001,0.3,0.1,,0.0,1000,2,128,1,8.34,"[0.5966, 0.5345]","[None, None]",2018
1079,False,False,64,"(0.6, 0.1, 0.3)",64,4,0,20,1e-05,1e-05,100,0.01,3.0,0.1,0.01,0.001,0.001,0.3,0.1,,0.0,1000,1,64,0,4.04,[0.6317],[None],2019
1080,False,False,64,"(0.6, 0.1, 0.3)",64,4,0,20,1e-05,1e-05,100,0.01,3.0,0.1,0.01,0.01,0.001,0.3,0.05,,0.0,1000,1,64,0,4.04,[0.6561],[None],2000
1081,False,False,64,"(0.6, 0.1, 0.3)",64,4,0,20,1e-05,1e-05,100,0.01,3.0,0.1,0.01,0.01,0.001,0.3,0.05,,0.0,1000,1,64,0,4.05,[0.6357],[None],2001
1082,False,False,64,"(0.6, 0.1, 0.3)",64,4,0,20,1e-05,1e-05,100,0.01,3.0,0.1,0.01,0.01,0.001,0.3,0.05,,0.0,1000,1,64,1,4.04,[0.6061],[None],2002
1083,False,False,64,"(0.6, 0.1, 0.3)",64,4,0,20,1e-05,1e-05,100,0.01,3.0,0.1,0.01,0.01,0.001,0.3,0.05,,0.0,1000,2,128,0,8.44,"[0.6061, 0.53]","[None, None]",2003
1084,False,False,64,"(0.6, 0.1, 0.3)",64,4,0,20,1e-05,1e-05,100,0.01,3.0,0.1,0.01,0.01,0.001,0.3,0.05,,0.0,1000,1,64,0,4.04,[0.7067],[None],2004
1085,False,False,64,"(0.6, 0.1, 0.3)",64,4,0,20,1e-05,1e-05,100,0.01,3.0,0.1,0.01,0.01,0.001,0.3,0.05,,0.0,1000,1,64,0,4.04,[0.5718],[None],2005
1086,False,False,64,"(0.6, 0.1, 0.3)",64,4,0,20,1e-05,1e-05,100,0.01,3.0,0.1,0.01,0.01,0.001,0.3,0.05,,0.0,1000,1,64,0,4.04,[0.6316],[None],2006
1087,False,False,64,"(0.6, 0.1, 0.3)",64,4,0,20,1e-05,1e-05,100,0.01,3.0,0.1,0.01,0.01,0.001,0.3,0.05,,0.0,1000,1,64,0,4.05,[0.6537],[None],2007
1088,False,False,64,"(0.6, 0.1, 0.3)",64,4,0,20,1e-05,1e-05,100,0.01,3.0,0.1,0.01,0.01,0.001,0.3,0.05,,0.0,1000,1,64,1,4.03,[0.4956],[None],2008
1089,False,False,64,"(0.6, 0.1, 0.3)",64,4,0,20,1e-05,1e-05,100,0.01,3.0,0.1,0.01,0.01,0.001,0.3,0.05,,0.0,1000,1,64,0,4.05,[0.5927],[None],2009
1090,False,False,64,"(0.6, 0.1, 0.3)",64,4,0,20,1e-05,1e-05,100,0.01,3.0,0.1,0.01,0.01,0.001,0.3,0.05,,0.0,1000,1,64,0,4.04,[0.5456],[None],2010
1091,False,False,64,"(0.6, 0.1, 0.3)",64,4,0,20,1e-05,1e-05,100,0.01,3.0,0.1,0.01,0.01,0.001,0.3,0.05,,0.0,1000,1,64,1,4.04,[0.6363],[None],2011
1092,False,False,64,"(0.6, 0.1, 0.3)",64,4,0,20,1e-05,1e-05,100,0.01,3.0,0.1,0.01,0.01,0.001,0.3,0.05,,0.0,1000,2,128,1,8.33,"[0.6095, 0.5571]","[None, None]",2012
1093,False,False,64,"(0.6, 0.1, 0.3)",64,4,0,20,1e-05,1e-05,100,0.01,3.0,0.1,0.01,0.01,0.001,0.3,0.05,,0.0,1000,2,128,1,8.36,"[0.6046, 0.3753]","[None, None]",2013
1094,False,False,64,"(0.6, 0.1, 0.3)",64,4,0,20,1e-05,1e-05,100,0.01,3.0,0.1,0.01,0.01,0.001,0.3,0.05,,0.0,1000,1,64,0,4.04,[0.6672],[None],2014
1095,False,False,64,"(0.6, 0.1, 0.3)",64,4,0,20,1e-05,1e-05,100,0.01,3.0,0.1,0.01,0.01,0.001,0.3,0.05,,0.0,1000,2,128,0,8.34,"[0.492, 0.3882]","[None, None]",2015
1096,False,False,64,"(0.6, 0.1, 0.3)",64,4,0,20,1e-05,1e-05,100,0.01,3.0,0.1,0.01,0.01,0.001,0.3,0.05,,0.0,1000,1,64,0,4.14,[0.5384],[None],2016
1097,False,False,64,"(0.6, 0.1, 0.3)",64,4,0,20,1e-05,1e-05,100,0.01,3.0,0.1,0.01,0.01,0.001,0.3,0.05,,0.0,1000,1,64,0,4.14,[0.7196],[None],2017
1098,False,False,64,"(0.6, 0.1, 0.3)",64,4,0,20,1e-05,1e-05,100,0.01,3.0,0.1,0.01,0.01,0.001,0.3,0.05,,0.0,1000,2,128,1,8.33,"[0.5822, 0.4754]","[None, None]",2018
1099,False,False,64,"(0.6, 0.1, 0.3)",64,4,0,20,1e-05,1e-05,100,0.01,3.0,0.1,0.01,0.01,0.001,0.3,0.05,,0.0,1000,1,64,0,4.14,[0.6137],[None],2019
1100,False,False,64,"(0.6, 0.1, 0.3)",64,4,0,20,1e-05,1e-05,100,0.01,3.0,0.1,0.01,0.01,0.001,0.3,0.1,,0.0,1000,1,64,0,4.18,[0.6613],[None],2000
1101,False,False,64,"(0.6, 0.1, 0.3)",64,4,0,20,1e-05,1e-05,100,0.01,3.0,0.1,0.01,0.01,0.001,0.3,0.1,,0.0,1000,1,64,0,4.11,[0.6256],[None],2001
1102,False,False,64,"(0.6, 0.1, 0.3)",64,4,0,20,1e-05,1e-05,100,0.01,3.0,0.1,0.01,0.01,0.001,0.3,0.1,,0.0,1000,1,64,1,4.21,[0.6246],[None],2002
1103,False,False,64,"(0.6, 0.1, 0.3)",64,4,0,20,1e-05,1e-05,100,0.01,3.0,0.1,0.01,0.01,0.001,0.3,0.1,,0.0,1000,2,128,0,8.64,"[0.6063, 0.5733]","[None, None]",2003
1104,False,False,64,"(0.6, 0.1, 0.3)",64,4,0,20,1e-05,1e-05,100,0.01,3.0,0.1,0.01,0.01,0.001,0.3,0.1,,0.0,1000,1,64,0,4.05,[0.7083],[None],2004
1105,False,False,64,"(0.6, 0.1, 0.3)",64,4,0,20,1e-05,1e-05,100,0.01,3.0,0.1,0.01,0.01,0.001,0.3,0.1,,0.0,1000,1,64,0,4.05,[0.587],[None],2005
1106,False,False,64,"(0.6, 0.1, 0.3)",64,4,0,20,1e-05,1e-05,100,0.01,3.0,0.1,0.01,0.01,0.001,0.3,0.1,,0.0,1000,1,64,0,4.05,[0.6389],[None],2006
1107,False,False,64,"(0.6, 0.1, 0.3)",64,4,0,20,1e-05,1e-05,100,0.01,3.0,0.1,0.01,0.01,0.001,0.3,0.1,,0.0,1000,1,64,0,4.05,[0.6541],[None],2007
1108,False,False,64,"(0.6, 0.1, 0.3)",64,4,0,20,1e-05,1e-05,100,0.01,3.0,0.1,0.01,0.01,0.001,0.3,0.1,,0.0,1000,1,64,1,4.05,[0.4928],[None],2008
1109,False,False,64,"(0.6, 0.1, 0.3)",64,4,0,20,1e-05,1e-05,100,0.01,3.0,0.1,0.01,0.01,0.001,0.3,0.1,,0.0,1000,1,64,0,4.06,[0.6178],[None],2009
1110,False,False,64,"(0.6, 0.1, 0.3)",64,4,0,20,1e-05,1e-05,100,0.01,3.0,0.1,0.01,0.01,0.001,0.3,0.1,,0.0,1000,1,64,0,4.21,[0.5779],[None],2010
1111,False,False,64,"(0.6, 0.1, 0.3)",64,4,0,20,1e-05,1e-05,100,0.01,3.0,0.1,0.01,0.01,0.001,0.3,0.1,,0.0,1000,1,64,1,4.19,[0.6428],[None],2011
1112,False,False,64,"(0.6, 0.1, 0.3)",64,4,0,20,1e-05,1e-05,100,0.01,3.0,0.1,0.01,0.01,0.001,0.3,0.1,,0.0,1000,2,128,0,8.55,"[0.5792, 0.5533]","[None, None]",2012
1113,False,False,64,"(0.6, 0.1, 0.3)",64,4,0,20,1e-05,1e-05,100,0.01,3.0,0.1,0.01,0.01,0.001,0.3,0.1,,0.0,1000,2,128,1,8.61,"[0.6109, 0.3909]","[None, None]",2013
1114,False,False,64,"(0.6, 0.1, 0.3)",64,4,0,20,1e-05,1e-05,100,0.01,3.0,0.1,0.01,0.01,0.001,0.3,0.1,,0.0,1000,1,64,0,4.07,[0.6677],[None],2014
1115,False,False,64,"(0.6, 0.1, 0.3)",64,4,0,20,1e-05,1e-05,100,0.01,3.0,0.1,0.01,0.01,0.001,0.3,0.1,,0.0,1000,2,128,0,8.41,"[0.5318, 0.4408]","[None, None]",2015
1116,False,False,64,"(0.6, 0.1, 0.3)",64,4,0,20,1e-05,1e-05,100,0.01,3.0,0.1,0.01,0.01,0.001,0.3,0.1,,0.0,1000,1,64,0,4.16,[0.5291],[None],2016
1117,False,False,64,"(0.6, 0.1, 0.3)",64,4,0,20,1e-05,1e-05,100,0.01,3.0,0.1,0.01,0.01,0.001,0.3,0.1,,0.0,1000,1,64,0,4.21,[0.7189],[None],2017
1118,False,False,64,"(0.6, 0.1, 0.3)",64,4,0,20,1e-05,1e-05,100,0.01,3.0,0.1,0.01,0.01,0.001,0.3,0.1,,0.0,1000,2,128,1,8.66,"[0.5803, 0.5156]","[None, None]",2018
1119,False,False,64,"(0.6, 0.1, 0.3)",64,4,0,20,1e-05,1e-05,100,0.01,3.0,0.1,0.01,0.01,0.001,0.3,0.1,,0.0,1000,1,64,0,4.19,[0.623],[None],2019
1120,False,False,64,"(0.6, 0.1, 0.3)",64,4,0,20,1e-05,1e-05,100,0.01,3.0,0.2,0.01,0.001,0.001,0.3,0.05,,0.0,1000,1,64,0,4.2,[0.6092],[None],2000
1121,False,False,64,"(0.6, 0.1, 0.3)",64,4,0,20,1e-05,1e-05,100,0.01,3.0,0.2,0.01,0.001,0.001,0.3,0.05,,0.0,1000,1,64,0,4.21,[0.6174],[None],2001
1122,False,False,64,"(0.6, 0.1, 0.3)",64,4,0,20,1e-05,1e-05,100,0.01,3.0,0.2,0.01,0.001,0.001,0.3,0.05,,0.0,1000,1,64,1,4.15,[0.5574],[None],2002
1123,False,False,64,"(0.6, 0.1, 0.3)",64,4,0,20,1e-05,1e-05,100,0.01,3.0,0.2,0.01,0.001,0.001,0.3,0.05,,0.0,1000,2,128,1,8.37,"[0.5811, 0.5387]","[None, None]",2003
1124,False,False,64,"(0.6, 0.1, 0.3)",64,4,0,20,1e-05,1e-05,100,0.01,3.0,0.2,0.01,0.001,0.001,0.3,0.05,,0.0,1000,1,64,0,4.07,[0.6789],[None],2004
1125,False,False,64,"(0.6, 0.1, 0.3)",64,4,0,20,1e-05,1e-05,100,0.01,3.0,0.2,0.01,0.001,0.001,0.3,0.05,,0.0,1000,1,64,0,4.21,[0.5186],[None],2005
1126,False,False,64,"(0.6, 0.1, 0.3)",64,4,0,20,1e-05,1e-05,100,0.01,3.0,0.2,0.01,0.001,0.001,0.3,0.05,,0.0,1000,1,64,0,4.2,[0.5882],[None],2006
1127,False,False,64,"(0.6, 0.1, 0.3)",64,4,0,20,1e-05,1e-05,100,0.01,3.0,0.2,0.01,0.001,0.001,0.3,0.05,,0.0,1000,1,64,0,4.18,[0.6224],[None],2007
1128,False,False,64,"(0.6, 0.1, 0.3)",64,4,0,20,1e-05,1e-05,100,0.01,3.0,0.2,0.01,0.001,0.001,0.3,0.05,,0.0,1000,1,64,1,4.14,[0.4622],[None],2008
1129,False,False,64,"(0.6, 0.1, 0.3)",64,4,0,20,1e-05,1e-05,100,0.01,3.0,0.2,0.01,0.001,0.001,0.3,0.05,,0.0,1000,1,64,0,4.08,[0.5333],[None],2009
1130,False,False,64,"(0.6, 0.1, 0.3)",64,4,0,20,1e-05,1e-05,100,0.01,3.0,0.2,0.01,0.001,0.001,0.3,0.05,,0.0,1000,1,64,0,4.16,[0.3936],[None],2010
1131,False,False,64,"(0.6, 0.1, 0.3)",64,4,0,20,1e-05,1e-05,100,0.01,3.0,0.2,0.01,0.001,0.001,0.3,0.05,,0.0,1000,1,64,1,4.1,[0.6097],[None],2011
1132,False,False,64,"(0.6, 0.1, 0.3)",64,4,0,20,1e-05,1e-05,100,0.01,3.0,0.2,0.01,0.001,0.001,0.3,0.05,,0.0,1000,2,128,1,8.39,"[0.5851, 0.4834]","[None, None]",2012
1133,False,False,64,"(0.6, 0.1, 0.3)",64,4,0,20,1e-05,1e-05,100,0.01,3.0,0.2,0.01,0.001,0.001,0.3,0.05,,0.0,1000,2,128,1,8.45,"[0.5581, 0.3337]","[None, None]",2013
1134,False,False,64,"(0.6, 0.1, 0.3)",64,4,0,20,1e-05,1e-05,100,0.01,3.0,0.2,0.01,0.001,0.001,0.3,0.05,,0.0,1000,1,64,0,4.06,[0.6416],[None],2014
1135,False,False,64,"(0.6, 0.1, 0.3)",64,4,0,20,1e-05,1e-05,100,0.01,3.0,0.2,0.01,0.001,0.001,0.3,0.05,,0.0,1000,3,192,0,12.93,"[0.3774, 0.2603, 0.1651]","[None, None, None]",2015
1136,False,False,64,"(0.6, 0.1, 0.3)",64,4,0,20,1e-05,1e-05,100,0.01,3.0,0.2,0.01,0.001,0.001,0.3,0.05,,0.0,1000,1,64,0,4.12,[0.495],[None],2016
1137,False,False,64,"(0.6, 0.1, 0.3)",64,4,0,20,1e-05,1e-05,100,0.01,3.0,0.2,0.01,0.001,0.001,0.3,0.05,,0.0,1000,1,64,0,4.09,[0.6981],[None],2017
1138,False,False,64,"(0.6, 0.1, 0.3)",64,4,0,20,1e-05,1e-05,100,0.01,3.0,0.2,0.01,0.001,0.001,0.3,0.05,,0.0,1000,2,128,1,8.45,"[0.5565, 0.3815]","[None, None]",2018
1139,False,False,64,"(0.6, 0.1, 0.3)",64,4,0,20,1e-05,1e-05,100,0.01,3.0,0.2,0.01,0.001,0.001,0.3,0.05,,0.0,1000,1,64,0,4.05,[0.5804],[None],2019
1140,False,False,64,"(0.6, 0.1, 0.3)",64,4,0,20,1e-05,1e-05,100,0.01,3.0,0.2,0.01,0.001,0.001,0.3,0.1,,0.0,1000,1,64,0,4.04,[0.6339],[None],2000
1141,False,False,64,"(0.6, 0.1, 0.3)",64,4,0,20,1e-05,1e-05,100,0.01,3.0,0.2,0.01,0.001,0.001,0.3,0.1,,0.0,1000,1,64,0,4.04,[0.5984],[None],2001
1142,False,False,64,"(0.6, 0.1, 0.3)",64,4,0,20,1e-05,1e-05,100,0.01,3.0,0.2,0.01,0.001,0.001,0.3,0.1,,0.0,1000,1,64,1,4.04,[0.6067],[None],2002
1143,False,False,64,"(0.6, 0.1, 0.3)",64,4,0,20,1e-05,1e-05,100,0.01,3.0,0.2,0.01,0.001,0.001,0.3,0.1,,0.0,1000,2,128,0,8.44,"[0.5698, 0.5326]","[None, None]",2003
1144,False,False,64,"(0.6, 0.1, 0.3)",64,4,0,20,1e-05,1e-05,100,0.01,3.0,0.2,0.01,0.001,0.001,0.3,0.1,,0.0,1000,1,64,0,4.19,[0.6833],[None],2004
1145,False,False,64,"(0.6, 0.1, 0.3)",64,4,0,20,1e-05,1e-05,100,0.01,3.0,0.2,0.01,0.001,0.001,0.3,0.1,,0.0,1000,1,64,0,4.19,[0.56],[None],2005
1146,False,False,64,"(0.6, 0.1, 0.3)",64,4,0,20,1e-05,1e-05,100,0.01,3.0,0.2,0.01,0.001,0.001,0.3,0.1,,0.0,1000,1,64,0,4.19,[0.598],[None],2006
1147,False,False,64,"(0.6, 0.1, 0.3)",64,4,0,20,1e-05,1e-05,100,0.01,3.0,0.2,0.01,0.001,0.001,0.3,0.1,,0.0,1000,1,64,0,4.16,[0.6344],[None],2007
1148,False,False,64,"(0.6, 0.1, 0.3)",64,4,0,20,1e-05,1e-05,100,0.01,3.0,0.2,0.01,0.001,0.001,0.3,0.1,,0.0,1000,1,64,1,4.12,[0.4364],[None],2008
1149,False,False,64,"(0.6, 0.1, 0.3)",64,4,0,20,1e-05,1e-05,100,0.01,3.0,0.2,0.01,0.001,0.001,0.3,0.1,,0.0,1000,1,64,0,4.1,[0.5814],[None],2009
1150,False,False,64,"(0.6, 0.1, 0.3)",64,4,0,20,1e-05,1e-05,100,0.01,3.0,0.2,0.01,0.001,0.001,0.3,0.1,,0.0,1000,1,64,0,4.05,[0.4453],[None],2010
1151,False,False,64,"(0.6, 0.1, 0.3)",64,4,0,20,1e-05,1e-05,100,0.01,3.0,0.2,0.01,0.001,0.001,0.3,0.1,,0.0,1000,1,64,1,4.06,[0.6161],[None],2011
1152,False,False,64,"(0.6, 0.1, 0.3)",64,4,0,20,1e-05,1e-05,100,0.01,3.0,0.2,0.01,0.001,0.001,0.3,0.1,,0.0,1000,2,128,1,8.34,"[0.5299, 0.5443]","[None, None]",2012
1153,False,False,64,"(0.6, 0.1, 0.3)",64,4,0,20,1e-05,1e-05,100,0.01,3.0,0.2,0.01,0.001,0.001,0.3,0.1,,0.0,1000,2,128,1,8.34,"[0.5623, 0.3468]","[None, None]",2013
1154,False,False,64,"(0.6, 0.1, 0.3)",64,4,0,20,1e-05,1e-05,100,0.01,3.0,0.2,0.01,0.001,0.001,0.3,0.1,,0.0,1000,1,64,0,4.07,[0.6451],[None],2014
1155,False,False,64,"(0.6, 0.1, 0.3)",64,4,0,20,1e-05,1e-05,100,0.01,3.0,0.2,0.01,0.001,0.001,0.3,0.1,,0.0,1000,3,192,1,12.87,"[0.4704, 0.2548, 0.2996]","[None, None, None]",2015
1156,False,False,64,"(0.6, 0.1, 0.3)",64,4,0,20,1e-05,1e-05,100,0.01,3.0,0.2,0.01,0.001,0.001,0.3,0.1,,0.0,1000,1,64,0,4.12,[0.488],[None],2016
1157,False,False,64,"(0.6, 0.1, 0.3)",64,4,0,20,1e-05,1e-05,100,0.01,3.0,0.2,0.01,0.001,0.001,0.3,0.1,,0.0,1000,1,64,0,4.04,[0.6923],[None],2017
1158,False,False,64,"(0.6, 0.1, 0.3)",64,4,0,20,1e-05,1e-05,100,0.01,3.0,0.2,0.01,0.001,0.001,0.3,0.1,,0.0,1000,2,128,1,8.4,"[0.5333, 0.4279]","[None, None]",2018
1159,False,False,64,"(0.6, 0.1, 0.3)",64,4,0,20,1e-05,1e-05,100,0.01,3.0,0.2,0.01,0.001,0.001,0.3,0.1,,0.0,1000,1,64,0,4.03,[0.5975],[None],2019
1160,False,False,64,"(0.6, 0.1, 0.3)",64,4,0,20,1e-05,1e-05,100,0.01,3.0,0.2,0.01,0.01,0.001,0.3,0.05,,0.0,1000,1,64,0,4.07,[0.5891],[None],2000
1161,False,False,64,"(0.6, 0.1, 0.3)",64,4,0,20,1e-05,1e-05,100,0.01,3.0,0.2,0.01,0.01,0.001,0.3,0.05,,0.0,1000,1,64,0,4.09,[0.6084],[None],2001
1162,False,False,64,"(0.6, 0.1, 0.3)",64,4,0,20,1e-05,1e-05,100,0.01,3.0,0.2,0.01,0.01,0.001,0.3,0.05,,0.0,1000,1,64,1,4.1,[0.539],[None],2002
1163,False,False,64,"(0.6, 0.1, 0.3)",64,4,0,20,1e-05,1e-05,100,0.01,3.0,0.2,0.01,0.01,0.001,0.3,0.05,,0.0,1000,2,128,0,8.39,"[0.5676, 0.4736]","[None, None]",2003
1164,False,False,64,"(0.6, 0.1, 0.3)",64,4,0,20,1e-05,1e-05,100,0.01,3.0,0.2,0.01,0.01,0.001,0.3,0.05,,0.0,1000,1,64,0,4.05,[0.6654],[None],2004
1165,False,False,64,"(0.6, 0.1, 0.3)",64,4,0,20,1e-05,1e-05,100,0.01,3.0,0.2,0.01,0.01,0.001,0.3,0.05,,0.0,1000,1,64,0,4.05,[0.5059],[None],2005
1166,False,False,64,"(0.6, 0.1, 0.3)",64,4,0,20,1e-05,1e-05,100,0.01,3.0,0.2,0.01,0.01,0.001,0.3,0.05,,0.0,1000,1,64,0,4.04,[0.5684],[None],2006
1167,False,False,64,"(0.6, 0.1, 0.3)",64,4,0,20,1e-05,1e-05,100,0.01,3.0,0.2,0.01,0.01,0.001,0.3,0.05,,0.0,1000,1,64,0,4.05,[0.6121],[None],2007
1168,False,False,64,"(0.6, 0.1, 0.3)",64,4,0,20,1e-05,1e-05,100,0.01,3.0,0.2,0.01,0.01,0.001,0.3,0.05,,0.0,1000,1,64,1,4.09,[0.4469],[None],2008
1169,False,False,64,"(0.6, 0.1, 0.3)",64,4,0,20,1e-05,1e-05,100,0.01,3.0,0.2,0.01,0.01,0.001,0.3,0.05,,0.0,1000,1,64,0,4.05,[0.5103],[None],2009
1170,False,False,64,"(0.6, 0.1, 0.3)",64,4,0,20,1e-05,1e-05,100,0.01,3.0,0.2,0.01,0.01,0.001,0.3,0.05,,0.0,1000,1,64,0,4.21,[0.371],[None],2010
1171,False,False,64,"(0.6, 0.1, 0.3)",64,4,0,20,1e-05,1e-05,100,0.01,3.0,0.2,0.01,0.01,0.001,0.3,0.05,,0.0,1000,1,64,1,4.2,[0.5963],[None],2011
1172,False,False,64,"(0.6, 0.1, 0.3)",64,4,0,20,1e-05,1e-05,100,0.01,3.0,0.2,0.01,0.01,0.001,0.3,0.05,,0.0,1000,2,128,1,8.65,"[0.5739, 0.4836]","[None, None]",2012
1173,False,False,64,"(0.6, 0.1, 0.3)",64,4,0,20,1e-05,1e-05,100,0.01,3.0,0.2,0.01,0.01,0.001,0.3,0.05,,0.0,1000,2,128,1,8.7,"[0.5443, 0.3019]","[None, None]",2013
1174,False,False,64,"(0.6, 0.1, 0.3)",64,4,0,20,1e-05,1e-05,100,0.01,3.0,0.2,0.01,0.01,0.001,0.3,0.05,,0.0,1000,1,64,0,4.18,[0.626],[None],2014
1175,False,False,64,"(0.6, 0.1, 0.3)",64,4,0,20,1e-05,1e-05,100,0.01,3.0,0.2,0.01,0.01,0.001,0.3,0.05,,0.0,1000,2,128,0,8.64,"[0.3605, 0.2996]","[None, None]",2015
1176,False,False,64,"(0.6, 0.1, 0.3)",64,4,0,20,1e-05,1e-05,100,0.01,3.0,0.2,0.01,0.01,0.001,0.3,0.05,,0.0,1000,1,64,0,4.17,[0.47],[None],2016
1177,False,False,64,"(0.6, 0.1, 0.3)",64,4,0,20,1e-05,1e-05,100,0.01,3.0,0.2,0.01,0.01,0.001,0.3,0.05,,0.0,1000,1,64,0,4.19,[0.6851],[None],2017
1178,False,False,64,"(0.6, 0.1, 0.3)",64,4,0,20,1e-05,1e-05,100,0.01,3.0,0.2,0.01,0.01,0.001,0.3,0.05,,0.0,1000,2,128,1,8.59,"[0.5402, 0.3499]","[None, None]",2018
1179,False,False,64,"(0.6, 0.1, 0.3)",64,4,0,20,1e-05,1e-05,100,0.01,3.0,0.2,0.01,0.01,0.001,0.3,0.05,,0.0,1000,1,64,0,4.07,[0.5667],[None],2019
1180,False,False,64,"(0.6, 0.1, 0.3)",64,4,0,20,1e-05,1e-05,100,0.01,3.0,0.2,0.01,0.01,0.001,0.3,0.1,,0.0,1000,1,64,0,4.1,[0.6147],[None],2000
1181,False,False,64,"(0.6, 0.1, 0.3)",64,4,0,20,1e-05,1e-05,100,0.01,3.0,0.2,0.01,0.01,0.001,0.3,0.1,,0.0,1000,1,64,0,4.15,[0.5873],[None],2001
1182,False,False,64,"(0.6, 0.1, 0.3)",64,4,0,20,1e-05,1e-05,100,0.01,3.0,0.2,0.01,0.01,0.001,0.3,0.1,,0.0,1000,1,64,1,4.05,[0.589],[None],2002
1183,False,False,64,"(0.6, 0.1, 0.3)",64,4,0,20,1e-05,1e-05,100,0.01,3.0,0.2,0.01,0.01,0.001,0.3,0.1,,0.0,1000,2,128,0,8.62,"[0.5478, 0.4487]","[None, None]",2003
1184,False,False,64,"(0.6, 0.1, 0.3)",64,4,0,20,1e-05,1e-05,100,0.01,3.0,0.2,0.01,0.01,0.001,0.3,0.1,,0.0,1000,1,64,0,4.08,[0.6674],[None],2004
1185,False,False,64,"(0.6, 0.1, 0.3)",64,4,0,20,1e-05,1e-05,100,0.01,3.0,0.2,0.01,0.01,0.001,0.3,0.1,,0.0,1000,1,64,0,4.06,[0.5434],[None],2005
1186,False,False,64,"(0.6, 0.1, 0.3)",64,4,0,20,1e-05,1e-05,100,0.01,3.0,0.2,0.01,0.01,0.001,0.3,0.1,,0.0,1000,1,64,0,4.12,[0.5795],[None],2006
1187,False,False,64,"(0.6, 0.1, 0.3)",64,4,0,20,1e-05,1e-05,100,0.01,3.0,0.2,0.01,0.01,0.001,0.3,0.1,,0.0,1000,1,64,0,4.07,[0.6169],[None],2007
1188,False,False,64,"(0.6, 0.1, 0.3)",64,4,0,20,1e-05,1e-05,100,0.01,3.0,0.2,0.01,0.01,0.001,0.3,0.1,,0.0,1000,1,64,1,4.07,[0.4157],[None],2008
1189,False,False,64,"(0.6, 0.1, 0.3)",64,4,0,20,1e-05,1e-05,100,0.01,3.0,0.2,0.01,0.01,0.001,0.3,0.1,,0.0,1000,1,64,0,4.07,[0.5608],[None],2009
1190,False,False,64,"(0.6, 0.1, 0.3)",64,4,0,20,1e-05,1e-05,100,0.01,3.0,0.2,0.01,0.01,0.001,0.3,0.1,,0.0,1000,1,64,0,4.13,[0.4219],[None],2010
1191,False,False,64,"(0.6, 0.1, 0.3)",64,4,0,20,1e-05,1e-05,100,0.01,3.0,0.2,0.01,0.01,0.001,0.3,0.1,,0.0,1000,1,64,1,4.06,[0.6003],[None],2011
1192,False,False,64,"(0.6, 0.1, 0.3)",64,4,0,20,1e-05,1e-05,100,0.01,3.0,0.2,0.01,0.01,0.001,0.3,0.1,,0.0,1000,2,128,1,8.38,"[0.5131, 0.4787]","[None, None]",2012
1193,False,False,64,"(0.6, 0.1, 0.3)",64,4,0,20,1e-05,1e-05,100,0.01,3.0,0.2,0.01,0.01,0.001,0.3,0.1,,0.0,1000,2,128,1,8.35,"[0.5406, 0.332]","[None, None]",2013
1194,False,False,64,"(0.6, 0.1, 0.3)",64,4,0,20,1e-05,1e-05,100,0.01,3.0,0.2,0.01,0.01,0.001,0.3,0.1,,0.0,1000,1,64,0,4.04,[0.63],[None],2014
1195,False,False,64,"(0.6, 0.1, 0.3)",64,4,0,20,1e-05,1e-05,100,0.01,3.0,0.2,0.01,0.01,0.001,0.3,0.1,,0.0,1000,2,128,0,8.34,"[0.4509, 0.2868]","[None, None]",2015
1196,False,False,64,"(0.6, 0.1, 0.3)",64,4,0,20,1e-05,1e-05,100,0.01,3.0,0.2,0.01,0.01,0.001,0.3,0.1,,0.0,1000,1,64,0,4.06,[0.4599],[None],2016
1197,False,False,64,"(0.6, 0.1, 0.3)",64,4,0,20,1e-05,1e-05,100,0.01,3.0,0.2,0.01,0.01,0.001,0.3,0.1,,0.0,1000,1,64,0,4.04,[0.6776],[None],2017
1198,False,False,64,"(0.6, 0.1, 0.3)",64,4,0,20,1e-05,1e-05,100,0.01,3.0,0.2,0.01,0.01,0.001,0.3,0.1,,0.0,1000,2,128,1,8.34,"[0.5109, 0.3943]","[None, None]",2018
1199,False,False,64,"(0.6, 0.1, 0.3)",64,4,0,20,1e-05,1e-05,100,0.01,3.0,0.2,0.01,0.01,0.001,0.3,0.1,,0.0,1000,1,64,0,4.04,[0.5816],[None],2019
1200,False,False,64,"(0.6, 0.1, 0.3)",64,4,0,20,1e-05,1e-05,100,0.01,3.0,0.3,0.01,0.001,0.001,0.3,0.05,,0.0,1000,1,64,0,4.04,[0.5269],[None],2000
1201,False,False,64,"(0.6, 0.1, 0.3)",64,4,0,20,1e-05,1e-05,100,0.01,3.0,0.3,0.01,0.001,0.001,0.3,0.05,,0.0,1000,1,64,0,4.17,[0.5929],[None],2001
1202,False,False,64,"(0.6, 0.1, 0.3)",64,4,0,20,1e-05,1e-05,100,0.01,3.0,0.3,0.01,0.001,0.001,0.3,0.05,,0.0,1000,1,64,1,4.11,[0.4451],[None],2002
1203,False,False,64,"(0.6, 0.1, 0.3)",64,4,0,20,1e-05,1e-05,100,0.01,3.0,0.3,0.01,0.001,0.001,0.3,0.05,,0.0,1000,2,128,0,8.53,"[0.5351, 0.3974]","[None, None]",2003
1204,False,False,64,"(0.6, 0.1, 0.3)",64,4,0,20,1e-05,1e-05,100,0.01,3.0,0.3,0.01,0.001,0.001,0.3,0.05,,0.0,1000,1,64,0,4.06,[0.6163],[None],2004
1205,False,False,64,"(0.6, 0.1, 0.3)",64,4,0,20,1e-05,1e-05,100,0.01,3.0,0.3,0.01,0.001,0.001,0.3,0.05,,0.0,1000,1,64,0,4.05,[0.4187],[None],2005
1206,False,False,64,"(0.6, 0.1, 0.3)",64,4,0,20,1e-05,1e-05,100,0.01,3.0,0.3,0.01,0.001,0.001,0.3,0.05,,0.0,1000,1,64,0,4.1,[0.4944],[None],2006
1207,False,False,64,"(0.6, 0.1, 0.3)",64,4,0,20,1e-05,1e-05,100,0.01,3.0,0.3,0.01,0.001,0.001,0.3,0.05,,0.0,1000,1,64,0,4.1,[0.5751],[None],2007
1208,False,False,64,"(0.6, 0.1, 0.3)",64,4,0,20,1e-05,1e-05,100,0.01,3.0,0.3,0.01,0.001,0.001,0.3,0.05,,0.0,1000,1,64,1,4.05,[0.4025],[None],2008
1209,False,False,64,"(0.6, 0.1, 0.3)",64,4,0,20,1e-05,1e-05,100,0.01,3.0,0.3,0.01,0.001,0.001,0.3,0.05,,0.0,1000,1,64,0,4.12,[0.4042],[None],2009
1210,False,False,64,"(0.6, 0.1, 0.3)",64,4,0,20,1e-05,1e-05,100,0.01,3.0,0.3,0.01,0.001,0.001,0.3,0.05,,0.0,1000,1,64,0,4.05,[0.1672],[None],2010
1211,False,False,64,"(0.6, 0.1, 0.3)",64,4,0,20,1e-05,1e-05,100,0.01,3.0,0.3,0.01,0.001,0.001,0.3,0.05,,0.0,1000,1,64,1,4.05,[0.5487],[None],2011
1212,False,False,64,"(0.6, 0.1, 0.3)",64,4,0,20,1e-05,1e-05,100,0.01,3.0,0.3,0.01,0.001,0.001,0.3,0.05,,0.0,1000,2,128,1,8.36,"[0.5545, 0.4578]","[None, None]",2012
1213,False,False,64,"(0.6, 0.1, 0.3)",64,4,0,20,1e-05,1e-05,100,0.01,3.0,0.3,0.01,0.001,0.001,0.3,0.05,,0.0,1000,2,128,1,8.37,"[0.4642, 0.2012]","[None, None]",2013
1214,False,False,64,"(0.6, 0.1, 0.3)",64,4,0,20,1e-05,1e-05,100,0.01,3.0,0.3,0.01,0.001,0.001,0.3,0.05,,0.0,1000,1,64,0,4.05,[0.581],[None],2014
1215,False,False,64,"(0.6, 0.1, 0.3)",64,4,0,20,1e-05,1e-05,100,0.01,3.0,0.3,0.01,0.001,0.001,0.3,0.05,,0.0,1000,2,128,0,8.36,"[0.2219, 0.1896]","[None, None]",2015
1216,False,False,64,"(0.6, 0.1, 0.3)",64,4,0,20,1e-05,1e-05,100,0.01,3.0,0.3,0.01,0.001,0.001,0.3,0.05,,0.0,1000,1,64,0,4.05,[0.4209],[None],2016
1217,False,False,64,"(0.6, 0.1, 0.3)",64,4,0,20,1e-05,1e-05,100,0.01,3.0,0.3,0.01,0.001,0.001,0.3,0.05,,0.0,1000,1,64,0,4.05,[0.6495],[None],2017
1218,False,False,64,"(0.6, 0.1, 0.3)",64,4,0,20,1e-05,1e-05,100,0.01,3.0,0.3,0.01,0.001,0.001,0.3,0.05,,0.0,1000,2,128,1,8.37,"[0.521, 0.3055]","[None, None]",2018
1219,False,False,64,"(0.6, 0.1, 0.3)",64,4,0,20,1e-05,1e-05,100,0.01,3.0,0.3,0.01,0.001,0.001,0.3,0.05,,0.0,1000,1,64,0,4.05,[0.5269],[None],2019
1220,False,False,64,"(0.6, 0.1, 0.3)",64,4,0,20,1e-05,1e-05,100,0.01,3.0,0.3,0.01,0.001,0.001,0.3,0.1,,0.0,1000,1,64,0,4.05,[0.5516],[None],2000
1221,False,False,64,"(0.6, 0.1, 0.3)",64,4,0,20,1e-05,1e-05,100,0.01,3.0,0.3,0.01,0.001,0.001,0.3,0.1,,0.0,1000,1,64,0,4.05,[0.5592],[None],2001
1222,False,False,64,"(0.6, 0.1, 0.3)",64,4,0,20,1e-05,1e-05,100,0.01,3.0,0.3,0.01,0.001,0.001,0.3,0.1,,0.0,1000,1,64,1,4.05,[0.5075],[None],2002
1223,False,False,64,"(0.6, 0.1, 0.3)",64,4,0,20,1e-05,1e-05,100,0.01,3.0,0.3,0.01,0.001,0.001,0.3,0.1,,0.0,1000,2,128,1,8.37,"[0.4943, 0.5093]","[None, None]",2003
1224,False,False,64,"(0.6, 0.1, 0.3)",64,4,0,20,1e-05,1e-05,100,0.01,3.0,0.3,0.01,0.001,0.001,0.3,0.1,,0.0,1000,1,64,0,4.05,[0.6252],[None],2004
1225,False,False,64,"(0.6, 0.1, 0.3)",64,4,0,20,1e-05,1e-05,100,0.01,3.0,0.3,0.01,0.001,0.001,0.3,0.1,,0.0,1000,1,64,0,4.11,[0.4662],[None],2005
1226,False,False,64,"(0.6, 0.1, 0.3)",64,4,0,20,1e-05,1e-05,100,0.01,3.0,0.3,0.01,0.001,0.001,0.3,0.1,,0.0,1000,1,64,0,4.13,[0.5022],[None],2006
1227,False,False,64,"(0.6, 0.1, 0.3)",64,4,0,20,1e-05,1e-05,100,0.01,3.0,0.3,0.01,0.001,0.001,0.3,0.1,,0.0,1000,1,64,0,4.05,[0.5753],[None],2007
1228,False,False,64,"(0.6, 0.1, 0.3)",64,4,0,20,1e-05,1e-05,100,0.01,3.0,0.3,0.01,0.001,0.001,0.3,0.1,,0.0,1000,1,64,1,4.08,[0.3313],[None],2008
1229,False,False,64,"(0.6, 0.1, 0.3)",64,4,0,20,1e-05,1e-05,100,0.01,3.0,0.3,0.01,0.001,0.001,0.3,0.1,,0.0,1000,1,64,0,4.06,[0.4726],[None],2009
1230,False,False,64,"(0.6, 0.1, 0.3)",64,4,0,20,1e-05,1e-05,100,0.01,3.0,0.3,0.01,0.001,0.001,0.3,0.1,,0.0,1000,1,64,0,4.05,[0.1593],[None],2010
1231,False,False,64,"(0.6, 0.1, 0.3)",64,4,0,20,1e-05,1e-05,100,0.01,3.0,0.3,0.01,0.001,0.001,0.3,0.1,,0.0,1000,1,64,1,4.05,[0.5597],[None],2011
1232,False,False,64,"(0.6, 0.1, 0.3)",64,4,0,20,1e-05,1e-05,100,0.01,3.0,0.3,0.01,0.001,0.001,0.3,0.1,,0.0,1000,2,128,1,8.36,"[0.4656, 0.449]","[None, None]",2012
1233,False,False,64,"(0.6, 0.1, 0.3)",64,4,0,20,1e-05,1e-05,100,0.01,3.0,0.3,0.01,0.001,0.001,0.3,0.1,,0.0,1000,2,128,1,8.36,"[0.445, 0.2655]","[None, None]",2013
1234,False,False,64,"(0.6, 0.1, 0.3)",64,4,0,20,1e-05,1e-05,100,0.01,3.0,0.3,0.01,0.001,0.001,0.3,0.1,,0.0,1000,1,64,0,4.15,[0.5938],[None],2014
1235,False,False,64,"(0.6, 0.1, 0.3)",64,4,0,20,1e-05,1e-05,100,0.01,3.0,0.3,0.01,0.001,0.001,0.3,0.1,,0.0,1000,2,128,0,8.52,"[0.3176, 0.1925]","[None, None]",2015
1236,False,False,64,"(0.6, 0.1, 0.3)",64,4,0,20,1e-05,1e-05,100,0.01,3.0,0.3,0.01,0.001,0.001,0.3,0.1,,0.0,1000,1,64,0,4.16,[0.4037],[None],2016
1237,False,False,64,"(0.6, 0.1, 0.3)",64,4,0,20,1e-05,1e-05,100,0.01,3.0,0.3,0.01,0.001,0.001,0.3,0.1,,0.0,1000,1,64,0,4.04,[0.6396],[None],2017
1238,False,False,64,"(0.6, 0.1, 0.3)",64,4,0,20,1e-05,1e-05,100,0.01,3.0,0.3,0.01,0.001,0.001,0.3,0.1,,0.0,1000,2,128,1,8.47,"[0.4551, 0.3302]","[None, None]",2018
1239,False,False,64,"(0.6, 0.1, 0.3)",64,4,0,20,1e-05,1e-05,100,0.01,3.0,0.3,0.01,0.001,0.001,0.3,0.1,,0.0,1000,1,64,0,4.04,[0.5243],[None],2019
1240,False,False,64,"(0.6, 0.1, 0.3)",64,4,0,20,1e-05,1e-05,100,0.01,3.0,0.3,0.01,0.01,0.001,0.3,0.05,,0.0,1000,1,64,0,4.08,[0.5048],[None],2000
1241,False,False,64,"(0.6, 0.1, 0.3)",64,4,0,20,1e-05,1e-05,100,0.01,3.0,0.3,0.01,0.01,0.001,0.3,0.05,,0.0,1000,1,64,0,4.05,[0.5815],[None],2001
1242,False,False,64,"(0.6, 0.1, 0.3)",64,4,0,20,1e-05,1e-05,100,0.01,3.0,0.3,0.01,0.01,0.001,0.3,0.05,,0.0,1000,1,64,1,4.05,[0.4184],[None],2002
1243,False,False,64,"(0.6, 0.1, 0.3)",64,4,0,20,1e-05,1e-05,100,0.01,3.0,0.3,0.01,0.01,0.001,0.3,0.05,,0.0,1000,2,128,0,8.35,"[0.5149, 0.4083]","[None, None]",2003
1244,False,False,64,"(0.6, 0.1, 0.3)",64,4,0,20,1e-05,1e-05,100,0.01,3.0,0.3,0.01,0.01,0.001,0.3,0.05,,0.0,1000,1,64,0,4.05,[0.6024],[None],2004
1245,False,False,64,"(0.6, 0.1, 0.3)",64,4,0,20,1e-05,1e-05,100,0.01,3.0,0.3,0.01,0.01,0.001,0.3,0.05,,0.0,1000,1,64,0,4.04,[0.396],[None],2005
1246,False,False,64,"(0.6, 0.1, 0.3)",64,4,0,20,1e-05,1e-05,100,0.01,3.0,0.3,0.01,0.01,0.001,0.3,0.05,,0.0,1000,1,64,0,4.06,[0.4692],[None],2006
1247,False,False,64,"(0.6, 0.1, 0.3)",64,4,0,20,1e-05,1e-05,100,0.01,3.0,0.3,0.01,0.01,0.001,0.3,0.05,,0.0,1000,1,64,0,4.05,[0.5626],[None],2007
1248,False,False,64,"(0.6, 0.1, 0.3)",64,4,0,20,1e-05,1e-05,100,0.01,3.0,0.3,0.01,0.01,0.001,0.3,0.05,,0.0,1000,1,64,1,4.05,[0.3791],[None],2008
1249,False,False,64,"(0.6, 0.1, 0.3)",64,4,0,20,1e-05,1e-05,100,0.01,3.0,0.3,0.01,0.01,0.001,0.3,0.05,,0.0,1000,1,64,0,4.05,[0.3744],[None],2009
1250,False,False,64,"(0.6, 0.1, 0.3)",64,4,0,20,1e-05,1e-05,100,0.01,3.0,0.3,0.01,0.01,0.001,0.3,0.05,,0.0,1000,1,64,0,4.05,[0.116],[None],2010
1251,False,False,64,"(0.6, 0.1, 0.3)",64,4,0,20,1e-05,1e-05,100,0.01,3.0,0.3,0.01,0.01,0.001,0.3,0.05,,0.0,1000,1,64,1,4.05,[0.5283],[None],2011
1252,False,False,64,"(0.6, 0.1, 0.3)",64,4,0,20,1e-05,1e-05,100,0.01,3.0,0.3,0.01,0.01,0.001,0.3,0.05,,0.0,1000,2,128,1,8.36,"[0.5399, 0.4366]","[None, None]",2012
1253,False,False,64,"(0.6, 0.1, 0.3)",64,4,0,20,1e-05,1e-05,100,0.01,3.0,0.3,0.01,0.01,0.001,0.3,0.05,,0.0,1000,2,128,1,8.37,"[0.4417, 0.175]","[None, None]",2013
1254,False,False,64,"(0.6, 0.1, 0.3)",64,4,0,20,1e-05,1e-05,100,0.01,3.0,0.3,0.01,0.01,0.001,0.3,0.05,,0.0,1000,1,64,0,4.05,[0.5626],[None],2014
1255,False,False,64,"(0.6, 0.1, 0.3)",64,4,0,20,1e-05,1e-05,100,0.01,3.0,0.3,0.01,0.01,0.001,0.3,0.05,,0.0,1000,2,128,0,8.36,"[0.1902, 0.1563]","[None, None]",2015
1256,False,False,64,"(0.6, 0.1, 0.3)",64,4,0,20,1e-05,1e-05,100,0.01,3.0,0.3,0.01,0.01,0.001,0.3,0.05,,0.0,1000,1,64,0,4.05,[0.3964],[None],2016
1257,False,False,64,"(0.6, 0.1, 0.3)",64,4,0,20,1e-05,1e-05,100,0.01,3.0,0.3,0.01,0.01,0.001,0.3,0.05,,0.0,1000,1,64,0,4.06,[0.6323],[None],2017
1258,False,False,64,"(0.6, 0.1, 0.3)",64,4,0,20,1e-05,1e-05,100,0.01,3.0,0.3,0.01,0.01,0.001,0.3,0.05,,0.0,1000,1,64,0,4.05,[0.5016],[None],2018
1259,False,False,64,"(0.6, 0.1, 0.3)",64,4,0,20,1e-05,1e-05,100,0.01,3.0,0.3,0.01,0.01,0.001,0.3,0.05,,0.0,1000,1,64,0,4.06,[0.5034],[None],2019
1260,False,False,64,"(0.6, 0.1, 0.3)",64,4,0,20,1e-05,1e-05,100,0.01,3.0,0.3,0.01,0.01,0.001,0.3,0.1,,0.0,1000,1,64,0,4.12,[0.5258],[None],2000
1261,False,False,64,"(0.6, 0.1, 0.3)",64,4,0,20,1e-05,1e-05,100,0.01,3.0,0.3,0.01,0.01,0.001,0.3,0.1,,0.0,1000,1,64,0,4.09,[0.545],[None],2001
1262,False,False,64,"(0.6, 0.1, 0.3)",64,4,0,20,1e-05,1e-05,100,0.01,3.0,0.3,0.01,0.01,0.001,0.3,0.1,,0.0,1000,1,64,1,4.19,[0.4787],[None],2002
1263,False,False,64,"(0.6, 0.1, 0.3)",64,4,0,20,1e-05,1e-05,100,0.01,3.0,0.3,0.01,0.01,0.001,0.3,0.1,,0.0,1000,2,128,1,8.63,"[0.4702, 0.4371]","[None, None]",2003
1264,False,False,64,"(0.6, 0.1, 0.3)",64,4,0,20,1e-05,1e-05,100,0.01,3.0,0.3,0.01,0.01,0.001,0.3,0.1,,0.0,1000,1,64,0,4.05,[0.6068],[None],2004
1265,False,False,64,"(0.6, 0.1, 0.3)",64,4,0,20,1e-05,1e-05,100,0.01,3.0,0.3,0.01,0.01,0.001,0.3,0.1,,0.0,1000,1,64,0,4.06,[0.4385],[None],2005
1266,False,False,64,"(0.6, 0.1, 0.3)",64,4,0,20,1e-05,1e-05,100,0.01,3.0,0.3,0.01,0.01,0.001,0.3,0.1,,0.0,1000,1,64,0,4.17,[0.4709],[None],2006
1267,False,False,64,"(0.6, 0.1, 0.3)",64,4,0,20,1e-05,1e-05,100,0.01,3.0,0.3,0.01,0.01,0.001,0.3,0.1,,0.0,1000,1,64,0,4.23,[0.554],[None],2007
1268,False,False,64,"(0.6, 0.1, 0.3)",64,4,0,20,1e-05,1e-05,100,0.01,3.0,0.3,0.01,0.01,0.001,0.3,0.1,,0.0,1000,1,64,1,4.11,[0.3036],[None],2008
1269,False,False,64,"(0.6, 0.1, 0.3)",64,4,0,20,1e-05,1e-05,100,0.01,3.0,0.3,0.01,0.01,0.001,0.3,0.1,,0.0,1000,1,64,0,4.05,[0.4427],[None],2009
1270,False,False,64,"(0.6, 0.1, 0.3)",64,4,0,20,1e-05,1e-05,100,0.01,3.0,0.3,0.01,0.01,0.001,0.3,0.1,,0.0,1000,1,64,0,4.06,[0.0929],[None],2010
1271,False,False,64,"(0.6, 0.1, 0.3)",64,4,0,20,1e-05,1e-05,100,0.01,3.0,0.3,0.01,0.01,0.001,0.3,0.1,,0.0,1000,1,64,1,4.04,[0.542],[None],2011
1272,False,False,64,"(0.6, 0.1, 0.3)",64,4,0,20,1e-05,1e-05,100,0.01,3.0,0.3,0.01,0.01,0.001,0.3,0.1,,0.0,1000,2,128,1,8.36,"[0.4476, 0.3974]","[None, None]",2012
1273,False,False,64,"(0.6, 0.1, 0.3)",64,4,0,20,1e-05,1e-05,100,0.01,3.0,0.3,0.01,0.01,0.001,0.3,0.1,,0.0,1000,2,128,1,8.46,"[0.4276, 0.232]","[None, None]",2013
1274,False,False,64,"(0.6, 0.1, 0.3)",64,4,0,20,1e-05,1e-05,100,0.01,3.0,0.3,0.01,0.01,0.001,0.3,0.1,,0.0,1000,1,64,0,4.05,[0.5732],[None],2014
1275,False,False,64,"(0.6, 0.1, 0.3)",64,4,0,20,1e-05,1e-05,100,0.01,3.0,0.3,0.01,0.01,0.001,0.3,0.1,,0.0,1000,2,128,0,8.33,"[0.292, 0.2397]","[None, None]",2015
1276,False,False,64,"(0.6, 0.1, 0.3)",64,4,0,20,1e-05,1e-05,100,0.01,3.0,0.3,0.01,0.01,0.001,0.3,0.1,,0.0,1000,1,64,0,4.04,[0.3687],[None],2016
1277,False,False,64,"(0.6, 0.1, 0.3)",64,4,0,20,1e-05,1e-05,100,0.01,3.0,0.3,0.01,0.01,0.001,0.3,0.1,,0.0,1000,1,64,0,4.04,[0.6198],[None],2017
1278,False,False,64,"(0.6, 0.1, 0.3)",64,4,0,20,1e-05,1e-05,100,0.01,3.0,0.3,0.01,0.01,0.001,0.3,0.1,,0.0,1000,2,128,1,8.34,"[0.4307, 0.2827]","[None, None]",2018
1279,False,False,64,"(0.6, 0.1, 0.3)",64,4,0,20,1e-05,1e-05,100,0.01,3.0,0.3,0.01,0.01,0.001,0.3,0.1,,0.0,1000,1,64,0,4.04,[0.4992],[None],2019
1280,False,False,64,"(0.4, 0.3, 0.3)",64,4,0,20,1e-05,0.0001,100,0.01,2.0,0.01,0.01,0.001,0.001,0.3,0.05,,0.0,1000,1,64,0,4.04,[0.7115],[None],2000
1281,False,False,64,"(0.4, 0.3, 0.3)",64,4,0,20,1e-05,0.0001,100,0.01,2.0,0.01,0.01,0.001,0.001,0.3,0.05,,0.0,1000,1,64,0,4.04,[0.5822],[None],2001
1282,False,False,64,"(0.4, 0.3, 0.3)",64,4,0,20,1e-05,0.0001,100,0.01,2.0,0.01,0.01,0.001,0.001,0.3,0.05,,0.0,1000,1,64,1,4.05,[0.6933],[None],2002
1283,False,False,64,"(0.4, 0.3, 0.3)",64,4,0,20,1e-05,0.0001,100,0.01,2.0,0.01,0.01,0.001,0.001,0.3,0.05,,0.0,1000,2,128,1,8.35,"[0.6642, 0.7096]","[None, None]",2003
1284,False,False,64,"(0.4, 0.3, 0.3)",64,4,0,20,1e-05,0.0001,100,0.01,2.0,0.01,0.01,0.001,0.001,0.3,0.05,,0.0,1000,1,64,0,4.04,[0.7107],[None],2004
1285,False,False,64,"(0.4, 0.3, 0.3)",64,4,0,20,1e-05,0.0001,100,0.01,2.0,0.01,0.01,0.001,0.001,0.3,0.05,,0.0,1000,1,64,0,4.16,[0.6501],[None],2005
1286,False,False,64,"(0.4, 0.3, 0.3)",64,4,0,20,1e-05,0.0001,100,0.01,2.0,0.01,0.01,0.001,0.001,0.3,0.05,,0.0,1000,1,64,0,4.21,[0.6643],[None],2006
1287,False,False,64,"(0.4, 0.3, 0.3)",64,4,0,20,1e-05,0.0001,100,0.01,2.0,0.01,0.01,0.001,0.001,0.3,0.05,,0.0,1000,1,64,0,4.19,[0.6264],[None],2007
1288,False,False,64,"(0.4, 0.3, 0.3)",64,4,0,20,1e-05,0.0001,100,0.01,2.0,0.01,0.01,0.001,0.001,0.3,0.05,,0.0,1000,1,64,1,4.19,[0.4995],[None],2008
1289,False,False,64,"(0.4, 0.3, 0.3)",64,4,0,20,1e-05,0.0001,100,0.01,2.0,0.01,0.01,0.001,0.001,0.3,0.05,,0.0,1000,1,64,0,4.2,[0.6422],[None],2009
1290,False,False,64,"(0.4, 0.3, 0.3)",64,4,0,20,1e-05,0.0001,100,0.01,2.0,0.01,0.01,0.001,0.001,0.3,0.05,,0.0,1000,1,64,0,4.22,[0.6519],[None],2010
1291,False,False,64,"(0.4, 0.3, 0.3)",64,4,0,20,1e-05,0.0001,100,0.01,2.0,0.01,0.01,0.001,0.001,0.3,0.05,,0.0,1000,1,64,0,4.15,[0.6457],[None],2011
1292,False,False,64,"(0.4, 0.3, 0.3)",64,4,0,20,1e-05,0.0001,100,0.01,2.0,0.01,0.01,0.001,0.001,0.3,0.05,,0.0,1000,1,64,0,4.04,[0.6304],[None],2012
1293,False,False,64,"(0.4, 0.3, 0.3)",64,4,0,20,1e-05,0.0001,100,0.01,2.0,0.01,0.01,0.001,0.001,0.3,0.05,,0.0,1000,3,192,1,12.89,"[0.6801, 0.7148, 0.7125]","[None, None, None]",2013
1294,False,False,64,"(0.4, 0.3, 0.3)",64,4,0,20,1e-05,0.0001,100,0.01,2.0,0.01,0.01,0.001,0.001,0.3,0.05,,0.0,1000,1,64,0,4.05,[0.689],[None],2014
1295,False,False,64,"(0.4, 0.3, 0.3)",64,4,0,20,1e-05,0.0001,100,0.01,2.0,0.01,0.01,0.001,0.001,0.3,0.05,,0.0,1000,5,320,0,22.91,"[0.6666, 0.6673, 0.7356, 0.727, 0.7246]","[None, None, None, None, None]",2015
1296,False,False,64,"(0.4, 0.3, 0.3)",64,4,0,20,1e-05,0.0001,100,0.01,2.0,0.01,0.01,0.001,0.001,0.3,0.05,,0.0,1000,2,128,0,8.5,"[0.6211, 0.5222]","[None, None]",2016
1297,False,False,64,"(0.4, 0.3, 0.3)",64,4,0,20,1e-05,0.0001,100,0.01,2.0,0.01,0.01,0.001,0.001,0.3,0.05,,0.0,1000,1,64,0,4.05,[0.711],[None],2017
1298,False,False,64,"(0.4, 0.3, 0.3)",64,4,0,20,1e-05,0.0001,100,0.01,2.0,0.01,0.01,0.001,0.001,0.3,0.05,,0.0,1000,2,128,1,8.38,"[0.6133, 0.6768]","[None, None]",2018
1299,False,False,64,"(0.4, 0.3, 0.3)",64,4,0,20,1e-05,0.0001,100,0.01,2.0,0.01,0.01,0.001,0.001,0.3,0.05,,0.0,1000,1,64,0,4.05,[0.6124],[None],2019
1300,False,False,64,"(0.4, 0.3, 0.3)",64,4,0,20,1e-05,0.0001,100,0.01,2.0,0.01,0.01,0.001,0.001,0.3,0.1,,0.0,1000,1,64,0,4.05,[0.7101],[None],2000
1301,False,False,64,"(0.4, 0.3, 0.3)",64,4,0,20,1e-05,0.0001,100,0.01,2.0,0.01,0.01,0.001,0.001,0.3,0.1,,0.0,1000,1,64,0,4.05,[0.5821],[None],2001
1302,False,False,64,"(0.4, 0.3, 0.3)",64,4,0,20,1e-05,0.0001,100,0.01,2.0,0.01,0.01,0.001,0.001,0.3,0.1,,0.0,1000,1,64,1,4.05,[0.6946],[None],2002
1303,False,False,64,"(0.4, 0.3, 0.3)",64,4,0,20,1e-05,0.0001,100,0.01,2.0,0.01,0.01,0.001,0.001,0.3,0.1,,0.0,1000,2,128,1,8.36,"[0.6629, 0.723]","[None, None]",2003
1304,False,False,64,"(0.4, 0.3, 0.3)",64,4,0,20,1e-05,0.0001,100,0.01,2.0,0.01,0.01,0.001,0.001,0.3,0.1,,0.0,1000,1,64,0,4.06,[0.7107],[None],2004
1305,False,False,64,"(0.4, 0.3, 0.3)",64,4,0,20,1e-05,0.0001,100,0.01,2.0,0.01,0.01,0.001,0.001,0.3,0.1,,0.0,1000,1,64,0,4.05,[0.6479],[None],2005
1306,False,False,64,"(0.4, 0.3, 0.3)",64,4,0,20,1e-05,0.0001,100,0.01,2.0,0.01,0.01,0.001,0.001,0.3,0.1,,0.0,1000,1,64,0,4.05,[0.662],[None],2006
1307,False,False,64,"(0.4, 0.3, 0.3)",64,4,0,20,1e-05,0.0001,100,0.01,2.0,0.01,0.01,0.001,0.001,0.3,0.1,,0.0,1000,2,128,0,8.44,"[0.6253, 0.6754]","[None, None]",2007
1308,False,False,64,"(0.4, 0.3, 0.3)",64,4,0,20,1e-05,0.0001,100,0.01,2.0,0.01,0.01,0.001,0.001,0.3,0.1,,0.0,1000,1,64,1,4.13,[0.4937],[None],2008
1309,False,False,64,"(0.4, 0.3, 0.3)",64,4,0,20,1e-05,0.0001,100,0.01,2.0,0.01,0.01,0.001,0.001,0.3,0.1,,0.0,1000,1,64,0,4.05,[0.6415],[None],2009
1310,False,False,64,"(0.4, 0.3, 0.3)",64,4,0,20,1e-05,0.0001,100,0.01,2.0,0.01,0.01,0.001,0.001,0.3,0.1,,0.0,1000,1,64,0,4.05,[0.6517],[None],2010
1311,False,False,64,"(0.4, 0.3, 0.3)",64,4,0,20,1e-05,0.0001,100,0.01,2.0,0.01,0.01,0.001,0.001,0.3,0.1,,0.0,1000,1,64,0,4.05,[0.6431],[None],2011
1312,False,False,64,"(0.4, 0.3, 0.3)",64,4,0,20,1e-05,0.0001,100,0.01,2.0,0.01,0.01,0.001,0.001,0.3,0.1,,0.0,1000,1,64,0,4.05,[0.6297],[None],2012
1313,False,False,64,"(0.4, 0.3, 0.3)",64,4,0,20,1e-05,0.0001,100,0.01,2.0,0.01,0.01,0.001,0.001,0.3,0.1,,0.0,1000,2,128,0,8.52,"[0.6804, 0.7174]","[None, None]",2013
1314,False,False,64,"(0.4, 0.3, 0.3)",64,4,0,20,1e-05,0.0001,100,0.01,2.0,0.01,0.01,0.001,0.001,0.3,0.1,,0.0,1000,1,64,0,4.23,[0.6868],[None],2014
1315,False,False,64,"(0.4, 0.3, 0.3)",64,4,0,20,1e-05,0.0001,100,0.01,2.0,0.01,0.01,0.001,0.001,0.3,0.1,,0.0,1000,4,256,0,17.94,"[0.6676, 0.6526, 0.7236, 0.738]","[None, None, None, None]",2015
1316,False,False,64,"(0.4, 0.3, 0.3)",64,4,0,20,1e-05,0.0001,100,0.01,2.0,0.01,0.01,0.001,0.001,0.3,0.1,,0.0,1000,3,192,0,12.87,"[0.6198, 0.5376, 0.5876]","[None, None, None]",2016
1317,False,False,64,"(0.4, 0.3, 0.3)",64,4,0,20,1e-05,0.0001,100,0.01,2.0,0.01,0.01,0.001,0.001,0.3,0.1,,0.0,1000,1,64,0,4.05,[0.7102],[None],2017
1318,False,False,64,"(0.4, 0.3, 0.3)",64,4,0,20,1e-05,0.0001,100,0.01,2.0,0.01,0.01,0.001,0.001,0.3,0.1,,0.0,1000,2,128,1,8.53,"[0.6121, 0.6822]","[None, None]",2018
1319,False,False,64,"(0.4, 0.3, 0.3)",64,4,0,20,1e-05,0.0001,100,0.01,2.0,0.01,0.01,0.001,0.001,0.3,0.1,,0.0,1000,1,64,0,4.22,[0.6106],[None],2019
1320,False,False,64,"(0.4, 0.3, 0.3)",64,4,0,20,1e-05,0.0001,100,0.01,2.0,0.01,0.01,0.01,0.001,0.3,0.05,,0.0,1000,1,64,0,4.19,[0.7123],[None],2000
1321,False,False,64,"(0.4, 0.3, 0.3)",64,4,0,20,1e-05,0.0001,100,0.01,2.0,0.01,0.01,0.01,0.001,0.3,0.05,,0.0,1000,1,64,0,4.2,[0.5851],[None],2001
1322,False,False,64,"(0.4, 0.3, 0.3)",64,4,0,20,1e-05,0.0001,100,0.01,2.0,0.01,0.01,0.01,0.001,0.3,0.05,,0.0,1000,1,64,1,4.24,[0.6929],[None],2002
1323,False,False,64,"(0.4, 0.3, 0.3)",64,4,0,20,1e-05,0.0001,100,0.01,2.0,0.01,0.01,0.01,0.001,0.3,0.05,,0.0,1000,2,128,1,8.66,"[0.6631, 0.7095]","[None, None]",2003
1324,False,False,64,"(0.4, 0.3, 0.3)",64,4,0,20,1e-05,0.0001,100,0.01,2.0,0.01,0.01,0.01,0.001,0.3,0.05,,0.0,1000,1,64,0,4.13,[0.7116],[None],2004
1325,False,False,64,"(0.4, 0.3, 0.3)",64,4,0,20,1e-05,0.0001,100,0.01,2.0,0.01,0.01,0.01,0.001,0.3,0.05,,0.0,1000,1,64,0,4.05,[0.6521],[None],2005
1326,False,False,64,"(0.4, 0.3, 0.3)",64,4,0,20,1e-05,0.0001,100,0.01,2.0,0.01,0.01,0.01,0.001,0.3,0.05,,0.0,1000,1,64,0,4.05,[0.6631],[None],2006
1327,False,False,64,"(0.4, 0.3, 0.3)",64,4,0,20,1e-05,0.0001,100,0.01,2.0,0.01,0.01,0.01,0.001,0.3,0.05,,0.0,1000,1,64,0,4.05,[0.6251],[None],2007
1328,False,False,64,"(0.4, 0.3, 0.3)",64,4,0,20,1e-05,0.0001,100,0.01,2.0,0.01,0.01,0.01,0.001,0.3,0.05,,0.0,1000,1,64,1,4.07,[0.4962],[None],2008
1329,False,False,64,"(0.4, 0.3, 0.3)",64,4,0,20,1e-05,0.0001,100,0.01,2.0,0.01,0.01,0.01,0.001,0.3,0.05,,0.0,1000,1,64,0,4.06,[0.6429],[None],2009
1330,False,False,64,"(0.4, 0.3, 0.3)",64,4,0,20,1e-05,0.0001,100,0.01,2.0,0.01,0.01,0.01,0.001,0.3,0.05,,0.0,1000,1,64,0,4.05,[0.652],[None],2010
1331,False,False,64,"(0.4, 0.3, 0.3)",64,4,0,20,1e-05,0.0001,100,0.01,2.0,0.01,0.01,0.01,0.001,0.3,0.05,,0.0,1000,1,64,0,4.12,[0.6455],[None],2011
1332,False,False,64,"(0.4, 0.3, 0.3)",64,4,0,20,1e-05,0.0001,100,0.01,2.0,0.01,0.01,0.01,0.001,0.3,0.05,,0.0,1000,1,64,0,4.07,[0.6328],[None],2012
1333,False,False,64,"(0.4, 0.3, 0.3)",64,4,0,20,1e-05,0.0001,100,0.01,2.0,0.01,0.01,0.01,0.001,0.3,0.05,,0.0,1000,2,128,0,8.66,"[0.6805, 0.722]","[None, None]",2013
1334,False,False,64,"(0.4, 0.3, 0.3)",64,4,0,20,1e-05,0.0001,100,0.01,2.0,0.01,0.01,0.01,0.001,0.3,0.05,,0.0,1000,1,64,0,4.17,[0.6888],[None],2014
1335,False,False,64,"(0.4, 0.3, 0.3)",64,4,0,20,1e-05,0.0001,100,0.01,2.0,0.01,0.01,0.01,0.001,0.3,0.05,,0.0,1000,3,192,0,12.87,"[0.6676, 0.645, 0.7458]","[None, None, None]",2015
1336,False,False,64,"(0.4, 0.3, 0.3)",64,4,0,20,1e-05,0.0001,100,0.01,2.0,0.01,0.01,0.01,0.001,0.3,0.05,,0.0,1000,3,192,1,12.99,"[0.6118, 0.5304, 0.5772]","[None, None, None]",2016
1337,False,False,64,"(0.4, 0.3, 0.3)",64,4,0,20,1e-05,0.0001,100,0.01,2.0,0.01,0.01,0.01,0.001,0.3,0.05,,0.0,1000,1,64,0,4.05,[0.7133],[None],2017
1338,False,False,64,"(0.4, 0.3, 0.3)",64,4,0,20,1e-05,0.0001,100,0.01,2.0,0.01,0.01,0.01,0.001,0.3,0.05,,0.0,1000,2,128,1,8.46,"[0.6149, 0.6826]","[None, None]",2018
1339,False,False,64,"(0.4, 0.3, 0.3)",64,4,0,20,1e-05,0.0001,100,0.01,2.0,0.01,0.01,0.01,0.001,0.3,0.05,,0.0,1000,1,64,0,4.2,[0.6172],[None],2019
1340,False,False,64,"(0.4, 0.3, 0.3)",64,4,0,20,1e-05,0.0001,100,0.01,2.0,0.01,0.01,0.01,0.001,0.3,0.1,,0.0,1000,1,64,0,4.19,[0.7114],[None],2000
1341,False,False,64,"(0.4, 0.3, 0.3)",64,4,0,20,1e-05,0.0001,100,0.01,2.0,0.01,0.01,0.01,0.001,0.3,0.1,,0.0,1000,1,64,0,4.23,[0.5834],[None],2001
1342,False,False,64,"(0.4, 0.3, 0.3)",64,4,0,20,1e-05,0.0001,100,0.01,2.0,0.01,0.01,0.01,0.001,0.3,0.1,,0.0,1000,1,64,1,4.11,[0.6936],[None],2002
1343,False,False,64,"(0.4, 0.3, 0.3)",64,4,0,20,1e-05,0.0001,100,0.01,2.0,0.01,0.01,0.01,0.001,0.3,0.1,,0.0,1000,2,128,1,8.51,"[0.663, 0.7077]","[None, None]",2003
1344,False,False,64,"(0.4, 0.3, 0.3)",64,4,0,20,1e-05,0.0001,100,0.01,2.0,0.01,0.01,0.01,0.001,0.3,0.1,,0.0,1000,1,64,0,4.13,[0.7113],[None],2004
1345,False,False,64,"(0.4, 0.3, 0.3)",64,4,0,20,1e-05,0.0001,100,0.01,2.0,0.01,0.01,0.01,0.001,0.3,0.1,,0.0,1000,1,64,0,4.19,[0.6508],[None],2005
1346,False,False,64,"(0.4, 0.3, 0.3)",64,4,0,20,1e-05,0.0001,100,0.01,2.0,0.01,0.01,0.01,0.001,0.3,0.1,,0.0,1000,1,64,0,4.21,[0.6626],[None],2006
1347,False,False,64,"(0.4, 0.3, 0.3)",64,4,0,20,1e-05,0.0001,100,0.01,2.0,0.01,0.01,0.01,0.001,0.3,0.1,,0.0,1000,1,64,0,4.24,[0.6259],[None],2007
1348,False,False,64,"(0.4, 0.3, 0.3)",64,4,0,20,1e-05,0.0001,100,0.01,2.0,0.01,0.01,0.01,0.001,0.3,0.1,,0.0,1000,1,64,1,4.13,[0.4894],[None],2008
1349,False,False,64,"(0.4, 0.3, 0.3)",64,4,0,20,1e-05,0.0001,100,0.01,2.0,0.01,0.01,0.01,0.001,0.3,0.1,,0.0,1000,1,64,0,4.04,[0.6428],[None],2009
1350,False,False,64,"(0.4, 0.3, 0.3)",64,4,0,20,1e-05,0.0001,100,0.01,2.0,0.01,0.01,0.01,0.001,0.3,0.1,,0.0,1000,1,64,0,4.21,[0.6516],[None],2010
1351,False,False,64,"(0.4, 0.3, 0.3)",64,4,0,20,1e-05,0.0001,100,0.01,2.0,0.01,0.01,0.01,0.001,0.3,0.1,,0.0,1000,1,64,0,4.24,[0.6461],[None],2011
1352,False,False,64,"(0.4, 0.3, 0.3)",64,4,0,20,1e-05,0.0001,100,0.01,2.0,0.01,0.01,0.01,0.001,0.3,0.1,,0.0,1000,1,64,0,4.19,[0.6312],[None],2012
1353,False,False,64,"(0.4, 0.3, 0.3)",64,4,0,20,1e-05,0.0001,100,0.01,2.0,0.01,0.01,0.01,0.001,0.3,0.1,,0.0,1000,2,128,0,8.55,"[0.6799, 0.7007]","[None, None]",2013
1354,False,False,64,"(0.4, 0.3, 0.3)",64,4,0,20,1e-05,0.0001,100,0.01,2.0,0.01,0.01,0.01,0.001,0.3,0.1,,0.0,1000,1,64,0,4.05,[0.687],[None],2014
1355,False,False,64,"(0.4, 0.3, 0.3)",64,4,0,20,1e-05,0.0001,100,0.01,2.0,0.01,0.01,0.01,0.001,0.3,0.1,,0.0,1000,3,192,0,12.98,"[0.6694, 0.6619, 0.7595]","[None, None, None]",2015
1356,False,False,64,"(0.4, 0.3, 0.3)",64,4,0,20,1e-05,0.0001,100,0.01,2.0,0.01,0.01,0.01,0.001,0.3,0.1,,0.0,1000,3,192,1,12.89,"[0.6085, 0.5172, 0.57]","[None, None, None]",2016
1357,False,False,64,"(0.4, 0.3, 0.3)",64,4,0,20,1e-05,0.0001,100,0.01,2.0,0.01,0.01,0.01,0.001,0.3,0.1,,0.0,1000,1,64,0,4.06,[0.7134],[None],2017
1358,False,False,64,"(0.4, 0.3, 0.3)",64,4,0,20,1e-05,0.0001,100,0.01,2.0,0.01,0.01,0.01,0.001,0.3,0.1,,0.0,1000,2,128,1,8.38,"[0.6135, 0.6816]","[None, None]",2018
1359,False,False,64,"(0.4, 0.3, 0.3)",64,4,0,20,1e-05,0.0001,100,0.01,2.0,0.01,0.01,0.01,0.001,0.3,0.1,,0.0,1000,1,64,0,4.06,[0.6154],[None],2019
1360,False,False,64,"(0.4, 0.3, 0.3)",64,4,0,20,1e-05,0.0001,100,0.01,2.0,0.1,0.01,0.001,0.001,0.3,0.05,,0.0,1000,1,64,1,4.06,[0.716],[None],2000
1361,False,False,64,"(0.4, 0.3, 0.3)",64,4,0,20,1e-05,0.0001,100,0.01,2.0,0.1,0.01,0.001,0.001,0.3,0.05,,0.0,1000,1,64,0,4.09,[0.5432],[None],2001
1362,False,False,64,"(0.4, 0.3, 0.3)",64,4,0,20,1e-05,0.0001,100,0.01,2.0,0.1,0.01,0.001,0.001,0.3,0.05,,0.0,1000,1,64,1,4.05,[0.6832],[None],2002
1363,False,False,64,"(0.4, 0.3, 0.3)",64,4,0,20,1e-05,0.0001,100,0.01,2.0,0.1,0.01,0.001,0.001,0.3,0.05,,0.0,1000,2,128,1,8.43,"[0.6586, 0.692]","[None, None]",2003
1364,False,False,64,"(0.4, 0.3, 0.3)",64,4,0,20,1e-05,0.0001,100,0.01,2.0,0.1,0.01,0.001,0.001,0.3,0.05,,0.0,1000,1,64,0,4.06,[0.7047],[None],2004
1365,False,False,64,"(0.4, 0.3, 0.3)",64,4,0,20,1e-05,0.0001,100,0.01,2.0,0.1,0.01,0.001,0.001,0.3,0.05,,0.0,1000,1,64,0,4.05,[0.646],[None],2005
1366,False,False,64,"(0.4, 0.3, 0.3)",64,4,0,20,1e-05,0.0001,100,0.01,2.0,0.1,0.01,0.001,0.001,0.3,0.05,,0.0,1000,1,64,0,4.06,[0.6621],[None],2006
1367,False,False,64,"(0.4, 0.3, 0.3)",64,4,0,20,1e-05,0.0001,100,0.01,2.0,0.1,0.01,0.001,0.001,0.3,0.05,,0.0,1000,3,192,1,12.88,"[0.6186, 0.645, 0.6039]","[None, None, None]",2007
1368,False,False,64,"(0.4, 0.3, 0.3)",64,4,0,20,1e-05,0.0001,100,0.01,2.0,0.1,0.01,0.001,0.001,0.3,0.05,,0.0,1000,1,64,1,4.05,[0.4745],[None],2008
1369,False,False,64,"(0.4, 0.3, 0.3)",64,4,0,20,1e-05,0.0001,100,0.01,2.0,0.1,0.01,0.001,0.001,0.3,0.05,,0.0,1000,1,64,0,4.07,[0.6325],[None],2009
1370,False,False,64,"(0.4, 0.3, 0.3)",64,4,0,20,1e-05,0.0001,100,0.01,2.0,0.1,0.01,0.001,0.001,0.3,0.05,,0.0,1000,1,64,0,4.05,[0.6527],[None],2010
1371,False,False,64,"(0.4, 0.3, 0.3)",64,4,0,20,1e-05,0.0001,100,0.01,2.0,0.1,0.01,0.001,0.001,0.3,0.05,,0.0,1000,1,64,0,4.06,[0.6388],[None],2011
1372,False,False,64,"(0.4, 0.3, 0.3)",64,4,0,20,1e-05,0.0001,100,0.01,2.0,0.1,0.01,0.001,0.001,0.3,0.05,,0.0,1000,1,64,0,4.05,[0.6251],[None],2012
1373,False,False,64,"(0.4, 0.3, 0.3)",64,4,0,20,1e-05,0.0001,100,0.01,2.0,0.1,0.01,0.001,0.001,0.3,0.05,,0.0,1000,2,128,0,8.37,"[0.6773, 0.721]","[None, None]",2013
1374,False,False,64,"(0.4, 0.3, 0.3)",64,4,0,20,1e-05,0.0001,100,0.01,2.0,0.1,0.01,0.001,0.001,0.3,0.05,,0.0,1000,1,64,0,4.05,[0.6823],[None],2014
1375,False,False,64,"(0.4, 0.3, 0.3)",64,4,0,20,1e-05,0.0001,100,0.01,2.0,0.1,0.01,0.001,0.001,0.3,0.05,,0.0,1000,1,64,0,4.05,[0.6655],[None],2015
1376,False,False,64,"(0.4, 0.3, 0.3)",64,4,0,20,1e-05,0.0001,100,0.01,2.0,0.1,0.01,0.001,0.001,0.3,0.05,,0.0,1000,2,128,0,8.41,"[0.5994, 0.5432]","[None, None]",2016
1377,False,False,64,"(0.4, 0.3, 0.3)",64,4,0,20,1e-05,0.0001,100,0.01,2.0,0.1,0.01,0.001,0.001,0.3,0.05,,0.0,1000,1,64,0,4.06,[0.7245],[None],2017
1378,False,False,64,"(0.4, 0.3, 0.3)",64,4,0,20,1e-05,0.0001,100,0.01,2.0,0.1,0.01,0.001,0.001,0.3,0.05,,0.0,1000,2,128,1,8.44,"[0.6036, 0.676]","[None, None]",2018
1379,False,False,64,"(0.4, 0.3, 0.3)",64,4,0,20,1e-05,0.0001,100,0.01,2.0,0.1,0.01,0.001,0.001,0.3,0.05,,0.0,1000,1,64,0,4.05,[0.6362],[None],2019
1380,False,False,64,"(0.4, 0.3, 0.3)",64,4,0,20,1e-05,0.0001,100,0.01,2.0,0.1,0.01,0.001,0.001,0.3,0.1,,0.0,1000,1,64,1,4.05,[0.7075],[None],2000
1381,False,False,64,"(0.4, 0.3, 0.3)",64,4,0,20,1e-05,0.0001,100,0.01,2.0,0.1,0.01,0.001,0.001,0.3,0.1,,0.0,1000,1,64,0,4.05,[0.5425],[None],2001
1382,False,False,64,"(0.4, 0.3, 0.3)",64,4,0,20,1e-05,0.0001,100,0.01,2.0,0.1,0.01,0.001,0.001,0.3,0.1,,0.0,1000,1,64,1,4.05,[0.6875],[None],2002
1383,False,False,64,"(0.4, 0.3, 0.3)",64,4,0,20,1e-05,0.0001,100,0.01,2.0,0.1,0.01,0.001,0.001,0.3,0.1,,0.0,1000,2,128,1,8.36,"[0.6474, 0.685]","[None, None]",2003
1384,False,False,64,"(0.4, 0.3, 0.3)",64,4,0,20,1e-05,0.0001,100,0.01,2.0,0.1,0.01,0.001,0.001,0.3,0.1,,0.0,1000,1,64,0,4.05,[0.6993],[None],2004
1385,False,False,64,"(0.4, 0.3, 0.3)",64,4,0,20,1e-05,0.0001,100,0.01,2.0,0.1,0.01,0.001,0.001,0.3,0.1,,0.0,1000,1,64,0,4.05,[0.6324],[None],2005
1386,False,False,64,"(0.4, 0.3, 0.3)",64,4,0,20,1e-05,0.0001,100,0.01,2.0,0.1,0.01,0.001,0.001,0.3,0.1,,0.0,1000,1,64,0,4.05,[0.6541],[None],2006
1387,False,False,64,"(0.4, 0.3, 0.3)",64,4,0,20,1e-05,0.0001,100,0.01,2.0,0.1,0.01,0.001,0.001,0.3,0.1,,0.0,1000,3,192,1,13.03,"[0.6205, 0.6231, 0.66]","[None, None, None]",2007
1388,False,False,64,"(0.4, 0.3, 0.3)",64,4,0,20,1e-05,0.0001,100,0.01,2.0,0.1,0.01,0.001,0.001,0.3,0.1,,0.0,1000,1,64,1,4.1,[0.4739],[None],2008
1389,False,False,64,"(0.4, 0.3, 0.3)",64,4,0,20,1e-05,0.0001,100,0.01,2.0,0.1,0.01,0.001,0.001,0.3,0.1,,0.0,1000,1,64,0,4.05,[0.6368],[None],2009
1390,False,False,64,"(0.4, 0.3, 0.3)",64,4,0,20,1e-05,0.0001,100,0.01,2.0,0.1,0.01,0.001,0.001,0.3,0.1,,0.0,1000,1,64,0,4.04,[0.6347],[None],2010
1391,False,False,64,"(0.4, 0.3, 0.3)",64,4,0,20,1e-05,0.0001,100,0.01,2.0,0.1,0.01,0.001,0.001,0.3,0.1,,0.0,1000,1,64,0,4.06,[0.6364],[None],2011
1392,False,False,64,"(0.4, 0.3, 0.3)",64,4,0,20,1e-05,0.0001,100,0.01,2.0,0.1,0.01,0.001,0.001,0.3,0.1,,0.0,1000,1,64,0,4.07,[0.6131],[None],2012
1393,False,False,64,"(0.4, 0.3, 0.3)",64,4,0,20,1e-05,0.0001,100,0.01,2.0,0.1,0.01,0.001,0.001,0.3,0.1,,0.0,1000,2,128,0,8.61,"[0.6748, 0.7258]","[None, None]",2013
1394,False,False,64,"(0.4, 0.3, 0.3)",64,4,0,20,1e-05,0.0001,100,0.01,2.0,0.1,0.01,0.001,0.001,0.3,0.1,,0.0,1000,1,64,0,4.21,[0.6757],[None],2014
1395,False,False,64,"(0.4, 0.3, 0.3)",64,4,0,20,1e-05,0.0001,100,0.01,2.0,0.1,0.01,0.001,0.001,0.3,0.1,,0.0,1000,4,256,0,18.21,"[0.6689, 0.6459, 0.7337, 0.7148]","[None, None, None, None]",2015
1396,False,False,64,"(0.4, 0.3, 0.3)",64,4,0,20,1e-05,0.0001,100,0.01,2.0,0.1,0.01,0.001,0.001,0.3,0.1,,0.0,1000,3,192,0,13.26,"[0.5823, 0.4686, 0.5457]","[None, None, None]",2016
1397,False,False,64,"(0.4, 0.3, 0.3)",64,4,0,20,1e-05,0.0001,100,0.01,2.0,0.1,0.01,0.001,0.001,0.3,0.1,,0.0,1000,1,64,0,4.07,[0.7112],[None],2017
1398,False,False,64,"(0.4, 0.3, 0.3)",64,4,0,20,1e-05,0.0001,100,0.01,2.0,0.1,0.01,0.001,0.001,0.3,0.1,,0.0,1000,2,128,1,8.37,"[0.6005, 0.6905]","[None, None]",2018
1399,False,False,64,"(0.4, 0.3, 0.3)",64,4,0,20,1e-05,0.0001,100,0.01,2.0,0.1,0.01,0.001,0.001,0.3,0.1,,0.0,1000,1,64,0,4.05,[0.6309],[None],2019
1400,False,False,64,"(0.4, 0.3, 0.3)",64,4,0,20,1e-05,0.0001,100,0.01,2.0,0.1,0.01,0.01,0.001,0.3,0.05,,0.0,1000,1,64,1,4.12,[0.7174],[None],2000
1401,False,False,64,"(0.4, 0.3, 0.3)",64,4,0,20,1e-05,0.0001,100,0.01,2.0,0.1,0.01,0.01,0.001,0.3,0.05,,0.0,1000,1,64,0,4.13,[0.5447],[None],2001
1402,False,False,64,"(0.4, 0.3, 0.3)",64,4,0,20,1e-05,0.0001,100,0.01,2.0,0.1,0.01,0.01,0.001,0.3,0.05,,0.0,1000,1,64,1,4.19,[0.6811],[None],2002
1403,False,False,64,"(0.4, 0.3, 0.3)",64,4,0,20,1e-05,0.0001,100,0.01,2.0,0.1,0.01,0.01,0.001,0.3,0.05,,0.0,1000,2,128,1,8.43,"[0.6577, 0.7021]","[None, None]",2003
1404,False,False,64,"(0.4, 0.3, 0.3)",64,4,0,20,1e-05,0.0001,100,0.01,2.0,0.1,0.01,0.01,0.001,0.3,0.05,,0.0,1000,1,64,0,4.1,[0.7039],[None],2004
1405,False,False,64,"(0.4, 0.3, 0.3)",64,4,0,20,1e-05,0.0001,100,0.01,2.0,0.1,0.01,0.01,0.001,0.3,0.05,,0.0,1000,1,64,0,4.09,[0.6476],[None],2005
1406,False,False,64,"(0.4, 0.3, 0.3)",64,4,0,20,1e-05,0.0001,100,0.01,2.0,0.1,0.01,0.01,0.001,0.3,0.05,,0.0,1000,1,64,0,4.04,[0.6607],[None],2006
1407,False,False,64,"(0.4, 0.3, 0.3)",64,4,0,20,1e-05,0.0001,100,0.01,2.0,0.1,0.01,0.01,0.001,0.3,0.05,,0.0,1000,1,64,0,4.04,[0.6183],[None],2007
1408,False,False,64,"(0.4, 0.3, 0.3)",64,4,0,20,1e-05,0.0001,100,0.01,2.0,0.1,0.01,0.01,0.001,0.3,0.05,,0.0,1000,1,64,1,4.04,[0.4724],[None],2008
1409,False,False,64,"(0.4, 0.3, 0.3)",64,4,0,20,1e-05,0.0001,100,0.01,2.0,0.1,0.01,0.01,0.001,0.3,0.05,,0.0,1000,1,64,0,4.04,[0.6329],[None],2009
1410,False,False,64,"(0.4, 0.3, 0.3)",64,4,0,20,1e-05,0.0001,100,0.01,2.0,0.1,0.01,0.01,0.001,0.3,0.05,,0.0,1000,1,64,0,4.04,[0.65],[None],2010
1411,False,False,64,"(0.4, 0.3, 0.3)",64,4,0,20,1e-05,0.0001,100,0.01,2.0,0.1,0.01,0.01,0.001,0.3,0.05,,0.0,1000,1,64,0,4.1,[0.6408],[None],2011
1412,False,False,64,"(0.4, 0.3, 0.3)",64,4,0,20,1e-05,0.0001,100,0.01,2.0,0.1,0.01,0.01,0.001,0.3,0.05,,0.0,1000,1,64,0,4.05,[0.6266],[None],2012
1413,False,False,64,"(0.4, 0.3, 0.3)",64,4,0,20,1e-05,0.0001,100,0.01,2.0,0.1,0.01,0.01,0.001,0.3,0.05,,0.0,1000,2,128,0,8.43,"[0.6779, 0.7186]","[None, None]",2013
1414,False,False,64,"(0.4, 0.3, 0.3)",64,4,0,20,1e-05,0.0001,100,0.01,2.0,0.1,0.01,0.01,0.001,0.3,0.05,,0.0,1000,1,64,0,4.22,[0.6829],[None],2014
1415,False,False,64,"(0.4, 0.3, 0.3)",64,4,0,20,1e-05,0.0001,100,0.01,2.0,0.1,0.01,0.01,0.001,0.3,0.05,,0.0,1000,1,64,0,4.19,[0.6673],[None],2015
1416,False,False,64,"(0.4, 0.3, 0.3)",64,4,0,20,1e-05,0.0001,100,0.01,2.0,0.1,0.01,0.01,0.001,0.3,0.05,,0.0,1000,2,128,0,8.66,"[0.5881, 0.5204]","[None, None]",2016
1417,False,False,64,"(0.4, 0.3, 0.3)",64,4,0,20,1e-05,0.0001,100,0.01,2.0,0.1,0.01,0.01,0.001,0.3,0.05,,0.0,1000,1,64,0,4.1,[0.7245],[None],2017
1418,False,False,64,"(0.4, 0.3, 0.3)",64,4,0,20,1e-05,0.0001,100,0.01,2.0,0.1,0.01,0.01,0.001,0.3,0.05,,0.0,1000,2,128,1,8.34,"[0.6065, 0.6634]","[None, None]",2018
1419,False,False,64,"(0.4, 0.3, 0.3)",64,4,0,20,1e-05,0.0001,100,0.01,2.0,0.1,0.01,0.01,0.001,0.3,0.05,,0.0,1000,1,64,0,4.04,[0.6366],[None],2019
1420,False,False,64,"(0.4, 0.3, 0.3)",64,4,0,20,1e-05,0.0001,100,0.01,2.0,0.1,0.01,0.01,0.001,0.3,0.1,,0.0,1000,1,64,1,4.04,[0.708],[None],2000
1421,False,False,64,"(0.4, 0.3, 0.3)",64,4,0,20,1e-05,0.0001,100,0.01,2.0,0.1,0.01,0.01,0.001,0.3,0.1,,0.0,1000,1,64,1,4.05,[0.5424],[None],2001
1422,False,False,64,"(0.4, 0.3, 0.3)",64,4,0,20,1e-05,0.0001,100,0.01,2.0,0.1,0.01,0.01,0.001,0.3,0.1,,0.0,1000,1,64,1,4.05,[0.687],[None],2002
1423,False,False,64,"(0.4, 0.3, 0.3)",64,4,0,20,1e-05,0.0001,100,0.01,2.0,0.1,0.01,0.01,0.001,0.3,0.1,,0.0,1000,2,128,1,8.34,"[0.6452, 0.6767]","[None, None]",2003
1424,False,False,64,"(0.4, 0.3, 0.3)",64,4,0,20,1e-05,0.0001,100,0.01,2.0,0.1,0.01,0.01,0.001,0.3,0.1,,0.0,1000,1,64,0,4.06,[0.6989],[None],2004
1425,False,False,64,"(0.4, 0.3, 0.3)",64,4,0,20,1e-05,0.0001,100,0.01,2.0,0.1,0.01,0.01,0.001,0.3,0.1,,0.0,1000,1,64,0,4.04,[0.6334],[None],2005
1426,False,False,64,"(0.4, 0.3, 0.3)",64,4,0,20,1e-05,0.0001,100,0.01,2.0,0.1,0.01,0.01,0.001,0.3,0.1,,0.0,1000,1,64,0,4.07,[0.6514],[None],2006
1427,False,False,64,"(0.4, 0.3, 0.3)",64,4,0,20,1e-05,0.0001,100,0.01,2.0,0.1,0.01,0.01,0.001,0.3,0.1,,0.0,1000,3,192,1,12.93,"[0.6203, 0.6239, 0.6568]","[None, None, None]",2007
1428,False,False,64,"(0.4, 0.3, 0.3)",64,4,0,20,1e-05,0.0001,100,0.01,2.0,0.1,0.01,0.01,0.001,0.3,0.1,,0.0,1000,1,64,1,4.14,[0.4692],[None],2008
1429,False,False,64,"(0.4, 0.3, 0.3)",64,4,0,20,1e-05,0.0001,100,0.01,2.0,0.1,0.01,0.01,0.001,0.3,0.1,,0.0,1000,1,64,0,4.05,[0.6377],[None],2009
1430,False,False,64,"(0.4, 0.3, 0.3)",64,4,0,20,1e-05,0.0001,100,0.01,2.0,0.1,0.01,0.01,0.001,0.3,0.1,,0.0,1000,1,64,0,4.05,[0.6309],[None],2010
1431,False,False,64,"(0.4, 0.3, 0.3)",64,4,0,20,1e-05,0.0001,100,0.01,2.0,0.1,0.01,0.01,0.001,0.3,0.1,,0.0,1000,1,64,0,4.06,[0.6364],[None],2011
1432,False,False,64,"(0.4, 0.3, 0.3)",64,4,0,20,1e-05,0.0001,100,0.01,2.0,0.1,0.01,0.01,0.001,0.3,0.1,,0.0,1000,1,64,0,4.11,[0.6116],[None],2012
1433,False,False,64,"(0.4, 0.3, 0.3)",64,4,0,20,1e-05,0.0001,100,0.01,2.0,0.1,0.01,0.01,0.001,0.3,0.1,,0.0,1000,2,128,0,8.38,"[0.6764, 0.7236]","[None, None]",2013
1434,False,False,64,"(0.4, 0.3, 0.3)",64,4,0,20,1e-05,0.0001,100,0.01,2.0,0.1,0.01,0.01,0.001,0.3,0.1,,0.0,1000,1,64,0,4.06,[0.6755],[None],2014
1435,False,False,64,"(0.4, 0.3, 0.3)",64,4,0,20,1e-05,0.0001,100,0.01,2.0,0.1,0.01,0.01,0.001,0.3,0.1,,0.0,1000,2,128,0,8.37,"[0.6689, 0.6709]","[None, None]",2015
1436,False,False,64,"(0.4, 0.3, 0.3)",64,4,0,20,1e-05,0.0001,100,0.01,2.0,0.1,0.01,0.01,0.001,0.3,0.1,,0.0,1000,3,192,0,12.88,"[0.5745, 0.4563, 0.5238]","[None, None, None]",2016
1437,False,False,64,"(0.4, 0.3, 0.3)",64,4,0,20,1e-05,0.0001,100,0.01,2.0,0.1,0.01,0.01,0.001,0.3,0.1,,0.0,1000,1,64,0,4.05,[0.711],[None],2017
1438,False,False,64,"(0.4, 0.3, 0.3)",64,4,0,20,1e-05,0.0001,100,0.01,2.0,0.1,0.01,0.01,0.001,0.3,0.1,,0.0,1000,2,128,1,8.37,"[0.6038, 0.6586]","[None, None]",2018
1439,False,False,64,"(0.4, 0.3, 0.3)",64,4,0,20,1e-05,0.0001,100,0.01,2.0,0.1,0.01,0.01,0.001,0.3,0.1,,0.0,1000,1,64,0,4.05,[0.6347],[None],2019
1440,False,False,64,"(0.4, 0.3, 0.3)",64,4,0,20,1e-05,0.0001,100,0.01,2.0,0.2,0.01,0.001,0.001,0.3,0.05,,0.0,1000,1,64,1,4.11,[0.7173],[None],2000
1441,False,False,64,"(0.4, 0.3, 0.3)",64,4,0,20,1e-05,0.0001,100,0.01,2.0,0.2,0.01,0.001,0.001,0.3,0.05,,0.0,1000,1,64,0,4.16,[0.5352],[None],2001
1442,False,False,64,"(0.4, 0.3, 0.3)",64,4,0,20,1e-05,0.0001,100,0.01,2.0,0.2,0.01,0.001,0.001,0.3,0.05,,0.0,1000,1,64,1,4.19,[0.6737],[None],2002
1443,False,False,64,"(0.4, 0.3, 0.3)",64,4,0,20,1e-05,0.0001,100,0.01,2.0,0.2,0.01,0.001,0.001,0.3,0.05,,0.0,1000,2,128,1,8.42,"[0.6599, 0.6745]","[None, None]",2003
1444,False,False,64,"(0.4, 0.3, 0.3)",64,4,0,20,1e-05,0.0001,100,0.01,2.0,0.2,0.01,0.001,0.001,0.3,0.05,,0.0,1000,1,64,0,4.07,[0.7004],[None],2004
1445,False,False,64,"(0.4, 0.3, 0.3)",64,4,0,20,1e-05,0.0001,100,0.01,2.0,0.2,0.01,0.001,0.001,0.3,0.05,,0.0,1000,2,128,0,8.37,"[0.6456, 0.6111]","[None, None]",2005
1446,False,False,64,"(0.4, 0.3, 0.3)",64,4,0,20,1e-05,0.0001,100,0.01,2.0,0.2,0.01,0.001,0.001,0.3,0.05,,0.0,1000,1,64,0,4.11,[0.6598],[None],2006
1447,False,False,64,"(0.4, 0.3, 0.3)",64,4,0,20,1e-05,0.0001,100,0.01,2.0,0.2,0.01,0.001,0.001,0.3,0.05,,0.0,1000,3,192,1,12.92,"[0.6102, 0.6011, 0.645]","[None, None, None]",2007
1448,False,False,64,"(0.4, 0.3, 0.3)",64,4,0,20,1e-05,0.0001,100,0.01,2.0,0.2,0.01,0.001,0.001,0.3,0.05,,0.0,1000,1,64,1,4.23,[0.4649],[None],2008
1449,False,False,64,"(0.4, 0.3, 0.3)",64,4,0,20,1e-05,0.0001,100,0.01,2.0,0.2,0.01,0.001,0.001,0.3,0.05,,0.0,1000,1,64,0,4.25,[0.6236],[None],2009
1450,False,False,64,"(0.4, 0.3, 0.3)",64,4,0,20,1e-05,0.0001,100,0.01,2.0,0.2,0.01,0.001,0.001,0.3,0.05,,0.0,1000,1,64,0,4.04,[0.6521],[None],2010
1451,False,False,64,"(0.4, 0.3, 0.3)",64,4,0,20,1e-05,0.0001,100,0.01,2.0,0.2,0.01,0.001,0.001,0.3,0.05,,0.0,1000,1,64,0,4.04,[0.6304],[None],2011
1452,False,False,64,"(0.4, 0.3, 0.3)",64,4,0,20,1e-05,0.0001,100,0.01,2.0,0.2,0.01,0.001,0.001,0.3,0.05,,0.0,1000,1,64,0,4.05,[0.6196],[None],2012
1453,False,False,64,"(0.4, 0.3, 0.3)",64,4,0,20,1e-05,0.0001,100,0.01,2.0,0.2,0.01,0.001,0.001,0.3,0.05,,0.0,1000,2,128,0,8.34,"[0.6746, 0.7071]","[None, None]",2013
1454,False,False,64,"(0.4, 0.3, 0.3)",64,4,0,20,1e-05,0.0001,100,0.01,2.0,0.2,0.01,0.001,0.001,0.3,0.05,,0.0,1000,1,64,0,4.04,[0.6753],[None],2014
1455,False,False,64,"(0.4, 0.3, 0.3)",64,4,0,20,1e-05,0.0001,100,0.01,2.0,0.2,0.01,0.001,0.001,0.3,0.05,,0.0,1000,3,192,0,12.96,"[0.6687, 0.6763, 0.7544]","[None, None, None]",2015
1456,False,False,64,"(0.4, 0.3, 0.3)",64,4,0,20,1e-05,0.0001,100,0.01,2.0,0.2,0.01,0.001,0.001,0.3,0.05,,0.0,1000,2,128,0,8.56,"[0.5768, 0.4974]","[None, None]",2016
1457,False,False,64,"(0.4, 0.3, 0.3)",64,4,0,20,1e-05,0.0001,100,0.01,2.0,0.2,0.01,0.001,0.001,0.3,0.05,,0.0,1000,1,64,0,4.22,[0.7239],[None],2017
1458,False,False,64,"(0.4, 0.3, 0.3)",64,4,0,20,1e-05,0.0001,100,0.01,2.0,0.2,0.01,0.001,0.001,0.3,0.05,,0.0,1000,2,128,1,8.35,"[0.6026, 0.6918]","[None, None]",2018
1459,False,False,64,"(0.4, 0.3, 0.3)",64,4,0,20,1e-05,0.0001,100,0.01,2.0,0.2,0.01,0.001,0.001,0.3,0.05,,0.0,1000,1,64,0,4.04,[0.6348],[None],2019
1460,False,False,64,"(0.4, 0.3, 0.3)",64,4,0,20,1e-05,0.0001,100,0.01,2.0,0.2,0.01,0.001,0.001,0.3,0.1,,0.0,1000,1,64,1,4.04,[0.6987],[None],2000
1461,False,False,64,"(0.4, 0.3, 0.3)",64,4,0,20,1e-05,0.0001,100,0.01,2.0,0.2,0.01,0.001,0.001,0.3,0.1,,0.0,1000,1,64,1,4.04,[0.5259],[None],2001
1462,False,False,64,"(0.4, 0.3, 0.3)",64,4,0,20,1e-05,0.0001,100,0.01,2.0,0.2,0.01,0.001,0.001,0.3,0.1,,0.0,1000,1,64,1,4.1,[0.6778],[None],2002
1463,False,False,64,"(0.4, 0.3, 0.3)",64,4,0,20,1e-05,0.0001,100,0.01,2.0,0.2,0.01,0.001,0.001,0.3,0.1,,0.0,1000,2,128,1,8.59,"[0.6418, 0.6731]","[None, None]",2003
1464,False,False,64,"(0.4, 0.3, 0.3)",64,4,0,20,1e-05,0.0001,100,0.01,2.0,0.2,0.01,0.001,0.001,0.3,0.1,,0.0,1000,2,128,0,8.59,"[0.6887, 0.6899]","[None, None]",2004
1465,False,False,64,"(0.4, 0.3, 0.3)",64,4,0,20,1e-05,0.0001,100,0.01,2.0,0.2,0.01,0.001,0.001,0.3,0.1,,0.0,1000,1,64,0,4.06,[0.628],[None],2005
1466,False,False,64,"(0.4, 0.3, 0.3)",64,4,0,20,1e-05,0.0001,100,0.01,2.0,0.2,0.01,0.001,0.001,0.3,0.1,,0.0,1000,1,64,0,4.06,[0.6463],[None],2006
1467,False,False,64,"(0.4, 0.3, 0.3)",64,4,0,20,1e-05,0.0001,100,0.01,2.0,0.2,0.01,0.001,0.001,0.3,0.1,,0.0,1000,3,192,0,12.97,"[0.6144, 0.5948, 0.588]","[None, None, None]",2007
1468,False,False,64,"(0.4, 0.3, 0.3)",64,4,0,20,1e-05,0.0001,100,0.01,2.0,0.2,0.01,0.001,0.001,0.3,0.1,,0.0,1000,1,64,1,4.2,[0.4523],[None],2008
1469,False,False,64,"(0.4, 0.3, 0.3)",64,4,0,20,1e-05,0.0001,100,0.01,2.0,0.2,0.01,0.001,0.001,0.3,0.1,,0.0,1000,1,64,0,4.19,[0.6244],[None],2009
1470,False,False,64,"(0.4, 0.3, 0.3)",64,4,0,20,1e-05,0.0001,100,0.01,2.0,0.2,0.01,0.001,0.001,0.3,0.1,,0.0,1000,1,64,0,4.1,[0.6305],[None],2010
1471,False,False,64,"(0.4, 0.3, 0.3)",64,4,0,20,1e-05,0.0001,100,0.01,2.0,0.2,0.01,0.001,0.001,0.3,0.1,,0.0,1000,1,64,0,4.06,[0.6241],[None],2011
1472,False,False,64,"(0.4, 0.3, 0.3)",64,4,0,20,1e-05,0.0001,100,0.01,2.0,0.2,0.01,0.001,0.001,0.3,0.1,,0.0,1000,1,64,0,4.11,[0.6001],[None],2012
1473,False,False,64,"(0.4, 0.3, 0.3)",64,4,0,20,1e-05,0.0001,100,0.01,2.0,0.2,0.01,0.001,0.001,0.3,0.1,,0.0,1000,3,192,0,12.87,"[0.6693, 0.701, 0.7065]","[None, None, None]",2013
1474,False,False,64,"(0.4, 0.3, 0.3)",64,4,0,20,1e-05,0.0001,100,0.01,2.0,0.2,0.01,0.001,0.001,0.3,0.1,,0.0,1000,1,64,0,4.12,[0.6644],[None],2014
1475,False,False,64,"(0.4, 0.3, 0.3)",64,4,0,20,1e-05,0.0001,100,0.01,2.0,0.2,0.01,0.001,0.001,0.3,0.1,,0.0,1000,2,128,0,8.39,"[0.6684, 0.6722]","[None, None]",2015
1476,False,False,64,"(0.4, 0.3, 0.3)",64,4,0,20,1e-05,0.0001,100,0.01,2.0,0.2,0.01,0.001,0.001,0.3,0.1,,0.0,1000,3,192,0,12.88,"[0.5549, 0.4576, 0.4906]","[None, None, None]",2016
1477,False,False,64,"(0.4, 0.3, 0.3)",64,4,0,20,1e-05,0.0001,100,0.01,2.0,0.2,0.01,0.001,0.001,0.3,0.1,,0.0,1000,1,64,0,4.09,[0.7076],[None],2017
1478,False,False,64,"(0.4, 0.3, 0.3)",64,4,0,20,1e-05,0.0001,100,0.01,2.0,0.2,0.01,0.001,0.001,0.3,0.1,,0.0,1000,2,128,1,8.39,"[0.5954, 0.6812]","[None, None]",2018
1479,False,False,64,"(0.4, 0.3, 0.3)",64,4,0,20,1e-05,0.0001,100,0.01,2.0,0.2,0.01,0.001,0.001,0.3,0.1,,0.0,1000,1,64,0,4.08,[0.6335],[None],2019
1480,False,False,64,"(0.4, 0.3, 0.3)",64,4,0,20,1e-05,0.0001,100,0.01,2.0,0.2,0.01,0.01,0.001,0.3,0.05,,0.0,1000,1,64,1,4.06,[0.7175],[None],2000
1481,False,False,64,"(0.4, 0.3, 0.3)",64,4,0,20,1e-05,0.0001,100,0.01,2.0,0.2,0.01,0.01,0.001,0.3,0.05,,0.0,1000,1,64,0,4.13,[0.5366],[None],2001
1482,False,False,64,"(0.4, 0.3, 0.3)",64,4,0,20,1e-05,0.0001,100,0.01,2.0,0.2,0.01,0.01,0.001,0.3,0.05,,0.0,1000,1,64,1,4.04,[0.6729],[None],2002
1483,False,False,64,"(0.4, 0.3, 0.3)",64,4,0,20,1e-05,0.0001,100,0.01,2.0,0.2,0.01,0.01,0.001,0.3,0.05,,0.0,1000,2,128,1,8.37,"[0.6578, 0.6716]","[None, None]",2003
1484,False,False,64,"(0.4, 0.3, 0.3)",64,4,0,20,1e-05,0.0001,100,0.01,2.0,0.2,0.01,0.01,0.001,0.3,0.05,,0.0,1000,1,64,0,4.04,[0.701],[None],2004
1485,False,False,64,"(0.4, 0.3, 0.3)",64,4,0,20,1e-05,0.0001,100,0.01,2.0,0.2,0.01,0.01,0.001,0.3,0.05,,0.0,1000,2,128,0,8.34,"[0.6452, 0.5658]","[None, None]",2005
1486,False,False,64,"(0.4, 0.3, 0.3)",64,4,0,20,1e-05,0.0001,100,0.01,2.0,0.2,0.01,0.01,0.001,0.3,0.05,,0.0,1000,1,64,0,4.05,[0.6601],[None],2006
1487,False,False,64,"(0.4, 0.3, 0.3)",64,4,0,20,1e-05,0.0001,100,0.01,2.0,0.2,0.01,0.01,0.001,0.3,0.05,,0.0,1000,3,192,0,12.86,"[0.612, 0.6119, 0.6448]","[None, None, None]",2007
1488,False,False,64,"(0.4, 0.3, 0.3)",64,4,0,20,1e-05,0.0001,100,0.01,2.0,0.2,0.01,0.01,0.001,0.3,0.05,,0.0,1000,1,64,1,4.04,[0.465],[None],2008
1489,False,False,64,"(0.4, 0.3, 0.3)",64,4,0,20,1e-05,0.0001,100,0.01,2.0,0.2,0.01,0.01,0.001,0.3,0.05,,0.0,1000,1,64,0,4.04,[0.6226],[None],2009
1490,False,False,64,"(0.4, 0.3, 0.3)",64,4,0,20,1e-05,0.0001,100,0.01,2.0,0.2,0.01,0.01,0.001,0.3,0.05,,0.0,1000,1,64,0,4.04,[0.6496],[None],2010
1491,False,False,64,"(0.4, 0.3, 0.3)",64,4,0,20,1e-05,0.0001,100,0.01,2.0,0.2,0.01,0.01,0.001,0.3,0.05,,0.0,1000,1,64,0,4.05,[0.6324],[None],2011
1492,False,False,64,"(0.4, 0.3, 0.3)",64,4,0,20,1e-05,0.0001,100,0.01,2.0,0.2,0.01,0.01,0.001,0.3,0.05,,0.0,1000,1,64,0,4.05,[0.6225],[None],2012
1493,False,False,64,"(0.4, 0.3, 0.3)",64,4,0,20,1e-05,0.0001,100,0.01,2.0,0.2,0.01,0.01,0.001,0.3,0.05,,0.0,1000,2,128,0,8.42,"[0.6726, 0.7176]","[None, None]",2013
1494,False,False,64,"(0.4, 0.3, 0.3)",64,4,0,20,1e-05,0.0001,100,0.01,2.0,0.2,0.01,0.01,0.001,0.3,0.05,,0.0,1000,1,64,0,4.05,[0.6753],[None],2014
1495,False,False,64,"(0.4, 0.3, 0.3)",64,4,0,20,1e-05,0.0001,100,0.01,2.0,0.2,0.01,0.01,0.001,0.3,0.05,,0.0,1000,3,192,0,12.87,"[0.671, 0.6884, 0.7193]","[None, None, None]",2015
1496,False,False,64,"(0.4, 0.3, 0.3)",64,4,0,20,1e-05,0.0001,100,0.01,2.0,0.2,0.01,0.01,0.001,0.3,0.05,,0.0,1000,3,192,0,13.3,"[0.5698, 0.4907, 0.5742]","[None, None, None]",2016
1497,False,False,64,"(0.4, 0.3, 0.3)",64,4,0,20,1e-05,0.0001,100,0.01,2.0,0.2,0.01,0.01,0.001,0.3,0.05,,0.0,1000,1,64,0,4.18,[0.7253],[None],2017
1498,False,False,64,"(0.4, 0.3, 0.3)",64,4,0,20,1e-05,0.0001,100,0.01,2.0,0.2,0.01,0.01,0.001,0.3,0.05,,0.0,1000,2,128,1,8.38,"[0.6042, 0.6979]","[None, None]",2018
1499,False,False,64,"(0.4, 0.3, 0.3)",64,4,0,20,1e-05,0.0001,100,0.01,2.0,0.2,0.01,0.01,0.001,0.3,0.05,,0.0,1000,1,64,0,4.07,[0.6347],[None],2019
1500,False,False,64,"(0.4, 0.3, 0.3)",64,4,0,20,1e-05,0.0001,100,0.01,2.0,0.2,0.01,0.01,0.001,0.3,0.1,,0.0,1000,1,64,1,4.05,[0.7002],[None],2000
1501,False,False,64,"(0.4, 0.3, 0.3)",64,4,0,20,1e-05,0.0001,100,0.01,2.0,0.2,0.01,0.01,0.001,0.3,0.1,,0.0,1000,1,64,1,4.06,[0.5273],[None],2001
1502,False,False,64,"(0.4, 0.3, 0.3)",64,4,0,20,1e-05,0.0001,100,0.01,2.0,0.2,0.01,0.01,0.001,0.3,0.1,,0.0,1000,1,64,1,4.05,[0.6772],[None],2002
1503,False,False,64,"(0.4, 0.3, 0.3)",64,4,0,20,1e-05,0.0001,100,0.01,2.0,0.2,0.01,0.01,0.001,0.3,0.1,,0.0,1000,2,128,1,8.47,"[0.6407, 0.6481]","[None, None]",2003
1504,False,False,64,"(0.4, 0.3, 0.3)",64,4,0,20,1e-05,0.0001,100,0.01,2.0,0.2,0.01,0.01,0.001,0.3,0.1,,0.0,1000,2,128,0,8.36,"[0.6886, 0.7182]","[None, None]",2004
1505,False,False,64,"(0.4, 0.3, 0.3)",64,4,0,20,1e-05,0.0001,100,0.01,2.0,0.2,0.01,0.01,0.001,0.3,0.1,,0.0,1000,1,64,0,4.05,[0.6277],[None],2005
1506,False,False,64,"(0.4, 0.3, 0.3)",64,4,0,20,1e-05,0.0001,100,0.01,2.0,0.2,0.01,0.01,0.001,0.3,0.1,,0.0,1000,1,64,0,4.05,[0.6455],[None],2006
1507,False,False,64,"(0.4, 0.3, 0.3)",64,4,0,20,1e-05,0.0001,100,0.01,2.0,0.2,0.01,0.01,0.001,0.3,0.1,,0.0,1000,3,192,0,12.83,"[0.6142, 0.5897, 0.6087]","[None, None, None]",2007
1508,False,False,64,"(0.4, 0.3, 0.3)",64,4,0,20,1e-05,0.0001,100,0.01,2.0,0.2,0.01,0.01,0.001,0.3,0.1,,0.0,1000,1,64,1,4.1,[0.4465],[None],2008
1509,False,False,64,"(0.4, 0.3, 0.3)",64,4,0,20,1e-05,0.0001,100,0.01,2.0,0.2,0.01,0.01,0.001,0.3,0.1,,0.0,1000,1,64,0,4.06,[0.6261],[None],2009
1510,False,False,64,"(0.4, 0.3, 0.3)",64,4,0,20,1e-05,0.0001,100,0.01,2.0,0.2,0.01,0.01,0.001,0.3,0.1,,0.0,1000,1,64,0,4.06,[0.6278],[None],2010
1511,False,False,64,"(0.4, 0.3, 0.3)",64,4,0,20,1e-05,0.0001,100,0.01,2.0,0.2,0.01,0.01,0.001,0.3,0.1,,0.0,1000,1,64,0,4.21,[0.6248],[None],2011
1512,False,False,64,"(0.4, 0.3, 0.3)",64,4,0,20,1e-05,0.0001,100,0.01,2.0,0.2,0.01,0.01,0.001,0.3,0.1,,0.0,1000,1,64,0,4.14,[0.6017],[None],2012
1513,False,False,64,"(0.4, 0.3, 0.3)",64,4,0,20,1e-05,0.0001,100,0.01,2.0,0.2,0.01,0.01,0.001,0.3,0.1,,0.0,1000,3,192,1,12.89,"[0.6688, 0.7067, 0.7136]","[None, None, None]",2013
1514,False,False,64,"(0.4, 0.3, 0.3)",64,4,0,20,1e-05,0.0001,100,0.01,2.0,0.2,0.01,0.01,0.001,0.3,0.1,,0.0,1000,1,64,0,4.04,[0.6657],[None],2014
1515,False,False,64,"(0.4, 0.3, 0.3)",64,4,0,20,1e-05,0.0001,100,0.01,2.0,0.2,0.01,0.01,0.001,0.3,0.1,,0.0,1000,2,128,0,8.42,"[0.6694, 0.6776]","[None, None]",2015
1516,False,False,64,"(0.4, 0.3, 0.3)",64,4,0,20,1e-05,0.0001,100,0.01,2.0,0.2,0.01,0.01,0.001,0.3,0.1,,0.0,1000,3,192,0,13.21,"[0.5478, 0.4449, 0.457]","[None, None, None]",2016
1517,False,False,64,"(0.4, 0.3, 0.3)",64,4,0,20,1e-05,0.0001,100,0.01,2.0,0.2,0.01,0.01,0.001,0.3,0.1,,0.0,1000,1,64,0,4.21,[0.707],[None],2017
1518,False,False,64,"(0.4, 0.3, 0.3)",64,4,0,20,1e-05,0.0001,100,0.01,2.0,0.2,0.01,0.01,0.001,0.3,0.1,,0.0,1000,2,128,1,8.7,"[0.5982, 0.6722]","[None, None]",2018
1519,False,False,64,"(0.4, 0.3, 0.3)",64,4,0,20,1e-05,0.0001,100,0.01,2.0,0.2,0.01,0.01,0.001,0.3,0.1,,0.0,1000,1,64,0,4.22,[0.6338],[None],2019
1520,False,False,64,"(0.4, 0.3, 0.3)",64,4,0,20,1e-05,0.0001,100,0.01,2.0,0.3,0.01,0.001,0.001,0.3,0.05,,0.0,1000,1,64,0,4.08,[0.7164],[None],2000
1521,False,False,64,"(0.4, 0.3, 0.3)",64,4,0,20,1e-05,0.0001,100,0.01,2.0,0.3,0.01,0.001,0.001,0.3,0.05,,0.0,1000,1,64,0,4.06,[0.5287],[None],2001
1522,False,False,64,"(0.4, 0.3, 0.3)",64,4,0,20,1e-05,0.0001,100,0.01,2.0,0.3,0.01,0.001,0.001,0.3,0.05,,0.0,1000,1,64,1,4.06,[0.6655],[None],2002
1523,False,False,64,"(0.4, 0.3, 0.3)",64,4,0,20,1e-05,0.0001,100,0.01,2.0,0.3,0.01,0.001,0.001,0.3,0.05,,0.0,1000,2,128,1,8.49,"[0.6628, 0.6545]","[None, None]",2003
1524,False,False,64,"(0.4, 0.3, 0.3)",64,4,0,20,1e-05,0.0001,100,0.01,2.0,0.3,0.01,0.001,0.001,0.3,0.05,,0.0,1000,1,64,0,4.2,[0.6948],[None],2004
1525,False,False,64,"(0.4, 0.3, 0.3)",64,4,0,20,1e-05,0.0001,100,0.01,2.0,0.3,0.01,0.001,0.001,0.3,0.05,,0.0,1000,2,128,0,8.67,"[0.645, 0.5967]","[None, None]",2005
1526,False,False,64,"(0.4, 0.3, 0.3)",64,4,0,20,1e-05,0.0001,100,0.01,2.0,0.3,0.01,0.001,0.001,0.3,0.05,,0.0,1000,1,64,0,4.19,[0.6612],[None],2006
1527,False,False,64,"(0.4, 0.3, 0.3)",64,4,0,20,1e-05,0.0001,100,0.01,2.0,0.3,0.01,0.001,0.001,0.3,0.05,,0.0,1000,2,128,0,8.44,"[0.6064, 0.6078]","[None, None]",2007
1528,False,False,64,"(0.4, 0.3, 0.3)",64,4,0,20,1e-05,0.0001,100,0.01,2.0,0.3,0.01,0.001,0.001,0.3,0.05,,0.0,1000,1,64,1,4.07,[0.4621],[None],2008
1529,False,False,64,"(0.4, 0.3, 0.3)",64,4,0,20,1e-05,0.0001,100,0.01,2.0,0.3,0.01,0.001,0.001,0.3,0.05,,0.0,1000,1,64,0,4.22,[0.6186],[None],2009
1530,False,False,64,"(0.4, 0.3, 0.3)",64,4,0,20,1e-05,0.0001,100,0.01,2.0,0.3,0.01,0.001,0.001,0.3,0.05,,0.0,1000,1,64,0,4.17,[0.6514],[None],2010
1531,False,False,64,"(0.4, 0.3, 0.3)",64,4,0,20,1e-05,0.0001,100,0.01,2.0,0.3,0.01,0.001,0.001,0.3,0.05,,0.0,1000,1,64,0,4.14,[0.6195],[None],2011
1532,False,False,64,"(0.4, 0.3, 0.3)",64,4,0,20,1e-05,0.0001,100,0.01,2.0,0.3,0.01,0.001,0.001,0.3,0.05,,0.0,1000,1,64,0,4.05,[0.6208],[None],2012
1533,False,False,64,"(0.4, 0.3, 0.3)",64,4,0,20,1e-05,0.0001,100,0.01,2.0,0.3,0.01,0.001,0.001,0.3,0.05,,0.0,1000,2,128,0,8.4,"[0.6699, 0.6964]","[None, None]",2013
1534,False,False,64,"(0.4, 0.3, 0.3)",64,4,0,20,1e-05,0.0001,100,0.01,2.0,0.3,0.01,0.001,0.001,0.3,0.05,,0.0,1000,1,64,0,4.05,[0.6704],[None],2014
1535,False,False,64,"(0.4, 0.3, 0.3)",64,4,0,20,1e-05,0.0001,100,0.01,2.0,0.3,0.01,0.001,0.001,0.3,0.05,,0.0,1000,3,192,0,12.91,"[0.6661, 0.6932, 0.7306]","[None, None, None]",2015
1536,False,False,64,"(0.4, 0.3, 0.3)",64,4,0,20,1e-05,0.0001,100,0.01,2.0,0.3,0.01,0.001,0.001,0.3,0.05,,0.0,1000,3,192,0,12.88,"[0.557, 0.4988, 0.5345]","[None, None, None]",2016
1537,False,False,64,"(0.4, 0.3, 0.3)",64,4,0,20,1e-05,0.0001,100,0.01,2.0,0.3,0.01,0.001,0.001,0.3,0.05,,0.0,1000,1,64,0,4.12,[0.7227],[None],2017
1538,False,False,64,"(0.4, 0.3, 0.3)",64,4,0,20,1e-05,0.0001,100,0.01,2.0,0.3,0.01,0.001,0.001,0.3,0.05,,0.0,1000,2,128,1,8.37,"[0.5981, 0.6808]","[None, None]",2018
1539,False,False,64,"(0.4, 0.3, 0.3)",64,4,0,20,1e-05,0.0001,100,0.01,2.0,0.3,0.01,0.001,0.001,0.3,0.05,,0.0,1000,1,64,0,4.05,[0.6271],[None],2019
1540,False,False,64,"(0.4, 0.3, 0.3)",64,4,0,20,1e-05,0.0001,100,0.01,2.0,0.3,0.01,0.001,0.001,0.3,0.1,,0.0,1000,1,64,1,4.05,[0.6958],[None],2000
1541,False,False,64,"(0.4, 0.3, 0.3)",64,4,0,20,1e-05,0.0001,100,0.01,2.0,0.3,0.01,0.001,0.001,0.3,0.1,,0.0,1000,1,64,1,4.06,[0.5128],[None],2001
1542,False,False,64,"(0.4, 0.3, 0.3)",64,4,0,20,1e-05,0.0001,100,0.01,2.0,0.3,0.01,0.001,0.001,0.3,0.1,,0.0,1000,1,64,1,4.1,[0.6655],[None],2002
1543,False,False,64,"(0.4, 0.3, 0.3)",64,4,0,20,1e-05,0.0001,100,0.01,2.0,0.3,0.01,0.001,0.001,0.3,0.1,,0.0,1000,2,128,1,8.39,"[0.6409, 0.6224]","[None, None]",2003
1544,False,False,64,"(0.4, 0.3, 0.3)",64,4,0,20,1e-05,0.0001,100,0.01,2.0,0.3,0.01,0.001,0.001,0.3,0.1,,0.0,1000,2,128,0,8.4,"[0.6816, 0.7562]","[None, None]",2004
1545,False,False,64,"(0.4, 0.3, 0.3)",64,4,0,20,1e-05,0.0001,100,0.01,2.0,0.3,0.01,0.001,0.001,0.3,0.1,,0.0,1000,2,128,0,8.37,"[0.6207, 0.6002]","[None, None]",2005
1546,False,False,64,"(0.4, 0.3, 0.3)",64,4,0,20,1e-05,0.0001,100,0.01,2.0,0.3,0.01,0.001,0.001,0.3,0.1,,0.0,1000,1,64,0,4.06,[0.6382],[None],2006
1547,False,False,64,"(0.4, 0.3, 0.3)",64,4,0,20,1e-05,0.0001,100,0.01,2.0,0.3,0.01,0.001,0.001,0.3,0.1,,0.0,1000,2,128,0,8.38,"[0.608, 0.5994]","[None, None]",2007
1548,False,False,64,"(0.4, 0.3, 0.3)",64,4,0,20,1e-05,0.0001,100,0.01,2.0,0.3,0.01,0.001,0.001,0.3,0.1,,0.0,1000,1,64,1,4.06,[0.4397],[None],2008
1549,False,False,64,"(0.4, 0.3, 0.3)",64,4,0,20,1e-05,0.0001,100,0.01,2.0,0.3,0.01,0.001,0.001,0.3,0.1,,0.0,1000,1,64,0,4.14,[0.6185],[None],2009
1550,False,False,64,"(0.4, 0.3, 0.3)",64,4,0,20,1e-05,0.0001,100,0.01,2.0,0.3,0.01,0.001,0.001,0.3,0.1,,0.0,1000,1,64,0,4.13,[0.6251],[None],2010
1551,False,False,64,"(0.4, 0.3, 0.3)",64,4,0,20,1e-05,0.0001,100,0.01,2.0,0.3,0.01,0.001,0.001,0.3,0.1,,0.0,1000,1,64,0,4.06,[0.6103],[None],2011
1552,False,False,64,"(0.4, 0.3, 0.3)",64,4,0,20,1e-05,0.0001,100,0.01,2.0,0.3,0.01,0.001,0.001,0.3,0.1,,0.0,1000,1,64,0,4.05,[0.5925],[None],2012
1553,False,False,64,"(0.4, 0.3, 0.3)",64,4,0,20,1e-05,0.0001,100,0.01,2.0,0.3,0.01,0.001,0.001,0.3,0.1,,0.0,1000,2,128,0,8.36,"[0.662, 0.704]","[None, None]",2013
1554,False,False,64,"(0.4, 0.3, 0.3)",64,4,0,20,1e-05,0.0001,100,0.01,2.0,0.3,0.01,0.001,0.001,0.3,0.1,,0.0,1000,1,64,0,4.05,[0.6589],[None],2014
1555,False,False,64,"(0.4, 0.3, 0.3)",64,4,0,20,1e-05,0.0001,100,0.01,2.0,0.3,0.01,0.001,0.001,0.3,0.1,,0.0,1000,2,128,0,8.36,"[0.669, 0.6803]","[None, None]",2015
1556,False,False,64,"(0.4, 0.3, 0.3)",64,4,0,20,1e-05,0.0001,100,0.01,2.0,0.3,0.01,0.001,0.001,0.3,0.1,,0.0,1000,3,192,0,12.85,"[0.5383, 0.4763, 0.4793]","[None, None, None]",2016
1557,False,False,64,"(0.4, 0.3, 0.3)",64,4,0,20,1e-05,0.0001,100,0.01,2.0,0.3,0.01,0.001,0.001,0.3,0.1,,0.0,1000,1,64,0,4.04,[0.7051],[None],2017
1558,False,False,64,"(0.4, 0.3, 0.3)",64,4,0,20,1e-05,0.0001,100,0.01,2.0,0.3,0.01,0.001,0.001,0.3,0.1,,0.0,1000,2,128,1,8.44,"[0.589, 0.6625]","[None, None]",2018
1559,False,False,64,"(0.4, 0.3, 0.3)",64,4,0,20,1e-05,0.0001,100,0.01,2.0,0.3,0.01,0.001,0.001,0.3,0.1,,0.0,1000,1,64,0,4.3,[0.6291],[None],2019
1560,False,False,64,"(0.4, 0.3, 0.3)",64,4,0,20,1e-05,0.0001,100,0.01,2.0,0.3,0.01,0.01,0.001,0.3,0.05,,0.0,1000,1,64,0,4.23,[0.7174],[None],2000
1561,False,False,64,"(0.4, 0.3, 0.3)",64,4,0,20,1e-05,0.0001,100,0.01,2.0,0.3,0.01,0.01,0.001,0.3,0.05,,0.0,1000,1,64,1,4.23,[0.5297],[None],2001
1562,False,False,64,"(0.4, 0.3, 0.3)",64,4,0,20,1e-05,0.0001,100,0.01,2.0,0.3,0.01,0.01,0.001,0.3,0.05,,0.0,1000,1,64,1,4.2,[0.6662],[None],2002
1563,False,False,64,"(0.4, 0.3, 0.3)",64,4,0,20,1e-05,0.0001,100,0.01,2.0,0.3,0.01,0.01,0.001,0.3,0.05,,0.0,1000,2,128,1,8.67,"[0.6626, 0.654]","[None, None]",2003
1564,False,False,64,"(0.4, 0.3, 0.3)",64,4,0,20,1e-05,0.0001,100,0.01,2.0,0.3,0.01,0.01,0.001,0.3,0.05,,0.0,1000,1,64,0,4.09,[0.6933],[None],2004
1565,False,False,64,"(0.4, 0.3, 0.3)",64,4,0,20,1e-05,0.0001,100,0.01,2.0,0.3,0.01,0.01,0.001,0.3,0.05,,0.0,1000,2,128,1,8.35,"[0.6453, 0.6081]","[None, None]",2005
1566,False,False,64,"(0.4, 0.3, 0.3)",64,4,0,20,1e-05,0.0001,100,0.01,2.0,0.3,0.01,0.01,0.001,0.3,0.05,,0.0,1000,1,64,0,4.04,[0.6601],[None],2006
1567,False,False,64,"(0.4, 0.3, 0.3)",64,4,0,20,1e-05,0.0001,100,0.01,2.0,0.3,0.01,0.01,0.001,0.3,0.05,,0.0,1000,2,128,0,8.36,"[0.6077, 0.6078]","[None, None]",2007
1568,False,False,64,"(0.4, 0.3, 0.3)",64,4,0,20,1e-05,0.0001,100,0.01,2.0,0.3,0.01,0.01,0.001,0.3,0.05,,0.0,1000,1,64,1,4.05,[0.4626],[None],2008
1569,False,False,64,"(0.4, 0.3, 0.3)",64,4,0,20,1e-05,0.0001,100,0.01,2.0,0.3,0.01,0.01,0.001,0.3,0.05,,0.0,1000,1,64,0,4.05,[0.6209],[None],2009
1570,False,False,64,"(0.4, 0.3, 0.3)",64,4,0,20,1e-05,0.0001,100,0.01,2.0,0.3,0.01,0.01,0.001,0.3,0.05,,0.0,1000,1,64,0,4.05,[0.6509],[None],2010
1571,False,False,64,"(0.4, 0.3, 0.3)",64,4,0,20,1e-05,0.0001,100,0.01,2.0,0.3,0.01,0.01,0.001,0.3,0.05,,0.0,1000,1,64,0,4.05,[0.621],[None],2011
1572,False,False,64,"(0.4, 0.3, 0.3)",64,4,0,20,1e-05,0.0001,100,0.01,2.0,0.3,0.01,0.01,0.001,0.3,0.05,,0.0,1000,1,64,0,4.06,[0.6231],[None],2012
1573,False,False,64,"(0.4, 0.3, 0.3)",64,4,0,20,1e-05,0.0001,100,0.01,2.0,0.3,0.01,0.01,0.001,0.3,0.05,,0.0,1000,3,192,1,13.0,"[0.6688, 0.7045, 0.7511]","[None, None, None]",2013
1574,False,False,64,"(0.4, 0.3, 0.3)",64,4,0,20,1e-05,0.0001,100,0.01,2.0,0.3,0.01,0.01,0.001,0.3,0.05,,0.0,1000,1,64,0,4.2,[0.671],[None],2014
1575,False,False,64,"(0.4, 0.3, 0.3)",64,4,0,20,1e-05,0.0001,100,0.01,2.0,0.3,0.01,0.01,0.001,0.3,0.05,,0.0,1000,3,192,0,12.93,"[0.6684, 0.6594, 0.7229]","[None, None, None]",2015
1576,False,False,64,"(0.4, 0.3, 0.3)",64,4,0,20,1e-05,0.0001,100,0.01,2.0,0.3,0.01,0.01,0.001,0.3,0.05,,0.0,1000,2,128,0,8.37,"[0.5546, 0.5516]","[None, None]",2016
1577,False,False,64,"(0.4, 0.3, 0.3)",64,4,0,20,1e-05,0.0001,100,0.01,2.0,0.3,0.01,0.01,0.001,0.3,0.05,,0.0,1000,1,64,0,4.12,[0.7229],[None],2017
1578,False,False,64,"(0.4, 0.3, 0.3)",64,4,0,20,1e-05,0.0001,100,0.01,2.0,0.3,0.01,0.01,0.001,0.3,0.05,,0.0,1000,2,128,1,8.45,"[0.5988, 0.6741]","[None, None]",2018
1579,False,False,64,"(0.4, 0.3, 0.3)",64,4,0,20,1e-05,0.0001,100,0.01,2.0,0.3,0.01,0.01,0.001,0.3,0.05,,0.0,1000,1,64,0,4.06,[0.6268],[None],2019
1580,False,False,64,"(0.4, 0.3, 0.3)",64,4,0,20,1e-05,0.0001,100,0.01,2.0,0.3,0.01,0.01,0.001,0.3,0.1,,0.0,1000,1,64,1,4.05,[0.6961],[None],2000
1581,False,False,64,"(0.4, 0.3, 0.3)",64,4,0,20,1e-05,0.0001,100,0.01,2.0,0.3,0.01,0.01,0.001,0.3,0.1,,0.0,1000,1,64,1,4.13,[0.5157],[None],2001
1582,False,False,64,"(0.4, 0.3, 0.3)",64,4,0,20,1e-05,0.0001,100,0.01,2.0,0.3,0.01,0.01,0.001,0.3,0.1,,0.0,1000,1,64,1,4.06,[0.6691],[None],2002
1583,False,False,64,"(0.4, 0.3, 0.3)",64,4,0,20,1e-05,0.0001,100,0.01,2.0,0.3,0.01,0.01,0.001,0.3,0.1,,0.0,1000,2,128,1,8.37,"[0.6381, 0.6608]","[None, None]",2003
1584,False,False,64,"(0.4, 0.3, 0.3)",64,4,0,20,1e-05,0.0001,100,0.01,2.0,0.3,0.01,0.01,0.001,0.3,0.1,,0.0,1000,2,128,0,8.37,"[0.6812, 0.7319]","[None, None]",2004
1585,False,False,64,"(0.4, 0.3, 0.3)",64,4,0,20,1e-05,0.0001,100,0.01,2.0,0.3,0.01,0.01,0.001,0.3,0.1,,0.0,1000,2,128,0,8.41,"[0.6202, 0.5828]","[None, None]",2005
1586,False,False,64,"(0.4, 0.3, 0.3)",64,4,0,20,1e-05,0.0001,100,0.01,2.0,0.3,0.01,0.01,0.001,0.3,0.1,,0.0,1000,1,64,0,4.06,[0.6381],[None],2006
1587,False,False,64,"(0.4, 0.3, 0.3)",64,4,0,20,1e-05,0.0001,100,0.01,2.0,0.3,0.01,0.01,0.001,0.3,0.1,,0.0,1000,3,192,0,13.01,"[0.6095, 0.5732, 0.593]","[None, None, None]",2007
1588,False,False,64,"(0.4, 0.3, 0.3)",64,4,0,20,1e-05,0.0001,100,0.01,2.0,0.3,0.01,0.01,0.001,0.3,0.1,,0.0,1000,1,64,1,4.08,[0.4342],[None],2008
1589,False,False,64,"(0.4, 0.3, 0.3)",64,4,0,20,1e-05,0.0001,100,0.01,2.0,0.3,0.01,0.01,0.001,0.3,0.1,,0.0,1000,1,64,0,4.06,[0.6182],[None],2009
1590,False,False,64,"(0.4, 0.3, 0.3)",64,4,0,20,1e-05,0.0001,100,0.01,2.0,0.3,0.01,0.01,0.001,0.3,0.1,,0.0,1000,1,64,0,4.12,[0.6239],[None],2010
1591,False,False,64,"(0.4, 0.3, 0.3)",64,4,0,20,1e-05,0.0001,100,0.01,2.0,0.3,0.01,0.01,0.001,0.3,0.1,,0.0,1000,1,64,0,4.2,[0.6109],[None],2011
1592,False,False,64,"(0.4, 0.3, 0.3)",64,4,0,20,1e-05,0.0001,100,0.01,2.0,0.3,0.01,0.01,0.001,0.3,0.1,,0.0,1000,1,64,0,4.23,[0.5925],[None],2012
1593,False,False,64,"(0.4, 0.3, 0.3)",64,4,0,20,1e-05,0.0001,100,0.01,2.0,0.3,0.01,0.01,0.001,0.3,0.1,,0.0,1000,2,128,0,8.56,"[0.6612, 0.7096]","[None, None]",2013
1594,False,False,64,"(0.4, 0.3, 0.3)",64,4,0,20,1e-05,0.0001,100,0.01,2.0,0.3,0.01,0.01,0.001,0.3,0.1,,0.0,1000,1,64,0,4.17,[0.6597],[None],2014
1595,False,False,64,"(0.4, 0.3, 0.3)",64,4,0,20,1e-05,0.0001,100,0.01,2.0,0.3,0.01,0.01,0.001,0.3,0.1,,0.0,1000,2,128,0,8.52,"[0.6704, 0.691]","[None, None]",2015
1596,False,False,64,"(0.4, 0.3, 0.3)",64,4,0,20,1e-05,0.0001,100,0.01,2.0,0.3,0.01,0.01,0.001,0.3,0.1,,0.0,1000,3,192,0,12.88,"[0.5337, 0.4089, 0.4]","[None, None, None]",2016
1597,False,False,64,"(0.4, 0.3, 0.3)",64,4,0,20,1e-05,0.0001,100,0.01,2.0,0.3,0.01,0.01,0.001,0.3,0.1,,0.0,1000,1,64,0,4.06,[0.7054],[None],2017
1598,False,False,64,"(0.4, 0.3, 0.3)",64,4,0,20,1e-05,0.0001,100,0.01,2.0,0.3,0.01,0.01,0.001,0.3,0.1,,0.0,1000,2,128,1,8.45,"[0.5925, 0.7055]","[None, None]",2018
1599,False,False,64,"(0.4, 0.3, 0.3)",64,4,0,20,1e-05,0.0001,100,0.01,2.0,0.3,0.01,0.01,0.001,0.3,0.1,,0.0,1000,1,64,0,4.05,[0.6275],[None],2019
1600,False,False,64,"(0.4, 0.3, 0.3)",64,4,0,20,1e-05,0.0001,100,0.01,3.0,0.01,0.01,0.001,0.001,0.3,0.05,,0.0,1000,1,64,0,4.12,[0.6968],[None],2000
1601,False,False,64,"(0.4, 0.3, 0.3)",64,4,0,20,1e-05,0.0001,100,0.01,3.0,0.01,0.01,0.001,0.001,0.3,0.05,,0.0,1000,1,64,0,4.22,[0.563],[None],2001
1602,False,False,64,"(0.4, 0.3, 0.3)",64,4,0,20,1e-05,0.0001,100,0.01,3.0,0.01,0.01,0.001,0.001,0.3,0.05,,0.0,1000,1,64,1,4.2,[0.6866],[None],2002
1603,False,False,64,"(0.4, 0.3, 0.3)",64,4,0,20,1e-05,0.0001,100,0.01,3.0,0.01,0.01,0.001,0.001,0.3,0.05,,0.0,1000,2,128,1,8.56,"[0.6526, 0.6479]","[None, None]",2003
1604,False,False,64,"(0.4, 0.3, 0.3)",64,4,0,20,1e-05,0.0001,100,0.01,3.0,0.01,0.01,0.001,0.001,0.3,0.05,,0.0,1000,1,64,0,4.05,[0.6981],[None],2004
1605,False,False,64,"(0.4, 0.3, 0.3)",64,4,0,20,1e-05,0.0001,100,0.01,3.0,0.01,0.01,0.001,0.001,0.3,0.05,,0.0,1000,1,64,0,4.06,[0.6426],[None],2005
1606,False,False,64,"(0.4, 0.3, 0.3)",64,4,0,20,1e-05,0.0001,100,0.01,3.0,0.01,0.01,0.001,0.001,0.3,0.05,,0.0,1000,1,64,0,4.05,[0.6467],[None],2006
1607,False,False,64,"(0.4, 0.3, 0.3)",64,4,0,20,1e-05,0.0001,100,0.01,3.0,0.01,0.01,0.001,0.001,0.3,0.05,,0.0,1000,1,64,0,4.06,[0.5983],[None],2007
1608,False,False,64,"(0.4, 0.3, 0.3)",64,4,0,20,1e-05,0.0001,100,0.01,3.0,0.01,0.01,0.001,0.001,0.3,0.05,,0.0,1000,1,64,1,4.07,[0.4469],[None],2008
1609,False,False,64,"(0.4, 0.3, 0.3)",64,4,0,20,1e-05,0.0001,100,0.01,3.0,0.01,0.01,0.001,0.001,0.3,0.05,,0.0,1000,1,64,0,4.06,[0.6324],[None],2009
1610,False,False,64,"(0.4, 0.3, 0.3)",64,4,0,20,1e-05,0.0001,100,0.01,3.0,0.01,0.01,0.001,0.001,0.3,0.05,,0.0,1000,1,64,0,4.05,[0.6492],[None],2010
1611,False,False,64,"(0.4, 0.3, 0.3)",64,4,0,20,1e-05,0.0001,100,0.01,3.0,0.01,0.01,0.001,0.001,0.3,0.05,,0.0,1000,1,64,0,4.12,[0.6348],[None],2011
1612,False,False,64,"(0.4, 0.3, 0.3)",64,4,0,20,1e-05,0.0001,100,0.01,3.0,0.01,0.01,0.001,0.001,0.3,0.05,,0.0,1000,1,64,0,4.05,[0.5926],[None],2012
1613,False,False,64,"(0.4, 0.3, 0.3)",64,4,0,20,1e-05,0.0001,100,0.01,3.0,0.01,0.01,0.001,0.001,0.3,0.05,,0.0,1000,3,192,0,13.3,"[0.6747, 0.7035, 0.649]","[None, None, None]",2013
1614,False,False,64,"(0.4, 0.3, 0.3)",64,4,0,20,1e-05,0.0001,100,0.01,3.0,0.01,0.01,0.001,0.001,0.3,0.05,,0.0,1000,1,64,0,4.22,[0.6696],[None],2014
1615,False,False,64,"(0.4, 0.3, 0.3)",64,4,0,20,1e-05,0.0001,100,0.01,3.0,0.01,0.01,0.001,0.001,0.3,0.05,,0.0,1000,5,320,1,22.8,"[0.6596, 0.6519, 0.6529, 0.6435, 0.634]","[None, None, None, None, None]",2015
1616,False,False,64,"(0.4, 0.3, 0.3)",64,4,0,20,1e-05,0.0001,100,0.01,3.0,0.01,0.01,0.001,0.001,0.3,0.05,,0.0,1000,3,192,1,12.89,"[0.6065, 0.5043, 0.5576]","[None, None, None]",2016
1617,False,False,64,"(0.4, 0.3, 0.3)",64,4,0,20,1e-05,0.0001,100,0.01,3.0,0.01,0.01,0.001,0.001,0.3,0.05,,0.0,1000,1,64,0,4.06,[0.6983],[None],2017
1618,False,False,64,"(0.4, 0.3, 0.3)",64,4,0,20,1e-05,0.0001,100,0.01,3.0,0.01,0.01,0.001,0.001,0.3,0.05,,0.0,1000,2,128,1,8.38,"[0.589, 0.6436]","[None, None]",2018
1619,False,False,64,"(0.4, 0.3, 0.3)",64,4,0,20,1e-05,0.0001,100,0.01,3.0,0.01,0.01,0.001,0.001,0.3,0.05,,0.0,1000,1,64,0,4.05,[0.6033],[None],2019
1620,False,False,64,"(0.4, 0.3, 0.3)",64,4,0,20,1e-05,0.0001,100,0.01,3.0,0.01,0.01,0.001,0.001,0.3,0.1,,0.0,1000,1,64,0,4.05,[0.695],[None],2000
1621,False,False,64,"(0.4, 0.3, 0.3)",64,4,0,20,1e-05,0.0001,100,0.01,3.0,0.01,0.01,0.001,0.001,0.3,0.1,,0.0,1000,1,64,0,4.04,[0.5632],[None],2001
1622,False,False,64,"(0.4, 0.3, 0.3)",64,4,0,20,1e-05,0.0001,100,0.01,3.0,0.01,0.01,0.001,0.001,0.3,0.1,,0.0,1000,1,64,1,4.11,[0.6861],[None],2002
1623,False,False,64,"(0.4, 0.3, 0.3)",64,4,0,20,1e-05,0.0001,100,0.01,3.0,0.01,0.01,0.001,0.001,0.3,0.1,,0.0,1000,2,128,1,8.61,"[0.6519, 0.6625]","[None, None]",2003
1624,False,False,64,"(0.4, 0.3, 0.3)",64,4,0,20,1e-05,0.0001,100,0.01,3.0,0.01,0.01,0.001,0.001,0.3,0.1,,0.0,1000,1,64,0,4.12,[0.6975],[None],2004
1625,False,False,64,"(0.4, 0.3, 0.3)",64,4,0,20,1e-05,0.0001,100,0.01,3.0,0.01,0.01,0.001,0.001,0.3,0.1,,0.0,1000,1,64,0,4.08,[0.6425],[None],2005
1626,False,False,64,"(0.4, 0.3, 0.3)",64,4,0,20,1e-05,0.0001,100,0.01,3.0,0.01,0.01,0.001,0.001,0.3,0.1,,0.0,1000,1,64,0,4.06,[0.6457],[None],2006
1627,False,False,64,"(0.4, 0.3, 0.3)",64,4,0,20,1e-05,0.0001,100,0.01,3.0,0.01,0.01,0.001,0.001,0.3,0.1,,0.0,1000,1,64,0,4.05,[0.5976],[None],2007
1628,False,False,64,"(0.4, 0.3, 0.3)",64,4,0,20,1e-05,0.0001,100,0.01,3.0,0.01,0.01,0.001,0.001,0.3,0.1,,0.0,1000,1,64,1,4.05,[0.4354],[None],2008
1629,False,False,64,"(0.4, 0.3, 0.3)",64,4,0,20,1e-05,0.0001,100,0.01,3.0,0.01,0.01,0.001,0.001,0.3,0.1,,0.0,1000,1,64,0,4.05,[0.6321],[None],2009
1630,False,False,64,"(0.4, 0.3, 0.3)",64,4,0,20,1e-05,0.0001,100,0.01,3.0,0.01,0.01,0.001,0.001,0.3,0.1,,0.0,1000,1,64,0,4.05,[0.6499],[None],2010
1631,False,False,64,"(0.4, 0.3, 0.3)",64,4,0,20,1e-05,0.0001,100,0.01,3.0,0.01,0.01,0.001,0.001,0.3,0.1,,0.0,1000,1,64,0,4.05,[0.6355],[None],2011
1632,False,False,64,"(0.4, 0.3, 0.3)",64,4,0,20,1e-05,0.0001,100,0.01,3.0,0.01,0.01,0.001,0.001,0.3,0.1,,0.0,1000,1,64,0,4.12,[0.5912],[None],2012
1633,False,False,64,"(0.4, 0.3, 0.3)",64,4,0,20,1e-05,0.0001,100,0.01,3.0,0.01,0.01,0.001,0.001,0.3,0.1,,0.0,1000,3,192,0,13.17,"[0.6745, 0.6977, 0.6847]","[None, None, None]",2013
1634,False,False,64,"(0.4, 0.3, 0.3)",64,4,0,20,1e-05,0.0001,100,0.01,3.0,0.01,0.01,0.001,0.001,0.3,0.1,,0.0,1000,1,64,0,4.08,[0.668],[None],2014
1635,False,False,64,"(0.4, 0.3, 0.3)",64,4,0,20,1e-05,0.0001,100,0.01,3.0,0.01,0.01,0.001,0.001,0.3,0.1,,0.0,1000,1,64,0,4.22,[0.6598],[None],2015
1636,False,False,64,"(0.4, 0.3, 0.3)",64,4,0,20,1e-05,0.0001,100,0.01,3.0,0.01,0.01,0.001,0.001,0.3,0.1,,0.0,1000,2,128,1,8.64,"[0.6026, 0.556]","[None, None]",2016
1637,False,False,64,"(0.4, 0.3, 0.3)",64,4,0,20,1e-05,0.0001,100,0.01,3.0,0.01,0.01,0.001,0.001,0.3,0.1,,0.0,1000,1,64,0,4.14,[0.6978],[None],2017
1638,False,False,64,"(0.4, 0.3, 0.3)",64,4,0,20,1e-05,0.0001,100,0.01,3.0,0.01,0.01,0.001,0.001,0.3,0.1,,0.0,1000,2,128,1,8.67,"[0.5869, 0.6315]","[None, None]",2018
1639,False,False,64,"(0.4, 0.3, 0.3)",64,4,0,20,1e-05,0.0001,100,0.01,3.0,0.01,0.01,0.001,0.001,0.3,0.1,,0.0,1000,1,64,0,4.04,[0.6014],[None],2019
1640,False,False,64,"(0.4, 0.3, 0.3)",64,4,0,20,1e-05,0.0001,100,0.01,3.0,0.01,0.01,0.01,0.001,0.3,0.05,,0.0,1000,1,64,0,4.17,[0.6966],[None],2000
1641,False,False,64,"(0.4, 0.3, 0.3)",64,4,0,20,1e-05,0.0001,100,0.01,3.0,0.01,0.01,0.01,0.001,0.3,0.05,,0.0,1000,1,64,0,4.2,[0.5645],[None],2001
1642,False,False,64,"(0.4, 0.3, 0.3)",64,4,0,20,1e-05,0.0001,100,0.01,3.0,0.01,0.01,0.01,0.001,0.3,0.05,,0.0,1000,1,64,1,4.23,[0.6868],[None],2002
1643,False,False,64,"(0.4, 0.3, 0.3)",64,4,0,20,1e-05,0.0001,100,0.01,3.0,0.01,0.01,0.01,0.001,0.3,0.05,,0.0,1000,2,128,1,8.61,"[0.6513, 0.6599]","[None, None]",2003
1644,False,False,64,"(0.4, 0.3, 0.3)",64,4,0,20,1e-05,0.0001,100,0.01,3.0,0.01,0.01,0.01,0.001,0.3,0.05,,0.0,1000,1,64,0,4.04,[0.6992],[None],2004
1645,False,False,64,"(0.4, 0.3, 0.3)",64,4,0,20,1e-05,0.0001,100,0.01,3.0,0.01,0.01,0.01,0.001,0.3,0.05,,0.0,1000,1,64,0,4.1,[0.6441],[None],2005
1646,False,False,64,"(0.4, 0.3, 0.3)",64,4,0,20,1e-05,0.0001,100,0.01,3.0,0.01,0.01,0.01,0.001,0.3,0.05,,0.0,1000,1,64,0,4.18,[0.6449],[None],2006
1647,False,False,64,"(0.4, 0.3, 0.3)",64,4,0,20,1e-05,0.0001,100,0.01,3.0,0.01,0.01,0.01,0.001,0.3,0.05,,0.0,1000,1,64,0,4.2,[0.5981],[None],2007
1648,False,False,64,"(0.4, 0.3, 0.3)",64,4,0,20,1e-05,0.0001,100,0.01,3.0,0.01,0.01,0.01,0.001,0.3,0.05,,0.0,1000,1,64,1,4.18,[0.4429],[None],2008
1649,False,False,64,"(0.4, 0.3, 0.3)",64,4,0,20,1e-05,0.0001,100,0.01,3.0,0.01,0.01,0.01,0.001,0.3,0.05,,0.0,1000,1,64,0,4.06,[0.6355],[None],2009
1650,False,False,64,"(0.4, 0.3, 0.3)",64,4,0,20,1e-05,0.0001,100,0.01,3.0,0.01,0.01,0.01,0.001,0.3,0.05,,0.0,1000,1,64,0,4.04,[0.6481],[None],2010
1651,False,False,64,"(0.4, 0.3, 0.3)",64,4,0,20,1e-05,0.0001,100,0.01,3.0,0.01,0.01,0.01,0.001,0.3,0.05,,0.0,1000,1,64,0,4.09,[0.6361],[None],2011
1652,False,False,64,"(0.4, 0.3, 0.3)",64,4,0,20,1e-05,0.0001,100,0.01,3.0,0.01,0.01,0.01,0.001,0.3,0.05,,0.0,1000,1,64,0,4.11,[0.5919],[None],2012
1653,False,False,64,"(0.4, 0.3, 0.3)",64,4,0,20,1e-05,0.0001,100,0.01,3.0,0.01,0.01,0.01,0.001,0.3,0.05,,0.0,1000,3,192,0,13.01,"[0.6741, 0.6802, 0.6812]","[None, None, None]",2013
1654,False,False,64,"(0.4, 0.3, 0.3)",64,4,0,20,1e-05,0.0001,100,0.01,3.0,0.01,0.01,0.01,0.001,0.3,0.05,,0.0,1000,1,64,0,4.15,[0.6696],[None],2014
1655,False,False,64,"(0.4, 0.3, 0.3)",64,4,0,20,1e-05,0.0001,100,0.01,3.0,0.01,0.01,0.01,0.001,0.3,0.05,,0.0,1000,1,64,0,4.04,[0.659],[None],2015
1656,False,False,64,"(0.4, 0.3, 0.3)",64,4,0,20,1e-05,0.0001,100,0.01,3.0,0.01,0.01,0.01,0.001,0.3,0.05,,0.0,1000,3,192,0,12.86,"[0.5975, 0.5023, 0.5599]","[None, None, None]",2016
1657,False,False,64,"(0.4, 0.3, 0.3)",64,4,0,20,1e-05,0.0001,100,0.01,3.0,0.01,0.01,0.01,0.001,0.3,0.05,,0.0,1000,1,64,0,4.04,[0.699],[None],2017
1658,False,False,64,"(0.4, 0.3, 0.3)",64,4,0,20,1e-05,0.0001,100,0.01,3.0,0.01,0.01,0.01,0.001,0.3,0.05,,0.0,1000,2,128,1,8.46,"[0.5896, 0.6383]","[None, None]",2018
1659,False,False,64,"(0.4, 0.3, 0.3)",64,4,0,20,1e-05,0.0001,100,0.01,3.0,0.01,0.01,0.01,0.001,0.3,0.05,,0.0,1000,1,64,0,4.15,[0.6037],[None],2019
1660,False,False,64,"(0.4, 0.3, 0.3)",64,4,0,20,1e-05,0.0001,100,0.01,3.0,0.01,0.01,0.01,0.001,0.3,0.1,,0.0,1000,1,64,0,4.12,[0.6952],[None],2000
1661,False,False,64,"(0.4, 0.3, 0.3)",64,4,0,20,1e-05,0.0001,100,0.01,3.0,0.01,0.01,0.01,0.001,0.3,0.1,,0.0,1000,1,64,0,4.15,[0.5644],[None],2001
1662,False,False,64,"(0.4, 0.3, 0.3)",64,4,0,20,1e-05,0.0001,100,0.01,3.0,0.01,0.01,0.01,0.001,0.3,0.1,,0.0,1000,1,64,1,4.04,[0.6866],[None],2002
1663,False,False,64,"(0.4, 0.3, 0.3)",64,4,0,20,1e-05,0.0001,100,0.01,3.0,0.01,0.01,0.01,0.001,0.3,0.1,,0.0,1000,2,128,1,8.35,"[0.6508, 0.6754]","[None, None]",2003
1664,False,False,64,"(0.4, 0.3, 0.3)",64,4,0,20,1e-05,0.0001,100,0.01,3.0,0.01,0.01,0.01,0.001,0.3,0.1,,0.0,1000,1,64,0,4.04,[0.6972],[None],2004
1665,False,False,64,"(0.4, 0.3, 0.3)",64,4,0,20,1e-05,0.0001,100,0.01,3.0,0.01,0.01,0.01,0.001,0.3,0.1,,0.0,1000,1,64,0,4.2,[0.6438],[None],2005
1666,False,False,64,"(0.4, 0.3, 0.3)",64,4,0,20,1e-05,0.0001,100,0.01,3.0,0.01,0.01,0.01,0.001,0.3,0.1,,0.0,1000,1,64,0,4.21,[0.6442],[None],2006
1667,False,False,64,"(0.4, 0.3, 0.3)",64,4,0,20,1e-05,0.0001,100,0.01,3.0,0.01,0.01,0.01,0.001,0.3,0.1,,0.0,1000,1,64,0,4.21,[0.5979],[None],2007
1668,False,False,64,"(0.4, 0.3, 0.3)",64,4,0,20,1e-05,0.0001,100,0.01,3.0,0.01,0.01,0.01,0.001,0.3,0.1,,0.0,1000,1,64,1,4.19,[0.4346],[None],2008
1669,False,False,64,"(0.4, 0.3, 0.3)",64,4,0,20,1e-05,0.0001,100,0.01,3.0,0.01,0.01,0.01,0.001,0.3,0.1,,0.0,1000,1,64,0,4.23,[0.634],[None],2009
1670,False,False,64,"(0.4, 0.3, 0.3)",64,4,0,20,1e-05,0.0001,100,0.01,3.0,0.01,0.01,0.01,0.001,0.3,0.1,,0.0,1000,1,64,0,4.07,[0.6476],[None],2010
1671,False,False,64,"(0.4, 0.3, 0.3)",64,4,0,20,1e-05,0.0001,100,0.01,3.0,0.01,0.01,0.01,0.001,0.3,0.1,,0.0,1000,1,64,0,4.19,[0.6351],[None],2011
1672,False,False,64,"(0.4, 0.3, 0.3)",64,4,0,20,1e-05,0.0001,100,0.01,3.0,0.01,0.01,0.01,0.001,0.3,0.1,,0.0,1000,1,64,0,4.2,[0.5913],[None],2012
1673,False,False,64,"(0.4, 0.3, 0.3)",64,4,0,20,1e-05,0.0001,100,0.01,3.0,0.01,0.01,0.01,0.001,0.3,0.1,,0.0,1000,3,192,0,13.34,"[0.6738, 0.6642, 0.6547]","[None, None, None]",2013
1674,False,False,64,"(0.4, 0.3, 0.3)",64,4,0,20,1e-05,0.0001,100,0.01,3.0,0.01,0.01,0.01,0.001,0.3,0.1,,0.0,1000,1,64,0,4.19,[0.6693],[None],2014
1675,False,False,64,"(0.4, 0.3, 0.3)",64,4,0,20,1e-05,0.0001,100,0.01,3.0,0.01,0.01,0.01,0.001,0.3,0.1,,0.0,1000,4,256,0,17.91,"[0.66, 0.6385, 0.6741, 0.6486]","[None, None, None, None]",2015
1676,False,False,64,"(0.4, 0.3, 0.3)",64,4,0,20,1e-05,0.0001,100,0.01,3.0,0.01,0.01,0.01,0.001,0.3,0.1,,0.0,1000,3,192,0,12.9,"[0.5962, 0.4839, 0.4911]","[None, None, None]",2016
1677,False,False,64,"(0.4, 0.3, 0.3)",64,4,0,20,1e-05,0.0001,100,0.01,3.0,0.01,0.01,0.01,0.001,0.3,0.1,,0.0,1000,1,64,0,4.05,[0.6983],[None],2017
1678,False,False,64,"(0.4, 0.3, 0.3)",64,4,0,20,1e-05,0.0001,100,0.01,3.0,0.01,0.01,0.01,0.001,0.3,0.1,,0.0,1000,2,128,1,8.39,"[0.5884, 0.6417]","[None, None]",2018
1679,False,False,64,"(0.4, 0.3, 0.3)",64,4,0,20,1e-05,0.0001,100,0.01,3.0,0.01,0.01,0.01,0.001,0.3,0.1,,0.0,1000,1,64,0,4.05,[0.6028],[None],2019
1680,False,False,64,"(0.4, 0.3, 0.3)",64,4,0,20,1e-05,0.0001,100,0.01,3.0,0.1,0.01,0.001,0.001,0.3,0.05,,0.0,1000,1,64,0,4.12,[0.6975],[None],2000
1681,False,False,64,"(0.4, 0.3, 0.3)",64,4,0,20,1e-05,0.0001,100,0.01,3.0,0.1,0.01,0.001,0.001,0.3,0.05,,0.0,1000,1,64,0,4.2,[0.5222],[None],2001
1682,False,False,64,"(0.4, 0.3, 0.3)",64,4,0,20,1e-05,0.0001,100,0.01,3.0,0.1,0.01,0.001,0.001,0.3,0.05,,0.0,1000,1,64,1,4.07,[0.6821],[None],2002
1683,False,False,64,"(0.4, 0.3, 0.3)",64,4,0,20,1e-05,0.0001,100,0.01,3.0,0.1,0.01,0.001,0.001,0.3,0.05,,0.0,1000,2,128,1,8.35,"[0.6485, 0.6505]","[None, None]",2003
1684,False,False,64,"(0.4, 0.3, 0.3)",64,4,0,20,1e-05,0.0001,100,0.01,3.0,0.1,0.01,0.001,0.001,0.3,0.05,,0.0,1000,1,64,0,4.04,[0.6872],[None],2004
1685,False,False,64,"(0.4, 0.3, 0.3)",64,4,0,20,1e-05,0.0001,100,0.01,3.0,0.1,0.01,0.001,0.001,0.3,0.05,,0.0,1000,1,64,0,4.05,[0.6378],[None],2005
1686,False,False,64,"(0.4, 0.3, 0.3)",64,4,0,20,1e-05,0.0001,100,0.01,3.0,0.1,0.01,0.001,0.001,0.3,0.05,,0.0,1000,1,64,0,4.1,[0.6486],[None],2006
1687,False,False,64,"(0.4, 0.3, 0.3)",64,4,0,20,1e-05,0.0001,100,0.01,3.0,0.1,0.01,0.001,0.001,0.3,0.05,,0.0,1000,3,192,0,12.87,"[0.5888, 0.6326, 0.5588]","[None, None, None]",2007
1688,False,False,64,"(0.4, 0.3, 0.3)",64,4,0,20,1e-05,0.0001,100,0.01,3.0,0.1,0.01,0.001,0.001,0.3,0.05,,0.0,1000,1,64,1,4.05,[0.4328],[None],2008
1689,False,False,64,"(0.4, 0.3, 0.3)",64,4,0,20,1e-05,0.0001,100,0.01,3.0,0.1,0.01,0.001,0.001,0.3,0.05,,0.0,1000,1,64,0,4.05,[0.6304],[None],2009
1690,False,False,64,"(0.4, 0.3, 0.3)",64,4,0,20,1e-05,0.0001,100,0.01,3.0,0.1,0.01,0.001,0.001,0.3,0.05,,0.0,1000,1,64,0,4.08,[0.6529],[None],2010
1691,False,False,64,"(0.4, 0.3, 0.3)",64,4,0,20,1e-05,0.0001,100,0.01,3.0,0.1,0.01,0.001,0.001,0.3,0.05,,0.0,1000,1,64,0,4.05,[0.6255],[None],2011
1692,False,False,64,"(0.4, 0.3, 0.3)",64,4,0,20,1e-05,0.0001,100,0.01,3.0,0.1,0.01,0.001,0.001,0.3,0.05,,0.0,1000,1,64,0,4.17,[0.5847],[None],2012
1693,False,False,64,"(0.4, 0.3, 0.3)",64,4,0,20,1e-05,0.0001,100,0.01,3.0,0.1,0.01,0.001,0.001,0.3,0.05,,0.0,1000,2,128,0,8.65,"[0.6722, 0.664]","[None, None]",2013
1694,False,False,64,"(0.4, 0.3, 0.3)",64,4,0,20,1e-05,0.0001,100,0.01,3.0,0.1,0.01,0.001,0.001,0.3,0.05,,0.0,1000,1,64,0,4.27,[0.6638],[None],2014
1695,False,False,64,"(0.4, 0.3, 0.3)",64,4,0,20,1e-05,0.0001,100,0.01,3.0,0.1,0.01,0.001,0.001,0.3,0.05,,0.0,1000,3,192,0,12.91,"[0.6569, 0.6546, 0.6892]","[None, None, None]",2015
1696,False,False,64,"(0.4, 0.3, 0.3)",64,4,0,20,1e-05,0.0001,100,0.01,3.0,0.1,0.01,0.001,0.001,0.3,0.05,,0.0,1000,2,128,1,8.43,"[0.58, 0.5412]","[None, None]",2016
1697,False,False,64,"(0.4, 0.3, 0.3)",64,4,0,20,1e-05,0.0001,100,0.01,3.0,0.1,0.01,0.001,0.001,0.3,0.05,,0.0,1000,1,64,0,4.05,[0.7079],[None],2017
1698,False,False,64,"(0.4, 0.3, 0.3)",64,4,0,20,1e-05,0.0001,100,0.01,3.0,0.1,0.01,0.001,0.001,0.3,0.05,,0.0,1000,2,128,1,8.36,"[0.5822, 0.6251]","[None, None]",2018
1699,False,False,64,"(0.4, 0.3, 0.3)",64,4,0,20,1e-05,0.0001,100,0.01,3.0,0.1,0.01,0.001,0.001,0.3,0.05,,0.0,1000,1,64,0,4.12,[0.6186],[None],2019
1700,False,False,64,"(0.4, 0.3, 0.3)",64,4,0,20,1e-05,0.0001,100,0.01,3.0,0.1,0.01,0.001,0.001,0.3,0.1,,0.0,1000,1,64,1,4.05,[0.6893],[None],2000
1701,False,False,64,"(0.4, 0.3, 0.3)",64,4,0,20,1e-05,0.0001,100,0.01,3.0,0.1,0.01,0.001,0.001,0.3,0.1,,0.0,1000,1,64,0,4.05,[0.5188],[None],2001
1702,False,False,64,"(0.4, 0.3, 0.3)",64,4,0,20,1e-05,0.0001,100,0.01,3.0,0.1,0.01,0.001,0.001,0.3,0.1,,0.0,1000,1,64,1,4.12,[0.6827],[None],2002
1703,False,False,64,"(0.4, 0.3, 0.3)",64,4,0,20,1e-05,0.0001,100,0.01,3.0,0.1,0.01,0.001,0.001,0.3,0.1,,0.0,1000,2,128,1,8.67,"[0.6342, 0.6823]","[None, None]",2003
1704,False,False,64,"(0.4, 0.3, 0.3)",64,4,0,20,1e-05,0.0001,100,0.01,3.0,0.1,0.01,0.001,0.001,0.3,0.1,,0.0,1000,1,64,0,4.14,[0.6844],[None],2004
1705,False,False,64,"(0.4, 0.3, 0.3)",64,4,0,20,1e-05,0.0001,100,0.01,3.0,0.1,0.01,0.001,0.001,0.3,0.1,,0.0,1000,1,64,0,4.05,[0.6269],[None],2005
1706,False,False,64,"(0.4, 0.3, 0.3)",64,4,0,20,1e-05,0.0001,100,0.01,3.0,0.1,0.01,0.001,0.001,0.3,0.1,,0.0,1000,1,64,0,4.03,[0.6366],[None],2006
1707,False,False,64,"(0.4, 0.3, 0.3)",64,4,0,20,1e-05,0.0001,100,0.01,3.0,0.1,0.01,0.001,0.001,0.3,0.1,,0.0,1000,2,128,0,8.39,"[0.5932, 0.6255]","[None, None]",2007
1708,False,False,64,"(0.4, 0.3, 0.3)",64,4,0,20,1e-05,0.0001,100,0.01,3.0,0.1,0.01,0.001,0.001,0.3,0.1,,0.0,1000,1,64,1,4.06,[0.4225],[None],2008
1709,False,False,64,"(0.4, 0.3, 0.3)",64,4,0,20,1e-05,0.0001,100,0.01,3.0,0.1,0.01,0.001,0.001,0.3,0.1,,0.0,1000,1,64,0,4.17,[0.6297],[None],2009
1710,False,False,64,"(0.4, 0.3, 0.3)",64,4,0,20,1e-05,0.0001,100,0.01,3.0,0.1,0.01,0.001,0.001,0.3,0.1,,0.0,1000,1,64,0,4.05,[0.6367],[None],2010
1711,False,False,64,"(0.4, 0.3, 0.3)",64,4,0,20,1e-05,0.0001,100,0.01,3.0,0.1,0.01,0.001,0.001,0.3,0.1,,0.0,1000,1,64,0,4.05,[0.6223],[None],2011
1712,False,False,64,"(0.4, 0.3, 0.3)",64,4,0,20,1e-05,0.0001,100,0.01,3.0,0.1,0.01,0.001,0.001,0.3,0.1,,0.0,1000,1,64,0,4.05,[0.5739],[None],2012
1713,False,False,64,"(0.4, 0.3, 0.3)",64,4,0,20,1e-05,0.0001,100,0.01,3.0,0.1,0.01,0.001,0.001,0.3,0.1,,0.0,1000,2,128,0,8.64,"[0.6712, 0.6463]","[None, None]",2013
1714,False,False,64,"(0.4, 0.3, 0.3)",64,4,0,20,1e-05,0.0001,100,0.01,3.0,0.1,0.01,0.001,0.001,0.3,0.1,,0.0,1000,1,64,0,4.1,[0.656],[None],2014
1715,False,False,64,"(0.4, 0.3, 0.3)",64,4,0,20,1e-05,0.0001,100,0.01,3.0,0.1,0.01,0.001,0.001,0.3,0.1,,0.0,1000,3,192,0,12.87,"[0.6616, 0.6605, 0.6886]","[None, None, None]",2015
1716,False,False,64,"(0.4, 0.3, 0.3)",64,4,0,20,1e-05,0.0001,100,0.01,3.0,0.1,0.01,0.001,0.001,0.3,0.1,,0.0,1000,2,128,1,8.37,"[0.565, 0.4777]","[None, None]",2016
1717,False,False,64,"(0.4, 0.3, 0.3)",64,4,0,20,1e-05,0.0001,100,0.01,3.0,0.1,0.01,0.001,0.001,0.3,0.1,,0.0,1000,1,64,0,4.05,[0.6945],[None],2017
1718,False,False,64,"(0.4, 0.3, 0.3)",64,4,0,20,1e-05,0.0001,100,0.01,3.0,0.1,0.01,0.001,0.001,0.3,0.1,,0.0,1000,2,128,1,8.36,"[0.5759, 0.6026]","[None, None]",2018
1719,False,False,64,"(0.4, 0.3, 0.3)",64,4,0,20,1e-05,0.0001,100,0.01,3.0,0.1,0.01,0.001,0.001,0.3,0.1,,0.0,1000,1,64,0,4.11,[0.6129],[None],2019
1720,False,False,64,"(0.4, 0.3, 0.3)",64,4,0,20,1e-05,0.0001,100,0.01,3.0,0.1,0.01,0.01,0.001,0.3,0.05,,0.0,1000,1,64,1,4.05,[0.6969],[None],2000
1721,False,False,64,"(0.4, 0.3, 0.3)",64,4,0,20,1e-05,0.0001,100,0.01,3.0,0.1,0.01,0.01,0.001,0.3,0.05,,0.0,1000,1,64,0,4.08,[0.5236],[None],2001
1722,False,False,64,"(0.4, 0.3, 0.3)",64,4,0,20,1e-05,0.0001,100,0.01,3.0,0.1,0.01,0.01,0.001,0.3,0.05,,0.0,1000,1,64,1,4.05,[0.6802],[None],2002
1723,False,False,64,"(0.4, 0.3, 0.3)",64,4,0,20,1e-05,0.0001,100,0.01,3.0,0.1,0.01,0.01,0.001,0.3,0.05,,0.0,1000,2,128,1,8.35,"[0.6476, 0.6489]","[None, None]",2003
1724,False,False,64,"(0.4, 0.3, 0.3)",64,4,0,20,1e-05,0.0001,100,0.01,3.0,0.1,0.01,0.01,0.001,0.3,0.05,,0.0,1000,1,64,0,4.05,[0.688],[None],2004
1725,False,False,64,"(0.4, 0.3, 0.3)",64,4,0,20,1e-05,0.0001,100,0.01,3.0,0.1,0.01,0.01,0.001,0.3,0.05,,0.0,1000,2,128,1,8.42,"[0.6376, 0.6204]","[None, None]",2005
1726,False,False,64,"(0.4, 0.3, 0.3)",64,4,0,20,1e-05,0.0001,100,0.01,3.0,0.1,0.01,0.01,0.001,0.3,0.05,,0.0,1000,1,64,0,4.05,[0.6467],[None],2006
1727,False,False,64,"(0.4, 0.3, 0.3)",64,4,0,20,1e-05,0.0001,100,0.01,3.0,0.1,0.01,0.01,0.001,0.3,0.05,,0.0,1000,3,192,0,12.84,"[0.5895, 0.5962, 0.5795]","[None, None, None]",2007
1728,False,False,64,"(0.4, 0.3, 0.3)",64,4,0,20,1e-05,0.0001,100,0.01,3.0,0.1,0.01,0.01,0.001,0.3,0.05,,0.0,1000,1,64,1,4.07,[0.4317],[None],2008
1729,False,False,64,"(0.4, 0.3, 0.3)",64,4,0,20,1e-05,0.0001,100,0.01,3.0,0.1,0.01,0.01,0.001,0.3,0.05,,0.0,1000,1,64,0,4.23,[0.6327],[None],2009
1730,False,False,64,"(0.4, 0.3, 0.3)",64,4,0,20,1e-05,0.0001,100,0.01,3.0,0.1,0.01,0.01,0.001,0.3,0.05,,0.0,1000,1,64,0,4.18,[0.6533],[None],2010
1731,False,False,64,"(0.4, 0.3, 0.3)",64,4,0,20,1e-05,0.0001,100,0.01,3.0,0.1,0.01,0.01,0.001,0.3,0.05,,0.0,1000,1,64,0,4.18,[0.6276],[None],2011
1732,False,False,64,"(0.4, 0.3, 0.3)",64,4,0,20,1e-05,0.0001,100,0.01,3.0,0.1,0.01,0.01,0.001,0.3,0.05,,0.0,1000,1,64,0,4.19,[0.5843],[None],2012
1733,False,False,64,"(0.4, 0.3, 0.3)",64,4,0,20,1e-05,0.0001,100,0.01,3.0,0.1,0.01,0.01,0.001,0.3,0.05,,0.0,1000,2,128,0,8.64,"[0.673, 0.6688]","[None, None]",2013
1734,False,False,64,"(0.4, 0.3, 0.3)",64,4,0,20,1e-05,0.0001,100,0.01,3.0,0.1,0.01,0.01,0.001,0.3,0.05,,0.0,1000,1,64,0,4.2,[0.6632],[None],2014
1735,False,False,64,"(0.4, 0.3, 0.3)",64,4,0,20,1e-05,0.0001,100,0.01,3.0,0.1,0.01,0.01,0.001,0.3,0.05,,0.0,1000,3,192,0,13.07,"[0.6599, 0.64, 0.666]","[None, None, None]",2015
1736,False,False,64,"(0.4, 0.3, 0.3)",64,4,0,20,1e-05,0.0001,100,0.01,3.0,0.1,0.01,0.01,0.001,0.3,0.05,,0.0,1000,2,128,1,8.35,"[0.574, 0.5271]","[None, None]",2016
1737,False,False,64,"(0.4, 0.3, 0.3)",64,4,0,20,1e-05,0.0001,100,0.01,3.0,0.1,0.01,0.01,0.001,0.3,0.05,,0.0,1000,1,64,0,4.08,[0.7066],[None],2017
1738,False,False,64,"(0.4, 0.3, 0.3)",64,4,0,20,1e-05,0.0001,100,0.01,3.0,0.1,0.01,0.01,0.001,0.3,0.05,,0.0,1000,2,128,1,8.43,"[0.5859, 0.6301]","[None, None]",2018
1739,False,False,64,"(0.4, 0.3, 0.3)",64,4,0,20,1e-05,0.0001,100,0.01,3.0,0.1,0.01,0.01,0.001,0.3,0.05,,0.0,1000,1,64,0,4.04,[0.62],[None],2019
1740,False,False,64,"(0.4, 0.3, 0.3)",64,4,0,20,1e-05,0.0001,100,0.01,3.0,0.1,0.01,0.01,0.001,0.3,0.1,,0.0,1000,1,64,1,4.04,[0.688],[None],2000
1741,False,False,64,"(0.4, 0.3, 0.3)",64,4,0,20,1e-05,0.0001,100,0.01,3.0,0.1,0.01,0.01,0.001,0.3,0.1,,0.0,1000,1,64,0,4.05,[0.5186],[None],2001
1742,False,False,64,"(0.4, 0.3, 0.3)",64,4,0,20,1e-05,0.0001,100,0.01,3.0,0.1,0.01,0.01,0.001,0.3,0.1,,0.0,1000,1,64,1,4.05,[0.6809],[None],2002
1743,False,False,64,"(0.4, 0.3, 0.3)",64,4,0,20,1e-05,0.0001,100,0.01,3.0,0.1,0.01,0.01,0.001,0.3,0.1,,0.0,1000,2,128,1,8.5,"[0.6338, 0.6401]","[None, None]",2003
1744,False,False,64,"(0.4, 0.3, 0.3)",64,4,0,20,1e-05,0.0001,100,0.01,3.0,0.1,0.01,0.01,0.001,0.3,0.1,,0.0,1000,1,64,0,4.05,[0.6843],[None],2004
1745,False,False,64,"(0.4, 0.3, 0.3)",64,4,0,20,1e-05,0.0001,100,0.01,3.0,0.1,0.01,0.01,0.001,0.3,0.1,,0.0,1000,1,64,0,4.06,[0.6287],[None],2005
1746,False,False,64,"(0.4, 0.3, 0.3)",64,4,0,20,1e-05,0.0001,100,0.01,3.0,0.1,0.01,0.01,0.001,0.3,0.1,,0.0,1000,1,64,0,4.07,[0.6365],[None],2006
1747,False,False,64,"(0.4, 0.3, 0.3)",64,4,0,20,1e-05,0.0001,100,0.01,3.0,0.1,0.01,0.01,0.001,0.3,0.1,,0.0,1000,3,192,1,12.92,"[0.5942, 0.6341, 0.5982]","[None, None, None]",2007
1748,False,False,64,"(0.4, 0.3, 0.3)",64,4,0,20,1e-05,0.0001,100,0.01,3.0,0.1,0.01,0.01,0.001,0.3,0.1,,0.0,1000,1,64,1,4.05,[0.4199],[None],2008
1749,False,False,64,"(0.4, 0.3, 0.3)",64,4,0,20,1e-05,0.0001,100,0.01,3.0,0.1,0.01,0.01,0.001,0.3,0.1,,0.0,1000,1,64,0,4.05,[0.6297],[None],2009
1750,False,False,64,"(0.4, 0.3, 0.3)",64,4,0,20,1e-05,0.0001,100,0.01,3.0,0.1,0.01,0.01,0.001,0.3,0.1,,0.0,1000,1,64,0,4.05,[0.6362],[None],2010
1751,False,False,64,"(0.4, 0.3, 0.3)",64,4,0,20,1e-05,0.0001,100,0.01,3.0,0.1,0.01,0.01,0.001,0.3,0.1,,0.0,1000,1,64,0,4.09,[0.6259],[None],2011
1752,False,False,64,"(0.4, 0.3, 0.3)",64,4,0,20,1e-05,0.0001,100,0.01,3.0,0.1,0.01,0.01,0.001,0.3,0.1,,0.0,1000,1,64,0,4.07,[0.5738],[None],2012
1753,False,False,64,"(0.4, 0.3, 0.3)",64,4,0,20,1e-05,0.0001,100,0.01,3.0,0.1,0.01,0.01,0.001,0.3,0.1,,0.0,1000,2,128,0,8.46,"[0.6716, 0.6701]","[None, None]",2013
1754,False,False,64,"(0.4, 0.3, 0.3)",64,4,0,20,1e-05,0.0001,100,0.01,3.0,0.1,0.01,0.01,0.001,0.3,0.1,,0.0,1000,1,64,0,4.07,[0.6568],[None],2014
1755,False,False,64,"(0.4, 0.3, 0.3)",64,4,0,20,1e-05,0.0001,100,0.01,3.0,0.1,0.01,0.01,0.001,0.3,0.1,,0.0,1000,3,192,0,12.86,"[0.662, 0.6643, 0.7064]","[None, None, None]",2015
1756,False,False,64,"(0.4, 0.3, 0.3)",64,4,0,20,1e-05,0.0001,100,0.01,3.0,0.1,0.01,0.01,0.001,0.3,0.1,,0.0,1000,2,128,1,8.37,"[0.5613, 0.4826]","[None, None]",2016
1757,False,False,64,"(0.4, 0.3, 0.3)",64,4,0,20,1e-05,0.0001,100,0.01,3.0,0.1,0.01,0.01,0.001,0.3,0.1,,0.0,1000,1,64,0,4.05,[0.6945],[None],2017
1758,False,False,64,"(0.4, 0.3, 0.3)",64,4,0,20,1e-05,0.0001,100,0.01,3.0,0.1,0.01,0.01,0.001,0.3,0.1,,0.0,1000,2,128,1,8.37,"[0.577, 0.5993]","[None, None]",2018
1759,False,False,64,"(0.4, 0.3, 0.3)",64,4,0,20,1e-05,0.0001,100,0.01,3.0,0.1,0.01,0.01,0.001,0.3,0.1,,0.0,1000,1,64,0,4.05,[0.6146],[None],2019
1760,False,False,64,"(0.4, 0.3, 0.3)",64,4,0,20,1e-05,0.0001,100,0.01,3.0,0.2,0.01,0.001,0.001,0.3,0.05,,0.0,1000,1,64,1,4.05,[0.7018],[None],2000
1761,False,False,64,"(0.4, 0.3, 0.3)",64,4,0,20,1e-05,0.0001,100,0.01,3.0,0.2,0.01,0.001,0.001,0.3,0.05,,0.0,1000,1,64,0,4.17,[0.5105],[None],2001
1762,False,False,64,"(0.4, 0.3, 0.3)",64,4,0,20,1e-05,0.0001,100,0.01,3.0,0.2,0.01,0.001,0.001,0.3,0.05,,0.0,1000,1,64,1,4.12,[0.6744],[None],2002
1763,False,False,64,"(0.4, 0.3, 0.3)",64,4,0,20,1e-05,0.0001,100,0.01,3.0,0.2,0.01,0.001,0.001,0.3,0.05,,0.0,1000,2,128,1,8.65,"[0.6464, 0.6483]","[None, None]",2003
1764,False,False,64,"(0.4, 0.3, 0.3)",64,4,0,20,1e-05,0.0001,100,0.01,3.0,0.2,0.01,0.001,0.001,0.3,0.05,,0.0,1000,1,64,0,4.2,[0.6859],[None],2004
1765,False,False,64,"(0.4, 0.3, 0.3)",64,4,0,20,1e-05,0.0001,100,0.01,3.0,0.2,0.01,0.001,0.001,0.3,0.05,,0.0,1000,2,128,1,8.53,"[0.6334, 0.6316]","[None, None]",2005
1766,False,False,64,"(0.4, 0.3, 0.3)",64,4,0,20,1e-05,0.0001,100,0.01,3.0,0.2,0.01,0.001,0.001,0.3,0.05,,0.0,1000,1,64,0,4.06,[0.6494],[None],2006
1767,False,False,64,"(0.4, 0.3, 0.3)",64,4,0,20,1e-05,0.0001,100,0.01,3.0,0.2,0.01,0.001,0.001,0.3,0.05,,0.0,1000,3,192,1,12.87,"[0.586, 0.5736, 0.5379]","[None, None, None]",2007
1768,False,False,64,"(0.4, 0.3, 0.3)",64,4,0,20,1e-05,0.0001,100,0.01,3.0,0.2,0.01,0.001,0.001,0.3,0.05,,0.0,1000,1,64,1,4.05,[0.4252],[None],2008
1769,False,False,64,"(0.4, 0.3, 0.3)",64,4,0,20,1e-05,0.0001,100,0.01,3.0,0.2,0.01,0.001,0.001,0.3,0.05,,0.0,1000,1,64,0,4.2,[0.6235],[None],2009
1770,False,False,64,"(0.4, 0.3, 0.3)",64,4,0,20,1e-05,0.0001,100,0.01,3.0,0.2,0.01,0.001,0.001,0.3,0.05,,0.0,1000,1,64,0,4.2,[0.6523],[None],2010
1771,False,False,64,"(0.4, 0.3, 0.3)",64,4,0,20,1e-05,0.0001,100,0.01,3.0,0.2,0.01,0.001,0.001,0.3,0.05,,0.0,1000,1,64,0,4.19,[0.621],[None],2011
1772,False,False,64,"(0.4, 0.3, 0.3)",64,4,0,20,1e-05,0.0001,100,0.01,3.0,0.2,0.01,0.001,0.001,0.3,0.05,,0.0,1000,1,64,0,4.22,[0.578],[None],2012
1773,False,False,64,"(0.4, 0.3, 0.3)",64,4,0,20,1e-05,0.0001,100,0.01,3.0,0.2,0.01,0.001,0.001,0.3,0.05,,0.0,1000,2,128,0,8.62,"[0.6694, 0.6894]","[None, None]",2013
1774,False,False,64,"(0.4, 0.3, 0.3)",64,4,0,20,1e-05,0.0001,100,0.01,3.0,0.2,0.01,0.001,0.001,0.3,0.05,,0.0,1000,1,64,0,4.2,[0.6547],[None],2014
1775,False,False,64,"(0.4, 0.3, 0.3)",64,4,0,20,1e-05,0.0001,100,0.01,3.0,0.2,0.01,0.001,0.001,0.3,0.05,,0.0,1000,2,128,0,8.4,"[0.6571, 0.6402]","[None, None]",2015
1776,False,False,64,"(0.4, 0.3, 0.3)",64,4,0,20,1e-05,0.0001,100,0.01,3.0,0.2,0.01,0.001,0.001,0.3,0.05,,0.0,1000,2,128,1,8.35,"[0.5608, 0.5452]","[None, None]",2016
1777,False,False,64,"(0.4, 0.3, 0.3)",64,4,0,20,1e-05,0.0001,100,0.01,3.0,0.2,0.01,0.001,0.001,0.3,0.05,,0.0,1000,1,64,0,4.05,[0.7089],[None],2017
1778,False,False,64,"(0.4, 0.3, 0.3)",64,4,0,20,1e-05,0.0001,100,0.01,3.0,0.2,0.01,0.001,0.001,0.3,0.05,,0.0,1000,2,128,1,8.67,"[0.5776, 0.6085]","[None, None]",2018
1779,False,False,64,"(0.4, 0.3, 0.3)",64,4,0,20,1e-05,0.0001,100,0.01,3.0,0.2,0.01,0.001,0.001,0.3,0.05,,0.0,1000,1,64,0,4.1,[0.6227],[None],2019
1780,False,False,64,"(0.4, 0.3, 0.3)",64,4,0,20,1e-05,0.0001,100,0.01,3.0,0.2,0.01,0.001,0.001,0.3,0.1,,0.0,1000,1,64,1,4.08,[0.6881],[None],2000
1781,False,False,64,"(0.4, 0.3, 0.3)",64,4,0,20,1e-05,0.0001,100,0.01,3.0,0.2,0.01,0.001,0.001,0.3,0.1,,0.0,1000,1,64,0,4.06,[0.4993],[None],2001
1782,False,False,64,"(0.4, 0.3, 0.3)",64,4,0,20,1e-05,0.0001,100,0.01,3.0,0.2,0.01,0.001,0.001,0.3,0.1,,0.0,1000,1,64,1,4.06,[0.6727],[None],2002
1783,False,False,64,"(0.4, 0.3, 0.3)",64,4,0,20,1e-05,0.0001,100,0.01,3.0,0.2,0.01,0.001,0.001,0.3,0.1,,0.0,1000,2,128,1,8.58,"[0.6287, 0.6397]","[None, None]",2003
1784,False,False,64,"(0.4, 0.3, 0.3)",64,4,0,20,1e-05,0.0001,100,0.01,3.0,0.2,0.01,0.001,0.001,0.3,0.1,,0.0,1000,2,128,1,8.37,"[0.6767, 0.7031]","[None, None]",2004
1785,False,False,64,"(0.4, 0.3, 0.3)",64,4,0,20,1e-05,0.0001,100,0.01,3.0,0.2,0.01,0.001,0.001,0.3,0.1,,0.0,1000,2,128,1,8.37,"[0.6199, 0.5792]","[None, None]",2005
1786,False,False,64,"(0.4, 0.3, 0.3)",64,4,0,20,1e-05,0.0001,100,0.01,3.0,0.2,0.01,0.001,0.001,0.3,0.1,,0.0,1000,1,64,0,4.09,[0.6345],[None],2006
1787,False,False,64,"(0.4, 0.3, 0.3)",64,4,0,20,1e-05,0.0001,100,0.01,3.0,0.2,0.01,0.001,0.001,0.3,0.1,,0.0,1000,3,192,0,13.16,"[0.5894, 0.5505, 0.5287]","[None, None, None]",2007
1788,False,False,64,"(0.4, 0.3, 0.3)",64,4,0,20,1e-05,0.0001,100,0.01,3.0,0.2,0.01,0.001,0.001,0.3,0.1,,0.0,1000,1,64,1,4.12,[0.405],[None],2008
1789,False,False,64,"(0.4, 0.3, 0.3)",64,4,0,20,1e-05,0.0001,100,0.01,3.0,0.2,0.01,0.001,0.001,0.3,0.1,,0.0,1000,1,64,0,4.06,[0.622],[None],2009
1790,False,False,64,"(0.4, 0.3, 0.3)",64,4,0,20,1e-05,0.0001,100,0.01,3.0,0.2,0.01,0.001,0.001,0.3,0.1,,0.0,1000,1,64,0,4.05,[0.6305],[None],2010
1791,False,False,64,"(0.4, 0.3, 0.3)",64,4,0,20,1e-05,0.0001,100,0.01,3.0,0.2,0.01,0.001,0.001,0.3,0.1,,0.0,1000,1,64,0,4.05,[0.6168],[None],2011
1792,False,False,64,"(0.4, 0.3, 0.3)",64,4,0,20,1e-05,0.0001,100,0.01,3.0,0.2,0.01,0.001,0.001,0.3,0.1,,0.0,1000,1,64,0,4.05,[0.5602],[None],2012
1793,False,False,64,"(0.4, 0.3, 0.3)",64,4,0,20,1e-05,0.0001,100,0.01,3.0,0.2,0.01,0.001,0.001,0.3,0.1,,0.0,1000,2,128,0,8.4,"[0.6653, 0.6456]","[None, None]",2013
1794,False,False,64,"(0.4, 0.3, 0.3)",64,4,0,20,1e-05,0.0001,100,0.01,3.0,0.2,0.01,0.001,0.001,0.3,0.1,,0.0,1000,1,64,0,4.11,[0.6474],[None],2014
1795,False,False,64,"(0.4, 0.3, 0.3)",64,4,0,20,1e-05,0.0001,100,0.01,3.0,0.2,0.01,0.001,0.001,0.3,0.1,,0.0,1000,3,192,0,12.83,"[0.6608, 0.6602, 0.7098]","[None, None, None]",2015
1796,False,False,64,"(0.4, 0.3, 0.3)",64,4,0,20,1e-05,0.0001,100,0.01,3.0,0.2,0.01,0.001,0.001,0.3,0.1,,0.0,1000,3,192,0,12.87,"[0.5434, 0.4884, 0.4442]","[None, None, None]",2016
1797,False,False,64,"(0.4, 0.3, 0.3)",64,4,0,20,1e-05,0.0001,100,0.01,3.0,0.2,0.01,0.001,0.001,0.3,0.1,,0.0,1000,1,64,0,4.26,[0.6944],[None],2017
1798,False,False,64,"(0.4, 0.3, 0.3)",64,4,0,20,1e-05,0.0001,100,0.01,3.0,0.2,0.01,0.001,0.001,0.3,0.1,,0.0,1000,2,128,1,8.67,"[0.5674, 0.6196]","[None, None]",2018
1799,False,False,64,"(0.4, 0.3, 0.3)",64,4,0,20,1e-05,0.0001,100,0.01,3.0,0.2,0.01,0.001,0.001,0.3,0.1,,0.0,1000,1,64,0,4.05,[0.6196],[None],2019
1800,False,False,64,"(0.4, 0.3, 0.3)",64,4,0,20,1e-05,0.0001,100,0.01,3.0,0.2,0.01,0.01,0.001,0.3,0.05,,0.0,1000,1,64,1,4.09,[0.7034],[None],2000
1801,False,False,64,"(0.4, 0.3, 0.3)",64,4,0,20,1e-05,0.0001,100,0.01,3.0,0.2,0.01,0.01,0.001,0.3,0.05,,0.0,1000,1,64,0,4.06,[0.5114],[None],2001
1802,False,False,64,"(0.4, 0.3, 0.3)",64,4,0,20,1e-05,0.0001,100,0.01,3.0,0.2,0.01,0.01,0.001,0.3,0.05,,0.0,1000,1,64,1,4.04,[0.674],[None],2002
1803,False,False,64,"(0.4, 0.3, 0.3)",64,4,0,20,1e-05,0.0001,100,0.01,3.0,0.2,0.01,0.01,0.001,0.3,0.05,,0.0,1000,2,128,1,8.53,"[0.6454, 0.6621]","[None, None]",2003
1804,False,False,64,"(0.4, 0.3, 0.3)",64,4,0,20,1e-05,0.0001,100,0.01,3.0,0.2,0.01,0.01,0.001,0.3,0.05,,0.0,1000,2,128,1,8.44,"[0.6851, 0.711]","[None, None]",2004
1805,False,False,64,"(0.4, 0.3, 0.3)",64,4,0,20,1e-05,0.0001,100,0.01,3.0,0.2,0.01,0.01,0.001,0.3,0.05,,0.0,1000,2,128,1,8.6,"[0.6337, 0.6051]","[None, None]",2005
1806,False,False,64,"(0.4, 0.3, 0.3)",64,4,0,20,1e-05,0.0001,100,0.01,3.0,0.2,0.01,0.01,0.001,0.3,0.05,,0.0,1000,1,64,0,4.2,[0.6491],[None],2006
1807,False,False,64,"(0.4, 0.3, 0.3)",64,4,0,20,1e-05,0.0001,100,0.01,3.0,0.2,0.01,0.01,0.001,0.3,0.05,,0.0,1000,3,192,1,12.89,"[0.587, 0.5581, 0.5328]","[None, None, None]",2007
1808,False,False,64,"(0.4, 0.3, 0.3)",64,4,0,20,1e-05,0.0001,100,0.01,3.0,0.2,0.01,0.01,0.001,0.3,0.05,,0.0,1000,1,64,1,4.05,[0.4239],[None],2008
1809,False,False,64,"(0.4, 0.3, 0.3)",64,4,0,20,1e-05,0.0001,100,0.01,3.0,0.2,0.01,0.01,0.001,0.3,0.05,,0.0,1000,1,64,0,4.14,[0.6241],[None],2009
1810,False,False,64,"(0.4, 0.3, 0.3)",64,4,0,20,1e-05,0.0001,100,0.01,3.0,0.2,0.01,0.01,0.001,0.3,0.05,,0.0,1000,1,64,0,4.04,[0.6502],[None],2010
1811,False,False,64,"(0.4, 0.3, 0.3)",64,4,0,20,1e-05,0.0001,100,0.01,3.0,0.2,0.01,0.01,0.001,0.3,0.05,,0.0,1000,1,64,0,4.04,[0.6205],[None],2011
1812,False,False,64,"(0.4, 0.3, 0.3)",64,4,0,20,1e-05,0.0001,100,0.01,3.0,0.2,0.01,0.01,0.001,0.3,0.05,,0.0,1000,1,64,0,4.05,[0.5777],[None],2012
1813,False,False,64,"(0.4, 0.3, 0.3)",64,4,0,20,1e-05,0.0001,100,0.01,3.0,0.2,0.01,0.01,0.001,0.3,0.05,,0.0,1000,2,128,0,8.46,"[0.6686, 0.6814]","[None, None]",2013
1814,False,False,64,"(0.4, 0.3, 0.3)",64,4,0,20,1e-05,0.0001,100,0.01,3.0,0.2,0.01,0.01,0.001,0.3,0.05,,0.0,1000,1,64,0,4.21,[0.6545],[None],2014
1815,False,False,64,"(0.4, 0.3, 0.3)",64,4,0,20,1e-05,0.0001,100,0.01,3.0,0.2,0.01,0.01,0.001,0.3,0.05,,0.0,1000,2,128,0,8.67,"[0.6587, 0.6441]","[None, None]",2015
1816,False,False,64,"(0.4, 0.3, 0.3)",64,4,0,20,1e-05,0.0001,100,0.01,3.0,0.2,0.01,0.01,0.001,0.3,0.05,,0.0,1000,2,128,1,8.66,"[0.5559, 0.5198]","[None, None]",2016
1817,False,False,64,"(0.4, 0.3, 0.3)",64,4,0,20,1e-05,0.0001,100,0.01,3.0,0.2,0.01,0.01,0.001,0.3,0.05,,0.0,1000,1,64,0,4.14,[0.7104],[None],2017
1818,False,False,64,"(0.4, 0.3, 0.3)",64,4,0,20,1e-05,0.0001,100,0.01,3.0,0.2,0.01,0.01,0.001,0.3,0.05,,0.0,1000,2,128,1,8.36,"[0.5801, 0.6284]","[None, None]",2018
1819,False,False,64,"(0.4, 0.3, 0.3)",64,4,0,20,1e-05,0.0001,100,0.01,3.0,0.2,0.01,0.01,0.001,0.3,0.05,,0.0,1000,1,64,0,4.05,[0.622],[None],2019
1820,False,False,64,"(0.4, 0.3, 0.3)",64,4,0,20,1e-05,0.0001,100,0.01,3.0,0.2,0.01,0.01,0.001,0.3,0.1,,0.0,1000,1,64,1,4.04,[0.6877],[None],2000
1821,False,False,64,"(0.4, 0.3, 0.3)",64,4,0,20,1e-05,0.0001,100,0.01,3.0,0.2,0.01,0.01,0.001,0.3,0.1,,0.0,1000,1,64,0,4.1,[0.5006],[None],2001
1822,False,False,64,"(0.4, 0.3, 0.3)",64,4,0,20,1e-05,0.0001,100,0.01,3.0,0.2,0.01,0.01,0.001,0.3,0.1,,0.0,1000,1,64,1,4.06,[0.6738],[None],2002
1823,False,False,64,"(0.4, 0.3, 0.3)",64,4,0,20,1e-05,0.0001,100,0.01,3.0,0.2,0.01,0.01,0.001,0.3,0.1,,0.0,1000,2,128,1,8.62,"[0.628, 0.6322]","[None, None]",2003
1824,False,False,64,"(0.4, 0.3, 0.3)",64,4,0,20,1e-05,0.0001,100,0.01,3.0,0.2,0.01,0.01,0.001,0.3,0.1,,0.0,1000,2,128,1,8.64,"[0.6746, 0.6638]","[None, None]",2004
1825,False,False,64,"(0.4, 0.3, 0.3)",64,4,0,20,1e-05,0.0001,100,0.01,3.0,0.2,0.01,0.01,0.001,0.3,0.1,,0.0,1000,2,128,1,8.38,"[0.6198, 0.5977]","[None, None]",2005
1826,False,False,64,"(0.4, 0.3, 0.3)",64,4,0,20,1e-05,0.0001,100,0.01,3.0,0.2,0.01,0.01,0.001,0.3,0.1,,0.0,1000,1,64,0,4.04,[0.6344],[None],2006
1827,False,False,64,"(0.4, 0.3, 0.3)",64,4,0,20,1e-05,0.0001,100,0.01,3.0,0.2,0.01,0.01,0.001,0.3,0.1,,0.0,1000,3,192,0,12.85,"[0.5911, 0.5403, 0.5219]","[None, None, None]",2007
1828,False,False,64,"(0.4, 0.3, 0.3)",64,4,0,20,1e-05,0.0001,100,0.01,3.0,0.2,0.01,0.01,0.001,0.3,0.1,,0.0,1000,1,64,1,4.04,[0.398],[None],2008
1829,False,False,64,"(0.4, 0.3, 0.3)",64,4,0,20,1e-05,0.0001,100,0.01,3.0,0.2,0.01,0.01,0.001,0.3,0.1,,0.0,1000,1,64,0,4.05,[0.6225],[None],2009
1830,False,False,64,"(0.4, 0.3, 0.3)",64,4,0,20,1e-05,0.0001,100,0.01,3.0,0.2,0.01,0.01,0.001,0.3,0.1,,0.0,1000,1,64,0,4.04,[0.6289],[None],2010
1831,False,False,64,"(0.4, 0.3, 0.3)",64,4,0,20,1e-05,0.0001,100,0.01,3.0,0.2,0.01,0.01,0.001,0.3,0.1,,0.0,1000,1,64,0,4.05,[0.6193],[None],2011
1832,False,False,64,"(0.4, 0.3, 0.3)",64,4,0,20,1e-05,0.0001,100,0.01,3.0,0.2,0.01,0.01,0.001,0.3,0.1,,0.0,1000,1,64,0,4.04,[0.5635],[None],2012
1833,False,False,64,"(0.4, 0.3, 0.3)",64,4,0,20,1e-05,0.0001,100,0.01,3.0,0.2,0.01,0.01,0.001,0.3,0.1,,0.0,1000,3,192,0,12.94,"[0.6643, 0.6742, 0.6336]","[None, None, None]",2013
1834,False,False,64,"(0.4, 0.3, 0.3)",64,4,0,20,1e-05,0.0001,100,0.01,3.0,0.2,0.01,0.01,0.001,0.3,0.1,,0.0,1000,1,64,0,4.19,[0.6484],[None],2014
1835,False,False,64,"(0.4, 0.3, 0.3)",64,4,0,20,1e-05,0.0001,100,0.01,3.0,0.2,0.01,0.01,0.001,0.3,0.1,,0.0,1000,2,128,0,8.61,"[0.6618, 0.665]","[None, None]",2015
1836,False,False,64,"(0.4, 0.3, 0.3)",64,4,0,20,1e-05,0.0001,100,0.01,3.0,0.2,0.01,0.01,0.001,0.3,0.1,,0.0,1000,3,192,0,12.91,"[0.5393, 0.4834, 0.4735]","[None, None, None]",2016
1837,False,False,64,"(0.4, 0.3, 0.3)",64,4,0,20,1e-05,0.0001,100,0.01,3.0,0.2,0.01,0.01,0.001,0.3,0.1,,0.0,1000,1,64,0,4.06,[0.693],[None],2017
1838,False,False,64,"(0.4, 0.3, 0.3)",64,4,0,20,1e-05,0.0001,100,0.01,3.0,0.2,0.01,0.01,0.001,0.3,0.1,,0.0,1000,2,128,1,8.42,"[0.5696, 0.6019]","[None, None]",2018
1839,False,False,64,"(0.4, 0.3, 0.3)",64,4,0,20,1e-05,0.0001,100,0.01,3.0,0.2,0.01,0.01,0.001,0.3,0.1,,0.0,1000,1,64,0,4.07,[0.6188],[None],2019
1840,False,False,64,"(0.4, 0.3, 0.3)",64,4,0,20,1e-05,0.0001,100,0.01,3.0,0.3,0.01,0.001,0.001,0.3,0.05,,0.0,1000,1,64,0,4.08,[0.7034],[None],2000
1841,False,False,64,"(0.4, 0.3, 0.3)",64,4,0,20,1e-05,0.0001,100,0.01,3.0,0.3,0.01,0.001,0.001,0.3,0.05,,0.0,1000,1,64,0,4.04,[0.5014],[None],2001
1842,False,False,64,"(0.4, 0.3, 0.3)",64,4,0,20,1e-05,0.0001,100,0.01,3.0,0.3,0.01,0.001,0.001,0.3,0.05,,0.0,1000,1,64,1,4.08,[0.6671],[None],2002
1843,False,False,64,"(0.4, 0.3, 0.3)",64,4,0,20,1e-05,0.0001,100,0.01,3.0,0.3,0.01,0.001,0.001,0.3,0.05,,0.0,1000,2,128,1,8.47,"[0.6496, 0.6226]","[None, None]",2003
1844,False,False,64,"(0.4, 0.3, 0.3)",64,4,0,20,1e-05,0.0001,100,0.01,3.0,0.3,0.01,0.001,0.001,0.3,0.05,,0.0,1000,1,64,0,4.05,[0.6826],[None],2004
1845,False,False,64,"(0.4, 0.3, 0.3)",64,4,0,20,1e-05,0.0001,100,0.01,3.0,0.3,0.01,0.001,0.001,0.3,0.05,,0.0,1000,2,128,1,8.44,"[0.6312, 0.594]","[None, None]",2005
1846,False,False,64,"(0.4, 0.3, 0.3)",64,4,0,20,1e-05,0.0001,100,0.01,3.0,0.3,0.01,0.001,0.001,0.3,0.05,,0.0,1000,1,64,0,4.2,[0.65],[None],2006
1847,False,False,64,"(0.4, 0.3, 0.3)",64,4,0,20,1e-05,0.0001,100,0.01,3.0,0.3,0.01,0.001,0.001,0.3,0.05,,0.0,1000,5,320,0,23.06,"[0.5797, 0.5753, 0.5443, 0.5215, 0.5324]","[None, None, None, None, None]",2007
1848,False,False,64,"(0.4, 0.3, 0.3)",64,4,0,20,1e-05,0.0001,100,0.01,3.0,0.3,0.01,0.001,0.001,0.3,0.05,,0.0,1000,1,64,1,4.18,[0.4201],[None],2008
1849,False,False,64,"(0.4, 0.3, 0.3)",64,4,0,20,1e-05,0.0001,100,0.01,3.0,0.3,0.01,0.001,0.001,0.3,0.05,,0.0,1000,1,64,0,4.14,[0.6176],[None],2009
1850,False,False,64,"(0.4, 0.3, 0.3)",64,4,0,20,1e-05,0.0001,100,0.01,3.0,0.3,0.01,0.001,0.001,0.3,0.05,,0.0,1000,1,64,0,4.04,[0.6504],[None],2010
1851,False,False,64,"(0.4, 0.3, 0.3)",64,4,0,20,1e-05,0.0001,100,0.01,3.0,0.3,0.01,0.001,0.001,0.3,0.05,,0.0,1000,1,64,0,4.19,[0.6157],[None],2011
1852,False,False,64,"(0.4, 0.3, 0.3)",64,4,0,20,1e-05,0.0001,100,0.01,3.0,0.3,0.01,0.001,0.001,0.3,0.05,,0.0,1000,1,64,0,4.06,[0.5778],[None],2012
1853,False,False,64,"(0.4, 0.3, 0.3)",64,4,0,20,1e-05,0.0001,100,0.01,3.0,0.3,0.01,0.001,0.001,0.3,0.05,,0.0,1000,3,192,1,12.84,"[0.6667, 0.68, 0.6756]","[None, None, None]",2013
1854,False,False,64,"(0.4, 0.3, 0.3)",64,4,0,20,1e-05,0.0001,100,0.01,3.0,0.3,0.01,0.001,0.001,0.3,0.05,,0.0,1000,1,64,0,4.04,[0.6538],[None],2014
1855,False,False,64,"(0.4, 0.3, 0.3)",64,4,0,20,1e-05,0.0001,100,0.01,3.0,0.3,0.01,0.001,0.001,0.3,0.05,,0.0,1000,3,192,0,12.83,"[0.6559, 0.6782, 0.6613]","[None, None, None]",2015
1856,False,False,64,"(0.4, 0.3, 0.3)",64,4,0,20,1e-05,0.0001,100,0.01,3.0,0.3,0.01,0.001,0.001,0.3,0.05,,0.0,1000,2,128,1,8.39,"[0.5461, 0.5169]","[None, None]",2016
1857,False,False,64,"(0.4, 0.3, 0.3)",64,4,0,20,1e-05,0.0001,100,0.01,3.0,0.3,0.01,0.001,0.001,0.3,0.05,,0.0,1000,1,64,0,4.04,[0.7078],[None],2017
1858,False,False,64,"(0.4, 0.3, 0.3)",64,4,0,20,1e-05,0.0001,100,0.01,3.0,0.3,0.01,0.001,0.001,0.3,0.05,,0.0,1000,2,128,0,8.35,"[0.5723, 0.6319]","[None, None]",2018
1859,False,False,64,"(0.4, 0.3, 0.3)",64,4,0,20,1e-05,0.0001,100,0.01,3.0,0.3,0.01,0.001,0.001,0.3,0.05,,0.0,1000,1,64,0,4.1,[0.6216],[None],2019
1860,False,False,64,"(0.4, 0.3, 0.3)",64,4,0,20,1e-05,0.0001,100,0.01,3.0,0.3,0.01,0.001,0.001,0.3,0.1,,0.0,1000,1,64,0,4.05,[0.6856],[None],2000
1861,False,False,64,"(0.4, 0.3, 0.3)",64,4,0,20,1e-05,0.0001,100,0.01,3.0,0.3,0.01,0.001,0.001,0.3,0.1,,0.0,1000,1,64,0,4.06,[0.4874],[None],2001
1862,False,False,64,"(0.4, 0.3, 0.3)",64,4,0,20,1e-05,0.0001,100,0.01,3.0,0.3,0.01,0.001,0.001,0.3,0.1,,0.0,1000,1,64,1,4.11,[0.666],[None],2002
1863,False,False,64,"(0.4, 0.3, 0.3)",64,4,0,20,1e-05,0.0001,100,0.01,3.0,0.3,0.01,0.001,0.001,0.3,0.1,,0.0,1000,2,128,1,8.42,"[0.6279, 0.6159]","[None, None]",2003
1864,False,False,64,"(0.4, 0.3, 0.3)",64,4,0,20,1e-05,0.0001,100,0.01,3.0,0.3,0.01,0.001,0.001,0.3,0.1,,0.0,1000,2,128,1,8.39,"[0.6685, 0.6818]","[None, None]",2004
1865,False,False,64,"(0.4, 0.3, 0.3)",64,4,0,20,1e-05,0.0001,100,0.01,3.0,0.3,0.01,0.001,0.001,0.3,0.1,,0.0,1000,2,128,0,8.37,"[0.6157, 0.5818]","[None, None]",2005
1866,False,False,64,"(0.4, 0.3, 0.3)",64,4,0,20,1e-05,0.0001,100,0.01,3.0,0.3,0.01,0.001,0.001,0.3,0.1,,0.0,1000,1,64,0,4.05,[0.6284],[None],2006
1867,False,False,64,"(0.4, 0.3, 0.3)",64,4,0,20,1e-05,0.0001,100,0.01,3.0,0.3,0.01,0.001,0.001,0.3,0.1,,0.0,1000,3,192,0,13.1,"[0.5858, 0.554, 0.5345]","[None, None, None]",2007
1868,False,False,64,"(0.4, 0.3, 0.3)",64,4,0,20,1e-05,0.0001,100,0.01,3.0,0.3,0.01,0.001,0.001,0.3,0.1,,0.0,1000,1,64,1,4.16,[0.3922],[None],2008
1869,False,False,64,"(0.4, 0.3, 0.3)",64,4,0,20,1e-05,0.0001,100,0.01,3.0,0.3,0.01,0.001,0.001,0.3,0.1,,0.0,1000,1,64,0,4.1,[0.6159],[None],2009
1870,False,False,64,"(0.4, 0.3, 0.3)",64,4,0,20,1e-05,0.0001,100,0.01,3.0,0.3,0.01,0.001,0.001,0.3,0.1,,0.0,1000,1,64,0,4.19,[0.6257],[None],2010
1871,False,False,64,"(0.4, 0.3, 0.3)",64,4,0,20,1e-05,0.0001,100,0.01,3.0,0.3,0.01,0.001,0.001,0.3,0.1,,0.0,1000,1,64,0,4.1,[0.6104],[None],2011
1872,False,False,64,"(0.4, 0.3, 0.3)",64,4,0,20,1e-05,0.0001,100,0.01,3.0,0.3,0.01,0.001,0.001,0.3,0.1,,0.0,1000,1,64,0,4.06,[0.5516],[None],2012
1873,False,False,64,"(0.4, 0.3, 0.3)",64,4,0,20,1e-05,0.0001,100,0.01,3.0,0.3,0.01,0.001,0.001,0.3,0.1,,0.0,1000,2,128,0,8.46,"[0.6596, 0.6629]","[None, None]",2013
1874,False,False,64,"(0.4, 0.3, 0.3)",64,4,0,20,1e-05,0.0001,100,0.01,3.0,0.3,0.01,0.001,0.001,0.3,0.1,,0.0,1000,1,64,0,4.08,[0.6425],[None],2014
1875,False,False,64,"(0.4, 0.3, 0.3)",64,4,0,20,1e-05,0.0001,100,0.01,3.0,0.3,0.01,0.001,0.001,0.3,0.1,,0.0,1000,3,192,0,12.88,"[0.6605, 0.6751, 0.6679]","[None, None, None]",2015
1876,False,False,64,"(0.4, 0.3, 0.3)",64,4,0,20,1e-05,0.0001,100,0.01,3.0,0.3,0.01,0.001,0.001,0.3,0.1,,0.0,1000,3,192,0,12.94,"[0.5281, 0.4071, 0.3846]","[None, None, None]",2016
1877,False,False,64,"(0.4, 0.3, 0.3)",64,4,0,20,1e-05,0.0001,100,0.01,3.0,0.3,0.01,0.001,0.001,0.3,0.1,,0.0,1000,1,64,0,4.15,[0.6894],[None],2017
1878,False,False,64,"(0.4, 0.3, 0.3)",64,4,0,20,1e-05,0.0001,100,0.01,3.0,0.3,0.01,0.001,0.001,0.3,0.1,,0.0,1000,2,128,1,8.58,"[0.5646, 0.622]","[None, None]",2018
1879,False,False,64,"(0.4, 0.3, 0.3)",64,4,0,20,1e-05,0.0001,100,0.01,3.0,0.3,0.01,0.001,0.001,0.3,0.1,,0.0,1000,1,64,0,4.09,[0.6193],[None],2019
1880,False,False,64,"(0.4, 0.3, 0.3)",64,4,0,20,1e-05,0.0001,100,0.01,3.0,0.3,0.01,0.01,0.001,0.3,0.05,,0.0,1000,1,64,0,4.05,[0.704],[None],2000
1881,False,False,64,"(0.4, 0.3, 0.3)",64,4,0,20,1e-05,0.0001,100,0.01,3.0,0.3,0.01,0.01,0.001,0.3,0.05,,0.0,1000,1,64,0,4.05,[0.5047],[None],2001
1882,False,False,64,"(0.4, 0.3, 0.3)",64,4,0,20,1e-05,0.0001,100,0.01,3.0,0.3,0.01,0.01,0.001,0.3,0.05,,0.0,1000,1,64,1,4.05,[0.6664],[None],2002
1883,False,False,64,"(0.4, 0.3, 0.3)",64,4,0,20,1e-05,0.0001,100,0.01,3.0,0.3,0.01,0.01,0.001,0.3,0.05,,0.0,1000,2,128,1,8.38,"[0.6493, 0.6208]","[None, None]",2003
1884,False,False,64,"(0.4, 0.3, 0.3)",64,4,0,20,1e-05,0.0001,100,0.01,3.0,0.3,0.01,0.01,0.001,0.3,0.05,,0.0,1000,1,64,0,4.06,[0.6829],[None],2004
1885,False,False,64,"(0.4, 0.3, 0.3)",64,4,0,20,1e-05,0.0001,100,0.01,3.0,0.3,0.01,0.01,0.001,0.3,0.05,,0.0,1000,2,128,1,8.36,"[0.6308, 0.6005]","[None, None]",2005
1886,False,False,64,"(0.4, 0.3, 0.3)",64,4,0,20,1e-05,0.0001,100,0.01,3.0,0.3,0.01,0.01,0.001,0.3,0.05,,0.0,1000,1,64,0,4.07,[0.6496],[None],2006
1887,False,False,64,"(0.4, 0.3, 0.3)",64,4,0,20,1e-05,0.0001,100,0.01,3.0,0.3,0.01,0.01,0.001,0.3,0.05,,0.0,1000,4,256,1,17.72,"[0.5797, 0.5856, 0.4989, 0.5192]","[None, None, None, None]",2007
1888,False,False,64,"(0.4, 0.3, 0.3)",64,4,0,20,1e-05,0.0001,100,0.01,3.0,0.3,0.01,0.01,0.001,0.3,0.05,,0.0,1000,1,64,1,4.07,[0.4204],[None],2008
1889,False,False,64,"(0.4, 0.3, 0.3)",64,4,0,20,1e-05,0.0001,100,0.01,3.0,0.3,0.01,0.01,0.001,0.3,0.05,,0.0,1000,1,64,0,4.08,[0.6182],[None],2009
1890,False,False,64,"(0.4, 0.3, 0.3)",64,4,0,20,1e-05,0.0001,100,0.01,3.0,0.3,0.01,0.01,0.001,0.3,0.05,,0.0,1000,1,64,0,4.04,[0.6488],[None],2010
1891,False,False,64,"(0.4, 0.3, 0.3)",64,4,0,20,1e-05,0.0001,100,0.01,3.0,0.3,0.01,0.01,0.001,0.3,0.05,,0.0,1000,1,64,0,4.04,[0.6181],[None],2011
1892,False,False,64,"(0.4, 0.3, 0.3)",64,4,0,20,1e-05,0.0001,100,0.01,3.0,0.3,0.01,0.01,0.001,0.3,0.05,,0.0,1000,1,64,0,4.11,[0.5787],[None],2012
1893,False,False,64,"(0.4, 0.3, 0.3)",64,4,0,20,1e-05,0.0001,100,0.01,3.0,0.3,0.01,0.01,0.001,0.3,0.05,,0.0,1000,3,192,0,12.93,"[0.666, 0.6851, 0.6705]","[None, None, None]",2013
1894,False,False,64,"(0.4, 0.3, 0.3)",64,4,0,20,1e-05,0.0001,100,0.01,3.0,0.3,0.01,0.01,0.001,0.3,0.05,,0.0,1000,1,64,0,4.11,[0.6539],[None],2014
1895,False,False,64,"(0.4, 0.3, 0.3)",64,4,0,20,1e-05,0.0001,100,0.01,3.0,0.3,0.01,0.01,0.001,0.3,0.05,,0.0,1000,2,128,0,8.45,"[0.6578, 0.66]","[None, None]",2015
1896,False,False,64,"(0.4, 0.3, 0.3)",64,4,0,20,1e-05,0.0001,100,0.01,3.0,0.3,0.01,0.01,0.001,0.3,0.05,,0.0,1000,2,128,1,8.67,"[0.5406, 0.5051]","[None, None]",2016
1897,False,False,64,"(0.4, 0.3, 0.3)",64,4,0,20,1e-05,0.0001,100,0.01,3.0,0.3,0.01,0.01,0.001,0.3,0.05,,0.0,1000,1,64,0,4.23,[0.7079],[None],2017
1898,False,False,64,"(0.4, 0.3, 0.3)",64,4,0,20,1e-05,0.0001,100,0.01,3.0,0.3,0.01,0.01,0.001,0.3,0.05,,0.0,1000,2,128,0,8.59,"[0.5737, 0.6355]","[None, None]",2018
1899,False,False,64,"(0.4, 0.3, 0.3)",64,4,0,20,1e-05,0.0001,100,0.01,3.0,0.3,0.01,0.01,0.001,0.3,0.05,,0.0,1000,1,64,0,4.08,[0.618],[None],2019
1900,False,False,64,"(0.4, 0.3, 0.3)",64,4,0,20,1e-05,0.0001,100,0.01,3.0,0.3,0.01,0.01,0.001,0.3,0.1,,0.0,1000,1,64,0,4.2,[0.685],[None],2000
1901,False,False,64,"(0.4, 0.3, 0.3)",64,4,0,20,1e-05,0.0001,100,0.01,3.0,0.3,0.01,0.01,0.001,0.3,0.1,,0.0,1000,1,64,0,4.19,[0.4877],[None],2001
1902,False,False,64,"(0.4, 0.3, 0.3)",64,4,0,20,1e-05,0.0001,100,0.01,3.0,0.3,0.01,0.01,0.001,0.3,0.1,,0.0,1000,1,64,1,4.1,[0.6669],[None],2002
1903,False,False,64,"(0.4, 0.3, 0.3)",64,4,0,20,1e-05,0.0001,100,0.01,3.0,0.3,0.01,0.01,0.001,0.3,0.1,,0.0,1000,2,128,1,8.46,"[0.6279, 0.6375]","[None, None]",2003
1904,False,False,64,"(0.4, 0.3, 0.3)",64,4,0,20,1e-05,0.0001,100,0.01,3.0,0.3,0.01,0.01,0.001,0.3,0.1,,0.0,1000,2,128,1,8.46,"[0.6687, 0.6921]","[None, None]",2004
1905,False,False,64,"(0.4, 0.3, 0.3)",64,4,0,20,1e-05,0.0001,100,0.01,3.0,0.3,0.01,0.01,0.001,0.3,0.1,,0.0,1000,2,128,0,8.62,"[0.6147, 0.5665]","[None, None]",2005
1906,False,False,64,"(0.4, 0.3, 0.3)",64,4,0,20,1e-05,0.0001,100,0.01,3.0,0.3,0.01,0.01,0.001,0.3,0.1,,0.0,1000,1,64,0,4.07,[0.6284],[None],2006
1907,False,False,64,"(0.4, 0.3, 0.3)",64,4,0,20,1e-05,0.0001,100,0.01,3.0,0.3,0.01,0.01,0.001,0.3,0.1,,0.0,1000,4,256,0,17.71,"[0.5873, 0.57, 0.5629, 0.5189]","[None, None, None, None]",2007
1908,False,False,64,"(0.4, 0.3, 0.3)",64,4,0,20,1e-05,0.0001,100,0.01,3.0,0.3,0.01,0.01,0.001,0.3,0.1,,0.0,1000,1,64,1,4.06,[0.3894],[None],2008
1909,False,False,64,"(0.4, 0.3, 0.3)",64,4,0,20,1e-05,0.0001,100,0.01,3.0,0.3,0.01,0.01,0.001,0.3,0.1,,0.0,1000,1,64,0,4.05,[0.616],[None],2009
1910,False,False,64,"(0.4, 0.3, 0.3)",64,4,0,20,1e-05,0.0001,100,0.01,3.0,0.3,0.01,0.01,0.001,0.3,0.1,,0.0,1000,1,64,0,4.06,[0.6246],[None],2010
1911,False,False,64,"(0.4, 0.3, 0.3)",64,4,0,20,1e-05,0.0001,100,0.01,3.0,0.3,0.01,0.01,0.001,0.3,0.1,,0.0,1000,1,64,0,4.06,[0.6097],[None],2011
1912,False,False,64,"(0.4, 0.3, 0.3)",64,4,0,20,1e-05,0.0001,100,0.01,3.0,0.3,0.01,0.01,0.001,0.3,0.1,,0.0,1000,1,64,0,4.07,[0.5539],[None],2012
1913,False,False,64,"(0.4, 0.3, 0.3)",64,4,0,20,1e-05,0.0001,100,0.01,3.0,0.3,0.01,0.01,0.001,0.3,0.1,,0.0,1000,2,128,0,8.38,"[0.659, 0.6679]","[None, None]",2013
1914,False,False,64,"(0.4, 0.3, 0.3)",64,4,0,20,1e-05,0.0001,100,0.01,3.0,0.3,0.01,0.01,0.001,0.3,0.1,,0.0,1000,1,64,0,4.13,[0.6439],[None],2014
1915,False,False,64,"(0.4, 0.3, 0.3)",64,4,0,20,1e-05,0.0001,100,0.01,3.0,0.3,0.01,0.01,0.001,0.3,0.1,,0.0,1000,2,128,0,8.37,"[0.6607, 0.6788]","[None, None]",2015
1916,False,False,64,"(0.4, 0.3, 0.3)",64,4,0,20,1e-05,0.0001,100,0.01,3.0,0.3,0.01,0.01,0.001,0.3,0.1,,0.0,1000,1,64,0,4.06,[0.5231],[None],2016
1917,False,False,64,"(0.4, 0.3, 0.3)",64,4,0,20,1e-05,0.0001,100,0.01,3.0,0.3,0.01,0.01,0.001,0.3,0.1,,0.0,1000,1,64,0,4.14,[0.6898],[None],2017
1918,False,False,64,"(0.4, 0.3, 0.3)",64,4,0,20,1e-05,0.0001,100,0.01,3.0,0.3,0.01,0.01,0.001,0.3,0.1,,0.0,1000,2,128,1,8.38,"[0.566, 0.6063]","[None, None]",2018
1919,False,False,64,"(0.4, 0.3, 0.3)",64,4,0,20,1e-05,0.0001,100,0.01,3.0,0.3,0.01,0.01,0.001,0.3,0.1,,0.0,1000,1,64,0,4.05,[0.6176],[None],2019
1920,False,False,64,"(0.4, 0.3, 0.3)",64,4,0,20,1e-05,1e-05,100,0.01,2.0,0.01,0.01,0.001,0.001,0.3,0.05,,0.0,1000,1,64,0,4.14,[0.7143],[None],2000
1921,False,False,64,"(0.4, 0.3, 0.3)",64,4,0,20,1e-05,1e-05,100,0.01,2.0,0.01,0.01,0.001,0.001,0.3,0.05,,0.0,1000,1,64,0,4.26,[0.6689],[None],2001
1922,False,False,64,"(0.4, 0.3, 0.3)",64,4,0,20,1e-05,1e-05,100,0.01,2.0,0.01,0.01,0.001,0.001,0.3,0.05,,0.0,1000,1,64,1,4.23,[0.6505],[None],2002
1923,False,False,64,"(0.4, 0.3, 0.3)",64,4,0,20,1e-05,1e-05,100,0.01,2.0,0.01,0.01,0.001,0.001,0.3,0.05,,0.0,1000,2,128,1,8.4,"[0.66, 0.6421]","[None, None]",2003
1924,False,False,64,"(0.4, 0.3, 0.3)",64,4,0,20,1e-05,1e-05,100,0.01,2.0,0.01,0.01,0.001,0.001,0.3,0.05,,0.0,1000,1,64,0,4.05,[0.7421],[None],2004
1925,False,False,64,"(0.4, 0.3, 0.3)",64,4,0,20,1e-05,1e-05,100,0.01,2.0,0.01,0.01,0.001,0.001,0.3,0.05,,0.0,1000,1,64,0,4.06,[0.6333],[None],2005
1926,False,False,64,"(0.4, 0.3, 0.3)",64,4,0,20,1e-05,1e-05,100,0.01,2.0,0.01,0.01,0.001,0.001,0.3,0.05,,0.0,1000,1,64,0,4.05,[0.6995],[None],2006
1927,False,False,64,"(0.4, 0.3, 0.3)",64,4,0,20,1e-05,1e-05,100,0.01,2.0,0.01,0.01,0.001,0.001,0.3,0.05,,0.0,1000,2,128,1,8.41,"[0.6911, 0.5614]","[None, None]",2007
1928,False,False,64,"(0.4, 0.3, 0.3)",64,4,0,20,1e-05,1e-05,100,0.01,2.0,0.01,0.01,0.001,0.001,0.3,0.05,,0.0,1000,1,64,1,4.1,[0.5915],[None],2008
1929,False,False,64,"(0.4, 0.3, 0.3)",64,4,0,20,1e-05,1e-05,100,0.01,2.0,0.01,0.01,0.001,0.001,0.3,0.05,,0.0,1000,1,64,0,4.05,[0.669],[None],2009
1930,False,False,64,"(0.4, 0.3, 0.3)",64,4,0,20,1e-05,1e-05,100,0.01,2.0,0.01,0.01,0.001,0.001,0.3,0.05,,0.0,1000,1,64,0,4.07,[0.7039],[None],2010
1931,False,False,64,"(0.4, 0.3, 0.3)",64,4,0,20,1e-05,1e-05,100,0.01,2.0,0.01,0.01,0.001,0.001,0.3,0.05,,0.0,1000,1,64,1,4.05,[0.6814],[None],2011
1932,False,False,64,"(0.4, 0.3, 0.3)",64,4,0,20,1e-05,1e-05,100,0.01,2.0,0.01,0.01,0.001,0.001,0.3,0.05,,0.0,1000,2,128,1,8.37,"[0.6845, 0.6641]","[None, None]",2012
1933,False,False,64,"(0.4, 0.3, 0.3)",64,4,0,20,1e-05,1e-05,100,0.01,2.0,0.01,0.01,0.001,0.001,0.3,0.05,,0.0,1000,2,128,0,8.4,"[0.6829, 0.5812]","[None, None]",2013
1934,False,False,64,"(0.4, 0.3, 0.3)",64,4,0,20,1e-05,1e-05,100,0.01,2.0,0.01,0.01,0.001,0.001,0.3,0.05,,0.0,1000,1,64,0,4.06,[0.7117],[None],2014
1935,False,False,64,"(0.4, 0.3, 0.3)",64,4,0,20,1e-05,1e-05,100,0.01,2.0,0.01,0.01,0.001,0.001,0.3,0.05,,0.0,1000,2,128,0,8.38,"[0.6295, 0.5616]","[None, None]",2015
1936,False,False,64,"(0.4, 0.3, 0.3)",64,4,0,20,1e-05,1e-05,100,0.01,2.0,0.01,0.01,0.001,0.001,0.3,0.05,,0.0,1000,1,64,0,4.06,[0.6348],[None],2016
1937,False,False,64,"(0.4, 0.3, 0.3)",64,4,0,20,1e-05,1e-05,100,0.01,2.0,0.01,0.01,0.001,0.001,0.3,0.05,,0.0,1000,1,64,0,4.05,[0.7489],[None],2017
1938,False,False,64,"(0.4, 0.3, 0.3)",64,4,0,20,1e-05,1e-05,100,0.01,2.0,0.01,0.01,0.001,0.001,0.3,0.05,,0.0,1000,2,128,1,8.44,"[0.6547, 0.6596]","[None, None]",2018
1939,False,False,64,"(0.4, 0.3, 0.3)",64,4,0,20,1e-05,1e-05,100,0.01,2.0,0.01,0.01,0.001,0.001,0.3,0.05,,0.0,1000,1,64,0,4.05,[0.6406],[None],2019
1940,False,False,64,"(0.4, 0.3, 0.3)",64,4,0,20,1e-05,1e-05,100,0.01,2.0,0.01,0.01,0.001,0.001,0.3,0.1,,0.0,1000,1,64,0,4.05,[0.7132],[None],2000
1941,False,False,64,"(0.4, 0.3, 0.3)",64,4,0,20,1e-05,1e-05,100,0.01,2.0,0.01,0.01,0.001,0.001,0.3,0.1,,0.0,1000,1,64,0,4.07,[0.6693],[None],2001
1942,False,False,64,"(0.4, 0.3, 0.3)",64,4,0,20,1e-05,1e-05,100,0.01,2.0,0.01,0.01,0.001,0.001,0.3,0.1,,0.0,1000,1,64,1,4.08,[0.6506],[None],2002
1943,False,False,64,"(0.4, 0.3, 0.3)",64,4,0,20,1e-05,1e-05,100,0.01,2.0,0.01,0.01,0.001,0.001,0.3,0.1,,0.0,1000,2,128,1,8.37,"[0.6608, 0.6401]","[None, None]",2003
1944,False,False,64,"(0.4, 0.3, 0.3)",64,4,0,20,1e-05,1e-05,100,0.01,2.0,0.01,0.01,0.001,0.001,0.3,0.1,,0.0,1000,1,64,0,4.05,[0.7404],[None],2004
1945,False,False,64,"(0.4, 0.3, 0.3)",64,4,0,20,1e-05,1e-05,100,0.01,2.0,0.01,0.01,0.001,0.001,0.3,0.1,,0.0,1000,1,64,0,4.11,[0.6316],[None],2005
1946,False,False,64,"(0.4, 0.3, 0.3)",64,4,0,20,1e-05,1e-05,100,0.01,2.0,0.01,0.01,0.001,0.001,0.3,0.1,,0.0,1000,1,64,0,4.06,[0.6996],[None],2006
1947,False,False,64,"(0.4, 0.3, 0.3)",64,4,0,20,1e-05,1e-05,100,0.01,2.0,0.01,0.01,0.001,0.001,0.3,0.1,,0.0,1000,1,64,0,4.05,[0.6912],[None],2007
1948,False,False,64,"(0.4, 0.3, 0.3)",64,4,0,20,1e-05,1e-05,100,0.01,2.0,0.01,0.01,0.001,0.001,0.3,0.1,,0.0,1000,1,64,1,4.06,[0.5911],[None],2008
1949,False,False,64,"(0.4, 0.3, 0.3)",64,4,0,20,1e-05,1e-05,100,0.01,2.0,0.01,0.01,0.001,0.001,0.3,0.1,,0.0,1000,1,64,0,4.09,[0.6665],[None],2009
1950,False,False,64,"(0.4, 0.3, 0.3)",64,4,0,20,1e-05,1e-05,100,0.01,2.0,0.01,0.01,0.001,0.001,0.3,0.1,,0.0,1000,1,64,0,4.06,[0.7047],[None],2010
1951,False,False,64,"(0.4, 0.3, 0.3)",64,4,0,20,1e-05,1e-05,100,0.01,2.0,0.01,0.01,0.001,0.001,0.3,0.1,,0.0,1000,1,64,1,4.1,[0.6795],[None],2011
1952,False,False,64,"(0.4, 0.3, 0.3)",64,4,0,20,1e-05,1e-05,100,0.01,2.0,0.01,0.01,0.001,0.001,0.3,0.1,,0.0,1000,2,128,0,8.4,"[0.6847, 0.6617]","[None, None]",2012
1953,False,False,64,"(0.4, 0.3, 0.3)",64,4,0,20,1e-05,1e-05,100,0.01,2.0,0.01,0.01,0.001,0.001,0.3,0.1,,0.0,1000,2,128,0,8.42,"[0.6824, 0.59]","[None, None]",2013
1954,False,False,64,"(0.4, 0.3, 0.3)",64,4,0,20,1e-05,1e-05,100,0.01,2.0,0.01,0.01,0.001,0.001,0.3,0.1,,0.0,1000,1,64,0,4.09,[0.7119],[None],2014
1955,False,False,64,"(0.4, 0.3, 0.3)",64,4,0,20,1e-05,1e-05,100,0.01,2.0,0.01,0.01,0.001,0.001,0.3,0.1,,0.0,1000,2,128,0,8.53,"[0.6276, 0.5676]","[None, None]",2015
1956,False,False,64,"(0.4, 0.3, 0.3)",64,4,0,20,1e-05,1e-05,100,0.01,2.0,0.01,0.01,0.001,0.001,0.3,0.1,,0.0,1000,1,64,0,4.07,[0.6371],[None],2016
1957,False,False,64,"(0.4, 0.3, 0.3)",64,4,0,20,1e-05,1e-05,100,0.01,2.0,0.01,0.01,0.001,0.001,0.3,0.1,,0.0,1000,1,64,0,4.04,[0.7486],[None],2017
1958,False,False,64,"(0.4, 0.3, 0.3)",64,4,0,20,1e-05,1e-05,100,0.01,2.0,0.01,0.01,0.001,0.001,0.3,0.1,,0.0,1000,2,128,1,8.62,"[0.6553, 0.6544]","[None, None]",2018
1959,False,False,64,"(0.4, 0.3, 0.3)",64,4,0,20,1e-05,1e-05,100,0.01,2.0,0.01,0.01,0.001,0.001,0.3,0.1,,0.0,1000,1,64,0,4.11,[0.639],[None],2019
1960,False,False,64,"(0.4, 0.3, 0.3)",64,4,0,20,1e-05,1e-05,100,0.01,2.0,0.01,0.01,0.01,0.001,0.3,0.05,,0.0,1000,1,64,0,4.06,[0.7095],[None],2000
1961,False,False,64,"(0.4, 0.3, 0.3)",64,4,0,20,1e-05,1e-05,100,0.01,2.0,0.01,0.01,0.01,0.001,0.3,0.05,,0.0,1000,1,64,0,4.14,[0.6742],[None],2001
1962,False,False,64,"(0.4, 0.3, 0.3)",64,4,0,20,1e-05,1e-05,100,0.01,2.0,0.01,0.01,0.01,0.001,0.3,0.05,,0.0,1000,1,64,1,4.19,[0.6559],[None],2002
1963,False,False,64,"(0.4, 0.3, 0.3)",64,4,0,20,1e-05,1e-05,100,0.01,2.0,0.01,0.01,0.01,0.001,0.3,0.05,,0.0,1000,2,128,1,8.72,"[0.6575, 0.6466]","[None, None]",2003
1964,False,False,64,"(0.4, 0.3, 0.3)",64,4,0,20,1e-05,1e-05,100,0.01,2.0,0.01,0.01,0.01,0.001,0.3,0.05,,0.0,1000,1,64,0,4.08,[0.7415],[None],2004
1965,False,False,64,"(0.4, 0.3, 0.3)",64,4,0,20,1e-05,1e-05,100,0.01,2.0,0.01,0.01,0.01,0.001,0.3,0.05,,0.0,1000,1,64,0,4.06,[0.6358],[None],2005
1966,False,False,64,"(0.4, 0.3, 0.3)",64,4,0,20,1e-05,1e-05,100,0.01,2.0,0.01,0.01,0.01,0.001,0.3,0.05,,0.0,1000,1,64,0,4.07,[0.6968],[None],2006
1967,False,False,64,"(0.4, 0.3, 0.3)",64,4,0,20,1e-05,1e-05,100,0.01,2.0,0.01,0.01,0.01,0.001,0.3,0.05,,0.0,1000,1,64,0,4.17,[0.6927],[None],2007
1968,False,False,64,"(0.4, 0.3, 0.3)",64,4,0,20,1e-05,1e-05,100,0.01,2.0,0.01,0.01,0.01,0.001,0.3,0.05,,0.0,1000,1,64,1,4.14,[0.5826],[None],2008
1969,False,False,64,"(0.4, 0.3, 0.3)",64,4,0,20,1e-05,1e-05,100,0.01,2.0,0.01,0.01,0.01,0.001,0.3,0.05,,0.0,1000,1,64,0,4.08,[0.6665],[None],2009
1970,False,False,64,"(0.4, 0.3, 0.3)",64,4,0,20,1e-05,1e-05,100,0.01,2.0,0.01,0.01,0.01,0.001,0.3,0.05,,0.0,1000,1,64,0,4.07,[0.7042],[None],2010
1971,False,False,64,"(0.4, 0.3, 0.3)",64,4,0,20,1e-05,1e-05,100,0.01,2.0,0.01,0.01,0.01,0.001,0.3,0.05,,0.0,1000,1,64,1,4.07,[0.6807],[None],2011
1972,False,False,64,"(0.4, 0.3, 0.3)",64,4,0,20,1e-05,1e-05,100,0.01,2.0,0.01,0.01,0.01,0.001,0.3,0.05,,0.0,1000,2,128,0,8.37,"[0.6784, 0.6627]","[None, None]",2012
1973,False,False,64,"(0.4, 0.3, 0.3)",64,4,0,20,1e-05,1e-05,100,0.01,2.0,0.01,0.01,0.01,0.001,0.3,0.05,,0.0,1000,2,128,1,8.36,"[0.686, 0.5809]","[None, None]",2013
1974,False,False,64,"(0.4, 0.3, 0.3)",64,4,0,20,1e-05,1e-05,100,0.01,2.0,0.01,0.01,0.01,0.001,0.3,0.05,,0.0,1000,1,64,0,4.04,[0.7091],[None],2014
1975,False,False,64,"(0.4, 0.3, 0.3)",64,4,0,20,1e-05,1e-05,100,0.01,2.0,0.01,0.01,0.01,0.001,0.3,0.05,,0.0,1000,2,128,0,8.4,"[0.6319, 0.5841]","[None, None]",2015
1976,False,False,64,"(0.4, 0.3, 0.3)",64,4,0,20,1e-05,1e-05,100,0.01,2.0,0.01,0.01,0.01,0.001,0.3,0.05,,0.0,1000,1,64,0,4.04,[0.6273],[None],2016
1977,False,False,64,"(0.4, 0.3, 0.3)",64,4,0,20,1e-05,1e-05,100,0.01,2.0,0.01,0.01,0.01,0.001,0.3,0.05,,0.0,1000,1,64,0,4.11,[0.7502],[None],2017
1978,False,False,64,"(0.4, 0.3, 0.3)",64,4,0,20,1e-05,1e-05,100,0.01,2.0,0.01,0.01,0.01,0.001,0.3,0.05,,0.0,1000,2,128,1,8.35,"[0.6485, 0.6441]","[None, None]",2018
1979,False,False,64,"(0.4, 0.3, 0.3)",64,4,0,20,1e-05,1e-05,100,0.01,2.0,0.01,0.01,0.01,0.001,0.3,0.05,,0.0,1000,1,64,0,4.11,[0.6508],[None],2019
1980,False,False,64,"(0.4, 0.3, 0.3)",64,4,0,20,1e-05,1e-05,100,0.01,2.0,0.01,0.01,0.01,0.001,0.3,0.1,,0.0,1000,1,64,0,4.06,[0.7102],[None],2000
1981,False,False,64,"(0.4, 0.3, 0.3)",64,4,0,20,1e-05,1e-05,100,0.01,2.0,0.01,0.01,0.01,0.001,0.3,0.1,,0.0,1000,1,64,0,4.05,[0.6744],[None],2001
1982,False,False,64,"(0.4, 0.3, 0.3)",64,4,0,20,1e-05,1e-05,100,0.01,2.0,0.01,0.01,0.01,0.001,0.3,0.1,,0.0,1000,1,64,1,4.04,[0.6576],[None],2002
1983,False,False,64,"(0.4, 0.3, 0.3)",64,4,0,20,1e-05,1e-05,100,0.01,2.0,0.01,0.01,0.01,0.001,0.3,0.1,,0.0,1000,2,128,1,8.5,"[0.6582, 0.6366]","[None, None]",2003
1984,False,False,64,"(0.4, 0.3, 0.3)",64,4,0,20,1e-05,1e-05,100,0.01,2.0,0.01,0.01,0.01,0.001,0.3,0.1,,0.0,1000,1,64,0,4.05,[0.7405],[None],2004
1985,False,False,64,"(0.4, 0.3, 0.3)",64,4,0,20,1e-05,1e-05,100,0.01,2.0,0.01,0.01,0.01,0.001,0.3,0.1,,0.0,1000,1,64,0,4.04,[0.6351],[None],2005
1986,False,False,64,"(0.4, 0.3, 0.3)",64,4,0,20,1e-05,1e-05,100,0.01,2.0,0.01,0.01,0.01,0.001,0.3,0.1,,0.0,1000,1,64,0,4.1,[0.6962],[None],2006
1987,False,False,64,"(0.4, 0.3, 0.3)",64,4,0,20,1e-05,1e-05,100,0.01,2.0,0.01,0.01,0.01,0.001,0.3,0.1,,0.0,1000,1,64,0,4.05,[0.6939],[None],2007
1988,False,False,64,"(0.4, 0.3, 0.3)",64,4,0,20,1e-05,1e-05,100,0.01,2.0,0.01,0.01,0.01,0.001,0.3,0.1,,0.0,1000,1,64,1,4.05,[0.582],[None],2008
1989,False,False,64,"(0.4, 0.3, 0.3)",64,4,0,20,1e-05,1e-05,100,0.01,2.0,0.01,0.01,0.01,0.001,0.3,0.1,,0.0,1000,1,64,0,4.11,[0.6653],[None],2009
1990,False,False,64,"(0.4, 0.3, 0.3)",64,4,0,20,1e-05,1e-05,100,0.01,2.0,0.01,0.01,0.01,0.001,0.3,0.1,,0.0,1000,1,64,0,4.04,[0.7068],[None],2010
1991,False,False,64,"(0.4, 0.3, 0.3)",64,4,0,20,1e-05,1e-05,100,0.01,2.0,0.01,0.01,0.01,0.001,0.3,0.1,,0.0,1000,1,64,1,4.04,[0.6789],[None],2011
1992,False,False,64,"(0.4, 0.3, 0.3)",64,4,0,20,1e-05,1e-05,100,0.01,2.0,0.01,0.01,0.01,0.001,0.3,0.1,,0.0,1000,2,128,0,8.34,"[0.6796, 0.6547]","[None, None]",2012
1993,False,False,64,"(0.4, 0.3, 0.3)",64,4,0,20,1e-05,1e-05,100,0.01,2.0,0.01,0.01,0.01,0.001,0.3,0.1,,0.0,1000,2,128,0,8.35,"[0.6858, 0.5869]","[None, None]",2013
1994,False,False,64,"(0.4, 0.3, 0.3)",64,4,0,20,1e-05,1e-05,100,0.01,2.0,0.01,0.01,0.01,0.001,0.3,0.1,,0.0,1000,1,64,0,4.04,[0.7095],[None],2014
1995,False,False,64,"(0.4, 0.3, 0.3)",64,4,0,20,1e-05,1e-05,100,0.01,2.0,0.01,0.01,0.01,0.001,0.3,0.1,,0.0,1000,2,128,0,8.34,"[0.6302, 0.5745]","[None, None]",2015
1996,False,False,64,"(0.4, 0.3, 0.3)",64,4,0,20,1e-05,1e-05,100,0.01,2.0,0.01,0.01,0.01,0.001,0.3,0.1,,0.0,1000,1,64,0,4.06,[0.6272],[None],2016
1997,False,False,64,"(0.4, 0.3, 0.3)",64,4,0,20,1e-05,1e-05,100,0.01,2.0,0.01,0.01,0.01,0.001,0.3,0.1,,0.0,1000,1,64,0,4.12,[0.7506],[None],2017
1998,False,False,64,"(0.4, 0.3, 0.3)",64,4,0,20,1e-05,1e-05,100,0.01,2.0,0.01,0.01,0.01,0.001,0.3,0.1,,0.0,1000,2,128,1,8.37,"[0.6489, 0.6463]","[None, None]",2018
1999,False,False,64,"(0.4, 0.3, 0.3)",64,4,0,20,1e-05,1e-05,100,0.01,2.0,0.01,0.01,0.01,0.001,0.3,0.1,,0.0,1000,1,64,0,4.05,[0.6493],[None],2019
2000,False,False,64,"(0.4, 0.3, 0.3)",64,4,0,20,1e-05,1e-05,100,0.01,2.0,0.1,0.01,0.001,0.001,0.3,0.05,,0.0,1000,1,64,0,4.04,[0.7125],[None],2000
2001,False,False,64,"(0.4, 0.3, 0.3)",64,4,0,20,1e-05,1e-05,100,0.01,2.0,0.1,0.01,0.001,0.001,0.3,0.05,,0.0,1000,1,64,0,4.04,[0.6577],[None],2001
2002,False,False,64,"(0.4, 0.3, 0.3)",64,4,0,20,1e-05,1e-05,100,0.01,2.0,0.1,0.01,0.001,0.001,0.3,0.05,,0.0,1000,1,64,1,4.04,[0.675],[None],2002
2003,False,False,64,"(0.4, 0.3, 0.3)",64,4,0,20,1e-05,1e-05,100,0.01,2.0,0.1,0.01,0.001,0.001,0.3,0.05,,0.0,1000,2,128,1,8.37,"[0.6629, 0.6682]","[None, None]",2003
2004,False,False,64,"(0.4, 0.3, 0.3)",64,4,0,20,1e-05,1e-05,100,0.01,2.0,0.1,0.01,0.001,0.001,0.3,0.05,,0.0,1000,2,128,1,8.38,"[0.7489, 0.6128]","[None, None]",2004
2005,False,False,64,"(0.4, 0.3, 0.3)",64,4,0,20,1e-05,1e-05,100,0.01,2.0,0.1,0.01,0.001,0.001,0.3,0.05,,0.0,1000,1,64,0,4.07,[0.6478],[None],2005
2006,False,False,64,"(0.4, 0.3, 0.3)",64,4,0,20,1e-05,1e-05,100,0.01,2.0,0.1,0.01,0.001,0.001,0.3,0.05,,0.0,1000,1,64,0,4.09,[0.7045],[None],2006
2007,False,False,64,"(0.4, 0.3, 0.3)",64,4,0,20,1e-05,1e-05,100,0.01,2.0,0.1,0.01,0.001,0.001,0.3,0.05,,0.0,1000,1,64,0,4.05,[0.6992],[None],2007
2008,False,False,64,"(0.4, 0.3, 0.3)",64,4,0,20,1e-05,1e-05,100,0.01,2.0,0.1,0.01,0.001,0.001,0.3,0.05,,0.0,1000,1,64,1,4.05,[0.5612],[None],2008
2009,False,False,64,"(0.4, 0.3, 0.3)",64,4,0,20,1e-05,1e-05,100,0.01,2.0,0.1,0.01,0.001,0.001,0.3,0.05,,0.0,1000,1,64,0,4.06,[0.6798],[None],2009
2010,False,False,64,"(0.4, 0.3, 0.3)",64,4,0,20,1e-05,1e-05,100,0.01,2.0,0.1,0.01,0.001,0.001,0.3,0.05,,0.0,1000,1,64,0,4.12,[0.6971],[None],2010
2011,False,False,64,"(0.4, 0.3, 0.3)",64,4,0,20,1e-05,1e-05,100,0.01,2.0,0.1,0.01,0.001,0.001,0.3,0.05,,0.0,1000,1,64,1,4.06,[0.6878],[None],2011
2012,False,False,64,"(0.4, 0.3, 0.3)",64,4,0,20,1e-05,1e-05,100,0.01,2.0,0.1,0.01,0.001,0.001,0.3,0.05,,0.0,1000,2,128,1,8.39,"[0.6416, 0.6804]","[None, None]",2012
2013,False,False,64,"(0.4, 0.3, 0.3)",64,4,0,20,1e-05,1e-05,100,0.01,2.0,0.1,0.01,0.001,0.001,0.3,0.05,,0.0,1000,2,128,0,8.45,"[0.694, 0.6041]","[None, None]",2013
2014,False,False,64,"(0.4, 0.3, 0.3)",64,4,0,20,1e-05,1e-05,100,0.01,2.0,0.1,0.01,0.001,0.001,0.3,0.05,,0.0,1000,2,128,0,8.41,"[0.7035, 0.5881]","[None, None]",2014
2015,False,False,64,"(0.4, 0.3, 0.3)",64,4,0,20,1e-05,1e-05,100,0.01,2.0,0.1,0.01,0.001,0.001,0.3,0.05,,0.0,1000,2,128,0,8.38,"[0.6283, 0.5887]","[None, None]",2015
2016,False,False,64,"(0.4, 0.3, 0.3)",64,4,0,20,1e-05,1e-05,100,0.01,2.0,0.1,0.01,0.001,0.001,0.3,0.05,,0.0,1000,1,64,0,4.06,[0.6195],[None],2016
2017,False,False,64,"(0.4, 0.3, 0.3)",64,4,0,20,1e-05,1e-05,100,0.01,2.0,0.1,0.01,0.001,0.001,0.3,0.05,,0.0,1000,2,128,1,8.66,"[0.7503, 0.7131]","[None, None]",2017
2018,False,False,64,"(0.4, 0.3, 0.3)",64,4,0,20,1e-05,1e-05,100,0.01,2.0,0.1,0.01,0.001,0.001,0.3,0.05,,0.0,1000,2,128,1,8.44,"[0.6295, 0.6484]","[None, None]",2018
2019,False,False,64,"(0.4, 0.3, 0.3)",64,4,0,20,1e-05,1e-05,100,0.01,2.0,0.1,0.01,0.001,0.001,0.3,0.05,,0.0,1000,1,64,0,4.05,[0.6755],[None],2019
2020,False,False,64,"(0.4, 0.3, 0.3)",64,4,0,20,1e-05,1e-05,100,0.01,2.0,0.1,0.01,0.001,0.001,0.3,0.1,,0.0,1000,1,64,0,4.05,[0.7116],[None],2000
2021,False,False,64,"(0.4, 0.3, 0.3)",64,4,0,20,1e-05,1e-05,100,0.01,2.0,0.1,0.01,0.001,0.001,0.3,0.1,,0.0,1000,1,64,0,4.11,[0.6503],[None],2001
2022,False,False,64,"(0.4, 0.3, 0.3)",64,4,0,20,1e-05,1e-05,100,0.01,2.0,0.1,0.01,0.001,0.001,0.3,0.1,,0.0,1000,1,64,1,4.04,[0.6863],[None],2002
2023,False,False,64,"(0.4, 0.3, 0.3)",64,4,0,20,1e-05,1e-05,100,0.01,2.0,0.1,0.01,0.001,0.001,0.3,0.1,,0.0,1000,2,128,1,8.35,"[0.6637, 0.6547]","[None, None]",2003
2024,False,False,64,"(0.4, 0.3, 0.3)",64,4,0,20,1e-05,1e-05,100,0.01,2.0,0.1,0.01,0.001,0.001,0.3,0.1,,0.0,1000,2,128,1,8.41,"[0.7472, 0.6271]","[None, None]",2004
2025,False,False,64,"(0.4, 0.3, 0.3)",64,4,0,20,1e-05,1e-05,100,0.01,2.0,0.1,0.01,0.001,0.001,0.3,0.1,,0.0,1000,1,64,0,4.05,[0.6572],[None],2005
2026,False,False,64,"(0.4, 0.3, 0.3)",64,4,0,20,1e-05,1e-05,100,0.01,2.0,0.1,0.01,0.001,0.001,0.3,0.1,,0.0,1000,1,64,0,4.05,[0.7101],[None],2006
2027,False,False,64,"(0.4, 0.3, 0.3)",64,4,0,20,1e-05,1e-05,100,0.01,2.0,0.1,0.01,0.001,0.001,0.3,0.1,,0.0,1000,1,64,0,4.1,[0.7027],[None],2007
2028,False,False,64,"(0.4, 0.3, 0.3)",64,4,0,20,1e-05,1e-05,100,0.01,2.0,0.1,0.01,0.001,0.001,0.3,0.1,,0.0,1000,1,64,1,4.2,[0.5539],[None],2008
2029,False,False,64,"(0.4, 0.3, 0.3)",64,4,0,20,1e-05,1e-05,100,0.01,2.0,0.1,0.01,0.001,0.001,0.3,0.1,,0.0,1000,1,64,0,4.15,[0.6891],[None],2009
2030,False,False,64,"(0.4, 0.3, 0.3)",64,4,0,20,1e-05,1e-05,100,0.01,2.0,0.1,0.01,0.001,0.001,0.3,0.1,,0.0,1000,1,64,0,4.1,[0.7111],[None],2010
2031,False,False,64,"(0.4, 0.3, 0.3)",64,4,0,20,1e-05,1e-05,100,0.01,2.0,0.1,0.01,0.001,0.001,0.3,0.1,,0.0,1000,1,64,1,4.2,[0.693],[None],2011
2032,False,False,64,"(0.4, 0.3, 0.3)",64,4,0,20,1e-05,1e-05,100,0.01,2.0,0.1,0.01,0.001,0.001,0.3,0.1,,0.0,1000,2,128,1,8.42,"[0.622, 0.6906]","[None, None]",2012
2033,False,False,64,"(0.4, 0.3, 0.3)",64,4,0,20,1e-05,1e-05,100,0.01,2.0,0.1,0.01,0.001,0.001,0.3,0.1,,0.0,1000,2,128,1,8.34,"[0.7033, 0.6293]","[None, None]",2013
2034,False,False,64,"(0.4, 0.3, 0.3)",64,4,0,20,1e-05,1e-05,100,0.01,2.0,0.1,0.01,0.001,0.001,0.3,0.1,,0.0,1000,1,64,0,4.04,[0.7029],[None],2014
2035,False,False,64,"(0.4, 0.3, 0.3)",64,4,0,20,1e-05,1e-05,100,0.01,2.0,0.1,0.01,0.001,0.001,0.3,0.1,,0.0,1000,2,128,0,8.46,"[0.6507, 0.5893]","[None, None]",2015
2036,False,False,64,"(0.4, 0.3, 0.3)",64,4,0,20,1e-05,1e-05,100,0.01,2.0,0.1,0.01,0.001,0.001,0.3,0.1,,0.0,1000,1,64,0,4.13,[0.6133],[None],2016
2037,False,False,64,"(0.4, 0.3, 0.3)",64,4,0,20,1e-05,1e-05,100,0.01,2.0,0.1,0.01,0.001,0.001,0.3,0.1,,0.0,1000,2,128,1,8.37,"[0.7452, 0.732]","[None, None]",2017
2038,False,False,64,"(0.4, 0.3, 0.3)",64,4,0,20,1e-05,1e-05,100,0.01,2.0,0.1,0.01,0.001,0.001,0.3,0.1,,0.0,1000,2,128,1,8.38,"[0.6313, 0.6686]","[None, None]",2018
2039,False,False,64,"(0.4, 0.3, 0.3)",64,4,0,20,1e-05,1e-05,100,0.01,2.0,0.1,0.01,0.001,0.001,0.3,0.1,,0.0,1000,1,64,0,4.05,[0.6814],[None],2019
2040,False,False,64,"(0.4, 0.3, 0.3)",64,4,0,20,1e-05,1e-05,100,0.01,2.0,0.1,0.01,0.01,0.001,0.3,0.05,,0.0,1000,1,64,0,4.05,[0.7032],[None],2000
2041,False,False,64,"(0.4, 0.3, 0.3)",64,4,0,20,1e-05,1e-05,100,0.01,2.0,0.1,0.01,0.01,0.001,0.3,0.05,,0.0,1000,1,64,0,4.09,[0.6561],[None],2001
2042,False,False,64,"(0.4, 0.3, 0.3)",64,4,0,20,1e-05,1e-05,100,0.01,2.0,0.1,0.01,0.01,0.001,0.3,0.05,,0.0,1000,1,64,1,4.06,[0.6732],[None],2002
2043,False,False,64,"(0.4, 0.3, 0.3)",64,4,0,20,1e-05,1e-05,100,0.01,2.0,0.1,0.01,0.01,0.001,0.3,0.05,,0.0,1000,2,128,1,8.63,"[0.6561, 0.6499]","[None, None]",2003
2044,False,False,64,"(0.4, 0.3, 0.3)",64,4,0,20,1e-05,1e-05,100,0.01,2.0,0.1,0.01,0.01,0.001,0.3,0.05,,0.0,1000,2,128,1,8.34,"[0.7437, 0.6072]","[None, None]",2004
2045,False,False,64,"(0.4, 0.3, 0.3)",64,4,0,20,1e-05,1e-05,100,0.01,2.0,0.1,0.01,0.01,0.001,0.3,0.05,,0.0,1000,1,64,0,4.04,[0.6397],[None],2005
2046,False,False,64,"(0.4, 0.3, 0.3)",64,4,0,20,1e-05,1e-05,100,0.01,2.0,0.1,0.01,0.01,0.001,0.3,0.05,,0.0,1000,1,64,0,4.04,[0.6979],[None],2006
2047,False,False,64,"(0.4, 0.3, 0.3)",64,4,0,20,1e-05,1e-05,100,0.01,2.0,0.1,0.01,0.01,0.001,0.3,0.05,,0.0,1000,1,64,0,4.04,[0.694],[None],2007
2048,False,False,64,"(0.4, 0.3, 0.3)",64,4,0,20,1e-05,1e-05,100,0.01,2.0,0.1,0.01,0.01,0.001,0.3,0.05,,0.0,1000,1,64,1,4.04,[0.5508],[None],2008
2049,False,False,64,"(0.4, 0.3, 0.3)",64,4,0,20,1e-05,1e-05,100,0.01,2.0,0.1,0.01,0.01,0.001,0.3,0.05,,0.0,1000,1,64,0,4.05,[0.6733],[None],2009
2050,False,False,64,"(0.4, 0.3, 0.3)",64,4,0,20,1e-05,1e-05,100,0.01,2.0,0.1,0.01,0.01,0.001,0.3,0.05,,0.0,1000,1,64,0,4.04,[0.6876],[None],2010
2051,False,False,64,"(0.4, 0.3, 0.3)",64,4,0,20,1e-05,1e-05,100,0.01,2.0,0.1,0.01,0.01,0.001,0.3,0.05,,0.0,1000,1,64,1,4.05,[0.6812],[None],2011
2052,False,False,64,"(0.4, 0.3, 0.3)",64,4,0,20,1e-05,1e-05,100,0.01,2.0,0.1,0.01,0.01,0.001,0.3,0.05,,0.0,1000,2,128,1,8.35,"[0.6357, 0.6756]","[None, None]",2012
2053,False,False,64,"(0.4, 0.3, 0.3)",64,4,0,20,1e-05,1e-05,100,0.01,2.0,0.1,0.01,0.01,0.001,0.3,0.05,,0.0,1000,2,128,1,8.35,"[0.6875, 0.6035]","[None, None]",2013
2054,False,False,64,"(0.4, 0.3, 0.3)",64,4,0,20,1e-05,1e-05,100,0.01,2.0,0.1,0.01,0.01,0.001,0.3,0.05,,0.0,1000,1,64,0,4.12,[0.6963],[None],2014
2055,False,False,64,"(0.4, 0.3, 0.3)",64,4,0,20,1e-05,1e-05,100,0.01,2.0,0.1,0.01,0.01,0.001,0.3,0.05,,0.0,1000,2,128,0,8.42,"[0.6234, 0.578]","[None, None]",2015
2056,False,False,64,"(0.4, 0.3, 0.3)",64,4,0,20,1e-05,1e-05,100,0.01,2.0,0.1,0.01,0.01,0.001,0.3,0.05,,0.0,1000,1,64,0,4.05,[0.6025],[None],2016
2057,False,False,64,"(0.4, 0.3, 0.3)",64,4,0,20,1e-05,1e-05,100,0.01,2.0,0.1,0.01,0.01,0.001,0.3,0.05,,0.0,1000,2,128,1,8.37,"[0.7462, 0.7169]","[None, None]",2017
2058,False,False,64,"(0.4, 0.3, 0.3)",64,4,0,20,1e-05,1e-05,100,0.01,2.0,0.1,0.01,0.01,0.001,0.3,0.05,,0.0,1000,2,128,1,8.38,"[0.6195, 0.6522]","[None, None]",2018
2059,False,False,64,"(0.4, 0.3, 0.3)",64,4,0,20,1e-05,1e-05,100,0.01,2.0,0.1,0.01,0.01,0.001,0.3,0.05,,0.0,1000,1,64,0,4.2,[0.672],[None],2019
2060,False,False,64,"(0.4, 0.3, 0.3)",64,4,0,20,1e-05,1e-05,100,0.01,2.0,0.1,0.01,0.01,0.001,0.3,0.1,,0.0,1000,1,64,0,4.2,[0.7019],[None],2000
2061,False,False,64,"(0.4, 0.3, 0.3)",64,4,0,20,1e-05,1e-05,100,0.01,2.0,0.1,0.01,0.01,0.001,0.3,0.1,,0.0,1000,1,64,0,4.16,[0.6468],[None],2001
2062,False,False,64,"(0.4, 0.3, 0.3)",64,4,0,20,1e-05,1e-05,100,0.01,2.0,0.1,0.01,0.01,0.001,0.3,0.1,,0.0,1000,1,64,1,4.04,[0.6847],[None],2002
2063,False,False,64,"(0.4, 0.3, 0.3)",64,4,0,20,1e-05,1e-05,100,0.01,2.0,0.1,0.01,0.01,0.001,0.3,0.1,,0.0,1000,3,192,1,12.89,"[0.6544, 0.6721, 0.616]","[None, None, None]",2003
2064,False,False,64,"(0.4, 0.3, 0.3)",64,4,0,20,1e-05,1e-05,100,0.01,2.0,0.1,0.01,0.01,0.001,0.3,0.1,,0.0,1000,2,128,1,8.5,"[0.7408, 0.6115]","[None, None]",2004
2065,False,False,64,"(0.4, 0.3, 0.3)",64,4,0,20,1e-05,1e-05,100,0.01,2.0,0.1,0.01,0.01,0.001,0.3,0.1,,0.0,1000,1,64,0,4.08,[0.6483],[None],2005
2066,False,False,64,"(0.4, 0.3, 0.3)",64,4,0,20,1e-05,1e-05,100,0.01,2.0,0.1,0.01,0.01,0.001,0.3,0.1,,0.0,1000,1,64,0,4.19,[0.7018],[None],2006
2067,False,False,64,"(0.4, 0.3, 0.3)",64,4,0,20,1e-05,1e-05,100,0.01,2.0,0.1,0.01,0.01,0.001,0.3,0.1,,0.0,1000,2,128,0,8.68,"[0.6967, 0.6163]","[None, None]",2007
2068,False,False,64,"(0.4, 0.3, 0.3)",64,4,0,20,1e-05,1e-05,100,0.01,2.0,0.1,0.01,0.01,0.001,0.3,0.1,,0.0,1000,1,64,1,4.23,[0.5403],[None],2008
2069,False,False,64,"(0.4, 0.3, 0.3)",64,4,0,20,1e-05,1e-05,100,0.01,2.0,0.1,0.01,0.01,0.001,0.3,0.1,,0.0,1000,1,64,0,4.09,[0.6839],[None],2009
2070,False,False,64,"(0.4, 0.3, 0.3)",64,4,0,20,1e-05,1e-05,100,0.01,2.0,0.1,0.01,0.01,0.001,0.3,0.1,,0.0,1000,1,64,0,4.04,[0.7002],[None],2010
2071,False,False,64,"(0.4, 0.3, 0.3)",64,4,0,20,1e-05,1e-05,100,0.01,2.0,0.1,0.01,0.01,0.001,0.3,0.1,,0.0,1000,1,64,1,4.04,[0.6816],[None],2011
2072,False,False,64,"(0.4, 0.3, 0.3)",64,4,0,20,1e-05,1e-05,100,0.01,2.0,0.1,0.01,0.01,0.001,0.3,0.1,,0.0,1000,2,128,1,8.34,"[0.6133, 0.6798]","[None, None]",2012
2073,False,False,64,"(0.4, 0.3, 0.3)",64,4,0,20,1e-05,1e-05,100,0.01,2.0,0.1,0.01,0.01,0.001,0.3,0.1,,0.0,1000,2,128,1,8.34,"[0.6962, 0.6264]","[None, None]",2013
2074,False,False,64,"(0.4, 0.3, 0.3)",64,4,0,20,1e-05,1e-05,100,0.01,2.0,0.1,0.01,0.01,0.001,0.3,0.1,,0.0,1000,1,64,0,4.04,[0.6942],[None],2014
2075,False,False,64,"(0.4, 0.3, 0.3)",64,4,0,20,1e-05,1e-05,100,0.01,2.0,0.1,0.01,0.01,0.001,0.3,0.1,,0.0,1000,2,128,0,8.46,"[0.6466, 0.5743]","[None, None]",2015
2076,False,False,64,"(0.4, 0.3, 0.3)",64,4,0,20,1e-05,1e-05,100,0.01,2.0,0.1,0.01,0.01,0.001,0.3,0.1,,0.0,1000,1,64,0,4.18,[0.5921],[None],2016
2077,False,False,64,"(0.4, 0.3, 0.3)",64,4,0,20,1e-05,1e-05,100,0.01,2.0,0.1,0.01,0.01,0.001,0.3,0.1,,0.0,1000,1,64,0,4.19,[0.7396],[None],2017
2078,False,False,64,"(0.4, 0.3, 0.3)",64,4,0,20,1e-05,1e-05,100,0.01,2.0,0.1,0.01,0.01,0.001,0.3,0.1,,0.0,1000,2,128,1,8.65,"[0.6172, 0.6347]","[None, None]",2018
2079,False,False,64,"(0.4, 0.3, 0.3)",64,4,0,20,1e-05,1e-05,100,0.01,2.0,0.1,0.01,0.01,0.001,0.3,0.1,,0.0,1000,1,64,0,4.2,[0.6753],[None],2019
2080,False,False,64,"(0.4, 0.3, 0.3)",64,4,0,20,1e-05,1e-05,100,0.01,2.0,0.2,0.01,0.001,0.001,0.3,0.05,,0.0,1000,1,64,0,4.19,[0.6843],[None],2000
2081,False,False,64,"(0.4, 0.3, 0.3)",64,4,0,20,1e-05,1e-05,100,0.01,2.0,0.2,0.01,0.001,0.001,0.3,0.05,,0.0,1000,1,64,0,4.2,[0.644],[None],2001
2082,False,False,64,"(0.4, 0.3, 0.3)",64,4,0,20,1e-05,1e-05,100,0.01,2.0,0.2,0.01,0.001,0.001,0.3,0.05,,0.0,1000,1,64,1,4.21,[0.6649],[None],2002
2083,False,False,64,"(0.4, 0.3, 0.3)",64,4,0,20,1e-05,1e-05,100,0.01,2.0,0.2,0.01,0.001,0.001,0.3,0.05,,0.0,1000,2,128,1,8.63,"[0.6526, 0.6325]","[None, None]",2003
2084,False,False,64,"(0.4, 0.3, 0.3)",64,4,0,20,1e-05,1e-05,100,0.01,2.0,0.2,0.01,0.001,0.001,0.3,0.05,,0.0,1000,2,128,1,8.36,"[0.7344, 0.6273]","[None, None]",2004
2085,False,False,64,"(0.4, 0.3, 0.3)",64,4,0,20,1e-05,1e-05,100,0.01,2.0,0.2,0.01,0.001,0.001,0.3,0.05,,0.0,1000,1,64,0,4.05,[0.6187],[None],2005
2086,False,False,64,"(0.4, 0.3, 0.3)",64,4,0,20,1e-05,1e-05,100,0.01,2.0,0.2,0.01,0.001,0.001,0.3,0.05,,0.0,1000,1,64,0,4.05,[0.6818],[None],2006
2087,False,False,64,"(0.4, 0.3, 0.3)",64,4,0,20,1e-05,1e-05,100,0.01,2.0,0.2,0.01,0.001,0.001,0.3,0.05,,0.0,1000,1,64,0,4.06,[0.6795],[None],2007
2088,False,False,64,"(0.4, 0.3, 0.3)",64,4,0,20,1e-05,1e-05,100,0.01,2.0,0.2,0.01,0.001,0.001,0.3,0.05,,0.0,1000,1,64,1,4.07,[0.5292],[None],2008
2089,False,False,64,"(0.4, 0.3, 0.3)",64,4,0,20,1e-05,1e-05,100,0.01,2.0,0.2,0.01,0.001,0.001,0.3,0.05,,0.0,1000,1,64,0,4.07,[0.6535],[None],2009
2090,False,False,64,"(0.4, 0.3, 0.3)",64,4,0,20,1e-05,1e-05,100,0.01,2.0,0.2,0.01,0.001,0.001,0.3,0.05,,0.0,1000,1,64,0,4.06,[0.6512],[None],2010
2091,False,False,64,"(0.4, 0.3, 0.3)",64,4,0,20,1e-05,1e-05,100,0.01,2.0,0.2,0.01,0.001,0.001,0.3,0.05,,0.0,1000,1,64,1,4.05,[0.6678],[None],2011
2092,False,False,64,"(0.4, 0.3, 0.3)",64,4,0,20,1e-05,1e-05,100,0.01,2.0,0.2,0.01,0.001,0.001,0.3,0.05,,0.0,1000,2,128,1,8.35,"[0.6208, 0.6537]","[None, None]",2012
2093,False,False,64,"(0.4, 0.3, 0.3)",64,4,0,20,1e-05,1e-05,100,0.01,2.0,0.2,0.01,0.001,0.001,0.3,0.05,,0.0,1000,2,128,1,8.36,"[0.6715, 0.5797]","[None, None]",2013
2094,False,False,64,"(0.4, 0.3, 0.3)",64,4,0,20,1e-05,1e-05,100,0.01,2.0,0.2,0.01,0.001,0.001,0.3,0.05,,0.0,1000,2,128,0,8.35,"[0.6847, 0.5291]","[None, None]",2014
2095,False,False,64,"(0.4, 0.3, 0.3)",64,4,0,20,1e-05,1e-05,100,0.01,2.0,0.2,0.01,0.001,0.001,0.3,0.05,,0.0,1000,3,192,0,12.92,"[0.5884, 0.5271, 0.5675]","[None, None, None]",2015
2096,False,False,64,"(0.4, 0.3, 0.3)",64,4,0,20,1e-05,1e-05,100,0.01,2.0,0.2,0.01,0.001,0.001,0.3,0.05,,0.0,1000,1,64,0,4.06,[0.5812],[None],2016
2097,False,False,64,"(0.4, 0.3, 0.3)",64,4,0,20,1e-05,1e-05,100,0.01,2.0,0.2,0.01,0.001,0.001,0.3,0.05,,0.0,1000,2,128,1,8.4,"[0.74, 0.6509]","[None, None]",2017
2098,False,False,64,"(0.4, 0.3, 0.3)",64,4,0,20,1e-05,1e-05,100,0.01,2.0,0.2,0.01,0.001,0.001,0.3,0.05,,0.0,1000,2,128,1,8.48,"[0.6006, 0.6186]","[None, None]",2018
2099,False,False,64,"(0.4, 0.3, 0.3)",64,4,0,20,1e-05,1e-05,100,0.01,2.0,0.2,0.01,0.001,0.001,0.3,0.05,,0.0,1000,1,64,0,4.07,[0.66],[None],2019
2100,False,False,64,"(0.4, 0.3, 0.3)",64,4,0,20,1e-05,1e-05,100,0.01,2.0,0.2,0.01,0.001,0.001,0.3,0.1,,0.0,1000,1,64,0,4.06,[0.6845],[None],2000
2101,False,False,64,"(0.4, 0.3, 0.3)",64,4,0,20,1e-05,1e-05,100,0.01,2.0,0.2,0.01,0.001,0.001,0.3,0.1,,0.0,1000,1,64,1,4.05,[0.6255],[None],2001
2102,False,False,64,"(0.4, 0.3, 0.3)",64,4,0,20,1e-05,1e-05,100,0.01,2.0,0.2,0.01,0.001,0.001,0.3,0.1,,0.0,1000,1,64,1,4.06,[0.6879],[None],2002
2103,False,False,64,"(0.4, 0.3, 0.3)",64,4,0,20,1e-05,1e-05,100,0.01,2.0,0.2,0.01,0.001,0.001,0.3,0.1,,0.0,1000,2,128,0,8.37,"[0.6412, 0.628]","[None, None]",2003
2104,False,False,64,"(0.4, 0.3, 0.3)",64,4,0,20,1e-05,1e-05,100,0.01,2.0,0.2,0.01,0.001,0.001,0.3,0.1,,0.0,1000,2,128,0,8.37,"[0.7238, 0.6048]","[None, None]",2004
2105,False,False,64,"(0.4, 0.3, 0.3)",64,4,0,20,1e-05,1e-05,100,0.01,2.0,0.2,0.01,0.001,0.001,0.3,0.1,,0.0,1000,1,64,0,4.05,[0.6328],[None],2005
2106,False,False,64,"(0.4, 0.3, 0.3)",64,4,0,20,1e-05,1e-05,100,0.01,2.0,0.2,0.01,0.001,0.001,0.3,0.1,,0.0,1000,1,64,0,4.12,[0.6815],[None],2006
2107,False,False,64,"(0.4, 0.3, 0.3)",64,4,0,20,1e-05,1e-05,100,0.01,2.0,0.2,0.01,0.001,0.001,0.3,0.1,,0.0,1000,1,64,0,4.07,[0.6849],[None],2007
2108,False,False,64,"(0.4, 0.3, 0.3)",64,4,0,20,1e-05,1e-05,100,0.01,2.0,0.2,0.01,0.001,0.001,0.3,0.1,,0.0,1000,1,64,1,4.2,[0.4942],[None],2008
2109,False,False,64,"(0.4, 0.3, 0.3)",64,4,0,20,1e-05,1e-05,100,0.01,2.0,0.2,0.01,0.001,0.001,0.3,0.1,,0.0,1000,1,64,0,4.19,[0.6651],[None],2009
2110,False,False,64,"(0.4, 0.3, 0.3)",64,4,0,20,1e-05,1e-05,100,0.01,2.0,0.2,0.01,0.001,0.001,0.3,0.1,,0.0,1000,1,64,0,4.08,[0.6607],[None],2010
2111,False,False,64,"(0.4, 0.3, 0.3)",64,4,0,20,1e-05,1e-05,100,0.01,2.0,0.2,0.01,0.001,0.001,0.3,0.1,,0.0,1000,1,64,1,4.05,[0.6677],[None],2011
2112,False,False,64,"(0.4, 0.3, 0.3)",64,4,0,20,1e-05,1e-05,100,0.01,2.0,0.2,0.01,0.001,0.001,0.3,0.1,,0.0,1000,2,128,1,8.37,"[0.5705, 0.6508]","[None, None]",2012
2113,False,False,64,"(0.4, 0.3, 0.3)",64,4,0,20,1e-05,1e-05,100,0.01,2.0,0.2,0.01,0.001,0.001,0.3,0.1,,0.0,1000,2,128,1,8.36,"[0.6743, 0.6245]","[None, None]",2013
2114,False,False,64,"(0.4, 0.3, 0.3)",64,4,0,20,1e-05,1e-05,100,0.01,2.0,0.2,0.01,0.001,0.001,0.3,0.1,,0.0,1000,1,64,0,4.05,[0.6807],[None],2014
2115,False,False,64,"(0.4, 0.3, 0.3)",64,4,0,20,1e-05,1e-05,100,0.01,2.0,0.2,0.01,0.001,0.001,0.3,0.1,,0.0,1000,3,192,1,12.87,"[0.6313, 0.5248, 0.5866]","[None, None, None]",2015
2116,False,False,64,"(0.4, 0.3, 0.3)",64,4,0,20,1e-05,1e-05,100,0.01,2.0,0.2,0.01,0.001,0.001,0.3,0.1,,0.0,1000,1,64,0,4.09,[0.5684],[None],2016
2117,False,False,64,"(0.4, 0.3, 0.3)",64,4,0,20,1e-05,1e-05,100,0.01,2.0,0.2,0.01,0.001,0.001,0.3,0.1,,0.0,1000,1,64,0,4.05,[0.7203],[None],2017
2118,False,False,64,"(0.4, 0.3, 0.3)",64,4,0,20,1e-05,1e-05,100,0.01,2.0,0.2,0.01,0.001,0.001,0.3,0.1,,0.0,1000,2,128,1,8.4,"[0.5755, 0.6211]","[None, None]",2018
2119,False,False,64,"(0.4, 0.3, 0.3)",64,4,0,20,1e-05,1e-05,100,0.01,2.0,0.2,0.01,0.001,0.001,0.3,0.1,,0.0,1000,1,64,0,4.22,[0.6681],[None],2019
2120,False,False,64,"(0.4, 0.3, 0.3)",64,4,0,20,1e-05,1e-05,100,0.01,2.0,0.2,0.01,0.01,0.001,0.3,0.05,,0.0,1000,1,64,0,4.19,[0.6715],[None],2000
2121,False,False,64,"(0.4, 0.3, 0.3)",64,4,0,20,1e-05,1e-05,100,0.01,2.0,0.2,0.01,0.01,0.001,0.3,0.05,,0.0,1000,1,64,0,4.22,[0.6376],[None],2001
2122,False,False,64,"(0.4, 0.3, 0.3)",64,4,0,20,1e-05,1e-05,100,0.01,2.0,0.2,0.01,0.01,0.001,0.3,0.05,,0.0,1000,1,64,1,4.14,[0.6571],[None],2002
2123,False,False,64,"(0.4, 0.3, 0.3)",64,4,0,20,1e-05,1e-05,100,0.01,2.0,0.2,0.01,0.01,0.001,0.3,0.05,,0.0,1000,2,128,1,8.4,"[0.6449, 0.6219]","[None, None]",2003
2124,False,False,64,"(0.4, 0.3, 0.3)",64,4,0,20,1e-05,1e-05,100,0.01,2.0,0.2,0.01,0.01,0.001,0.3,0.05,,0.0,1000,2,128,0,8.37,"[0.727, 0.6174]","[None, None]",2004
2125,False,False,64,"(0.4, 0.3, 0.3)",64,4,0,20,1e-05,1e-05,100,0.01,2.0,0.2,0.01,0.01,0.001,0.3,0.05,,0.0,1000,1,64,0,4.1,[0.6097],[None],2005
2126,False,False,64,"(0.4, 0.3, 0.3)",64,4,0,20,1e-05,1e-05,100,0.01,2.0,0.2,0.01,0.01,0.001,0.3,0.05,,0.0,1000,1,64,0,4.11,[0.6698],[None],2006
2127,False,False,64,"(0.4, 0.3, 0.3)",64,4,0,20,1e-05,1e-05,100,0.01,2.0,0.2,0.01,0.01,0.001,0.3,0.05,,0.0,1000,1,64,0,4.05,[0.6723],[None],2007
2128,False,False,64,"(0.4, 0.3, 0.3)",64,4,0,20,1e-05,1e-05,100,0.01,2.0,0.2,0.01,0.01,0.001,0.3,0.05,,0.0,1000,1,64,1,4.06,[0.5189],[None],2008
2129,False,False,64,"(0.4, 0.3, 0.3)",64,4,0,20,1e-05,1e-05,100,0.01,2.0,0.2,0.01,0.01,0.001,0.3,0.05,,0.0,1000,1,64,0,4.06,[0.6415],[None],2009
2130,False,False,64,"(0.4, 0.3, 0.3)",64,4,0,20,1e-05,1e-05,100,0.01,2.0,0.2,0.01,0.01,0.001,0.3,0.05,,0.0,1000,1,64,0,4.05,[0.6381],[None],2010
2131,False,False,64,"(0.4, 0.3, 0.3)",64,4,0,20,1e-05,1e-05,100,0.01,2.0,0.2,0.01,0.01,0.001,0.3,0.05,,0.0,1000,1,64,1,4.13,[0.657],[None],2011
2132,False,False,64,"(0.4, 0.3, 0.3)",64,4,0,20,1e-05,1e-05,100,0.01,2.0,0.2,0.01,0.01,0.001,0.3,0.05,,0.0,1000,2,128,1,8.37,"[0.6123, 0.6803]","[None, None]",2012
2133,False,False,64,"(0.4, 0.3, 0.3)",64,4,0,20,1e-05,1e-05,100,0.01,2.0,0.2,0.01,0.01,0.001,0.3,0.05,,0.0,1000,2,128,1,8.37,"[0.6636, 0.5747]","[None, None]",2013
2134,False,False,64,"(0.4, 0.3, 0.3)",64,4,0,20,1e-05,1e-05,100,0.01,2.0,0.2,0.01,0.01,0.001,0.3,0.05,,0.0,1000,2,128,0,8.37,"[0.6747, 0.5385]","[None, None]",2014
2135,False,False,64,"(0.4, 0.3, 0.3)",64,4,0,20,1e-05,1e-05,100,0.01,2.0,0.2,0.01,0.01,0.001,0.3,0.05,,0.0,1000,2,128,0,8.63,"[0.5828, 0.5341]","[None, None]",2015
2136,False,False,64,"(0.4, 0.3, 0.3)",64,4,0,20,1e-05,1e-05,100,0.01,2.0,0.2,0.01,0.01,0.001,0.3,0.05,,0.0,1000,1,64,0,4.2,[0.5616],[None],2016
2137,False,False,64,"(0.4, 0.3, 0.3)",64,4,0,20,1e-05,1e-05,100,0.01,2.0,0.2,0.01,0.01,0.001,0.3,0.05,,0.0,1000,2,128,1,8.54,"[0.7326, 0.6777]","[None, None]",2017
2138,False,False,64,"(0.4, 0.3, 0.3)",64,4,0,20,1e-05,1e-05,100,0.01,2.0,0.2,0.01,0.01,0.001,0.3,0.05,,0.0,1000,2,128,1,8.42,"[0.5903, 0.5977]","[None, None]",2018
2139,False,False,64,"(0.4, 0.3, 0.3)",64,4,0,20,1e-05,1e-05,100,0.01,2.0,0.2,0.01,0.01,0.001,0.3,0.05,,0.0,1000,1,64,0,4.06,[0.654],[None],2019
2140,False,False,64,"(0.4, 0.3, 0.3)",64,4,0,20,1e-05,1e-05,100,0.01,2.0,0.2,0.01,0.01,0.001,0.3,0.1,,0.0,1000,1,64,0,4.05,[0.6743],[None],2000
2141,False,False,64,"(0.4, 0.3, 0.3)",64,4,0,20,1e-05,1e-05,100,0.01,2.0,0.2,0.01,0.01,0.001,0.3,0.1,,0.0,1000,1,64,1,4.06,[0.6182],[None],2001
2142,False,False,64,"(0.4, 0.3, 0.3)",64,4,0,20,1e-05,1e-05,100,0.01,2.0,0.2,0.01,0.01,0.001,0.3,0.1,,0.0,1000,1,64,1,4.05,[0.6807],[None],2002
2143,False,False,64,"(0.4, 0.3, 0.3)",64,4,0,20,1e-05,1e-05,100,0.01,2.0,0.2,0.01,0.01,0.001,0.3,0.1,,0.0,1000,2,128,0,8.36,"[0.6291, 0.6049]","[None, None]",2003
2144,False,False,64,"(0.4, 0.3, 0.3)",64,4,0,20,1e-05,1e-05,100,0.01,2.0,0.2,0.01,0.01,0.001,0.3,0.1,,0.0,1000,2,128,1,8.36,"[0.7156, 0.596]","[None, None]",2004
2145,False,False,64,"(0.4, 0.3, 0.3)",64,4,0,20,1e-05,1e-05,100,0.01,2.0,0.2,0.01,0.01,0.001,0.3,0.1,,0.0,1000,1,64,0,4.05,[0.6189],[None],2005
2146,False,False,64,"(0.4, 0.3, 0.3)",64,4,0,20,1e-05,1e-05,100,0.01,2.0,0.2,0.01,0.01,0.001,0.3,0.1,,0.0,1000,1,64,0,4.17,[0.6686],[None],2006
2147,False,False,64,"(0.4, 0.3, 0.3)",64,4,0,20,1e-05,1e-05,100,0.01,2.0,0.2,0.01,0.01,0.001,0.3,0.1,,0.0,1000,1,64,0,4.14,[0.673],[None],2007
2148,False,False,64,"(0.4, 0.3, 0.3)",64,4,0,20,1e-05,1e-05,100,0.01,2.0,0.2,0.01,0.01,0.001,0.3,0.1,,0.0,1000,1,64,1,4.07,[0.4766],[None],2008
2149,False,False,64,"(0.4, 0.3, 0.3)",64,4,0,20,1e-05,1e-05,100,0.01,2.0,0.2,0.01,0.01,0.001,0.3,0.1,,0.0,1000,1,64,0,4.06,[0.6559],[None],2009
2150,False,False,64,"(0.4, 0.3, 0.3)",64,4,0,20,1e-05,1e-05,100,0.01,2.0,0.2,0.01,0.01,0.001,0.3,0.1,,0.0,1000,1,64,0,4.06,[0.6476],[None],2010
2151,False,False,64,"(0.4, 0.3, 0.3)",64,4,0,20,1e-05,1e-05,100,0.01,2.0,0.2,0.01,0.01,0.001,0.3,0.1,,0.0,1000,1,64,1,4.1,[0.6544],[None],2011
2152,False,False,64,"(0.4, 0.3, 0.3)",64,4,0,20,1e-05,1e-05,100,0.01,2.0,0.2,0.01,0.01,0.001,0.3,0.1,,0.0,1000,2,128,1,8.53,"[0.5608, 0.6452]","[None, None]",2012
2153,False,False,64,"(0.4, 0.3, 0.3)",64,4,0,20,1e-05,1e-05,100,0.01,2.0,0.2,0.01,0.01,0.001,0.3,0.1,,0.0,1000,2,128,1,8.36,"[0.6631, 0.587]","[None, None]",2013
2154,False,False,64,"(0.4, 0.3, 0.3)",64,4,0,20,1e-05,1e-05,100,0.01,2.0,0.2,0.01,0.01,0.001,0.3,0.1,,0.0,1000,1,64,0,4.12,[0.6707],[None],2014
2155,False,False,64,"(0.4, 0.3, 0.3)",64,4,0,20,1e-05,1e-05,100,0.01,2.0,0.2,0.01,0.01,0.001,0.3,0.1,,0.0,1000,2,128,0,8.43,"[0.6212, 0.5291]","[None, None]",2015
2156,False,False,64,"(0.4, 0.3, 0.3)",64,4,0,20,1e-05,1e-05,100,0.01,2.0,0.2,0.01,0.01,0.001,0.3,0.1,,0.0,1000,1,64,0,4.07,[0.5446],[None],2016
2157,False,False,64,"(0.4, 0.3, 0.3)",64,4,0,20,1e-05,1e-05,100,0.01,2.0,0.2,0.01,0.01,0.001,0.3,0.1,,0.0,1000,1,64,0,4.06,[0.7115],[None],2017
2158,False,False,64,"(0.4, 0.3, 0.3)",64,4,0,20,1e-05,1e-05,100,0.01,2.0,0.2,0.01,0.01,0.001,0.3,0.1,,0.0,1000,2,128,1,8.4,"[0.558, 0.5828]","[None, None]",2018
2159,False,False,64,"(0.4, 0.3, 0.3)",64,4,0,20,1e-05,1e-05,100,0.01,2.0,0.2,0.01,0.01,0.001,0.3,0.1,,0.0,1000,1,64,0,4.09,[0.6562],[None],2019
2160,False,False,64,"(0.4, 0.3, 0.3)",64,4,0,20,1e-05,1e-05,100,0.01,2.0,0.3,0.01,0.001,0.001,0.3,0.05,,0.0,1000,1,64,0,4.06,[0.6505],[None],2000
2161,False,False,64,"(0.4, 0.3, 0.3)",64,4,0,20,1e-05,1e-05,100,0.01,2.0,0.3,0.01,0.001,0.001,0.3,0.05,,0.0,1000,1,64,0,4.06,[0.6274],[None],2001
2162,False,False,64,"(0.4, 0.3, 0.3)",64,4,0,20,1e-05,1e-05,100,0.01,2.0,0.3,0.01,0.001,0.001,0.3,0.05,,0.0,1000,1,64,1,4.06,[0.6297],[None],2002
2163,False,False,64,"(0.4, 0.3, 0.3)",64,4,0,20,1e-05,1e-05,100,0.01,2.0,0.3,0.01,0.001,0.001,0.3,0.05,,0.0,1000,2,128,1,8.55,"[0.6354, 0.6038]","[None, None]",2003
2164,False,False,64,"(0.4, 0.3, 0.3)",64,4,0,20,1e-05,1e-05,100,0.01,2.0,0.3,0.01,0.001,0.001,0.3,0.05,,0.0,1000,2,128,1,8.43,"[0.7109, 0.6079]","[None, None]",2004
2165,False,False,64,"(0.4, 0.3, 0.3)",64,4,0,20,1e-05,1e-05,100,0.01,2.0,0.3,0.01,0.001,0.001,0.3,0.05,,0.0,1000,1,64,0,4.09,[0.5783],[None],2005
2166,False,False,64,"(0.4, 0.3, 0.3)",64,4,0,20,1e-05,1e-05,100,0.01,2.0,0.3,0.01,0.001,0.001,0.3,0.05,,0.0,1000,1,64,0,4.12,[0.6467],[None],2006
2167,False,False,64,"(0.4, 0.3, 0.3)",64,4,0,20,1e-05,1e-05,100,0.01,2.0,0.3,0.01,0.001,0.001,0.3,0.05,,0.0,1000,1,64,0,4.06,[0.6581],[None],2007
2168,False,False,64,"(0.4, 0.3, 0.3)",64,4,0,20,1e-05,1e-05,100,0.01,2.0,0.3,0.01,0.001,0.001,0.3,0.05,,0.0,1000,1,64,1,4.06,[0.5081],[None],2008
2169,False,False,64,"(0.4, 0.3, 0.3)",64,4,0,20,1e-05,1e-05,100,0.01,2.0,0.3,0.01,0.001,0.001,0.3,0.05,,0.0,1000,1,64,0,4.06,[0.6101],[None],2009
2170,False,False,64,"(0.4, 0.3, 0.3)",64,4,0,20,1e-05,1e-05,100,0.01,2.0,0.3,0.01,0.001,0.001,0.3,0.05,,0.0,1000,1,64,0,4.06,[0.5884],[None],2010
2171,False,False,64,"(0.4, 0.3, 0.3)",64,4,0,20,1e-05,1e-05,100,0.01,2.0,0.3,0.01,0.001,0.001,0.3,0.05,,0.0,1000,1,64,1,4.06,[0.6368],[None],2011
2172,False,False,64,"(0.4, 0.3, 0.3)",64,4,0,20,1e-05,1e-05,100,0.01,2.0,0.3,0.01,0.001,0.001,0.3,0.05,,0.0,1000,2,128,1,8.6,"[0.6035, 0.6581]","[None, None]",2012
2173,False,False,64,"(0.4, 0.3, 0.3)",64,4,0,20,1e-05,1e-05,100,0.01,2.0,0.3,0.01,0.001,0.001,0.3,0.05,,0.0,1000,2,128,0,8.57,"[0.6389, 0.5162]","[None, None]",2013
2174,False,False,64,"(0.4, 0.3, 0.3)",64,4,0,20,1e-05,1e-05,100,0.01,2.0,0.3,0.01,0.001,0.001,0.3,0.05,,0.0,1000,2,128,0,8.39,"[0.655, 0.5034]","[None, None]",2014
2175,False,False,64,"(0.4, 0.3, 0.3)",64,4,0,20,1e-05,1e-05,100,0.01,2.0,0.3,0.01,0.001,0.001,0.3,0.05,,0.0,1000,2,128,0,8.45,"[0.535, 0.5201]","[None, None]",2015
2176,False,False,64,"(0.4, 0.3, 0.3)",64,4,0,20,1e-05,1e-05,100,0.01,2.0,0.3,0.01,0.001,0.001,0.3,0.05,,0.0,1000,1,64,0,4.15,[0.543],[None],2016
2177,False,False,64,"(0.4, 0.3, 0.3)",64,4,0,20,1e-05,1e-05,100,0.01,2.0,0.3,0.01,0.001,0.001,0.3,0.05,,0.0,1000,1,64,0,4.04,[0.7236],[None],2017
2178,False,False,64,"(0.4, 0.3, 0.3)",64,4,0,20,1e-05,1e-05,100,0.01,2.0,0.3,0.01,0.001,0.001,0.3,0.05,,0.0,1000,2,128,1,8.42,"[0.5764, 0.5644]","[None, None]",2018
2179,False,False,64,"(0.4, 0.3, 0.3)",64,4,0,20,1e-05,1e-05,100,0.01,2.0,0.3,0.01,0.001,0.001,0.3,0.05,,0.0,1000,1,64,0,4.08,[0.6422],[None],2019
2180,False,False,64,"(0.4, 0.3, 0.3)",64,4,0,20,1e-05,1e-05,100,0.01,2.0,0.3,0.01,0.001,0.001,0.3,0.1,,0.0,1000,1,64,0,4.1,[0.6408],[None],2000
2181,False,False,64,"(0.4, 0.3, 0.3)",64,4,0,20,1e-05,1e-05,100,0.01,2.0,0.3,0.01,0.001,0.001,0.3,0.1,,0.0,1000,1,64,0,4.2,[0.5971],[None],2001
2182,False,False,64,"(0.4, 0.3, 0.3)",64,4,0,20,1e-05,1e-05,100,0.01,2.0,0.3,0.01,0.001,0.001,0.3,0.1,,0.0,1000,1,64,1,4.07,[0.6607],[None],2002
2183,False,False,64,"(0.4, 0.3, 0.3)",64,4,0,20,1e-05,1e-05,100,0.01,2.0,0.3,0.01,0.001,0.001,0.3,0.1,,0.0,1000,2,128,1,8.53,"[0.605, 0.5854]","[None, None]",2003
2184,False,False,64,"(0.4, 0.3, 0.3)",64,4,0,20,1e-05,1e-05,100,0.01,2.0,0.3,0.01,0.001,0.001,0.3,0.1,,0.0,1000,1,64,0,4.09,[0.6944],[None],2004
2185,False,False,64,"(0.4, 0.3, 0.3)",64,4,0,20,1e-05,1e-05,100,0.01,2.0,0.3,0.01,0.001,0.001,0.3,0.1,,0.0,1000,1,64,0,4.04,[0.5781],[None],2005
2186,False,False,64,"(0.4, 0.3, 0.3)",64,4,0,20,1e-05,1e-05,100,0.01,2.0,0.3,0.01,0.001,0.001,0.3,0.1,,0.0,1000,1,64,0,4.05,[0.638],[None],2006
2187,False,False,64,"(0.4, 0.3, 0.3)",64,4,0,20,1e-05,1e-05,100,0.01,2.0,0.3,0.01,0.001,0.001,0.3,0.1,,0.0,1000,1,64,0,4.04,[0.6513],[None],2007
2188,False,False,64,"(0.4, 0.3, 0.3)",64,4,0,20,1e-05,1e-05,100,0.01,2.0,0.3,0.01,0.001,0.001,0.3,0.1,,0.0,1000,1,64,1,4.06,[0.4147],[None],2008
2189,False,False,64,"(0.4, 0.3, 0.3)",64,4,0,20,1e-05,1e-05,100,0.01,2.0,0.3,0.01,0.001,0.001,0.3,0.1,,0.0,1000,1,64,0,4.04,[0.6202],[None],2009
2190,False,False,64,"(0.4, 0.3, 0.3)",64,4,0,20,1e-05,1e-05,100,0.01,2.0,0.3,0.01,0.001,0.001,0.3,0.1,,0.0,1000,1,64,0,4.05,[0.5765],[None],2010
2191,False,False,64,"(0.4, 0.3, 0.3)",64,4,0,20,1e-05,1e-05,100,0.01,2.0,0.3,0.01,0.001,0.001,0.3,0.1,,0.0,1000,1,64,1,4.05,[0.6301],[None],2011
2192,False,False,64,"(0.4, 0.3, 0.3)",64,4,0,20,1e-05,1e-05,100,0.01,2.0,0.3,0.01,0.001,0.001,0.3,0.1,,0.0,1000,2,128,1,8.34,"[0.5258, 0.6442]","[None, None]",2012
2193,False,False,64,"(0.4, 0.3, 0.3)",64,4,0,20,1e-05,1e-05,100,0.01,2.0,0.3,0.01,0.001,0.001,0.3,0.1,,0.0,1000,2,128,1,8.34,"[0.6329, 0.5524]","[None, None]",2013
2194,False,False,64,"(0.4, 0.3, 0.3)",64,4,0,20,1e-05,1e-05,100,0.01,2.0,0.3,0.01,0.001,0.001,0.3,0.1,,0.0,1000,1,64,0,4.05,[0.6456],[None],2014
2195,False,False,64,"(0.4, 0.3, 0.3)",64,4,0,20,1e-05,1e-05,100,0.01,2.0,0.3,0.01,0.001,0.001,0.3,0.1,,0.0,1000,3,192,1,13.01,"[0.5788, 0.5144, 0.5114]","[None, None, None]",2015
2196,False,False,64,"(0.4, 0.3, 0.3)",64,4,0,20,1e-05,1e-05,100,0.01,2.0,0.3,0.01,0.001,0.001,0.3,0.1,,0.0,1000,1,64,0,4.15,[0.5095],[None],2016
2197,False,False,64,"(0.4, 0.3, 0.3)",64,4,0,20,1e-05,1e-05,100,0.01,2.0,0.3,0.01,0.001,0.001,0.3,0.1,,0.0,1000,1,64,0,4.06,[0.6893],[None],2017
2198,False,False,64,"(0.4, 0.3, 0.3)",64,4,0,20,1e-05,1e-05,100,0.01,2.0,0.3,0.01,0.001,0.001,0.3,0.1,,0.0,1000,2,128,1,8.37,"[0.5136, 0.5766]","[None, None]",2018
2199,False,False,64,"(0.4, 0.3, 0.3)",64,4,0,20,1e-05,1e-05,100,0.01,2.0,0.3,0.01,0.001,0.001,0.3,0.1,,0.0,1000,1,64,0,4.1,[0.636],[None],2019
2200,False,False,64,"(0.4, 0.3, 0.3)",64,4,0,20,1e-05,1e-05,100,0.01,2.0,0.3,0.01,0.01,0.001,0.3,0.05,,0.0,1000,1,64,0,4.2,[0.6386],[None],2000
2201,False,False,64,"(0.4, 0.3, 0.3)",64,4,0,20,1e-05,1e-05,100,0.01,2.0,0.3,0.01,0.01,0.001,0.3,0.05,,0.0,1000,1,64,0,4.21,[0.6208],[None],2001
2202,False,False,64,"(0.4, 0.3, 0.3)",64,4,0,20,1e-05,1e-05,100,0.01,2.0,0.3,0.01,0.01,0.001,0.3,0.05,,0.0,1000,1,64,1,4.22,[0.6206],[None],2002
2203,False,False,64,"(0.4, 0.3, 0.3)",64,4,0,20,1e-05,1e-05,100,0.01,2.0,0.3,0.01,0.01,0.001,0.3,0.05,,0.0,1000,2,128,1,8.71,"[0.6255, 0.5897]","[None, None]",2003
2204,False,False,64,"(0.4, 0.3, 0.3)",64,4,0,20,1e-05,1e-05,100,0.01,2.0,0.3,0.01,0.01,0.001,0.3,0.05,,0.0,1000,2,128,1,8.41,"[0.7026, 0.5606]","[None, None]",2004
2205,False,False,64,"(0.4, 0.3, 0.3)",64,4,0,20,1e-05,1e-05,100,0.01,2.0,0.3,0.01,0.01,0.001,0.3,0.05,,0.0,1000,1,64,0,4.07,[0.5638],[None],2005
2206,False,False,64,"(0.4, 0.3, 0.3)",64,4,0,20,1e-05,1e-05,100,0.01,2.0,0.3,0.01,0.01,0.001,0.3,0.05,,0.0,1000,1,64,0,4.06,[0.6346],[None],2006
2207,False,False,64,"(0.4, 0.3, 0.3)",64,4,0,20,1e-05,1e-05,100,0.01,2.0,0.3,0.01,0.01,0.001,0.3,0.05,,0.0,1000,1,64,0,4.16,[0.651],[None],2007
2208,False,False,64,"(0.4, 0.3, 0.3)",64,4,0,20,1e-05,1e-05,100,0.01,2.0,0.3,0.01,0.01,0.001,0.3,0.05,,0.0,1000,1,64,1,4.06,[0.4952],[None],2008
2209,False,False,64,"(0.4, 0.3, 0.3)",64,4,0,20,1e-05,1e-05,100,0.01,2.0,0.3,0.01,0.01,0.001,0.3,0.05,,0.0,1000,1,64,0,4.09,[0.5975],[None],2009
2210,False,False,64,"(0.4, 0.3, 0.3)",64,4,0,20,1e-05,1e-05,100,0.01,2.0,0.3,0.01,0.01,0.001,0.3,0.05,,0.0,1000,1,64,0,4.06,[0.5715],[None],2010
2211,False,False,64,"(0.4, 0.3, 0.3)",64,4,0,20,1e-05,1e-05,100,0.01,2.0,0.3,0.01,0.01,0.001,0.3,0.05,,0.0,1000,1,64,1,4.08,[0.626],[None],2011
2212,False,False,64,"(0.4, 0.3, 0.3)",64,4,0,20,1e-05,1e-05,100,0.01,2.0,0.3,0.01,0.01,0.001,0.3,0.05,,0.0,1000,2,128,1,8.66,"[0.5969, 0.6108]","[None, None]",2012
2213,False,False,64,"(0.4, 0.3, 0.3)",64,4,0,20,1e-05,1e-05,100,0.01,2.0,0.3,0.01,0.01,0.001,0.3,0.05,,0.0,1000,2,128,1,8.67,"[0.6277, 0.5194]","[None, None]",2013
2214,False,False,64,"(0.4, 0.3, 0.3)",64,4,0,20,1e-05,1e-05,100,0.01,2.0,0.3,0.01,0.01,0.001,0.3,0.05,,0.0,1000,2,128,0,8.68,"[0.6465, 0.496]","[None, None]",2014
2215,False,False,64,"(0.4, 0.3, 0.3)",64,4,0,20,1e-05,1e-05,100,0.01,2.0,0.3,0.01,0.01,0.001,0.3,0.05,,0.0,1000,2,128,0,8.41,"[0.5264, 0.5295]","[None, None]",2015
2216,False,False,64,"(0.4, 0.3, 0.3)",64,4,0,20,1e-05,1e-05,100,0.01,2.0,0.3,0.01,0.01,0.001,0.3,0.05,,0.0,1000,1,64,0,4.04,[0.5267],[None],2016
2217,False,False,64,"(0.4, 0.3, 0.3)",64,4,0,20,1e-05,1e-05,100,0.01,2.0,0.3,0.01,0.01,0.001,0.3,0.05,,0.0,1000,2,128,1,8.43,"[0.7154, 0.6432]","[None, None]",2017
2218,False,False,64,"(0.4, 0.3, 0.3)",64,4,0,20,1e-05,1e-05,100,0.01,2.0,0.3,0.01,0.01,0.001,0.3,0.05,,0.0,1000,2,128,1,8.41,"[0.5646, 0.5221]","[None, None]",2018
2219,False,False,64,"(0.4, 0.3, 0.3)",64,4,0,20,1e-05,1e-05,100,0.01,2.0,0.3,0.01,0.01,0.001,0.3,0.05,,0.0,1000,1,64,0,4.05,[0.6327],[None],2019
2220,False,False,64,"(0.4, 0.3, 0.3)",64,4,0,20,1e-05,1e-05,100,0.01,2.0,0.3,0.01,0.01,0.001,0.3,0.1,,0.0,1000,1,64,0,4.04,[0.6274],[None],2000
2221,False,False,64,"(0.4, 0.3, 0.3)",64,4,0,20,1e-05,1e-05,100,0.01,2.0,0.3,0.01,0.01,0.001,0.3,0.1,,0.0,1000,1,64,1,4.04,[0.5865],[None],2001
2222,False,False,64,"(0.4, 0.3, 0.3)",64,4,0,20,1e-05,1e-05,100,0.01,2.0,0.3,0.01,0.01,0.001,0.3,0.1,,0.0,1000,1,64,1,4.05,[0.6496],[None],2002
2223,False,False,64,"(0.4, 0.3, 0.3)",64,4,0,20,1e-05,1e-05,100,0.01,2.0,0.3,0.01,0.01,0.001,0.3,0.1,,0.0,1000,2,128,1,8.35,"[0.5905, 0.5946]","[None, None]",2003
2224,False,False,64,"(0.4, 0.3, 0.3)",64,4,0,20,1e-05,1e-05,100,0.01,2.0,0.3,0.01,0.01,0.001,0.3,0.1,,0.0,1000,1,64,0,4.05,[0.6832],[None],2004
2225,False,False,64,"(0.4, 0.3, 0.3)",64,4,0,20,1e-05,1e-05,100,0.01,2.0,0.3,0.01,0.01,0.001,0.3,0.1,,0.0,1000,1,64,0,4.04,[0.5601],[None],2005
2226,False,False,64,"(0.4, 0.3, 0.3)",64,4,0,20,1e-05,1e-05,100,0.01,2.0,0.3,0.01,0.01,0.001,0.3,0.1,,0.0,1000,1,64,0,4.04,[0.6211],[None],2006
2227,False,False,64,"(0.4, 0.3, 0.3)",64,4,0,20,1e-05,1e-05,100,0.01,2.0,0.3,0.01,0.01,0.001,0.3,0.1,,0.0,1000,1,64,0,4.04,[0.6396],[None],2007
2228,False,False,64,"(0.4, 0.3, 0.3)",64,4,0,20,1e-05,1e-05,100,0.01,2.0,0.3,0.01,0.01,0.001,0.3,0.1,,0.0,1000,1,64,1,4.12,[0.3899],[None],2008
2229,False,False,64,"(0.4, 0.3, 0.3)",64,4,0,20,1e-05,1e-05,100,0.01,2.0,0.3,0.01,0.01,0.001,0.3,0.1,,0.0,1000,1,64,0,4.14,[0.6056],[None],2009
2230,False,False,64,"(0.4, 0.3, 0.3)",64,4,0,20,1e-05,1e-05,100,0.01,2.0,0.3,0.01,0.01,0.001,0.3,0.1,,0.0,1000,1,64,0,4.05,[0.5594],[None],2010
2231,False,False,64,"(0.4, 0.3, 0.3)",64,4,0,20,1e-05,1e-05,100,0.01,2.0,0.3,0.01,0.01,0.001,0.3,0.1,,0.0,1000,1,64,1,4.09,[0.6157],[None],2011
2232,False,False,64,"(0.4, 0.3, 0.3)",64,4,0,20,1e-05,1e-05,100,0.01,2.0,0.3,0.01,0.01,0.001,0.3,0.1,,0.0,1000,2,128,1,8.6,"[0.516, 0.5759]","[None, None]",2012
2233,False,False,64,"(0.4, 0.3, 0.3)",64,4,0,20,1e-05,1e-05,100,0.01,2.0,0.3,0.01,0.01,0.001,0.3,0.1,,0.0,1000,2,128,1,8.37,"[0.6184, 0.5399]","[None, None]",2013
2234,False,False,64,"(0.4, 0.3, 0.3)",64,4,0,20,1e-05,1e-05,100,0.01,2.0,0.3,0.01,0.01,0.001,0.3,0.1,,0.0,1000,1,64,0,4.06,[0.6336],[None],2014
2235,False,False,64,"(0.4, 0.3, 0.3)",64,4,0,20,1e-05,1e-05,100,0.01,2.0,0.3,0.01,0.01,0.001,0.3,0.1,,0.0,1000,3,192,1,12.89,"[0.5658, 0.4901, 0.5062]","[None, None, None]",2015
2236,False,False,64,"(0.4, 0.3, 0.3)",64,4,0,20,1e-05,1e-05,100,0.01,2.0,0.3,0.01,0.01,0.001,0.3,0.1,,0.0,1000,1,64,0,4.16,[0.4842],[None],2016
2237,False,False,64,"(0.4, 0.3, 0.3)",64,4,0,20,1e-05,1e-05,100,0.01,2.0,0.3,0.01,0.01,0.001,0.3,0.1,,0.0,1000,1,64,0,4.2,[0.6767],[None],2017
2238,False,False,64,"(0.4, 0.3, 0.3)",64,4,0,20,1e-05,1e-05,100,0.01,2.0,0.3,0.01,0.01,0.001,0.3,0.1,,0.0,1000,2,128,1,8.7,"[0.4928, 0.5458]","[None, None]",2018
2239,False,False,64,"(0.4, 0.3, 0.3)",64,4,0,20,1e-05,1e-05,100,0.01,2.0,0.3,0.01,0.01,0.001,0.3,0.1,,0.0,1000,1,64,0,4.09,[0.6227],[None],2019
2240,False,False,64,"(0.4, 0.3, 0.3)",64,4,0,20,1e-05,1e-05,100,0.01,3.0,0.01,0.01,0.001,0.001,0.3,0.05,,0.0,1000,1,64,0,4.05,[0.6804],[None],2000
2241,False,False,64,"(0.4, 0.3, 0.3)",64,4,0,20,1e-05,1e-05,100,0.01,3.0,0.01,0.01,0.001,0.001,0.3,0.05,,0.0,1000,1,64,0,4.05,[0.665],[None],2001
2242,False,False,64,"(0.4, 0.3, 0.3)",64,4,0,20,1e-05,1e-05,100,0.01,3.0,0.01,0.01,0.001,0.001,0.3,0.05,,0.0,1000,1,64,1,4.05,[0.6186],[None],2002
2243,False,False,64,"(0.4, 0.3, 0.3)",64,4,0,20,1e-05,1e-05,100,0.01,3.0,0.01,0.01,0.001,0.001,0.3,0.05,,0.0,1000,2,128,1,8.35,"[0.6322, 0.5879]","[None, None]",2003
2244,False,False,64,"(0.4, 0.3, 0.3)",64,4,0,20,1e-05,1e-05,100,0.01,3.0,0.01,0.01,0.001,0.001,0.3,0.05,,0.0,1000,2,128,1,8.37,"[0.7185, 0.5057]","[None, None]",2004
2245,False,False,64,"(0.4, 0.3, 0.3)",64,4,0,20,1e-05,1e-05,100,0.01,3.0,0.01,0.01,0.001,0.001,0.3,0.05,,0.0,1000,1,64,0,4.05,[0.5901],[None],2005
2246,False,False,64,"(0.4, 0.3, 0.3)",64,4,0,20,1e-05,1e-05,100,0.01,3.0,0.01,0.01,0.001,0.001,0.3,0.05,,0.0,1000,1,64,0,4.05,[0.6586],[None],2006
2247,False,False,64,"(0.4, 0.3, 0.3)",64,4,0,20,1e-05,1e-05,100,0.01,3.0,0.01,0.01,0.001,0.001,0.3,0.05,,0.0,1000,2,128,1,8.38,"[0.6715, 0.5337]","[None, None]",2007
2248,False,False,64,"(0.4, 0.3, 0.3)",64,4,0,20,1e-05,1e-05,100,0.01,3.0,0.01,0.01,0.001,0.001,0.3,0.05,,0.0,1000,1,64,1,4.04,[0.543],[None],2008
2249,False,False,64,"(0.4, 0.3, 0.3)",64,4,0,20,1e-05,1e-05,100,0.01,3.0,0.01,0.01,0.001,0.001,0.3,0.05,,0.0,1000,1,64,0,4.04,[0.622],[None],2009
2250,False,False,64,"(0.4, 0.3, 0.3)",64,4,0,20,1e-05,1e-05,100,0.01,3.0,0.01,0.01,0.001,0.001,0.3,0.05,,0.0,1000,1,64,0,4.04,[0.6295],[None],2010
2251,False,False,64,"(0.4, 0.3, 0.3)",64,4,0,20,1e-05,1e-05,100,0.01,3.0,0.01,0.01,0.001,0.001,0.3,0.05,,0.0,1000,1,64,1,4.04,[0.6478],[None],2011
2252,False,False,64,"(0.4, 0.3, 0.3)",64,4,0,20,1e-05,1e-05,100,0.01,3.0,0.01,0.01,0.001,0.001,0.3,0.05,,0.0,1000,2,128,0,8.43,"[0.6638, 0.581]","[None, None]",2012
2253,False,False,64,"(0.4, 0.3, 0.3)",64,4,0,20,1e-05,1e-05,100,0.01,3.0,0.01,0.01,0.001,0.001,0.3,0.05,,0.0,1000,2,128,1,8.34,"[0.6314, 0.4944]","[None, None]",2013
2254,False,False,64,"(0.4, 0.3, 0.3)",64,4,0,20,1e-05,1e-05,100,0.01,3.0,0.01,0.01,0.001,0.001,0.3,0.05,,0.0,1000,1,64,0,4.05,[0.6933],[None],2014
2255,False,False,64,"(0.4, 0.3, 0.3)",64,4,0,20,1e-05,1e-05,100,0.01,3.0,0.01,0.01,0.001,0.001,0.3,0.05,,0.0,1000,2,128,0,8.35,"[0.5483, 0.4299]","[None, None]",2015
2256,False,False,64,"(0.4, 0.3, 0.3)",64,4,0,20,1e-05,1e-05,100,0.01,3.0,0.01,0.01,0.001,0.001,0.3,0.05,,0.0,1000,1,64,0,4.04,[0.5868],[None],2016
2257,False,False,64,"(0.4, 0.3, 0.3)",64,4,0,20,1e-05,1e-05,100,0.01,3.0,0.01,0.01,0.001,0.001,0.3,0.05,,0.0,1000,2,128,1,8.35,"[0.7419, 0.6537]","[None, None]",2017
2258,False,False,64,"(0.4, 0.3, 0.3)",64,4,0,20,1e-05,1e-05,100,0.01,3.0,0.01,0.01,0.001,0.001,0.3,0.05,,0.0,1000,2,128,1,8.34,"[0.6272, 0.5486]","[None, None]",2018
2259,False,False,64,"(0.4, 0.3, 0.3)",64,4,0,20,1e-05,1e-05,100,0.01,3.0,0.01,0.01,0.001,0.001,0.3,0.05,,0.0,1000,1,64,0,4.06,[0.6082],[None],2019
2260,False,False,64,"(0.4, 0.3, 0.3)",64,4,0,20,1e-05,1e-05,100,0.01,3.0,0.01,0.01,0.001,0.001,0.3,0.1,,0.0,1000,1,64,0,4.05,[0.6804],[None],2000
2261,False,False,64,"(0.4, 0.3, 0.3)",64,4,0,20,1e-05,1e-05,100,0.01,3.0,0.01,0.01,0.001,0.001,0.3,0.1,,0.0,1000,1,64,0,4.05,[0.6652],[None],2001
2262,False,False,64,"(0.4, 0.3, 0.3)",64,4,0,20,1e-05,1e-05,100,0.01,3.0,0.01,0.01,0.001,0.001,0.3,0.1,,0.0,1000,1,64,1,4.05,[0.6173],[None],2002
2263,False,False,64,"(0.4, 0.3, 0.3)",64,4,0,20,1e-05,1e-05,100,0.01,3.0,0.01,0.01,0.001,0.001,0.3,0.1,,0.0,1000,2,128,1,8.36,"[0.6346, 0.5877]","[None, None]",2003
2264,False,False,64,"(0.4, 0.3, 0.3)",64,4,0,20,1e-05,1e-05,100,0.01,3.0,0.01,0.01,0.001,0.001,0.3,0.1,,0.0,1000,1,64,0,4.1,[0.7175],[None],2004
2265,False,False,64,"(0.4, 0.3, 0.3)",64,4,0,20,1e-05,1e-05,100,0.01,3.0,0.01,0.01,0.001,0.001,0.3,0.1,,0.0,1000,1,64,0,4.12,[0.5884],[None],2005
2266,False,False,64,"(0.4, 0.3, 0.3)",64,4,0,20,1e-05,1e-05,100,0.01,3.0,0.01,0.01,0.001,0.001,0.3,0.1,,0.0,1000,1,64,0,4.09,[0.6582],[None],2006
2267,False,False,64,"(0.4, 0.3, 0.3)",64,4,0,20,1e-05,1e-05,100,0.01,3.0,0.01,0.01,0.001,0.001,0.3,0.1,,0.0,1000,2,128,1,8.51,"[0.6717, 0.5272]","[None, None]",2007
2268,False,False,64,"(0.4, 0.3, 0.3)",64,4,0,20,1e-05,1e-05,100,0.01,3.0,0.01,0.01,0.001,0.001,0.3,0.1,,0.0,1000,1,64,1,4.15,[0.5425],[None],2008
2269,False,False,64,"(0.4, 0.3, 0.3)",64,4,0,20,1e-05,1e-05,100,0.01,3.0,0.01,0.01,0.001,0.001,0.3,0.1,,0.0,1000,1,64,0,4.06,[0.6177],[None],2009
2270,False,False,64,"(0.4, 0.3, 0.3)",64,4,0,20,1e-05,1e-05,100,0.01,3.0,0.01,0.01,0.001,0.001,0.3,0.1,,0.0,1000,1,64,0,4.05,[0.6312],[None],2010
2271,False,False,64,"(0.4, 0.3, 0.3)",64,4,0,20,1e-05,1e-05,100,0.01,3.0,0.01,0.01,0.001,0.001,0.3,0.1,,0.0,1000,1,64,1,4.04,[0.6457],[None],2011
2272,False,False,64,"(0.4, 0.3, 0.3)",64,4,0,20,1e-05,1e-05,100,0.01,3.0,0.01,0.01,0.001,0.001,0.3,0.1,,0.0,1000,2,128,1,8.35,"[0.6648, 0.5912]","[None, None]",2012
2273,False,False,64,"(0.4, 0.3, 0.3)",64,4,0,20,1e-05,1e-05,100,0.01,3.0,0.01,0.01,0.001,0.001,0.3,0.1,,0.0,1000,2,128,1,8.34,"[0.63, 0.4977]","[None, None]",2013
2274,False,False,64,"(0.4, 0.3, 0.3)",64,4,0,20,1e-05,1e-05,100,0.01,3.0,0.01,0.01,0.001,0.001,0.3,0.1,,0.0,1000,1,64,0,4.13,[0.6934],[None],2014
2275,False,False,64,"(0.4, 0.3, 0.3)",64,4,0,20,1e-05,1e-05,100,0.01,3.0,0.01,0.01,0.001,0.001,0.3,0.1,,0.0,1000,2,128,0,8.35,"[0.5452, 0.4367]","[None, None]",2015
2276,False,False,64,"(0.4, 0.3, 0.3)",64,4,0,20,1e-05,1e-05,100,0.01,3.0,0.01,0.01,0.001,0.001,0.3,0.1,,0.0,1000,1,64,0,4.11,[0.5893],[None],2016
2277,False,False,64,"(0.4, 0.3, 0.3)",64,4,0,20,1e-05,1e-05,100,0.01,3.0,0.01,0.01,0.001,0.001,0.3,0.1,,0.0,1000,2,128,1,8.42,"[0.742, 0.6462]","[None, None]",2017
2278,False,False,64,"(0.4, 0.3, 0.3)",64,4,0,20,1e-05,1e-05,100,0.01,3.0,0.01,0.01,0.001,0.001,0.3,0.1,,0.0,1000,2,128,1,8.44,"[0.6287, 0.548]","[None, None]",2018
2279,False,False,64,"(0.4, 0.3, 0.3)",64,4,0,20,1e-05,1e-05,100,0.01,3.0,0.01,0.01,0.001,0.001,0.3,0.1,,0.0,1000,1,64,0,4.05,[0.6073],[None],2019
2280,False,False,64,"(0.4, 0.3, 0.3)",64,4,0,20,1e-05,1e-05,100,0.01,3.0,0.01,0.01,0.01,0.001,0.3,0.05,,0.0,1000,1,64,0,4.07,[0.6757],[None],2000
2281,False,False,64,"(0.4, 0.3, 0.3)",64,4,0,20,1e-05,1e-05,100,0.01,3.0,0.01,0.01,0.01,0.001,0.3,0.05,,0.0,1000,1,64,0,4.06,[0.6638],[None],2001
2282,False,False,64,"(0.4, 0.3, 0.3)",64,4,0,20,1e-05,1e-05,100,0.01,3.0,0.01,0.01,0.01,0.001,0.3,0.05,,0.0,1000,1,64,1,4.14,[0.6115],[None],2002
2283,False,False,64,"(0.4, 0.3, 0.3)",64,4,0,20,1e-05,1e-05,100,0.01,3.0,0.01,0.01,0.01,0.001,0.3,0.05,,0.0,1000,2,128,1,8.41,"[0.6264, 0.5794]","[None, None]",2003
2284,False,False,64,"(0.4, 0.3, 0.3)",64,4,0,20,1e-05,1e-05,100,0.01,3.0,0.01,0.01,0.01,0.001,0.3,0.05,,0.0,1000,2,128,1,8.42,"[0.7125, 0.4778]","[None, None]",2004
2285,False,False,64,"(0.4, 0.3, 0.3)",64,4,0,20,1e-05,1e-05,100,0.01,3.0,0.01,0.01,0.01,0.001,0.3,0.05,,0.0,1000,1,64,0,4.2,[0.5844],[None],2005
2286,False,False,64,"(0.4, 0.3, 0.3)",64,4,0,20,1e-05,1e-05,100,0.01,3.0,0.01,0.01,0.01,0.001,0.3,0.05,,0.0,1000,1,64,0,4.12,[0.6493],[None],2006
2287,False,False,64,"(0.4, 0.3, 0.3)",64,4,0,20,1e-05,1e-05,100,0.01,3.0,0.01,0.01,0.01,0.001,0.3,0.05,,0.0,1000,1,64,0,4.09,[0.6649],[None],2007
2288,False,False,64,"(0.4, 0.3, 0.3)",64,4,0,20,1e-05,1e-05,100,0.01,3.0,0.01,0.01,0.01,0.001,0.3,0.05,,0.0,1000,1,64,1,4.06,[0.5346],[None],2008
2289,False,False,64,"(0.4, 0.3, 0.3)",64,4,0,20,1e-05,1e-05,100,0.01,3.0,0.01,0.01,0.01,0.001,0.3,0.05,,0.0,1000,1,64,0,4.06,[0.6124],[None],2009
2290,False,False,64,"(0.4, 0.3, 0.3)",64,4,0,20,1e-05,1e-05,100,0.01,3.0,0.01,0.01,0.01,0.001,0.3,0.05,,0.0,1000,1,64,0,4.08,[0.6233],[None],2010
2291,False,False,64,"(0.4, 0.3, 0.3)",64,4,0,20,1e-05,1e-05,100,0.01,3.0,0.01,0.01,0.01,0.001,0.3,0.05,,0.0,1000,1,64,1,4.09,[0.6432],[None],2011
2292,False,False,64,"(0.4, 0.3, 0.3)",64,4,0,20,1e-05,1e-05,100,0.01,3.0,0.01,0.01,0.01,0.001,0.3,0.05,,0.0,1000,2,128,1,8.37,"[0.6559, 0.596]","[None, None]",2012
2293,False,False,64,"(0.4, 0.3, 0.3)",64,4,0,20,1e-05,1e-05,100,0.01,3.0,0.01,0.01,0.01,0.001,0.3,0.05,,0.0,1000,2,128,1,8.41,"[0.6253, 0.4784]","[None, None]",2013
2294,False,False,64,"(0.4, 0.3, 0.3)",64,4,0,20,1e-05,1e-05,100,0.01,3.0,0.01,0.01,0.01,0.001,0.3,0.05,,0.0,1000,1,64,0,4.05,[0.6863],[None],2014
2295,False,False,64,"(0.4, 0.3, 0.3)",64,4,0,20,1e-05,1e-05,100,0.01,3.0,0.01,0.01,0.01,0.001,0.3,0.05,,0.0,1000,2,128,0,8.39,"[0.5437, 0.4484]","[None, None]",2015
2296,False,False,64,"(0.4, 0.3, 0.3)",64,4,0,20,1e-05,1e-05,100,0.01,3.0,0.01,0.01,0.01,0.001,0.3,0.05,,0.0,1000,1,64,0,4.05,[0.5752],[None],2016
2297,False,False,64,"(0.4, 0.3, 0.3)",64,4,0,20,1e-05,1e-05,100,0.01,3.0,0.01,0.01,0.01,0.001,0.3,0.05,,0.0,1000,2,128,1,8.42,"[0.7373, 0.6523]","[None, None]",2017
2298,False,False,64,"(0.4, 0.3, 0.3)",64,4,0,20,1e-05,1e-05,100,0.01,3.0,0.01,0.01,0.01,0.001,0.3,0.05,,0.0,1000,2,128,1,8.47,"[0.6174, 0.5586]","[None, None]",2018
2299,False,False,64,"(0.4, 0.3, 0.3)",64,4,0,20,1e-05,1e-05,100,0.01,3.0,0.01,0.01,0.01,0.001,0.3,0.05,,0.0,1000,1,64,0,4.24,[0.6095],[None],2019
2300,False,False,64,"(0.4, 0.3, 0.3)",64,4,0,20,1e-05,1e-05,100,0.01,3.0,0.01,0.01,0.01,0.001,0.3,0.1,,0.0,1000,1,64,0,4.07,[0.676],[None],2000
2301,False,False,64,"(0.4, 0.3, 0.3)",64,4,0,20,1e-05,1e-05,100,0.01,3.0,0.01,0.01,0.01,0.001,0.3,0.1,,0.0,1000,1,64,0,4.05,[0.6641],[None],2001
2302,False,False,64,"(0.4, 0.3, 0.3)",64,4,0,20,1e-05,1e-05,100,0.01,3.0,0.01,0.01,0.01,0.001,0.3,0.1,,0.0,1000,1,64,1,4.05,[0.6165],[None],2002
2303,False,False,64,"(0.4, 0.3, 0.3)",64,4,0,20,1e-05,1e-05,100,0.01,3.0,0.01,0.01,0.01,0.001,0.3,0.1,,0.0,1000,2,128,1,8.4,"[0.6277, 0.5885]","[None, None]",2003
2304,False,False,64,"(0.4, 0.3, 0.3)",64,4,0,20,1e-05,1e-05,100,0.01,3.0,0.01,0.01,0.01,0.001,0.3,0.1,,0.0,1000,2,128,1,8.39,"[0.7125, 0.4853]","[None, None]",2004
2305,False,False,64,"(0.4, 0.3, 0.3)",64,4,0,20,1e-05,1e-05,100,0.01,3.0,0.01,0.01,0.01,0.001,0.3,0.1,,0.0,1000,1,64,0,4.18,[0.5842],[None],2005
2306,False,False,64,"(0.4, 0.3, 0.3)",64,4,0,20,1e-05,1e-05,100,0.01,3.0,0.01,0.01,0.01,0.001,0.3,0.1,,0.0,1000,1,64,0,4.23,[0.6497],[None],2006
2307,False,False,64,"(0.4, 0.3, 0.3)",64,4,0,20,1e-05,1e-05,100,0.01,3.0,0.01,0.01,0.01,0.001,0.3,0.1,,0.0,1000,1,64,0,4.21,[0.6663],[None],2007
2308,False,False,64,"(0.4, 0.3, 0.3)",64,4,0,20,1e-05,1e-05,100,0.01,3.0,0.01,0.01,0.01,0.001,0.3,0.1,,0.0,1000,1,64,1,4.2,[0.5339],[None],2008
2309,False,False,64,"(0.4, 0.3, 0.3)",64,4,0,20,1e-05,1e-05,100,0.01,3.0,0.01,0.01,0.01,0.001,0.3,0.1,,0.0,1000,1,64,0,4.19,[0.6123],[None],2009
2310,False,False,64,"(0.4, 0.3, 0.3)",64,4,0,20,1e-05,1e-05,100,0.01,3.0,0.01,0.01,0.01,0.001,0.3,0.1,,0.0,1000,1,64,0,4.2,[0.6256],[None],2010
2311,False,False,64,"(0.4, 0.3, 0.3)",64,4,0,20,1e-05,1e-05,100,0.01,3.0,0.01,0.01,0.01,0.001,0.3,0.1,,0.0,1000,1,64,1,4.2,[0.643],[None],2011
2312,False,False,64,"(0.4, 0.3, 0.3)",64,4,0,20,1e-05,1e-05,100,0.01,3.0,0.01,0.01,0.01,0.001,0.3,0.1,,0.0,1000,2,128,0,8.58,"[0.6564, 0.5971]","[None, None]",2012
2313,False,False,64,"(0.4, 0.3, 0.3)",64,4,0,20,1e-05,1e-05,100,0.01,3.0,0.01,0.01,0.01,0.001,0.3,0.1,,0.0,1000,2,128,1,8.37,"[0.6252, 0.4916]","[None, None]",2013
2314,False,False,64,"(0.4, 0.3, 0.3)",64,4,0,20,1e-05,1e-05,100,0.01,3.0,0.01,0.01,0.01,0.001,0.3,0.1,,0.0,1000,2,128,1,8.37,"[0.6875, 0.5]","[None, None]",2014
2315,False,False,64,"(0.4, 0.3, 0.3)",64,4,0,20,1e-05,1e-05,100,0.01,3.0,0.01,0.01,0.01,0.001,0.3,0.1,,0.0,1000,2,128,0,8.45,"[0.5414, 0.4466]","[None, None]",2015
2316,False,False,64,"(0.4, 0.3, 0.3)",64,4,0,20,1e-05,1e-05,100,0.01,3.0,0.01,0.01,0.01,0.001,0.3,0.1,,0.0,1000,1,64,0,4.21,[0.5763],[None],2016
2317,False,False,64,"(0.4, 0.3, 0.3)",64,4,0,20,1e-05,1e-05,100,0.01,3.0,0.01,0.01,0.01,0.001,0.3,0.1,,0.0,1000,1,64,0,4.2,[0.7373],[None],2017
2318,False,False,64,"(0.4, 0.3, 0.3)",64,4,0,20,1e-05,1e-05,100,0.01,3.0,0.01,0.01,0.01,0.001,0.3,0.1,,0.0,1000,2,128,1,8.69,"[0.6185, 0.5489]","[None, None]",2018
2319,False,False,64,"(0.4, 0.3, 0.3)",64,4,0,20,1e-05,1e-05,100,0.01,3.0,0.01,0.01,0.01,0.001,0.3,0.1,,0.0,1000,1,64,0,4.08,[0.608],[None],2019
2320,False,False,64,"(0.4, 0.3, 0.3)",64,4,0,20,1e-05,1e-05,100,0.01,3.0,0.1,0.01,0.001,0.001,0.3,0.05,,0.0,1000,1,64,0,4.13,[0.6658],[None],2000
2321,False,False,64,"(0.4, 0.3, 0.3)",64,4,0,20,1e-05,1e-05,100,0.01,3.0,0.1,0.01,0.001,0.001,0.3,0.05,,0.0,1000,1,64,0,4.12,[0.6419],[None],2001
2322,False,False,64,"(0.4, 0.3, 0.3)",64,4,0,20,1e-05,1e-05,100,0.01,3.0,0.1,0.01,0.001,0.001,0.3,0.05,,0.0,1000,1,64,1,4.13,[0.6203],[None],2002
2323,False,False,64,"(0.4, 0.3, 0.3)",64,4,0,20,1e-05,1e-05,100,0.01,3.0,0.1,0.01,0.001,0.001,0.3,0.05,,0.0,1000,2,128,1,8.44,"[0.6194, 0.5987]","[None, None]",2003
2324,False,False,64,"(0.4, 0.3, 0.3)",64,4,0,20,1e-05,1e-05,100,0.01,3.0,0.1,0.01,0.001,0.001,0.3,0.05,,0.0,1000,2,128,1,8.44,"[0.7128, 0.4419]","[None, None]",2004
2325,False,False,64,"(0.4, 0.3, 0.3)",64,4,0,20,1e-05,1e-05,100,0.01,3.0,0.1,0.01,0.001,0.001,0.3,0.05,,0.0,1000,1,64,0,4.06,[0.5829],[None],2005
2326,False,False,64,"(0.4, 0.3, 0.3)",64,4,0,20,1e-05,1e-05,100,0.01,3.0,0.1,0.01,0.001,0.001,0.3,0.05,,0.0,1000,1,64,0,4.04,[0.6459],[None],2006
2327,False,False,64,"(0.4, 0.3, 0.3)",64,4,0,20,1e-05,1e-05,100,0.01,3.0,0.1,0.01,0.001,0.001,0.3,0.05,,0.0,1000,1,64,0,4.18,[0.6628],[None],2007
2328,False,False,64,"(0.4, 0.3, 0.3)",64,4,0,20,1e-05,1e-05,100,0.01,3.0,0.1,0.01,0.001,0.001,0.3,0.05,,0.0,1000,1,64,1,4.21,[0.5089],[None],2008
2329,False,False,64,"(0.4, 0.3, 0.3)",64,4,0,20,1e-05,1e-05,100,0.01,3.0,0.1,0.01,0.001,0.001,0.3,0.05,,0.0,1000,1,64,0,4.19,[0.606],[None],2009
2330,False,False,64,"(0.4, 0.3, 0.3)",64,4,0,20,1e-05,1e-05,100,0.01,3.0,0.1,0.01,0.001,0.001,0.3,0.05,,0.0,1000,1,64,0,4.2,[0.5609],[None],2010
2331,False,False,64,"(0.4, 0.3, 0.3)",64,4,0,20,1e-05,1e-05,100,0.01,3.0,0.1,0.01,0.001,0.001,0.3,0.05,,0.0,1000,1,64,1,4.2,[0.6486],[None],2011
2332,False,False,64,"(0.4, 0.3, 0.3)",64,4,0,20,1e-05,1e-05,100,0.01,3.0,0.1,0.01,0.001,0.001,0.3,0.05,,0.0,1000,2,128,1,8.7,"[0.6183, 0.5916]","[None, None]",2012
2333,False,False,64,"(0.4, 0.3, 0.3)",64,4,0,20,1e-05,1e-05,100,0.01,3.0,0.1,0.01,0.001,0.001,0.3,0.05,,0.0,1000,2,128,1,8.66,"[0.6179, 0.4827]","[None, None]",2013
2334,False,False,64,"(0.4, 0.3, 0.3)",64,4,0,20,1e-05,1e-05,100,0.01,3.0,0.1,0.01,0.001,0.001,0.3,0.05,,0.0,1000,2,128,1,8.68,"[0.6769, 0.4886]","[None, None]",2014
2335,False,False,64,"(0.4, 0.3, 0.3)",64,4,0,20,1e-05,1e-05,100,0.01,3.0,0.1,0.01,0.001,0.001,0.3,0.05,,0.0,1000,1,64,0,4.16,[0.5047],[None],2015
2336,False,False,64,"(0.4, 0.3, 0.3)",64,4,0,20,1e-05,1e-05,100,0.01,3.0,0.1,0.01,0.001,0.001,0.3,0.05,,0.0,1000,1,64,0,4.06,[0.5572],[None],2016
2337,False,False,64,"(0.4, 0.3, 0.3)",64,4,0,20,1e-05,1e-05,100,0.01,3.0,0.1,0.01,0.001,0.001,0.3,0.05,,0.0,1000,2,128,1,8.35,"[0.7282, 0.6241]","[None, None]",2017
2338,False,False,64,"(0.4, 0.3, 0.3)",64,4,0,20,1e-05,1e-05,100,0.01,3.0,0.1,0.01,0.001,0.001,0.3,0.05,,0.0,1000,2,128,1,8.37,"[0.5937, 0.5407]","[None, None]",2018
2339,False,False,64,"(0.4, 0.3, 0.3)",64,4,0,20,1e-05,1e-05,100,0.01,3.0,0.1,0.01,0.001,0.001,0.3,0.05,,0.0,1000,1,64,0,4.06,[0.6245],[None],2019
2340,False,False,64,"(0.4, 0.3, 0.3)",64,4,0,20,1e-05,1e-05,100,0.01,3.0,0.1,0.01,0.001,0.001,0.3,0.1,,0.0,1000,1,64,0,4.08,[0.6765],[None],2000
2341,False,False,64,"(0.4, 0.3, 0.3)",64,4,0,20,1e-05,1e-05,100,0.01,3.0,0.1,0.01,0.001,0.001,0.3,0.1,,0.0,1000,1,64,0,4.06,[0.6337],[None],2001
2342,False,False,64,"(0.4, 0.3, 0.3)",64,4,0,20,1e-05,1e-05,100,0.01,3.0,0.1,0.01,0.001,0.001,0.3,0.1,,0.0,1000,1,64,1,4.06,[0.6315],[None],2002
2343,False,False,64,"(0.4, 0.3, 0.3)",64,4,0,20,1e-05,1e-05,100,0.01,3.0,0.1,0.01,0.001,0.001,0.3,0.1,,0.0,1000,2,128,1,8.38,"[0.6232, 0.5469]","[None, None]",2003
2344,False,False,64,"(0.4, 0.3, 0.3)",64,4,0,20,1e-05,1e-05,100,0.01,3.0,0.1,0.01,0.001,0.001,0.3,0.1,,0.0,1000,2,128,1,8.41,"[0.7189, 0.4632]","[None, None]",2004
2345,False,False,64,"(0.4, 0.3, 0.3)",64,4,0,20,1e-05,1e-05,100,0.01,3.0,0.1,0.01,0.001,0.001,0.3,0.1,,0.0,1000,1,64,0,4.06,[0.5948],[None],2005
2346,False,False,64,"(0.4, 0.3, 0.3)",64,4,0,20,1e-05,1e-05,100,0.01,3.0,0.1,0.01,0.001,0.001,0.3,0.1,,0.0,1000,1,64,0,4.06,[0.6534],[None],2006
2347,False,False,64,"(0.4, 0.3, 0.3)",64,4,0,20,1e-05,1e-05,100,0.01,3.0,0.1,0.01,0.001,0.001,0.3,0.1,,0.0,1000,2,128,1,8.64,"[0.6668, 0.5209]","[None, None]",2007
2348,False,False,64,"(0.4, 0.3, 0.3)",64,4,0,20,1e-05,1e-05,100,0.01,3.0,0.1,0.01,0.001,0.001,0.3,0.1,,0.0,1000,1,64,1,4.2,[0.5051],[None],2008
2349,False,False,64,"(0.4, 0.3, 0.3)",64,4,0,20,1e-05,1e-05,100,0.01,3.0,0.1,0.01,0.001,0.001,0.3,0.1,,0.0,1000,1,64,0,4.24,[0.6289],[None],2009
2350,False,False,64,"(0.4, 0.3, 0.3)",64,4,0,20,1e-05,1e-05,100,0.01,3.0,0.1,0.01,0.001,0.001,0.3,0.1,,0.0,1000,1,64,0,4.07,[0.6004],[None],2010
2351,False,False,64,"(0.4, 0.3, 0.3)",64,4,0,20,1e-05,1e-05,100,0.01,3.0,0.1,0.01,0.001,0.001,0.3,0.1,,0.0,1000,1,64,1,4.06,[0.6553],[None],2011
2352,False,False,64,"(0.4, 0.3, 0.3)",64,4,0,20,1e-05,1e-05,100,0.01,3.0,0.1,0.01,0.001,0.001,0.3,0.1,,0.0,1000,2,128,1,8.39,"[0.5936, 0.5809]","[None, None]",2012
2353,False,False,64,"(0.4, 0.3, 0.3)",64,4,0,20,1e-05,1e-05,100,0.01,3.0,0.1,0.01,0.001,0.001,0.3,0.1,,0.0,1000,2,128,1,8.37,"[0.6262, 0.5025]","[None, None]",2013
2354,False,False,64,"(0.4, 0.3, 0.3)",64,4,0,20,1e-05,1e-05,100,0.01,3.0,0.1,0.01,0.001,0.001,0.3,0.1,,0.0,1000,1,64,0,4.06,[0.6794],[None],2014
2355,False,False,64,"(0.4, 0.3, 0.3)",64,4,0,20,1e-05,1e-05,100,0.01,3.0,0.1,0.01,0.001,0.001,0.3,0.1,,0.0,1000,2,128,0,8.38,"[0.5423, 0.4078]","[None, None]",2015
2356,False,False,64,"(0.4, 0.3, 0.3)",64,4,0,20,1e-05,1e-05,100,0.01,3.0,0.1,0.01,0.001,0.001,0.3,0.1,,0.0,1000,1,64,0,4.09,[0.5527],[None],2016
2357,False,False,64,"(0.4, 0.3, 0.3)",64,4,0,20,1e-05,1e-05,100,0.01,3.0,0.1,0.01,0.001,0.001,0.3,0.1,,0.0,1000,2,128,1,8.38,"[0.7294, 0.6529]","[None, None]",2017
2358,False,False,64,"(0.4, 0.3, 0.3)",64,4,0,20,1e-05,1e-05,100,0.01,3.0,0.1,0.01,0.001,0.001,0.3,0.1,,0.0,1000,2,128,1,8.37,"[0.5966, 0.5465]","[None, None]",2018
2359,False,False,64,"(0.4, 0.3, 0.3)",64,4,0,20,1e-05,1e-05,100,0.01,3.0,0.1,0.01,0.001,0.001,0.3,0.1,,0.0,1000,1,64,0,4.08,[0.6317],[None],2019
2360,False,False,64,"(0.4, 0.3, 0.3)",64,4,0,20,1e-05,1e-05,100,0.01,3.0,0.1,0.01,0.01,0.001,0.3,0.05,,0.0,1000,1,64,0,4.11,[0.6561],[None],2000
2361,False,False,64,"(0.4, 0.3, 0.3)",64,4,0,20,1e-05,1e-05,100,0.01,3.0,0.1,0.01,0.01,0.001,0.3,0.05,,0.0,1000,1,64,0,4.2,[0.6357],[None],2001
2362,False,False,64,"(0.4, 0.3, 0.3)",64,4,0,20,1e-05,1e-05,100,0.01,3.0,0.1,0.01,0.01,0.001,0.3,0.05,,0.0,1000,1,64,1,4.18,[0.6061],[None],2002
2363,False,False,64,"(0.4, 0.3, 0.3)",64,4,0,20,1e-05,1e-05,100,0.01,3.0,0.1,0.01,0.01,0.001,0.3,0.05,,0.0,1000,2,128,1,8.43,"[0.6061, 0.5715]","[None, None]",2003
2364,False,False,64,"(0.4, 0.3, 0.3)",64,4,0,20,1e-05,1e-05,100,0.01,3.0,0.1,0.01,0.01,0.001,0.3,0.05,,0.0,1000,2,128,1,8.39,"[0.7067, 0.4429]","[None, None]",2004
2365,False,False,64,"(0.4, 0.3, 0.3)",64,4,0,20,1e-05,1e-05,100,0.01,3.0,0.1,0.01,0.01,0.001,0.3,0.05,,0.0,1000,1,64,0,4.09,[0.5718],[None],2005
2366,False,False,64,"(0.4, 0.3, 0.3)",64,4,0,20,1e-05,1e-05,100,0.01,3.0,0.1,0.01,0.01,0.001,0.3,0.05,,0.0,1000,1,64,0,4.06,[0.6316],[None],2006
2367,False,False,64,"(0.4, 0.3, 0.3)",64,4,0,20,1e-05,1e-05,100,0.01,3.0,0.1,0.01,0.01,0.001,0.3,0.05,,0.0,1000,1,64,0,4.19,[0.6537],[None],2007
2368,False,False,64,"(0.4, 0.3, 0.3)",64,4,0,20,1e-05,1e-05,100,0.01,3.0,0.1,0.01,0.01,0.001,0.3,0.05,,0.0,1000,1,64,1,4.2,[0.4956],[None],2008
2369,False,False,64,"(0.4, 0.3, 0.3)",64,4,0,20,1e-05,1e-05,100,0.01,3.0,0.1,0.01,0.01,0.001,0.3,0.05,,0.0,1000,1,64,0,4.19,[0.5927],[None],2009
2370,False,False,64,"(0.4, 0.3, 0.3)",64,4,0,20,1e-05,1e-05,100,0.01,3.0,0.1,0.01,0.01,0.001,0.3,0.05,,0.0,1000,1,64,0,4.07,[0.5456],[None],2010
2371,False,False,64,"(0.4, 0.3, 0.3)",64,4,0,20,1e-05,1e-05,100,0.01,3.0,0.1,0.01,0.01,0.001,0.3,0.05,,0.0,1000,1,64,1,4.06,[0.6363],[None],2011
2372,False,False,64,"(0.4, 0.3, 0.3)",64,4,0,20,1e-05,1e-05,100,0.01,3.0,0.1,0.01,0.01,0.001,0.3,0.05,,0.0,1000,2,128,1,8.45,"[0.6095, 0.5871]","[None, None]",2012
2373,False,False,64,"(0.4, 0.3, 0.3)",64,4,0,20,1e-05,1e-05,100,0.01,3.0,0.1,0.01,0.01,0.001,0.3,0.05,,0.0,1000,2,128,1,8.47,"[0.6046, 0.4387]","[None, None]",2013
2374,False,False,64,"(0.4, 0.3, 0.3)",64,4,0,20,1e-05,1e-05,100,0.01,3.0,0.1,0.01,0.01,0.001,0.3,0.05,,0.0,1000,1,64,0,4.2,[0.6672],[None],2014
2375,False,False,64,"(0.4, 0.3, 0.3)",64,4,0,20,1e-05,1e-05,100,0.01,3.0,0.1,0.01,0.01,0.001,0.3,0.05,,0.0,1000,2,128,0,8.6,"[0.492, 0.3635]","[None, None]",2015
2376,False,False,64,"(0.4, 0.3, 0.3)",64,4,0,20,1e-05,1e-05,100,0.01,3.0,0.1,0.01,0.01,0.001,0.3,0.05,,0.0,1000,1,64,0,4.11,[0.5384],[None],2016
2377,False,False,64,"(0.4, 0.3, 0.3)",64,4,0,20,1e-05,1e-05,100,0.01,3.0,0.1,0.01,0.01,0.001,0.3,0.05,,0.0,1000,2,128,1,8.44,"[0.7196, 0.6234]","[None, None]",2017
2378,False,False,64,"(0.4, 0.3, 0.3)",64,4,0,20,1e-05,1e-05,100,0.01,3.0,0.1,0.01,0.01,0.001,0.3,0.05,,0.0,1000,2,128,1,8.62,"[0.5822, 0.5003]","[None, None]",2018
2379,False,False,64,"(0.4, 0.3, 0.3)",64,4,0,20,1e-05,1e-05,100,0.01,3.0,0.1,0.01,0.01,0.001,0.3,0.05,,0.0,1000,1,64,0,4.09,[0.6137],[None],2019
2380,False,False,64,"(0.4, 0.3, 0.3)",64,4,0,20,1e-05,1e-05,100,0.01,3.0,0.1,0.01,0.01,0.001,0.3,0.1,,0.0,1000,1,64,0,4.2,[0.6613],[None],2000
2381,False,False,64,"(0.4, 0.3, 0.3)",64,4,0,20,1e-05,1e-05,100,0.01,3.0,0.1,0.01,0.01,0.001,0.3,0.1,,0.0,1000,1,64,0,4.22,[0.6256],[None],2001
2382,False,False,64,"(0.4, 0.3, 0.3)",64,4,0,20,1e-05,1e-05,100,0.01,3.0,0.1,0.01,0.01,0.001,0.3,0.1,,0.0,1000,1,64,1,4.2,[0.6246],[None],2002
2383,False,False,64,"(0.4, 0.3, 0.3)",64,4,0,20,1e-05,1e-05,100,0.01,3.0,0.1,0.01,0.01,0.001,0.3,0.1,,0.0,1000,2,128,1,8.45,"[0.6063, 0.5508]","[None, None]",2003
2384,False,False,64,"(0.4, 0.3, 0.3)",64,4,0,20,1e-05,1e-05,100,0.01,3.0,0.1,0.01,0.01,0.001,0.3,0.1,,0.0,1000,2,128,1,8.41,"[0.7083, 0.4338]","[None, None]",2004
2385,False,False,64,"(0.4, 0.3, 0.3)",64,4,0,20,1e-05,1e-05,100,0.01,3.0,0.1,0.01,0.01,0.001,0.3,0.1,,0.0,1000,1,64,0,4.2,[0.587],[None],2005
2386,False,False,64,"(0.4, 0.3, 0.3)",64,4,0,20,1e-05,1e-05,100,0.01,3.0,0.1,0.01,0.01,0.001,0.3,0.1,,0.0,1000,1,64,0,4.2,[0.6389],[None],2006
2387,False,False,64,"(0.4, 0.3, 0.3)",64,4,0,20,1e-05,1e-05,100,0.01,3.0,0.1,0.01,0.01,0.001,0.3,0.1,,0.0,1000,2,128,0,8.65,"[0.6541, 0.4778]","[None, None]",2007
2388,False,False,64,"(0.4, 0.3, 0.3)",64,4,0,20,1e-05,1e-05,100,0.01,3.0,0.1,0.01,0.01,0.001,0.3,0.1,,0.0,1000,1,64,1,4.21,[0.4928],[None],2008
2389,False,False,64,"(0.4, 0.3, 0.3)",64,4,0,20,1e-05,1e-05,100,0.01,3.0,0.1,0.01,0.01,0.001,0.3,0.1,,0.0,1000,1,64,0,4.2,[0.6178],[None],2009
2390,False,False,64,"(0.4, 0.3, 0.3)",64,4,0,20,1e-05,1e-05,100,0.01,3.0,0.1,0.01,0.01,0.001,0.3,0.1,,0.0,1000,1,64,0,4.2,[0.5779],[None],2010
2391,False,False,64,"(0.4, 0.3, 0.3)",64,4,0,20,1e-05,1e-05,100,0.01,3.0,0.1,0.01,0.01,0.001,0.3,0.1,,0.0,1000,1,64,1,4.18,[0.6428],[None],2011
2392,False,False,64,"(0.4, 0.3, 0.3)",64,4,0,20,1e-05,1e-05,100,0.01,3.0,0.1,0.01,0.01,0.001,0.3,0.1,,0.0,1000,2,128,0,8.41,"[0.5792, 0.5807]","[None, None]",2012
2393,False,False,64,"(0.4, 0.3, 0.3)",64,4,0,20,1e-05,1e-05,100,0.01,3.0,0.1,0.01,0.01,0.001,0.3,0.1,,0.0,1000,2,128,1,8.37,"[0.6109, 0.4958]","[None, None]",2013
2394,False,False,64,"(0.4, 0.3, 0.3)",64,4,0,20,1e-05,1e-05,100,0.01,3.0,0.1,0.01,0.01,0.001,0.3,0.1,,0.0,1000,1,64,0,4.11,[0.6677],[None],2014
2395,False,False,64,"(0.4, 0.3, 0.3)",64,4,0,20,1e-05,1e-05,100,0.01,3.0,0.1,0.01,0.01,0.001,0.3,0.1,,0.0,1000,2,128,0,8.52,"[0.5318, 0.4093]","[None, None]",2015
2396,False,False,64,"(0.4, 0.3, 0.3)",64,4,0,20,1e-05,1e-05,100,0.01,3.0,0.1,0.01,0.01,0.001,0.3,0.1,,0.0,1000,1,64,0,4.05,[0.5291],[None],2016
2397,False,False,64,"(0.4, 0.3, 0.3)",64,4,0,20,1e-05,1e-05,100,0.01,3.0,0.1,0.01,0.01,0.001,0.3,0.1,,0.0,1000,1,64,0,4.05,[0.7189],[None],2017
2398,False,False,64,"(0.4, 0.3, 0.3)",64,4,0,20,1e-05,1e-05,100,0.01,3.0,0.1,0.01,0.01,0.001,0.3,0.1,,0.0,1000,2,128,1,8.45,"[0.5803, 0.5133]","[None, None]",2018
2399,False,False,64,"(0.4, 0.3, 0.3)",64,4,0,20,1e-05,1e-05,100,0.01,3.0,0.1,0.01,0.01,0.001,0.3,0.1,,0.0,1000,1,64,0,4.05,[0.623],[None],2019
2400,False,False,64,"(0.4, 0.3, 0.3)",64,4,0,20,1e-05,1e-05,100,0.01,3.0,0.2,0.01,0.001,0.001,0.3,0.05,,0.0,1000,1,64,0,4.08,[0.6092],[None],2000
2401,False,False,64,"(0.4, 0.3, 0.3)",64,4,0,20,1e-05,1e-05,100,0.01,3.0,0.2,0.01,0.001,0.001,0.3,0.05,,0.0,1000,1,64,0,4.06,[0.6174],[None],2001
2402,False,False,64,"(0.4, 0.3, 0.3)",64,4,0,20,1e-05,1e-05,100,0.01,3.0,0.2,0.01,0.001,0.001,0.3,0.05,,0.0,1000,1,64,1,4.06,[0.5574],[None],2002
2403,False,False,64,"(0.4, 0.3, 0.3)",64,4,0,20,1e-05,1e-05,100,0.01,3.0,0.2,0.01,0.001,0.001,0.3,0.05,,0.0,1000,2,128,1,8.39,"[0.5811, 0.5164]","[None, None]",2003
2404,False,False,64,"(0.4, 0.3, 0.3)",64,4,0,20,1e-05,1e-05,100,0.01,3.0,0.2,0.01,0.001,0.001,0.3,0.05,,0.0,1000,2,128,1,8.53,"[0.6789, 0.4063]","[None, None]",2004
2405,False,False,64,"(0.4, 0.3, 0.3)",64,4,0,20,1e-05,1e-05,100,0.01,3.0,0.2,0.01,0.001,0.001,0.3,0.05,,0.0,1000,1,64,0,4.12,[0.5186],[None],2005
2406,False,False,64,"(0.4, 0.3, 0.3)",64,4,0,20,1e-05,1e-05,100,0.01,3.0,0.2,0.01,0.001,0.001,0.3,0.05,,0.0,1000,1,64,0,4.11,[0.5882],[None],2006
2407,False,False,64,"(0.4, 0.3, 0.3)",64,4,0,20,1e-05,1e-05,100,0.01,3.0,0.2,0.01,0.001,0.001,0.3,0.05,,0.0,1000,1,64,0,4.08,[0.6224],[None],2007
2408,False,False,64,"(0.4, 0.3, 0.3)",64,4,0,20,1e-05,1e-05,100,0.01,3.0,0.2,0.01,0.001,0.001,0.3,0.05,,0.0,1000,1,64,1,4.06,[0.4622],[None],2008
2409,False,False,64,"(0.4, 0.3, 0.3)",64,4,0,20,1e-05,1e-05,100,0.01,3.0,0.2,0.01,0.001,0.001,0.3,0.05,,0.0,1000,1,64,0,4.09,[0.5333],[None],2009
2410,False,False,64,"(0.4, 0.3, 0.3)",64,4,0,20,1e-05,1e-05,100,0.01,3.0,0.2,0.01,0.001,0.001,0.3,0.05,,0.0,1000,1,64,0,4.08,[0.3936],[None],2010
2411,False,False,64,"(0.4, 0.3, 0.3)",64,4,0,20,1e-05,1e-05,100,0.01,3.0,0.2,0.01,0.001,0.001,0.3,0.05,,0.0,1000,1,64,1,4.16,[0.6097],[None],2011
2412,False,False,64,"(0.4, 0.3, 0.3)",64,4,0,20,1e-05,1e-05,100,0.01,3.0,0.2,0.01,0.001,0.001,0.3,0.05,,0.0,1000,2,128,1,8.5,"[0.5851, 0.5344]","[None, None]",2012
2413,False,False,64,"(0.4, 0.3, 0.3)",64,4,0,20,1e-05,1e-05,100,0.01,3.0,0.2,0.01,0.001,0.001,0.3,0.05,,0.0,1000,2,128,1,8.32,"[0.5581, 0.3852]","[None, None]",2013
2414,False,False,64,"(0.4, 0.3, 0.3)",64,4,0,20,1e-05,1e-05,100,0.01,3.0,0.2,0.01,0.001,0.001,0.3,0.05,,0.0,1000,2,128,0,8.32,"[0.6416, 0.4048]","[None, None]",2014
2415,False,False,64,"(0.4, 0.3, 0.3)",64,4,0,20,1e-05,1e-05,100,0.01,3.0,0.2,0.01,0.001,0.001,0.3,0.05,,0.0,1000,3,192,0,12.79,"[0.3774, 0.3041, 0.2944]","[None, None, None]",2015
2416,False,False,64,"(0.4, 0.3, 0.3)",64,4,0,20,1e-05,1e-05,100,0.01,3.0,0.2,0.01,0.001,0.001,0.3,0.05,,0.0,1000,1,64,0,4.03,[0.495],[None],2016
2417,False,False,64,"(0.4, 0.3, 0.3)",64,4,0,20,1e-05,1e-05,100,0.01,3.0,0.2,0.01,0.001,0.001,0.3,0.05,,0.0,1000,2,128,1,8.64,"[0.6981, 0.5186]","[None, None]",2017
2418,False,False,64,"(0.4, 0.3, 0.3)",64,4,0,20,1e-05,1e-05,100,0.01,3.0,0.2,0.01,0.001,0.001,0.3,0.05,,0.0,1000,2,128,1,8.65,"[0.5565, 0.4218]","[None, None]",2018
2419,False,False,64,"(0.4, 0.3, 0.3)",64,4,0,20,1e-05,1e-05,100,0.01,3.0,0.2,0.01,0.001,0.001,0.3,0.05,,0.0,1000,1,64,0,4.15,[0.5804],[None],2019
2420,False,False,64,"(0.4, 0.3, 0.3)",64,4,0,20,1e-05,1e-05,100,0.01,3.0,0.2,0.01,0.001,0.001,0.3,0.1,,0.0,1000,1,64,0,4.16,[0.6339],[None],2000
2421,False,False,64,"(0.4, 0.3, 0.3)",64,4,0,20,1e-05,1e-05,100,0.01,3.0,0.2,0.01,0.001,0.001,0.3,0.1,,0.0,1000,1,64,0,4.16,[0.5984],[None],2001
2422,False,False,64,"(0.4, 0.3, 0.3)",64,4,0,20,1e-05,1e-05,100,0.01,3.0,0.2,0.01,0.001,0.001,0.3,0.1,,0.0,1000,1,64,1,4.17,[0.6067],[None],2002
2423,False,False,64,"(0.4, 0.3, 0.3)",64,4,0,20,1e-05,1e-05,100,0.01,3.0,0.2,0.01,0.001,0.001,0.3,0.1,,0.0,1000,2,128,0,8.56,"[0.5698, 0.4831]","[None, None]",2003
2424,False,False,64,"(0.4, 0.3, 0.3)",64,4,0,20,1e-05,1e-05,100,0.01,3.0,0.2,0.01,0.001,0.001,0.3,0.1,,0.0,1000,2,128,0,8.47,"[0.6833, 0.4317]","[None, None]",2004
2425,False,False,64,"(0.4, 0.3, 0.3)",64,4,0,20,1e-05,1e-05,100,0.01,3.0,0.2,0.01,0.001,0.001,0.3,0.1,,0.0,1000,1,64,0,4.18,[0.56],[None],2005
2426,False,False,64,"(0.4, 0.3, 0.3)",64,4,0,20,1e-05,1e-05,100,0.01,3.0,0.2,0.01,0.001,0.001,0.3,0.1,,0.0,1000,1,64,0,4.17,[0.598],[None],2006
2427,False,False,64,"(0.4, 0.3, 0.3)",64,4,0,20,1e-05,1e-05,100,0.01,3.0,0.2,0.01,0.001,0.001,0.3,0.1,,0.0,1000,1,64,0,4.17,[0.6344],[None],2007
2428,False,False,64,"(0.4, 0.3, 0.3)",64,4,0,20,1e-05,1e-05,100,0.01,3.0,0.2,0.01,0.001,0.001,0.3,0.1,,0.0,1000,1,64,1,4.16,[0.4364],[None],2008
2429,False,False,64,"(0.4, 0.3, 0.3)",64,4,0,20,1e-05,1e-05,100,0.01,3.0,0.2,0.01,0.001,0.001,0.3,0.1,,0.0,1000,1,64,0,4.12,[0.5814],[None],2009
2430,False,False,64,"(0.4, 0.3, 0.3)",64,4,0,20,1e-05,1e-05,100,0.01,3.0,0.2,0.01,0.001,0.001,0.3,0.1,,0.0,1000,1,64,0,4.16,[0.4453],[None],2010
2431,False,False,64,"(0.4, 0.3, 0.3)",64,4,0,20,1e-05,1e-05,100,0.01,3.0,0.2,0.01,0.001,0.001,0.3,0.1,,0.0,1000,1,64,1,4.16,[0.6161],[None],2011
2432,False,False,64,"(0.4, 0.3, 0.3)",64,4,0,20,1e-05,1e-05,100,0.01,3.0,0.2,0.01,0.001,0.001,0.3,0.1,,0.0,1000,2,128,1,8.45,"[0.5299, 0.5297]","[None, None]",2012
2433,False,False,64,"(0.4, 0.3, 0.3)",64,4,0,20,1e-05,1e-05,100,0.01,3.0,0.2,0.01,0.001,0.001,0.3,0.1,,0.0,1000,2,128,1,8.58,"[0.5623, 0.3893]","[None, None]",2013
2434,False,False,64,"(0.4, 0.3, 0.3)",64,4,0,20,1e-05,1e-05,100,0.01,3.0,0.2,0.01,0.001,0.001,0.3,0.1,,0.0,1000,1,64,0,4.17,[0.6451],[None],2014
2435,False,False,64,"(0.4, 0.3, 0.3)",64,4,0,20,1e-05,1e-05,100,0.01,3.0,0.2,0.01,0.001,0.001,0.3,0.1,,0.0,1000,3,192,1,12.9,"[0.4704, 0.2566, 0.3306]","[None, None, None]",2015
2436,False,False,64,"(0.4, 0.3, 0.3)",64,4,0,20,1e-05,1e-05,100,0.01,3.0,0.2,0.01,0.001,0.001,0.3,0.1,,0.0,1000,1,64,0,4.17,[0.488],[None],2016
2437,False,False,64,"(0.4, 0.3, 0.3)",64,4,0,20,1e-05,1e-05,100,0.01,3.0,0.2,0.01,0.001,0.001,0.3,0.1,,0.0,1000,2,128,1,8.56,"[0.6923, 0.575]","[None, None]",2017
2438,False,False,64,"(0.4, 0.3, 0.3)",64,4,0,20,1e-05,1e-05,100,0.01,3.0,0.2,0.01,0.001,0.001,0.3,0.1,,0.0,1000,2,128,1,8.52,"[0.5333, 0.4339]","[None, None]",2018
2439,False,False,64,"(0.4, 0.3, 0.3)",64,4,0,20,1e-05,1e-05,100,0.01,3.0,0.2,0.01,0.001,0.001,0.3,0.1,,0.0,1000,1,64,0,4.09,[0.5975],[None],2019
2440,False,False,64,"(0.4, 0.3, 0.3)",64,4,0,20,1e-05,1e-05,100,0.01,3.0,0.2,0.01,0.01,0.001,0.3,0.05,,0.0,1000,1,64,0,4.04,[0.5891],[None],2000
2441,False,False,64,"(0.4, 0.3, 0.3)",64,4,0,20,1e-05,1e-05,100,0.01,3.0,0.2,0.01,0.01,0.001,0.3,0.05,,0.0,1000,1,64,0,4.12,[0.6084],[None],2001
2442,False,False,64,"(0.4, 0.3, 0.3)",64,4,0,20,1e-05,1e-05,100,0.01,3.0,0.2,0.01,0.01,0.001,0.3,0.05,,0.0,1000,1,64,1,4.05,[0.539],[None],2002
2443,False,False,64,"(0.4, 0.3, 0.3)",64,4,0,20,1e-05,1e-05,100,0.01,3.0,0.2,0.01,0.01,0.001,0.3,0.05,,0.0,1000,2,128,1,8.47,"[0.5676, 0.4943]","[None, None]",2003
2444,False,False,64,"(0.4, 0.3, 0.3)",64,4,0,20,1e-05,1e-05,100,0.01,3.0,0.2,0.01,0.01,0.001,0.3,0.05,,0.0,1000,2,128,0,8.56,"[0.6654, 0.3769]","[None, None]",2004
2445,False,False,64,"(0.4, 0.3, 0.3)",64,4,0,20,1e-05,1e-05,100,0.01,3.0,0.2,0.01,0.01,0.001,0.3,0.05,,0.0,1000,1,64,0,4.17,[0.5059],[None],2005
2446,False,False,64,"(0.4, 0.3, 0.3)",64,4,0,20,1e-05,1e-05,100,0.01,3.0,0.2,0.01,0.01,0.001,0.3,0.05,,0.0,1000,1,64,0,4.15,[0.5684],[None],2006
2447,False,False,64,"(0.4, 0.3, 0.3)",64,4,0,20,1e-05,1e-05,100,0.01,3.0,0.2,0.01,0.01,0.001,0.3,0.05,,0.0,1000,1,64,0,4.15,[0.6121],[None],2007
2448,False,False,64,"(0.4, 0.3, 0.3)",64,4,0,20,1e-05,1e-05,100,0.01,3.0,0.2,0.01,0.01,0.001,0.3,0.05,,0.0,1000,1,64,1,4.15,[0.4469],[None],2008
2449,False,False,64,"(0.4, 0.3, 0.3)",64,4,0,20,1e-05,1e-05,100,0.01,3.0,0.2,0.01,0.01,0.001,0.3,0.05,,0.0,1000,1,64,0,4.04,[0.5103],[None],2009
2450,False,False,64,"(0.4, 0.3, 0.3)",64,4,0,20,1e-05,1e-05,100,0.01,3.0,0.2,0.01,0.01,0.001,0.3,0.05,,0.0,1000,1,64,0,4.04,[0.371],[None],2010
2451,False,False,64,"(0.4, 0.3, 0.3)",64,4,0,20,1e-05,1e-05,100,0.01,3.0,0.2,0.01,0.01,0.001,0.3,0.05,,0.0,1000,1,64,1,4.04,[0.5963],[None],2011
2452,False,False,64,"(0.4, 0.3, 0.3)",64,4,0,20,1e-05,1e-05,100,0.01,3.0,0.2,0.01,0.01,0.001,0.3,0.05,,0.0,1000,2,128,1,8.34,"[0.5739, 0.5649]","[None, None]",2012
2453,False,False,64,"(0.4, 0.3, 0.3)",64,4,0,20,1e-05,1e-05,100,0.01,3.0,0.2,0.01,0.01,0.001,0.3,0.05,,0.0,1000,2,128,1,8.34,"[0.5443, 0.3585]","[None, None]",2013
2454,False,False,64,"(0.4, 0.3, 0.3)",64,4,0,20,1e-05,1e-05,100,0.01,3.0,0.2,0.01,0.01,0.001,0.3,0.05,,0.0,1000,2,128,0,8.35,"[0.626, 0.3667]","[None, None]",2014
2455,False,False,64,"(0.4, 0.3, 0.3)",64,4,0,20,1e-05,1e-05,100,0.01,3.0,0.2,0.01,0.01,0.001,0.3,0.05,,0.0,1000,2,128,0,8.34,"[0.3605, 0.3066]","[None, None]",2015
2456,False,False,64,"(0.4, 0.3, 0.3)",64,4,0,20,1e-05,1e-05,100,0.01,3.0,0.2,0.01,0.01,0.001,0.3,0.05,,0.0,1000,1,64,0,4.04,[0.47],[None],2016
2457,False,False,64,"(0.4, 0.3, 0.3)",64,4,0,20,1e-05,1e-05,100,0.01,3.0,0.2,0.01,0.01,0.001,0.3,0.05,,0.0,1000,2,128,1,8.34,"[0.6851, 0.4704]","[None, None]",2017
2458,False,False,64,"(0.4, 0.3, 0.3)",64,4,0,20,1e-05,1e-05,100,0.01,3.0,0.2,0.01,0.01,0.001,0.3,0.05,,0.0,1000,2,128,1,8.44,"[0.5402, 0.4265]","[None, None]",2018
2459,False,False,64,"(0.4, 0.3, 0.3)",64,4,0,20,1e-05,1e-05,100,0.01,3.0,0.2,0.01,0.01,0.001,0.3,0.05,,0.0,1000,1,64,0,4.15,[0.5667],[None],2019
2460,False,False,64,"(0.4, 0.3, 0.3)",64,4,0,20,1e-05,1e-05,100,0.01,3.0,0.2,0.01,0.01,0.001,0.3,0.1,,0.0,1000,1,64,0,4.16,[0.6147],[None],2000
2461,False,False,64,"(0.4, 0.3, 0.3)",64,4,0,20,1e-05,1e-05,100,0.01,3.0,0.2,0.01,0.01,0.001,0.3,0.1,,0.0,1000,1,64,0,4.16,[0.5873],[None],2001
2462,False,False,64,"(0.4, 0.3, 0.3)",64,4,0,20,1e-05,1e-05,100,0.01,3.0,0.2,0.01,0.01,0.001,0.3,0.1,,0.0,1000,1,64,1,4.17,[0.589],[None],2002
2463,False,False,64,"(0.4, 0.3, 0.3)",64,4,0,20,1e-05,1e-05,100,0.01,3.0,0.2,0.01,0.01,0.001,0.3,0.1,,0.0,1000,2,128,0,8.6,"[0.5478, 0.443]","[None, None]",2003
2464,False,False,64,"(0.4, 0.3, 0.3)",64,4,0,20,1e-05,1e-05,100,0.01,3.0,0.2,0.01,0.01,0.001,0.3,0.1,,0.0,1000,2,128,0,8.65,"[0.6674, 0.3759]","[None, None]",2004
2465,False,False,64,"(0.4, 0.3, 0.3)",64,4,0,20,1e-05,1e-05,100,0.01,3.0,0.2,0.01,0.01,0.001,0.3,0.1,,0.0,1000,1,64,0,4.16,[0.5434],[None],2005
2466,False,False,64,"(0.4, 0.3, 0.3)",64,4,0,20,1e-05,1e-05,100,0.01,3.0,0.2,0.01,0.01,0.001,0.3,0.1,,0.0,1000,1,64,0,4.17,[0.5795],[None],2006
2467,False,False,64,"(0.4, 0.3, 0.3)",64,4,0,20,1e-05,1e-05,100,0.01,3.0,0.2,0.01,0.01,0.001,0.3,0.1,,0.0,1000,1,64,0,4.16,[0.6169],[None],2007
2468,False,False,64,"(0.4, 0.3, 0.3)",64,4,0,20,1e-05,1e-05,100,0.01,3.0,0.2,0.01,0.01,0.001,0.3,0.1,,0.0,1000,1,64,1,4.17,[0.4157],[None],2008
2469,False,False,64,"(0.4, 0.3, 0.3)",64,4,0,20,1e-05,1e-05,100,0.01,3.0,0.2,0.01,0.01,0.001,0.3,0.1,,0.0,1000,1,64,0,4.16,[0.5608],[None],2009
2470,False,False,64,"(0.4, 0.3, 0.3)",64,4,0,20,1e-05,1e-05,100,0.01,3.0,0.2,0.01,0.01,0.001,0.3,0.1,,0.0,1000,1,64,0,4.17,[0.4219],[None],2010
2471,False,False,64,"(0.4, 0.3, 0.3)",64,4,0,20,1e-05,1e-05,100,0.01,3.0,0.2,0.01,0.01,0.001,0.3,0.1,,0.0,1000,1,64,1,4.17,[0.6003],[None],2011
2472,False,False,64,"(0.4, 0.3, 0.3)",64,4,0,20,1e-05,1e-05,100,0.01,3.0,0.2,0.01,0.01,0.001,0.3,0.1,,0.0,1000,2,128,1,8.6,"[0.5131, 0.4963]","[None, None]",2012
2473,False,False,64,"(0.4, 0.3, 0.3)",64,4,0,20,1e-05,1e-05,100,0.01,3.0,0.2,0.01,0.01,0.001,0.3,0.1,,0.0,1000,2,128,1,8.59,"[0.5406, 0.3722]","[None, None]",2013
2474,False,False,64,"(0.4, 0.3, 0.3)",64,4,0,20,1e-05,1e-05,100,0.01,3.0,0.2,0.01,0.01,0.001,0.3,0.1,,0.0,1000,1,64,0,4.17,[0.63],[None],2014
2475,False,False,64,"(0.4, 0.3, 0.3)",64,4,0,20,1e-05,1e-05,100,0.01,3.0,0.2,0.01,0.01,0.001,0.3,0.1,,0.0,1000,2,128,0,8.6,"[0.4509, 0.2476]","[None, None]",2015
2476,False,False,64,"(0.4, 0.3, 0.3)",64,4,0,20,1e-05,1e-05,100,0.01,3.0,0.2,0.01,0.01,0.001,0.3,0.1,,0.0,1000,1,64,0,4.15,[0.4599],[None],2016
2477,False,False,64,"(0.4, 0.3, 0.3)",64,4,0,20,1e-05,1e-05,100,0.01,3.0,0.2,0.01,0.01,0.001,0.3,0.1,,0.0,1000,2,128,1,8.35,"[0.6776, 0.5245]","[None, None]",2017
2478,False,False,64,"(0.4, 0.3, 0.3)",64,4,0,20,1e-05,1e-05,100,0.01,3.0,0.2,0.01,0.01,0.001,0.3,0.1,,0.0,1000,2,128,1,8.41,"[0.5109, 0.3915]","[None, None]",2018
2479,False,False,64,"(0.4, 0.3, 0.3)",64,4,0,20,1e-05,1e-05,100,0.01,3.0,0.2,0.01,0.01,0.001,0.3,0.1,,0.0,1000,1,64,0,4.16,[0.5816],[None],2019
2480,False,False,64,"(0.4, 0.3, 0.3)",64,4,0,20,1e-05,1e-05,100,0.01,3.0,0.3,0.01,0.001,0.001,0.3,0.05,,0.0,1000,1,64,0,4.06,[0.5269],[None],2000
2481,False,False,64,"(0.4, 0.3, 0.3)",64,4,0,20,1e-05,1e-05,100,0.01,3.0,0.3,0.01,0.001,0.001,0.3,0.05,,0.0,1000,1,64,0,4.15,[0.5929],[None],2001
2482,False,False,64,"(0.4, 0.3, 0.3)",64,4,0,20,1e-05,1e-05,100,0.01,3.0,0.3,0.01,0.001,0.001,0.3,0.05,,0.0,1000,1,64,1,4.17,[0.4451],[None],2002
2483,False,False,64,"(0.4, 0.3, 0.3)",64,4,0,20,1e-05,1e-05,100,0.01,3.0,0.3,0.01,0.001,0.001,0.3,0.05,,0.0,1000,2,128,1,8.61,"[0.5351, 0.4368]","[None, None]",2003
2484,False,False,64,"(0.4, 0.3, 0.3)",64,4,0,20,1e-05,1e-05,100,0.01,3.0,0.3,0.01,0.001,0.001,0.3,0.05,,0.0,1000,2,128,1,8.51,"[0.6163, 0.3306]","[None, None]",2004
2485,False,False,64,"(0.4, 0.3, 0.3)",64,4,0,20,1e-05,1e-05,100,0.01,3.0,0.3,0.01,0.001,0.001,0.3,0.05,,0.0,1000,1,64,0,4.04,[0.4187],[None],2005
2486,False,False,64,"(0.4, 0.3, 0.3)",64,4,0,20,1e-05,1e-05,100,0.01,3.0,0.3,0.01,0.001,0.001,0.3,0.05,,0.0,1000,1,64,0,4.05,[0.4944],[None],2006
2487,False,False,64,"(0.4, 0.3, 0.3)",64,4,0,20,1e-05,1e-05,100,0.01,3.0,0.3,0.01,0.001,0.001,0.3,0.05,,0.0,1000,1,64,0,4.05,[0.5751],[None],2007
2488,False,False,64,"(0.4, 0.3, 0.3)",64,4,0,20,1e-05,1e-05,100,0.01,3.0,0.3,0.01,0.001,0.001,0.3,0.05,,0.0,1000,1,64,1,4.05,[0.4025],[None],2008
2489,False,False,64,"(0.4, 0.3, 0.3)",64,4,0,20,1e-05,1e-05,100,0.01,3.0,0.3,0.01,0.001,0.001,0.3,0.05,,0.0,1000,1,64,0,4.13,[0.4042],[None],2009
2490,False,False,64,"(0.4, 0.3, 0.3)",64,4,0,20,1e-05,1e-05,100,0.01,3.0,0.3,0.01,0.001,0.001,0.3,0.05,,0.0,1000,1,64,0,4.13,[0.1672],[None],2010
2491,False,False,64,"(0.4, 0.3, 0.3)",64,4,0,20,1e-05,1e-05,100,0.01,3.0,0.3,0.01,0.001,0.001,0.3,0.05,,0.0,1000,1,64,1,4.06,[0.5487],[None],2011
2492,False,False,64,"(0.4, 0.3, 0.3)",64,4,0,20,1e-05,1e-05,100,0.01,3.0,0.3,0.01,0.001,0.001,0.3,0.05,,0.0,1000,2,128,1,8.44,"[0.5545, 0.4835]","[None, None]",2012
2493,False,False,64,"(0.4, 0.3, 0.3)",64,4,0,20,1e-05,1e-05,100,0.01,3.0,0.3,0.01,0.001,0.001,0.3,0.05,,0.0,1000,2,128,1,8.5,"[0.4642, 0.2776]","[None, None]",2013
2494,False,False,64,"(0.4, 0.3, 0.3)",64,4,0,20,1e-05,1e-05,100,0.01,3.0,0.3,0.01,0.001,0.001,0.3,0.05,,0.0,1000,2,128,0,8.36,"[0.581, 0.2686]","[None, None]",2014
2495,False,False,64,"(0.4, 0.3, 0.3)",64,4,0,20,1e-05,1e-05,100,0.01,3.0,0.3,0.01,0.001,0.001,0.3,0.05,,0.0,1000,2,128,0,8.5,"[0.2219, 0.2]","[None, None]",2015
2496,False,False,64,"(0.4, 0.3, 0.3)",64,4,0,20,1e-05,1e-05,100,0.01,3.0,0.3,0.01,0.001,0.001,0.3,0.05,,0.0,1000,1,64,0,4.05,[0.4209],[None],2016
2497,False,False,64,"(0.4, 0.3, 0.3)",64,4,0,20,1e-05,1e-05,100,0.01,3.0,0.3,0.01,0.001,0.001,0.3,0.05,,0.0,1000,2,128,1,8.36,"[0.6495, 0.3897]","[None, None]",2017
2498,False,False,64,"(0.4, 0.3, 0.3)",64,4,0,20,1e-05,1e-05,100,0.01,3.0,0.3,0.01,0.001,0.001,0.3,0.05,,0.0,1000,2,128,1,8.35,"[0.521, 0.2869]","[None, None]",2018
2499,False,False,64,"(0.4, 0.3, 0.3)",64,4,0,20,1e-05,1e-05,100,0.01,3.0,0.3,0.01,0.001,0.001,0.3,0.05,,0.0,1000,1,64,0,4.05,[0.5269],[None],2019
2500,False,False,64,"(0.4, 0.3, 0.3)",64,4,0,20,1e-05,1e-05,100,0.01,3.0,0.3,0.01,0.001,0.001,0.3,0.1,,0.0,1000,1,64,0,4.05,[0.5516],[None],2000
2501,False,False,64,"(0.4, 0.3, 0.3)",64,4,0,20,1e-05,1e-05,100,0.01,3.0,0.3,0.01,0.001,0.001,0.3,0.1,,0.0,1000,1,64,0,4.05,[0.5592],[None],2001
2502,False,False,64,"(0.4, 0.3, 0.3)",64,4,0,20,1e-05,1e-05,100,0.01,3.0,0.3,0.01,0.001,0.001,0.3,0.1,,0.0,1000,1,64,1,4.07,[0.5075],[None],2002
2503,False,False,64,"(0.4, 0.3, 0.3)",64,4,0,20,1e-05,1e-05,100,0.01,3.0,0.3,0.01,0.001,0.001,0.3,0.1,,0.0,1000,2,128,0,8.42,"[0.4943, 0.4848]","[None, None]",2003
2504,False,False,64,"(0.4, 0.3, 0.3)",64,4,0,20,1e-05,1e-05,100,0.01,3.0,0.3,0.01,0.001,0.001,0.3,0.1,,0.0,1000,1,64,0,4.07,[0.6252],[None],2004
2505,False,False,64,"(0.4, 0.3, 0.3)",64,4,0,20,1e-05,1e-05,100,0.01,3.0,0.3,0.01,0.001,0.001,0.3,0.1,,0.0,1000,1,64,0,4.06,[0.4662],[None],2005
2506,False,False,64,"(0.4, 0.3, 0.3)",64,4,0,20,1e-05,1e-05,100,0.01,3.0,0.3,0.01,0.001,0.001,0.3,0.1,,0.0,1000,1,64,0,4.05,[0.5022],[None],2006
2507,False,False,64,"(0.4, 0.3, 0.3)",64,4,0,20,1e-05,1e-05,100,0.01,3.0,0.3,0.01,0.001,0.001,0.3,0.1,,0.0,1000,1,64,0,4.05,[0.5753],[None],2007
2508,False,False,64,"(0.4, 0.3, 0.3)",64,4,0,20,1e-05,1e-05,100,0.01,3.0,0.3,0.01,0.001,0.001,0.3,0.1,,0.0,1000,1,64,1,4.05,[0.3313],[None],2008
2509,False,False,64,"(0.4, 0.3, 0.3)",64,4,0,20,1e-05,1e-05,100,0.01,3.0,0.3,0.01,0.001,0.001,0.3,0.1,,0.0,1000,1,64,0,4.05,[0.4726],[None],2009
2510,False,False,64,"(0.4, 0.3, 0.3)",64,4,0,20,1e-05,1e-05,100,0.01,3.0,0.3,0.01,0.001,0.001,0.3,0.1,,0.0,1000,1,64,0,4.05,[0.1593],[None],2010
2511,False,False,64,"(0.4, 0.3, 0.3)",64,4,0,20,1e-05,1e-05,100,0.01,3.0,0.3,0.01,0.001,0.001,0.3,0.1,,0.0,1000,1,64,1,4.05,[0.5597],[None],2011
2512,False,False,64,"(0.4, 0.3, 0.3)",64,4,0,20,1e-05,1e-05,100,0.01,3.0,0.3,0.01,0.001,0.001,0.3,0.1,,0.0,1000,2,128,1,8.59,"[0.4656, 0.4585]","[None, None]",2012
2513,False,False,64,"(0.4, 0.3, 0.3)",64,4,0,20,1e-05,1e-05,100,0.01,3.0,0.3,0.01,0.001,0.001,0.3,0.1,,0.0,1000,2,128,0,8.68,"[0.445, 0.316]","[None, None]",2013
2514,False,False,64,"(0.4, 0.3, 0.3)",64,4,0,20,1e-05,1e-05,100,0.01,3.0,0.3,0.01,0.001,0.001,0.3,0.1,,0.0,1000,2,128,0,8.6,"[0.5938, 0.3549]","[None, None]",2014
2515,False,False,64,"(0.4, 0.3, 0.3)",64,4,0,20,1e-05,1e-05,100,0.01,3.0,0.3,0.01,0.001,0.001,0.3,0.1,,0.0,1000,2,128,0,8.59,"[0.3176, 0.1622]","[None, None]",2015
2516,False,False,64,"(0.4, 0.3, 0.3)",64,4,0,20,1e-05,1e-05,100,0.01,3.0,0.3,0.01,0.001,0.001,0.3,0.1,,0.0,1000,1,64,0,4.17,[0.4037],[None],2016
2517,False,False,64,"(0.4, 0.3, 0.3)",64,4,0,20,1e-05,1e-05,100,0.01,3.0,0.3,0.01,0.001,0.001,0.3,0.1,,0.0,1000,1,64,0,4.17,[0.6396],[None],2017
2518,False,False,64,"(0.4, 0.3, 0.3)",64,4,0,20,1e-05,1e-05,100,0.01,3.0,0.3,0.01,0.001,0.001,0.3,0.1,,0.0,1000,2,128,1,8.6,"[0.4551, 0.3598]","[None, None]",2018
2519,False,False,64,"(0.4, 0.3, 0.3)",64,4,0,20,1e-05,1e-05,100,0.01,3.0,0.3,0.01,0.001,0.001,0.3,0.1,,0.0,1000,1,64,0,4.17,[0.5243],[None],2019
2520,False,False,64,"(0.4, 0.3, 0.3)",64,4,0,20,1e-05,1e-05,100,0.01,3.0,0.3,0.01,0.01,0.001,0.3,0.05,,0.0,1000,1,64,0,4.17,[0.5048],[None],2000
2521,False,False,64,"(0.4, 0.3, 0.3)",64,4,0,20,1e-05,1e-05,100,0.01,3.0,0.3,0.01,0.01,0.001,0.3,0.05,,0.0,1000,1,64,0,4.18,[0.5815],[None],2001
2522,False,False,64,"(0.4, 0.3, 0.3)",64,4,0,20,1e-05,1e-05,100,0.01,3.0,0.3,0.01,0.01,0.001,0.3,0.05,,0.0,1000,1,64,1,4.17,[0.4184],[None],2002
2523,False,False,64,"(0.4, 0.3, 0.3)",64,4,0,20,1e-05,1e-05,100,0.01,3.0,0.3,0.01,0.01,0.001,0.3,0.05,,0.0,1000,2,128,1,8.6,"[0.5149, 0.473]","[None, None]",2003
2524,False,False,64,"(0.4, 0.3, 0.3)",64,4,0,20,1e-05,1e-05,100,0.01,3.0,0.3,0.01,0.01,0.001,0.3,0.05,,0.0,1000,2,128,0,8.61,"[0.6024, 0.3103]","[None, None]",2004
2525,False,False,64,"(0.4, 0.3, 0.3)",64,4,0,20,1e-05,1e-05,100,0.01,3.0,0.3,0.01,0.01,0.001,0.3,0.05,,0.0,1000,1,64,0,4.17,[0.396],[None],2005
2526,False,False,64,"(0.4, 0.3, 0.3)",64,4,0,20,1e-05,1e-05,100,0.01,3.0,0.3,0.01,0.01,0.001,0.3,0.05,,0.0,1000,1,64,0,4.16,[0.4692],[None],2006
2527,False,False,64,"(0.4, 0.3, 0.3)",64,4,0,20,1e-05,1e-05,100,0.01,3.0,0.3,0.01,0.01,0.001,0.3,0.05,,0.0,1000,1,64,0,4.17,[0.5626],[None],2007
2528,False,False,64,"(0.4, 0.3, 0.3)",64,4,0,20,1e-05,1e-05,100,0.01,3.0,0.3,0.01,0.01,0.001,0.3,0.05,,0.0,1000,1,64,1,4.17,[0.3791],[None],2008
2529,False,False,64,"(0.4, 0.3, 0.3)",64,4,0,20,1e-05,1e-05,100,0.01,3.0,0.3,0.01,0.01,0.001,0.3,0.05,,0.0,1000,1,64,0,4.18,[0.3744],[None],2009
2530,False,False,64,"(0.4, 0.3, 0.3)",64,4,0,20,1e-05,1e-05,100,0.01,3.0,0.3,0.01,0.01,0.001,0.3,0.05,,0.0,1000,1,64,0,4.09,[0.116],[None],2010
2531,False,False,64,"(0.4, 0.3, 0.3)",64,4,0,20,1e-05,1e-05,100,0.01,3.0,0.3,0.01,0.01,0.001,0.3,0.05,,0.0,1000,1,64,1,4.07,[0.5283],[None],2011
2532,False,False,64,"(0.4, 0.3, 0.3)",64,4,0,20,1e-05,1e-05,100,0.01,3.0,0.3,0.01,0.01,0.001,0.3,0.05,,0.0,1000,2,128,1,8.59,"[0.5399, 0.4831]","[None, None]",2012
2533,False,False,64,"(0.4, 0.3, 0.3)",64,4,0,20,1e-05,1e-05,100,0.01,3.0,0.3,0.01,0.01,0.001,0.3,0.05,,0.0,1000,2,128,1,8.59,"[0.4417, 0.2857]","[None, None]",2013
2534,False,False,64,"(0.4, 0.3, 0.3)",64,4,0,20,1e-05,1e-05,100,0.01,3.0,0.3,0.01,0.01,0.001,0.3,0.05,,0.0,1000,2,128,0,8.37,"[0.5626, 0.3134]","[None, None]",2014
2535,False,False,64,"(0.4, 0.3, 0.3)",64,4,0,20,1e-05,1e-05,100,0.01,3.0,0.3,0.01,0.01,0.001,0.3,0.05,,0.0,1000,2,128,0,8.36,"[0.1902, 0.2565]","[None, None]",2015
2536,False,False,64,"(0.4, 0.3, 0.3)",64,4,0,20,1e-05,1e-05,100,0.01,3.0,0.3,0.01,0.01,0.001,0.3,0.05,,0.0,1000,1,64,0,4.11,[0.3964],[None],2016
2537,False,False,64,"(0.4, 0.3, 0.3)",64,4,0,20,1e-05,1e-05,100,0.01,3.0,0.3,0.01,0.01,0.001,0.3,0.05,,0.0,1000,2,128,1,8.34,"[0.6323, 0.4109]","[None, None]",2017
2538,False,False,64,"(0.4, 0.3, 0.3)",64,4,0,20,1e-05,1e-05,100,0.01,3.0,0.3,0.01,0.01,0.001,0.3,0.05,,0.0,1000,2,128,1,8.35,"[0.5016, 0.2875]","[None, None]",2018
2539,False,False,64,"(0.4, 0.3, 0.3)",64,4,0,20,1e-05,1e-05,100,0.01,3.0,0.3,0.01,0.01,0.001,0.3,0.05,,0.0,1000,1,64,0,4.05,[0.5034],[None],2019
2540,False,False,64,"(0.4, 0.3, 0.3)",64,4,0,20,1e-05,1e-05,100,0.01,3.0,0.3,0.01,0.01,0.001,0.3,0.1,,0.0,1000,1,64,0,4.05,[0.5258],[None],2000
2541,False,False,64,"(0.4, 0.3, 0.3)",64,4,0,20,1e-05,1e-05,100,0.01,3.0,0.3,0.01,0.01,0.001,0.3,0.1,,0.0,1000,1,64,0,4.05,[0.545],[None],2001
2542,False,False,64,"(0.4, 0.3, 0.3)",64,4,0,20,1e-05,1e-05,100,0.01,3.0,0.3,0.01,0.01,0.001,0.3,0.1,,0.0,1000,1,64,1,4.06,[0.4787],[None],2002
2543,False,False,64,"(0.4, 0.3, 0.3)",64,4,0,20,1e-05,1e-05,100,0.01,3.0,0.3,0.01,0.01,0.001,0.3,0.1,,0.0,1000,2,128,1,8.6,"[0.4702, 0.464]","[None, None]",2003
2544,False,False,64,"(0.4, 0.3, 0.3)",64,4,0,20,1e-05,1e-05,100,0.01,3.0,0.3,0.01,0.01,0.001,0.3,0.1,,0.0,1000,1,64,0,4.15,[0.6068],[None],2004
2545,False,False,64,"(0.4, 0.3, 0.3)",64,4,0,20,1e-05,1e-05,100,0.01,3.0,0.3,0.01,0.01,0.001,0.3,0.1,,0.0,1000,1,64,0,4.14,[0.4385],[None],2005
2546,False,False,64,"(0.4, 0.3, 0.3)",64,4,0,20,1e-05,1e-05,100,0.01,3.0,0.3,0.01,0.01,0.001,0.3,0.1,,0.0,1000,1,64,0,4.11,[0.4709],[None],2006
2547,False,False,64,"(0.4, 0.3, 0.3)",64,4,0,20,1e-05,1e-05,100,0.01,3.0,0.3,0.01,0.01,0.001,0.3,0.1,,0.0,1000,1,64,0,4.05,[0.554],[None],2007
2548,False,False,64,"(0.4, 0.3, 0.3)",64,4,0,20,1e-05,1e-05,100,0.01,3.0,0.3,0.01,0.01,0.001,0.3,0.1,,0.0,1000,1,64,1,4.05,[0.3036],[None],2008
2549,False,False,64,"(0.4, 0.3, 0.3)",64,4,0,20,1e-05,1e-05,100,0.01,3.0,0.3,0.01,0.01,0.001,0.3,0.1,,0.0,1000,1,64,0,4.07,[0.4427],[None],2009
2550,False,False,64,"(0.4, 0.3, 0.3)",64,4,0,20,1e-05,1e-05,100,0.01,3.0,0.3,0.01,0.01,0.001,0.3,0.1,,0.0,1000,1,64,0,4.12,[0.0929],[None],2010
2551,False,False,64,"(0.4, 0.3, 0.3)",64,4,0,20,1e-05,1e-05,100,0.01,3.0,0.3,0.01,0.01,0.001,0.3,0.1,,0.0,1000,1,64,1,4.08,[0.542],[None],2011
2552,False,False,64,"(0.4, 0.3, 0.3)",64,4,0,20,1e-05,1e-05,100,0.01,3.0,0.3,0.01,0.01,0.001,0.3,0.1,,0.0,1000,2,128,1,8.39,"[0.4476, 0.4388]","[None, None]",2012
2553,False,False,64,"(0.4, 0.3, 0.3)",64,4,0,20,1e-05,1e-05,100,0.01,3.0,0.3,0.01,0.01,0.001,0.3,0.1,,0.0,1000,2,128,1,8.44,"[0.4276, 0.3137]","[None, None]",2013
2554,False,False,64,"(0.4, 0.3, 0.3)",64,4,0,20,1e-05,1e-05,100,0.01,3.0,0.3,0.01,0.01,0.001,0.3,0.1,,0.0,1000,1,64,0,4.04,[0.5732],[None],2014
2555,False,False,64,"(0.4, 0.3, 0.3)",64,4,0,20,1e-05,1e-05,100,0.01,3.0,0.3,0.01,0.01,0.001,0.3,0.1,,0.0,1000,2,128,0,8.43,"[0.292, 0.1767]","[None, None]",2015
2556,False,False,64,"(0.4, 0.3, 0.3)",64,4,0,20,1e-05,1e-05,100,0.01,3.0,0.3,0.01,0.01,0.001,0.3,0.1,,0.0,1000,1,64,0,4.17,[0.3687],[None],2016
2557,False,False,64,"(0.4, 0.3, 0.3)",64,4,0,20,1e-05,1e-05,100,0.01,3.0,0.3,0.01,0.01,0.001,0.3,0.1,,0.0,1000,1,64,0,4.17,[0.6198],[None],2017
2558,False,False,64,"(0.4, 0.3, 0.3)",64,4,0,20,1e-05,1e-05,100,0.01,3.0,0.3,0.01,0.01,0.001,0.3,0.1,,0.0,1000,2,128,1,8.59,"[0.4307, 0.3601]","[None, None]",2018
2559,False,False,64,"(0.4, 0.3, 0.3)",64,4,0,20,1e-05,1e-05,100,0.01,3.0,0.3,0.01,0.01,0.001,0.3,0.1,,0.0,1000,1,64,0,4.17,[0.4992],[None],2019
2560,False,False,64,"(0.5, 0.2, 0.3)",64,4,0,20,1e-05,0.0001,100,0.01,2.0,0.01,0.01,0.001,0.001,0.3,0.05,,0.0,1000,1,64,0,4.12,[0.7115],[None],2000
2561,False,False,64,"(0.5, 0.2, 0.3)",64,4,0,20,1e-05,0.0001,100,0.01,2.0,0.01,0.01,0.001,0.001,0.3,0.05,,0.0,1000,1,64,0,4.11,[0.5822],[None],2001
2562,False,False,64,"(0.5, 0.2, 0.3)",64,4,0,20,1e-05,0.0001,100,0.01,2.0,0.01,0.01,0.001,0.001,0.3,0.05,,0.0,1000,1,64,1,4.05,[0.6933],[None],2002
2563,False,False,64,"(0.5, 0.2, 0.3)",64,4,0,20,1e-05,0.0001,100,0.01,2.0,0.01,0.01,0.001,0.001,0.3,0.05,,0.0,1000,2,128,1,8.36,"[0.6642, 0.692]","[None, None]",2003
2564,False,False,64,"(0.5, 0.2, 0.3)",64,4,0,20,1e-05,0.0001,100,0.01,2.0,0.01,0.01,0.001,0.001,0.3,0.05,,0.0,1000,1,64,0,4.12,[0.7107],[None],2004
2565,False,False,64,"(0.5, 0.2, 0.3)",64,4,0,20,1e-05,0.0001,100,0.01,2.0,0.01,0.01,0.001,0.001,0.3,0.05,,0.0,1000,1,64,0,4.05,[0.6501],[None],2005
2566,False,False,64,"(0.5, 0.2, 0.3)",64,4,0,20,1e-05,0.0001,100,0.01,2.0,0.01,0.01,0.001,0.001,0.3,0.05,,0.0,1000,1,64,0,4.05,[0.6643],[None],2006
2567,False,False,64,"(0.5, 0.2, 0.3)",64,4,0,20,1e-05,0.0001,100,0.01,2.0,0.01,0.01,0.001,0.001,0.3,0.05,,0.0,1000,1,64,0,4.05,[0.6264],[None],2007
2568,False,False,64,"(0.5, 0.2, 0.3)",64,4,0,20,1e-05,0.0001,100,0.01,2.0,0.01,0.01,0.001,0.001,0.3,0.05,,0.0,1000,1,64,1,4.16,[0.4995],[None],2008
2569,False,False,64,"(0.5, 0.2, 0.3)",64,4,0,20,1e-05,0.0001,100,0.01,2.0,0.01,0.01,0.001,0.001,0.3,0.05,,0.0,1000,1,64,0,4.16,[0.6422],[None],2009
2570,False,False,64,"(0.5, 0.2, 0.3)",64,4,0,20,1e-05,0.0001,100,0.01,2.0,0.01,0.01,0.001,0.001,0.3,0.05,,0.0,1000,1,64,0,4.17,[0.6519],[None],2010
2571,False,False,64,"(0.5, 0.2, 0.3)",64,4,0,20,1e-05,0.0001,100,0.01,2.0,0.01,0.01,0.001,0.001,0.3,0.05,,0.0,1000,1,64,0,4.16,[0.6457],[None],2011
2572,False,False,64,"(0.5, 0.2, 0.3)",64,4,0,20,1e-05,0.0001,100,0.01,2.0,0.01,0.01,0.001,0.001,0.3,0.05,,0.0,1000,1,64,0,4.1,[0.6304],[None],2012
2573,False,False,64,"(0.5, 0.2, 0.3)",64,4,0,20,1e-05,0.0001,100,0.01,2.0,0.01,0.01,0.001,0.001,0.3,0.05,,0.0,1000,2,128,0,8.37,"[0.6801, 0.7242]","[None, None]",2013
2574,False,False,64,"(0.5, 0.2, 0.3)",64,4,0,20,1e-05,0.0001,100,0.01,2.0,0.01,0.01,0.001,0.001,0.3,0.05,,0.0,1000,1,64,0,4.16,[0.689],[None],2014
2575,False,False,64,"(0.5, 0.2, 0.3)",64,4,0,20,1e-05,0.0001,100,0.01,2.0,0.01,0.01,0.001,0.001,0.3,0.05,,0.0,1000,4,256,0,18.09,"[0.6666, 0.6634, 0.7372, 0.7161]","[None, None, None, None]",2015
2576,False,False,64,"(0.5, 0.2, 0.3)",64,4,0,20,1e-05,0.0001,100,0.01,2.0,0.01,0.01,0.001,0.001,0.3,0.05,,0.0,1000,2,128,0,8.61,"[0.6211, 0.5062]","[None, None]",2016
2577,False,False,64,"(0.5, 0.2, 0.3)",64,4,0,20,1e-05,0.0001,100,0.01,2.0,0.01,0.01,0.001,0.001,0.3,0.05,,0.0,1000,1,64,0,4.12,[0.711],[None],2017
2578,False,False,64,"(0.5, 0.2, 0.3)",64,4,0,20,1e-05,0.0001,100,0.01,2.0,0.01,0.01,0.001,0.001,0.3,0.05,,0.0,1000,2,128,1,8.33,"[0.6133, 0.6836]","[None, None]",2018
2579,False,False,64,"(0.5, 0.2, 0.3)",64,4,0,20,1e-05,0.0001,100,0.01,2.0,0.01,0.01,0.001,0.001,0.3,0.05,,0.0,1000,1,64,0,4.03,[0.6124],[None],2019
2580,False,False,64,"(0.5, 0.2, 0.3)",64,4,0,20,1e-05,0.0001,100,0.01,2.0,0.01,0.01,0.001,0.001,0.3,0.1,,0.0,1000,1,64,0,4.03,[0.7101],[None],2000
2581,False,False,64,"(0.5, 0.2, 0.3)",64,4,0,20,1e-05,0.0001,100,0.01,2.0,0.01,0.01,0.001,0.001,0.3,0.1,,0.0,1000,1,64,0,4.04,[0.5821],[None],2001
2582,False,False,64,"(0.5, 0.2, 0.3)",64,4,0,20,1e-05,0.0001,100,0.01,2.0,0.01,0.01,0.001,0.001,0.3,0.1,,0.0,1000,1,64,1,4.04,[0.6946],[None],2002
2583,False,False,64,"(0.5, 0.2, 0.3)",64,4,0,20,1e-05,0.0001,100,0.01,2.0,0.01,0.01,0.001,0.001,0.3,0.1,,0.0,1000,2,128,1,8.33,"[0.6629, 0.6898]","[None, None]",2003
2584,False,False,64,"(0.5, 0.2, 0.3)",64,4,0,20,1e-05,0.0001,100,0.01,2.0,0.01,0.01,0.001,0.001,0.3,0.1,,0.0,1000,1,64,0,4.04,[0.7107],[None],2004
2585,False,False,64,"(0.5, 0.2, 0.3)",64,4,0,20,1e-05,0.0001,100,0.01,2.0,0.01,0.01,0.001,0.001,0.3,0.1,,0.0,1000,1,64,0,4.04,[0.6479],[None],2005
2586,False,False,64,"(0.5, 0.2, 0.3)",64,4,0,20,1e-05,0.0001,100,0.01,2.0,0.01,0.01,0.001,0.001,0.3,0.1,,0.0,1000,1,64,0,4.11,[0.662],[None],2006
2587,False,False,64,"(0.5, 0.2, 0.3)",64,4,0,20,1e-05,0.0001,100,0.01,2.0,0.01,0.01,0.001,0.001,0.3,0.1,,0.0,1000,3,192,0,12.81,"[0.6253, 0.6676, 0.5817]","[None, None, None]",2007
2588,False,False,64,"(0.5, 0.2, 0.3)",64,4,0,20,1e-05,0.0001,100,0.01,2.0,0.01,0.01,0.001,0.001,0.3,0.1,,0.0,1000,1,64,1,4.04,[0.4937],[None],2008
2589,False,False,64,"(0.5, 0.2, 0.3)",64,4,0,20,1e-05,0.0001,100,0.01,2.0,0.01,0.01,0.001,0.001,0.3,0.1,,0.0,1000,1,64,0,4.04,[0.6415],[None],2009
2590,False,False,64,"(0.5, 0.2, 0.3)",64,4,0,20,1e-05,0.0001,100,0.01,2.0,0.01,0.01,0.001,0.001,0.3,0.1,,0.0,1000,1,64,0,4.04,[0.6517],[None],2010
2591,False,False,64,"(0.5, 0.2, 0.3)",64,4,0,20,1e-05,0.0001,100,0.01,2.0,0.01,0.01,0.001,0.001,0.3,0.1,,0.0,1000,1,64,0,4.03,[0.6431],[None],2011
2592,False,False,64,"(0.5, 0.2, 0.3)",64,4,0,20,1e-05,0.0001,100,0.01,2.0,0.01,0.01,0.001,0.001,0.3,0.1,,0.0,1000,1,64,0,4.04,[0.6297],[None],2012
2593,False,False,64,"(0.5, 0.2, 0.3)",64,4,0,20,1e-05,0.0001,100,0.01,2.0,0.01,0.01,0.001,0.001,0.3,0.1,,0.0,1000,2,128,0,8.31,"[0.6804, 0.7071]","[None, None]",2013
2594,False,False,64,"(0.5, 0.2, 0.3)",64,4,0,20,1e-05,0.0001,100,0.01,2.0,0.01,0.01,0.001,0.001,0.3,0.1,,0.0,1000,1,64,0,4.04,[0.6868],[None],2014
2595,False,False,64,"(0.5, 0.2, 0.3)",64,4,0,20,1e-05,0.0001,100,0.01,2.0,0.01,0.01,0.001,0.001,0.3,0.1,,0.0,1000,3,192,0,12.79,"[0.6676, 0.6635, 0.7192]","[None, None, None]",2015
2596,False,False,64,"(0.5, 0.2, 0.3)",64,4,0,20,1e-05,0.0001,100,0.01,2.0,0.01,0.01,0.001,0.001,0.3,0.1,,0.0,1000,2,128,0,8.36,"[0.6198, 0.5449]","[None, None]",2016
2597,False,False,64,"(0.5, 0.2, 0.3)",64,4,0,20,1e-05,0.0001,100,0.01,2.0,0.01,0.01,0.001,0.001,0.3,0.1,,0.0,1000,1,64,0,4.04,[0.7102],[None],2017
2598,False,False,64,"(0.5, 0.2, 0.3)",64,4,0,20,1e-05,0.0001,100,0.01,2.0,0.01,0.01,0.001,0.001,0.3,0.1,,0.0,1000,2,128,1,8.51,"[0.6121, 0.687]","[None, None]",2018
2599,False,False,64,"(0.5, 0.2, 0.3)",64,4,0,20,1e-05,0.0001,100,0.01,2.0,0.01,0.01,0.001,0.001,0.3,0.1,,0.0,1000,1,64,0,4.17,[0.6106],[None],2019
2600,False,False,64,"(0.5, 0.2, 0.3)",64,4,0,20,1e-05,0.0001,100,0.01,2.0,0.01,0.01,0.01,0.001,0.3,0.05,,0.0,1000,1,64,0,4.17,[0.7123],[None],2000
2601,False,False,64,"(0.5, 0.2, 0.3)",64,4,0,20,1e-05,0.0001,100,0.01,2.0,0.01,0.01,0.01,0.001,0.3,0.05,,0.0,1000,1,64,0,4.17,[0.5851],[None],2001
2602,False,False,64,"(0.5, 0.2, 0.3)",64,4,0,20,1e-05,0.0001,100,0.01,2.0,0.01,0.01,0.01,0.001,0.3,0.05,,0.0,1000,1,64,1,4.05,[0.6929],[None],2002
2603,False,False,64,"(0.5, 0.2, 0.3)",64,4,0,20,1e-05,0.0001,100,0.01,2.0,0.01,0.01,0.01,0.001,0.3,0.05,,0.0,1000,2,128,1,8.33,"[0.6631, 0.6999]","[None, None]",2003
2604,False,False,64,"(0.5, 0.2, 0.3)",64,4,0,20,1e-05,0.0001,100,0.01,2.0,0.01,0.01,0.01,0.001,0.3,0.05,,0.0,1000,1,64,0,4.03,[0.7116],[None],2004
2605,False,False,64,"(0.5, 0.2, 0.3)",64,4,0,20,1e-05,0.0001,100,0.01,2.0,0.01,0.01,0.01,0.001,0.3,0.05,,0.0,1000,1,64,0,4.04,[0.6521],[None],2005
2606,False,False,64,"(0.5, 0.2, 0.3)",64,4,0,20,1e-05,0.0001,100,0.01,2.0,0.01,0.01,0.01,0.001,0.3,0.05,,0.0,1000,1,64,0,4.04,[0.6631],[None],2006
2607,False,False,64,"(0.5, 0.2, 0.3)",64,4,0,20,1e-05,0.0001,100,0.01,2.0,0.01,0.01,0.01,0.001,0.3,0.05,,0.0,1000,1,64,0,4.07,[0.6251],[None],2007
2608,False,False,64,"(0.5, 0.2, 0.3)",64,4,0,20,1e-05,0.0001,100,0.01,2.0,0.01,0.01,0.01,0.001,0.3,0.05,,0.0,1000,1,64,1,4.15,[0.4962],[None],2008
2609,False,False,64,"(0.5, 0.2, 0.3)",64,4,0,20,1e-05,0.0001,100,0.01,2.0,0.01,0.01,0.01,0.001,0.3,0.05,,0.0,1000,1,64,0,4.04,[0.6429],[None],2009
2610,False,False,64,"(0.5, 0.2, 0.3)",64,4,0,20,1e-05,0.0001,100,0.01,2.0,0.01,0.01,0.01,0.001,0.3,0.05,,0.0,1000,1,64,0,4.04,[0.652],[None],2010
2611,False,False,64,"(0.5, 0.2, 0.3)",64,4,0,20,1e-05,0.0001,100,0.01,2.0,0.01,0.01,0.01,0.001,0.3,0.05,,0.0,1000,1,64,0,4.03,[0.6455],[None],2011
2612,False,False,64,"(0.5, 0.2, 0.3)",64,4,0,20,1e-05,0.0001,100,0.01,2.0,0.01,0.01,0.01,0.001,0.3,0.05,,0.0,1000,1,64,0,4.1,[0.6328],[None],2012
2613,False,False,64,"(0.5, 0.2, 0.3)",64,4,0,20,1e-05,0.0001,100,0.01,2.0,0.01,0.01,0.01,0.001,0.3,0.05,,0.0,1000,2,128,0,8.32,"[0.6805, 0.7022]","[None, None]",2013
2614,False,False,64,"(0.5, 0.2, 0.3)",64,4,0,20,1e-05,0.0001,100,0.01,2.0,0.01,0.01,0.01,0.001,0.3,0.05,,0.0,1000,1,64,0,4.04,[0.6888],[None],2014
2615,False,False,64,"(0.5, 0.2, 0.3)",64,4,0,20,1e-05,0.0001,100,0.01,2.0,0.01,0.01,0.01,0.001,0.3,0.05,,0.0,1000,3,192,0,12.81,"[0.6676, 0.6334, 0.735]","[None, None, None]",2015
2616,False,False,64,"(0.5, 0.2, 0.3)",64,4,0,20,1e-05,0.0001,100,0.01,2.0,0.01,0.01,0.01,0.001,0.3,0.05,,0.0,1000,2,128,0,8.34,"[0.6118, 0.5167]","[None, None]",2016
2617,False,False,64,"(0.5, 0.2, 0.3)",64,4,0,20,1e-05,0.0001,100,0.01,2.0,0.01,0.01,0.01,0.001,0.3,0.05,,0.0,1000,1,64,0,4.04,[0.7133],[None],2017
2618,False,False,64,"(0.5, 0.2, 0.3)",64,4,0,20,1e-05,0.0001,100,0.01,2.0,0.01,0.01,0.01,0.001,0.3,0.05,,0.0,1000,2,128,1,8.34,"[0.6149, 0.6826]","[None, None]",2018
2619,False,False,64,"(0.5, 0.2, 0.3)",64,4,0,20,1e-05,0.0001,100,0.01,2.0,0.01,0.01,0.01,0.001,0.3,0.05,,0.0,1000,1,64,0,4.04,[0.6172],[None],2019
2620,False,False,64,"(0.5, 0.2, 0.3)",64,4,0,20,1e-05,0.0001,100,0.01,2.0,0.01,0.01,0.01,0.001,0.3,0.1,,0.0,1000,1,64,0,4.04,[0.7114],[None],2000
2621,False,False,64,"(0.5, 0.2, 0.3)",64,4,0,20,1e-05,0.0001,100,0.01,2.0,0.01,0.01,0.01,0.001,0.3,0.1,,0.0,1000,1,64,0,4.03,[0.5834],[None],2001
2622,False,False,64,"(0.5, 0.2, 0.3)",64,4,0,20,1e-05,0.0001,100,0.01,2.0,0.01,0.01,0.01,0.001,0.3,0.1,,0.0,1000,1,64,1,4.04,[0.6936],[None],2002
2623,False,False,64,"(0.5, 0.2, 0.3)",64,4,0,20,1e-05,0.0001,100,0.01,2.0,0.01,0.01,0.01,0.001,0.3,0.1,,0.0,1000,2,128,1,8.32,"[0.663, 0.6966]","[None, None]",2003
2624,False,False,64,"(0.5, 0.2, 0.3)",64,4,0,20,1e-05,0.0001,100,0.01,2.0,0.01,0.01,0.01,0.001,0.3,0.1,,0.0,1000,1,64,0,4.04,[0.7113],[None],2004
2625,False,False,64,"(0.5, 0.2, 0.3)",64,4,0,20,1e-05,0.0001,100,0.01,2.0,0.01,0.01,0.01,0.001,0.3,0.1,,0.0,1000,1,64,0,4.04,[0.6508],[None],2005
2626,False,False,64,"(0.5, 0.2, 0.3)",64,4,0,20,1e-05,0.0001,100,0.01,2.0,0.01,0.01,0.01,0.001,0.3,0.1,,0.0,1000,1,64,0,4.04,[0.6626],[None],2006
2627,False,False,64,"(0.5, 0.2, 0.3)",64,4,0,20,1e-05,0.0001,100,0.01,2.0,0.01,0.01,0.01,0.001,0.3,0.1,,0.0,1000,1,64,0,4.04,[0.6259],[None],2007
2628,False,False,64,"(0.5, 0.2, 0.3)",64,4,0,20,1e-05,0.0001,100,0.01,2.0,0.01,0.01,0.01,0.001,0.3,0.1,,0.0,1000,1,64,1,4.04,[0.4894],[None],2008
2629,False,False,64,"(0.5, 0.2, 0.3)",64,4,0,20,1e-05,0.0001,100,0.01,2.0,0.01,0.01,0.01,0.001,0.3,0.1,,0.0,1000,1,64,0,4.04,[0.6428],[None],2009
2630,False,False,64,"(0.5, 0.2, 0.3)",64,4,0,20,1e-05,0.0001,100,0.01,2.0,0.01,0.01,0.01,0.001,0.3,0.1,,0.0,1000,1,64,0,4.04,[0.6516],[None],2010
2631,False,False,64,"(0.5, 0.2, 0.3)",64,4,0,20,1e-05,0.0001,100,0.01,2.0,0.01,0.01,0.01,0.001,0.3,0.1,,0.0,1000,1,64,0,4.04,[0.6461],[None],2011
2632,False,False,64,"(0.5, 0.2, 0.3)",64,4,0,20,1e-05,0.0001,100,0.01,2.0,0.01,0.01,0.01,0.001,0.3,0.1,,0.0,1000,1,64,0,4.03,[0.6312],[None],2012
2633,False,False,64,"(0.5, 0.2, 0.3)",64,4,0,20,1e-05,0.0001,100,0.01,2.0,0.01,0.01,0.01,0.001,0.3,0.1,,0.0,1000,2,128,0,8.32,"[0.6799, 0.6959]","[None, None]",2013
2634,False,False,64,"(0.5, 0.2, 0.3)",64,4,0,20,1e-05,0.0001,100,0.01,2.0,0.01,0.01,0.01,0.001,0.3,0.1,,0.0,1000,1,64,0,4.04,[0.687],[None],2014
2635,False,False,64,"(0.5, 0.2, 0.3)",64,4,0,20,1e-05,0.0001,100,0.01,2.0,0.01,0.01,0.01,0.001,0.3,0.1,,0.0,1000,3,192,0,12.87,"[0.6694, 0.6761, 0.7389]","[None, None, None]",2015
2636,False,False,64,"(0.5, 0.2, 0.3)",64,4,0,20,1e-05,0.0001,100,0.01,2.0,0.01,0.01,0.01,0.001,0.3,0.1,,0.0,1000,2,128,0,8.34,"[0.6085, 0.4915]","[None, None]",2016
2637,False,False,64,"(0.5, 0.2, 0.3)",64,4,0,20,1e-05,0.0001,100,0.01,2.0,0.01,0.01,0.01,0.001,0.3,0.1,,0.0,1000,1,64,0,4.04,[0.7134],[None],2017
2638,False,False,64,"(0.5, 0.2, 0.3)",64,4,0,20,1e-05,0.0001,100,0.01,2.0,0.01,0.01,0.01,0.001,0.3,0.1,,0.0,1000,2,128,1,8.33,"[0.6135, 0.6806]","[None, None]",2018
2639,False,False,64,"(0.5, 0.2, 0.3)",64,4,0,20,1e-05,0.0001,100,0.01,2.0,0.01,0.01,0.01,0.001,0.3,0.1,,0.0,1000,1,64,0,4.04,[0.6154],[None],2019
2640,False,False,64,"(0.5, 0.2, 0.3)",64,4,0,20,1e-05,0.0001,100,0.01,2.0,0.1,0.01,0.001,0.001,0.3,0.05,,0.0,1000,1,64,1,4.04,[0.716],[None],2000
2641,False,False,64,"(0.5, 0.2, 0.3)",64,4,0,20,1e-05,0.0001,100,0.01,2.0,0.1,0.01,0.001,0.001,0.3,0.05,,0.0,1000,1,64,0,4.04,[0.5432],[None],2001
2642,False,False,64,"(0.5, 0.2, 0.3)",64,4,0,20,1e-05,0.0001,100,0.01,2.0,0.1,0.01,0.001,0.001,0.3,0.05,,0.0,1000,1,64,1,4.04,[0.6832],[None],2002
2643,False,False,64,"(0.5, 0.2, 0.3)",64,4,0,20,1e-05,0.0001,100,0.01,2.0,0.1,0.01,0.001,0.001,0.3,0.05,,0.0,1000,2,128,1,8.33,"[0.6586, 0.7054]","[None, None]",2003
2644,False,False,64,"(0.5, 0.2, 0.3)",64,4,0,20,1e-05,0.0001,100,0.01,2.0,0.1,0.01,0.001,0.001,0.3,0.05,,0.0,1000,1,64,0,4.03,[0.7047],[None],2004
2645,False,False,64,"(0.5, 0.2, 0.3)",64,4,0,20,1e-05,0.0001,100,0.01,2.0,0.1,0.01,0.001,0.001,0.3,0.05,,0.0,1000,1,64,0,4.03,[0.646],[None],2005
2646,False,False,64,"(0.5, 0.2, 0.3)",64,4,0,20,1e-05,0.0001,100,0.01,2.0,0.1,0.01,0.001,0.001,0.3,0.05,,0.0,1000,1,64,0,4.04,[0.6621],[None],2006
2647,False,False,64,"(0.5, 0.2, 0.3)",64,4,0,20,1e-05,0.0001,100,0.01,2.0,0.1,0.01,0.001,0.001,0.3,0.05,,0.0,1000,2,128,0,8.32,"[0.6186, 0.6533]","[None, None]",2007
2648,False,False,64,"(0.5, 0.2, 0.3)",64,4,0,20,1e-05,0.0001,100,0.01,2.0,0.1,0.01,0.001,0.001,0.3,0.05,,0.0,1000,1,64,1,4.03,[0.4745],[None],2008
2649,False,False,64,"(0.5, 0.2, 0.3)",64,4,0,20,1e-05,0.0001,100,0.01,2.0,0.1,0.01,0.001,0.001,0.3,0.05,,0.0,1000,1,64,0,4.03,[0.6325],[None],2009
2650,False,False,64,"(0.5, 0.2, 0.3)",64,4,0,20,1e-05,0.0001,100,0.01,2.0,0.1,0.01,0.001,0.001,0.3,0.05,,0.0,1000,1,64,0,4.03,[0.6527],[None],2010
2651,False,False,64,"(0.5, 0.2, 0.3)",64,4,0,20,1e-05,0.0001,100,0.01,2.0,0.1,0.01,0.001,0.001,0.3,0.05,,0.0,1000,1,64,0,4.03,[0.6388],[None],2011
2652,False,False,64,"(0.5, 0.2, 0.3)",64,4,0,20,1e-05,0.0001,100,0.01,2.0,0.1,0.01,0.001,0.001,0.3,0.05,,0.0,1000,1,64,0,4.03,[0.6251],[None],2012
2653,False,False,64,"(0.5, 0.2, 0.3)",64,4,0,20,1e-05,0.0001,100,0.01,2.0,0.1,0.01,0.001,0.001,0.3,0.05,,0.0,1000,2,128,0,8.47,"[0.6773, 0.7285]","[None, None]",2013
2654,False,False,64,"(0.5, 0.2, 0.3)",64,4,0,20,1e-05,0.0001,100,0.01,2.0,0.1,0.01,0.001,0.001,0.3,0.05,,0.0,1000,1,64,0,4.07,[0.6823],[None],2014
2655,False,False,64,"(0.5, 0.2, 0.3)",64,4,0,20,1e-05,0.0001,100,0.01,2.0,0.1,0.01,0.001,0.001,0.3,0.05,,0.0,1000,1,64,0,4.04,[0.6655],[None],2015
2656,False,False,64,"(0.5, 0.2, 0.3)",64,4,0,20,1e-05,0.0001,100,0.01,2.0,0.1,0.01,0.001,0.001,0.3,0.05,,0.0,1000,2,128,0,8.35,"[0.5994, 0.5043]","[None, None]",2016
2657,False,False,64,"(0.5, 0.2, 0.3)",64,4,0,20,1e-05,0.0001,100,0.01,2.0,0.1,0.01,0.001,0.001,0.3,0.05,,0.0,1000,1,64,0,4.16,[0.7245],[None],2017
2658,False,False,64,"(0.5, 0.2, 0.3)",64,4,0,20,1e-05,0.0001,100,0.01,2.0,0.1,0.01,0.001,0.001,0.3,0.05,,0.0,1000,2,128,1,8.59,"[0.6036, 0.6854]","[None, None]",2018
2659,False,False,64,"(0.5, 0.2, 0.3)",64,4,0,20,1e-05,0.0001,100,0.01,2.0,0.1,0.01,0.001,0.001,0.3,0.05,,0.0,1000,1,64,0,4.23,[0.6362],[None],2019
2660,False,False,64,"(0.5, 0.2, 0.3)",64,4,0,20,1e-05,0.0001,100,0.01,2.0,0.1,0.01,0.001,0.001,0.3,0.1,,0.0,1000,1,64,1,4.14,[0.7075],[None],2000
2661,False,False,64,"(0.5, 0.2, 0.3)",64,4,0,20,1e-05,0.0001,100,0.01,2.0,0.1,0.01,0.001,0.001,0.3,0.1,,0.0,1000,1,64,0,4.04,[0.5425],[None],2001
2662,False,False,64,"(0.5, 0.2, 0.3)",64,4,0,20,1e-05,0.0001,100,0.01,2.0,0.1,0.01,0.001,0.001,0.3,0.1,,0.0,1000,1,64,1,4.04,[0.6875],[None],2002
2663,False,False,64,"(0.5, 0.2, 0.3)",64,4,0,20,1e-05,0.0001,100,0.01,2.0,0.1,0.01,0.001,0.001,0.3,0.1,,0.0,1000,2,128,1,8.32,"[0.6474, 0.6801]","[None, None]",2003
2664,False,False,64,"(0.5, 0.2, 0.3)",64,4,0,20,1e-05,0.0001,100,0.01,2.0,0.1,0.01,0.001,0.001,0.3,0.1,,0.0,1000,1,64,0,4.04,[0.6993],[None],2004
2665,False,False,64,"(0.5, 0.2, 0.3)",64,4,0,20,1e-05,0.0001,100,0.01,2.0,0.1,0.01,0.001,0.001,0.3,0.1,,0.0,1000,1,64,0,4.04,[0.6324],[None],2005
2666,False,False,64,"(0.5, 0.2, 0.3)",64,4,0,20,1e-05,0.0001,100,0.01,2.0,0.1,0.01,0.001,0.001,0.3,0.1,,0.0,1000,1,64,0,4.04,[0.6541],[None],2006
2667,False,False,64,"(0.5, 0.2, 0.3)",64,4,0,20,1e-05,0.0001,100,0.01,2.0,0.1,0.01,0.001,0.001,0.3,0.1,,0.0,1000,3,192,0,12.97,"[0.6205, 0.6322, 0.6068]","[None, None, None]",2007
2668,False,False,64,"(0.5, 0.2, 0.3)",64,4,0,20,1e-05,0.0001,100,0.01,2.0,0.1,0.01,0.001,0.001,0.3,0.1,,0.0,1000,1,64,1,4.15,[0.4739],[None],2008
2669,False,False,64,"(0.5, 0.2, 0.3)",64,4,0,20,1e-05,0.0001,100,0.01,2.0,0.1,0.01,0.001,0.001,0.3,0.1,,0.0,1000,1,64,0,4.17,[0.6368],[None],2009
2670,False,False,64,"(0.5, 0.2, 0.3)",64,4,0,20,1e-05,0.0001,100,0.01,2.0,0.1,0.01,0.001,0.001,0.3,0.1,,0.0,1000,1,64,0,4.16,[0.6347],[None],2010
2671,False,False,64,"(0.5, 0.2, 0.3)",64,4,0,20,1e-05,0.0001,100,0.01,2.0,0.1,0.01,0.001,0.001,0.3,0.1,,0.0,1000,1,64,0,4.17,[0.6364],[None],2011
2672,False,False,64,"(0.5, 0.2, 0.3)",64,4,0,20,1e-05,0.0001,100,0.01,2.0,0.1,0.01,0.001,0.001,0.3,0.1,,0.0,1000,1,64,0,4.16,[0.6131],[None],2012
2673,False,False,64,"(0.5, 0.2, 0.3)",64,4,0,20,1e-05,0.0001,100,0.01,2.0,0.1,0.01,0.001,0.001,0.3,0.1,,0.0,1000,2,128,0,8.5,"[0.6748, 0.722]","[None, None]",2013
2674,False,False,64,"(0.5, 0.2, 0.3)",64,4,0,20,1e-05,0.0001,100,0.01,2.0,0.1,0.01,0.001,0.001,0.3,0.1,,0.0,1000,1,64,0,4.04,[0.6757],[None],2014
2675,False,False,64,"(0.5, 0.2, 0.3)",64,4,0,20,1e-05,0.0001,100,0.01,2.0,0.1,0.01,0.001,0.001,0.3,0.1,,0.0,1000,5,320,0,22.54,"[0.6689, 0.6771, 0.7172, 0.682, 0.7017]","[None, None, None, None, None]",2015
2676,False,False,64,"(0.5, 0.2, 0.3)",64,4,0,20,1e-05,0.0001,100,0.01,2.0,0.1,0.01,0.001,0.001,0.3,0.1,,0.0,1000,2,128,0,8.32,"[0.5823, 0.4702]","[None, None]",2016
2677,False,False,64,"(0.5, 0.2, 0.3)",64,4,0,20,1e-05,0.0001,100,0.01,2.0,0.1,0.01,0.001,0.001,0.3,0.1,,0.0,1000,1,64,0,4.04,[0.7112],[None],2017
2678,False,False,64,"(0.5, 0.2, 0.3)",64,4,0,20,1e-05,0.0001,100,0.01,2.0,0.1,0.01,0.001,0.001,0.3,0.1,,0.0,1000,2,128,1,8.32,"[0.6005, 0.6608]","[None, None]",2018
2679,False,False,64,"(0.5, 0.2, 0.3)",64,4,0,20,1e-05,0.0001,100,0.01,2.0,0.1,0.01,0.001,0.001,0.3,0.1,,0.0,1000,1,64,0,4.04,[0.6309],[None],2019
2680,False,False,64,"(0.5, 0.2, 0.3)",64,4,0,20,1e-05,0.0001,100,0.01,2.0,0.1,0.01,0.01,0.001,0.3,0.05,,0.0,1000,1,64,1,4.04,[0.7174],[None],2000
2681,False,False,64,"(0.5, 0.2, 0.3)",64,4,0,20,1e-05,0.0001,100,0.01,2.0,0.1,0.01,0.01,0.001,0.3,0.05,,0.0,1000,1,64,0,4.04,[0.5447],[None],2001
2682,False,False,64,"(0.5, 0.2, 0.3)",64,4,0,20,1e-05,0.0001,100,0.01,2.0,0.1,0.01,0.01,0.001,0.3,0.05,,0.0,1000,1,64,1,4.1,[0.6811],[None],2002
2683,False,False,64,"(0.5, 0.2, 0.3)",64,4,0,20,1e-05,0.0001,100,0.01,2.0,0.1,0.01,0.01,0.001,0.3,0.05,,0.0,1000,2,128,1,8.32,"[0.6577, 0.7]","[None, None]",2003
2684,False,False,64,"(0.5, 0.2, 0.3)",64,4,0,20,1e-05,0.0001,100,0.01,2.0,0.1,0.01,0.01,0.001,0.3,0.05,,0.0,1000,1,64,0,4.04,[0.7039],[None],2004
2685,False,False,64,"(0.5, 0.2, 0.3)",64,4,0,20,1e-05,0.0001,100,0.01,2.0,0.1,0.01,0.01,0.001,0.3,0.05,,0.0,1000,1,64,0,4.03,[0.6476],[None],2005
2686,False,False,64,"(0.5, 0.2, 0.3)",64,4,0,20,1e-05,0.0001,100,0.01,2.0,0.1,0.01,0.01,0.001,0.3,0.05,,0.0,1000,1,64,0,4.04,[0.6607],[None],2006
2687,False,False,64,"(0.5, 0.2, 0.3)",64,4,0,20,1e-05,0.0001,100,0.01,2.0,0.1,0.01,0.01,0.001,0.3,0.05,,0.0,1000,3,192,1,12.98,"[0.6183, 0.6084, 0.6108]","[None, None, None]",2007
2688,False,False,64,"(0.5, 0.2, 0.3)",64,4,0,20,1e-05,0.0001,100,0.01,2.0,0.1,0.01,0.01,0.001,0.3,0.05,,0.0,1000,1,64,1,4.04,[0.4724],[None],2008
2689,False,False,64,"(0.5, 0.2, 0.3)",64,4,0,20,1e-05,0.0001,100,0.01,2.0,0.1,0.01,0.01,0.001,0.3,0.05,,0.0,1000,1,64,0,4.04,[0.6329],[None],2009
2690,False,False,64,"(0.5, 0.2, 0.3)",64,4,0,20,1e-05,0.0001,100,0.01,2.0,0.1,0.01,0.01,0.001,0.3,0.05,,0.0,1000,1,64,0,4.04,[0.65],[None],2010
2691,False,False,64,"(0.5, 0.2, 0.3)",64,4,0,20,1e-05,0.0001,100,0.01,2.0,0.1,0.01,0.01,0.001,0.3,0.05,,0.0,1000,1,64,0,4.03,[0.6408],[None],2011
2692,False,False,64,"(0.5, 0.2, 0.3)",64,4,0,20,1e-05,0.0001,100,0.01,2.0,0.1,0.01,0.01,0.001,0.3,0.05,,0.0,1000,1,64,0,4.04,[0.6266],[None],2012
2693,False,False,64,"(0.5, 0.2, 0.3)",64,4,0,20,1e-05,0.0001,100,0.01,2.0,0.1,0.01,0.01,0.001,0.3,0.05,,0.0,1000,2,128,0,8.32,"[0.6779, 0.7216]","[None, None]",2013
2694,False,False,64,"(0.5, 0.2, 0.3)",64,4,0,20,1e-05,0.0001,100,0.01,2.0,0.1,0.01,0.01,0.001,0.3,0.05,,0.0,1000,1,64,0,4.03,[0.6829],[None],2014
2695,False,False,64,"(0.5, 0.2, 0.3)",64,4,0,20,1e-05,0.0001,100,0.01,2.0,0.1,0.01,0.01,0.001,0.3,0.05,,0.0,1000,1,64,0,4.04,[0.6673],[None],2015
2696,False,False,64,"(0.5, 0.2, 0.3)",64,4,0,20,1e-05,0.0001,100,0.01,2.0,0.1,0.01,0.01,0.001,0.3,0.05,,0.0,1000,2,128,0,8.46,"[0.5881, 0.5245]","[None, None]",2016
2697,False,False,64,"(0.5, 0.2, 0.3)",64,4,0,20,1e-05,0.0001,100,0.01,2.0,0.1,0.01,0.01,0.001,0.3,0.05,,0.0,1000,1,64,0,4.16,[0.7245],[None],2017
2698,False,False,64,"(0.5, 0.2, 0.3)",64,4,0,20,1e-05,0.0001,100,0.01,2.0,0.1,0.01,0.01,0.001,0.3,0.05,,0.0,1000,2,128,1,8.58,"[0.6065, 0.6781]","[None, None]",2018
2699,False,False,64,"(0.5, 0.2, 0.3)",64,4,0,20,1e-05,0.0001,100,0.01,2.0,0.1,0.01,0.01,0.001,0.3,0.05,,0.0,1000,1,64,0,4.16,[0.6366],[None],2019
2700,False,False,64,"(0.5, 0.2, 0.3)",64,4,0,20,1e-05,0.0001,100,0.01,2.0,0.1,0.01,0.01,0.001,0.3,0.1,,0.0,1000,1,64,1,4.16,[0.708],[None],2000
2701,False,False,64,"(0.5, 0.2, 0.3)",64,4,0,20,1e-05,0.0001,100,0.01,2.0,0.1,0.01,0.01,0.001,0.3,0.1,,0.0,1000,1,64,1,4.16,[0.5424],[None],2001
2702,False,False,64,"(0.5, 0.2, 0.3)",64,4,0,20,1e-05,0.0001,100,0.01,2.0,0.1,0.01,0.01,0.001,0.3,0.1,,0.0,1000,1,64,1,4.16,[0.687],[None],2002
2703,False,False,64,"(0.5, 0.2, 0.3)",64,4,0,20,1e-05,0.0001,100,0.01,2.0,0.1,0.01,0.01,0.001,0.3,0.1,,0.0,1000,2,128,1,8.58,"[0.6452, 0.6773]","[None, None]",2003
2704,False,False,64,"(0.5, 0.2, 0.3)",64,4,0,20,1e-05,0.0001,100,0.01,2.0,0.1,0.01,0.01,0.001,0.3,0.1,,0.0,1000,1,64,0,4.16,[0.6989],[None],2004
2705,False,False,64,"(0.5, 0.2, 0.3)",64,4,0,20,1e-05,0.0001,100,0.01,2.0,0.1,0.01,0.01,0.001,0.3,0.1,,0.0,1000,1,64,0,4.18,[0.6334],[None],2005
2706,False,False,64,"(0.5, 0.2, 0.3)",64,4,0,20,1e-05,0.0001,100,0.01,2.0,0.1,0.01,0.01,0.001,0.3,0.1,,0.0,1000,1,64,0,4.24,[0.6514],[None],2006
2707,False,False,64,"(0.5, 0.2, 0.3)",64,4,0,20,1e-05,0.0001,100,0.01,2.0,0.1,0.01,0.01,0.001,0.3,0.1,,0.0,1000,3,192,0,13.18,"[0.6203, 0.6137, 0.586]","[None, None, None]",2007
2708,False,False,64,"(0.5, 0.2, 0.3)",64,4,0,20,1e-05,0.0001,100,0.01,2.0,0.1,0.01,0.01,0.001,0.3,0.1,,0.0,1000,1,64,1,4.17,[0.4692],[None],2008
2709,False,False,64,"(0.5, 0.2, 0.3)",64,4,0,20,1e-05,0.0001,100,0.01,2.0,0.1,0.01,0.01,0.001,0.3,0.1,,0.0,1000,1,64,0,4.16,[0.6377],[None],2009
2710,False,False,64,"(0.5, 0.2, 0.3)",64,4,0,20,1e-05,0.0001,100,0.01,2.0,0.1,0.01,0.01,0.001,0.3,0.1,,0.0,1000,1,64,0,4.16,[0.6309],[None],2010
2711,False,False,64,"(0.5, 0.2, 0.3)",64,4,0,20,1e-05,0.0001,100,0.01,2.0,0.1,0.01,0.01,0.001,0.3,0.1,,0.0,1000,1,64,0,4.17,[0.6364],[None],2011
2712,False,False,64,"(0.5, 0.2, 0.3)",64,4,0,20,1e-05,0.0001,100,0.01,2.0,0.1,0.01,0.01,0.001,0.3,0.1,,0.0,1000,1,64,0,4.16,[0.6116],[None],2012
2713,False,False,64,"(0.5, 0.2, 0.3)",64,4,0,20,1e-05,0.0001,100,0.01,2.0,0.1,0.01,0.01,0.001,0.3,0.1,,0.0,1000,2,128,0,8.58,"[0.6764, 0.7067]","[None, None]",2013
2714,False,False,64,"(0.5, 0.2, 0.3)",64,4,0,20,1e-05,0.0001,100,0.01,2.0,0.1,0.01,0.01,0.001,0.3,0.1,,0.0,1000,1,64,0,4.16,[0.6755],[None],2014
2715,False,False,64,"(0.5, 0.2, 0.3)",64,4,0,20,1e-05,0.0001,100,0.01,2.0,0.1,0.01,0.01,0.001,0.3,0.1,,0.0,1000,3,192,0,13.18,"[0.6689, 0.6662, 0.7087]","[None, None, None]",2015
2716,False,False,64,"(0.5, 0.2, 0.3)",64,4,0,20,1e-05,0.0001,100,0.01,2.0,0.1,0.01,0.01,0.001,0.3,0.1,,0.0,1000,2,128,0,8.58,"[0.5745, 0.4452]","[None, None]",2016
2717,False,False,64,"(0.5, 0.2, 0.3)",64,4,0,20,1e-05,0.0001,100,0.01,2.0,0.1,0.01,0.01,0.001,0.3,0.1,,0.0,1000,1,64,0,4.18,[0.711],[None],2017
2718,False,False,64,"(0.5, 0.2, 0.3)",64,4,0,20,1e-05,0.0001,100,0.01,2.0,0.1,0.01,0.01,0.001,0.3,0.1,,0.0,1000,2,128,1,8.57,"[0.6038, 0.6712]","[None, None]",2018
2719,False,False,64,"(0.5, 0.2, 0.3)",64,4,0,20,1e-05,0.0001,100,0.01,2.0,0.1,0.01,0.01,0.001,0.3,0.1,,0.0,1000,1,64,0,4.16,[0.6347],[None],2019
2720,False,False,64,"(0.5, 0.2, 0.3)",64,4,0,20,1e-05,0.0001,100,0.01,2.0,0.2,0.01,0.001,0.001,0.3,0.05,,0.0,1000,1,64,1,4.17,[0.7173],[None],2000
2721,False,False,64,"(0.5, 0.2, 0.3)",64,4,0,20,1e-05,0.0001,100,0.01,2.0,0.2,0.01,0.001,0.001,0.3,0.05,,0.0,1000,1,64,0,4.15,[0.5352],[None],2001
2722,False,False,64,"(0.5, 0.2, 0.3)",64,4,0,20,1e-05,0.0001,100,0.01,2.0,0.2,0.01,0.001,0.001,0.3,0.05,,0.0,1000,1,64,1,4.16,[0.6737],[None],2002
2723,False,False,64,"(0.5, 0.2, 0.3)",64,4,0,20,1e-05,0.0001,100,0.01,2.0,0.2,0.01,0.001,0.001,0.3,0.05,,0.0,1000,2,128,1,8.58,"[0.6599, 0.6794]","[None, None]",2003
2724,False,False,64,"(0.5, 0.2, 0.3)",64,4,0,20,1e-05,0.0001,100,0.01,2.0,0.2,0.01,0.001,0.001,0.3,0.05,,0.0,1000,1,64,0,4.17,[0.7004],[None],2004
2725,False,False,64,"(0.5, 0.2, 0.3)",64,4,0,20,1e-05,0.0001,100,0.01,2.0,0.2,0.01,0.001,0.001,0.3,0.05,,0.0,1000,1,64,0,4.16,[0.6456],[None],2005
2726,False,False,64,"(0.5, 0.2, 0.3)",64,4,0,20,1e-05,0.0001,100,0.01,2.0,0.2,0.01,0.001,0.001,0.3,0.05,,0.0,1000,1,64,0,4.17,[0.6598],[None],2006
2727,False,False,64,"(0.5, 0.2, 0.3)",64,4,0,20,1e-05,0.0001,100,0.01,2.0,0.2,0.01,0.001,0.001,0.3,0.05,,0.0,1000,3,192,0,13.21,"[0.6102, 0.6264, 0.5829]","[None, None, None]",2007
2728,False,False,64,"(0.5, 0.2, 0.3)",64,4,0,20,1e-05,0.0001,100,0.01,2.0,0.2,0.01,0.001,0.001,0.3,0.05,,0.0,1000,1,64,1,4.17,[0.4649],[None],2008
2729,False,False,64,"(0.5, 0.2, 0.3)",64,4,0,20,1e-05,0.0001,100,0.01,2.0,0.2,0.01,0.001,0.001,0.3,0.05,,0.0,1000,1,64,0,4.16,[0.6236],[None],2009
2730,False,False,64,"(0.5, 0.2, 0.3)",64,4,0,20,1e-05,0.0001,100,0.01,2.0,0.2,0.01,0.001,0.001,0.3,0.05,,0.0,1000,1,64,0,4.22,[0.6521],[None],2010
2731,False,False,64,"(0.5, 0.2, 0.3)",64,4,0,20,1e-05,0.0001,100,0.01,2.0,0.2,0.01,0.001,0.001,0.3,0.05,,0.0,1000,1,64,0,4.08,[0.6304],[None],2011
2732,False,False,64,"(0.5, 0.2, 0.3)",64,4,0,20,1e-05,0.0001,100,0.01,2.0,0.2,0.01,0.001,0.001,0.3,0.05,,0.0,1000,1,64,0,4.04,[0.6196],[None],2012
2733,False,False,64,"(0.5, 0.2, 0.3)",64,4,0,20,1e-05,0.0001,100,0.01,2.0,0.2,0.01,0.001,0.001,0.3,0.05,,0.0,1000,2,128,0,8.52,"[0.6746, 0.6975]","[None, None]",2013
2734,False,False,64,"(0.5, 0.2, 0.3)",64,4,0,20,1e-05,0.0001,100,0.01,2.0,0.2,0.01,0.001,0.001,0.3,0.05,,0.0,1000,1,64,0,4.04,[0.6753],[None],2014
2735,False,False,64,"(0.5, 0.2, 0.3)",64,4,0,20,1e-05,0.0001,100,0.01,2.0,0.2,0.01,0.001,0.001,0.3,0.05,,0.0,1000,3,192,0,12.8,"[0.6687, 0.6555, 0.7423]","[None, None, None]",2015
2736,False,False,64,"(0.5, 0.2, 0.3)",64,4,0,20,1e-05,0.0001,100,0.01,2.0,0.2,0.01,0.001,0.001,0.3,0.05,,0.0,1000,2,128,0,8.54,"[0.5768, 0.478]","[None, None]",2016
2737,False,False,64,"(0.5, 0.2, 0.3)",64,4,0,20,1e-05,0.0001,100,0.01,2.0,0.2,0.01,0.001,0.001,0.3,0.05,,0.0,1000,1,64,0,4.17,[0.7239],[None],2017
2738,False,False,64,"(0.5, 0.2, 0.3)",64,4,0,20,1e-05,0.0001,100,0.01,2.0,0.2,0.01,0.001,0.001,0.3,0.05,,0.0,1000,2,128,1,8.59,"[0.6026, 0.6743]","[None, None]",2018
2739,False,False,64,"(0.5, 0.2, 0.3)",64,4,0,20,1e-05,0.0001,100,0.01,2.0,0.2,0.01,0.001,0.001,0.3,0.05,,0.0,1000,1,64,0,4.17,[0.6348],[None],2019
2740,False,False,64,"(0.5, 0.2, 0.3)",64,4,0,20,1e-05,0.0001,100,0.01,2.0,0.2,0.01,0.001,0.001,0.3,0.1,,0.0,1000,1,64,1,4.16,[0.6987],[None],2000
2741,False,False,64,"(0.5, 0.2, 0.3)",64,4,0,20,1e-05,0.0001,100,0.01,2.0,0.2,0.01,0.001,0.001,0.3,0.1,,0.0,1000,1,64,1,4.17,[0.5259],[None],2001
2742,False,False,64,"(0.5, 0.2, 0.3)",64,4,0,20,1e-05,0.0001,100,0.01,2.0,0.2,0.01,0.001,0.001,0.3,0.1,,0.0,1000,1,64,1,4.17,[0.6778],[None],2002
2743,False,False,64,"(0.5, 0.2, 0.3)",64,4,0,20,1e-05,0.0001,100,0.01,2.0,0.2,0.01,0.001,0.001,0.3,0.1,,0.0,1000,2,128,1,8.59,"[0.6418, 0.663]","[None, None]",2003
2744,False,False,64,"(0.5, 0.2, 0.3)",64,4,0,20,1e-05,0.0001,100,0.01,2.0,0.2,0.01,0.001,0.001,0.3,0.1,,0.0,1000,1,64,0,4.16,[0.6887],[None],2004
2745,False,False,64,"(0.5, 0.2, 0.3)",64,4,0,20,1e-05,0.0001,100,0.01,2.0,0.2,0.01,0.001,0.001,0.3,0.1,,0.0,1000,1,64,0,4.16,[0.628],[None],2005
2746,False,False,64,"(0.5, 0.2, 0.3)",64,4,0,20,1e-05,0.0001,100,0.01,2.0,0.2,0.01,0.001,0.001,0.3,0.1,,0.0,1000,1,64,0,4.17,[0.6463],[None],2006
2747,False,False,64,"(0.5, 0.2, 0.3)",64,4,0,20,1e-05,0.0001,100,0.01,2.0,0.2,0.01,0.001,0.001,0.3,0.1,,0.0,1000,5,320,0,22.7,"[0.6144, 0.5992, 0.5839, 0.5911, 0.602]","[None, None, None, None, None]",2007
2748,False,False,64,"(0.5, 0.2, 0.3)",64,4,0,20,1e-05,0.0001,100,0.01,2.0,0.2,0.01,0.001,0.001,0.3,0.1,,0.0,1000,1,64,1,4.14,[0.4523],[None],2008
2749,False,False,64,"(0.5, 0.2, 0.3)",64,4,0,20,1e-05,0.0001,100,0.01,2.0,0.2,0.01,0.001,0.001,0.3,0.1,,0.0,1000,1,64,0,4.16,[0.6244],[None],2009
2750,False,False,64,"(0.5, 0.2, 0.3)",64,4,0,20,1e-05,0.0001,100,0.01,2.0,0.2,0.01,0.001,0.001,0.3,0.1,,0.0,1000,1,64,0,4.17,[0.6305],[None],2010
2751,False,False,64,"(0.5, 0.2, 0.3)",64,4,0,20,1e-05,0.0001,100,0.01,2.0,0.2,0.01,0.001,0.001,0.3,0.1,,0.0,1000,1,64,0,4.23,[0.6241],[None],2011
2752,False,False,64,"(0.5, 0.2, 0.3)",64,4,0,20,1e-05,0.0001,100,0.01,2.0,0.2,0.01,0.001,0.001,0.3,0.1,,0.0,1000,1,64,0,4.16,[0.6001],[None],2012
2753,False,False,64,"(0.5, 0.2, 0.3)",64,4,0,20,1e-05,0.0001,100,0.01,2.0,0.2,0.01,0.001,0.001,0.3,0.1,,0.0,1000,2,128,0,8.58,"[0.6693, 0.6839]","[None, None]",2013
2754,False,False,64,"(0.5, 0.2, 0.3)",64,4,0,20,1e-05,0.0001,100,0.01,2.0,0.2,0.01,0.001,0.001,0.3,0.1,,0.0,1000,1,64,0,4.1,[0.6644],[None],2014
2755,False,False,64,"(0.5, 0.2, 0.3)",64,4,0,20,1e-05,0.0001,100,0.01,2.0,0.2,0.01,0.001,0.001,0.3,0.1,,0.0,1000,4,256,0,17.58,"[0.6684, 0.6547, 0.6969, 0.6733]","[None, None, None, None]",2015
2756,False,False,64,"(0.5, 0.2, 0.3)",64,4,0,20,1e-05,0.0001,100,0.01,2.0,0.2,0.01,0.001,0.001,0.3,0.1,,0.0,1000,2,128,0,8.35,"[0.5549, 0.4276]","[None, None]",2016
2757,False,False,64,"(0.5, 0.2, 0.3)",64,4,0,20,1e-05,0.0001,100,0.01,2.0,0.2,0.01,0.001,0.001,0.3,0.1,,0.0,1000,1,64,0,4.04,[0.7076],[None],2017
2758,False,False,64,"(0.5, 0.2, 0.3)",64,4,0,20,1e-05,0.0001,100,0.01,2.0,0.2,0.01,0.001,0.001,0.3,0.1,,0.0,1000,2,128,1,8.35,"[0.5954, 0.6675]","[None, None]",2018
2759,False,False,64,"(0.5, 0.2, 0.3)",64,4,0,20,1e-05,0.0001,100,0.01,2.0,0.2,0.01,0.001,0.001,0.3,0.1,,0.0,1000,1,64,0,4.05,[0.6335],[None],2019
2760,False,False,64,"(0.5, 0.2, 0.3)",64,4,0,20,1e-05,0.0001,100,0.01,2.0,0.2,0.01,0.01,0.001,0.3,0.05,,0.0,1000,1,64,1,4.13,[0.7175],[None],2000
2761,False,False,64,"(0.5, 0.2, 0.3)",64,4,0,20,1e-05,0.0001,100,0.01,2.0,0.2,0.01,0.01,0.001,0.3,0.05,,0.0,1000,1,64,0,4.16,[0.5366],[None],2001
2762,False,False,64,"(0.5, 0.2, 0.3)",64,4,0,20,1e-05,0.0001,100,0.01,2.0,0.2,0.01,0.01,0.001,0.3,0.05,,0.0,1000,1,64,1,4.1,[0.6729],[None],2002
2763,False,False,64,"(0.5, 0.2, 0.3)",64,4,0,20,1e-05,0.0001,100,0.01,2.0,0.2,0.01,0.01,0.001,0.3,0.05,,0.0,1000,2,128,1,8.56,"[0.6578, 0.6639]","[None, None]",2003
2764,False,False,64,"(0.5, 0.2, 0.3)",64,4,0,20,1e-05,0.0001,100,0.01,2.0,0.2,0.01,0.01,0.001,0.3,0.05,,0.0,1000,1,64,0,4.16,[0.701],[None],2004
2765,False,False,64,"(0.5, 0.2, 0.3)",64,4,0,20,1e-05,0.0001,100,0.01,2.0,0.2,0.01,0.01,0.001,0.3,0.05,,0.0,1000,2,128,0,8.58,"[0.6452, 0.584]","[None, None]",2005
2766,False,False,64,"(0.5, 0.2, 0.3)",64,4,0,20,1e-05,0.0001,100,0.01,2.0,0.2,0.01,0.01,0.001,0.3,0.05,,0.0,1000,1,64,0,4.16,[0.6601],[None],2006
2767,False,False,64,"(0.5, 0.2, 0.3)",64,4,0,20,1e-05,0.0001,100,0.01,2.0,0.2,0.01,0.01,0.001,0.3,0.05,,0.0,1000,3,192,1,13.18,"[0.612, 0.6107, 0.5937]","[None, None, None]",2007
2768,False,False,64,"(0.5, 0.2, 0.3)",64,4,0,20,1e-05,0.0001,100,0.01,2.0,0.2,0.01,0.01,0.001,0.3,0.05,,0.0,1000,1,64,1,4.17,[0.465],[None],2008
2769,False,False,64,"(0.5, 0.2, 0.3)",64,4,0,20,1e-05,0.0001,100,0.01,2.0,0.2,0.01,0.01,0.001,0.3,0.05,,0.0,1000,1,64,0,4.17,[0.6226],[None],2009
2770,False,False,64,"(0.5, 0.2, 0.3)",64,4,0,20,1e-05,0.0001,100,0.01,2.0,0.2,0.01,0.01,0.001,0.3,0.05,,0.0,1000,1,64,0,4.16,[0.6496],[None],2010
2771,False,False,64,"(0.5, 0.2, 0.3)",64,4,0,20,1e-05,0.0001,100,0.01,2.0,0.2,0.01,0.01,0.001,0.3,0.05,,0.0,1000,1,64,0,4.17,[0.6324],[None],2011
2772,False,False,64,"(0.5, 0.2, 0.3)",64,4,0,20,1e-05,0.0001,100,0.01,2.0,0.2,0.01,0.01,0.001,0.3,0.05,,0.0,1000,1,64,0,4.16,[0.6225],[None],2012
2773,False,False,64,"(0.5, 0.2, 0.3)",64,4,0,20,1e-05,0.0001,100,0.01,2.0,0.2,0.01,0.01,0.001,0.3,0.05,,0.0,1000,2,128,0,8.58,"[0.6726, 0.6944]","[None, None]",2013
2774,False,False,64,"(0.5, 0.2, 0.3)",64,4,0,20,1e-05,0.0001,100,0.01,2.0,0.2,0.01,0.01,0.001,0.3,0.05,,0.0,1000,1,64,0,4.23,[0.6753],[None],2014
2775,False,False,64,"(0.5, 0.2, 0.3)",64,4,0,20,1e-05,0.0001,100,0.01,2.0,0.2,0.01,0.01,0.001,0.3,0.05,,0.0,1000,4,256,0,18.07,"[0.671, 0.6745, 0.713, 0.7078]","[None, None, None, None]",2015
2776,False,False,64,"(0.5, 0.2, 0.3)",64,4,0,20,1e-05,0.0001,100,0.01,2.0,0.2,0.01,0.01,0.001,0.3,0.05,,0.0,1000,2,128,0,8.6,"[0.5698, 0.4807]","[None, None]",2016
2777,False,False,64,"(0.5, 0.2, 0.3)",64,4,0,20,1e-05,0.0001,100,0.01,2.0,0.2,0.01,0.01,0.001,0.3,0.05,,0.0,1000,1,64,0,4.17,[0.7253],[None],2017
2778,False,False,64,"(0.5, 0.2, 0.3)",64,4,0,20,1e-05,0.0001,100,0.01,2.0,0.2,0.01,0.01,0.001,0.3,0.05,,0.0,1000,2,128,1,8.6,"[0.6042, 0.6718]","[None, None]",2018
2779,False,False,64,"(0.5, 0.2, 0.3)",64,4,0,20,1e-05,0.0001,100,0.01,2.0,0.2,0.01,0.01,0.001,0.3,0.05,,0.0,1000,1,64,0,4.17,[0.6347],[None],2019
2780,False,False,64,"(0.5, 0.2, 0.3)",64,4,0,20,1e-05,0.0001,100,0.01,2.0,0.2,0.01,0.01,0.001,0.3,0.1,,0.0,1000,1,64,1,4.17,[0.7002],[None],2000
2781,False,False,64,"(0.5, 0.2, 0.3)",64,4,0,20,1e-05,0.0001,100,0.01,2.0,0.2,0.01,0.01,0.001,0.3,0.1,,0.0,1000,1,64,1,4.17,[0.5273],[None],2001
2782,False,False,64,"(0.5, 0.2, 0.3)",64,4,0,20,1e-05,0.0001,100,0.01,2.0,0.2,0.01,0.01,0.001,0.3,0.1,,0.0,1000,1,64,1,4.16,[0.6772],[None],2002
2783,False,False,64,"(0.5, 0.2, 0.3)",64,4,0,20,1e-05,0.0001,100,0.01,2.0,0.2,0.01,0.01,0.001,0.3,0.1,,0.0,1000,2,128,1,8.6,"[0.6407, 0.639]","[None, None]",2003
2784,False,False,64,"(0.5, 0.2, 0.3)",64,4,0,20,1e-05,0.0001,100,0.01,2.0,0.2,0.01,0.01,0.001,0.3,0.1,,0.0,1000,1,64,0,4.17,[0.6886],[None],2004
2785,False,False,64,"(0.5, 0.2, 0.3)",64,4,0,20,1e-05,0.0001,100,0.01,2.0,0.2,0.01,0.01,0.001,0.3,0.1,,0.0,1000,1,64,0,4.17,[0.6277],[None],2005
2786,False,False,64,"(0.5, 0.2, 0.3)",64,4,0,20,1e-05,0.0001,100,0.01,2.0,0.2,0.01,0.01,0.001,0.3,0.1,,0.0,1000,1,64,0,4.16,[0.6455],[None],2006
2787,False,False,64,"(0.5, 0.2, 0.3)",64,4,0,20,1e-05,0.0001,100,0.01,2.0,0.2,0.01,0.01,0.001,0.3,0.1,,0.0,1000,5,320,0,23.21,"[0.6142, 0.589, 0.5415, 0.5153, 0.5195]","[None, None, None, None, None]",2007
2788,False,False,64,"(0.5, 0.2, 0.3)",64,4,0,20,1e-05,0.0001,100,0.01,2.0,0.2,0.01,0.01,0.001,0.3,0.1,,0.0,1000,1,64,1,4.16,[0.4465],[None],2008
2789,False,False,64,"(0.5, 0.2, 0.3)",64,4,0,20,1e-05,0.0001,100,0.01,2.0,0.2,0.01,0.01,0.001,0.3,0.1,,0.0,1000,1,64,0,4.17,[0.6261],[None],2009
2790,False,False,64,"(0.5, 0.2, 0.3)",64,4,0,20,1e-05,0.0001,100,0.01,2.0,0.2,0.01,0.01,0.001,0.3,0.1,,0.0,1000,1,64,0,4.17,[0.6278],[None],2010
2791,False,False,64,"(0.5, 0.2, 0.3)",64,4,0,20,1e-05,0.0001,100,0.01,2.0,0.2,0.01,0.01,0.001,0.3,0.1,,0.0,1000,1,64,0,4.17,[0.6248],[None],2011
2792,False,False,64,"(0.5, 0.2, 0.3)",64,4,0,20,1e-05,0.0001,100,0.01,2.0,0.2,0.01,0.01,0.001,0.3,0.1,,0.0,1000,1,64,0,4.16,[0.6017],[None],2012
2793,False,False,64,"(0.5, 0.2, 0.3)",64,4,0,20,1e-05,0.0001,100,0.01,2.0,0.2,0.01,0.01,0.001,0.3,0.1,,0.0,1000,2,128,0,8.59,"[0.6688, 0.7023]","[None, None]",2013
2794,False,False,64,"(0.5, 0.2, 0.3)",64,4,0,20,1e-05,0.0001,100,0.01,2.0,0.2,0.01,0.01,0.001,0.3,0.1,,0.0,1000,1,64,0,4.16,[0.6657],[None],2014
2795,False,False,64,"(0.5, 0.2, 0.3)",64,4,0,20,1e-05,0.0001,100,0.01,2.0,0.2,0.01,0.01,0.001,0.3,0.1,,0.0,1000,4,256,0,18.13,"[0.6694, 0.6603, 0.7074, 0.7099]","[None, None, None, None]",2015
2796,False,False,64,"(0.5, 0.2, 0.3)",64,4,0,20,1e-05,0.0001,100,0.01,2.0,0.2,0.01,0.01,0.001,0.3,0.1,,0.0,1000,2,128,1,8.58,"[0.5478, 0.4793]","[None, None]",2016
2797,False,False,64,"(0.5, 0.2, 0.3)",64,4,0,20,1e-05,0.0001,100,0.01,2.0,0.2,0.01,0.01,0.001,0.3,0.1,,0.0,1000,1,64,0,4.16,[0.707],[None],2017
2798,False,False,64,"(0.5, 0.2, 0.3)",64,4,0,20,1e-05,0.0001,100,0.01,2.0,0.2,0.01,0.01,0.001,0.3,0.1,,0.0,1000,2,128,1,8.58,"[0.5982, 0.6539]","[None, None]",2018
2799,False,False,64,"(0.5, 0.2, 0.3)",64,4,0,20,1e-05,0.0001,100,0.01,2.0,0.2,0.01,0.01,0.001,0.3,0.1,,0.0,1000,1,64,0,4.16,[0.6338],[None],2019
2800,False,False,64,"(0.5, 0.2, 0.3)",64,4,0,20,1e-05,0.0001,100,0.01,2.0,0.3,0.01,0.001,0.001,0.3,0.05,,0.0,1000,1,64,0,4.16,[0.7164],[None],2000
2801,False,False,64,"(0.5, 0.2, 0.3)",64,4,0,20,1e-05,0.0001,100,0.01,2.0,0.3,0.01,0.001,0.001,0.3,0.05,,0.0,1000,1,64,0,4.17,[0.5287],[None],2001
2802,False,False,64,"(0.5, 0.2, 0.3)",64,4,0,20,1e-05,0.0001,100,0.01,2.0,0.3,0.01,0.001,0.001,0.3,0.05,,0.0,1000,1,64,1,4.17,[0.6655],[None],2002
2803,False,False,64,"(0.5, 0.2, 0.3)",64,4,0,20,1e-05,0.0001,100,0.01,2.0,0.3,0.01,0.001,0.001,0.3,0.05,,0.0,1000,2,128,1,8.54,"[0.6628, 0.6724]","[None, None]",2003
2804,False,False,64,"(0.5, 0.2, 0.3)",64,4,0,20,1e-05,0.0001,100,0.01,2.0,0.3,0.01,0.001,0.001,0.3,0.05,,0.0,1000,1,64,0,4.05,[0.6948],[None],2004
2805,False,False,64,"(0.5, 0.2, 0.3)",64,4,0,20,1e-05,0.0001,100,0.01,2.0,0.3,0.01,0.001,0.001,0.3,0.05,,0.0,1000,1,64,0,4.05,[0.645],[None],2005
2806,False,False,64,"(0.5, 0.2, 0.3)",64,4,0,20,1e-05,0.0001,100,0.01,2.0,0.3,0.01,0.001,0.001,0.3,0.05,,0.0,1000,1,64,0,4.05,[0.6612],[None],2006
2807,False,False,64,"(0.5, 0.2, 0.3)",64,4,0,20,1e-05,0.0001,100,0.01,2.0,0.3,0.01,0.001,0.001,0.3,0.05,,0.0,1000,4,256,1,17.97,"[0.6064, 0.594, 0.6288, 0.6054]","[None, None, None, None]",2007
2808,False,False,64,"(0.5, 0.2, 0.3)",64,4,0,20,1e-05,0.0001,100,0.01,2.0,0.3,0.01,0.001,0.001,0.3,0.05,,0.0,1000,1,64,1,4.17,[0.4621],[None],2008
2809,False,False,64,"(0.5, 0.2, 0.3)",64,4,0,20,1e-05,0.0001,100,0.01,2.0,0.3,0.01,0.001,0.001,0.3,0.05,,0.0,1000,1,64,0,4.17,[0.6186],[None],2009
2810,False,False,64,"(0.5, 0.2, 0.3)",64,4,0,20,1e-05,0.0001,100,0.01,2.0,0.3,0.01,0.001,0.001,0.3,0.05,,0.0,1000,1,64,0,4.16,[0.6514],[None],2010
2811,False,False,64,"(0.5, 0.2, 0.3)",64,4,0,20,1e-05,0.0001,100,0.01,2.0,0.3,0.01,0.001,0.001,0.3,0.05,,0.0,1000,1,64,0,4.17,[0.6195],[None],2011
2812,False,False,64,"(0.5, 0.2, 0.3)",64,4,0,20,1e-05,0.0001,100,0.01,2.0,0.3,0.01,0.001,0.001,0.3,0.05,,0.0,1000,1,64,0,4.16,[0.6208],[None],2012
2813,False,False,64,"(0.5, 0.2, 0.3)",64,4,0,20,1e-05,0.0001,100,0.01,2.0,0.3,0.01,0.001,0.001,0.3,0.05,,0.0,1000,2,128,0,8.58,"[0.6699, 0.6918]","[None, None]",2013
2814,False,False,64,"(0.5, 0.2, 0.3)",64,4,0,20,1e-05,0.0001,100,0.01,2.0,0.3,0.01,0.001,0.001,0.3,0.05,,0.0,1000,1,64,0,4.17,[0.6704],[None],2014
2815,False,False,64,"(0.5, 0.2, 0.3)",64,4,0,20,1e-05,0.0001,100,0.01,2.0,0.3,0.01,0.001,0.001,0.3,0.05,,0.0,1000,3,192,0,13.21,"[0.6661, 0.6709, 0.7365]","[None, None, None]",2015
2816,False,False,64,"(0.5, 0.2, 0.3)",64,4,0,20,1e-05,0.0001,100,0.01,2.0,0.3,0.01,0.001,0.001,0.3,0.05,,0.0,1000,2,128,0,8.58,"[0.557, 0.4652]","[None, None]",2016
2817,False,False,64,"(0.5, 0.2, 0.3)",64,4,0,20,1e-05,0.0001,100,0.01,2.0,0.3,0.01,0.001,0.001,0.3,0.05,,0.0,1000,1,64,0,4.23,[0.7227],[None],2017
2818,False,False,64,"(0.5, 0.2, 0.3)",64,4,0,20,1e-05,0.0001,100,0.01,2.0,0.3,0.01,0.001,0.001,0.3,0.05,,0.0,1000,2,128,1,8.58,"[0.5981, 0.6791]","[None, None]",2018
2819,False,False,64,"(0.5, 0.2, 0.3)",64,4,0,20,1e-05,0.0001,100,0.01,2.0,0.3,0.01,0.001,0.001,0.3,0.05,,0.0,1000,1,64,0,4.11,[0.6271],[None],2019
2820,False,False,64,"(0.5, 0.2, 0.3)",64,4,0,20,1e-05,0.0001,100,0.01,2.0,0.3,0.01,0.001,0.001,0.3,0.1,,0.0,1000,1,64,1,4.06,[0.6958],[None],2000
2821,False,False,64,"(0.5, 0.2, 0.3)",64,4,0,20,1e-05,0.0001,100,0.01,2.0,0.3,0.01,0.001,0.001,0.3,0.1,,0.0,1000,1,64,1,4.07,[0.5128],[None],2001
2822,False,False,64,"(0.5, 0.2, 0.3)",64,4,0,20,1e-05,0.0001,100,0.01,2.0,0.3,0.01,0.001,0.001,0.3,0.1,,0.0,1000,1,64,1,4.11,[0.6655],[None],2002
2823,False,False,64,"(0.5, 0.2, 0.3)",64,4,0,20,1e-05,0.0001,100,0.01,2.0,0.3,0.01,0.001,0.001,0.3,0.1,,0.0,1000,2,128,1,8.47,"[0.6409, 0.6416]","[None, None]",2003
2824,False,False,64,"(0.5, 0.2, 0.3)",64,4,0,20,1e-05,0.0001,100,0.01,2.0,0.3,0.01,0.001,0.001,0.3,0.1,,0.0,1000,1,64,0,4.1,[0.6816],[None],2004
2825,False,False,64,"(0.5, 0.2, 0.3)",64,4,0,20,1e-05,0.0001,100,0.01,2.0,0.3,0.01,0.001,0.001,0.3,0.1,,0.0,1000,1,64,0,4.04,[0.6207],[None],2005
2826,False,False,64,"(0.5, 0.2, 0.3)",64,4,0,20,1e-05,0.0001,100,0.01,2.0,0.3,0.01,0.001,0.001,0.3,0.1,,0.0,1000,1,64,0,4.04,[0.6382],[None],2006
2827,False,False,64,"(0.5, 0.2, 0.3)",64,4,0,20,1e-05,0.0001,100,0.01,2.0,0.3,0.01,0.001,0.001,0.3,0.1,,0.0,1000,5,320,0,22.88,"[0.608, 0.6343, 0.5734, 0.5309, 0.5602]","[None, None, None, None, None]",2007
2828,False,False,64,"(0.5, 0.2, 0.3)",64,4,0,20,1e-05,0.0001,100,0.01,2.0,0.3,0.01,0.001,0.001,0.3,0.1,,0.0,1000,1,64,1,4.16,[0.4397],[None],2008
2829,False,False,64,"(0.5, 0.2, 0.3)",64,4,0,20,1e-05,0.0001,100,0.01,2.0,0.3,0.01,0.001,0.001,0.3,0.1,,0.0,1000,1,64,0,4.16,[0.6185],[None],2009
2830,False,False,64,"(0.5, 0.2, 0.3)",64,4,0,20,1e-05,0.0001,100,0.01,2.0,0.3,0.01,0.001,0.001,0.3,0.1,,0.0,1000,1,64,0,4.16,[0.6251],[None],2010
2831,False,False,64,"(0.5, 0.2, 0.3)",64,4,0,20,1e-05,0.0001,100,0.01,2.0,0.3,0.01,0.001,0.001,0.3,0.1,,0.0,1000,1,64,0,4.16,[0.6103],[None],2011
2832,False,False,64,"(0.5, 0.2, 0.3)",64,4,0,20,1e-05,0.0001,100,0.01,2.0,0.3,0.01,0.001,0.001,0.3,0.1,,0.0,1000,1,64,0,4.13,[0.5925],[None],2012
2833,False,False,64,"(0.5, 0.2, 0.3)",64,4,0,20,1e-05,0.0001,100,0.01,2.0,0.3,0.01,0.001,0.001,0.3,0.1,,0.0,1000,2,128,0,8.51,"[0.662, 0.6784]","[None, None]",2013
2834,False,False,64,"(0.5, 0.2, 0.3)",64,4,0,20,1e-05,0.0001,100,0.01,2.0,0.3,0.01,0.001,0.001,0.3,0.1,,0.0,1000,1,64,0,4.17,[0.6589],[None],2014
2835,False,False,64,"(0.5, 0.2, 0.3)",64,4,0,20,1e-05,0.0001,100,0.01,2.0,0.3,0.01,0.001,0.001,0.3,0.1,,0.0,1000,4,256,1,17.87,"[0.669, 0.6717, 0.6958, 0.6817]","[None, None, None, None]",2015
2836,False,False,64,"(0.5, 0.2, 0.3)",64,4,0,20,1e-05,0.0001,100,0.01,2.0,0.3,0.01,0.001,0.001,0.3,0.1,,0.0,1000,2,128,0,8.34,"[0.5383, 0.4744]","[None, None]",2016
2837,False,False,64,"(0.5, 0.2, 0.3)",64,4,0,20,1e-05,0.0001,100,0.01,2.0,0.3,0.01,0.001,0.001,0.3,0.1,,0.0,1000,1,64,0,4.05,[0.7051],[None],2017
2838,False,False,64,"(0.5, 0.2, 0.3)",64,4,0,20,1e-05,0.0001,100,0.01,2.0,0.3,0.01,0.001,0.001,0.3,0.1,,0.0,1000,2,128,1,8.43,"[0.589, 0.6768]","[None, None]",2018
2839,False,False,64,"(0.5, 0.2, 0.3)",64,4,0,20,1e-05,0.0001,100,0.01,2.0,0.3,0.01,0.001,0.001,0.3,0.1,,0.0,1000,1,64,0,4.04,[0.6291],[None],2019
2840,False,False,64,"(0.5, 0.2, 0.3)",64,4,0,20,1e-05,0.0001,100,0.01,2.0,0.3,0.01,0.01,0.001,0.3,0.05,,0.0,1000,1,64,0,4.09,[0.7174],[None],2000
2841,False,False,64,"(0.5, 0.2, 0.3)",64,4,0,20,1e-05,0.0001,100,0.01,2.0,0.3,0.01,0.01,0.001,0.3,0.05,,0.0,1000,1,64,1,4.17,[0.5297],[None],2001
2842,False,False,64,"(0.5, 0.2, 0.3)",64,4,0,20,1e-05,0.0001,100,0.01,2.0,0.3,0.01,0.01,0.001,0.3,0.05,,0.0,1000,1,64,1,4.17,[0.6662],[None],2002
2843,False,False,64,"(0.5, 0.2, 0.3)",64,4,0,20,1e-05,0.0001,100,0.01,2.0,0.3,0.01,0.01,0.001,0.3,0.05,,0.0,1000,2,128,1,8.59,"[0.6626, 0.6658]","[None, None]",2003
2844,False,False,64,"(0.5, 0.2, 0.3)",64,4,0,20,1e-05,0.0001,100,0.01,2.0,0.3,0.01,0.01,0.001,0.3,0.05,,0.0,1000,1,64,0,4.17,[0.6933],[None],2004
2845,False,False,64,"(0.5, 0.2, 0.3)",64,4,0,20,1e-05,0.0001,100,0.01,2.0,0.3,0.01,0.01,0.001,0.3,0.05,,0.0,1000,1,64,0,4.16,[0.6453],[None],2005
2846,False,False,64,"(0.5, 0.2, 0.3)",64,4,0,20,1e-05,0.0001,100,0.01,2.0,0.3,0.01,0.01,0.001,0.3,0.05,,0.0,1000,1,64,0,4.17,[0.6601],[None],2006
2847,False,False,64,"(0.5, 0.2, 0.3)",64,4,0,20,1e-05,0.0001,100,0.01,2.0,0.3,0.01,0.01,0.001,0.3,0.05,,0.0,1000,4,256,0,18.05,"[0.6077, 0.5934, 0.5978, 0.5675]","[None, None, None, None]",2007
2848,False,False,64,"(0.5, 0.2, 0.3)",64,4,0,20,1e-05,0.0001,100,0.01,2.0,0.3,0.01,0.01,0.001,0.3,0.05,,0.0,1000,1,64,1,4.17,[0.4626],[None],2008
2849,False,False,64,"(0.5, 0.2, 0.3)",64,4,0,20,1e-05,0.0001,100,0.01,2.0,0.3,0.01,0.01,0.001,0.3,0.05,,0.0,1000,1,64,0,4.17,[0.6209],[None],2009
2850,False,False,64,"(0.5, 0.2, 0.3)",64,4,0,20,1e-05,0.0001,100,0.01,2.0,0.3,0.01,0.01,0.001,0.3,0.05,,0.0,1000,1,64,0,4.18,[0.6509],[None],2010
2851,False,False,64,"(0.5, 0.2, 0.3)",64,4,0,20,1e-05,0.0001,100,0.01,2.0,0.3,0.01,0.01,0.001,0.3,0.05,,0.0,1000,1,64,0,4.17,[0.621],[None],2011
2852,False,False,64,"(0.5, 0.2, 0.3)",64,4,0,20,1e-05,0.0001,100,0.01,2.0,0.3,0.01,0.01,0.001,0.3,0.05,,0.0,1000,1,64,0,4.16,[0.6231],[None],2012
2853,False,False,64,"(0.5, 0.2, 0.3)",64,4,0,20,1e-05,0.0001,100,0.01,2.0,0.3,0.01,0.01,0.001,0.3,0.05,,0.0,1000,2,128,0,8.6,"[0.6688, 0.6936]","[None, None]",2013
2854,False,False,64,"(0.5, 0.2, 0.3)",64,4,0,20,1e-05,0.0001,100,0.01,2.0,0.3,0.01,0.01,0.001,0.3,0.05,,0.0,1000,1,64,0,4.17,[0.671],[None],2014
2855,False,False,64,"(0.5, 0.2, 0.3)",64,4,0,20,1e-05,0.0001,100,0.01,2.0,0.3,0.01,0.01,0.001,0.3,0.05,,0.0,1000,3,192,0,13.21,"[0.6684, 0.6799, 0.6993]","[None, None, None]",2015
2856,False,False,64,"(0.5, 0.2, 0.3)",64,4,0,20,1e-05,0.0001,100,0.01,2.0,0.3,0.01,0.01,0.001,0.3,0.05,,0.0,1000,2,128,0,8.6,"[0.5546, 0.5052]","[None, None]",2016
2857,False,False,64,"(0.5, 0.2, 0.3)",64,4,0,20,1e-05,0.0001,100,0.01,2.0,0.3,0.01,0.01,0.001,0.3,0.05,,0.0,1000,1,64,0,4.16,[0.7229],[None],2017
2858,False,False,64,"(0.5, 0.2, 0.3)",64,4,0,20,1e-05,0.0001,100,0.01,2.0,0.3,0.01,0.01,0.001,0.3,0.05,,0.0,1000,2,128,1,8.58,"[0.5988, 0.6611]","[None, None]",2018
2859,False,False,64,"(0.5, 0.2, 0.3)",64,4,0,20,1e-05,0.0001,100,0.01,2.0,0.3,0.01,0.01,0.001,0.3,0.05,,0.0,1000,1,64,0,4.17,[0.6268],[None],2019
2860,False,False,64,"(0.5, 0.2, 0.3)",64,4,0,20,1e-05,0.0001,100,0.01,2.0,0.3,0.01,0.01,0.001,0.3,0.1,,0.0,1000,1,64,1,4.04,[0.6961],[None],2000
2861,False,False,64,"(0.5, 0.2, 0.3)",64,4,0,20,1e-05,0.0001,100,0.01,2.0,0.3,0.01,0.01,0.001,0.3,0.1,,0.0,1000,1,64,1,4.04,[0.5157],[None],2001
2862,False,False,64,"(0.5, 0.2, 0.3)",64,4,0,20,1e-05,0.0001,100,0.01,2.0,0.3,0.01,0.01,0.001,0.3,0.1,,0.0,1000,1,64,1,4.03,[0.6691],[None],2002
2863,False,False,64,"(0.5, 0.2, 0.3)",64,4,0,20,1e-05,0.0001,100,0.01,2.0,0.3,0.01,0.01,0.001,0.3,0.1,,0.0,1000,2,128,1,8.39,"[0.6381, 0.6515]","[None, None]",2003
2864,False,False,64,"(0.5, 0.2, 0.3)",64,4,0,20,1e-05,0.0001,100,0.01,2.0,0.3,0.01,0.01,0.001,0.3,0.1,,0.0,1000,1,64,0,4.03,[0.6812],[None],2004
2865,False,False,64,"(0.5, 0.2, 0.3)",64,4,0,20,1e-05,0.0001,100,0.01,2.0,0.3,0.01,0.01,0.001,0.3,0.1,,0.0,1000,2,128,0,8.44,"[0.6202, 0.5785]","[None, None]",2005
2866,False,False,64,"(0.5, 0.2, 0.3)",64,4,0,20,1e-05,0.0001,100,0.01,2.0,0.3,0.01,0.01,0.001,0.3,0.1,,0.0,1000,1,64,0,4.17,[0.6381],[None],2006
2867,False,False,64,"(0.5, 0.2, 0.3)",64,4,0,20,1e-05,0.0001,100,0.01,2.0,0.3,0.01,0.01,0.001,0.3,0.1,,0.0,1000,5,320,0,22.68,"[0.6095, 0.6051, 0.6013, 0.5471, 0.5596]","[None, None, None, None, None]",2007
2868,False,False,64,"(0.5, 0.2, 0.3)",64,4,0,20,1e-05,0.0001,100,0.01,2.0,0.3,0.01,0.01,0.001,0.3,0.1,,0.0,1000,1,64,1,4.03,[0.4342],[None],2008
2869,False,False,64,"(0.5, 0.2, 0.3)",64,4,0,20,1e-05,0.0001,100,0.01,2.0,0.3,0.01,0.01,0.001,0.3,0.1,,0.0,1000,1,64,0,4.04,[0.6182],[None],2009
2870,False,False,64,"(0.5, 0.2, 0.3)",64,4,0,20,1e-05,0.0001,100,0.01,2.0,0.3,0.01,0.01,0.001,0.3,0.1,,0.0,1000,1,64,0,4.03,[0.6239],[None],2010
2871,False,False,64,"(0.5, 0.2, 0.3)",64,4,0,20,1e-05,0.0001,100,0.01,2.0,0.3,0.01,0.01,0.001,0.3,0.1,,0.0,1000,1,64,0,4.04,[0.6109],[None],2011
2872,False,False,64,"(0.5, 0.2, 0.3)",64,4,0,20,1e-05,0.0001,100,0.01,2.0,0.3,0.01,0.01,0.001,0.3,0.1,,0.0,1000,1,64,0,4.04,[0.5925],[None],2012
2873,False,False,64,"(0.5, 0.2, 0.3)",64,4,0,20,1e-05,0.0001,100,0.01,2.0,0.3,0.01,0.01,0.001,0.3,0.1,,0.0,1000,2,128,0,8.55,"[0.6612, 0.6884]","[None, None]",2013
2874,False,False,64,"(0.5, 0.2, 0.3)",64,4,0,20,1e-05,0.0001,100,0.01,2.0,0.3,0.01,0.01,0.001,0.3,0.1,,0.0,1000,1,64,0,4.15,[0.6597],[None],2014
2875,False,False,64,"(0.5, 0.2, 0.3)",64,4,0,20,1e-05,0.0001,100,0.01,2.0,0.3,0.01,0.01,0.001,0.3,0.1,,0.0,1000,3,192,1,13.2,"[0.6704, 0.6703, 0.7134]","[None, None, None]",2015
2876,False,False,64,"(0.5, 0.2, 0.3)",64,4,0,20,1e-05,0.0001,100,0.01,2.0,0.3,0.01,0.01,0.001,0.3,0.1,,0.0,1000,2,128,0,8.58,"[0.5337, 0.3879]","[None, None]",2016
2877,False,False,64,"(0.5, 0.2, 0.3)",64,4,0,20,1e-05,0.0001,100,0.01,2.0,0.3,0.01,0.01,0.001,0.3,0.1,,0.0,1000,1,64,0,4.16,[0.7054],[None],2017
2878,False,False,64,"(0.5, 0.2, 0.3)",64,4,0,20,1e-05,0.0001,100,0.01,2.0,0.3,0.01,0.01,0.001,0.3,0.1,,0.0,1000,2,128,1,8.58,"[0.5925, 0.6888]","[None, None]",2018
2879,False,False,64,"(0.5, 0.2, 0.3)",64,4,0,20,1e-05,0.0001,100,0.01,2.0,0.3,0.01,0.01,0.001,0.3,0.1,,0.0,1000,1,64,0,4.15,[0.6275],[None],2019
2880,False,False,64,"(0.5, 0.2, 0.3)",64,4,0,20,1e-05,0.0001,100,0.01,3.0,0.01,0.01,0.001,0.001,0.3,0.05,,0.0,1000,1,64,0,4.16,[0.6968],[None],2000
2881,False,False,64,"(0.5, 0.2, 0.3)",64,4,0,20,1e-05,0.0001,100,0.01,3.0,0.01,0.01,0.001,0.001,0.3,0.05,,0.0,1000,1,64,0,4.16,[0.563],[None],2001
2882,False,False,64,"(0.5, 0.2, 0.3)",64,4,0,20,1e-05,0.0001,100,0.01,3.0,0.01,0.01,0.001,0.001,0.3,0.05,,0.0,1000,1,64,1,4.16,[0.6866],[None],2002
2883,False,False,64,"(0.5, 0.2, 0.3)",64,4,0,20,1e-05,0.0001,100,0.01,3.0,0.01,0.01,0.001,0.001,0.3,0.05,,0.0,1000,2,128,1,8.64,"[0.6526, 0.6662]","[None, None]",2003
2884,False,False,64,"(0.5, 0.2, 0.3)",64,4,0,20,1e-05,0.0001,100,0.01,3.0,0.01,0.01,0.001,0.001,0.3,0.05,,0.0,1000,1,64,0,4.17,[0.6981],[None],2004
2885,False,False,64,"(0.5, 0.2, 0.3)",64,4,0,20,1e-05,0.0001,100,0.01,3.0,0.01,0.01,0.001,0.001,0.3,0.05,,0.0,1000,1,64,0,4.17,[0.6426],[None],2005
2886,False,False,64,"(0.5, 0.2, 0.3)",64,4,0,20,1e-05,0.0001,100,0.01,3.0,0.01,0.01,0.001,0.001,0.3,0.05,,0.0,1000,1,64,0,4.17,[0.6467],[None],2006
2887,False,False,64,"(0.5, 0.2, 0.3)",64,4,0,20,1e-05,0.0001,100,0.01,3.0,0.01,0.01,0.001,0.001,0.3,0.05,,0.0,1000,1,64,0,4.17,[0.5983],[None],2007
2888,False,False,64,"(0.5, 0.2, 0.3)",64,4,0,20,1e-05,0.0001,100,0.01,3.0,0.01,0.01,0.001,0.001,0.3,0.05,,0.0,1000,1,64,1,4.16,[0.4469],[None],2008
2889,False,False,64,"(0.5, 0.2, 0.3)",64,4,0,20,1e-05,0.0001,100,0.01,3.0,0.01,0.01,0.001,0.001,0.3,0.05,,0.0,1000,1,64,0,4.17,[0.6324],[None],2009
2890,False,False,64,"(0.5, 0.2, 0.3)",64,4,0,20,1e-05,0.0001,100,0.01,3.0,0.01,0.01,0.001,0.001,0.3,0.05,,0.0,1000,1,64,0,4.16,[0.6492],[None],2010
2891,False,False,64,"(0.5, 0.2, 0.3)",64,4,0,20,1e-05,0.0001,100,0.01,3.0,0.01,0.01,0.001,0.001,0.3,0.05,,0.0,1000,1,64,0,4.17,[0.6348],[None],2011
2892,False,False,64,"(0.5, 0.2, 0.3)",64,4,0,20,1e-05,0.0001,100,0.01,3.0,0.01,0.01,0.001,0.001,0.3,0.05,,0.0,1000,1,64,0,4.17,[0.5926],[None],2012
2893,False,False,64,"(0.5, 0.2, 0.3)",64,4,0,20,1e-05,0.0001,100,0.01,3.0,0.01,0.01,0.001,0.001,0.3,0.05,,0.0,1000,2,128,0,8.58,"[0.6747, 0.7179]","[None, None]",2013
2894,False,False,64,"(0.5, 0.2, 0.3)",64,4,0,20,1e-05,0.0001,100,0.01,3.0,0.01,0.01,0.001,0.001,0.3,0.05,,0.0,1000,1,64,0,4.17,[0.6696],[None],2014
2895,False,False,64,"(0.5, 0.2, 0.3)",64,4,0,20,1e-05,0.0001,100,0.01,3.0,0.01,0.01,0.001,0.001,0.3,0.05,,0.0,1000,4,256,0,18.06,"[0.6596, 0.6598, 0.6607, 0.6416]","[None, None, None, None]",2015
2896,False,False,64,"(0.5, 0.2, 0.3)",64,4,0,20,1e-05,0.0001,100,0.01,3.0,0.01,0.01,0.001,0.001,0.3,0.05,,0.0,1000,2,128,0,8.38,"[0.6065, 0.5528]","[None, None]",2016
2897,False,False,64,"(0.5, 0.2, 0.3)",64,4,0,20,1e-05,0.0001,100,0.01,3.0,0.01,0.01,0.001,0.001,0.3,0.05,,0.0,1000,1,64,0,4.03,[0.6983],[None],2017
2898,False,False,64,"(0.5, 0.2, 0.3)",64,4,0,20,1e-05,0.0001,100,0.01,3.0,0.01,0.01,0.001,0.001,0.3,0.05,,0.0,1000,2,128,1,8.32,"[0.589, 0.6416]","[None, None]",2018
2899,False,False,64,"(0.5, 0.2, 0.3)",64,4,0,20,1e-05,0.0001,100,0.01,3.0,0.01,0.01,0.001,0.001,0.3,0.05,,0.0,1000,1,64,0,4.04,[0.6033],[None],2019
2900,False,False,64,"(0.5, 0.2, 0.3)",64,4,0,20,1e-05,0.0001,100,0.01,3.0,0.01,0.01,0.001,0.001,0.3,0.1,,0.0,1000,1,64,0,4.11,[0.695],[None],2000
2901,False,False,64,"(0.5, 0.2, 0.3)",64,4,0,20,1e-05,0.0001,100,0.01,3.0,0.01,0.01,0.001,0.001,0.3,0.1,,0.0,1000,1,64,0,4.15,[0.5632],[None],2001
2902,False,False,64,"(0.5, 0.2, 0.3)",64,4,0,20,1e-05,0.0001,100,0.01,3.0,0.01,0.01,0.001,0.001,0.3,0.1,,0.0,1000,1,64,1,4.16,[0.6861],[None],2002
2903,False,False,64,"(0.5, 0.2, 0.3)",64,4,0,20,1e-05,0.0001,100,0.01,3.0,0.01,0.01,0.001,0.001,0.3,0.1,,0.0,1000,2,128,1,8.57,"[0.6519, 0.6477]","[None, None]",2003
2904,False,False,64,"(0.5, 0.2, 0.3)",64,4,0,20,1e-05,0.0001,100,0.01,3.0,0.01,0.01,0.001,0.001,0.3,0.1,,0.0,1000,1,64,0,4.16,[0.6975],[None],2004
2905,False,False,64,"(0.5, 0.2, 0.3)",64,4,0,20,1e-05,0.0001,100,0.01,3.0,0.01,0.01,0.001,0.001,0.3,0.1,,0.0,1000,1,64,0,4.16,[0.6425],[None],2005
2906,False,False,64,"(0.5, 0.2, 0.3)",64,4,0,20,1e-05,0.0001,100,0.01,3.0,0.01,0.01,0.001,0.001,0.3,0.1,,0.0,1000,1,64,0,4.04,[0.6457],[None],2006
2907,False,False,64,"(0.5, 0.2, 0.3)",64,4,0,20,1e-05,0.0001,100,0.01,3.0,0.01,0.01,0.001,0.001,0.3,0.1,,0.0,1000,1,64,0,4.04,[0.5976],[None],2007
2908,False,False,64,"(0.5, 0.2, 0.3)",64,4,0,20,1e-05,0.0001,100,0.01,3.0,0.01,0.01,0.001,0.001,0.3,0.1,,0.0,1000,1,64,1,4.1,[0.4354],[None],2008
2909,False,False,64,"(0.5, 0.2, 0.3)",64,4,0,20,1e-05,0.0001,100,0.01,3.0,0.01,0.01,0.001,0.001,0.3,0.1,,0.0,1000,1,64,0,4.04,[0.6321],[None],2009
2910,False,False,64,"(0.5, 0.2, 0.3)",64,4,0,20,1e-05,0.0001,100,0.01,3.0,0.01,0.01,0.001,0.001,0.3,0.1,,0.0,1000,1,64,0,4.04,[0.6499],[None],2010
2911,False,False,64,"(0.5, 0.2, 0.3)",64,4,0,20,1e-05,0.0001,100,0.01,3.0,0.01,0.01,0.001,0.001,0.3,0.1,,0.0,1000,1,64,0,4.04,[0.6355],[None],2011
2912,False,False,64,"(0.5, 0.2, 0.3)",64,4,0,20,1e-05,0.0001,100,0.01,3.0,0.01,0.01,0.001,0.001,0.3,0.1,,0.0,1000,1,64,0,4.04,[0.5912],[None],2012
2913,False,False,64,"(0.5, 0.2, 0.3)",64,4,0,20,1e-05,0.0001,100,0.01,3.0,0.01,0.01,0.001,0.001,0.3,0.1,,0.0,1000,2,128,0,8.6,"[0.6745, 0.6933]","[None, None]",2013
2914,False,False,64,"(0.5, 0.2, 0.3)",64,4,0,20,1e-05,0.0001,100,0.01,3.0,0.01,0.01,0.001,0.001,0.3,0.1,,0.0,1000,1,64,0,4.17,[0.668],[None],2014
2915,False,False,64,"(0.5, 0.2, 0.3)",64,4,0,20,1e-05,0.0001,100,0.01,3.0,0.01,0.01,0.001,0.001,0.3,0.1,,0.0,1000,1,64,0,4.18,[0.6598],[None],2015
2916,False,False,64,"(0.5, 0.2, 0.3)",64,4,0,20,1e-05,0.0001,100,0.01,3.0,0.01,0.01,0.001,0.001,0.3,0.1,,0.0,1000,2,128,1,8.59,"[0.6026, 0.494]","[None, None]",2016
2917,False,False,64,"(0.5, 0.2, 0.3)",64,4,0,20,1e-05,0.0001,100,0.01,3.0,0.01,0.01,0.001,0.001,0.3,0.1,,0.0,1000,1,64,0,4.16,[0.6978],[None],2017
2918,False,False,64,"(0.5, 0.2, 0.3)",64,4,0,20,1e-05,0.0001,100,0.01,3.0,0.01,0.01,0.001,0.001,0.3,0.1,,0.0,1000,2,128,1,8.61,"[0.5869, 0.6419]","[None, None]",2018
2919,False,False,64,"(0.5, 0.2, 0.3)",64,4,0,20,1e-05,0.0001,100,0.01,3.0,0.01,0.01,0.001,0.001,0.3,0.1,,0.0,1000,1,64,0,4.17,[0.6014],[None],2019
2920,False,False,64,"(0.5, 0.2, 0.3)",64,4,0,20,1e-05,0.0001,100,0.01,3.0,0.01,0.01,0.01,0.001,0.3,0.05,,0.0,1000,1,64,0,4.17,[0.6966],[None],2000
2921,False,False,64,"(0.5, 0.2, 0.3)",64,4,0,20,1e-05,0.0001,100,0.01,3.0,0.01,0.01,0.01,0.001,0.3,0.05,,0.0,1000,1,64,0,4.17,[0.5645],[None],2001
2922,False,False,64,"(0.5, 0.2, 0.3)",64,4,0,20,1e-05,0.0001,100,0.01,3.0,0.01,0.01,0.01,0.001,0.3,0.05,,0.0,1000,1,64,1,4.16,[0.6868],[None],2002
2923,False,False,64,"(0.5, 0.2, 0.3)",64,4,0,20,1e-05,0.0001,100,0.01,3.0,0.01,0.01,0.01,0.001,0.3,0.05,,0.0,1000,2,128,1,8.6,"[0.6513, 0.6407]","[None, None]",2003
2924,False,False,64,"(0.5, 0.2, 0.3)",64,4,0,20,1e-05,0.0001,100,0.01,3.0,0.01,0.01,0.01,0.001,0.3,0.05,,0.0,1000,1,64,0,4.16,[0.6992],[None],2004
2925,False,False,64,"(0.5, 0.2, 0.3)",64,4,0,20,1e-05,0.0001,100,0.01,3.0,0.01,0.01,0.01,0.001,0.3,0.05,,0.0,1000,1,64,0,4.17,[0.6441],[None],2005
2926,False,False,64,"(0.5, 0.2, 0.3)",64,4,0,20,1e-05,0.0001,100,0.01,3.0,0.01,0.01,0.01,0.001,0.3,0.05,,0.0,1000,1,64,0,4.18,[0.6449],[None],2006
2927,False,False,64,"(0.5, 0.2, 0.3)",64,4,0,20,1e-05,0.0001,100,0.01,3.0,0.01,0.01,0.01,0.001,0.3,0.05,,0.0,1000,1,64,0,4.16,[0.5981],[None],2007
2928,False,False,64,"(0.5, 0.2, 0.3)",64,4,0,20,1e-05,0.0001,100,0.01,3.0,0.01,0.01,0.01,0.001,0.3,0.05,,0.0,1000,1,64,1,4.17,[0.4429],[None],2008
2929,False,False,64,"(0.5, 0.2, 0.3)",64,4,0,20,1e-05,0.0001,100,0.01,3.0,0.01,0.01,0.01,0.001,0.3,0.05,,0.0,1000,1,64,0,4.16,[0.6355],[None],2009
2930,False,False,64,"(0.5, 0.2, 0.3)",64,4,0,20,1e-05,0.0001,100,0.01,3.0,0.01,0.01,0.01,0.001,0.3,0.05,,0.0,1000,1,64,0,4.19,[0.6481],[None],2010
2931,False,False,64,"(0.5, 0.2, 0.3)",64,4,0,20,1e-05,0.0001,100,0.01,3.0,0.01,0.01,0.01,0.001,0.3,0.05,,0.0,1000,1,64,0,4.17,[0.6361],[None],2011
2932,False,False,64,"(0.5, 0.2, 0.3)",64,4,0,20,1e-05,0.0001,100,0.01,3.0,0.01,0.01,0.01,0.001,0.3,0.05,,0.0,1000,1,64,0,4.2,[0.5919],[None],2012
2933,False,False,64,"(0.5, 0.2, 0.3)",64,4,0,20,1e-05,0.0001,100,0.01,3.0,0.01,0.01,0.01,0.001,0.3,0.05,,0.0,1000,2,128,0,8.58,"[0.6741, 0.6756]","[None, None]",2013
2934,False,False,64,"(0.5, 0.2, 0.3)",64,4,0,20,1e-05,0.0001,100,0.01,3.0,0.01,0.01,0.01,0.001,0.3,0.05,,0.0,1000,1,64,0,4.17,[0.6696],[None],2014
2935,False,False,64,"(0.5, 0.2, 0.3)",64,4,0,20,1e-05,0.0001,100,0.01,3.0,0.01,0.01,0.01,0.001,0.3,0.05,,0.0,1000,1,64,0,4.24,[0.659],[None],2015
2936,False,False,64,"(0.5, 0.2, 0.3)",64,4,0,20,1e-05,0.0001,100,0.01,3.0,0.01,0.01,0.01,0.001,0.3,0.05,,0.0,1000,2,128,0,8.59,"[0.5975, 0.4923]","[None, None]",2016
2937,False,False,64,"(0.5, 0.2, 0.3)",64,4,0,20,1e-05,0.0001,100,0.01,3.0,0.01,0.01,0.01,0.001,0.3,0.05,,0.0,1000,1,64,0,4.17,[0.699],[None],2017
2938,False,False,64,"(0.5, 0.2, 0.3)",64,4,0,20,1e-05,0.0001,100,0.01,3.0,0.01,0.01,0.01,0.001,0.3,0.05,,0.0,1000,2,128,0,8.59,"[0.5896, 0.6318]","[None, None]",2018
2939,False,False,64,"(0.5, 0.2, 0.3)",64,4,0,20,1e-05,0.0001,100,0.01,3.0,0.01,0.01,0.01,0.001,0.3,0.05,,0.0,1000,1,64,0,4.17,[0.6037],[None],2019
2940,False,False,64,"(0.5, 0.2, 0.3)",64,4,0,20,1e-05,0.0001,100,0.01,3.0,0.01,0.01,0.01,0.001,0.3,0.1,,0.0,1000,1,64,0,4.16,[0.6952],[None],2000
2941,False,False,64,"(0.5, 0.2, 0.3)",64,4,0,20,1e-05,0.0001,100,0.01,3.0,0.01,0.01,0.01,0.001,0.3,0.1,,0.0,1000,1,64,0,4.16,[0.5644],[None],2001
2942,False,False,64,"(0.5, 0.2, 0.3)",64,4,0,20,1e-05,0.0001,100,0.01,3.0,0.01,0.01,0.01,0.001,0.3,0.1,,0.0,1000,1,64,1,4.16,[0.6866],[None],2002
2943,False,False,64,"(0.5, 0.2, 0.3)",64,4,0,20,1e-05,0.0001,100,0.01,3.0,0.01,0.01,0.01,0.001,0.3,0.1,,0.0,1000,2,128,1,8.41,"[0.6508, 0.6461]","[None, None]",2003
2944,False,False,64,"(0.5, 0.2, 0.3)",64,4,0,20,1e-05,0.0001,100,0.01,3.0,0.01,0.01,0.01,0.001,0.3,0.1,,0.0,1000,1,64,0,4.04,[0.6972],[None],2004
2945,False,False,64,"(0.5, 0.2, 0.3)",64,4,0,20,1e-05,0.0001,100,0.01,3.0,0.01,0.01,0.01,0.001,0.3,0.1,,0.0,1000,1,64,0,4.04,[0.6438],[None],2005
2946,False,False,64,"(0.5, 0.2, 0.3)",64,4,0,20,1e-05,0.0001,100,0.01,3.0,0.01,0.01,0.01,0.001,0.3,0.1,,0.0,1000,1,64,0,4.03,[0.6442],[None],2006
2947,False,False,64,"(0.5, 0.2, 0.3)",64,4,0,20,1e-05,0.0001,100,0.01,3.0,0.01,0.01,0.01,0.001,0.3,0.1,,0.0,1000,1,64,0,4.04,[0.5979],[None],2007
2948,False,False,64,"(0.5, 0.2, 0.3)",64,4,0,20,1e-05,0.0001,100,0.01,3.0,0.01,0.01,0.01,0.001,0.3,0.1,,0.0,1000,1,64,1,4.03,[0.4346],[None],2008
2949,False,False,64,"(0.5, 0.2, 0.3)",64,4,0,20,1e-05,0.0001,100,0.01,3.0,0.01,0.01,0.01,0.001,0.3,0.1,,0.0,1000,1,64,0,4.04,[0.634],[None],2009
2950,False,False,64,"(0.5, 0.2, 0.3)",64,4,0,20,1e-05,0.0001,100,0.01,3.0,0.01,0.01,0.01,0.001,0.3,0.1,,0.0,1000,1,64,0,4.03,[0.6476],[None],2010
2951,False,False,64,"(0.5, 0.2, 0.3)",64,4,0,20,1e-05,0.0001,100,0.01,3.0,0.01,0.01,0.01,0.001,0.3,0.1,,0.0,1000,1,64,0,4.03,[0.6351],[None],2011
2952,False,False,64,"(0.5, 0.2, 0.3)",64,4,0,20,1e-05,0.0001,100,0.01,3.0,0.01,0.01,0.01,0.001,0.3,0.1,,0.0,1000,1,64,0,4.04,[0.5913],[None],2012
2953,False,False,64,"(0.5, 0.2, 0.3)",64,4,0,20,1e-05,0.0001,100,0.01,3.0,0.01,0.01,0.01,0.001,0.3,0.1,,0.0,1000,2,128,0,8.32,"[0.6738, 0.6731]","[None, None]",2013
2954,False,False,64,"(0.5, 0.2, 0.3)",64,4,0,20,1e-05,0.0001,100,0.01,3.0,0.01,0.01,0.01,0.001,0.3,0.1,,0.0,1000,1,64,0,4.03,[0.6693],[None],2014
2955,False,False,64,"(0.5, 0.2, 0.3)",64,4,0,20,1e-05,0.0001,100,0.01,3.0,0.01,0.01,0.01,0.001,0.3,0.1,,0.0,1000,4,256,0,17.55,"[0.66, 0.6361, 0.6753, 0.6438]","[None, None, None, None]",2015
2956,False,False,64,"(0.5, 0.2, 0.3)",64,4,0,20,1e-05,0.0001,100,0.01,3.0,0.01,0.01,0.01,0.001,0.3,0.1,,0.0,1000,3,192,0,12.89,"[0.5962, 0.4626, 0.5424]","[None, None, None]",2016
2957,False,False,64,"(0.5, 0.2, 0.3)",64,4,0,20,1e-05,0.0001,100,0.01,3.0,0.01,0.01,0.01,0.001,0.3,0.1,,0.0,1000,1,64,0,4.16,[0.6983],[None],2017
2958,False,False,64,"(0.5, 0.2, 0.3)",64,4,0,20,1e-05,0.0001,100,0.01,3.0,0.01,0.01,0.01,0.001,0.3,0.1,,0.0,1000,2,128,1,8.66,"[0.5884, 0.642]","[None, None]",2018
2959,False,False,64,"(0.5, 0.2, 0.3)",64,4,0,20,1e-05,0.0001,100,0.01,3.0,0.01,0.01,0.01,0.001,0.3,0.1,,0.0,1000,1,64,0,4.16,[0.6028],[None],2019
2960,False,False,64,"(0.5, 0.2, 0.3)",64,4,0,20,1e-05,0.0001,100,0.01,3.0,0.1,0.01,0.001,0.001,0.3,0.05,,0.0,1000,1,64,0,4.16,[0.6975],[None],2000
2961,False,False,64,"(0.5, 0.2, 0.3)",64,4,0,20,1e-05,0.0001,100,0.01,3.0,0.1,0.01,0.001,0.001,0.3,0.05,,0.0,1000,1,64,0,4.17,[0.5222],[None],2001
2962,False,False,64,"(0.5, 0.2, 0.3)",64,4,0,20,1e-05,0.0001,100,0.01,3.0,0.1,0.01,0.001,0.001,0.3,0.05,,0.0,1000,1,64,1,4.16,[0.6821],[None],2002
2963,False,False,64,"(0.5, 0.2, 0.3)",64,4,0,20,1e-05,0.0001,100,0.01,3.0,0.1,0.01,0.001,0.001,0.3,0.05,,0.0,1000,2,128,1,8.47,"[0.6485, 0.6727]","[None, None]",2003
2964,False,False,64,"(0.5, 0.2, 0.3)",64,4,0,20,1e-05,0.0001,100,0.01,3.0,0.1,0.01,0.001,0.001,0.3,0.05,,0.0,1000,1,64,0,4.04,[0.6872],[None],2004
2965,False,False,64,"(0.5, 0.2, 0.3)",64,4,0,20,1e-05,0.0001,100,0.01,3.0,0.1,0.01,0.001,0.001,0.3,0.05,,0.0,1000,1,64,0,4.1,[0.6378],[None],2005
2966,False,False,64,"(0.5, 0.2, 0.3)",64,4,0,20,1e-05,0.0001,100,0.01,3.0,0.1,0.01,0.001,0.001,0.3,0.05,,0.0,1000,1,64,0,4.16,[0.6486],[None],2006
2967,False,False,64,"(0.5, 0.2, 0.3)",64,4,0,20,1e-05,0.0001,100,0.01,3.0,0.1,0.01,0.001,0.001,0.3,0.05,,0.0,1000,3,192,0,13.18,"[0.5888, 0.6331, 0.5672]","[None, None, None]",2007
2968,False,False,64,"(0.5, 0.2, 0.3)",64,4,0,20,1e-05,0.0001,100,0.01,3.0,0.1,0.01,0.001,0.001,0.3,0.05,,0.0,1000,1,64,1,4.17,[0.4328],[None],2008
2969,False,False,64,"(0.5, 0.2, 0.3)",64,4,0,20,1e-05,0.0001,100,0.01,3.0,0.1,0.01,0.001,0.001,0.3,0.05,,0.0,1000,1,64,0,4.16,[0.6304],[None],2009
2970,False,False,64,"(0.5, 0.2, 0.3)",64,4,0,20,1e-05,0.0001,100,0.01,3.0,0.1,0.01,0.001,0.001,0.3,0.05,,0.0,1000,1,64,0,4.17,[0.6529],[None],2010
2971,False,False,64,"(0.5, 0.2, 0.3)",64,4,0,20,1e-05,0.0001,100,0.01,3.0,0.1,0.01,0.001,0.001,0.3,0.05,,0.0,1000,1,64,0,4.16,[0.6255],[None],2011
2972,False,False,64,"(0.5, 0.2, 0.3)",64,4,0,20,1e-05,0.0001,100,0.01,3.0,0.1,0.01,0.001,0.001,0.3,0.05,,0.0,1000,1,64,0,4.16,[0.5847],[None],2012
2973,False,False,64,"(0.5, 0.2, 0.3)",64,4,0,20,1e-05,0.0001,100,0.01,3.0,0.1,0.01,0.001,0.001,0.3,0.05,,0.0,1000,2,128,0,8.59,"[0.6722, 0.6656]","[None, None]",2013
2974,False,False,64,"(0.5, 0.2, 0.3)",64,4,0,20,1e-05,0.0001,100,0.01,3.0,0.1,0.01,0.001,0.001,0.3,0.05,,0.0,1000,1,64,0,4.16,[0.6638],[None],2014
2975,False,False,64,"(0.5, 0.2, 0.3)",64,4,0,20,1e-05,0.0001,100,0.01,3.0,0.1,0.01,0.001,0.001,0.3,0.05,,0.0,1000,4,256,1,18.07,"[0.6569, 0.6541, 0.646, 0.6336]","[None, None, None, None]",2015
2976,False,False,64,"(0.5, 0.2, 0.3)",64,4,0,20,1e-05,0.0001,100,0.01,3.0,0.1,0.01,0.001,0.001,0.3,0.05,,0.0,1000,2,128,1,8.58,"[0.58, 0.5216]","[None, None]",2016
2977,False,False,64,"(0.5, 0.2, 0.3)",64,4,0,20,1e-05,0.0001,100,0.01,3.0,0.1,0.01,0.001,0.001,0.3,0.05,,0.0,1000,1,64,0,4.17,[0.7079],[None],2017
2978,False,False,64,"(0.5, 0.2, 0.3)",64,4,0,20,1e-05,0.0001,100,0.01,3.0,0.1,0.01,0.001,0.001,0.3,0.05,,0.0,1000,2,128,1,8.58,"[0.5822, 0.6224]","[None, None]",2018
2979,False,False,64,"(0.5, 0.2, 0.3)",64,4,0,20,1e-05,0.0001,100,0.01,3.0,0.1,0.01,0.001,0.001,0.3,0.05,,0.0,1000,1,64,0,4.16,[0.6186],[None],2019
2980,False,False,64,"(0.5, 0.2, 0.3)",64,4,0,20,1e-05,0.0001,100,0.01,3.0,0.1,0.01,0.001,0.001,0.3,0.1,,0.0,1000,1,64,1,4.16,[0.6893],[None],2000
2981,False,False,64,"(0.5, 0.2, 0.3)",64,4,0,20,1e-05,0.0001,100,0.01,3.0,0.1,0.01,0.001,0.001,0.3,0.1,,0.0,1000,1,64,0,4.23,[0.5188],[None],2001
2982,False,False,64,"(0.5, 0.2, 0.3)",64,4,0,20,1e-05,0.0001,100,0.01,3.0,0.1,0.01,0.001,0.001,0.3,0.1,,0.0,1000,1,64,1,4.16,[0.6827],[None],2002
2983,False,False,64,"(0.5, 0.2, 0.3)",64,4,0,20,1e-05,0.0001,100,0.01,3.0,0.1,0.01,0.001,0.001,0.3,0.1,,0.0,1000,2,128,1,8.57,"[0.6342, 0.6686]","[None, None]",2003
2984,False,False,64,"(0.5, 0.2, 0.3)",64,4,0,20,1e-05,0.0001,100,0.01,3.0,0.1,0.01,0.001,0.001,0.3,0.1,,0.0,1000,1,64,0,4.16,[0.6844],[None],2004
2985,False,False,64,"(0.5, 0.2, 0.3)",64,4,0,20,1e-05,0.0001,100,0.01,3.0,0.1,0.01,0.001,0.001,0.3,0.1,,0.0,1000,1,64,0,4.17,[0.6269],[None],2005
2986,False,False,64,"(0.5, 0.2, 0.3)",64,4,0,20,1e-05,0.0001,100,0.01,3.0,0.1,0.01,0.001,0.001,0.3,0.1,,0.0,1000,1,64,0,4.16,[0.6366],[None],2006
2987,False,False,64,"(0.5, 0.2, 0.3)",64,4,0,20,1e-05,0.0001,100,0.01,3.0,0.1,0.01,0.001,0.001,0.3,0.1,,0.0,1000,3,192,1,13.19,"[0.5932, 0.638, 0.5582]","[None, None, None]",2007
2988,False,False,64,"(0.5, 0.2, 0.3)",64,4,0,20,1e-05,0.0001,100,0.01,3.0,0.1,0.01,0.001,0.001,0.3,0.1,,0.0,1000,1,64,1,4.17,[0.4225],[None],2008
2989,False,False,64,"(0.5, 0.2, 0.3)",64,4,0,20,1e-05,0.0001,100,0.01,3.0,0.1,0.01,0.001,0.001,0.3,0.1,,0.0,1000,1,64,0,4.16,[0.6297],[None],2009
2990,False,False,64,"(0.5, 0.2, 0.3)",64,4,0,20,1e-05,0.0001,100,0.01,3.0,0.1,0.01,0.001,0.001,0.3,0.1,,0.0,1000,1,64,0,4.16,[0.6367],[None],2010
2991,False,False,64,"(0.5, 0.2, 0.3)",64,4,0,20,1e-05,0.0001,100,0.01,3.0,0.1,0.01,0.001,0.001,0.3,0.1,,0.0,1000,1,64,0,4.17,[0.6223],[None],2011
2992,False,False,64,"(0.5, 0.2, 0.3)",64,4,0,20,1e-05,0.0001,100,0.01,3.0,0.1,0.01,0.001,0.001,0.3,0.1,,0.0,1000,1,64,0,4.17,[0.5739],[None],2012
2993,False,False,64,"(0.5, 0.2, 0.3)",64,4,0,20,1e-05,0.0001,100,0.01,3.0,0.1,0.01,0.001,0.001,0.3,0.1,,0.0,1000,2,128,0,8.59,"[0.6712, 0.6724]","[None, None]",2013
2994,False,False,64,"(0.5, 0.2, 0.3)",64,4,0,20,1e-05,0.0001,100,0.01,3.0,0.1,0.01,0.001,0.001,0.3,0.1,,0.0,1000,1,64,0,4.16,[0.656],[None],2014
2995,False,False,64,"(0.5, 0.2, 0.3)",64,4,0,20,1e-05,0.0001,100,0.01,3.0,0.1,0.01,0.001,0.001,0.3,0.1,,0.0,1000,3,192,0,12.87,"[0.6616, 0.6791, 0.6761]","[None, None, None]",2015
2996,False,False,64,"(0.5, 0.2, 0.3)",64,4,0,20,1e-05,0.0001,100,0.01,3.0,0.1,0.01,0.001,0.001,0.3,0.1,,0.0,1000,2,128,1,8.33,"[0.565, 0.4573]","[None, None]",2016
2997,False,False,64,"(0.5, 0.2, 0.3)",64,4,0,20,1e-05,0.0001,100,0.01,3.0,0.1,0.01,0.001,0.001,0.3,0.1,,0.0,1000,1,64,0,4.04,[0.6945],[None],2017
2998,False,False,64,"(0.5, 0.2, 0.3)",64,4,0,20,1e-05,0.0001,100,0.01,3.0,0.1,0.01,0.001,0.001,0.3,0.1,,0.0,1000,2,128,1,8.49,"[0.5759, 0.611]","[None, None]",2018
2999,False,False,64,"(0.5, 0.2, 0.3)",64,4,0,20,1e-05,0.0001,100,0.01,3.0,0.1,0.01,0.001,0.001,0.3,0.1,,0.0,1000,1,64,0,4.17,[0.6129],[None],2019
3000,False,False,64,"(0.5, 0.2, 0.3)",64,4,0,20,1e-05,0.0001,100,0.01,3.0,0.1,0.01,0.01,0.001,0.3,0.05,,0.0,1000,1,64,1,4.16,[0.6969],[None],2000
3001,False,False,64,"(0.5, 0.2, 0.3)",64,4,0,20,1e-05,0.0001,100,0.01,3.0,0.1,0.01,0.01,0.001,0.3,0.05,,0.0,1000,1,64,0,4.16,[0.5236],[None],2001
3002,False,False,64,"(0.5, 0.2, 0.3)",64,4,0,20,1e-05,0.0001,100,0.01,3.0,0.1,0.01,0.01,0.001,0.3,0.05,,0.0,1000,1,64,1,4.16,[0.6802],[None],2002
3003,False,False,64,"(0.5, 0.2, 0.3)",64,4,0,20,1e-05,0.0001,100,0.01,3.0,0.1,0.01,0.01,0.001,0.3,0.05,,0.0,1000,2,128,1,8.49,"[0.6476, 0.657]","[None, None]",2003
3004,False,False,64,"(0.5, 0.2, 0.3)",64,4,0,20,1e-05,0.0001,100,0.01,3.0,0.1,0.01,0.01,0.001,0.3,0.05,,0.0,1000,1,64,0,4.17,[0.688],[None],2004
3005,False,False,64,"(0.5, 0.2, 0.3)",64,4,0,20,1e-05,0.0001,100,0.01,3.0,0.1,0.01,0.01,0.001,0.3,0.05,,0.0,1000,1,64,0,4.23,[0.6376],[None],2005
3006,False,False,64,"(0.5, 0.2, 0.3)",64,4,0,20,1e-05,0.0001,100,0.01,3.0,0.1,0.01,0.01,0.001,0.3,0.05,,0.0,1000,1,64,0,4.17,[0.6467],[None],2006
3007,False,False,64,"(0.5, 0.2, 0.3)",64,4,0,20,1e-05,0.0001,100,0.01,3.0,0.1,0.01,0.01,0.001,0.3,0.05,,0.0,1000,3,192,1,13.2,"[0.5895, 0.6026, 0.5803]","[None, None, None]",2007
3008,False,False,64,"(0.5, 0.2, 0.3)",64,4,0,20,1e-05,0.0001,100,0.01,3.0,0.1,0.01,0.01,0.001,0.3,0.05,,0.0,1000,1,64,1,4.07,[0.4317],[None],2008
3009,False,False,64,"(0.5, 0.2, 0.3)",64,4,0,20,1e-05,0.0001,100,0.01,3.0,0.1,0.01,0.01,0.001,0.3,0.05,,0.0,1000,1,64,0,4.1,[0.6327],[None],2009
3010,False,False,64,"(0.5, 0.2, 0.3)",64,4,0,20,1e-05,0.0001,100,0.01,3.0,0.1,0.01,0.01,0.001,0.3,0.05,,0.0,1000,1,64,0,4.1,[0.6533],[None],2010
3011,False,False,64,"(0.5, 0.2, 0.3)",64,4,0,20,1e-05,0.0001,100,0.01,3.0,0.1,0.01,0.01,0.001,0.3,0.05,,0.0,1000,1,64,0,4.05,[0.6276],[None],2011
3012,False,False,64,"(0.5, 0.2, 0.3)",64,4,0,20,1e-05,0.0001,100,0.01,3.0,0.1,0.01,0.01,0.001,0.3,0.05,,0.0,1000,1,64,0,4.05,[0.5843],[None],2012
3013,False,False,64,"(0.5, 0.2, 0.3)",64,4,0,20,1e-05,0.0001,100,0.01,3.0,0.1,0.01,0.01,0.001,0.3,0.05,,0.0,1000,2,128,0,8.34,"[0.673, 0.6594]","[None, None]",2013
3014,False,False,64,"(0.5, 0.2, 0.3)",64,4,0,20,1e-05,0.0001,100,0.01,3.0,0.1,0.01,0.01,0.001,0.3,0.05,,0.0,1000,1,64,0,4.04,[0.6632],[None],2014
3015,False,False,64,"(0.5, 0.2, 0.3)",64,4,0,20,1e-05,0.0001,100,0.01,3.0,0.1,0.01,0.01,0.001,0.3,0.05,,0.0,1000,4,256,0,17.59,"[0.6599, 0.6464, 0.678, 0.6455]","[None, None, None, None]",2015
3016,False,False,64,"(0.5, 0.2, 0.3)",64,4,0,20,1e-05,0.0001,100,0.01,3.0,0.1,0.01,0.01,0.001,0.3,0.05,,0.0,1000,2,128,1,8.35,"[0.574, 0.5153]","[None, None]",2016
3017,False,False,64,"(0.5, 0.2, 0.3)",64,4,0,20,1e-05,0.0001,100,0.01,3.0,0.1,0.01,0.01,0.001,0.3,0.05,,0.0,1000,1,64,0,4.04,[0.7066],[None],2017
3018,False,False,64,"(0.5, 0.2, 0.3)",64,4,0,20,1e-05,0.0001,100,0.01,3.0,0.1,0.01,0.01,0.001,0.3,0.05,,0.0,1000,2,128,1,8.35,"[0.5859, 0.6025]","[None, None]",2018
3019,False,False,64,"(0.5, 0.2, 0.3)",64,4,0,20,1e-05,0.0001,100,0.01,3.0,0.1,0.01,0.01,0.001,0.3,0.05,,0.0,1000,1,64,0,4.05,[0.62],[None],2019
3020,False,False,64,"(0.5, 0.2, 0.3)",64,4,0,20,1e-05,0.0001,100,0.01,3.0,0.1,0.01,0.01,0.001,0.3,0.1,,0.0,1000,1,64,1,4.05,[0.688],[None],2000
3021,False,False,64,"(0.5, 0.2, 0.3)",64,4,0,20,1e-05,0.0001,100,0.01,3.0,0.1,0.01,0.01,0.001,0.3,0.1,,0.0,1000,1,64,0,4.1,[0.5186],[None],2001
3022,False,False,64,"(0.5, 0.2, 0.3)",64,4,0,20,1e-05,0.0001,100,0.01,3.0,0.1,0.01,0.01,0.001,0.3,0.1,,0.0,1000,1,64,1,4.16,[0.6809],[None],2002
3023,False,False,64,"(0.5, 0.2, 0.3)",64,4,0,20,1e-05,0.0001,100,0.01,3.0,0.1,0.01,0.01,0.001,0.3,0.1,,0.0,1000,2,128,1,8.52,"[0.6338, 0.6088]","[None, None]",2003
3024,False,False,64,"(0.5, 0.2, 0.3)",64,4,0,20,1e-05,0.0001,100,0.01,3.0,0.1,0.01,0.01,0.001,0.3,0.1,,0.0,1000,1,64,0,4.16,[0.6843],[None],2004
3025,False,False,64,"(0.5, 0.2, 0.3)",64,4,0,20,1e-05,0.0001,100,0.01,3.0,0.1,0.01,0.01,0.001,0.3,0.1,,0.0,1000,1,64,0,4.16,[0.6287],[None],2005
3026,False,False,64,"(0.5, 0.2, 0.3)",64,4,0,20,1e-05,0.0001,100,0.01,3.0,0.1,0.01,0.01,0.001,0.3,0.1,,0.0,1000,1,64,0,4.16,[0.6365],[None],2006
3027,False,False,64,"(0.5, 0.2, 0.3)",64,4,0,20,1e-05,0.0001,100,0.01,3.0,0.1,0.01,0.01,0.001,0.3,0.1,,0.0,1000,3,192,0,13.22,"[0.5942, 0.63, 0.5863]","[None, None, None]",2007
3028,False,False,64,"(0.5, 0.2, 0.3)",64,4,0,20,1e-05,0.0001,100,0.01,3.0,0.1,0.01,0.01,0.001,0.3,0.1,,0.0,1000,1,64,1,4.16,[0.4199],[None],2008
3029,False,False,64,"(0.5, 0.2, 0.3)",64,4,0,20,1e-05,0.0001,100,0.01,3.0,0.1,0.01,0.01,0.001,0.3,0.1,,0.0,1000,1,64,0,4.17,[0.6297],[None],2009
3030,False,False,64,"(0.5, 0.2, 0.3)",64,4,0,20,1e-05,0.0001,100,0.01,3.0,0.1,0.01,0.01,0.001,0.3,0.1,,0.0,1000,1,64,0,4.16,[0.6362],[None],2010
3031,False,False,64,"(0.5, 0.2, 0.3)",64,4,0,20,1e-05,0.0001,100,0.01,3.0,0.1,0.01,0.01,0.001,0.3,0.1,,0.0,1000,1,64,0,4.16,[0.6259],[None],2011
3032,False,False,64,"(0.5, 0.2, 0.3)",64,4,0,20,1e-05,0.0001,100,0.01,3.0,0.1,0.01,0.01,0.001,0.3,0.1,,0.0,1000,1,64,0,4.16,[0.5738],[None],2012
3033,False,False,64,"(0.5, 0.2, 0.3)",64,4,0,20,1e-05,0.0001,100,0.01,3.0,0.1,0.01,0.01,0.001,0.3,0.1,,0.0,1000,2,128,0,8.58,"[0.6716, 0.6563]","[None, None]",2013
3034,False,False,64,"(0.5, 0.2, 0.3)",64,4,0,20,1e-05,0.0001,100,0.01,3.0,0.1,0.01,0.01,0.001,0.3,0.1,,0.0,1000,1,64,0,4.16,[0.6568],[None],2014
3035,False,False,64,"(0.5, 0.2, 0.3)",64,4,0,20,1e-05,0.0001,100,0.01,3.0,0.1,0.01,0.01,0.001,0.3,0.1,,0.0,1000,3,192,0,13.19,"[0.662, 0.6805, 0.6869]","[None, None, None]",2015
3036,False,False,64,"(0.5, 0.2, 0.3)",64,4,0,20,1e-05,0.0001,100,0.01,3.0,0.1,0.01,0.01,0.001,0.3,0.1,,0.0,1000,2,128,1,8.58,"[0.5613, 0.4662]","[None, None]",2016
3037,False,False,64,"(0.5, 0.2, 0.3)",64,4,0,20,1e-05,0.0001,100,0.01,3.0,0.1,0.01,0.01,0.001,0.3,0.1,,0.0,1000,1,64,0,4.16,[0.6945],[None],2017
3038,False,False,64,"(0.5, 0.2, 0.3)",64,4,0,20,1e-05,0.0001,100,0.01,3.0,0.1,0.01,0.01,0.001,0.3,0.1,,0.0,1000,2,128,1,8.56,"[0.577, 0.6122]","[None, None]",2018
3039,False,False,64,"(0.5, 0.2, 0.3)",64,4,0,20,1e-05,0.0001,100,0.01,3.0,0.1,0.01,0.01,0.001,0.3,0.1,,0.0,1000,1,64,0,4.13,[0.6146],[None],2019
3040,False,False,64,"(0.5, 0.2, 0.3)",64,4,0,20,1e-05,0.0001,100,0.01,3.0,0.2,0.01,0.001,0.001,0.3,0.05,,0.0,1000,1,64,1,4.16,[0.7018],[None],2000
3041,False,False,64,"(0.5, 0.2, 0.3)",64,4,0,20,1e-05,0.0001,100,0.01,3.0,0.2,0.01,0.001,0.001,0.3,0.05,,0.0,1000,1,64,0,4.16,[0.5105],[None],2001
3042,False,False,64,"(0.5, 0.2, 0.3)",64,4,0,20,1e-05,0.0001,100,0.01,3.0,0.2,0.01,0.001,0.001,0.3,0.05,,0.0,1000,1,64,1,4.17,[0.6744],[None],2002
3043,False,False,64,"(0.5, 0.2, 0.3)",64,4,0,20,1e-05,0.0001,100,0.01,3.0,0.2,0.01,0.001,0.001,0.3,0.05,,0.0,1000,2,128,1,8.59,"[0.6464, 0.629]","[None, None]",2003
3044,False,False,64,"(0.5, 0.2, 0.3)",64,4,0,20,1e-05,0.0001,100,0.01,3.0,0.2,0.01,0.001,0.001,0.3,0.05,,0.0,1000,1,64,0,4.16,[0.6859],[None],2004
3045,False,False,64,"(0.5, 0.2, 0.3)",64,4,0,20,1e-05,0.0001,100,0.01,3.0,0.2,0.01,0.001,0.001,0.3,0.05,,0.0,1000,2,128,0,8.63,"[0.6334, 0.617]","[None, None]",2005
3046,False,False,64,"(0.5, 0.2, 0.3)",64,4,0,20,1e-05,0.0001,100,0.01,3.0,0.2,0.01,0.001,0.001,0.3,0.05,,0.0,1000,1,64,0,4.17,[0.6494],[None],2006
3047,False,False,64,"(0.5, 0.2, 0.3)",64,4,0,20,1e-05,0.0001,100,0.01,3.0,0.2,0.01,0.001,0.001,0.3,0.05,,0.0,1000,3,192,0,13.2,"[0.586, 0.5835, 0.5299]","[None, None, None]",2007
3048,False,False,64,"(0.5, 0.2, 0.3)",64,4,0,20,1e-05,0.0001,100,0.01,3.0,0.2,0.01,0.001,0.001,0.3,0.05,,0.0,1000,1,64,1,4.17,[0.4252],[None],2008
3049,False,False,64,"(0.5, 0.2, 0.3)",64,4,0,20,1e-05,0.0001,100,0.01,3.0,0.2,0.01,0.001,0.001,0.3,0.05,,0.0,1000,1,64,0,4.16,[0.6235],[None],2009
3050,False,False,64,"(0.5, 0.2, 0.3)",64,4,0,20,1e-05,0.0001,100,0.01,3.0,0.2,0.01,0.001,0.001,0.3,0.05,,0.0,1000,1,64,0,4.16,[0.6523],[None],2010
3051,False,False,64,"(0.5, 0.2, 0.3)",64,4,0,20,1e-05,0.0001,100,0.01,3.0,0.2,0.01,0.001,0.001,0.3,0.05,,0.0,1000,1,64,0,4.17,[0.621],[None],2011
3052,False,False,64,"(0.5, 0.2, 0.3)",64,4,0,20,1e-05,0.0001,100,0.01,3.0,0.2,0.01,0.001,0.001,0.3,0.05,,0.0,1000,1,64,0,4.24,[0.578],[None],2012
3053,False,False,64,"(0.5, 0.2, 0.3)",64,4,0,20,1e-05,0.0001,100,0.01,3.0,0.2,0.01,0.001,0.001,0.3,0.05,,0.0,1000,2,128,0,8.6,"[0.6694, 0.6609]","[None, None]",2013
3054,False,False,64,"(0.5, 0.2, 0.3)",64,4,0,20,1e-05,0.0001,100,0.01,3.0,0.2,0.01,0.001,0.001,0.3,0.05,,0.0,1000,1,64,0,4.17,[0.6547],[None],2014
3055,False,False,64,"(0.5, 0.2, 0.3)",64,4,0,20,1e-05,0.0001,100,0.01,3.0,0.2,0.01,0.001,0.001,0.3,0.05,,0.0,1000,3,192,0,13.19,"[0.6571, 0.6457, 0.7029]","[None, None, None]",2015
3056,False,False,64,"(0.5, 0.2, 0.3)",64,4,0,20,1e-05,0.0001,100,0.01,3.0,0.2,0.01,0.001,0.001,0.3,0.05,,0.0,1000,2,128,1,8.59,"[0.5608, 0.5084]","[None, None]",2016
3057,False,False,64,"(0.5, 0.2, 0.3)",64,4,0,20,1e-05,0.0001,100,0.01,3.0,0.2,0.01,0.001,0.001,0.3,0.05,,0.0,1000,1,64,0,4.18,[0.7089],[None],2017
3058,False,False,64,"(0.5, 0.2, 0.3)",64,4,0,20,1e-05,0.0001,100,0.01,3.0,0.2,0.01,0.001,0.001,0.3,0.05,,0.0,1000,2,128,1,8.59,"[0.5776, 0.6185]","[None, None]",2018
3059,False,False,64,"(0.5, 0.2, 0.3)",64,4,0,20,1e-05,0.0001,100,0.01,3.0,0.2,0.01,0.001,0.001,0.3,0.05,,0.0,1000,1,64,0,4.17,[0.6227],[None],2019
3060,False,False,64,"(0.5, 0.2, 0.3)",64,4,0,20,1e-05,0.0001,100,0.01,3.0,0.2,0.01,0.001,0.001,0.3,0.1,,0.0,1000,1,64,1,4.17,[0.6881],[None],2000
3061,False,False,64,"(0.5, 0.2, 0.3)",64,4,0,20,1e-05,0.0001,100,0.01,3.0,0.2,0.01,0.001,0.001,0.3,0.1,,0.0,1000,1,64,0,4.17,[0.4993],[None],2001
3062,False,False,64,"(0.5, 0.2, 0.3)",64,4,0,20,1e-05,0.0001,100,0.01,3.0,0.2,0.01,0.001,0.001,0.3,0.1,,0.0,1000,1,64,1,4.16,[0.6727],[None],2002
3063,False,False,64,"(0.5, 0.2, 0.3)",64,4,0,20,1e-05,0.0001,100,0.01,3.0,0.2,0.01,0.001,0.001,0.3,0.1,,0.0,1000,2,128,1,8.59,"[0.6287, 0.631]","[None, None]",2003
3064,False,False,64,"(0.5, 0.2, 0.3)",64,4,0,20,1e-05,0.0001,100,0.01,3.0,0.2,0.01,0.001,0.001,0.3,0.1,,0.0,1000,2,128,0,8.59,"[0.6767, 0.7161]","[None, None]",2004
3065,False,False,64,"(0.5, 0.2, 0.3)",64,4,0,20,1e-05,0.0001,100,0.01,3.0,0.2,0.01,0.001,0.001,0.3,0.1,,0.0,1000,1,64,0,4.17,[0.6199],[None],2005
3066,False,False,64,"(0.5, 0.2, 0.3)",64,4,0,20,1e-05,0.0001,100,0.01,3.0,0.2,0.01,0.001,0.001,0.3,0.1,,0.0,1000,1,64,0,4.18,[0.6345],[None],2006
3067,False,False,64,"(0.5, 0.2, 0.3)",64,4,0,20,1e-05,0.0001,100,0.01,3.0,0.2,0.01,0.001,0.001,0.3,0.1,,0.0,1000,5,320,0,23.18,"[0.5894, 0.5336, 0.4842, 0.4223, 0.4736]","[None, None, None, None, None]",2007
3068,False,False,64,"(0.5, 0.2, 0.3)",64,4,0,20,1e-05,0.0001,100,0.01,3.0,0.2,0.01,0.001,0.001,0.3,0.1,,0.0,1000,1,64,1,4.16,[0.405],[None],2008
3069,False,False,64,"(0.5, 0.2, 0.3)",64,4,0,20,1e-05,0.0001,100,0.01,3.0,0.2,0.01,0.001,0.001,0.3,0.1,,0.0,1000,1,64,0,4.16,[0.622],[None],2009
3070,False,False,64,"(0.5, 0.2, 0.3)",64,4,0,20,1e-05,0.0001,100,0.01,3.0,0.2,0.01,0.001,0.001,0.3,0.1,,0.0,1000,1,64,0,4.16,[0.6305],[None],2010
3071,False,False,64,"(0.5, 0.2, 0.3)",64,4,0,20,1e-05,0.0001,100,0.01,3.0,0.2,0.01,0.001,0.001,0.3,0.1,,0.0,1000,1,64,0,4.16,[0.6168],[None],2011
3072,False,False,64,"(0.5, 0.2, 0.3)",64,4,0,20,1e-05,0.0001,100,0.01,3.0,0.2,0.01,0.001,0.001,0.3,0.1,,0.0,1000,1,64,0,4.17,[0.5602],[None],2012
3073,False,False,64,"(0.5, 0.2, 0.3)",64,4,0,20,1e-05,0.0001,100,0.01,3.0,0.2,0.01,0.001,0.001,0.3,0.1,,0.0,1000,2,128,0,8.66,"[0.6653, 0.6459]","[None, None]",2013
3074,False,False,64,"(0.5, 0.2, 0.3)",64,4,0,20,1e-05,0.0001,100,0.01,3.0,0.2,0.01,0.001,0.001,0.3,0.1,,0.0,1000,1,64,0,4.17,[0.6474],[None],2014
3075,False,False,64,"(0.5, 0.2, 0.3)",64,4,0,20,1e-05,0.0001,100,0.01,3.0,0.2,0.01,0.001,0.001,0.3,0.1,,0.0,1000,4,256,1,18.08,"[0.6608, 0.652, 0.6337, 0.6125]","[None, None, None, None]",2015
3076,False,False,64,"(0.5, 0.2, 0.3)",64,4,0,20,1e-05,0.0001,100,0.01,3.0,0.2,0.01,0.001,0.001,0.3,0.1,,0.0,1000,2,128,0,8.59,"[0.5434, 0.4599]","[None, None]",2016
3077,False,False,64,"(0.5, 0.2, 0.3)",64,4,0,20,1e-05,0.0001,100,0.01,3.0,0.2,0.01,0.001,0.001,0.3,0.1,,0.0,1000,1,64,0,4.17,[0.6944],[None],2017
3078,False,False,64,"(0.5, 0.2, 0.3)",64,4,0,20,1e-05,0.0001,100,0.01,3.0,0.2,0.01,0.001,0.001,0.3,0.1,,0.0,1000,2,128,1,8.54,"[0.5674, 0.6158]","[None, None]",2018
3079,False,False,64,"(0.5, 0.2, 0.3)",64,4,0,20,1e-05,0.0001,100,0.01,3.0,0.2,0.01,0.001,0.001,0.3,0.1,,0.0,1000,1,64,0,4.04,[0.6196],[None],2019
3080,False,False,64,"(0.5, 0.2, 0.3)",64,4,0,20,1e-05,0.0001,100,0.01,3.0,0.2,0.01,0.01,0.001,0.3,0.05,,0.0,1000,1,64,1,4.04,[0.7034],[None],2000
3081,False,False,64,"(0.5, 0.2, 0.3)",64,4,0,20,1e-05,0.0001,100,0.01,3.0,0.2,0.01,0.01,0.001,0.3,0.05,,0.0,1000,1,64,0,4.04,[0.5114],[None],2001
3082,False,False,64,"(0.5, 0.2, 0.3)",64,4,0,20,1e-05,0.0001,100,0.01,3.0,0.2,0.01,0.01,0.001,0.3,0.05,,0.0,1000,1,64,1,4.04,[0.674],[None],2002
3083,False,False,64,"(0.5, 0.2, 0.3)",64,4,0,20,1e-05,0.0001,100,0.01,3.0,0.2,0.01,0.01,0.001,0.3,0.05,,0.0,1000,2,128,1,8.32,"[0.6454, 0.6369]","[None, None]",2003
3084,False,False,64,"(0.5, 0.2, 0.3)",64,4,0,20,1e-05,0.0001,100,0.01,3.0,0.2,0.01,0.01,0.001,0.3,0.05,,0.0,1000,1,64,0,4.04,[0.6851],[None],2004
3085,False,False,64,"(0.5, 0.2, 0.3)",64,4,0,20,1e-05,0.0001,100,0.01,3.0,0.2,0.01,0.01,0.001,0.3,0.05,,0.0,1000,2,128,1,8.33,"[0.6337, 0.6145]","[None, None]",2005
3086,False,False,64,"(0.5, 0.2, 0.3)",64,4,0,20,1e-05,0.0001,100,0.01,3.0,0.2,0.01,0.01,0.001,0.3,0.05,,0.0,1000,1,64,0,4.04,[0.6491],[None],2006
3087,False,False,64,"(0.5, 0.2, 0.3)",64,4,0,20,1e-05,0.0001,100,0.01,3.0,0.2,0.01,0.01,0.001,0.3,0.05,,0.0,1000,3,192,1,12.8,"[0.587, 0.5754, 0.5164]","[None, None, None]",2007
3088,False,False,64,"(0.5, 0.2, 0.3)",64,4,0,20,1e-05,0.0001,100,0.01,3.0,0.2,0.01,0.01,0.001,0.3,0.05,,0.0,1000,1,64,1,4.04,[0.4239],[None],2008
3089,False,False,64,"(0.5, 0.2, 0.3)",64,4,0,20,1e-05,0.0001,100,0.01,3.0,0.2,0.01,0.01,0.001,0.3,0.05,,0.0,1000,1,64,0,4.04,[0.6241],[None],2009
3090,False,False,64,"(0.5, 0.2, 0.3)",64,4,0,20,1e-05,0.0001,100,0.01,3.0,0.2,0.01,0.01,0.001,0.3,0.05,,0.0,1000,1,64,0,4.04,[0.6502],[None],2010
3091,False,False,64,"(0.5, 0.2, 0.3)",64,4,0,20,1e-05,0.0001,100,0.01,3.0,0.2,0.01,0.01,0.001,0.3,0.05,,0.0,1000,1,64,0,4.04,[0.6205],[None],2011
3092,False,False,64,"(0.5, 0.2, 0.3)",64,4,0,20,1e-05,0.0001,100,0.01,3.0,0.2,0.01,0.01,0.001,0.3,0.05,,0.0,1000,1,64,0,4.05,[0.5777],[None],2012
3093,False,False,64,"(0.5, 0.2, 0.3)",64,4,0,20,1e-05,0.0001,100,0.01,3.0,0.2,0.01,0.01,0.001,0.3,0.05,,0.0,1000,2,128,0,8.32,"[0.6686, 0.6543]","[None, None]",2013
3094,False,False,64,"(0.5, 0.2, 0.3)",64,4,0,20,1e-05,0.0001,100,0.01,3.0,0.2,0.01,0.01,0.001,0.3,0.05,,0.0,1000,1,64,0,4.04,[0.6545],[None],2014
3095,False,False,64,"(0.5, 0.2, 0.3)",64,4,0,20,1e-05,0.0001,100,0.01,3.0,0.2,0.01,0.01,0.001,0.3,0.05,,0.0,1000,4,256,1,17.71,"[0.6587, 0.6649, 0.6392, 0.6512]","[None, None, None, None]",2015
3096,False,False,64,"(0.5, 0.2, 0.3)",64,4,0,20,1e-05,0.0001,100,0.01,3.0,0.2,0.01,0.01,0.001,0.3,0.05,,0.0,1000,2,128,1,8.33,"[0.5559, 0.4716]","[None, None]",2016
3097,False,False,64,"(0.5, 0.2, 0.3)",64,4,0,20,1e-05,0.0001,100,0.01,3.0,0.2,0.01,0.01,0.001,0.3,0.05,,0.0,1000,1,64,0,4.04,[0.7104],[None],2017
3098,False,False,64,"(0.5, 0.2, 0.3)",64,4,0,20,1e-05,0.0001,100,0.01,3.0,0.2,0.01,0.01,0.001,0.3,0.05,,0.0,1000,2,128,1,8.34,"[0.5801, 0.6307]","[None, None]",2018
3099,False,False,64,"(0.5, 0.2, 0.3)",64,4,0,20,1e-05,0.0001,100,0.01,3.0,0.2,0.01,0.01,0.001,0.3,0.05,,0.0,1000,1,64,0,4.04,[0.622],[None],2019
3100,False,False,64,"(0.5, 0.2, 0.3)",64,4,0,20,1e-05,0.0001,100,0.01,3.0,0.2,0.01,0.01,0.001,0.3,0.1,,0.0,1000,1,64,1,4.04,[0.6877],[None],2000
3101,False,False,64,"(0.5, 0.2, 0.3)",64,4,0,20,1e-05,0.0001,100,0.01,3.0,0.2,0.01,0.01,0.001,0.3,0.1,,0.0,1000,1,64,0,4.04,[0.5006],[None],2001
3102,False,False,64,"(0.5, 0.2, 0.3)",64,4,0,20,1e-05,0.0001,100,0.01,3.0,0.2,0.01,0.01,0.001,0.3,0.1,,0.0,1000,1,64,1,4.04,[0.6738],[None],2002
3103,False,False,64,"(0.5, 0.2, 0.3)",64,4,0,20,1e-05,0.0001,100,0.01,3.0,0.2,0.01,0.01,0.001,0.3,0.1,,0.0,1000,2,128,1,8.33,"[0.628, 0.5936]","[None, None]",2003
3104,False,False,64,"(0.5, 0.2, 0.3)",64,4,0,20,1e-05,0.0001,100,0.01,3.0,0.2,0.01,0.01,0.001,0.3,0.1,,0.0,1000,1,64,0,4.04,[0.6746],[None],2004
3105,False,False,64,"(0.5, 0.2, 0.3)",64,4,0,20,1e-05,0.0001,100,0.01,3.0,0.2,0.01,0.01,0.001,0.3,0.1,,0.0,1000,2,128,1,8.33,"[0.6198, 0.5852]","[None, None]",2005
3106,False,False,64,"(0.5, 0.2, 0.3)",64,4,0,20,1e-05,0.0001,100,0.01,3.0,0.2,0.01,0.01,0.001,0.3,0.1,,0.0,1000,1,64,0,4.16,[0.6344],[None],2006
3107,False,False,64,"(0.5, 0.2, 0.3)",64,4,0,20,1e-05,0.0001,100,0.01,3.0,0.2,0.01,0.01,0.001,0.3,0.1,,0.0,1000,3,192,0,13.18,"[0.5911, 0.5016, 0.4988]","[None, None, None]",2007
3108,False,False,64,"(0.5, 0.2, 0.3)",64,4,0,20,1e-05,0.0001,100,0.01,3.0,0.2,0.01,0.01,0.001,0.3,0.1,,0.0,1000,1,64,1,4.17,[0.398],[None],2008
3109,False,False,64,"(0.5, 0.2, 0.3)",64,4,0,20,1e-05,0.0001,100,0.01,3.0,0.2,0.01,0.01,0.001,0.3,0.1,,0.0,1000,1,64,0,4.17,[0.6225],[None],2009
3110,False,False,64,"(0.5, 0.2, 0.3)",64,4,0,20,1e-05,0.0001,100,0.01,3.0,0.2,0.01,0.01,0.001,0.3,0.1,,0.0,1000,1,64,0,4.17,[0.6289],[None],2010
3111,False,False,64,"(0.5, 0.2, 0.3)",64,4,0,20,1e-05,0.0001,100,0.01,3.0,0.2,0.01,0.01,0.001,0.3,0.1,,0.0,1000,1,64,0,4.17,[0.6193],[None],2011
3112,False,False,64,"(0.5, 0.2, 0.3)",64,4,0,20,1e-05,0.0001,100,0.01,3.0,0.2,0.01,0.01,0.001,0.3,0.1,,0.0,1000,1,64,0,4.17,[0.5635],[None],2012
3113,False,False,64,"(0.5, 0.2, 0.3)",64,4,0,20,1e-05,0.0001,100,0.01,3.0,0.2,0.01,0.01,0.001,0.3,0.1,,0.0,1000,2,128,0,8.59,"[0.6643, 0.6418]","[None, None]",2013
3114,False,False,64,"(0.5, 0.2, 0.3)",64,4,0,20,1e-05,0.0001,100,0.01,3.0,0.2,0.01,0.01,0.001,0.3,0.1,,0.0,1000,1,64,0,4.17,[0.6484],[None],2014
3115,False,False,64,"(0.5, 0.2, 0.3)",64,4,0,20,1e-05,0.0001,100,0.01,3.0,0.2,0.01,0.01,0.001,0.3,0.1,,0.0,1000,3,192,0,13.2,"[0.6618, 0.6371, 0.6881]","[None, None, None]",2015
3116,False,False,64,"(0.5, 0.2, 0.3)",64,4,0,20,1e-05,0.0001,100,0.01,3.0,0.2,0.01,0.01,0.001,0.3,0.1,,0.0,1000,2,128,0,8.59,"[0.5393, 0.487]","[None, None]",2016
3117,False,False,64,"(0.5, 0.2, 0.3)",64,4,0,20,1e-05,0.0001,100,0.01,3.0,0.2,0.01,0.01,0.001,0.3,0.1,,0.0,1000,1,64,0,4.23,[0.693],[None],2017
3118,False,False,64,"(0.5, 0.2, 0.3)",64,4,0,20,1e-05,0.0001,100,0.01,3.0,0.2,0.01,0.01,0.001,0.3,0.1,,0.0,1000,2,128,1,8.35,"[0.5696, 0.5896]","[None, None]",2018
3119,False,False,64,"(0.5, 0.2, 0.3)",64,4,0,20,1e-05,0.0001,100,0.01,3.0,0.2,0.01,0.01,0.001,0.3,0.1,,0.0,1000,1,64,0,4.04,[0.6188],[None],2019
3120,False,False,64,"(0.5, 0.2, 0.3)",64,4,0,20,1e-05,0.0001,100,0.01,3.0,0.3,0.01,0.001,0.001,0.3,0.05,,0.0,1000,1,64,0,4.05,[0.7034],[None],2000
3121,False,False,64,"(0.5, 0.2, 0.3)",64,4,0,20,1e-05,0.0001,100,0.01,3.0,0.3,0.01,0.001,0.001,0.3,0.05,,0.0,1000,1,64,0,4.04,[0.5014],[None],2001
3122,False,False,64,"(0.5, 0.2, 0.3)",64,4,0,20,1e-05,0.0001,100,0.01,3.0,0.3,0.01,0.001,0.001,0.3,0.05,,0.0,1000,1,64,1,4.04,[0.6671],[None],2002
3123,False,False,64,"(0.5, 0.2, 0.3)",64,4,0,20,1e-05,0.0001,100,0.01,3.0,0.3,0.01,0.001,0.001,0.3,0.05,,0.0,1000,2,128,1,8.32,"[0.6496, 0.6205]","[None, None]",2003
3124,False,False,64,"(0.5, 0.2, 0.3)",64,4,0,20,1e-05,0.0001,100,0.01,3.0,0.3,0.01,0.001,0.001,0.3,0.05,,0.0,1000,1,64,0,4.04,[0.6826],[None],2004
3125,False,False,64,"(0.5, 0.2, 0.3)",64,4,0,20,1e-05,0.0001,100,0.01,3.0,0.3,0.01,0.001,0.001,0.3,0.05,,0.0,1000,2,128,1,8.33,"[0.6312, 0.598]","[None, None]",2005
3126,False,False,64,"(0.5, 0.2, 0.3)",64,4,0,20,1e-05,0.0001,100,0.01,3.0,0.3,0.01,0.001,0.001,0.3,0.05,,0.0,1000,1,64,0,4.03,[0.65],[None],2006
3127,False,False,64,"(0.5, 0.2, 0.3)",64,4,0,20,1e-05,0.0001,100,0.01,3.0,0.3,0.01,0.001,0.001,0.3,0.05,,0.0,1000,3,192,0,13.08,"[0.5797, 0.5469, 0.5206]","[None, None, None]",2007
3128,False,False,64,"(0.5, 0.2, 0.3)",64,4,0,20,1e-05,0.0001,100,0.01,3.0,0.3,0.01,0.001,0.001,0.3,0.05,,0.0,1000,1,64,1,4.17,[0.4201],[None],2008
3129,False,False,64,"(0.5, 0.2, 0.3)",64,4,0,20,1e-05,0.0001,100,0.01,3.0,0.3,0.01,0.001,0.001,0.3,0.05,,0.0,1000,1,64,0,4.16,[0.6176],[None],2009
3130,False,False,64,"(0.5, 0.2, 0.3)",64,4,0,20,1e-05,0.0001,100,0.01,3.0,0.3,0.01,0.001,0.001,0.3,0.05,,0.0,1000,1,64,0,4.16,[0.6504],[None],2010
3131,False,False,64,"(0.5, 0.2, 0.3)",64,4,0,20,1e-05,0.0001,100,0.01,3.0,0.3,0.01,0.001,0.001,0.3,0.05,,0.0,1000,1,64,0,4.16,[0.6157],[None],2011
3132,False,False,64,"(0.5, 0.2, 0.3)",64,4,0,20,1e-05,0.0001,100,0.01,3.0,0.3,0.01,0.001,0.001,0.3,0.05,,0.0,1000,1,64,0,4.16,[0.5778],[None],2012
3133,False,False,64,"(0.5, 0.2, 0.3)",64,4,0,20,1e-05,0.0001,100,0.01,3.0,0.3,0.01,0.001,0.001,0.3,0.05,,0.0,1000,2,128,0,8.52,"[0.6667, 0.672]","[None, None]",2013
3134,False,False,64,"(0.5, 0.2, 0.3)",64,4,0,20,1e-05,0.0001,100,0.01,3.0,0.3,0.01,0.001,0.001,0.3,0.05,,0.0,1000,1,64,0,4.04,[0.6538],[None],2014
3135,False,False,64,"(0.5, 0.2, 0.3)",64,4,0,20,1e-05,0.0001,100,0.01,3.0,0.3,0.01,0.001,0.001,0.3,0.05,,0.0,1000,3,192,0,13.06,"[0.6559, 0.6657, 0.6621]","[None, None, None]",2015
3136,False,False,64,"(0.5, 0.2, 0.3)",64,4,0,20,1e-05,0.0001,100,0.01,3.0,0.3,0.01,0.001,0.001,0.3,0.05,,0.0,1000,2,128,1,8.59,"[0.5461, 0.4961]","[None, None]",2016
3137,False,False,64,"(0.5, 0.2, 0.3)",64,4,0,20,1e-05,0.0001,100,0.01,3.0,0.3,0.01,0.001,0.001,0.3,0.05,,0.0,1000,1,64,0,4.16,[0.7078],[None],2017
3138,False,False,64,"(0.5, 0.2, 0.3)",64,4,0,20,1e-05,0.0001,100,0.01,3.0,0.3,0.01,0.001,0.001,0.3,0.05,,0.0,1000,2,128,1,8.34,"[0.5723, 0.6143]","[None, None]",2018
3139,False,False,64,"(0.5, 0.2, 0.3)",64,4,0,20,1e-05,0.0001,100,0.01,3.0,0.3,0.01,0.001,0.001,0.3,0.05,,0.0,1000,1,64,0,4.04,[0.6216],[None],2019
3140,False,False,64,"(0.5, 0.2, 0.3)",64,4,0,20,1e-05,0.0001,100,0.01,3.0,0.3,0.01,0.001,0.001,0.3,0.1,,0.0,1000,1,64,0,4.04,[0.6856],[None],2000
3141,False,False,64,"(0.5, 0.2, 0.3)",64,4,0,20,1e-05,0.0001,100,0.01,3.0,0.3,0.01,0.001,0.001,0.3,0.1,,0.0,1000,1,64,0,4.04,[0.4874],[None],2001
3142,False,False,64,"(0.5, 0.2, 0.3)",64,4,0,20,1e-05,0.0001,100,0.01,3.0,0.3,0.01,0.001,0.001,0.3,0.1,,0.0,1000,1,64,1,4.04,[0.666],[None],2002
3143,False,False,64,"(0.5, 0.2, 0.3)",64,4,0,20,1e-05,0.0001,100,0.01,3.0,0.3,0.01,0.001,0.001,0.3,0.1,,0.0,1000,2,128,1,8.33,"[0.6279, 0.6067]","[None, None]",2003
3144,False,False,64,"(0.5, 0.2, 0.3)",64,4,0,20,1e-05,0.0001,100,0.01,3.0,0.3,0.01,0.001,0.001,0.3,0.1,,0.0,1000,2,128,1,8.41,"[0.6685, 0.686]","[None, None]",2004
3145,False,False,64,"(0.5, 0.2, 0.3)",64,4,0,20,1e-05,0.0001,100,0.01,3.0,0.3,0.01,0.001,0.001,0.3,0.1,,0.0,1000,2,128,1,8.59,"[0.6157, 0.5808]","[None, None]",2005
3146,False,False,64,"(0.5, 0.2, 0.3)",64,4,0,20,1e-05,0.0001,100,0.01,3.0,0.3,0.01,0.001,0.001,0.3,0.1,,0.0,1000,1,64,0,4.17,[0.6284],[None],2006
3147,False,False,64,"(0.5, 0.2, 0.3)",64,4,0,20,1e-05,0.0001,100,0.01,3.0,0.3,0.01,0.001,0.001,0.3,0.1,,0.0,1000,5,320,1,23.17,"[0.5858, 0.5362, 0.5189, 0.4408, 0.5258]","[None, None, None, None, None]",2007
3148,False,False,64,"(0.5, 0.2, 0.3)",64,4,0,20,1e-05,0.0001,100,0.01,3.0,0.3,0.01,0.001,0.001,0.3,0.1,,0.0,1000,1,64,1,4.17,[0.3922],[None],2008
3149,False,False,64,"(0.5, 0.2, 0.3)",64,4,0,20,1e-05,0.0001,100,0.01,3.0,0.3,0.01,0.001,0.001,0.3,0.1,,0.0,1000,1,64,0,4.05,[0.6159],[None],2009
3150,False,False,64,"(0.5, 0.2, 0.3)",64,4,0,20,1e-05,0.0001,100,0.01,3.0,0.3,0.01,0.001,0.001,0.3,0.1,,0.0,1000,1,64,0,4.04,[0.6257],[None],2010
3151,False,False,64,"(0.5, 0.2, 0.3)",64,4,0,20,1e-05,0.0001,100,0.01,3.0,0.3,0.01,0.001,0.001,0.3,0.1,,0.0,1000,1,64,0,4.04,[0.6104],[None],2011
3152,False,False,64,"(0.5, 0.2, 0.3)",64,4,0,20,1e-05,0.0001,100,0.01,3.0,0.3,0.01,0.001,0.001,0.3,0.1,,0.0,1000,1,64,0,4.04,[0.5516],[None],2012
3153,False,False,64,"(0.5, 0.2, 0.3)",64,4,0,20,1e-05,0.0001,100,0.01,3.0,0.3,0.01,0.001,0.001,0.3,0.1,,0.0,1000,2,128,0,8.45,"[0.6596, 0.656]","[None, None]",2013
3154,False,False,64,"(0.5, 0.2, 0.3)",64,4,0,20,1e-05,0.0001,100,0.01,3.0,0.3,0.01,0.001,0.001,0.3,0.1,,0.0,1000,1,64,0,4.16,[0.6425],[None],2014
3155,False,False,64,"(0.5, 0.2, 0.3)",64,4,0,20,1e-05,0.0001,100,0.01,3.0,0.3,0.01,0.001,0.001,0.3,0.1,,0.0,1000,4,256,1,17.78,"[0.6605, 0.6338, 0.641, 0.6341]","[None, None, None, None]",2015
3156,False,False,64,"(0.5, 0.2, 0.3)",64,4,0,20,1e-05,0.0001,100,0.01,3.0,0.3,0.01,0.001,0.001,0.3,0.1,,0.0,1000,2,128,0,8.57,"[0.5281, 0.3855]","[None, None]",2016
3157,False,False,64,"(0.5, 0.2, 0.3)",64,4,0,20,1e-05,0.0001,100,0.01,3.0,0.3,0.01,0.001,0.001,0.3,0.1,,0.0,1000,1,64,0,4.16,[0.6894],[None],2017
3158,False,False,64,"(0.5, 0.2, 0.3)",64,4,0,20,1e-05,0.0001,100,0.01,3.0,0.3,0.01,0.001,0.001,0.3,0.1,,0.0,1000,2,128,1,8.58,"[0.5646, 0.6051]","[None, None]",2018
3159,False,False,64,"(0.5, 0.2, 0.3)",64,4,0,20,1e-05,0.0001,100,0.01,3.0,0.3,0.01,0.001,0.001,0.3,0.1,,0.0,1000,1,64,0,4.18,[0.6193],[None],2019
3160,False,False,64,"(0.5, 0.2, 0.3)",64,4,0,20,1e-05,0.0001,100,0.01,3.0,0.3,0.01,0.01,0.001,0.3,0.05,,0.0,1000,1,64,0,4.16,[0.704],[None],2000
3161,False,False,64,"(0.5, 0.2, 0.3)",64,4,0,20,1e-05,0.0001,100,0.01,3.0,0.3,0.01,0.01,0.001,0.3,0.05,,0.0,1000,1,64,0,4.16,[0.5047],[None],2001
3162,False,False,64,"(0.5, 0.2, 0.3)",64,4,0,20,1e-05,0.0001,100,0.01,3.0,0.3,0.01,0.01,0.001,0.3,0.05,,0.0,1000,1,64,1,4.23,[0.6664],[None],2002
3163,False,False,64,"(0.5, 0.2, 0.3)",64,4,0,20,1e-05,0.0001,100,0.01,3.0,0.3,0.01,0.01,0.001,0.3,0.05,,0.0,1000,2,128,1,8.57,"[0.6493, 0.622]","[None, None]",2003
3164,False,False,64,"(0.5, 0.2, 0.3)",64,4,0,20,1e-05,0.0001,100,0.01,3.0,0.3,0.01,0.01,0.001,0.3,0.05,,0.0,1000,1,64,0,4.16,[0.6829],[None],2004
3165,False,False,64,"(0.5, 0.2, 0.3)",64,4,0,20,1e-05,0.0001,100,0.01,3.0,0.3,0.01,0.01,0.001,0.3,0.05,,0.0,1000,2,128,1,8.59,"[0.6308, 0.6045]","[None, None]",2005
3166,False,False,64,"(0.5, 0.2, 0.3)",64,4,0,20,1e-05,0.0001,100,0.01,3.0,0.3,0.01,0.01,0.001,0.3,0.05,,0.0,1000,1,64,0,4.15,[0.6496],[None],2006
3167,False,False,64,"(0.5, 0.2, 0.3)",64,4,0,20,1e-05,0.0001,100,0.01,3.0,0.3,0.01,0.01,0.001,0.3,0.05,,0.0,1000,5,320,0,23.16,"[0.5797, 0.5404, 0.4228, 0.4303, 0.4829]","[None, None, None, None, None]",2007
3168,False,False,64,"(0.5, 0.2, 0.3)",64,4,0,20,1e-05,0.0001,100,0.01,3.0,0.3,0.01,0.01,0.001,0.3,0.05,,0.0,1000,1,64,1,4.16,[0.4204],[None],2008
3169,False,False,64,"(0.5, 0.2, 0.3)",64,4,0,20,1e-05,0.0001,100,0.01,3.0,0.3,0.01,0.01,0.001,0.3,0.05,,0.0,1000,1,64,0,4.17,[0.6182],[None],2009
3170,False,False,64,"(0.5, 0.2, 0.3)",64,4,0,20,1e-05,0.0001,100,0.01,3.0,0.3,0.01,0.01,0.001,0.3,0.05,,0.0,1000,1,64,0,4.17,[0.6488],[None],2010
3171,False,False,64,"(0.5, 0.2, 0.3)",64,4,0,20,1e-05,0.0001,100,0.01,3.0,0.3,0.01,0.01,0.001,0.3,0.05,,0.0,1000,1,64,0,4.17,[0.6181],[None],2011
3172,False,False,64,"(0.5, 0.2, 0.3)",64,4,0,20,1e-05,0.0001,100,0.01,3.0,0.3,0.01,0.01,0.001,0.3,0.05,,0.0,1000,1,64,0,4.17,[0.5787],[None],2012
3173,False,False,64,"(0.5, 0.2, 0.3)",64,4,0,20,1e-05,0.0001,100,0.01,3.0,0.3,0.01,0.01,0.001,0.3,0.05,,0.0,1000,2,128,0,8.47,"[0.666, 0.6667]","[None, None]",2013
3174,False,False,64,"(0.5, 0.2, 0.3)",64,4,0,20,1e-05,0.0001,100,0.01,3.0,0.3,0.01,0.01,0.001,0.3,0.05,,0.0,1000,1,64,0,4.03,[0.6539],[None],2014
3175,False,False,64,"(0.5, 0.2, 0.3)",64,4,0,20,1e-05,0.0001,100,0.01,3.0,0.3,0.01,0.01,0.001,0.3,0.05,,0.0,1000,4,256,0,17.55,"[0.6578, 0.6706, 0.6605, 0.6432]","[None, None, None, None]",2015
3176,False,False,64,"(0.5, 0.2, 0.3)",64,4,0,20,1e-05,0.0001,100,0.01,3.0,0.3,0.01,0.01,0.001,0.3,0.05,,0.0,1000,2,128,1,8.33,"[0.5406, 0.4917]","[None, None]",2016
3177,False,False,64,"(0.5, 0.2, 0.3)",64,4,0,20,1e-05,0.0001,100,0.01,3.0,0.3,0.01,0.01,0.001,0.3,0.05,,0.0,1000,1,64,0,4.04,[0.7079],[None],2017
3178,False,False,64,"(0.5, 0.2, 0.3)",64,4,0,20,1e-05,0.0001,100,0.01,3.0,0.3,0.01,0.01,0.001,0.3,0.05,,0.0,1000,2,128,1,8.33,"[0.5737, 0.6243]","[None, None]",2018
3179,False,False,64,"(0.5, 0.2, 0.3)",64,4,0,20,1e-05,0.0001,100,0.01,3.0,0.3,0.01,0.01,0.001,0.3,0.05,,0.0,1000,1,64,0,4.04,[0.618],[None],2019
3180,False,False,64,"(0.5, 0.2, 0.3)",64,4,0,20,1e-05,0.0001,100,0.01,3.0,0.3,0.01,0.01,0.001,0.3,0.1,,0.0,1000,1,64,0,4.13,[0.685],[None],2000
3181,False,False,64,"(0.5, 0.2, 0.3)",64,4,0,20,1e-05,0.0001,100,0.01,3.0,0.3,0.01,0.01,0.001,0.3,0.1,,0.0,1000,1,64,0,4.17,[0.4877],[None],2001
3182,False,False,64,"(0.5, 0.2, 0.3)",64,4,0,20,1e-05,0.0001,100,0.01,3.0,0.3,0.01,0.01,0.001,0.3,0.1,,0.0,1000,1,64,1,4.16,[0.6669],[None],2002
3183,False,False,64,"(0.5, 0.2, 0.3)",64,4,0,20,1e-05,0.0001,100,0.01,3.0,0.3,0.01,0.01,0.001,0.3,0.1,,0.0,1000,2,128,1,8.66,"[0.6279, 0.6165]","[None, None]",2003
3184,False,False,64,"(0.5, 0.2, 0.3)",64,4,0,20,1e-05,0.0001,100,0.01,3.0,0.3,0.01,0.01,0.001,0.3,0.1,,0.0,1000,2,128,0,8.58,"[0.6687, 0.6941]","[None, None]",2004
3185,False,False,64,"(0.5, 0.2, 0.3)",64,4,0,20,1e-05,0.0001,100,0.01,3.0,0.3,0.01,0.01,0.001,0.3,0.1,,0.0,1000,2,128,1,8.62,"[0.6147, 0.5589]","[None, None]",2005
3186,False,False,64,"(0.5, 0.2, 0.3)",64,4,0,20,1e-05,0.0001,100,0.01,3.0,0.3,0.01,0.01,0.001,0.3,0.1,,0.0,1000,1,64,0,4.17,[0.6284],[None],2006
3187,False,False,64,"(0.5, 0.2, 0.3)",64,4,0,20,1e-05,0.0001,100,0.01,3.0,0.3,0.01,0.01,0.001,0.3,0.1,,0.0,1000,4,256,0,18.07,"[0.5873, 0.5456, 0.5586, 0.5458]","[None, None, None, None]",2007
3188,False,False,64,"(0.5, 0.2, 0.3)",64,4,0,20,1e-05,0.0001,100,0.01,3.0,0.3,0.01,0.01,0.001,0.3,0.1,,0.0,1000,1,64,1,4.06,[0.3894],[None],2008
3189,False,False,64,"(0.5, 0.2, 0.3)",64,4,0,20,1e-05,0.0001,100,0.01,3.0,0.3,0.01,0.01,0.001,0.3,0.1,,0.0,1000,1,64,0,4.11,[0.616],[None],2009
3190,False,False,64,"(0.5, 0.2, 0.3)",64,4,0,20,1e-05,0.0001,100,0.01,3.0,0.3,0.01,0.01,0.001,0.3,0.1,,0.0,1000,1,64,0,4.05,[0.6246],[None],2010
3191,False,False,64,"(0.5, 0.2, 0.3)",64,4,0,20,1e-05,0.0001,100,0.01,3.0,0.3,0.01,0.01,0.001,0.3,0.1,,0.0,1000,1,64,0,4.04,[0.6097],[None],2011
3192,False,False,64,"(0.5, 0.2, 0.3)",64,4,0,20,1e-05,0.0001,100,0.01,3.0,0.3,0.01,0.01,0.001,0.3,0.1,,0.0,1000,1,64,0,4.04,[0.5539],[None],2012
3193,False,False,64,"(0.5, 0.2, 0.3)",64,4,0,20,1e-05,0.0001,100,0.01,3.0,0.3,0.01,0.01,0.001,0.3,0.1,,0.0,1000,2,128,1,8.33,"[0.659, 0.6329]","[None, None]",2013
3194,False,False,64,"(0.5, 0.2, 0.3)",64,4,0,20,1e-05,0.0001,100,0.01,3.0,0.3,0.01,0.01,0.001,0.3,0.1,,0.0,1000,1,64,0,4.04,[0.6439],[None],2014
3195,False,False,64,"(0.5, 0.2, 0.3)",64,4,0,20,1e-05,0.0001,100,0.01,3.0,0.3,0.01,0.01,0.001,0.3,0.1,,0.0,1000,4,256,1,17.55,"[0.6607, 0.6358, 0.6485, 0.6325]","[None, None, None, None]",2015
3196,False,False,64,"(0.5, 0.2, 0.3)",64,4,0,20,1e-05,0.0001,100,0.01,3.0,0.3,0.01,0.01,0.001,0.3,0.1,,0.0,1000,2,128,0,8.33,"[0.5231, 0.3945]","[None, None]",2016
3197,False,False,64,"(0.5, 0.2, 0.3)",64,4,0,20,1e-05,0.0001,100,0.01,3.0,0.3,0.01,0.01,0.001,0.3,0.1,,0.0,1000,1,64,0,4.06,[0.6898],[None],2017
3198,False,False,64,"(0.5, 0.2, 0.3)",64,4,0,20,1e-05,0.0001,100,0.01,3.0,0.3,0.01,0.01,0.001,0.3,0.1,,0.0,1000,2,128,1,8.33,"[0.566, 0.6015]","[None, None]",2018
3199,False,False,64,"(0.5, 0.2, 0.3)",64,4,0,20,1e-05,0.0001,100,0.01,3.0,0.3,0.01,0.01,0.001,0.3,0.1,,0.0,1000,1,64,0,4.04,[0.6176],[None],2019
3200,False,False,64,"(0.5, 0.2, 0.3)",64,4,0,20,1e-05,1e-05,100,0.01,2.0,0.01,0.01,0.001,0.001,0.3,0.05,,0.0,1000,1,64,0,4.04,[0.7143],[None],2000
3201,False,False,64,"(0.5, 0.2, 0.3)",64,4,0,20,1e-05,1e-05,100,0.01,2.0,0.01,0.01,0.001,0.001,0.3,0.05,,0.0,1000,1,64,0,4.03,[0.6689],[None],2001
3202,False,False,64,"(0.5, 0.2, 0.3)",64,4,0,20,1e-05,1e-05,100,0.01,2.0,0.01,0.01,0.001,0.001,0.3,0.05,,0.0,1000,1,64,1,4.04,[0.6505],[None],2002
3203,False,False,64,"(0.5, 0.2, 0.3)",64,4,0,20,1e-05,1e-05,100,0.01,2.0,0.01,0.01,0.001,0.001,0.3,0.05,,0.0,1000,2,128,0,8.33,"[0.66, 0.6292]","[None, None]",2003
3204,False,False,64,"(0.5, 0.2, 0.3)",64,4,0,20,1e-05,1e-05,100,0.01,2.0,0.01,0.01,0.001,0.001,0.3,0.05,,0.0,1000,1,64,0,4.04,[0.7421],[None],2004
3205,False,False,64,"(0.5, 0.2, 0.3)",64,4,0,20,1e-05,1e-05,100,0.01,2.0,0.01,0.01,0.001,0.001,0.3,0.05,,0.0,1000,1,64,0,4.11,[0.6333],[None],2005
3206,False,False,64,"(0.5, 0.2, 0.3)",64,4,0,20,1e-05,1e-05,100,0.01,2.0,0.01,0.01,0.001,0.001,0.3,0.05,,0.0,1000,1,64,0,4.04,[0.6995],[None],2006
3207,False,False,64,"(0.5, 0.2, 0.3)",64,4,0,20,1e-05,1e-05,100,0.01,2.0,0.01,0.01,0.001,0.001,0.3,0.05,,0.0,1000,1,64,0,4.04,[0.6911],[None],2007
3208,False,False,64,"(0.5, 0.2, 0.3)",64,4,0,20,1e-05,1e-05,100,0.01,2.0,0.01,0.01,0.001,0.001,0.3,0.05,,0.0,1000,1,64,1,4.04,[0.5915],[None],2008
3209,False,False,64,"(0.5, 0.2, 0.3)",64,4,0,20,1e-05,1e-05,100,0.01,2.0,0.01,0.01,0.001,0.001,0.3,0.05,,0.0,1000,1,64,0,4.04,[0.669],[None],2009
3210,False,False,64,"(0.5, 0.2, 0.3)",64,4,0,20,1e-05,1e-05,100,0.01,2.0,0.01,0.01,0.001,0.001,0.3,0.05,,0.0,1000,1,64,0,4.04,[0.7039],[None],2010
3211,False,False,64,"(0.5, 0.2, 0.3)",64,4,0,20,1e-05,1e-05,100,0.01,2.0,0.01,0.01,0.001,0.001,0.3,0.05,,0.0,1000,1,64,1,4.04,[0.6814],[None],2011
3212,False,False,64,"(0.5, 0.2, 0.3)",64,4,0,20,1e-05,1e-05,100,0.01,2.0,0.01,0.01,0.001,0.001,0.3,0.05,,0.0,1000,2,128,1,8.42,"[0.6845, 0.6639]","[None, None]",2012
3213,False,False,64,"(0.5, 0.2, 0.3)",64,4,0,20,1e-05,1e-05,100,0.01,2.0,0.01,0.01,0.001,0.001,0.3,0.05,,0.0,1000,2,128,1,8.58,"[0.6829, 0.5606]","[None, None]",2013
3214,False,False,64,"(0.5, 0.2, 0.3)",64,4,0,20,1e-05,1e-05,100,0.01,2.0,0.01,0.01,0.001,0.001,0.3,0.05,,0.0,1000,1,64,0,4.16,[0.7117],[None],2014
3215,False,False,64,"(0.5, 0.2, 0.3)",64,4,0,20,1e-05,1e-05,100,0.01,2.0,0.01,0.01,0.001,0.001,0.3,0.05,,0.0,1000,2,128,0,8.59,"[0.6295, 0.5628]","[None, None]",2015
3216,False,False,64,"(0.5, 0.2, 0.3)",64,4,0,20,1e-05,1e-05,100,0.01,2.0,0.01,0.01,0.001,0.001,0.3,0.05,,0.0,1000,1,64,0,4.17,[0.6348],[None],2016
3217,False,False,64,"(0.5, 0.2, 0.3)",64,4,0,20,1e-05,1e-05,100,0.01,2.0,0.01,0.01,0.001,0.001,0.3,0.05,,0.0,1000,1,64,0,4.16,[0.7489],[None],2017
3218,False,False,64,"(0.5, 0.2, 0.3)",64,4,0,20,1e-05,1e-05,100,0.01,2.0,0.01,0.01,0.001,0.001,0.3,0.05,,0.0,1000,2,128,1,8.59,"[0.6547, 0.6463]","[None, None]",2018
3219,False,False,64,"(0.5, 0.2, 0.3)",64,4,0,20,1e-05,1e-05,100,0.01,2.0,0.01,0.01,0.001,0.001,0.3,0.05,,0.0,1000,1,64,0,4.17,[0.6406],[None],2019
3220,False,False,64,"(0.5, 0.2, 0.3)",64,4,0,20,1e-05,1e-05,100,0.01,2.0,0.01,0.01,0.001,0.001,0.3,0.1,,0.0,1000,1,64,0,4.16,[0.7132],[None],2000
3221,False,False,64,"(0.5, 0.2, 0.3)",64,4,0,20,1e-05,1e-05,100,0.01,2.0,0.01,0.01,0.001,0.001,0.3,0.1,,0.0,1000,1,64,0,4.17,[0.6693],[None],2001
3222,False,False,64,"(0.5, 0.2, 0.3)",64,4,0,20,1e-05,1e-05,100,0.01,2.0,0.01,0.01,0.001,0.001,0.3,0.1,,0.0,1000,1,64,1,4.17,[0.6506],[None],2002
3223,False,False,64,"(0.5, 0.2, 0.3)",64,4,0,20,1e-05,1e-05,100,0.01,2.0,0.01,0.01,0.001,0.001,0.3,0.1,,0.0,1000,2,128,1,8.59,"[0.6608, 0.6245]","[None, None]",2003
3224,False,False,64,"(0.5, 0.2, 0.3)",64,4,0,20,1e-05,1e-05,100,0.01,2.0,0.01,0.01,0.001,0.001,0.3,0.1,,0.0,1000,1,64,0,4.17,[0.7404],[None],2004
3225,False,False,64,"(0.5, 0.2, 0.3)",64,4,0,20,1e-05,1e-05,100,0.01,2.0,0.01,0.01,0.001,0.001,0.3,0.1,,0.0,1000,1,64,0,4.17,[0.6316],[None],2005
3226,False,False,64,"(0.5, 0.2, 0.3)",64,4,0,20,1e-05,1e-05,100,0.01,2.0,0.01,0.01,0.001,0.001,0.3,0.1,,0.0,1000,1,64,0,4.17,[0.6996],[None],2006
3227,False,False,64,"(0.5, 0.2, 0.3)",64,4,0,20,1e-05,1e-05,100,0.01,2.0,0.01,0.01,0.001,0.001,0.3,0.1,,0.0,1000,1,64,0,4.17,[0.6912],[None],2007
3228,False,False,64,"(0.5, 0.2, 0.3)",64,4,0,20,1e-05,1e-05,100,0.01,2.0,0.01,0.01,0.001,0.001,0.3,0.1,,0.0,1000,1,64,1,4.17,[0.5911],[None],2008
3229,False,False,64,"(0.5, 0.2, 0.3)",64,4,0,20,1e-05,1e-05,100,0.01,2.0,0.01,0.01,0.001,0.001,0.3,0.1,,0.0,1000,1,64,0,4.17,[0.6665],[None],2009
3230,False,False,64,"(0.5, 0.2, 0.3)",64,4,0,20,1e-05,1e-05,100,0.01,2.0,0.01,0.01,0.001,0.001,0.3,0.1,,0.0,1000,1,64,0,4.17,[0.7047],[None],2010
3231,False,False,64,"(0.5, 0.2, 0.3)",64,4,0,20,1e-05,1e-05,100,0.01,2.0,0.01,0.01,0.001,0.001,0.3,0.1,,0.0,1000,1,64,1,4.19,[0.6795],[None],2011
3232,False,False,64,"(0.5, 0.2, 0.3)",64,4,0,20,1e-05,1e-05,100,0.01,2.0,0.01,0.01,0.001,0.001,0.3,0.1,,0.0,1000,2,128,1,8.66,"[0.6847, 0.647]","[None, None]",2012
3233,False,False,64,"(0.5, 0.2, 0.3)",64,4,0,20,1e-05,1e-05,100,0.01,2.0,0.01,0.01,0.001,0.001,0.3,0.1,,0.0,1000,2,128,1,8.55,"[0.6824, 0.569]","[None, None]",2013
3234,False,False,64,"(0.5, 0.2, 0.3)",64,4,0,20,1e-05,1e-05,100,0.01,2.0,0.01,0.01,0.001,0.001,0.3,0.1,,0.0,1000,1,64,0,4.03,[0.7119],[None],2014
3235,False,False,64,"(0.5, 0.2, 0.3)",64,4,0,20,1e-05,1e-05,100,0.01,2.0,0.01,0.01,0.001,0.001,0.3,0.1,,0.0,1000,2,128,0,8.33,"[0.6276, 0.5447]","[None, None]",2015
3236,False,False,64,"(0.5, 0.2, 0.3)",64,4,0,20,1e-05,1e-05,100,0.01,2.0,0.01,0.01,0.001,0.001,0.3,0.1,,0.0,1000,1,64,0,4.03,[0.6371],[None],2016
3237,False,False,64,"(0.5, 0.2, 0.3)",64,4,0,20,1e-05,1e-05,100,0.01,2.0,0.01,0.01,0.001,0.001,0.3,0.1,,0.0,1000,1,64,0,4.04,[0.7486],[None],2017
3238,False,False,64,"(0.5, 0.2, 0.3)",64,4,0,20,1e-05,1e-05,100,0.01,2.0,0.01,0.01,0.001,0.001,0.3,0.1,,0.0,1000,2,128,1,8.58,"[0.6553, 0.6439]","[None, None]",2018
3239,False,False,64,"(0.5, 0.2, 0.3)",64,4,0,20,1e-05,1e-05,100,0.01,2.0,0.01,0.01,0.001,0.001,0.3,0.1,,0.0,1000,1,64,0,4.16,[0.639],[None],2019
3240,False,False,64,"(0.5, 0.2, 0.3)",64,4,0,20,1e-05,1e-05,100,0.01,2.0,0.01,0.01,0.01,0.001,0.3,0.05,,0.0,1000,1,64,0,4.16,[0.7095],[None],2000
3241,False,False,64,"(0.5, 0.2, 0.3)",64,4,0,20,1e-05,1e-05,100,0.01,2.0,0.01,0.01,0.01,0.001,0.3,0.05,,0.0,1000,1,64,0,4.04,[0.6742],[None],2001
3242,False,False,64,"(0.5, 0.2, 0.3)",64,4,0,20,1e-05,1e-05,100,0.01,2.0,0.01,0.01,0.01,0.001,0.3,0.05,,0.0,1000,1,64,1,4.04,[0.6559],[None],2002
3243,False,False,64,"(0.5, 0.2, 0.3)",64,4,0,20,1e-05,1e-05,100,0.01,2.0,0.01,0.01,0.01,0.001,0.3,0.05,,0.0,1000,2,128,1,8.33,"[0.6575, 0.6445]","[None, None]",2003
3244,False,False,64,"(0.5, 0.2, 0.3)",64,4,0,20,1e-05,1e-05,100,0.01,2.0,0.01,0.01,0.01,0.001,0.3,0.05,,0.0,1000,1,64,0,4.04,[0.7415],[None],2004
3245,False,False,64,"(0.5, 0.2, 0.3)",64,4,0,20,1e-05,1e-05,100,0.01,2.0,0.01,0.01,0.01,0.001,0.3,0.05,,0.0,1000,1,64,0,4.04,[0.6358],[None],2005
3246,False,False,64,"(0.5, 0.2, 0.3)",64,4,0,20,1e-05,1e-05,100,0.01,2.0,0.01,0.01,0.01,0.001,0.3,0.05,,0.0,1000,1,64,0,4.04,[0.6968],[None],2006
3247,False,False,64,"(0.5, 0.2, 0.3)",64,4,0,20,1e-05,1e-05,100,0.01,2.0,0.01,0.01,0.01,0.001,0.3,0.05,,0.0,1000,1,64,0,4.04,[0.6927],[None],2007
3248,False,False,64,"(0.5, 0.2, 0.3)",64,4,0,20,1e-05,1e-05,100,0.01,2.0,0.01,0.01,0.01,0.001,0.3,0.05,,0.0,1000,1,64,1,4.03,[0.5826],[None],2008
3249,False,False,64,"(0.5, 0.2, 0.3)",64,4,0,20,1e-05,1e-05,100,0.01,2.0,0.01,0.01,0.01,0.001,0.3,0.05,,0.0,1000,1,64,0,4.04,[0.6665],[None],2009
3250,False,False,64,"(0.5, 0.2, 0.3)",64,4,0,20,1e-05,1e-05,100,0.01,2.0,0.01,0.01,0.01,0.001,0.3,0.05,,0.0,1000,1,64,0,4.04,[0.7042],[None],2010
3251,False,False,64,"(0.5, 0.2, 0.3)",64,4,0,20,1e-05,1e-05,100,0.01,2.0,0.01,0.01,0.01,0.001,0.3,0.05,,0.0,1000,1,64,1,4.04,[0.6807],[None],2011
3252,False,False,64,"(0.5, 0.2, 0.3)",64,4,0,20,1e-05,1e-05,100,0.01,2.0,0.01,0.01,0.01,0.001,0.3,0.05,,0.0,1000,2,128,0,8.33,"[0.6784, 0.6561]","[None, None]",2012
3253,False,False,64,"(0.5, 0.2, 0.3)",64,4,0,20,1e-05,1e-05,100,0.01,2.0,0.01,0.01,0.01,0.001,0.3,0.05,,0.0,1000,2,128,1,8.33,"[0.686, 0.5575]","[None, None]",2013
3254,False,False,64,"(0.5, 0.2, 0.3)",64,4,0,20,1e-05,1e-05,100,0.01,2.0,0.01,0.01,0.01,0.001,0.3,0.05,,0.0,1000,1,64,0,4.04,[0.7091],[None],2014
3255,False,False,64,"(0.5, 0.2, 0.3)",64,4,0,20,1e-05,1e-05,100,0.01,2.0,0.01,0.01,0.01,0.001,0.3,0.05,,0.0,1000,2,128,0,8.36,"[0.6319, 0.5516]","[None, None]",2015
3256,False,False,64,"(0.5, 0.2, 0.3)",64,4,0,20,1e-05,1e-05,100,0.01,2.0,0.01,0.01,0.01,0.001,0.3,0.05,,0.0,1000,1,64,0,4.18,[0.6273],[None],2016
3257,False,False,64,"(0.5, 0.2, 0.3)",64,4,0,20,1e-05,1e-05,100,0.01,2.0,0.01,0.01,0.01,0.001,0.3,0.05,,0.0,1000,1,64,0,4.24,[0.7502],[None],2017
3258,False,False,64,"(0.5, 0.2, 0.3)",64,4,0,20,1e-05,1e-05,100,0.01,2.0,0.01,0.01,0.01,0.001,0.3,0.05,,0.0,1000,2,128,1,8.59,"[0.6485, 0.6232]","[None, None]",2018
3259,False,False,64,"(0.5, 0.2, 0.3)",64,4,0,20,1e-05,1e-05,100,0.01,2.0,0.01,0.01,0.01,0.001,0.3,0.05,,0.0,1000,1,64,0,4.17,[0.6508],[None],2019
3260,False,False,64,"(0.5, 0.2, 0.3)",64,4,0,20,1e-05,1e-05,100,0.01,2.0,0.01,0.01,0.01,0.001,0.3,0.1,,0.0,1000,1,64,0,4.17,[0.7102],[None],2000
3261,False,False,64,"(0.5, 0.2, 0.3)",64,4,0,20,1e-05,1e-05,100,0.01,2.0,0.01,0.01,0.01,0.001,0.3,0.1,,0.0,1000,1,64,0,4.17,[0.6744],[None],2001
3262,False,False,64,"(0.5, 0.2, 0.3)",64,4,0,20,1e-05,1e-05,100,0.01,2.0,0.01,0.01,0.01,0.001,0.3,0.1,,0.0,1000,1,64,1,4.16,[0.6576],[None],2002
3263,False,False,64,"(0.5, 0.2, 0.3)",64,4,0,20,1e-05,1e-05,100,0.01,2.0,0.01,0.01,0.01,0.001,0.3,0.1,,0.0,1000,2,128,1,8.59,"[0.6582, 0.6394]","[None, None]",2003
3264,False,False,64,"(0.5, 0.2, 0.3)",64,4,0,20,1e-05,1e-05,100,0.01,2.0,0.01,0.01,0.01,0.001,0.3,0.1,,0.0,1000,1,64,0,4.17,[0.7405],[None],2004
3265,False,False,64,"(0.5, 0.2, 0.3)",64,4,0,20,1e-05,1e-05,100,0.01,2.0,0.01,0.01,0.01,0.001,0.3,0.1,,0.0,1000,1,64,0,4.17,[0.6351],[None],2005
3266,False,False,64,"(0.5, 0.2, 0.3)",64,4,0,20,1e-05,1e-05,100,0.01,2.0,0.01,0.01,0.01,0.001,0.3,0.1,,0.0,1000,1,64,0,4.17,[0.6962],[None],2006
3267,False,False,64,"(0.5, 0.2, 0.3)",64,4,0,20,1e-05,1e-05,100,0.01,2.0,0.01,0.01,0.01,0.001,0.3,0.1,,0.0,1000,1,64,0,4.17,[0.6939],[None],2007
3268,False,False,64,"(0.5, 0.2, 0.3)",64,4,0,20,1e-05,1e-05,100,0.01,2.0,0.01,0.01,0.01,0.001,0.3,0.1,,0.0,1000,1,64,1,4.16,[0.582],[None],2008
3269,False,False,64,"(0.5, 0.2, 0.3)",64,4,0,20,1e-05,1e-05,100,0.01,2.0,0.01,0.01,0.01,0.001,0.3,0.1,,0.0,1000,1,64,0,4.17,[0.6653],[None],2009
3270,False,False,64,"(0.5, 0.2, 0.3)",64,4,0,20,1e-05,1e-05,100,0.01,2.0,0.01,0.01,0.01,0.001,0.3,0.1,,0.0,1000,1,64,0,4.17,[0.7068],[None],2010
3271,False,False,64,"(0.5, 0.2, 0.3)",64,4,0,20,1e-05,1e-05,100,0.01,2.0,0.01,0.01,0.01,0.001,0.3,0.1,,0.0,1000,1,64,1,4.17,[0.6789],[None],2011
3272,False,False,64,"(0.5, 0.2, 0.3)",64,4,0,20,1e-05,1e-05,100,0.01,2.0,0.01,0.01,0.01,0.001,0.3,0.1,,0.0,1000,2,128,0,8.59,"[0.6796, 0.6558]","[None, None]",2012
3273,False,False,64,"(0.5, 0.2, 0.3)",64,4,0,20,1e-05,1e-05,100,0.01,2.0,0.01,0.01,0.01,0.001,0.3,0.1,,0.0,1000,2,128,1,8.58,"[0.6858, 0.5114]","[None, None]",2013
3274,False,False,64,"(0.5, 0.2, 0.3)",64,4,0,20,1e-05,1e-05,100,0.01,2.0,0.01,0.01,0.01,0.001,0.3,0.1,,0.0,1000,1,64,0,4.16,[0.7095],[None],2014
3275,False,False,64,"(0.5, 0.2, 0.3)",64,4,0,20,1e-05,1e-05,100,0.01,2.0,0.01,0.01,0.01,0.001,0.3,0.1,,0.0,1000,2,128,0,8.59,"[0.6302, 0.5499]","[None, None]",2015
3276,False,False,64,"(0.5, 0.2, 0.3)",64,4,0,20,1e-05,1e-05,100,0.01,2.0,0.01,0.01,0.01,0.001,0.3,0.1,,0.0,1000,1,64,0,4.16,[0.6272],[None],2016
3277,False,False,64,"(0.5, 0.2, 0.3)",64,4,0,20,1e-05,1e-05,100,0.01,2.0,0.01,0.01,0.01,0.001,0.3,0.1,,0.0,1000,1,64,0,4.18,[0.7506],[None],2017
3278,False,False,64,"(0.5, 0.2, 0.3)",64,4,0,20,1e-05,1e-05,100,0.01,2.0,0.01,0.01,0.01,0.001,0.3,0.1,,0.0,1000,2,128,1,8.58,"[0.6489, 0.6245]","[None, None]",2018
3279,False,False,64,"(0.5, 0.2, 0.3)",64,4,0,20,1e-05,1e-05,100,0.01,2.0,0.01,0.01,0.01,0.001,0.3,0.1,,0.0,1000,1,64,0,4.17,[0.6493],[None],2019
3280,False,False,64,"(0.5, 0.2, 0.3)",64,4,0,20,1e-05,1e-05,100,0.01,2.0,0.1,0.01,0.001,0.001,0.3,0.05,,0.0,1000,1,64,0,4.17,[0.7125],[None],2000
3281,False,False,64,"(0.5, 0.2, 0.3)",64,4,0,20,1e-05,1e-05,100,0.01,2.0,0.1,0.01,0.001,0.001,0.3,0.05,,0.0,1000,1,64,0,4.17,[0.6577],[None],2001
3282,False,False,64,"(0.5, 0.2, 0.3)",64,4,0,20,1e-05,1e-05,100,0.01,2.0,0.1,0.01,0.001,0.001,0.3,0.05,,0.0,1000,1,64,1,4.16,[0.675],[None],2002
3283,False,False,64,"(0.5, 0.2, 0.3)",64,4,0,20,1e-05,1e-05,100,0.01,2.0,0.1,0.01,0.001,0.001,0.3,0.05,,0.0,1000,2,128,0,8.66,"[0.6629, 0.6445]","[None, None]",2003
3284,False,False,64,"(0.5, 0.2, 0.3)",64,4,0,20,1e-05,1e-05,100,0.01,2.0,0.1,0.01,0.001,0.001,0.3,0.05,,0.0,1000,1,64,0,4.16,[0.7489],[None],2004
3285,False,False,64,"(0.5, 0.2, 0.3)",64,4,0,20,1e-05,1e-05,100,0.01,2.0,0.1,0.01,0.001,0.001,0.3,0.05,,0.0,1000,1,64,0,4.18,[0.6478],[None],2005
3286,False,False,64,"(0.5, 0.2, 0.3)",64,4,0,20,1e-05,1e-05,100,0.01,2.0,0.1,0.01,0.001,0.001,0.3,0.05,,0.0,1000,1,64,0,4.16,[0.7045],[None],2006
3287,False,False,64,"(0.5, 0.2, 0.3)",64,4,0,20,1e-05,1e-05,100,0.01,2.0,0.1,0.01,0.001,0.001,0.3,0.05,,0.0,1000,1,64,0,4.17,[0.6992],[None],2007
3288,False,False,64,"(0.5, 0.2, 0.3)",64,4,0,20,1e-05,1e-05,100,0.01,2.0,0.1,0.01,0.001,0.001,0.3,0.05,,0.0,1000,1,64,1,4.16,[0.5612],[None],2008
3289,False,False,64,"(0.5, 0.2, 0.3)",64,4,0,20,1e-05,1e-05,100,0.01,2.0,0.1,0.01,0.001,0.001,0.3,0.05,,0.0,1000,1,64,0,4.17,[0.6798],[None],2009
3290,False,False,64,"(0.5, 0.2, 0.3)",64,4,0,20,1e-05,1e-05,100,0.01,2.0,0.1,0.01,0.001,0.001,0.3,0.05,,0.0,1000,1,64,0,4.18,[0.6971],[None],2010
3291,False,False,64,"(0.5, 0.2, 0.3)",64,4,0,20,1e-05,1e-05,100,0.01,2.0,0.1,0.01,0.001,0.001,0.3,0.05,,0.0,1000,1,64,1,4.18,[0.6878],[None],2011
3292,False,False,64,"(0.5, 0.2, 0.3)",64,4,0,20,1e-05,1e-05,100,0.01,2.0,0.1,0.01,0.001,0.001,0.3,0.05,,0.0,1000,2,128,1,8.58,"[0.6416, 0.6611]","[None, None]",2012
3293,False,False,64,"(0.5, 0.2, 0.3)",64,4,0,20,1e-05,1e-05,100,0.01,2.0,0.1,0.01,0.001,0.001,0.3,0.05,,0.0,1000,2,128,1,8.6,"[0.694, 0.5956]","[None, None]",2013
3294,False,False,64,"(0.5, 0.2, 0.3)",64,4,0,20,1e-05,1e-05,100,0.01,2.0,0.1,0.01,0.001,0.001,0.3,0.05,,0.0,1000,2,128,0,8.6,"[0.7035, 0.5663]","[None, None]",2014
3295,False,False,64,"(0.5, 0.2, 0.3)",64,4,0,20,1e-05,1e-05,100,0.01,2.0,0.1,0.01,0.001,0.001,0.3,0.05,,0.0,1000,2,128,0,8.59,"[0.6283, 0.5628]","[None, None]",2015
3296,False,False,64,"(0.5, 0.2, 0.3)",64,4,0,20,1e-05,1e-05,100,0.01,2.0,0.1,0.01,0.001,0.001,0.3,0.05,,0.0,1000,1,64,0,4.16,[0.6195],[None],2016
3297,False,False,64,"(0.5, 0.2, 0.3)",64,4,0,20,1e-05,1e-05,100,0.01,2.0,0.1,0.01,0.001,0.001,0.3,0.05,,0.0,1000,2,128,1,8.62,"[0.7503, 0.7273]","[None, None]",2017
3298,False,False,64,"(0.5, 0.2, 0.3)",64,4,0,20,1e-05,1e-05,100,0.01,2.0,0.1,0.01,0.001,0.001,0.3,0.05,,0.0,1000,2,128,1,8.61,"[0.6295, 0.6358]","[None, None]",2018
3299,False,False,64,"(0.5, 0.2, 0.3)",64,4,0,20,1e-05,1e-05,100,0.01,2.0,0.1,0.01,0.001,0.001,0.3,0.05,,0.0,1000,1,64,0,4.17,[0.6755],[None],2019
3300,False,False,64,"(0.5, 0.2, 0.3)",64,4,0,20,1e-05,1e-05,100,0.01,2.0,0.1,0.01,0.001,0.001,0.3,0.1,,0.0,1000,1,64,0,4.06,[0.7116],[None],2000
3301,False,False,64,"(0.5, 0.2, 0.3)",64,4,0,20,1e-05,1e-05,100,0.01,2.0,0.1,0.01,0.001,0.001,0.3,0.1,,0.0,1000,1,64,0,4.04,[0.6503],[None],2001
3302,False,False,64,"(0.5, 0.2, 0.3)",64,4,0,20,1e-05,1e-05,100,0.01,2.0,0.1,0.01,0.001,0.001,0.3,0.1,,0.0,1000,1,64,1,4.08,[0.6863],[None],2002
3303,False,False,64,"(0.5, 0.2, 0.3)",64,4,0,20,1e-05,1e-05,100,0.01,2.0,0.1,0.01,0.001,0.001,0.3,0.1,,0.0,1000,2,128,0,8.55,"[0.6637, 0.6303]","[None, None]",2003
3304,False,False,64,"(0.5, 0.2, 0.3)",64,4,0,20,1e-05,1e-05,100,0.01,2.0,0.1,0.01,0.001,0.001,0.3,0.1,,0.0,1000,1,64,0,4.04,[0.7472],[None],2004
3305,False,False,64,"(0.5, 0.2, 0.3)",64,4,0,20,1e-05,1e-05,100,0.01,2.0,0.1,0.01,0.001,0.001,0.3,0.1,,0.0,1000,1,64,0,4.04,[0.6572],[None],2005
3306,False,False,64,"(0.5, 0.2, 0.3)",64,4,0,20,1e-05,1e-05,100,0.01,2.0,0.1,0.01,0.001,0.001,0.3,0.1,,0.0,1000,1,64,0,4.17,[0.7101],[None],2006
3307,False,False,64,"(0.5, 0.2, 0.3)",64,4,0,20,1e-05,1e-05,100,0.01,2.0,0.1,0.01,0.001,0.001,0.3,0.1,,0.0,1000,2,128,1,8.59,"[0.7027, 0.638]","[None, None]",2007
3308,False,False,64,"(0.5, 0.2, 0.3)",64,4,0,20,1e-05,1e-05,100,0.01,2.0,0.1,0.01,0.001,0.001,0.3,0.1,,0.0,1000,1,64,1,4.23,[0.5539],[None],2008
3309,False,False,64,"(0.5, 0.2, 0.3)",64,4,0,20,1e-05,1e-05,100,0.01,2.0,0.1,0.01,0.001,0.001,0.3,0.1,,0.0,1000,1,64,0,4.17,[0.6891],[None],2009
3310,False,False,64,"(0.5, 0.2, 0.3)",64,4,0,20,1e-05,1e-05,100,0.01,2.0,0.1,0.01,0.001,0.001,0.3,0.1,,0.0,1000,1,64,0,4.17,[0.7111],[None],2010
3311,False,False,64,"(0.5, 0.2, 0.3)",64,4,0,20,1e-05,1e-05,100,0.01,2.0,0.1,0.01,0.001,0.001,0.3,0.1,,0.0,1000,1,64,1,4.17,[0.693],[None],2011
3312,False,False,64,"(0.5, 0.2, 0.3)",64,4,0,20,1e-05,1e-05,100,0.01,2.0,0.1,0.01,0.001,0.001,0.3,0.1,,0.0,1000,2,128,1,8.6,"[0.622, 0.671]","[None, None]",2012
3313,False,False,64,"(0.5, 0.2, 0.3)",64,4,0,20,1e-05,1e-05,100,0.01,2.0,0.1,0.01,0.001,0.001,0.3,0.1,,0.0,1000,2,128,1,8.6,"[0.7033, 0.6239]","[None, None]",2013
3314,False,False,64,"(0.5, 0.2, 0.3)",64,4,0,20,1e-05,1e-05,100,0.01,2.0,0.1,0.01,0.001,0.001,0.3,0.1,,0.0,1000,1,64,0,4.18,[0.7029],[None],2014
3315,False,False,64,"(0.5, 0.2, 0.3)",64,4,0,20,1e-05,1e-05,100,0.01,2.0,0.1,0.01,0.001,0.001,0.3,0.1,,0.0,1000,2,128,0,8.61,"[0.6507, 0.5556]","[None, None]",2015
3316,False,False,64,"(0.5, 0.2, 0.3)",64,4,0,20,1e-05,1e-05,100,0.01,2.0,0.1,0.01,0.001,0.001,0.3,0.1,,0.0,1000,1,64,0,4.18,[0.6133],[None],2016
3317,False,False,64,"(0.5, 0.2, 0.3)",64,4,0,20,1e-05,1e-05,100,0.01,2.0,0.1,0.01,0.001,0.001,0.3,0.1,,0.0,1000,1,64,0,4.17,[0.7452],[None],2017
3318,False,False,64,"(0.5, 0.2, 0.3)",64,4,0,20,1e-05,1e-05,100,0.01,2.0,0.1,0.01,0.001,0.001,0.3,0.1,,0.0,1000,2,128,1,8.59,"[0.6313, 0.6381]","[None, None]",2018
3319,False,False,64,"(0.5, 0.2, 0.3)",64,4,0,20,1e-05,1e-05,100,0.01,2.0,0.1,0.01,0.001,0.001,0.3,0.1,,0.0,1000,1,64,0,4.18,[0.6814],[None],2019
3320,False,False,64,"(0.5, 0.2, 0.3)",64,4,0,20,1e-05,1e-05,100,0.01,2.0,0.1,0.01,0.01,0.001,0.3,0.05,,0.0,1000,1,64,0,4.17,[0.7032],[None],2000
3321,False,False,64,"(0.5, 0.2, 0.3)",64,4,0,20,1e-05,1e-05,100,0.01,2.0,0.1,0.01,0.01,0.001,0.3,0.05,,0.0,1000,1,64,0,4.17,[0.6561],[None],2001
3322,False,False,64,"(0.5, 0.2, 0.3)",64,4,0,20,1e-05,1e-05,100,0.01,2.0,0.1,0.01,0.01,0.001,0.3,0.05,,0.0,1000,1,64,1,4.13,[0.6732],[None],2002
3323,False,False,64,"(0.5, 0.2, 0.3)",64,4,0,20,1e-05,1e-05,100,0.01,2.0,0.1,0.01,0.01,0.001,0.3,0.05,,0.0,1000,2,128,0,8.33,"[0.6561, 0.6457]","[None, None]",2003
3324,False,False,64,"(0.5, 0.2, 0.3)",64,4,0,20,1e-05,1e-05,100,0.01,2.0,0.1,0.01,0.01,0.001,0.3,0.05,,0.0,1000,1,64,0,4.04,[0.7437],[None],2004
3325,False,False,64,"(0.5, 0.2, 0.3)",64,4,0,20,1e-05,1e-05,100,0.01,2.0,0.1,0.01,0.01,0.001,0.3,0.05,,0.0,1000,1,64,0,4.04,[0.6397],[None],2005
3326,False,False,64,"(0.5, 0.2, 0.3)",64,4,0,20,1e-05,1e-05,100,0.01,2.0,0.1,0.01,0.01,0.001,0.3,0.05,,0.0,1000,1,64,0,4.04,[0.6979],[None],2006
3327,False,False,64,"(0.5, 0.2, 0.3)",64,4,0,20,1e-05,1e-05,100,0.01,2.0,0.1,0.01,0.01,0.001,0.3,0.05,,0.0,1000,1,64,0,4.04,[0.694],[None],2007
3328,False,False,64,"(0.5, 0.2, 0.3)",64,4,0,20,1e-05,1e-05,100,0.01,2.0,0.1,0.01,0.01,0.001,0.3,0.05,,0.0,1000,1,64,1,4.03,[0.5508],[None],2008
3329,False,False,64,"(0.5, 0.2, 0.3)",64,4,0,20,1e-05,1e-05,100,0.01,2.0,0.1,0.01,0.01,0.001,0.3,0.05,,0.0,1000,1,64,0,4.04,[0.6733],[None],2009
3330,False,False,64,"(0.5, 0.2, 0.3)",64,4,0,20,1e-05,1e-05,100,0.01,2.0,0.1,0.01,0.01,0.001,0.3,0.05,,0.0,1000,1,64,0,4.04,[0.6876],[None],2010
3331,False,False,64,"(0.5, 0.2, 0.3)",64,4,0,20,1e-05,1e-05,100,0.01,2.0,0.1,0.01,0.01,0.001,0.3,0.05,,0.0,1000,1,64,1,4.03,[0.6812],[None],2011
3332,False,False,64,"(0.5, 0.2, 0.3)",64,4,0,20,1e-05,1e-05,100,0.01,2.0,0.1,0.01,0.01,0.001,0.3,0.05,,0.0,1000,2,128,1,8.33,"[0.6357, 0.6582]","[None, None]",2012
3333,False,False,64,"(0.5, 0.2, 0.3)",64,4,0,20,1e-05,1e-05,100,0.01,2.0,0.1,0.01,0.01,0.001,0.3,0.05,,0.0,1000,2,128,1,8.34,"[0.6875, 0.5881]","[None, None]",2013
3334,False,False,64,"(0.5, 0.2, 0.3)",64,4,0,20,1e-05,1e-05,100,0.01,2.0,0.1,0.01,0.01,0.001,0.3,0.05,,0.0,1000,1,64,0,4.11,[0.6963],[None],2014
3335,False,False,64,"(0.5, 0.2, 0.3)",64,4,0,20,1e-05,1e-05,100,0.01,2.0,0.1,0.01,0.01,0.001,0.3,0.05,,0.0,1000,2,128,0,8.33,"[0.6234, 0.5724]","[None, None]",2015
3336,False,False,64,"(0.5, 0.2, 0.3)",64,4,0,20,1e-05,1e-05,100,0.01,2.0,0.1,0.01,0.01,0.001,0.3,0.05,,0.0,1000,1,64,0,4.04,[0.6025],[None],2016
3337,False,False,64,"(0.5, 0.2, 0.3)",64,4,0,20,1e-05,1e-05,100,0.01,2.0,0.1,0.01,0.01,0.001,0.3,0.05,,0.0,1000,1,64,0,4.04,[0.7462],[None],2017
3338,False,False,64,"(0.5, 0.2, 0.3)",64,4,0,20,1e-05,1e-05,100,0.01,2.0,0.1,0.01,0.01,0.001,0.3,0.05,,0.0,1000,2,128,1,8.34,"[0.6195, 0.6316]","[None, None]",2018
3339,False,False,64,"(0.5, 0.2, 0.3)",64,4,0,20,1e-05,1e-05,100,0.01,2.0,0.1,0.01,0.01,0.001,0.3,0.05,,0.0,1000,1,64,0,4.03,[0.672],[None],2019
3340,False,False,64,"(0.5, 0.2, 0.3)",64,4,0,20,1e-05,1e-05,100,0.01,2.0,0.1,0.01,0.01,0.001,0.3,0.1,,0.0,1000,1,64,0,4.04,[0.7019],[None],2000
3341,False,False,64,"(0.5, 0.2, 0.3)",64,4,0,20,1e-05,1e-05,100,0.01,2.0,0.1,0.01,0.01,0.001,0.3,0.1,,0.0,1000,1,64,0,4.04,[0.6468],[None],2001
3342,False,False,64,"(0.5, 0.2, 0.3)",64,4,0,20,1e-05,1e-05,100,0.01,2.0,0.1,0.01,0.01,0.001,0.3,0.1,,0.0,1000,1,64,1,4.04,[0.6847],[None],2002
3343,False,False,64,"(0.5, 0.2, 0.3)",64,4,0,20,1e-05,1e-05,100,0.01,2.0,0.1,0.01,0.01,0.001,0.3,0.1,,0.0,1000,2,128,0,8.34,"[0.6544, 0.6645]","[None, None]",2003
3344,False,False,64,"(0.5, 0.2, 0.3)",64,4,0,20,1e-05,1e-05,100,0.01,2.0,0.1,0.01,0.01,0.001,0.3,0.1,,0.0,1000,1,64,0,4.04,[0.7408],[None],2004
3345,False,False,64,"(0.5, 0.2, 0.3)",64,4,0,20,1e-05,1e-05,100,0.01,2.0,0.1,0.01,0.01,0.001,0.3,0.1,,0.0,1000,1,64,0,4.04,[0.6483],[None],2005
3346,False,False,64,"(0.5, 0.2, 0.3)",64,4,0,20,1e-05,1e-05,100,0.01,2.0,0.1,0.01,0.01,0.001,0.3,0.1,,0.0,1000,1,64,0,4.04,[0.7018],[None],2006
3347,False,False,64,"(0.5, 0.2, 0.3)",64,4,0,20,1e-05,1e-05,100,0.01,2.0,0.1,0.01,0.01,0.001,0.3,0.1,,0.0,1000,2,128,0,8.34,"[0.6967, 0.6304]","[None, None]",2007
3348,False,False,64,"(0.5, 0.2, 0.3)",64,4,0,20,1e-05,1e-05,100,0.01,2.0,0.1,0.01,0.01,0.001,0.3,0.1,,0.0,1000,1,64,1,4.04,[0.5403],[None],2008
3349,False,False,64,"(0.5, 0.2, 0.3)",64,4,0,20,1e-05,1e-05,100,0.01,2.0,0.1,0.01,0.01,0.001,0.3,0.1,,0.0,1000,1,64,0,4.04,[0.6839],[None],2009
3350,False,False,64,"(0.5, 0.2, 0.3)",64,4,0,20,1e-05,1e-05,100,0.01,2.0,0.1,0.01,0.01,0.001,0.3,0.1,,0.0,1000,1,64,0,4.13,[0.7002],[None],2010
3351,False,False,64,"(0.5, 0.2, 0.3)",64,4,0,20,1e-05,1e-05,100,0.01,2.0,0.1,0.01,0.01,0.001,0.3,0.1,,0.0,1000,1,64,1,4.16,[0.6816],[None],2011
3352,False,False,64,"(0.5, 0.2, 0.3)",64,4,0,20,1e-05,1e-05,100,0.01,2.0,0.1,0.01,0.01,0.001,0.3,0.1,,0.0,1000,2,128,1,8.59,"[0.6133, 0.6682]","[None, None]",2012
3353,False,False,64,"(0.5, 0.2, 0.3)",64,4,0,20,1e-05,1e-05,100,0.01,2.0,0.1,0.01,0.01,0.001,0.3,0.1,,0.0,1000,2,128,1,8.6,"[0.6962, 0.6095]","[None, None]",2013
3354,False,False,64,"(0.5, 0.2, 0.3)",64,4,0,20,1e-05,1e-05,100,0.01,2.0,0.1,0.01,0.01,0.001,0.3,0.1,,0.0,1000,1,64,0,4.17,[0.6942],[None],2014
3355,False,False,64,"(0.5, 0.2, 0.3)",64,4,0,20,1e-05,1e-05,100,0.01,2.0,0.1,0.01,0.01,0.001,0.3,0.1,,0.0,1000,2,128,0,8.59,"[0.6466, 0.5522]","[None, None]",2015
3356,False,False,64,"(0.5, 0.2, 0.3)",64,4,0,20,1e-05,1e-05,100,0.01,2.0,0.1,0.01,0.01,0.001,0.3,0.1,,0.0,1000,1,64,0,4.17,[0.5921],[None],2016
3357,False,False,64,"(0.5, 0.2, 0.3)",64,4,0,20,1e-05,1e-05,100,0.01,2.0,0.1,0.01,0.01,0.001,0.3,0.1,,0.0,1000,1,64,0,4.14,[0.7396],[None],2017
3358,False,False,64,"(0.5, 0.2, 0.3)",64,4,0,20,1e-05,1e-05,100,0.01,2.0,0.1,0.01,0.01,0.001,0.3,0.1,,0.0,1000,2,128,1,8.34,"[0.6172, 0.6299]","[None, None]",2018
3359,False,False,64,"(0.5, 0.2, 0.3)",64,4,0,20,1e-05,1e-05,100,0.01,2.0,0.1,0.01,0.01,0.001,0.3,0.1,,0.0,1000,1,64,0,4.11,[0.6753],[None],2019
3360,False,False,64,"(0.5, 0.2, 0.3)",64,4,0,20,1e-05,1e-05,100,0.01,2.0,0.2,0.01,0.001,0.001,0.3,0.05,,0.0,1000,1,64,0,4.04,[0.6843],[None],2000
3361,False,False,64,"(0.5, 0.2, 0.3)",64,4,0,20,1e-05,1e-05,100,0.01,2.0,0.2,0.01,0.001,0.001,0.3,0.05,,0.0,1000,1,64,0,4.04,[0.644],[None],2001
3362,False,False,64,"(0.5, 0.2, 0.3)",64,4,0,20,1e-05,1e-05,100,0.01,2.0,0.2,0.01,0.001,0.001,0.3,0.05,,0.0,1000,1,64,1,4.04,[0.6649],[None],2002
3363,False,False,64,"(0.5, 0.2, 0.3)",64,4,0,20,1e-05,1e-05,100,0.01,2.0,0.2,0.01,0.001,0.001,0.3,0.05,,0.0,1000,2,128,0,8.46,"[0.6526, 0.6182]","[None, None]",2003
3364,False,False,64,"(0.5, 0.2, 0.3)",64,4,0,20,1e-05,1e-05,100,0.01,2.0,0.2,0.01,0.001,0.001,0.3,0.05,,0.0,1000,1,64,0,4.16,[0.7344],[None],2004
3365,False,False,64,"(0.5, 0.2, 0.3)",64,4,0,20,1e-05,1e-05,100,0.01,2.0,0.2,0.01,0.001,0.001,0.3,0.05,,0.0,1000,1,64,0,4.16,[0.6187],[None],2005
3366,False,False,64,"(0.5, 0.2, 0.3)",64,4,0,20,1e-05,1e-05,100,0.01,2.0,0.2,0.01,0.001,0.001,0.3,0.05,,0.0,1000,1,64,0,4.16,[0.6818],[None],2006
3367,False,False,64,"(0.5, 0.2, 0.3)",64,4,0,20,1e-05,1e-05,100,0.01,2.0,0.2,0.01,0.001,0.001,0.3,0.05,,0.0,1000,1,64,0,4.16,[0.6795],[None],2007
3368,False,False,64,"(0.5, 0.2, 0.3)",64,4,0,20,1e-05,1e-05,100,0.01,2.0,0.2,0.01,0.001,0.001,0.3,0.05,,0.0,1000,1,64,1,4.17,[0.5292],[None],2008
3369,False,False,64,"(0.5, 0.2, 0.3)",64,4,0,20,1e-05,1e-05,100,0.01,2.0,0.2,0.01,0.001,0.001,0.3,0.05,,0.0,1000,1,64,0,4.16,[0.6535],[None],2009
3370,False,False,64,"(0.5, 0.2, 0.3)",64,4,0,20,1e-05,1e-05,100,0.01,2.0,0.2,0.01,0.001,0.001,0.3,0.05,,0.0,1000,1,64,0,4.16,[0.6512],[None],2010
3371,False,False,64,"(0.5, 0.2, 0.3)",64,4,0,20,1e-05,1e-05,100,0.01,2.0,0.2,0.01,0.001,0.001,0.3,0.05,,0.0,1000,1,64,1,4.17,[0.6678],[None],2011
3372,False,False,64,"(0.5, 0.2, 0.3)",64,4,0,20,1e-05,1e-05,100,0.01,2.0,0.2,0.01,0.001,0.001,0.3,0.05,,0.0,1000,2,128,1,8.6,"[0.6208, 0.6453]","[None, None]",2012
3373,False,False,64,"(0.5, 0.2, 0.3)",64,4,0,20,1e-05,1e-05,100,0.01,2.0,0.2,0.01,0.001,0.001,0.3,0.05,,0.0,1000,2,128,1,8.59,"[0.6715, 0.5834]","[None, None]",2013
3374,False,False,64,"(0.5, 0.2, 0.3)",64,4,0,20,1e-05,1e-05,100,0.01,2.0,0.2,0.01,0.001,0.001,0.3,0.05,,0.0,1000,2,128,0,8.59,"[0.6847, 0.5305]","[None, None]",2014
3375,False,False,64,"(0.5, 0.2, 0.3)",64,4,0,20,1e-05,1e-05,100,0.01,2.0,0.2,0.01,0.001,0.001,0.3,0.05,,0.0,1000,3,192,1,13.23,"[0.5884, 0.5194, 0.5577]","[None, None, None]",2015
3376,False,False,64,"(0.5, 0.2, 0.3)",64,4,0,20,1e-05,1e-05,100,0.01,2.0,0.2,0.01,0.001,0.001,0.3,0.05,,0.0,1000,1,64,0,4.17,[0.5812],[None],2016
3377,False,False,64,"(0.5, 0.2, 0.3)",64,4,0,20,1e-05,1e-05,100,0.01,2.0,0.2,0.01,0.001,0.001,0.3,0.05,,0.0,1000,1,64,0,4.17,[0.74],[None],2017
3378,False,False,64,"(0.5, 0.2, 0.3)",64,4,0,20,1e-05,1e-05,100,0.01,2.0,0.2,0.01,0.001,0.001,0.3,0.05,,0.0,1000,2,128,1,8.58,"[0.6006, 0.5788]","[None, None]",2018
3379,False,False,64,"(0.5, 0.2, 0.3)",64,4,0,20,1e-05,1e-05,100,0.01,2.0,0.2,0.01,0.001,0.001,0.3,0.05,,0.0,1000,1,64,0,4.16,[0.66],[None],2019
3380,False,False,64,"(0.5, 0.2, 0.3)",64,4,0,20,1e-05,1e-05,100,0.01,2.0,0.2,0.01,0.001,0.001,0.3,0.1,,0.0,1000,1,64,0,4.16,[0.6845],[None],2000
3381,False,False,64,"(0.5, 0.2, 0.3)",64,4,0,20,1e-05,1e-05,100,0.01,2.0,0.2,0.01,0.001,0.001,0.3,0.1,,0.0,1000,1,64,1,4.18,[0.6255],[None],2001
3382,False,False,64,"(0.5, 0.2, 0.3)",64,4,0,20,1e-05,1e-05,100,0.01,2.0,0.2,0.01,0.001,0.001,0.3,0.1,,0.0,1000,1,64,1,4.17,[0.6879],[None],2002
3383,False,False,64,"(0.5, 0.2, 0.3)",64,4,0,20,1e-05,1e-05,100,0.01,2.0,0.2,0.01,0.001,0.001,0.3,0.1,,0.0,1000,2,128,0,8.58,"[0.6412, 0.6245]","[None, None]",2003
3384,False,False,64,"(0.5, 0.2, 0.3)",64,4,0,20,1e-05,1e-05,100,0.01,2.0,0.2,0.01,0.001,0.001,0.3,0.1,,0.0,1000,2,128,1,8.65,"[0.7238, 0.6347]","[None, None]",2004
3385,False,False,64,"(0.5, 0.2, 0.3)",64,4,0,20,1e-05,1e-05,100,0.01,2.0,0.2,0.01,0.001,0.001,0.3,0.1,,0.0,1000,1,64,0,4.17,[0.6328],[None],2005
3386,False,False,64,"(0.5, 0.2, 0.3)",64,4,0,20,1e-05,1e-05,100,0.01,2.0,0.2,0.01,0.001,0.001,0.3,0.1,,0.0,1000,1,64,0,4.17,[0.6815],[None],2006
3387,False,False,64,"(0.5, 0.2, 0.3)",64,4,0,20,1e-05,1e-05,100,0.01,2.0,0.2,0.01,0.001,0.001,0.3,0.1,,0.0,1000,1,64,0,4.17,[0.6849],[None],2007
3388,False,False,64,"(0.5, 0.2, 0.3)",64,4,0,20,1e-05,1e-05,100,0.01,2.0,0.2,0.01,0.001,0.001,0.3,0.1,,0.0,1000,1,64,1,4.16,[0.4942],[None],2008
3389,False,False,64,"(0.5, 0.2, 0.3)",64,4,0,20,1e-05,1e-05,100,0.01,2.0,0.2,0.01,0.001,0.001,0.3,0.1,,0.0,1000,1,64,0,4.04,[0.6651],[None],2009
3390,False,False,64,"(0.5, 0.2, 0.3)",64,4,0,20,1e-05,1e-05,100,0.01,2.0,0.2,0.01,0.001,0.001,0.3,0.1,,0.0,1000,1,64,0,4.04,[0.6607],[None],2010
3391,False,False,64,"(0.5, 0.2, 0.3)",64,4,0,20,1e-05,1e-05,100,0.01,2.0,0.2,0.01,0.001,0.001,0.3,0.1,,0.0,1000,1,64,1,4.04,[0.6677],[None],2011
3392,False,False,64,"(0.5, 0.2, 0.3)",64,4,0,20,1e-05,1e-05,100,0.01,2.0,0.2,0.01,0.001,0.001,0.3,0.1,,0.0,1000,2,128,1,8.33,"[0.5705, 0.6467]","[None, None]",2012
3393,False,False,64,"(0.5, 0.2, 0.3)",64,4,0,20,1e-05,1e-05,100,0.01,2.0,0.2,0.01,0.001,0.001,0.3,0.1,,0.0,1000,2,128,1,8.33,"[0.6743, 0.5896]","[None, None]",2013
3394,False,False,64,"(0.5, 0.2, 0.3)",64,4,0,20,1e-05,1e-05,100,0.01,2.0,0.2,0.01,0.001,0.001,0.3,0.1,,0.0,1000,1,64,0,4.04,[0.6807],[None],2014
3395,False,False,64,"(0.5, 0.2, 0.3)",64,4,0,20,1e-05,1e-05,100,0.01,2.0,0.2,0.01,0.001,0.001,0.3,0.1,,0.0,1000,3,192,1,13.0,"[0.6313, 0.517, 0.5727]","[None, None, None]",2015
3396,False,False,64,"(0.5, 0.2, 0.3)",64,4,0,20,1e-05,1e-05,100,0.01,2.0,0.2,0.01,0.001,0.001,0.3,0.1,,0.0,1000,1,64,0,4.17,[0.5684],[None],2016
3397,False,False,64,"(0.5, 0.2, 0.3)",64,4,0,20,1e-05,1e-05,100,0.01,2.0,0.2,0.01,0.001,0.001,0.3,0.1,,0.0,1000,1,64,0,4.17,[0.7203],[None],2017
3398,False,False,64,"(0.5, 0.2, 0.3)",64,4,0,20,1e-05,1e-05,100,0.01,2.0,0.2,0.01,0.001,0.001,0.3,0.1,,0.0,1000,2,128,1,8.58,"[0.5755, 0.5967]","[None, None]",2018
3399,False,False,64,"(0.5, 0.2, 0.3)",64,4,0,20,1e-05,1e-05,100,0.01,2.0,0.2,0.01,0.001,0.001,0.3,0.1,,0.0,1000,1,64,0,4.17,[0.6681],[None],2019
3400,False,False,64,"(0.5, 0.2, 0.3)",64,4,0,20,1e-05,1e-05,100,0.01,2.0,0.2,0.01,0.01,0.001,0.3,0.05,,0.0,1000,1,64,0,4.17,[0.6715],[None],2000
3401,False,False,64,"(0.5, 0.2, 0.3)",64,4,0,20,1e-05,1e-05,100,0.01,2.0,0.2,0.01,0.01,0.001,0.3,0.05,,0.0,1000,1,64,0,4.17,[0.6376],[None],2001
3402,False,False,64,"(0.5, 0.2, 0.3)",64,4,0,20,1e-05,1e-05,100,0.01,2.0,0.2,0.01,0.01,0.001,0.3,0.05,,0.0,1000,1,64,1,4.17,[0.6571],[None],2002
3403,False,False,64,"(0.5, 0.2, 0.3)",64,4,0,20,1e-05,1e-05,100,0.01,2.0,0.2,0.01,0.01,0.001,0.3,0.05,,0.0,1000,2,128,1,8.35,"[0.6449, 0.6169]","[None, None]",2003
3404,False,False,64,"(0.5, 0.2, 0.3)",64,4,0,20,1e-05,1e-05,100,0.01,2.0,0.2,0.01,0.01,0.001,0.3,0.05,,0.0,1000,1,64,0,4.04,[0.727],[None],2004
3405,False,False,64,"(0.5, 0.2, 0.3)",64,4,0,20,1e-05,1e-05,100,0.01,2.0,0.2,0.01,0.01,0.001,0.3,0.05,,0.0,1000,1,64,0,4.04,[0.6097],[None],2005
3406,False,False,64,"(0.5, 0.2, 0.3)",64,4,0,20,1e-05,1e-05,100,0.01,2.0,0.2,0.01,0.01,0.001,0.3,0.05,,0.0,1000,1,64,0,4.04,[0.6698],[None],2006
3407,False,False,64,"(0.5, 0.2, 0.3)",64,4,0,20,1e-05,1e-05,100,0.01,2.0,0.2,0.01,0.01,0.001,0.3,0.05,,0.0,1000,1,64,0,4.04,[0.6723],[None],2007
3408,False,False,64,"(0.5, 0.2, 0.3)",64,4,0,20,1e-05,1e-05,100,0.01,2.0,0.2,0.01,0.01,0.001,0.3,0.05,,0.0,1000,1,64,1,4.04,[0.5189],[None],2008
3409,False,False,64,"(0.5, 0.2, 0.3)",64,4,0,20,1e-05,1e-05,100,0.01,2.0,0.2,0.01,0.01,0.001,0.3,0.05,,0.0,1000,1,64,0,4.11,[0.6415],[None],2009
3410,False,False,64,"(0.5, 0.2, 0.3)",64,4,0,20,1e-05,1e-05,100,0.01,2.0,0.2,0.01,0.01,0.001,0.3,0.05,,0.0,1000,1,64,0,4.04,[0.6381],[None],2010
3411,False,False,64,"(0.5, 0.2, 0.3)",64,4,0,20,1e-05,1e-05,100,0.01,2.0,0.2,0.01,0.01,0.001,0.3,0.05,,0.0,1000,1,64,1,4.08,[0.657],[None],2011
3412,False,False,64,"(0.5, 0.2, 0.3)",64,4,0,20,1e-05,1e-05,100,0.01,2.0,0.2,0.01,0.01,0.001,0.3,0.05,,0.0,1000,2,128,1,8.5,"[0.6123, 0.6602]","[None, None]",2012
3413,False,False,64,"(0.5, 0.2, 0.3)",64,4,0,20,1e-05,1e-05,100,0.01,2.0,0.2,0.01,0.01,0.001,0.3,0.05,,0.0,1000,2,128,1,8.34,"[0.6636, 0.5411]","[None, None]",2013
3414,False,False,64,"(0.5, 0.2, 0.3)",64,4,0,20,1e-05,1e-05,100,0.01,2.0,0.2,0.01,0.01,0.001,0.3,0.05,,0.0,1000,1,64,0,4.04,[0.6747],[None],2014
3415,False,False,64,"(0.5, 0.2, 0.3)",64,4,0,20,1e-05,1e-05,100,0.01,2.0,0.2,0.01,0.01,0.001,0.3,0.05,,0.0,1000,2,128,0,8.57,"[0.5828, 0.5276]","[None, None]",2015
3416,False,False,64,"(0.5, 0.2, 0.3)",64,4,0,20,1e-05,1e-05,100,0.01,2.0,0.2,0.01,0.01,0.001,0.3,0.05,,0.0,1000,1,64,0,4.17,[0.5616],[None],2016
3417,False,False,64,"(0.5, 0.2, 0.3)",64,4,0,20,1e-05,1e-05,100,0.01,2.0,0.2,0.01,0.01,0.001,0.3,0.05,,0.0,1000,1,64,0,4.17,[0.7326],[None],2017
3418,False,False,64,"(0.5, 0.2, 0.3)",64,4,0,20,1e-05,1e-05,100,0.01,2.0,0.2,0.01,0.01,0.001,0.3,0.05,,0.0,1000,2,128,1,8.59,"[0.5903, 0.5543]","[None, None]",2018
3419,False,False,64,"(0.5, 0.2, 0.3)",64,4,0,20,1e-05,1e-05,100,0.01,2.0,0.2,0.01,0.01,0.001,0.3,0.05,,0.0,1000,1,64,0,4.16,[0.654],[None],2019
3420,False,False,64,"(0.5, 0.2, 0.3)",64,4,0,20,1e-05,1e-05,100,0.01,2.0,0.2,0.01,0.01,0.001,0.3,0.1,,0.0,1000,1,64,0,4.17,[0.6743],[None],2000
3421,False,False,64,"(0.5, 0.2, 0.3)",64,4,0,20,1e-05,1e-05,100,0.01,2.0,0.2,0.01,0.01,0.001,0.3,0.1,,0.0,1000,1,64,1,4.17,[0.6182],[None],2001
3422,False,False,64,"(0.5, 0.2, 0.3)",64,4,0,20,1e-05,1e-05,100,0.01,2.0,0.2,0.01,0.01,0.001,0.3,0.1,,0.0,1000,1,64,1,4.16,[0.6807],[None],2002
3423,False,False,64,"(0.5, 0.2, 0.3)",64,4,0,20,1e-05,1e-05,100,0.01,2.0,0.2,0.01,0.01,0.001,0.3,0.1,,0.0,1000,2,128,0,8.6,"[0.6291, 0.6012]","[None, None]",2003
3424,False,False,64,"(0.5, 0.2, 0.3)",64,4,0,20,1e-05,1e-05,100,0.01,2.0,0.2,0.01,0.01,0.001,0.3,0.1,,0.0,1000,2,128,1,8.6,"[0.7156, 0.5909]","[None, None]",2004
3425,False,False,64,"(0.5, 0.2, 0.3)",64,4,0,20,1e-05,1e-05,100,0.01,2.0,0.2,0.01,0.01,0.001,0.3,0.1,,0.0,1000,1,64,0,4.18,[0.6189],[None],2005
3426,False,False,64,"(0.5, 0.2, 0.3)",64,4,0,20,1e-05,1e-05,100,0.01,2.0,0.2,0.01,0.01,0.001,0.3,0.1,,0.0,1000,1,64,0,4.18,[0.6686],[None],2006
3427,False,False,64,"(0.5, 0.2, 0.3)",64,4,0,20,1e-05,1e-05,100,0.01,2.0,0.2,0.01,0.01,0.001,0.3,0.1,,0.0,1000,1,64,0,4.17,[0.673],[None],2007
3428,False,False,64,"(0.5, 0.2, 0.3)",64,4,0,20,1e-05,1e-05,100,0.01,2.0,0.2,0.01,0.01,0.001,0.3,0.1,,0.0,1000,1,64,1,4.18,[0.4766],[None],2008
3429,False,False,64,"(0.5, 0.2, 0.3)",64,4,0,20,1e-05,1e-05,100,0.01,2.0,0.2,0.01,0.01,0.001,0.3,0.1,,0.0,1000,1,64,0,4.16,[0.6559],[None],2009
3430,False,False,64,"(0.5, 0.2, 0.3)",64,4,0,20,1e-05,1e-05,100,0.01,2.0,0.2,0.01,0.01,0.001,0.3,0.1,,0.0,1000,1,64,0,4.17,[0.6476],[None],2010
3431,False,False,64,"(0.5, 0.2, 0.3)",64,4,0,20,1e-05,1e-05,100,0.01,2.0,0.2,0.01,0.01,0.001,0.3,0.1,,0.0,1000,1,64,1,4.17,[0.6544],[None],2011
3432,False,False,64,"(0.5, 0.2, 0.3)",64,4,0,20,1e-05,1e-05,100,0.01,2.0,0.2,0.01,0.01,0.001,0.3,0.1,,0.0,1000,2,128,1,8.59,"[0.5608, 0.6456]","[None, None]",2012
3433,False,False,64,"(0.5, 0.2, 0.3)",64,4,0,20,1e-05,1e-05,100,0.01,2.0,0.2,0.01,0.01,0.001,0.3,0.1,,0.0,1000,2,128,1,8.6,"[0.6631, 0.5559]","[None, None]",2013
3434,False,False,64,"(0.5, 0.2, 0.3)",64,4,0,20,1e-05,1e-05,100,0.01,2.0,0.2,0.01,0.01,0.001,0.3,0.1,,0.0,1000,1,64,0,4.23,[0.6707],[None],2014
3435,False,False,64,"(0.5, 0.2, 0.3)",64,4,0,20,1e-05,1e-05,100,0.01,2.0,0.2,0.01,0.01,0.001,0.3,0.1,,0.0,1000,2,128,0,8.6,"[0.6212, 0.5191]","[None, None]",2015
3436,False,False,64,"(0.5, 0.2, 0.3)",64,4,0,20,1e-05,1e-05,100,0.01,2.0,0.2,0.01,0.01,0.001,0.3,0.1,,0.0,1000,1,64,0,4.17,[0.5446],[None],2016
3437,False,False,64,"(0.5, 0.2, 0.3)",64,4,0,20,1e-05,1e-05,100,0.01,2.0,0.2,0.01,0.01,0.001,0.3,0.1,,0.0,1000,1,64,0,4.17,[0.7115],[None],2017
3438,False,False,64,"(0.5, 0.2, 0.3)",64,4,0,20,1e-05,1e-05,100,0.01,2.0,0.2,0.01,0.01,0.001,0.3,0.1,,0.0,1000,2,128,1,8.59,"[0.558, 0.5785]","[None, None]",2018
3439,False,False,64,"(0.5, 0.2, 0.3)",64,4,0,20,1e-05,1e-05,100,0.01,2.0,0.2,0.01,0.01,0.001,0.3,0.1,,0.0,1000,1,64,0,4.16,[0.6562],[None],2019
3440,False,False,64,"(0.5, 0.2, 0.3)",64,4,0,20,1e-05,1e-05,100,0.01,2.0,0.3,0.01,0.001,0.001,0.3,0.05,,0.0,1000,1,64,0,4.16,[0.6505],[None],2000
3441,False,False,64,"(0.5, 0.2, 0.3)",64,4,0,20,1e-05,1e-05,100,0.01,2.0,0.3,0.01,0.001,0.001,0.3,0.05,,0.0,1000,1,64,0,4.16,[0.6274],[None],2001
3442,False,False,64,"(0.5, 0.2, 0.3)",64,4,0,20,1e-05,1e-05,100,0.01,2.0,0.3,0.01,0.001,0.001,0.3,0.05,,0.0,1000,1,64,1,4.16,[0.6297],[None],2002
3443,False,False,64,"(0.5, 0.2, 0.3)",64,4,0,20,1e-05,1e-05,100,0.01,2.0,0.3,0.01,0.001,0.001,0.3,0.05,,0.0,1000,2,128,0,8.38,"[0.6354, 0.5646]","[None, None]",2003
3444,False,False,64,"(0.5, 0.2, 0.3)",64,4,0,20,1e-05,1e-05,100,0.01,2.0,0.3,0.01,0.001,0.001,0.3,0.05,,0.0,1000,2,128,1,8.36,"[0.7109, 0.5813]","[None, None]",2004
3445,False,False,64,"(0.5, 0.2, 0.3)",64,4,0,20,1e-05,1e-05,100,0.01,2.0,0.3,0.01,0.001,0.001,0.3,0.05,,0.0,1000,1,64,0,4.05,[0.5783],[None],2005
3446,False,False,64,"(0.5, 0.2, 0.3)",64,4,0,20,1e-05,1e-05,100,0.01,2.0,0.3,0.01,0.001,0.001,0.3,0.05,,0.0,1000,1,64,0,4.05,[0.6467],[None],2006
3447,False,False,64,"(0.5, 0.2, 0.3)",64,4,0,20,1e-05,1e-05,100,0.01,2.0,0.3,0.01,0.001,0.001,0.3,0.05,,0.0,1000,1,64,0,4.05,[0.6581],[None],2007
3448,False,False,64,"(0.5, 0.2, 0.3)",64,4,0,20,1e-05,1e-05,100,0.01,2.0,0.3,0.01,0.001,0.001,0.3,0.05,,0.0,1000,1,64,1,4.05,[0.5081],[None],2008
3449,False,False,64,"(0.5, 0.2, 0.3)",64,4,0,20,1e-05,1e-05,100,0.01,2.0,0.3,0.01,0.001,0.001,0.3,0.05,,0.0,1000,1,64,0,4.05,[0.6101],[None],2009
3450,False,False,64,"(0.5, 0.2, 0.3)",64,4,0,20,1e-05,1e-05,100,0.01,2.0,0.3,0.01,0.001,0.001,0.3,0.05,,0.0,1000,1,64,0,4.05,[0.5884],[None],2010
3451,False,False,64,"(0.5, 0.2, 0.3)",64,4,0,20,1e-05,1e-05,100,0.01,2.0,0.3,0.01,0.001,0.001,0.3,0.05,,0.0,1000,1,64,1,4.09,[0.6368],[None],2011
3452,False,False,64,"(0.5, 0.2, 0.3)",64,4,0,20,1e-05,1e-05,100,0.01,2.0,0.3,0.01,0.001,0.001,0.3,0.05,,0.0,1000,2,128,1,8.58,"[0.6035, 0.6474]","[None, None]",2012
3453,False,False,64,"(0.5, 0.2, 0.3)",64,4,0,20,1e-05,1e-05,100,0.01,2.0,0.3,0.01,0.001,0.001,0.3,0.05,,0.0,1000,2,128,1,8.55,"[0.6389, 0.5223]","[None, None]",2013
3454,False,False,64,"(0.5, 0.2, 0.3)",64,4,0,20,1e-05,1e-05,100,0.01,2.0,0.3,0.01,0.001,0.001,0.3,0.05,,0.0,1000,1,64,0,4.05,[0.655],[None],2014
3455,False,False,64,"(0.5, 0.2, 0.3)",64,4,0,20,1e-05,1e-05,100,0.01,2.0,0.3,0.01,0.001,0.001,0.3,0.05,,0.0,1000,2,128,0,8.35,"[0.535, 0.5119]","[None, None]",2015
3456,False,False,64,"(0.5, 0.2, 0.3)",64,4,0,20,1e-05,1e-05,100,0.01,2.0,0.3,0.01,0.001,0.001,0.3,0.05,,0.0,1000,1,64,0,4.11,[0.543],[None],2016
3457,False,False,64,"(0.5, 0.2, 0.3)",64,4,0,20,1e-05,1e-05,100,0.01,2.0,0.3,0.01,0.001,0.001,0.3,0.05,,0.0,1000,1,64,0,4.17,[0.7236],[None],2017
3458,False,False,64,"(0.5, 0.2, 0.3)",64,4,0,20,1e-05,1e-05,100,0.01,2.0,0.3,0.01,0.001,0.001,0.3,0.05,,0.0,1000,2,128,1,8.65,"[0.5764, 0.5354]","[None, None]",2018
3459,False,False,64,"(0.5, 0.2, 0.3)",64,4,0,20,1e-05,1e-05,100,0.01,2.0,0.3,0.01,0.001,0.001,0.3,0.05,,0.0,1000,1,64,0,4.17,[0.6422],[None],2019
3460,False,False,64,"(0.5, 0.2, 0.3)",64,4,0,20,1e-05,1e-05,100,0.01,2.0,0.3,0.01,0.001,0.001,0.3,0.1,,0.0,1000,1,64,0,4.17,[0.6408],[None],2000
3461,False,False,64,"(0.5, 0.2, 0.3)",64,4,0,20,1e-05,1e-05,100,0.01,2.0,0.3,0.01,0.001,0.001,0.3,0.1,,0.0,1000,1,64,0,4.17,[0.5971],[None],2001
3462,False,False,64,"(0.5, 0.2, 0.3)",64,4,0,20,1e-05,1e-05,100,0.01,2.0,0.3,0.01,0.001,0.001,0.3,0.1,,0.0,1000,1,64,1,4.17,[0.6607],[None],2002
3463,False,False,64,"(0.5, 0.2, 0.3)",64,4,0,20,1e-05,1e-05,100,0.01,2.0,0.3,0.01,0.001,0.001,0.3,0.1,,0.0,1000,2,128,0,8.59,"[0.605, 0.5991]","[None, None]",2003
3464,False,False,64,"(0.5, 0.2, 0.3)",64,4,0,20,1e-05,1e-05,100,0.01,2.0,0.3,0.01,0.001,0.001,0.3,0.1,,0.0,1000,2,128,0,8.61,"[0.6944, 0.6259]","[None, None]",2004
3465,False,False,64,"(0.5, 0.2, 0.3)",64,4,0,20,1e-05,1e-05,100,0.01,2.0,0.3,0.01,0.001,0.001,0.3,0.1,,0.0,1000,1,64,0,4.18,[0.5781],[None],2005
3466,False,False,64,"(0.5, 0.2, 0.3)",64,4,0,20,1e-05,1e-05,100,0.01,2.0,0.3,0.01,0.001,0.001,0.3,0.1,,0.0,1000,1,64,0,4.17,[0.638],[None],2006
3467,False,False,64,"(0.5, 0.2, 0.3)",64,4,0,20,1e-05,1e-05,100,0.01,2.0,0.3,0.01,0.001,0.001,0.3,0.1,,0.0,1000,1,64,0,4.17,[0.6513],[None],2007
3468,False,False,64,"(0.5, 0.2, 0.3)",64,4,0,20,1e-05,1e-05,100,0.01,2.0,0.3,0.01,0.001,0.001,0.3,0.1,,0.0,1000,1,64,1,4.16,[0.4147],[None],2008
3469,False,False,64,"(0.5, 0.2, 0.3)",64,4,0,20,1e-05,1e-05,100,0.01,2.0,0.3,0.01,0.001,0.001,0.3,0.1,,0.0,1000,1,64,0,4.17,[0.6202],[None],2009
3470,False,False,64,"(0.5, 0.2, 0.3)",64,4,0,20,1e-05,1e-05,100,0.01,2.0,0.3,0.01,0.001,0.001,0.3,0.1,,0.0,1000,1,64,0,4.17,[0.5765],[None],2010
3471,False,False,64,"(0.5, 0.2, 0.3)",64,4,0,20,1e-05,1e-05,100,0.01,2.0,0.3,0.01,0.001,0.001,0.3,0.1,,0.0,1000,1,64,1,4.16,[0.6301],[None],2011
3472,False,False,64,"(0.5, 0.2, 0.3)",64,4,0,20,1e-05,1e-05,100,0.01,2.0,0.3,0.01,0.001,0.001,0.3,0.1,,0.0,1000,2,128,1,8.6,"[0.5258, 0.6379]","[None, None]",2012
3473,False,False,64,"(0.5, 0.2, 0.3)",64,4,0,20,1e-05,1e-05,100,0.01,2.0,0.3,0.01,0.001,0.001,0.3,0.1,,0.0,1000,2,128,1,8.59,"[0.6329, 0.55]","[None, None]",2013
3474,False,False,64,"(0.5, 0.2, 0.3)",64,4,0,20,1e-05,1e-05,100,0.01,2.0,0.3,0.01,0.001,0.001,0.3,0.1,,0.0,1000,1,64,0,4.17,[0.6456],[None],2014
3475,False,False,64,"(0.5, 0.2, 0.3)",64,4,0,20,1e-05,1e-05,100,0.01,2.0,0.3,0.01,0.001,0.001,0.3,0.1,,0.0,1000,2,128,0,8.59,"[0.5788, 0.5017]","[None, None]",2015
3476,False,False,64,"(0.5, 0.2, 0.3)",64,4,0,20,1e-05,1e-05,100,0.01,2.0,0.3,0.01,0.001,0.001,0.3,0.1,,0.0,1000,1,64,0,4.09,[0.5095],[None],2016
3477,False,False,64,"(0.5, 0.2, 0.3)",64,4,0,20,1e-05,1e-05,100,0.01,2.0,0.3,0.01,0.001,0.001,0.3,0.1,,0.0,1000,1,64,0,4.07,[0.6893],[None],2017
3478,False,False,64,"(0.5, 0.2, 0.3)",64,4,0,20,1e-05,1e-05,100,0.01,2.0,0.3,0.01,0.001,0.001,0.3,0.1,,0.0,1000,2,128,1,8.41,"[0.5136, 0.5407]","[None, None]",2018
3479,False,False,64,"(0.5, 0.2, 0.3)",64,4,0,20,1e-05,1e-05,100,0.01,2.0,0.3,0.01,0.001,0.001,0.3,0.1,,0.0,1000,1,64,0,4.16,[0.636],[None],2019
3480,False,False,64,"(0.5, 0.2, 0.3)",64,4,0,20,1e-05,1e-05,100,0.01,2.0,0.3,0.01,0.01,0.001,0.3,0.05,,0.0,1000,1,64,0,4.16,[0.6386],[None],2000
3481,False,False,64,"(0.5, 0.2, 0.3)",64,4,0,20,1e-05,1e-05,100,0.01,2.0,0.3,0.01,0.01,0.001,0.3,0.05,,0.0,1000,1,64,0,4.17,[0.6208],[None],2001
3482,False,False,64,"(0.5, 0.2, 0.3)",64,4,0,20,1e-05,1e-05,100,0.01,2.0,0.3,0.01,0.01,0.001,0.3,0.05,,0.0,1000,1,64,1,4.17,[0.6206],[None],2002
3483,False,False,64,"(0.5, 0.2, 0.3)",64,4,0,20,1e-05,1e-05,100,0.01,2.0,0.3,0.01,0.01,0.001,0.3,0.05,,0.0,1000,2,128,0,8.6,"[0.6255, 0.5628]","[None, None]",2003
3484,False,False,64,"(0.5, 0.2, 0.3)",64,4,0,20,1e-05,1e-05,100,0.01,2.0,0.3,0.01,0.01,0.001,0.3,0.05,,0.0,1000,1,64,0,4.24,[0.7026],[None],2004
3485,False,False,64,"(0.5, 0.2, 0.3)",64,4,0,20,1e-05,1e-05,100,0.01,2.0,0.3,0.01,0.01,0.001,0.3,0.05,,0.0,1000,1,64,0,4.17,[0.5638],[None],2005
3486,False,False,64,"(0.5, 0.2, 0.3)",64,4,0,20,1e-05,1e-05,100,0.01,2.0,0.3,0.01,0.01,0.001,0.3,0.05,,0.0,1000,1,64,0,4.18,[0.6346],[None],2006
3487,False,False,64,"(0.5, 0.2, 0.3)",64,4,0,20,1e-05,1e-05,100,0.01,2.0,0.3,0.01,0.01,0.001,0.3,0.05,,0.0,1000,1,64,0,4.17,[0.651],[None],2007
3488,False,False,64,"(0.5, 0.2, 0.3)",64,4,0,20,1e-05,1e-05,100,0.01,2.0,0.3,0.01,0.01,0.001,0.3,0.05,,0.0,1000,1,64,1,4.17,[0.4952],[None],2008
3489,False,False,64,"(0.5, 0.2, 0.3)",64,4,0,20,1e-05,1e-05,100,0.01,2.0,0.3,0.01,0.01,0.001,0.3,0.05,,0.0,1000,1,64,0,4.2,[0.5975],[None],2009
3490,False,False,64,"(0.5, 0.2, 0.3)",64,4,0,20,1e-05,1e-05,100,0.01,2.0,0.3,0.01,0.01,0.001,0.3,0.05,,0.0,1000,1,64,0,4.17,[0.5715],[None],2010
3491,False,False,64,"(0.5, 0.2, 0.3)",64,4,0,20,1e-05,1e-05,100,0.01,2.0,0.3,0.01,0.01,0.001,0.3,0.05,,0.0,1000,1,64,1,4.19,[0.626],[None],2011
3492,False,False,64,"(0.5, 0.2, 0.3)",64,4,0,20,1e-05,1e-05,100,0.01,2.0,0.3,0.01,0.01,0.001,0.3,0.05,,0.0,1000,2,128,1,8.6,"[0.5969, 0.6075]","[None, None]",2012
3493,False,False,64,"(0.5, 0.2, 0.3)",64,4,0,20,1e-05,1e-05,100,0.01,2.0,0.3,0.01,0.01,0.001,0.3,0.05,,0.0,1000,2,128,1,8.6,"[0.6277, 0.5093]","[None, None]",2013
3494,False,False,64,"(0.5, 0.2, 0.3)",64,4,0,20,1e-05,1e-05,100,0.01,2.0,0.3,0.01,0.01,0.001,0.3,0.05,,0.0,1000,1,64,0,4.17,[0.6465],[None],2014
3495,False,False,64,"(0.5, 0.2, 0.3)",64,4,0,20,1e-05,1e-05,100,0.01,2.0,0.3,0.01,0.01,0.001,0.3,0.05,,0.0,1000,2,128,0,8.61,"[0.5264, 0.4943]","[None, None]",2015
3496,False,False,64,"(0.5, 0.2, 0.3)",64,4,0,20,1e-05,1e-05,100,0.01,2.0,0.3,0.01,0.01,0.001,0.3,0.05,,0.0,1000,1,64,0,4.17,[0.5267],[None],2016
3497,False,False,64,"(0.5, 0.2, 0.3)",64,4,0,20,1e-05,1e-05,100,0.01,2.0,0.3,0.01,0.01,0.001,0.3,0.05,,0.0,1000,1,64,0,4.17,[0.7154],[None],2017
3498,False,False,64,"(0.5, 0.2, 0.3)",64,4,0,20,1e-05,1e-05,100,0.01,2.0,0.3,0.01,0.01,0.001,0.3,0.05,,0.0,1000,2,128,1,8.55,"[0.5646, 0.5037]","[None, None]",2018
3499,False,False,64,"(0.5, 0.2, 0.3)",64,4,0,20,1e-05,1e-05,100,0.01,2.0,0.3,0.01,0.01,0.001,0.3,0.05,,0.0,1000,1,64,0,4.05,[0.6327],[None],2019
3500,False,False,64,"(0.5, 0.2, 0.3)",64,4,0,20,1e-05,1e-05,100,0.01,2.0,0.3,0.01,0.01,0.001,0.3,0.1,,0.0,1000,1,64,0,4.06,[0.6274],[None],2000
3501,False,False,64,"(0.5, 0.2, 0.3)",64,4,0,20,1e-05,1e-05,100,0.01,2.0,0.3,0.01,0.01,0.001,0.3,0.1,,0.0,1000,1,64,1,4.05,[0.5865],[None],2001
3502,False,False,64,"(0.5, 0.2, 0.3)",64,4,0,20,1e-05,1e-05,100,0.01,2.0,0.3,0.01,0.01,0.001,0.3,0.1,,0.0,1000,1,64,1,4.13,[0.6496],[None],2002
3503,False,False,64,"(0.5, 0.2, 0.3)",64,4,0,20,1e-05,1e-05,100,0.01,2.0,0.3,0.01,0.01,0.001,0.3,0.1,,0.0,1000,2,128,1,8.6,"[0.5905, 0.5864]","[None, None]",2003
3504,False,False,64,"(0.5, 0.2, 0.3)",64,4,0,20,1e-05,1e-05,100,0.01,2.0,0.3,0.01,0.01,0.001,0.3,0.1,,0.0,1000,2,128,0,8.38,"[0.6832, 0.5595]","[None, None]",2004
3505,False,False,64,"(0.5, 0.2, 0.3)",64,4,0,20,1e-05,1e-05,100,0.01,2.0,0.3,0.01,0.01,0.001,0.3,0.1,,0.0,1000,1,64,0,4.05,[0.5601],[None],2005
3506,False,False,64,"(0.5, 0.2, 0.3)",64,4,0,20,1e-05,1e-05,100,0.01,2.0,0.3,0.01,0.01,0.001,0.3,0.1,,0.0,1000,1,64,0,4.05,[0.6211],[None],2006
3507,False,False,64,"(0.5, 0.2, 0.3)",64,4,0,20,1e-05,1e-05,100,0.01,2.0,0.3,0.01,0.01,0.001,0.3,0.1,,0.0,1000,1,64,0,4.05,[0.6396],[None],2007
3508,False,False,64,"(0.5, 0.2, 0.3)",64,4,0,20,1e-05,1e-05,100,0.01,2.0,0.3,0.01,0.01,0.001,0.3,0.1,,0.0,1000,1,64,1,4.05,[0.3899],[None],2008
3509,False,False,64,"(0.5, 0.2, 0.3)",64,4,0,20,1e-05,1e-05,100,0.01,2.0,0.3,0.01,0.01,0.001,0.3,0.1,,0.0,1000,1,64,0,4.05,[0.6056],[None],2009
3510,False,False,64,"(0.5, 0.2, 0.3)",64,4,0,20,1e-05,1e-05,100,0.01,2.0,0.3,0.01,0.01,0.001,0.3,0.1,,0.0,1000,1,64,0,4.05,[0.5594],[None],2010
3511,False,False,64,"(0.5, 0.2, 0.3)",64,4,0,20,1e-05,1e-05,100,0.01,2.0,0.3,0.01,0.01,0.001,0.3,0.1,,0.0,1000,1,64,1,4.21,[0.6157],[None],2011
3512,False,False,64,"(0.5, 0.2, 0.3)",64,4,0,20,1e-05,1e-05,100,0.01,2.0,0.3,0.01,0.01,0.001,0.3,0.1,,0.0,1000,2,128,1,8.54,"[0.516, 0.5594]","[None, None]",2012
3513,False,False,64,"(0.5, 0.2, 0.3)",64,4,0,20,1e-05,1e-05,100,0.01,2.0,0.3,0.01,0.01,0.001,0.3,0.1,,0.0,1000,2,128,1,8.37,"[0.6184, 0.5184]","[None, None]",2013
3514,False,False,64,"(0.5, 0.2, 0.3)",64,4,0,20,1e-05,1e-05,100,0.01,2.0,0.3,0.01,0.01,0.001,0.3,0.1,,0.0,1000,1,64,0,4.12,[0.6336],[None],2014
3515,False,False,64,"(0.5, 0.2, 0.3)",64,4,0,20,1e-05,1e-05,100,0.01,2.0,0.3,0.01,0.01,0.001,0.3,0.1,,0.0,1000,2,128,0,8.36,"[0.5658, 0.4821]","[None, None]",2015
3516,False,False,64,"(0.5, 0.2, 0.3)",64,4,0,20,1e-05,1e-05,100,0.01,2.0,0.3,0.01,0.01,0.001,0.3,0.1,,0.0,1000,1,64,0,4.05,[0.4842],[None],2016
3517,False,False,64,"(0.5, 0.2, 0.3)",64,4,0,20,1e-05,1e-05,100,0.01,2.0,0.3,0.01,0.01,0.001,0.3,0.1,,0.0,1000,1,64,0,4.1,[0.6767],[None],2017
3518,False,False,64,"(0.5, 0.2, 0.3)",64,4,0,20,1e-05,1e-05,100,0.01,2.0,0.3,0.01,0.01,0.001,0.3,0.1,,0.0,1000,2,128,1,8.36,"[0.4928, 0.5152]","[None, None]",2018
3519,False,False,64,"(0.5, 0.2, 0.3)",64,4,0,20,1e-05,1e-05,100,0.01,2.0,0.3,0.01,0.01,0.001,0.3,0.1,,0.0,1000,1,64,0,4.17,[0.6227],[None],2019
3520,False,False,64,"(0.5, 0.2, 0.3)",64,4,0,20,1e-05,1e-05,100,0.01,3.0,0.01,0.01,0.001,0.001,0.3,0.05,,0.0,1000,1,64,0,4.2,[0.6804],[None],2000
3521,False,False,64,"(0.5, 0.2, 0.3)",64,4,0,20,1e-05,1e-05,100,0.01,3.0,0.01,0.01,0.001,0.001,0.3,0.05,,0.0,1000,1,64,0,4.18,[0.665],[None],2001
3522,False,False,64,"(0.5, 0.2, 0.3)",64,4,0,20,1e-05,1e-05,100,0.01,3.0,0.01,0.01,0.001,0.001,0.3,0.05,,0.0,1000,1,64,1,4.17,[0.6186],[None],2002
3523,False,False,64,"(0.5, 0.2, 0.3)",64,4,0,20,1e-05,1e-05,100,0.01,3.0,0.01,0.01,0.001,0.001,0.3,0.05,,0.0,1000,2,128,0,8.6,"[0.6322, 0.5645]","[None, None]",2003
3524,False,False,64,"(0.5, 0.2, 0.3)",64,4,0,20,1e-05,1e-05,100,0.01,3.0,0.01,0.01,0.001,0.001,0.3,0.05,,0.0,1000,1,64,0,4.17,[0.7185],[None],2004
3525,False,False,64,"(0.5, 0.2, 0.3)",64,4,0,20,1e-05,1e-05,100,0.01,3.0,0.01,0.01,0.001,0.001,0.3,0.05,,0.0,1000,1,64,0,4.18,[0.5901],[None],2005
3526,False,False,64,"(0.5, 0.2, 0.3)",64,4,0,20,1e-05,1e-05,100,0.01,3.0,0.01,0.01,0.001,0.001,0.3,0.05,,0.0,1000,1,64,0,4.17,[0.6586],[None],2006
3527,False,False,64,"(0.5, 0.2, 0.3)",64,4,0,20,1e-05,1e-05,100,0.01,3.0,0.01,0.01,0.001,0.001,0.3,0.05,,0.0,1000,1,64,0,4.18,[0.6715],[None],2007
3528,False,False,64,"(0.5, 0.2, 0.3)",64,4,0,20,1e-05,1e-05,100,0.01,3.0,0.01,0.01,0.001,0.001,0.3,0.05,,0.0,1000,1,64,1,4.18,[0.543],[None],2008
3529,False,False,64,"(0.5, 0.2, 0.3)",64,4,0,20,1e-05,1e-05,100,0.01,3.0,0.01,0.01,0.001,0.001,0.3,0.05,,0.0,1000,1,64,0,4.18,[0.622],[None],2009
3530,False,False,64,"(0.5, 0.2, 0.3)",64,4,0,20,1e-05,1e-05,100,0.01,3.0,0.01,0.01,0.001,0.001,0.3,0.05,,0.0,1000,1,64,0,4.17,[0.6295],[None],2010
3531,False,False,64,"(0.5, 0.2, 0.3)",64,4,0,20,1e-05,1e-05,100,0.01,3.0,0.01,0.01,0.001,0.001,0.3,0.05,,0.0,1000,1,64,1,4.17,[0.6478],[None],2011
3532,False,False,64,"(0.5, 0.2, 0.3)",64,4,0,20,1e-05,1e-05,100,0.01,3.0,0.01,0.01,0.001,0.001,0.3,0.05,,0.0,1000,2,128,1,8.62,"[0.6638, 0.5864]","[None, None]",2012
3533,False,False,64,"(0.5, 0.2, 0.3)",64,4,0,20,1e-05,1e-05,100,0.01,3.0,0.01,0.01,0.001,0.001,0.3,0.05,,0.0,1000,2,128,1,8.6,"[0.6314, 0.4541]","[None, None]",2013
3534,False,False,64,"(0.5, 0.2, 0.3)",64,4,0,20,1e-05,1e-05,100,0.01,3.0,0.01,0.01,0.001,0.001,0.3,0.05,,0.0,1000,1,64,0,4.17,[0.6933],[None],2014
3535,False,False,64,"(0.5, 0.2, 0.3)",64,4,0,20,1e-05,1e-05,100,0.01,3.0,0.01,0.01,0.001,0.001,0.3,0.05,,0.0,1000,2,128,0,8.6,"[0.5483, 0.4228]","[None, None]",2015
3536,False,False,64,"(0.5, 0.2, 0.3)",64,4,0,20,1e-05,1e-05,100,0.01,3.0,0.01,0.01,0.001,0.001,0.3,0.05,,0.0,1000,1,64,0,4.24,[0.5868],[None],2016
3537,False,False,64,"(0.5, 0.2, 0.3)",64,4,0,20,1e-05,1e-05,100,0.01,3.0,0.01,0.01,0.001,0.001,0.3,0.05,,0.0,1000,2,128,1,8.59,"[0.7419, 0.6699]","[None, None]",2017
3538,False,False,64,"(0.5, 0.2, 0.3)",64,4,0,20,1e-05,1e-05,100,0.01,3.0,0.01,0.01,0.001,0.001,0.3,0.05,,0.0,1000,2,128,1,8.59,"[0.6272, 0.5494]","[None, None]",2018
3539,False,False,64,"(0.5, 0.2, 0.3)",64,4,0,20,1e-05,1e-05,100,0.01,3.0,0.01,0.01,0.001,0.001,0.3,0.05,,0.0,1000,1,64,0,4.18,[0.6082],[None],2019
3540,False,False,64,"(0.5, 0.2, 0.3)",64,4,0,20,1e-05,1e-05,100,0.01,3.0,0.01,0.01,0.001,0.001,0.3,0.1,,0.0,1000,1,64,0,4.17,[0.6804],[None],2000
3541,False,False,64,"(0.5, 0.2, 0.3)",64,4,0,20,1e-05,1e-05,100,0.01,3.0,0.01,0.01,0.001,0.001,0.3,0.1,,0.0,1000,1,64,0,4.17,[0.6652],[None],2001
3542,False,False,64,"(0.5, 0.2, 0.3)",64,4,0,20,1e-05,1e-05,100,0.01,3.0,0.01,0.01,0.001,0.001,0.3,0.1,,0.0,1000,1,64,1,4.19,[0.6173],[None],2002
3543,False,False,64,"(0.5, 0.2, 0.3)",64,4,0,20,1e-05,1e-05,100,0.01,3.0,0.01,0.01,0.001,0.001,0.3,0.1,,0.0,1000,2,128,0,8.59,"[0.6346, 0.575]","[None, None]",2003
3544,False,False,64,"(0.5, 0.2, 0.3)",64,4,0,20,1e-05,1e-05,100,0.01,3.0,0.01,0.01,0.001,0.001,0.3,0.1,,0.0,1000,1,64,0,4.17,[0.7175],[None],2004
3545,False,False,64,"(0.5, 0.2, 0.3)",64,4,0,20,1e-05,1e-05,100,0.01,3.0,0.01,0.01,0.001,0.001,0.3,0.1,,0.0,1000,1,64,0,4.17,[0.5884],[None],2005
3546,False,False,64,"(0.5, 0.2, 0.3)",64,4,0,20,1e-05,1e-05,100,0.01,3.0,0.01,0.01,0.001,0.001,0.3,0.1,,0.0,1000,1,64,0,4.17,[0.6582],[None],2006
3547,False,False,64,"(0.5, 0.2, 0.3)",64,4,0,20,1e-05,1e-05,100,0.01,3.0,0.01,0.01,0.001,0.001,0.3,0.1,,0.0,1000,1,64,0,4.17,[0.6717],[None],2007
3548,False,False,64,"(0.5, 0.2, 0.3)",64,4,0,20,1e-05,1e-05,100,0.01,3.0,0.01,0.01,0.001,0.001,0.3,0.1,,0.0,1000,1,64,1,4.18,[0.5425],[None],2008
3549,False,False,64,"(0.5, 0.2, 0.3)",64,4,0,20,1e-05,1e-05,100,0.01,3.0,0.01,0.01,0.001,0.001,0.3,0.1,,0.0,1000,1,64,0,4.16,[0.6177],[None],2009
3550,False,False,64,"(0.5, 0.2, 0.3)",64,4,0,20,1e-05,1e-05,100,0.01,3.0,0.01,0.01,0.001,0.001,0.3,0.1,,0.0,1000,1,64,0,4.17,[0.6312],[None],2010
3551,False,False,64,"(0.5, 0.2, 0.3)",64,4,0,20,1e-05,1e-05,100,0.01,3.0,0.01,0.01,0.001,0.001,0.3,0.1,,0.0,1000,1,64,1,4.17,[0.6457],[None],2011
3552,False,False,64,"(0.5, 0.2, 0.3)",64,4,0,20,1e-05,1e-05,100,0.01,3.0,0.01,0.01,0.001,0.001,0.3,0.1,,0.0,1000,2,128,0,8.6,"[0.6648, 0.5868]","[None, None]",2012
3553,False,False,64,"(0.5, 0.2, 0.3)",64,4,0,20,1e-05,1e-05,100,0.01,3.0,0.01,0.01,0.001,0.001,0.3,0.1,,0.0,1000,2,128,1,8.61,"[0.63, 0.4576]","[None, None]",2013
3554,False,False,64,"(0.5, 0.2, 0.3)",64,4,0,20,1e-05,1e-05,100,0.01,3.0,0.01,0.01,0.001,0.001,0.3,0.1,,0.0,1000,1,64,0,4.17,[0.6934],[None],2014
3555,False,False,64,"(0.5, 0.2, 0.3)",64,4,0,20,1e-05,1e-05,100,0.01,3.0,0.01,0.01,0.001,0.001,0.3,0.1,,0.0,1000,2,128,0,8.6,"[0.5452, 0.4043]","[None, None]",2015
3556,False,False,64,"(0.5, 0.2, 0.3)",64,4,0,20,1e-05,1e-05,100,0.01,3.0,0.01,0.01,0.001,0.001,0.3,0.1,,0.0,1000,1,64,0,4.17,[0.5893],[None],2016
3557,False,False,64,"(0.5, 0.2, 0.3)",64,4,0,20,1e-05,1e-05,100,0.01,3.0,0.01,0.01,0.001,0.001,0.3,0.1,,0.0,1000,2,128,1,8.61,"[0.742, 0.6779]","[None, None]",2017
3558,False,False,64,"(0.5, 0.2, 0.3)",64,4,0,20,1e-05,1e-05,100,0.01,3.0,0.01,0.01,0.001,0.001,0.3,0.1,,0.0,1000,2,128,1,8.59,"[0.6287, 0.5469]","[None, None]",2018
3559,False,False,64,"(0.5, 0.2, 0.3)",64,4,0,20,1e-05,1e-05,100,0.01,3.0,0.01,0.01,0.001,0.001,0.3,0.1,,0.0,1000,1,64,0,4.16,[0.6073],[None],2019
3560,False,False,64,"(0.5, 0.2, 0.3)",64,4,0,20,1e-05,1e-05,100,0.01,3.0,0.01,0.01,0.01,0.001,0.3,0.05,,0.0,1000,1,64,0,4.17,[0.6757],[None],2000
3561,False,False,64,"(0.5, 0.2, 0.3)",64,4,0,20,1e-05,1e-05,100,0.01,3.0,0.01,0.01,0.01,0.001,0.3,0.05,,0.0,1000,1,64,0,4.24,[0.6638],[None],2001
3562,False,False,64,"(0.5, 0.2, 0.3)",64,4,0,20,1e-05,1e-05,100,0.01,3.0,0.01,0.01,0.01,0.001,0.3,0.05,,0.0,1000,1,64,1,4.16,[0.6115],[None],2002
3563,False,False,64,"(0.5, 0.2, 0.3)",64,4,0,20,1e-05,1e-05,100,0.01,3.0,0.01,0.01,0.01,0.001,0.3,0.05,,0.0,1000,2,128,1,8.58,"[0.6264, 0.57]","[None, None]",2003
3564,False,False,64,"(0.5, 0.2, 0.3)",64,4,0,20,1e-05,1e-05,100,0.01,3.0,0.01,0.01,0.01,0.001,0.3,0.05,,0.0,1000,1,64,0,4.17,[0.7125],[None],2004
3565,False,False,64,"(0.5, 0.2, 0.3)",64,4,0,20,1e-05,1e-05,100,0.01,3.0,0.01,0.01,0.01,0.001,0.3,0.05,,0.0,1000,1,64,0,4.17,[0.5844],[None],2005
3566,False,False,64,"(0.5, 0.2, 0.3)",64,4,0,20,1e-05,1e-05,100,0.01,3.0,0.01,0.01,0.01,0.001,0.3,0.05,,0.0,1000,1,64,0,4.17,[0.6493],[None],2006
3567,False,False,64,"(0.5, 0.2, 0.3)",64,4,0,20,1e-05,1e-05,100,0.01,3.0,0.01,0.01,0.01,0.001,0.3,0.05,,0.0,1000,1,64,0,4.06,[0.6649],[None],2007
3568,False,False,64,"(0.5, 0.2, 0.3)",64,4,0,20,1e-05,1e-05,100,0.01,3.0,0.01,0.01,0.01,0.001,0.3,0.05,,0.0,1000,1,64,1,4.04,[0.5346],[None],2008
3569,False,False,64,"(0.5, 0.2, 0.3)",64,4,0,20,1e-05,1e-05,100,0.01,3.0,0.01,0.01,0.01,0.001,0.3,0.05,,0.0,1000,1,64,0,4.04,[0.6124],[None],2009
3570,False,False,64,"(0.5, 0.2, 0.3)",64,4,0,20,1e-05,1e-05,100,0.01,3.0,0.01,0.01,0.01,0.001,0.3,0.05,,0.0,1000,1,64,0,4.16,[0.6233],[None],2010
3571,False,False,64,"(0.5, 0.2, 0.3)",64,4,0,20,1e-05,1e-05,100,0.01,3.0,0.01,0.01,0.01,0.001,0.3,0.05,,0.0,1000,1,64,1,4.17,[0.6432],[None],2011
3572,False,False,64,"(0.5, 0.2, 0.3)",64,4,0,20,1e-05,1e-05,100,0.01,3.0,0.01,0.01,0.01,0.001,0.3,0.05,,0.0,1000,2,128,1,8.6,"[0.6559, 0.6037]","[None, None]",2012
3573,False,False,64,"(0.5, 0.2, 0.3)",64,4,0,20,1e-05,1e-05,100,0.01,3.0,0.01,0.01,0.01,0.001,0.3,0.05,,0.0,1000,2,128,1,8.58,"[0.6253, 0.4796]","[None, None]",2013
3574,False,False,64,"(0.5, 0.2, 0.3)",64,4,0,20,1e-05,1e-05,100,0.01,3.0,0.01,0.01,0.01,0.001,0.3,0.05,,0.0,1000,1,64,0,4.17,[0.6863],[None],2014
3575,False,False,64,"(0.5, 0.2, 0.3)",64,4,0,20,1e-05,1e-05,100,0.01,3.0,0.01,0.01,0.01,0.001,0.3,0.05,,0.0,1000,2,128,0,8.59,"[0.5437, 0.4264]","[None, None]",2015
3576,False,False,64,"(0.5, 0.2, 0.3)",64,4,0,20,1e-05,1e-05,100,0.01,3.0,0.01,0.01,0.01,0.001,0.3,0.05,,0.0,1000,1,64,0,4.06,[0.5752],[None],2016
3577,False,False,64,"(0.5, 0.2, 0.3)",64,4,0,20,1e-05,1e-05,100,0.01,3.0,0.01,0.01,0.01,0.001,0.3,0.05,,0.0,1000,2,128,1,8.56,"[0.7373, 0.6635]","[None, None]",2017
3578,False,False,64,"(0.5, 0.2, 0.3)",64,4,0,20,1e-05,1e-05,100,0.01,3.0,0.01,0.01,0.01,0.001,0.3,0.05,,0.0,1000,2,128,1,8.6,"[0.6174, 0.5241]","[None, None]",2018
3579,False,False,64,"(0.5, 0.2, 0.3)",64,4,0,20,1e-05,1e-05,100,0.01,3.0,0.01,0.01,0.01,0.001,0.3,0.05,,0.0,1000,1,64,0,4.17,[0.6095],[None],2019
3580,False,False,64,"(0.5, 0.2, 0.3)",64,4,0,20,1e-05,1e-05,100,0.01,3.0,0.01,0.01,0.01,0.001,0.3,0.1,,0.0,1000,1,64,0,4.17,[0.676],[None],2000
3581,False,False,64,"(0.5, 0.2, 0.3)",64,4,0,20,1e-05,1e-05,100,0.01,3.0,0.01,0.01,0.01,0.001,0.3,0.1,,0.0,1000,1,64,0,4.16,[0.6641],[None],2001
3582,False,False,64,"(0.5, 0.2, 0.3)",64,4,0,20,1e-05,1e-05,100,0.01,3.0,0.01,0.01,0.01,0.001,0.3,0.1,,0.0,1000,1,64,1,4.18,[0.6165],[None],2002
3583,False,False,64,"(0.5, 0.2, 0.3)",64,4,0,20,1e-05,1e-05,100,0.01,3.0,0.01,0.01,0.01,0.001,0.3,0.1,,0.0,1000,2,128,1,8.59,"[0.6277, 0.5686]","[None, None]",2003
3584,False,False,64,"(0.5, 0.2, 0.3)",64,4,0,20,1e-05,1e-05,100,0.01,3.0,0.01,0.01,0.01,0.001,0.3,0.1,,0.0,1000,1,64,0,4.16,[0.7125],[None],2004
3585,False,False,64,"(0.5, 0.2, 0.3)",64,4,0,20,1e-05,1e-05,100,0.01,3.0,0.01,0.01,0.01,0.001,0.3,0.1,,0.0,1000,1,64,0,4.18,[0.5842],[None],2005
3586,False,False,64,"(0.5, 0.2, 0.3)",64,4,0,20,1e-05,1e-05,100,0.01,3.0,0.01,0.01,0.01,0.001,0.3,0.1,,0.0,1000,1,64,0,4.24,[0.6497],[None],2006
3587,False,False,64,"(0.5, 0.2, 0.3)",64,4,0,20,1e-05,1e-05,100,0.01,3.0,0.01,0.01,0.01,0.001,0.3,0.1,,0.0,1000,1,64,0,4.18,[0.6663],[None],2007
3588,False,False,64,"(0.5, 0.2, 0.3)",64,4,0,20,1e-05,1e-05,100,0.01,3.0,0.01,0.01,0.01,0.001,0.3,0.1,,0.0,1000,1,64,1,4.19,[0.5339],[None],2008
3589,False,False,64,"(0.5, 0.2, 0.3)",64,4,0,20,1e-05,1e-05,100,0.01,3.0,0.01,0.01,0.01,0.001,0.3,0.1,,0.0,1000,1,64,0,4.17,[0.6123],[None],2009
3590,False,False,64,"(0.5, 0.2, 0.3)",64,4,0,20,1e-05,1e-05,100,0.01,3.0,0.01,0.01,0.01,0.001,0.3,0.1,,0.0,1000,1,64,0,4.18,[0.6256],[None],2010
3591,False,False,64,"(0.5, 0.2, 0.3)",64,4,0,20,1e-05,1e-05,100,0.01,3.0,0.01,0.01,0.01,0.001,0.3,0.1,,0.0,1000,1,64,1,4.05,[0.643],[None],2011
3592,False,False,64,"(0.5, 0.2, 0.3)",64,4,0,20,1e-05,1e-05,100,0.01,3.0,0.01,0.01,0.01,0.001,0.3,0.1,,0.0,1000,2,128,0,8.36,"[0.6564, 0.5753]","[None, None]",2012
3593,False,False,64,"(0.5, 0.2, 0.3)",64,4,0,20,1e-05,1e-05,100,0.01,3.0,0.01,0.01,0.01,0.001,0.3,0.1,,0.0,1000,2,128,1,8.53,"[0.6252, 0.4771]","[None, None]",2013
3594,False,False,64,"(0.5, 0.2, 0.3)",64,4,0,20,1e-05,1e-05,100,0.01,3.0,0.01,0.01,0.01,0.001,0.3,0.1,,0.0,1000,2,128,1,8.35,"[0.6875, 0.4741]","[None, None]",2014
3595,False,False,64,"(0.5, 0.2, 0.3)",64,4,0,20,1e-05,1e-05,100,0.01,3.0,0.01,0.01,0.01,0.001,0.3,0.1,,0.0,1000,2,128,0,8.36,"[0.5414, 0.4272]","[None, None]",2015
3596,False,False,64,"(0.5, 0.2, 0.3)",64,4,0,20,1e-05,1e-05,100,0.01,3.0,0.01,0.01,0.01,0.001,0.3,0.1,,0.0,1000,1,64,0,4.09,[0.5763],[None],2016
3597,False,False,64,"(0.5, 0.2, 0.3)",64,4,0,20,1e-05,1e-05,100,0.01,3.0,0.01,0.01,0.01,0.001,0.3,0.1,,0.0,1000,1,64,0,4.17,[0.7373],[None],2017
3598,False,False,64,"(0.5, 0.2, 0.3)",64,4,0,20,1e-05,1e-05,100,0.01,3.0,0.01,0.01,0.01,0.001,0.3,0.1,,0.0,1000,2,128,1,8.45,"[0.6185, 0.5446]","[None, None]",2018
3599,False,False,64,"(0.5, 0.2, 0.3)",64,4,0,20,1e-05,1e-05,100,0.01,3.0,0.01,0.01,0.01,0.001,0.3,0.1,,0.0,1000,1,64,0,4.13,[0.608],[None],2019
3600,False,False,64,"(0.5, 0.2, 0.3)",64,4,0,20,1e-05,1e-05,100,0.01,3.0,0.1,0.01,0.001,0.001,0.3,0.05,,0.0,1000,1,64,0,4.17,[0.6658],[None],2000
3601,False,False,64,"(0.5, 0.2, 0.3)",64,4,0,20,1e-05,1e-05,100,0.01,3.0,0.1,0.01,0.001,0.001,0.3,0.05,,0.0,1000,1,64,0,4.17,[0.6419],[None],2001
3602,False,False,64,"(0.5, 0.2, 0.3)",64,4,0,20,1e-05,1e-05,100,0.01,3.0,0.1,0.01,0.001,0.001,0.3,0.05,,0.0,1000,1,64,1,4.18,[0.6203],[None],2002
3603,False,False,64,"(0.5, 0.2, 0.3)",64,4,0,20,1e-05,1e-05,100,0.01,3.0,0.1,0.01,0.001,0.001,0.3,0.05,,0.0,1000,2,128,0,8.45,"[0.6194, 0.5583]","[None, None]",2003
3604,False,False,64,"(0.5, 0.2, 0.3)",64,4,0,20,1e-05,1e-05,100,0.01,3.0,0.1,0.01,0.001,0.001,0.3,0.05,,0.0,1000,1,64,0,4.18,[0.7128],[None],2004
3605,False,False,64,"(0.5, 0.2, 0.3)",64,4,0,20,1e-05,1e-05,100,0.01,3.0,0.1,0.01,0.001,0.001,0.3,0.05,,0.0,1000,1,64,0,4.17,[0.5829],[None],2005
3606,False,False,64,"(0.5, 0.2, 0.3)",64,4,0,20,1e-05,1e-05,100,0.01,3.0,0.1,0.01,0.001,0.001,0.3,0.05,,0.0,1000,1,64,0,4.16,[0.6459],[None],2006
3607,False,False,64,"(0.5, 0.2, 0.3)",64,4,0,20,1e-05,1e-05,100,0.01,3.0,0.1,0.01,0.001,0.001,0.3,0.05,,0.0,1000,1,64,0,4.17,[0.6628],[None],2007
3608,False,False,64,"(0.5, 0.2, 0.3)",64,4,0,20,1e-05,1e-05,100,0.01,3.0,0.1,0.01,0.001,0.001,0.3,0.05,,0.0,1000,1,64,1,4.16,[0.5089],[None],2008
3609,False,False,64,"(0.5, 0.2, 0.3)",64,4,0,20,1e-05,1e-05,100,0.01,3.0,0.1,0.01,0.001,0.001,0.3,0.05,,0.0,1000,1,64,0,4.18,[0.606],[None],2009
3610,False,False,64,"(0.5, 0.2, 0.3)",64,4,0,20,1e-05,1e-05,100,0.01,3.0,0.1,0.01,0.001,0.001,0.3,0.05,,0.0,1000,1,64,0,4.08,[0.5609],[None],2010
3611,False,False,64,"(0.5, 0.2, 0.3)",64,4,0,20,1e-05,1e-05,100,0.01,3.0,0.1,0.01,0.001,0.001,0.3,0.05,,0.0,1000,1,64,1,4.08,[0.6486],[None],2011
3612,False,False,64,"(0.5, 0.2, 0.3)",64,4,0,20,1e-05,1e-05,100,0.01,3.0,0.1,0.01,0.001,0.001,0.3,0.05,,0.0,1000,2,128,1,8.48,"[0.6183, 0.5653]","[None, None]",2012
3613,False,False,64,"(0.5, 0.2, 0.3)",64,4,0,20,1e-05,1e-05,100,0.01,3.0,0.1,0.01,0.001,0.001,0.3,0.05,,0.0,1000,2,128,1,8.59,"[0.6179, 0.478]","[None, None]",2013
3614,False,False,64,"(0.5, 0.2, 0.3)",64,4,0,20,1e-05,1e-05,100,0.01,3.0,0.1,0.01,0.001,0.001,0.3,0.05,,0.0,1000,2,128,1,8.62,"[0.6769, 0.48]","[None, None]",2014
3615,False,False,64,"(0.5, 0.2, 0.3)",64,4,0,20,1e-05,1e-05,100,0.01,3.0,0.1,0.01,0.001,0.001,0.3,0.05,,0.0,1000,1,64,0,4.17,[0.5047],[None],2015
3616,False,False,64,"(0.5, 0.2, 0.3)",64,4,0,20,1e-05,1e-05,100,0.01,3.0,0.1,0.01,0.001,0.001,0.3,0.05,,0.0,1000,1,64,0,4.18,[0.5572],[None],2016
3617,False,False,64,"(0.5, 0.2, 0.3)",64,4,0,20,1e-05,1e-05,100,0.01,3.0,0.1,0.01,0.001,0.001,0.3,0.05,,0.0,1000,2,128,1,8.6,"[0.7282, 0.6445]","[None, None]",2017
3618,False,False,64,"(0.5, 0.2, 0.3)",64,4,0,20,1e-05,1e-05,100,0.01,3.0,0.1,0.01,0.001,0.001,0.3,0.05,,0.0,1000,2,128,1,8.44,"[0.5937, 0.5088]","[None, None]",2018
3619,False,False,64,"(0.5, 0.2, 0.3)",64,4,0,20,1e-05,1e-05,100,0.01,3.0,0.1,0.01,0.001,0.001,0.3,0.05,,0.0,1000,1,64,0,4.04,[0.6245],[None],2019
3620,False,False,64,"(0.5, 0.2, 0.3)",64,4,0,20,1e-05,1e-05,100,0.01,3.0,0.1,0.01,0.001,0.001,0.3,0.1,,0.0,1000,1,64,0,4.09,[0.6765],[None],2000
3621,False,False,64,"(0.5, 0.2, 0.3)",64,4,0,20,1e-05,1e-05,100,0.01,3.0,0.1,0.01,0.001,0.001,0.3,0.1,,0.0,1000,1,64,0,4.04,[0.6337],[None],2001
3622,False,False,64,"(0.5, 0.2, 0.3)",64,4,0,20,1e-05,1e-05,100,0.01,3.0,0.1,0.01,0.001,0.001,0.3,0.1,,0.0,1000,1,64,1,4.15,[0.6315],[None],2002
3623,False,False,64,"(0.5, 0.2, 0.3)",64,4,0,20,1e-05,1e-05,100,0.01,3.0,0.1,0.01,0.001,0.001,0.3,0.1,,0.0,1000,2,128,0,8.5,"[0.6232, 0.5445]","[None, None]",2003
3624,False,False,64,"(0.5, 0.2, 0.3)",64,4,0,20,1e-05,1e-05,100,0.01,3.0,0.1,0.01,0.001,0.001,0.3,0.1,,0.0,1000,2,128,1,8.6,"[0.7189, 0.4527]","[None, None]",2004
3625,False,False,64,"(0.5, 0.2, 0.3)",64,4,0,20,1e-05,1e-05,100,0.01,3.0,0.1,0.01,0.001,0.001,0.3,0.1,,0.0,1000,1,64,0,4.17,[0.5948],[None],2005
3626,False,False,64,"(0.5, 0.2, 0.3)",64,4,0,20,1e-05,1e-05,100,0.01,3.0,0.1,0.01,0.001,0.001,0.3,0.1,,0.0,1000,1,64,0,4.18,[0.6534],[None],2006
3627,False,False,64,"(0.5, 0.2, 0.3)",64,4,0,20,1e-05,1e-05,100,0.01,3.0,0.1,0.01,0.001,0.001,0.3,0.1,,0.0,1000,2,128,1,8.6,"[0.6668, 0.5229]","[None, None]",2007
3628,False,False,64,"(0.5, 0.2, 0.3)",64,4,0,20,1e-05,1e-05,100,0.01,3.0,0.1,0.01,0.001,0.001,0.3,0.1,,0.0,1000,1,64,1,4.1,[0.5051],[None],2008
3629,False,False,64,"(0.5, 0.2, 0.3)",64,4,0,20,1e-05,1e-05,100,0.01,3.0,0.1,0.01,0.001,0.001,0.3,0.1,,0.0,1000,1,64,0,4.18,[0.6289],[None],2009
3630,False,False,64,"(0.5, 0.2, 0.3)",64,4,0,20,1e-05,1e-05,100,0.01,3.0,0.1,0.01,0.001,0.001,0.3,0.1,,0.0,1000,1,64,0,4.17,[0.6004],[None],2010
3631,False,False,64,"(0.5, 0.2, 0.3)",64,4,0,20,1e-05,1e-05,100,0.01,3.0,0.1,0.01,0.001,0.001,0.3,0.1,,0.0,1000,1,64,1,4.17,[0.6553],[None],2011
3632,False,False,64,"(0.5, 0.2, 0.3)",64,4,0,20,1e-05,1e-05,100,0.01,3.0,0.1,0.01,0.001,0.001,0.3,0.1,,0.0,1000,2,128,1,8.6,"[0.5936, 0.5929]","[None, None]",2012
3633,False,False,64,"(0.5, 0.2, 0.3)",64,4,0,20,1e-05,1e-05,100,0.01,3.0,0.1,0.01,0.001,0.001,0.3,0.1,,0.0,1000,2,128,1,8.47,"[0.6262, 0.4927]","[None, None]",2013
3634,False,False,64,"(0.5, 0.2, 0.3)",64,4,0,20,1e-05,1e-05,100,0.01,3.0,0.1,0.01,0.001,0.001,0.3,0.1,,0.0,1000,1,64,0,4.14,[0.6794],[None],2014
3635,False,False,64,"(0.5, 0.2, 0.3)",64,4,0,20,1e-05,1e-05,100,0.01,3.0,0.1,0.01,0.001,0.001,0.3,0.1,,0.0,1000,2,128,0,8.61,"[0.5423, 0.3807]","[None, None]",2015
3636,False,False,64,"(0.5, 0.2, 0.3)",64,4,0,20,1e-05,1e-05,100,0.01,3.0,0.1,0.01,0.001,0.001,0.3,0.1,,0.0,1000,1,64,0,4.24,[0.5527],[None],2016
3637,False,False,64,"(0.5, 0.2, 0.3)",64,4,0,20,1e-05,1e-05,100,0.01,3.0,0.1,0.01,0.001,0.001,0.3,0.1,,0.0,1000,1,64,0,4.17,[0.7294],[None],2017
3638,False,False,64,"(0.5, 0.2, 0.3)",64,4,0,20,1e-05,1e-05,100,0.01,3.0,0.1,0.01,0.001,0.001,0.3,0.1,,0.0,1000,2,128,1,8.47,"[0.5966, 0.5467]","[None, None]",2018
3639,False,False,64,"(0.5, 0.2, 0.3)",64,4,0,20,1e-05,1e-05,100,0.01,3.0,0.1,0.01,0.001,0.001,0.3,0.1,,0.0,1000,1,64,0,4.06,[0.6317],[None],2019
3640,False,False,64,"(0.5, 0.2, 0.3)",64,4,0,20,1e-05,1e-05,100,0.01,3.0,0.1,0.01,0.01,0.001,0.3,0.05,,0.0,1000,1,64,0,4.05,[0.6561],[None],2000
3641,False,False,64,"(0.5, 0.2, 0.3)",64,4,0,20,1e-05,1e-05,100,0.01,3.0,0.1,0.01,0.01,0.001,0.3,0.05,,0.0,1000,1,64,0,4.05,[0.6357],[None],2001
3642,False,False,64,"(0.5, 0.2, 0.3)",64,4,0,20,1e-05,1e-05,100,0.01,3.0,0.1,0.01,0.01,0.001,0.3,0.05,,0.0,1000,1,64,1,4.05,[0.6061],[None],2002
3643,False,False,64,"(0.5, 0.2, 0.3)",64,4,0,20,1e-05,1e-05,100,0.01,3.0,0.1,0.01,0.01,0.001,0.3,0.05,,0.0,1000,2,128,0,8.36,"[0.6061, 0.537]","[None, None]",2003
3644,False,False,64,"(0.5, 0.2, 0.3)",64,4,0,20,1e-05,1e-05,100,0.01,3.0,0.1,0.01,0.01,0.001,0.3,0.05,,0.0,1000,1,64,0,4.05,[0.7067],[None],2004
3645,False,False,64,"(0.5, 0.2, 0.3)",64,4,0,20,1e-05,1e-05,100,0.01,3.0,0.1,0.01,0.01,0.001,0.3,0.05,,0.0,1000,1,64,0,4.05,[0.5718],[None],2005
3646,False,False,64,"(0.5, 0.2, 0.3)",64,4,0,20,1e-05,1e-05,100,0.01,3.0,0.1,0.01,0.01,0.001,0.3,0.05,,0.0,1000,1,64,0,4.05,[0.6316],[None],2006
3647,False,False,64,"(0.5, 0.2, 0.3)",64,4,0,20,1e-05,1e-05,100,0.01,3.0,0.1,0.01,0.01,0.001,0.3,0.05,,0.0,1000,1,64,0,4.05,[0.6537],[None],2007
3648,False,False,64,"(0.5, 0.2, 0.3)",64,4,0,20,1e-05,1e-05,100,0.01,3.0,0.1,0.01,0.01,0.001,0.3,0.05,,0.0,1000,1,64,1,4.05,[0.4956],[None],2008
3649,False,False,64,"(0.5, 0.2, 0.3)",64,4,0,20,1e-05,1e-05,100,0.01,3.0,0.1,0.01,0.01,0.001,0.3,0.05,,0.0,1000,1,64,0,4.06,[0.5927],[None],2009
3650,False,False,64,"(0.5, 0.2, 0.3)",64,4,0,20,1e-05,1e-05,100,0.01,3.0,0.1,0.01,0.01,0.001,0.3,0.05,,0.0,1000,1,64,0,4.05,[0.5456],[None],2010
3651,False,False,64,"(0.5, 0.2, 0.3)",64,4,0,20,1e-05,1e-05,100,0.01,3.0,0.1,0.01,0.01,0.001,0.3,0.05,,0.0,1000,1,64,1,4.05,[0.6363],[None],2011
3652,False,False,64,"(0.5, 0.2, 0.3)",64,4,0,20,1e-05,1e-05,100,0.01,3.0,0.1,0.01,0.01,0.001,0.3,0.05,,0.0,1000,2,128,1,8.36,"[0.6095, 0.586]","[None, None]",2012
3653,False,False,64,"(0.5, 0.2, 0.3)",64,4,0,20,1e-05,1e-05,100,0.01,3.0,0.1,0.01,0.01,0.001,0.3,0.05,,0.0,1000,2,128,1,8.59,"[0.6046, 0.41]","[None, None]",2013
3654,False,False,64,"(0.5, 0.2, 0.3)",64,4,0,20,1e-05,1e-05,100,0.01,3.0,0.1,0.01,0.01,0.001,0.3,0.05,,0.0,1000,1,64,0,4.17,[0.6672],[None],2014
3655,False,False,64,"(0.5, 0.2, 0.3)",64,4,0,20,1e-05,1e-05,100,0.01,3.0,0.1,0.01,0.01,0.001,0.3,0.05,,0.0,1000,2,128,0,8.59,"[0.492, 0.3527]","[None, None]",2015
3656,False,False,64,"(0.5, 0.2, 0.3)",64,4,0,20,1e-05,1e-05,100,0.01,3.0,0.1,0.01,0.01,0.001,0.3,0.05,,0.0,1000,1,64,0,4.16,[0.5384],[None],2016
3657,False,False,64,"(0.5, 0.2, 0.3)",64,4,0,20,1e-05,1e-05,100,0.01,3.0,0.1,0.01,0.01,0.001,0.3,0.05,,0.0,1000,2,128,1,8.42,"[0.7196, 0.6407]","[None, None]",2017
3658,False,False,64,"(0.5, 0.2, 0.3)",64,4,0,20,1e-05,1e-05,100,0.01,3.0,0.1,0.01,0.01,0.001,0.3,0.05,,0.0,1000,2,128,1,8.36,"[0.5822, 0.5012]","[None, None]",2018
3659,False,False,64,"(0.5, 0.2, 0.3)",64,4,0,20,1e-05,1e-05,100,0.01,3.0,0.1,0.01,0.01,0.001,0.3,0.05,,0.0,1000,1,64,0,4.05,[0.6137],[None],2019
3660,False,False,64,"(0.5, 0.2, 0.3)",64,4,0,20,1e-05,1e-05,100,0.01,3.0,0.1,0.01,0.01,0.001,0.3,0.1,,0.0,1000,1,64,0,4.06,[0.6613],[None],2000
3661,False,False,64,"(0.5, 0.2, 0.3)",64,4,0,20,1e-05,1e-05,100,0.01,3.0,0.1,0.01,0.01,0.001,0.3,0.1,,0.0,1000,1,64,0,4.12,[0.6256],[None],2001
3662,False,False,64,"(0.5, 0.2, 0.3)",64,4,0,20,1e-05,1e-05,100,0.01,3.0,0.1,0.01,0.01,0.001,0.3,0.1,,0.0,1000,1,64,1,4.05,[0.6246],[None],2002
3663,False,False,64,"(0.5, 0.2, 0.3)",64,4,0,20,1e-05,1e-05,100,0.01,3.0,0.1,0.01,0.01,0.001,0.3,0.1,,0.0,1000,2,128,0,8.36,"[0.6063, 0.5286]","[None, None]",2003
3664,False,False,64,"(0.5, 0.2, 0.3)",64,4,0,20,1e-05,1e-05,100,0.01,3.0,0.1,0.01,0.01,0.001,0.3,0.1,,0.0,1000,2,128,1,8.49,"[0.7083, 0.4336]","[None, None]",2004
3665,False,False,64,"(0.5, 0.2, 0.3)",64,4,0,20,1e-05,1e-05,100,0.01,3.0,0.1,0.01,0.01,0.001,0.3,0.1,,0.0,1000,1,64,0,4.05,[0.587],[None],2005
3666,False,False,64,"(0.5, 0.2, 0.3)",64,4,0,20,1e-05,1e-05,100,0.01,3.0,0.1,0.01,0.01,0.001,0.3,0.1,,0.0,1000,1,64,0,4.04,[0.6389],[None],2006
3667,False,False,64,"(0.5, 0.2, 0.3)",64,4,0,20,1e-05,1e-05,100,0.01,3.0,0.1,0.01,0.01,0.001,0.3,0.1,,0.0,1000,1,64,0,4.11,[0.6541],[None],2007
3668,False,False,64,"(0.5, 0.2, 0.3)",64,4,0,20,1e-05,1e-05,100,0.01,3.0,0.1,0.01,0.01,0.001,0.3,0.1,,0.0,1000,1,64,1,4.14,[0.4928],[None],2008
3669,False,False,64,"(0.5, 0.2, 0.3)",64,4,0,20,1e-05,1e-05,100,0.01,3.0,0.1,0.01,0.01,0.001,0.3,0.1,,0.0,1000,1,64,0,4.04,[0.6178],[None],2009
3670,False,False,64,"(0.5, 0.2, 0.3)",64,4,0,20,1e-05,1e-05,100,0.01,3.0,0.1,0.01,0.01,0.001,0.3,0.1,,0.0,1000,1,64,0,4.05,[0.5779],[None],2010
3671,False,False,64,"(0.5, 0.2, 0.3)",64,4,0,20,1e-05,1e-05,100,0.01,3.0,0.1,0.01,0.01,0.001,0.3,0.1,,0.0,1000,1,64,1,4.06,[0.6428],[None],2011
3672,False,False,64,"(0.5, 0.2, 0.3)",64,4,0,20,1e-05,1e-05,100,0.01,3.0,0.1,0.01,0.01,0.001,0.3,0.1,,0.0,1000,2,128,0,8.52,"[0.5792, 0.5738]","[None, None]",2012
3673,False,False,64,"(0.5, 0.2, 0.3)",64,4,0,20,1e-05,1e-05,100,0.01,3.0,0.1,0.01,0.01,0.001,0.3,0.1,,0.0,1000,2,128,1,8.35,"[0.6109, 0.4364]","[None, None]",2013
3674,False,False,64,"(0.5, 0.2, 0.3)",64,4,0,20,1e-05,1e-05,100,0.01,3.0,0.1,0.01,0.01,0.001,0.3,0.1,,0.0,1000,1,64,0,4.05,[0.6677],[None],2014
3675,False,False,64,"(0.5, 0.2, 0.3)",64,4,0,20,1e-05,1e-05,100,0.01,3.0,0.1,0.01,0.01,0.001,0.3,0.1,,0.0,1000,2,128,0,8.35,"[0.5318, 0.3818]","[None, None]",2015
3676,False,False,64,"(0.5, 0.2, 0.3)",64,4,0,20,1e-05,1e-05,100,0.01,3.0,0.1,0.01,0.01,0.001,0.3,0.1,,0.0,1000,1,64,0,4.05,[0.5291],[None],2016
3677,False,False,64,"(0.5, 0.2, 0.3)",64,4,0,20,1e-05,1e-05,100,0.01,3.0,0.1,0.01,0.01,0.001,0.3,0.1,,0.0,1000,1,64,0,4.05,[0.7189],[None],2017
3678,False,False,64,"(0.5, 0.2, 0.3)",64,4,0,20,1e-05,1e-05,100,0.01,3.0,0.1,0.01,0.01,0.001,0.3,0.1,,0.0,1000,2,128,1,8.36,"[0.5803, 0.5037]","[None, None]",2018
3679,False,False,64,"(0.5, 0.2, 0.3)",64,4,0,20,1e-05,1e-05,100,0.01,3.0,0.1,0.01,0.01,0.001,0.3,0.1,,0.0,1000,1,64,0,4.04,[0.623],[None],2019
3680,False,False,64,"(0.5, 0.2, 0.3)",64,4,0,20,1e-05,1e-05,100,0.01,3.0,0.2,0.01,0.001,0.001,0.3,0.05,,0.0,1000,1,64,0,4.05,[0.6092],[None],2000
3681,False,False,64,"(0.5, 0.2, 0.3)",64,4,0,20,1e-05,1e-05,100,0.01,3.0,0.2,0.01,0.001,0.001,0.3,0.05,,0.0,1000,1,64,0,4.05,[0.6174],[None],2001
3682,False,False,64,"(0.5, 0.2, 0.3)",64,4,0,20,1e-05,1e-05,100,0.01,3.0,0.2,0.01,0.001,0.001,0.3,0.05,,0.0,1000,1,64,1,4.04,[0.5574],[None],2002
3683,False,False,64,"(0.5, 0.2, 0.3)",64,4,0,20,1e-05,1e-05,100,0.01,3.0,0.2,0.01,0.001,0.001,0.3,0.05,,0.0,1000,2,128,1,8.36,"[0.5811, 0.5108]","[None, None]",2003
3684,False,False,64,"(0.5, 0.2, 0.3)",64,4,0,20,1e-05,1e-05,100,0.01,3.0,0.2,0.01,0.001,0.001,0.3,0.05,,0.0,1000,1,64,0,4.05,[0.6789],[None],2004
3685,False,False,64,"(0.5, 0.2, 0.3)",64,4,0,20,1e-05,1e-05,100,0.01,3.0,0.2,0.01,0.001,0.001,0.3,0.05,,0.0,1000,1,64,0,4.05,[0.5186],[None],2005
3686,False,False,64,"(0.5, 0.2, 0.3)",64,4,0,20,1e-05,1e-05,100,0.01,3.0,0.2,0.01,0.001,0.001,0.3,0.05,,0.0,1000,1,64,0,4.13,[0.5882],[None],2006
3687,False,False,64,"(0.5, 0.2, 0.3)",64,4,0,20,1e-05,1e-05,100,0.01,3.0,0.2,0.01,0.001,0.001,0.3,0.05,,0.0,1000,1,64,0,4.05,[0.6224],[None],2007
3688,False,False,64,"(0.5, 0.2, 0.3)",64,4,0,20,1e-05,1e-05,100,0.01,3.0,0.2,0.01,0.001,0.001,0.3,0.05,,0.0,1000,1,64,1,4.07,[0.4622],[None],2008
3689,False,False,64,"(0.5, 0.2, 0.3)",64,4,0,20,1e-05,1e-05,100,0.01,3.0,0.2,0.01,0.001,0.001,0.3,0.05,,0.0,1000,1,64,0,4.05,[0.5333],[None],2009
3690,False,False,64,"(0.5, 0.2, 0.3)",64,4,0,20,1e-05,1e-05,100,0.01,3.0,0.2,0.01,0.001,0.001,0.3,0.05,,0.0,1000,1,64,0,4.05,[0.3936],[None],2010
3691,False,False,64,"(0.5, 0.2, 0.3)",64,4,0,20,1e-05,1e-05,100,0.01,3.0,0.2,0.01,0.001,0.001,0.3,0.05,,0.0,1000,1,64,1,4.06,[0.6097],[None],2011
3692,False,False,64,"(0.5, 0.2, 0.3)",64,4,0,20,1e-05,1e-05,100,0.01,3.0,0.2,0.01,0.001,0.001,0.3,0.05,,0.0,1000,2,128,1,8.51,"[0.5851, 0.5227]","[None, None]",2012
3693,False,False,64,"(0.5, 0.2, 0.3)",64,4,0,20,1e-05,1e-05,100,0.01,3.0,0.2,0.01,0.001,0.001,0.3,0.05,,0.0,1000,2,128,1,8.58,"[0.5581, 0.336]","[None, None]",2013
3694,False,False,64,"(0.5, 0.2, 0.3)",64,4,0,20,1e-05,1e-05,100,0.01,3.0,0.2,0.01,0.001,0.001,0.3,0.05,,0.0,1000,1,64,0,4.16,[0.6416],[None],2014
3695,False,False,64,"(0.5, 0.2, 0.3)",64,4,0,20,1e-05,1e-05,100,0.01,3.0,0.2,0.01,0.001,0.001,0.3,0.05,,0.0,1000,3,192,1,13.13,"[0.3774, 0.2937, 0.2401]","[None, None, None]",2015
3696,False,False,64,"(0.5, 0.2, 0.3)",64,4,0,20,1e-05,1e-05,100,0.01,3.0,0.2,0.01,0.001,0.001,0.3,0.05,,0.0,1000,1,64,0,4.05,[0.495],[None],2016
3697,False,False,64,"(0.5, 0.2, 0.3)",64,4,0,20,1e-05,1e-05,100,0.01,3.0,0.2,0.01,0.001,0.001,0.3,0.05,,0.0,1000,1,64,0,4.05,[0.6981],[None],2017
3698,False,False,64,"(0.5, 0.2, 0.3)",64,4,0,20,1e-05,1e-05,100,0.01,3.0,0.2,0.01,0.001,0.001,0.3,0.05,,0.0,1000,2,128,1,8.36,"[0.5565, 0.4156]","[None, None]",2018
3699,False,False,64,"(0.5, 0.2, 0.3)",64,4,0,20,1e-05,1e-05,100,0.01,3.0,0.2,0.01,0.001,0.001,0.3,0.05,,0.0,1000,1,64,0,4.05,[0.5804],[None],2019
3700,False,False,64,"(0.5, 0.2, 0.3)",64,4,0,20,1e-05,1e-05,100,0.01,3.0,0.2,0.01,0.001,0.001,0.3,0.1,,0.0,1000,1,64,0,4.05,[0.6339],[None],2000
3701,False,False,64,"(0.5, 0.2, 0.3)",64,4,0,20,1e-05,1e-05,100,0.01,3.0,0.2,0.01,0.001,0.001,0.3,0.1,,0.0,1000,1,64,0,4.09,[0.5984],[None],2001
3702,False,False,64,"(0.5, 0.2, 0.3)",64,4,0,20,1e-05,1e-05,100,0.01,3.0,0.2,0.01,0.001,0.001,0.3,0.1,,0.0,1000,1,64,1,4.17,[0.6067],[None],2002
3703,False,False,64,"(0.5, 0.2, 0.3)",64,4,0,20,1e-05,1e-05,100,0.01,3.0,0.2,0.01,0.001,0.001,0.3,0.1,,0.0,1000,2,128,0,8.59,"[0.5698, 0.4875]","[None, None]",2003
3704,False,False,64,"(0.5, 0.2, 0.3)",64,4,0,20,1e-05,1e-05,100,0.01,3.0,0.2,0.01,0.001,0.001,0.3,0.1,,0.0,1000,2,128,1,8.6,"[0.6833, 0.4519]","[None, None]",2004
3705,False,False,64,"(0.5, 0.2, 0.3)",64,4,0,20,1e-05,1e-05,100,0.01,3.0,0.2,0.01,0.001,0.001,0.3,0.1,,0.0,1000,1,64,0,4.17,[0.56],[None],2005
3706,False,False,64,"(0.5, 0.2, 0.3)",64,4,0,20,1e-05,1e-05,100,0.01,3.0,0.2,0.01,0.001,0.001,0.3,0.1,,0.0,1000,1,64,0,4.17,[0.598],[None],2006
3707,False,False,64,"(0.5, 0.2, 0.3)",64,4,0,20,1e-05,1e-05,100,0.01,3.0,0.2,0.01,0.001,0.001,0.3,0.1,,0.0,1000,1,64,0,4.17,[0.6344],[None],2007
3708,False,False,64,"(0.5, 0.2, 0.3)",64,4,0,20,1e-05,1e-05,100,0.01,3.0,0.2,0.01,0.001,0.001,0.3,0.1,,0.0,1000,1,64,1,4.17,[0.4364],[None],2008
3709,False,False,64,"(0.5, 0.2, 0.3)",64,4,0,20,1e-05,1e-05,100,0.01,3.0,0.2,0.01,0.001,0.001,0.3,0.1,,0.0,1000,1,64,0,4.16,[0.5814],[None],2009
3710,False,False,64,"(0.5, 0.2, 0.3)",64,4,0,20,1e-05,1e-05,100,0.01,3.0,0.2,0.01,0.001,0.001,0.3,0.1,,0.0,1000,1,64,0,4.17,[0.4453],[None],2010
3711,False,False,64,"(0.5, 0.2, 0.3)",64,4,0,20,1e-05,1e-05,100,0.01,3.0,0.2,0.01,0.001,0.001,0.3,0.1,,0.0,1000,1,64,1,4.24,[0.6161],[None],2011
3712,False,False,64,"(0.5, 0.2, 0.3)",64,4,0,20,1e-05,1e-05,100,0.01,3.0,0.2,0.01,0.001,0.001,0.3,0.1,,0.0,1000,2,128,1,8.6,"[0.5299, 0.5244]","[None, None]",2012
3713,False,False,64,"(0.5, 0.2, 0.3)",64,4,0,20,1e-05,1e-05,100,0.01,3.0,0.2,0.01,0.001,0.001,0.3,0.1,,0.0,1000,2,128,1,8.6,"[0.5623, 0.4057]","[None, None]",2013
3714,False,False,64,"(0.5, 0.2, 0.3)",64,4,0,20,1e-05,1e-05,100,0.01,3.0,0.2,0.01,0.001,0.001,0.3,0.1,,0.0,1000,1,64,0,4.17,[0.6451],[None],2014
3715,False,False,64,"(0.5, 0.2, 0.3)",64,4,0,20,1e-05,1e-05,100,0.01,3.0,0.2,0.01,0.001,0.001,0.3,0.1,,0.0,1000,3,192,1,13.19,"[0.4704, 0.2655, 0.2501]","[None, None, None]",2015
3716,False,False,64,"(0.5, 0.2, 0.3)",64,4,0,20,1e-05,1e-05,100,0.01,3.0,0.2,0.01,0.001,0.001,0.3,0.1,,0.0,1000,1,64,0,4.17,[0.488],[None],2016
3717,False,False,64,"(0.5, 0.2, 0.3)",64,4,0,20,1e-05,1e-05,100,0.01,3.0,0.2,0.01,0.001,0.001,0.3,0.1,,0.0,1000,1,64,0,4.17,[0.6923],[None],2017
3718,False,False,64,"(0.5, 0.2, 0.3)",64,4,0,20,1e-05,1e-05,100,0.01,3.0,0.2,0.01,0.001,0.001,0.3,0.1,,0.0,1000,2,128,1,8.59,"[0.5333, 0.4228]","[None, None]",2018
3719,False,False,64,"(0.5, 0.2, 0.3)",64,4,0,20,1e-05,1e-05,100,0.01,3.0,0.2,0.01,0.001,0.001,0.3,0.1,,0.0,1000,1,64,0,4.17,[0.5975],[None],2019
3720,False,False,64,"(0.5, 0.2, 0.3)",64,4,0,20,1e-05,1e-05,100,0.01,3.0,0.2,0.01,0.01,0.001,0.3,0.05,,0.0,1000,1,64,0,4.17,[0.5891],[None],2000
3721,False,False,64,"(0.5, 0.2, 0.3)",64,4,0,20,1e-05,1e-05,100,0.01,3.0,0.2,0.01,0.01,0.001,0.3,0.05,,0.0,1000,1,64,0,4.17,[0.6084],[None],2001
3722,False,False,64,"(0.5, 0.2, 0.3)",64,4,0,20,1e-05,1e-05,100,0.01,3.0,0.2,0.01,0.01,0.001,0.3,0.05,,0.0,1000,1,64,1,4.15,[0.539],[None],2002
3723,False,False,64,"(0.5, 0.2, 0.3)",64,4,0,20,1e-05,1e-05,100,0.01,3.0,0.2,0.01,0.01,0.001,0.3,0.05,,0.0,1000,2,128,0,8.34,"[0.5676, 0.448]","[None, None]",2003
3724,False,False,64,"(0.5, 0.2, 0.3)",64,4,0,20,1e-05,1e-05,100,0.01,3.0,0.2,0.01,0.01,0.001,0.3,0.05,,0.0,1000,1,64,0,4.04,[0.6654],[None],2004
3725,False,False,64,"(0.5, 0.2, 0.3)",64,4,0,20,1e-05,1e-05,100,0.01,3.0,0.2,0.01,0.01,0.001,0.3,0.05,,0.0,1000,1,64,0,4.04,[0.5059],[None],2005
3726,False,False,64,"(0.5, 0.2, 0.3)",64,4,0,20,1e-05,1e-05,100,0.01,3.0,0.2,0.01,0.01,0.001,0.3,0.05,,0.0,1000,1,64,0,4.04,[0.5684],[None],2006
3727,False,False,64,"(0.5, 0.2, 0.3)",64,4,0,20,1e-05,1e-05,100,0.01,3.0,0.2,0.01,0.01,0.001,0.3,0.05,,0.0,1000,1,64,0,4.04,[0.6121],[None],2007
3728,False,False,64,"(0.5, 0.2, 0.3)",64,4,0,20,1e-05,1e-05,100,0.01,3.0,0.2,0.01,0.01,0.001,0.3,0.05,,0.0,1000,1,64,1,4.17,[0.4469],[None],2008
3729,False,False,64,"(0.5, 0.2, 0.3)",64,4,0,20,1e-05,1e-05,100,0.01,3.0,0.2,0.01,0.01,0.001,0.3,0.05,,0.0,1000,1,64,0,4.17,[0.5103],[None],2009
3730,False,False,64,"(0.5, 0.2, 0.3)",64,4,0,20,1e-05,1e-05,100,0.01,3.0,0.2,0.01,0.01,0.001,0.3,0.05,,0.0,1000,1,64,0,4.17,[0.371],[None],2010
3731,False,False,64,"(0.5, 0.2, 0.3)",64,4,0,20,1e-05,1e-05,100,0.01,3.0,0.2,0.01,0.01,0.001,0.3,0.05,,0.0,1000,1,64,1,4.17,[0.5963],[None],2011
3732,False,False,64,"(0.5, 0.2, 0.3)",64,4,0,20,1e-05,1e-05,100,0.01,3.0,0.2,0.01,0.01,0.001,0.3,0.05,,0.0,1000,2,128,1,8.54,"[0.5739, 0.515]","[None, None]",2012
3733,False,False,64,"(0.5, 0.2, 0.3)",64,4,0,20,1e-05,1e-05,100,0.01,3.0,0.2,0.01,0.01,0.001,0.3,0.05,,0.0,1000,2,128,1,8.35,"[0.5443, 0.3546]","[None, None]",2013
3734,False,False,64,"(0.5, 0.2, 0.3)",64,4,0,20,1e-05,1e-05,100,0.01,3.0,0.2,0.01,0.01,0.001,0.3,0.05,,0.0,1000,1,64,0,4.04,[0.626],[None],2014
3735,False,False,64,"(0.5, 0.2, 0.3)",64,4,0,20,1e-05,1e-05,100,0.01,3.0,0.2,0.01,0.01,0.001,0.3,0.05,,0.0,1000,2,128,0,8.41,"[0.3605, 0.2936]","[None, None]",2015
3736,False,False,64,"(0.5, 0.2, 0.3)",64,4,0,20,1e-05,1e-05,100,0.01,3.0,0.2,0.01,0.01,0.001,0.3,0.05,,0.0,1000,1,64,0,4.04,[0.47],[None],2016
3737,False,False,64,"(0.5, 0.2, 0.3)",64,4,0,20,1e-05,1e-05,100,0.01,3.0,0.2,0.01,0.01,0.001,0.3,0.05,,0.0,1000,2,128,1,8.53,"[0.6851, 0.5296]","[None, None]",2017
3738,False,False,64,"(0.5, 0.2, 0.3)",64,4,0,20,1e-05,1e-05,100,0.01,3.0,0.2,0.01,0.01,0.001,0.3,0.05,,0.0,1000,2,128,1,8.59,"[0.5402, 0.3661]","[None, None]",2018
3739,False,False,64,"(0.5, 0.2, 0.3)",64,4,0,20,1e-05,1e-05,100,0.01,3.0,0.2,0.01,0.01,0.001,0.3,0.05,,0.0,1000,1,64,0,4.17,[0.5667],[None],2019
3740,False,False,64,"(0.5, 0.2, 0.3)",64,4,0,20,1e-05,1e-05,100,0.01,3.0,0.2,0.01,0.01,0.001,0.3,0.1,,0.0,1000,1,64,0,4.16,[0.6147],[None],2000
3741,False,False,64,"(0.5, 0.2, 0.3)",64,4,0,20,1e-05,1e-05,100,0.01,3.0,0.2,0.01,0.01,0.001,0.3,0.1,,0.0,1000,1,64,0,4.16,[0.5873],[None],2001
3742,False,False,64,"(0.5, 0.2, 0.3)",64,4,0,20,1e-05,1e-05,100,0.01,3.0,0.2,0.01,0.01,0.001,0.3,0.1,,0.0,1000,1,64,1,4.17,[0.589],[None],2002
3743,False,False,64,"(0.5, 0.2, 0.3)",64,4,0,20,1e-05,1e-05,100,0.01,3.0,0.2,0.01,0.01,0.001,0.3,0.1,,0.0,1000,2,128,0,8.59,"[0.5478, 0.4525]","[None, None]",2003
3744,False,False,64,"(0.5, 0.2, 0.3)",64,4,0,20,1e-05,1e-05,100,0.01,3.0,0.2,0.01,0.01,0.001,0.3,0.1,,0.0,1000,2,128,1,8.4,"[0.6674, 0.3952]","[None, None]",2004
3745,False,False,64,"(0.5, 0.2, 0.3)",64,4,0,20,1e-05,1e-05,100,0.01,3.0,0.2,0.01,0.01,0.001,0.3,0.1,,0.0,1000,1,64,0,4.04,[0.5434],[None],2005
3746,False,False,64,"(0.5, 0.2, 0.3)",64,4,0,20,1e-05,1e-05,100,0.01,3.0,0.2,0.01,0.01,0.001,0.3,0.1,,0.0,1000,1,64,0,4.04,[0.5795],[None],2006
3747,False,False,64,"(0.5, 0.2, 0.3)",64,4,0,20,1e-05,1e-05,100,0.01,3.0,0.2,0.01,0.01,0.001,0.3,0.1,,0.0,1000,1,64,0,4.04,[0.6169],[None],2007
3748,False,False,64,"(0.5, 0.2, 0.3)",64,4,0,20,1e-05,1e-05,100,0.01,3.0,0.2,0.01,0.01,0.001,0.3,0.1,,0.0,1000,1,64,1,4.04,[0.4157],[None],2008
3749,False,False,64,"(0.5, 0.2, 0.3)",64,4,0,20,1e-05,1e-05,100,0.01,3.0,0.2,0.01,0.01,0.001,0.3,0.1,,0.0,1000,1,64,0,4.04,[0.5608],[None],2009
3750,False,False,64,"(0.5, 0.2, 0.3)",64,4,0,20,1e-05,1e-05,100,0.01,3.0,0.2,0.01,0.01,0.001,0.3,0.1,,0.0,1000,1,64,0,4.04,[0.4219],[None],2010
3751,False,False,64,"(0.5, 0.2, 0.3)",64,4,0,20,1e-05,1e-05,100,0.01,3.0,0.2,0.01,0.01,0.001,0.3,0.1,,0.0,1000,1,64,1,4.04,[0.6003],[None],2011
3752,False,False,64,"(0.5, 0.2, 0.3)",64,4,0,20,1e-05,1e-05,100,0.01,3.0,0.2,0.01,0.01,0.001,0.3,0.1,,0.0,1000,2,128,1,8.34,"[0.5131, 0.4964]","[None, None]",2012
3753,False,False,64,"(0.5, 0.2, 0.3)",64,4,0,20,1e-05,1e-05,100,0.01,3.0,0.2,0.01,0.01,0.001,0.3,0.1,,0.0,1000,2,128,1,8.47,"[0.5406, 0.3613]","[None, None]",2013
3754,False,False,64,"(0.5, 0.2, 0.3)",64,4,0,20,1e-05,1e-05,100,0.01,3.0,0.2,0.01,0.01,0.001,0.3,0.1,,0.0,1000,1,64,0,4.1,[0.63],[None],2014
3755,False,False,64,"(0.5, 0.2, 0.3)",64,4,0,20,1e-05,1e-05,100,0.01,3.0,0.2,0.01,0.01,0.001,0.3,0.1,,0.0,1000,2,128,0,8.58,"[0.4509, 0.2917]","[None, None]",2015
3756,False,False,64,"(0.5, 0.2, 0.3)",64,4,0,20,1e-05,1e-05,100,0.01,3.0,0.2,0.01,0.01,0.001,0.3,0.1,,0.0,1000,1,64,0,4.16,[0.4599],[None],2016
3757,False,False,64,"(0.5, 0.2, 0.3)",64,4,0,20,1e-05,1e-05,100,0.01,3.0,0.2,0.01,0.01,0.001,0.3,0.1,,0.0,1000,1,64,0,4.16,[0.6776],[None],2017
3758,False,False,64,"(0.5, 0.2, 0.3)",64,4,0,20,1e-05,1e-05,100,0.01,3.0,0.2,0.01,0.01,0.001,0.3,0.1,,0.0,1000,2,128,1,8.59,"[0.5109, 0.4048]","[None, None]",2018
3759,False,False,64,"(0.5, 0.2, 0.3)",64,4,0,20,1e-05,1e-05,100,0.01,3.0,0.2,0.01,0.01,0.001,0.3,0.1,,0.0,1000,1,64,0,4.23,[0.5816],[None],2019
3760,False,False,64,"(0.5, 0.2, 0.3)",64,4,0,20,1e-05,1e-05,100,0.01,3.0,0.3,0.01,0.001,0.001,0.3,0.05,,0.0,1000,1,64,0,4.17,[0.5269],[None],2000
3761,False,False,64,"(0.5, 0.2, 0.3)",64,4,0,20,1e-05,1e-05,100,0.01,3.0,0.3,0.01,0.001,0.001,0.3,0.05,,0.0,1000,1,64,0,4.17,[0.5929],[None],2001
3762,False,False,64,"(0.5, 0.2, 0.3)",64,4,0,20,1e-05,1e-05,100,0.01,3.0,0.3,0.01,0.001,0.001,0.3,0.05,,0.0,1000,1,64,1,4.17,[0.4451],[None],2002
3763,False,False,64,"(0.5, 0.2, 0.3)",64,4,0,20,1e-05,1e-05,100,0.01,3.0,0.3,0.01,0.001,0.001,0.3,0.05,,0.0,1000,2,128,0,8.58,"[0.5351, 0.4306]","[None, None]",2003
3764,False,False,64,"(0.5, 0.2, 0.3)",64,4,0,20,1e-05,1e-05,100,0.01,3.0,0.3,0.01,0.001,0.001,0.3,0.05,,0.0,1000,1,64,0,4.16,[0.6163],[None],2004
3765,False,False,64,"(0.5, 0.2, 0.3)",64,4,0,20,1e-05,1e-05,100,0.01,3.0,0.3,0.01,0.001,0.001,0.3,0.05,,0.0,1000,1,64,0,4.16,[0.4187],[None],2005
3766,False,False,64,"(0.5, 0.2, 0.3)",64,4,0,20,1e-05,1e-05,100,0.01,3.0,0.3,0.01,0.001,0.001,0.3,0.05,,0.0,1000,1,64,0,4.17,[0.4944],[None],2006
3767,False,False,64,"(0.5, 0.2, 0.3)",64,4,0,20,1e-05,1e-05,100,0.01,3.0,0.3,0.01,0.001,0.001,0.3,0.05,,0.0,1000,1,64,0,4.17,[0.5751],[None],2007
3768,False,False,64,"(0.5, 0.2, 0.3)",64,4,0,20,1e-05,1e-05,100,0.01,3.0,0.3,0.01,0.001,0.001,0.3,0.05,,0.0,1000,1,64,1,4.17,[0.4025],[None],2008
3769,False,False,64,"(0.5, 0.2, 0.3)",64,4,0,20,1e-05,1e-05,100,0.01,3.0,0.3,0.01,0.001,0.001,0.3,0.05,,0.0,1000,1,64,0,4.17,[0.4042],[None],2009
3770,False,False,64,"(0.5, 0.2, 0.3)",64,4,0,20,1e-05,1e-05,100,0.01,3.0,0.3,0.01,0.001,0.001,0.3,0.05,,0.0,1000,1,64,0,4.17,[0.1672],[None],2010
3771,False,False,64,"(0.5, 0.2, 0.3)",64,4,0,20,1e-05,1e-05,100,0.01,3.0,0.3,0.01,0.001,0.001,0.3,0.05,,0.0,1000,1,64,1,4.17,[0.5487],[None],2011
3772,False,False,64,"(0.5, 0.2, 0.3)",64,4,0,20,1e-05,1e-05,100,0.01,3.0,0.3,0.01,0.001,0.001,0.3,0.05,,0.0,1000,2,128,1,8.62,"[0.5545, 0.4527]","[None, None]",2012
3773,False,False,64,"(0.5, 0.2, 0.3)",64,4,0,20,1e-05,1e-05,100,0.01,3.0,0.3,0.01,0.001,0.001,0.3,0.05,,0.0,1000,2,128,1,8.6,"[0.4642, 0.1942]","[None, None]",2013
3774,False,False,64,"(0.5, 0.2, 0.3)",64,4,0,20,1e-05,1e-05,100,0.01,3.0,0.3,0.01,0.001,0.001,0.3,0.05,,0.0,1000,1,64,0,4.17,[0.581],[None],2014
3775,False,False,64,"(0.5, 0.2, 0.3)",64,4,0,20,1e-05,1e-05,100,0.01,3.0,0.3,0.01,0.001,0.001,0.3,0.05,,0.0,1000,2,128,0,8.6,"[0.2219, 0.205]","[None, None]",2015
3776,False,False,64,"(0.5, 0.2, 0.3)",64,4,0,20,1e-05,1e-05,100,0.01,3.0,0.3,0.01,0.001,0.001,0.3,0.05,,0.0,1000,1,64,0,4.17,[0.4209],[None],2016
3777,False,False,64,"(0.5, 0.2, 0.3)",64,4,0,20,1e-05,1e-05,100,0.01,3.0,0.3,0.01,0.001,0.001,0.3,0.05,,0.0,1000,2,128,1,8.6,"[0.6495, 0.4526]","[None, None]",2017
3778,False,False,64,"(0.5, 0.2, 0.3)",64,4,0,20,1e-05,1e-05,100,0.01,3.0,0.3,0.01,0.001,0.001,0.3,0.05,,0.0,1000,2,128,1,8.6,"[0.521, 0.279]","[None, None]",2018
3779,False,False,64,"(0.5, 0.2, 0.3)",64,4,0,20,1e-05,1e-05,100,0.01,3.0,0.3,0.01,0.001,0.001,0.3,0.05,,0.0,1000,1,64,0,4.18,[0.5269],[None],2019
3780,False,False,64,"(0.5, 0.2, 0.3)",64,4,0,20,1e-05,1e-05,100,0.01,3.0,0.3,0.01,0.001,0.001,0.3,0.1,,0.0,1000,1,64,0,4.16,[0.5516],[None],2000
3781,False,False,64,"(0.5, 0.2, 0.3)",64,4,0,20,1e-05,1e-05,100,0.01,3.0,0.3,0.01,0.001,0.001,0.3,0.1,,0.0,1000,1,64,0,4.17,[0.5592],[None],2001
3782,False,False,64,"(0.5, 0.2, 0.3)",64,4,0,20,1e-05,1e-05,100,0.01,3.0,0.3,0.01,0.001,0.001,0.3,0.1,,0.0,1000,1,64,1,4.18,[0.5075],[None],2002
3783,False,False,64,"(0.5, 0.2, 0.3)",64,4,0,20,1e-05,1e-05,100,0.01,3.0,0.3,0.01,0.001,0.001,0.3,0.1,,0.0,1000,2,128,0,8.59,"[0.4943, 0.487]","[None, None]",2003
3784,False,False,64,"(0.5, 0.2, 0.3)",64,4,0,20,1e-05,1e-05,100,0.01,3.0,0.3,0.01,0.001,0.001,0.3,0.1,,0.0,1000,2,128,1,8.6,"[0.6252, 0.3218]","[None, None]",2004
3785,False,False,64,"(0.5, 0.2, 0.3)",64,4,0,20,1e-05,1e-05,100,0.01,3.0,0.3,0.01,0.001,0.001,0.3,0.1,,0.0,1000,1,64,0,4.22,[0.4662],[None],2005
3786,False,False,64,"(0.5, 0.2, 0.3)",64,4,0,20,1e-05,1e-05,100,0.01,3.0,0.3,0.01,0.001,0.001,0.3,0.1,,0.0,1000,1,64,0,4.04,[0.5022],[None],2006
3787,False,False,64,"(0.5, 0.2, 0.3)",64,4,0,20,1e-05,1e-05,100,0.01,3.0,0.3,0.01,0.001,0.001,0.3,0.1,,0.0,1000,1,64,0,4.04,[0.5753],[None],2007
3788,False,False,64,"(0.5, 0.2, 0.3)",64,4,0,20,1e-05,1e-05,100,0.01,3.0,0.3,0.01,0.001,0.001,0.3,0.1,,0.0,1000,1,64,1,4.04,[0.3313],[None],2008
3789,False,False,64,"(0.5, 0.2, 0.3)",64,4,0,20,1e-05,1e-05,100,0.01,3.0,0.3,0.01,0.001,0.001,0.3,0.1,,0.0,1000,1,64,0,4.04,[0.4726],[None],2009
3790,False,False,64,"(0.5, 0.2, 0.3)",64,4,0,20,1e-05,1e-05,100,0.01,3.0,0.3,0.01,0.001,0.001,0.3,0.1,,0.0,1000,1,64,0,4.04,[0.1593],[None],2010
3791,False,False,64,"(0.5, 0.2, 0.3)",64,4,0,20,1e-05,1e-05,100,0.01,3.0,0.3,0.01,0.001,0.001,0.3,0.1,,0.0,1000,1,64,1,4.04,[0.5597],[None],2011
3792,False,False,64,"(0.5, 0.2, 0.3)",64,4,0,20,1e-05,1e-05,100,0.01,3.0,0.3,0.01,0.001,0.001,0.3,0.1,,0.0,1000,2,128,1,8.33,"[0.4656, 0.423]","[None, None]",2012
3793,False,False,64,"(0.5, 0.2, 0.3)",64,4,0,20,1e-05,1e-05,100,0.01,3.0,0.3,0.01,0.001,0.001,0.3,0.1,,0.0,1000,2,128,1,8.34,"[0.445, 0.3287]","[None, None]",2013
3794,False,False,64,"(0.5, 0.2, 0.3)",64,4,0,20,1e-05,1e-05,100,0.01,3.0,0.3,0.01,0.001,0.001,0.3,0.1,,0.0,1000,1,64,0,4.04,[0.5938],[None],2014
3795,False,False,64,"(0.5, 0.2, 0.3)",64,4,0,20,1e-05,1e-05,100,0.01,3.0,0.3,0.01,0.001,0.001,0.3,0.1,,0.0,1000,2,128,0,8.34,"[0.3176, 0.1789]","[None, None]",2015
3796,False,False,64,"(0.5, 0.2, 0.3)",64,4,0,20,1e-05,1e-05,100,0.01,3.0,0.3,0.01,0.001,0.001,0.3,0.1,,0.0,1000,1,64,0,4.04,[0.4037],[None],2016
3797,False,False,64,"(0.5, 0.2, 0.3)",64,4,0,20,1e-05,1e-05,100,0.01,3.0,0.3,0.01,0.001,0.001,0.3,0.1,,0.0,1000,1,64,0,4.04,[0.6396],[None],2017
3798,False,False,64,"(0.5, 0.2, 0.3)",64,4,0,20,1e-05,1e-05,100,0.01,3.0,0.3,0.01,0.001,0.001,0.3,0.1,,0.0,1000,2,128,1,8.34,"[0.4551, 0.3361]","[None, None]",2018
3799,False,False,64,"(0.5, 0.2, 0.3)",64,4,0,20,1e-05,1e-05,100,0.01,3.0,0.3,0.01,0.001,0.001,0.3,0.1,,0.0,1000,1,64,0,4.04,[0.5243],[None],2019
3800,False,False,64,"(0.5, 0.2, 0.3)",64,4,0,20,1e-05,1e-05,100,0.01,3.0,0.3,0.01,0.01,0.001,0.3,0.05,,0.0,1000,1,64,0,4.04,[0.5048],[None],2000
3801,False,False,64,"(0.5, 0.2, 0.3)",64,4,0,20,1e-05,1e-05,100,0.01,3.0,0.3,0.01,0.01,0.001,0.3,0.05,,0.0,1000,1,64,0,4.04,[0.5815],[None],2001
3802,False,False,64,"(0.5, 0.2, 0.3)",64,4,0,20,1e-05,1e-05,100,0.01,3.0,0.3,0.01,0.01,0.001,0.3,0.05,,0.0,1000,1,64,1,4.04,[0.4184],[None],2002
3803,False,False,64,"(0.5, 0.2, 0.3)",64,4,0,20,1e-05,1e-05,100,0.01,3.0,0.3,0.01,0.01,0.001,0.3,0.05,,0.0,1000,2,128,0,8.33,"[0.5149, 0.4329]","[None, None]",2003
3804,False,False,64,"(0.5, 0.2, 0.3)",64,4,0,20,1e-05,1e-05,100,0.01,3.0,0.3,0.01,0.01,0.001,0.3,0.05,,0.0,1000,1,64,0,4.09,[0.6024],[None],2004
3805,False,False,64,"(0.5, 0.2, 0.3)",64,4,0,20,1e-05,1e-05,100,0.01,3.0,0.3,0.01,0.01,0.001,0.3,0.05,,0.0,1000,1,64,0,4.17,[0.396],[None],2005
3806,False,False,64,"(0.5, 0.2, 0.3)",64,4,0,20,1e-05,1e-05,100,0.01,3.0,0.3,0.01,0.01,0.001,0.3,0.05,,0.0,1000,1,64,0,4.17,[0.4692],[None],2006
3807,False,False,64,"(0.5, 0.2, 0.3)",64,4,0,20,1e-05,1e-05,100,0.01,3.0,0.3,0.01,0.01,0.001,0.3,0.05,,0.0,1000,1,64,0,4.04,[0.5626],[None],2007
3808,False,False,64,"(0.5, 0.2, 0.3)",64,4,0,20,1e-05,1e-05,100,0.01,3.0,0.3,0.01,0.01,0.001,0.3,0.05,,0.0,1000,1,64,1,4.03,[0.3791],[None],2008
3809,False,False,64,"(0.5, 0.2, 0.3)",64,4,0,20,1e-05,1e-05,100,0.01,3.0,0.3,0.01,0.01,0.001,0.3,0.05,,0.0,1000,1,64,0,4.05,[0.3744],[None],2009
3810,False,False,64,"(0.5, 0.2, 0.3)",64,4,0,20,1e-05,1e-05,100,0.01,3.0,0.3,0.01,0.01,0.001,0.3,0.05,,0.0,1000,1,64,0,4.04,[0.116],[None],2010
3811,False,False,64,"(0.5, 0.2, 0.3)",64,4,0,20,1e-05,1e-05,100,0.01,3.0,0.3,0.01,0.01,0.001,0.3,0.05,,0.0,1000,1,64,1,4.04,[0.5283],[None],2011
3812,False,False,64,"(0.5, 0.2, 0.3)",64,4,0,20,1e-05,1e-05,100,0.01,3.0,0.3,0.01,0.01,0.001,0.3,0.05,,0.0,1000,2,128,1,8.63,"[0.5399, 0.4429]","[None, None]",2012
3813,False,False,64,"(0.5, 0.2, 0.3)",64,4,0,20,1e-05,1e-05,100,0.01,3.0,0.3,0.01,0.01,0.001,0.3,0.05,,0.0,1000,2,128,1,8.33,"[0.4417, 0.2118]","[None, None]",2013
3814,False,False,64,"(0.5, 0.2, 0.3)",64,4,0,20,1e-05,1e-05,100,0.01,3.0,0.3,0.01,0.01,0.001,0.3,0.05,,0.0,1000,1,64,0,4.03,[0.5626],[None],2014
3815,False,False,64,"(0.5, 0.2, 0.3)",64,4,0,20,1e-05,1e-05,100,0.01,3.0,0.3,0.01,0.01,0.001,0.3,0.05,,0.0,1000,2,128,0,8.34,"[0.1902, 0.2001]","[None, None]",2015
3816,False,False,64,"(0.5, 0.2, 0.3)",64,4,0,20,1e-05,1e-05,100,0.01,3.0,0.3,0.01,0.01,0.001,0.3,0.05,,0.0,1000,1,64,0,4.04,[0.3964],[None],2016
3817,False,False,64,"(0.5, 0.2, 0.3)",64,4,0,20,1e-05,1e-05,100,0.01,3.0,0.3,0.01,0.01,0.001,0.3,0.05,,0.0,1000,2,128,1,8.33,"[0.6323, 0.4217]","[None, None]",2017
3818,False,False,64,"(0.5, 0.2, 0.3)",64,4,0,20,1e-05,1e-05,100,0.01,3.0,0.3,0.01,0.01,0.001,0.3,0.05,,0.0,1000,2,128,1,8.34,"[0.5016, 0.2731]","[None, None]",2018
3819,False,False,64,"(0.5, 0.2, 0.3)",64,4,0,20,1e-05,1e-05,100,0.01,3.0,0.3,0.01,0.01,0.001,0.3,0.05,,0.0,1000,1,64,0,4.04,[0.5034],[None],2019
3820,False,False,64,"(0.5, 0.2, 0.3)",64,4,0,20,1e-05,1e-05,100,0.01,3.0,0.3,0.01,0.01,0.001,0.3,0.1,,0.0,1000,1,64,0,4.04,[0.5258],[None],2000
3821,False,False,64,"(0.5, 0.2, 0.3)",64,4,0,20,1e-05,1e-05,100,0.01,3.0,0.3,0.01,0.01,0.001,0.3,0.1,,0.0,1000,1,64,0,4.04,[0.545],[None],2001
3822,False,False,64,"(0.5, 0.2, 0.3)",64,4,0,20,1e-05,1e-05,100,0.01,3.0,0.3,0.01,0.01,0.001,0.3,0.1,,0.0,1000,1,64,1,4.04,[0.4787],[None],2002
3823,False,False,64,"(0.5, 0.2, 0.3)",64,4,0,20,1e-05,1e-05,100,0.01,3.0,0.3,0.01,0.01,0.001,0.3,0.1,,0.0,1000,2,128,1,8.34,"[0.4702, 0.4411]","[None, None]",2003
3824,False,False,64,"(0.5, 0.2, 0.3)",64,4,0,20,1e-05,1e-05,100,0.01,3.0,0.3,0.01,0.01,0.001,0.3,0.1,,0.0,1000,2,128,0,8.33,"[0.6068, 0.2997]","[None, None]",2004
3825,False,False,64,"(0.5, 0.2, 0.3)",64,4,0,20,1e-05,1e-05,100,0.01,3.0,0.3,0.01,0.01,0.001,0.3,0.1,,0.0,1000,1,64,0,4.04,[0.4385],[None],2005
3826,False,False,64,"(0.5, 0.2, 0.3)",64,4,0,20,1e-05,1e-05,100,0.01,3.0,0.3,0.01,0.01,0.001,0.3,0.1,,0.0,1000,1,64,0,4.04,[0.4709],[None],2006
3827,False,False,64,"(0.5, 0.2, 0.3)",64,4,0,20,1e-05,1e-05,100,0.01,3.0,0.3,0.01,0.01,0.001,0.3,0.1,,0.0,1000,1,64,0,4.04,[0.554],[None],2007
3828,False,False,64,"(0.5, 0.2, 0.3)",64,4,0,20,1e-05,1e-05,100,0.01,3.0,0.3,0.01,0.01,0.001,0.3,0.1,,0.0,1000,1,64,1,4.08,[0.3036],[None],2008
3829,False,False,64,"(0.5, 0.2, 0.3)",64,4,0,20,1e-05,1e-05,100,0.01,3.0,0.3,0.01,0.01,0.001,0.3,0.1,,0.0,1000,1,64,0,4.06,[0.4427],[None],2009
3830,False,False,64,"(0.5, 0.2, 0.3)",64,4,0,20,1e-05,1e-05,100,0.01,3.0,0.3,0.01,0.01,0.001,0.3,0.1,,0.0,1000,1,64,0,4.04,[0.0929],[None],2010
3831,False,False,64,"(0.5, 0.2, 0.3)",64,4,0,20,1e-05,1e-05,100,0.01,3.0,0.3,0.01,0.01,0.001,0.3,0.1,,0.0,1000,1,64,1,4.04,[0.542],[None],2011
3832,False,False,64,"(0.5, 0.2, 0.3)",64,4,0,20,1e-05,1e-05,100,0.01,3.0,0.3,0.01,0.01,0.001,0.3,0.1,,0.0,1000,2,128,1,8.34,"[0.4476, 0.4176]","[None, None]",2012
3833,False,False,64,"(0.5, 0.2, 0.3)",64,4,0,20,1e-05,1e-05,100,0.01,3.0,0.3,0.01,0.01,0.001,0.3,0.1,,0.0,1000,2,128,1,8.34,"[0.4276, 0.2908]","[None, None]",2013
3834,False,False,64,"(0.5, 0.2, 0.3)",64,4,0,20,1e-05,1e-05,100,0.01,3.0,0.3,0.01,0.01,0.001,0.3,0.1,,0.0,1000,1,64,0,4.04,[0.5732],[None],2014
3835,False,False,64,"(0.5, 0.2, 0.3)",64,4,0,20,1e-05,1e-05,100,0.01,3.0,0.3,0.01,0.01,0.001,0.3,0.1,,0.0,1000,2,128,0,8.34,"[0.292, 0.195]","[None, None]",2015
3836,False,False,64,"(0.5, 0.2, 0.3)",64,4,0,20,1e-05,1e-05,100,0.01,3.0,0.3,0.01,0.01,0.001,0.3,0.1,,0.0,1000,1,64,0,4.04,[0.3687],[None],2016
3837,False,False,64,"(0.5, 0.2, 0.3)",64,4,0,20,1e-05,1e-05,100,0.01,3.0,0.3,0.01,0.01,0.001,0.3,0.1,,0.0,1000,1,64,0,4.04,[0.6198],[None],2017
3838,False,False,64,"(0.5, 0.2, 0.3)",64,4,0,20,1e-05,1e-05,100,0.01,3.0,0.3,0.01,0.01,0.001,0.3,0.1,,0.0,1000,2,128,1,8.33,"[0.4307, 0.3323]","[None, None]",2018
3839,False,False,64,"(0.5, 0.2, 0.3)",64,4,0,20,1e-05,1e-05,100,0.01,3.0,0.3,0.01,0.01,0.001,0.3,0.1,,0.0,1000,1,64,0,4.08,[0.4992],[None],2019
