,encoder_freeze,scratch,measure_size,weights,uncertainty_topk,grad_num,rand_num,T_mc,encoder_lr,cost_predictor_lr,rank_warmup_epochs,lambda_reg,lambda_pair,lambda_infonce,gamma,beta,noise_std,margin_scale,tau,tau_c,feature_predictor_lr,epochs,phase,train_size,top-1,used_time,val_reg_r2,val_rank_r2,sampling_seed
0,False,False,64,"(0.4, 0.3, 0.3)",64,4,0,20,1e-05,0.0001,100,0.01,2.0,0.1,0.01,0.01,0.001,0.3,0.05,,0.0,1000,4,256,0,18.06,"[0.5809, 0.6467, 0.6693, 0.6981]","[None, None, None, None]",2000
1,False,False,64,"(0.4, 0.3, 0.3)",64,4,0,20,1e-05,0.0001,100,0.01,2.0,0.1,0.01,0.01,0.001,0.3,0.05,,0.0,1000,1,64,0,4.24,[0.553],[None],2001
2,False,False,64,"(0.4, 0.3, 0.3)",64,4,0,20,1e-05,0.0001,100,0.01,2.0,0.1,0.01,0.01,0.001,0.3,0.05,,0.0,1000,2,128,0,8.59,"[0.6319, 0.636]","[None, None]",2002
3,False,False,64,"(0.4, 0.3, 0.3)",64,4,0,20,1e-05,0.0001,100,0.01,2.0,0.1,0.01,0.01,0.001,0.3,0.05,,0.0,1000,2,128,0,8.4,"[0.6153, 0.6653]","[None, None]",2003
4,False,False,64,"(0.4, 0.3, 0.3)",64,4,0,20,1e-05,0.0001,100,0.01,2.0,0.1,0.01,0.01,0.001,0.3,0.05,,0.0,1000,3,192,0,12.93,"[0.5227, 0.7065, 0.6737]","[None, None, None]",2004
5,False,False,64,"(0.4, 0.3, 0.3)",64,4,0,20,1e-05,0.0001,100,0.01,2.0,0.1,0.01,0.01,0.001,0.3,0.05,,0.0,1000,2,128,0,8.37,"[0.6778, 0.6774]","[None, None]",2005
6,False,False,64,"(0.4, 0.3, 0.3)",64,4,0,20,1e-05,0.0001,100,0.01,2.0,0.1,0.01,0.01,0.001,0.3,0.05,,0.0,1000,2,128,0,8.39,"[0.5867, 0.7171]","[None, None]",2006
7,False,False,64,"(0.4, 0.3, 0.3)",64,4,0,20,1e-05,0.0001,100,0.01,2.0,0.1,0.01,0.01,0.001,0.3,0.05,,0.0,1000,4,256,0,17.61,"[0.4763, 0.6894, 0.7058, 0.7207]","[None, None, None, None]",2007
8,False,False,64,"(0.4, 0.3, 0.3)",64,4,0,20,1e-05,0.0001,100,0.01,2.0,0.1,0.01,0.01,0.001,0.3,0.05,,0.0,1000,2,128,0,8.43,"[0.6108, 0.6462]","[None, None]",2008
9,False,False,64,"(0.4, 0.3, 0.3)",64,4,0,20,1e-05,0.0001,100,0.01,2.0,0.1,0.01,0.01,0.001,0.3,0.05,,0.0,1000,2,128,0,8.35,"[0.6542, 0.7024]","[None, None]",2009
10,False,False,64,"(0.4, 0.3, 0.3)",64,4,0,20,1e-05,0.0001,100,0.01,2.0,0.1,0.01,0.01,0.001,0.3,0.05,,0.0,1000,4,256,0,17.53,"[0.5333, 0.6629, 0.6952, 0.702]","[None, None, None, None]",2010
11,False,False,64,"(0.4, 0.3, 0.3)",64,4,0,20,1e-05,0.0001,100,0.01,2.0,0.1,0.01,0.01,0.001,0.3,0.05,,0.0,1000,4,256,0,17.56,"[0.6476, 0.695, 0.6841, 0.7026]","[None, None, None, None]",2011
12,False,False,64,"(0.4, 0.3, 0.3)",64,4,0,20,1e-05,0.0001,100,0.01,2.0,0.1,0.01,0.01,0.001,0.3,0.05,,0.0,1000,3,192,0,12.83,"[0.6331, 0.623, 0.6678]","[None, None, None]",2012
13,False,False,64,"(0.4, 0.3, 0.3)",64,4,0,20,1e-05,0.0001,100,0.01,2.0,0.1,0.01,0.01,0.001,0.3,0.05,,0.0,1000,2,128,0,8.37,"[0.5623, 0.6089]","[None, None]",2013
14,False,False,64,"(0.4, 0.3, 0.3)",64,4,0,20,1e-05,0.0001,100,0.01,2.0,0.1,0.01,0.01,0.001,0.3,0.05,,0.0,1000,3,192,0,12.89,"[0.5915, 0.7037, 0.7311]","[None, None, None]",2014
15,False,False,64,"(0.4, 0.3, 0.3)",64,4,0,20,1e-05,0.0001,100,0.01,2.0,0.1,0.01,0.01,0.001,0.3,0.05,,0.0,1000,3,192,0,12.84,"[0.6096, 0.6713, 0.6265]","[None, None, None]",2015
16,False,False,64,"(0.4, 0.3, 0.3)",64,4,0,20,1e-05,0.0001,100,0.01,2.0,0.1,0.01,0.01,0.001,0.3,0.05,,0.0,1000,3,192,0,12.86,"[0.5922, 0.6937, 0.6931]","[None, None, None]",2016
17,False,False,64,"(0.4, 0.3, 0.3)",64,4,0,20,1e-05,0.0001,100,0.01,2.0,0.1,0.01,0.01,0.001,0.3,0.05,,0.0,1000,3,192,0,12.92,"[0.5508, 0.7065, 0.6642]","[None, None, None]",2017
18,False,False,64,"(0.4, 0.3, 0.3)",64,4,0,20,1e-05,0.0001,100,0.01,2.0,0.1,0.01,0.01,0.001,0.3,0.05,,0.0,1000,3,192,0,12.83,"[0.6067, 0.5806, 0.6307]","[None, None, None]",2018
19,False,False,64,"(0.4, 0.3, 0.3)",64,4,0,20,1e-05,0.0001,100,0.01,2.0,0.1,0.01,0.01,0.001,0.3,0.05,,0.0,1000,2,128,0,8.36,"[0.6064, 0.6929]","[None, None]",2019
20,False,False,64,"(0.4, 0.3, 0.3)",64,4,0,20,1e-05,0.0001,100,0.01,2.0,0.2,0.01,0.01,0.001,0.3,0.05,,0.0,1000,4,256,0,17.75,"[0.5726, 0.6544, 0.6531, 0.6948]","[None, None, None, None]",2000
21,False,False,64,"(0.4, 0.3, 0.3)",64,4,0,20,1e-05,0.0001,100,0.01,2.0,0.2,0.01,0.01,0.001,0.3,0.05,,0.0,1000,1,64,0,4.21,[0.5494],[None],2001
22,False,False,64,"(0.4, 0.3, 0.3)",64,4,0,20,1e-05,0.0001,100,0.01,2.0,0.2,0.01,0.01,0.001,0.3,0.05,,0.0,1000,2,128,0,8.66,"[0.6333, 0.6376]","[None, None]",2002
23,False,False,64,"(0.4, 0.3, 0.3)",64,4,0,20,1e-05,0.0001,100,0.01,2.0,0.2,0.01,0.01,0.001,0.3,0.05,,0.0,1000,3,192,0,12.93,"[0.6144, 0.6776, 0.691]","[None, None, None]",2003
24,False,False,64,"(0.4, 0.3, 0.3)",64,4,0,20,1e-05,0.0001,100,0.01,2.0,0.2,0.01,0.01,0.001,0.3,0.05,,0.0,1000,5,320,0,23.08,"[0.5164, 0.7022, 0.6746, 0.7056, 0.7105]","[None, None, None, None, None]",2004
25,False,False,64,"(0.4, 0.3, 0.3)",64,4,0,20,1e-05,0.0001,100,0.01,2.0,0.2,0.01,0.01,0.001,0.3,0.05,,0.0,1000,2,128,0,8.49,"[0.6715, 0.699]","[None, None]",2005
26,False,False,64,"(0.4, 0.3, 0.3)",64,4,0,20,1e-05,0.0001,100,0.01,2.0,0.2,0.01,0.01,0.001,0.3,0.05,,0.0,1000,2,128,0,8.62,"[0.5842, 0.6976]","[None, None]",2006
27,False,False,64,"(0.4, 0.3, 0.3)",64,4,0,20,1e-05,0.0001,100,0.01,2.0,0.2,0.01,0.01,0.001,0.3,0.05,,0.0,1000,3,192,0,13.19,"[0.4532, 0.6961, 0.6841]","[None, None, None]",2007
28,False,False,64,"(0.4, 0.3, 0.3)",64,4,0,20,1e-05,0.0001,100,0.01,2.0,0.2,0.01,0.01,0.001,0.3,0.05,,0.0,1000,2,128,0,8.42,"[0.6098, 0.6264]","[None, None]",2008
29,False,False,64,"(0.4, 0.3, 0.3)",64,4,0,20,1e-05,0.0001,100,0.01,2.0,0.2,0.01,0.01,0.001,0.3,0.05,,0.0,1000,3,192,0,13.02,"[0.6476, 0.7147, 0.6724]","[None, None, None]",2009
30,False,False,64,"(0.4, 0.3, 0.3)",64,4,0,20,1e-05,0.0001,100,0.01,2.0,0.2,0.01,0.01,0.001,0.3,0.05,,0.0,1000,3,192,0,12.86,"[0.5314, 0.6656, 0.6871]","[None, None, None]",2010
31,False,False,64,"(0.4, 0.3, 0.3)",64,4,0,20,1e-05,0.0001,100,0.01,2.0,0.2,0.01,0.01,0.001,0.3,0.05,,0.0,1000,4,256,0,17.56,"[0.6536, 0.6687, 0.6607, 0.7095]","[None, None, None, None]",2011
32,False,False,64,"(0.4, 0.3, 0.3)",64,4,0,20,1e-05,0.0001,100,0.01,2.0,0.2,0.01,0.01,0.001,0.3,0.05,,0.0,1000,2,128,0,8.49,"[0.6314, 0.605]","[None, None]",2012
33,False,False,64,"(0.4, 0.3, 0.3)",64,4,0,20,1e-05,0.0001,100,0.01,2.0,0.2,0.01,0.01,0.001,0.3,0.05,,0.0,1000,2,128,0,8.43,"[0.5561, 0.6138]","[None, None]",2013
34,False,False,64,"(0.4, 0.3, 0.3)",64,4,0,20,1e-05,0.0001,100,0.01,2.0,0.2,0.01,0.01,0.001,0.3,0.05,,0.0,1000,3,192,0,13.26,"[0.586, 0.6825, 0.6984]","[None, None, None]",2014
35,False,False,64,"(0.4, 0.3, 0.3)",64,4,0,20,1e-05,0.0001,100,0.01,2.0,0.2,0.01,0.01,0.001,0.3,0.05,,0.0,1000,3,192,0,13.16,"[0.6037, 0.664, 0.6643]","[None, None, None]",2015
36,False,False,64,"(0.4, 0.3, 0.3)",64,4,0,20,1e-05,0.0001,100,0.01,2.0,0.2,0.01,0.01,0.001,0.3,0.05,,0.0,1000,4,256,0,17.49,"[0.5852, 0.7017, 0.679, 0.6968]","[None, None, None, None]",2016
37,False,False,64,"(0.4, 0.3, 0.3)",64,4,0,20,1e-05,0.0001,100,0.01,2.0,0.2,0.01,0.01,0.001,0.3,0.05,,0.0,1000,3,192,0,12.82,"[0.5558, 0.703, 0.7063]","[None, None, None]",2017
38,False,False,64,"(0.4, 0.3, 0.3)",64,4,0,20,1e-05,0.0001,100,0.01,2.0,0.2,0.01,0.01,0.001,0.3,0.05,,0.0,1000,3,192,0,13.01,"[0.6077, 0.6148, 0.6663]","[None, None, None]",2018
39,False,False,64,"(0.4, 0.3, 0.3)",64,4,0,20,1e-05,0.0001,100,0.01,2.0,0.2,0.01,0.01,0.001,0.3,0.05,,0.0,1000,2,128,0,8.65,"[0.6042, 0.7031]","[None, None]",2019
40,False,False,64,"(0.4, 0.3, 0.3)",64,4,0,20,1e-05,0.0001,100,0.01,3.0,0.1,0.01,0.01,0.001,0.3,0.05,,0.0,1000,3,192,0,12.82,"[0.5846, 0.6086, 0.6236]","[None, None, None]",2000
41,False,False,64,"(0.4, 0.3, 0.3)",64,4,0,20,1e-05,0.0001,100,0.01,3.0,0.1,0.01,0.01,0.001,0.3,0.05,,0.0,1000,1,64,0,4.05,[0.5354],[None],2001
42,False,False,64,"(0.4, 0.3, 0.3)",64,4,0,20,1e-05,0.0001,100,0.01,3.0,0.1,0.01,0.01,0.001,0.3,0.05,,0.0,1000,2,128,0,8.34,"[0.633, 0.6292]","[None, None]",2002
43,False,False,64,"(0.4, 0.3, 0.3)",64,4,0,20,1e-05,0.0001,100,0.01,3.0,0.1,0.01,0.01,0.001,0.3,0.05,,0.0,1000,2,128,0,8.39,"[0.6113, 0.6604]","[None, None]",2003
44,False,False,64,"(0.4, 0.3, 0.3)",64,4,0,20,1e-05,0.0001,100,0.01,3.0,0.1,0.01,0.01,0.001,0.3,0.05,,0.0,1000,4,256,0,17.58,"[0.5164, 0.651, 0.6077, 0.595]","[None, None, None, None]",2004
45,False,False,64,"(0.4, 0.3, 0.3)",64,4,0,20,1e-05,0.0001,100,0.01,3.0,0.1,0.01,0.01,0.001,0.3,0.05,,0.0,1000,2,128,0,8.37,"[0.6772, 0.6661]","[None, None]",2005
46,False,False,64,"(0.4, 0.3, 0.3)",64,4,0,20,1e-05,0.0001,100,0.01,3.0,0.1,0.01,0.01,0.001,0.3,0.05,,0.0,1000,1,64,0,4.05,[0.5735],[None],2006
47,False,False,64,"(0.4, 0.3, 0.3)",64,4,0,20,1e-05,0.0001,100,0.01,3.0,0.1,0.01,0.01,0.001,0.3,0.05,,0.0,1000,4,256,0,17.51,"[0.4756, 0.6955, 0.6775, 0.7157]","[None, None, None, None]",2007
48,False,False,64,"(0.4, 0.3, 0.3)",64,4,0,20,1e-05,0.0001,100,0.01,3.0,0.1,0.01,0.01,0.001,0.3,0.05,,0.0,1000,2,128,0,8.38,"[0.6052, 0.6151]","[None, None]",2008
49,False,False,64,"(0.4, 0.3, 0.3)",64,4,0,20,1e-05,0.0001,100,0.01,3.0,0.1,0.01,0.01,0.001,0.3,0.05,,0.0,1000,2,128,0,8.34,"[0.6485, 0.6751]","[None, None]",2009
50,False,False,64,"(0.4, 0.3, 0.3)",64,4,0,20,1e-05,0.0001,100,0.01,3.0,0.1,0.01,0.01,0.001,0.3,0.05,,0.0,1000,3,192,0,12.99,"[0.5101, 0.6237, 0.6556]","[None, None, None]",2010
51,False,False,64,"(0.4, 0.3, 0.3)",64,4,0,20,1e-05,0.0001,100,0.01,3.0,0.1,0.01,0.01,0.001,0.3,0.05,,0.0,1000,2,128,0,8.43,"[0.6383, 0.6709]","[None, None]",2011
52,False,False,64,"(0.4, 0.3, 0.3)",64,4,0,20,1e-05,0.0001,100,0.01,3.0,0.1,0.01,0.01,0.001,0.3,0.05,,0.0,1000,2,128,0,8.4,"[0.6262, 0.5757]","[None, None]",2012
53,False,False,64,"(0.4, 0.3, 0.3)",64,4,0,20,1e-05,0.0001,100,0.01,3.0,0.1,0.01,0.01,0.001,0.3,0.05,,0.0,1000,2,128,0,8.34,"[0.5495, 0.583]","[None, None]",2013
54,False,False,64,"(0.4, 0.3, 0.3)",64,4,0,20,1e-05,0.0001,100,0.01,3.0,0.1,0.01,0.01,0.001,0.3,0.05,,0.0,1000,3,192,0,12.81,"[0.5843, 0.6707, 0.6653]","[None, None, None]",2014
55,False,False,64,"(0.4, 0.3, 0.3)",64,4,0,20,1e-05,0.0001,100,0.01,3.0,0.1,0.01,0.01,0.001,0.3,0.05,,0.0,1000,3,192,0,12.79,"[0.5991, 0.6449, 0.6166]","[None, None, None]",2015
56,False,False,64,"(0.4, 0.3, 0.3)",64,4,0,20,1e-05,0.0001,100,0.01,3.0,0.1,0.01,0.01,0.001,0.3,0.05,,0.0,1000,4,256,0,17.48,"[0.584, 0.6823, 0.6981, 0.6789]","[None, None, None, None]",2016
57,False,False,64,"(0.4, 0.3, 0.3)",64,4,0,20,1e-05,0.0001,100,0.01,3.0,0.1,0.01,0.01,0.001,0.3,0.05,,0.0,1000,3,192,0,12.88,"[0.5293, 0.6853, 0.6242]","[None, None, None]",2017
58,False,False,64,"(0.4, 0.3, 0.3)",64,4,0,20,1e-05,0.0001,100,0.01,3.0,0.1,0.01,0.01,0.001,0.3,0.05,,0.0,1000,3,192,0,12.79,"[0.5928, 0.5625, 0.6033]","[None, None, None]",2018
59,False,False,64,"(0.4, 0.3, 0.3)",64,4,0,20,1e-05,0.0001,100,0.01,3.0,0.1,0.01,0.01,0.001,0.3,0.05,,0.0,1000,2,128,0,8.65,"[0.5913, 0.6838]","[None, None]",2019
60,False,False,64,"(0.4, 0.3, 0.3)",64,4,0,20,1e-05,0.0001,100,0.01,3.0,0.2,0.01,0.01,0.001,0.3,0.05,,0.0,1000,4,256,0,17.77,"[0.5736, 0.6118, 0.5732, 0.6648]","[None, None, None, None]",2000
61,False,False,64,"(0.4, 0.3, 0.3)",64,4,0,20,1e-05,0.0001,100,0.01,3.0,0.2,0.01,0.01,0.001,0.3,0.05,,0.0,1000,1,64,0,4.07,[0.5341],[None],2001
62,False,False,64,"(0.4, 0.3, 0.3)",64,4,0,20,1e-05,0.0001,100,0.01,3.0,0.2,0.01,0.01,0.001,0.3,0.05,,0.0,1000,2,128,0,8.41,"[0.631, 0.6087]","[None, None]",2002
63,False,False,64,"(0.4, 0.3, 0.3)",64,4,0,20,1e-05,0.0001,100,0.01,3.0,0.2,0.01,0.01,0.001,0.3,0.05,,0.0,1000,2,128,0,8.37,"[0.6093, 0.6588]","[None, None]",2003
64,False,False,64,"(0.4, 0.3, 0.3)",64,4,0,20,1e-05,0.0001,100,0.01,3.0,0.2,0.01,0.01,0.001,0.3,0.05,,0.0,1000,4,256,0,17.61,"[0.5086, 0.668, 0.6396, 0.6387]","[None, None, None, None]",2004
65,False,False,64,"(0.4, 0.3, 0.3)",64,4,0,20,1e-05,0.0001,100,0.01,3.0,0.2,0.01,0.01,0.001,0.3,0.05,,0.0,1000,2,128,0,8.38,"[0.6699, 0.7007]","[None, None]",2005
66,False,False,64,"(0.4, 0.3, 0.3)",64,4,0,20,1e-05,0.0001,100,0.01,3.0,0.2,0.01,0.01,0.001,0.3,0.05,,0.0,1000,1,64,0,4.08,[0.5728],[None],2006
67,False,False,64,"(0.4, 0.3, 0.3)",64,4,0,20,1e-05,0.0001,100,0.01,3.0,0.2,0.01,0.01,0.001,0.3,0.05,,0.0,1000,4,256,0,17.56,"[0.4622, 0.7016, 0.671, 0.711]","[None, None, None, None]",2007
68,False,False,64,"(0.4, 0.3, 0.3)",64,4,0,20,1e-05,0.0001,100,0.01,3.0,0.2,0.01,0.01,0.001,0.3,0.05,,0.0,1000,2,128,0,8.4,"[0.6071, 0.6203]","[None, None]",2008
69,False,False,64,"(0.4, 0.3, 0.3)",64,4,0,20,1e-05,0.0001,100,0.01,3.0,0.2,0.01,0.01,0.001,0.3,0.05,,0.0,1000,2,128,0,8.42,"[0.6428, 0.7038]","[None, None]",2009
70,False,False,64,"(0.4, 0.3, 0.3)",64,4,0,20,1e-05,0.0001,100,0.01,3.0,0.2,0.01,0.01,0.001,0.3,0.05,,0.0,1000,3,192,0,12.97,"[0.5053, 0.6199, 0.6681]","[None, None, None]",2010
71,False,False,64,"(0.4, 0.3, 0.3)",64,4,0,20,1e-05,0.0001,100,0.01,3.0,0.2,0.01,0.01,0.001,0.3,0.05,,0.0,1000,4,256,0,17.71,"[0.6384, 0.6514, 0.6487, 0.6651]","[None, None, None, None]",2011
72,False,False,64,"(0.4, 0.3, 0.3)",64,4,0,20,1e-05,0.0001,100,0.01,3.0,0.2,0.01,0.01,0.001,0.3,0.05,,0.0,1000,3,192,0,12.92,"[0.626, 0.6253, 0.6426]","[None, None, None]",2012
73,False,False,64,"(0.4, 0.3, 0.3)",64,4,0,20,1e-05,0.0001,100,0.01,3.0,0.2,0.01,0.01,0.001,0.3,0.05,,0.0,1000,2,128,0,8.34,"[0.5474, 0.5744]","[None, None]",2013
74,False,False,64,"(0.4, 0.3, 0.3)",64,4,0,20,1e-05,0.0001,100,0.01,3.0,0.2,0.01,0.01,0.001,0.3,0.05,,0.0,1000,3,192,0,12.92,"[0.5831, 0.6688, 0.6573]","[None, None, None]",2014
75,False,False,64,"(0.4, 0.3, 0.3)",64,4,0,20,1e-05,0.0001,100,0.01,3.0,0.2,0.01,0.01,0.001,0.3,0.05,,0.0,1000,3,192,0,12.99,"[0.5943, 0.6565, 0.6368]","[None, None, None]",2015
76,False,False,64,"(0.4, 0.3, 0.3)",64,4,0,20,1e-05,0.0001,100,0.01,3.0,0.2,0.01,0.01,0.001,0.3,0.05,,0.0,1000,4,256,0,17.5,"[0.5801, 0.6707, 0.694, 0.6849]","[None, None, None, None]",2016
77,False,False,64,"(0.4, 0.3, 0.3)",64,4,0,20,1e-05,0.0001,100,0.01,3.0,0.2,0.01,0.01,0.001,0.3,0.05,,0.0,1000,3,192,0,12.8,"[0.539, 0.6787, 0.6758]","[None, None, None]",2017
78,False,False,64,"(0.4, 0.3, 0.3)",64,4,0,20,1e-05,0.0001,100,0.01,3.0,0.2,0.01,0.01,0.001,0.3,0.05,,0.0,1000,3,192,0,12.8,"[0.5925, 0.5583, 0.6162]","[None, None, None]",2018
79,False,False,64,"(0.4, 0.3, 0.3)",64,4,0,20,1e-05,0.0001,100,0.01,3.0,0.2,0.01,0.01,0.001,0.3,0.05,,0.0,1000,2,128,0,8.34,"[0.5892, 0.6947]","[None, None]",2019
80,False,False,64,"(0.4, 0.3, 0.3)",64,4,0,20,1e-05,1e-05,100,0.01,2.0,0.1,0.01,0.01,0.001,0.3,0.05,,0.0,1000,4,256,0,17.49,"[0.5578, 0.588, 0.5789, 0.5786]","[None, None, None, None]",2000
81,False,False,64,"(0.4, 0.3, 0.3)",64,4,0,20,1e-05,1e-05,100,0.01,2.0,0.1,0.01,0.01,0.001,0.3,0.05,,0.0,1000,1,64,0,4.08,[0.5639],[None],2001
82,False,False,64,"(0.4, 0.3, 0.3)",64,4,0,20,1e-05,1e-05,100,0.01,2.0,0.1,0.01,0.01,0.001,0.3,0.05,,0.0,1000,3,192,0,12.82,"[0.546, 0.3986, 0.4755]","[None, None, None]",2002
83,False,False,64,"(0.4, 0.3, 0.3)",64,4,0,20,1e-05,1e-05,100,0.01,2.0,0.1,0.01,0.01,0.001,0.3,0.05,,0.0,1000,2,128,0,8.33,"[0.3241, 0.4942]","[None, None]",2003
84,False,False,64,"(0.4, 0.3, 0.3)",64,4,0,20,1e-05,1e-05,100,0.01,2.0,0.1,0.01,0.01,0.001,0.3,0.05,,0.0,1000,4,256,0,17.57,"[0.5656, 0.4174, 0.458, 0.5007]","[None, None, None, None]",2004
85,False,False,64,"(0.4, 0.3, 0.3)",64,4,0,20,1e-05,1e-05,100,0.01,2.0,0.1,0.01,0.01,0.001,0.3,0.05,,0.0,1000,2,128,0,8.34,"[0.5745, 0.4726]","[None, None]",2005
86,False,False,64,"(0.4, 0.3, 0.3)",64,4,0,20,1e-05,1e-05,100,0.01,2.0,0.1,0.01,0.01,0.001,0.3,0.05,,0.0,1000,2,128,0,8.34,"[0.6023, 0.5006]","[None, None]",2006
87,False,False,64,"(0.4, 0.3, 0.3)",64,4,0,20,1e-05,1e-05,100,0.01,2.0,0.1,0.01,0.01,0.001,0.3,0.05,,0.0,1000,5,320,0,22.43,"[0.5832, 0.511, 0.5541, 0.5453, 0.5541]","[None, None, None, None, None]",2007
88,False,False,64,"(0.4, 0.3, 0.3)",64,4,0,20,1e-05,1e-05,100,0.01,2.0,0.1,0.01,0.01,0.001,0.3,0.05,,0.0,1000,2,128,0,8.34,"[0.2705, 0.0903]","[None, None]",2008
89,False,False,64,"(0.4, 0.3, 0.3)",64,4,0,20,1e-05,1e-05,100,0.01,2.0,0.1,0.01,0.01,0.001,0.3,0.05,,0.0,1000,2,128,0,8.34,"[0.5227, 0.5785]","[None, None]",2009
90,False,False,64,"(0.4, 0.3, 0.3)",64,4,0,20,1e-05,1e-05,100,0.01,2.0,0.1,0.01,0.01,0.001,0.3,0.05,,0.0,1000,3,192,0,12.79,"[0.4197, 0.4748, 0.5126]","[None, None, None]",2010
91,False,False,64,"(0.4, 0.3, 0.3)",64,4,0,20,1e-05,1e-05,100,0.01,2.0,0.1,0.01,0.01,0.001,0.3,0.05,,0.0,1000,4,256,0,17.53,"[0.5884, 0.5514, 0.5659, 0.5543]","[None, None, None, None]",2011
92,False,False,64,"(0.4, 0.3, 0.3)",64,4,0,20,1e-05,1e-05,100,0.01,2.0,0.1,0.01,0.01,0.001,0.3,0.05,,0.0,1000,2,128,0,8.34,"[0.5362, 0.4432]","[None, None]",2012
93,False,False,64,"(0.4, 0.3, 0.3)",64,4,0,20,1e-05,1e-05,100,0.01,2.0,0.1,0.01,0.01,0.001,0.3,0.05,,0.0,1000,3,192,0,12.83,"[0.4152, 0.4113, 0.5025]","[None, None, None]",2013
94,False,False,64,"(0.4, 0.3, 0.3)",64,4,0,20,1e-05,1e-05,100,0.01,2.0,0.1,0.01,0.01,0.001,0.3,0.05,,0.0,1000,4,256,0,17.68,"[0.5458, 0.4806, 0.5283, 0.5202]","[None, None, None, None]",2014
95,False,False,64,"(0.4, 0.3, 0.3)",64,4,0,20,1e-05,1e-05,100,0.01,2.0,0.1,0.01,0.01,0.001,0.3,0.05,,0.0,1000,5,320,0,22.48,"[0.6127, 0.4953, 0.5309, 0.5509, 0.578]","[None, None, None, None, None]",2015
96,False,False,64,"(0.4, 0.3, 0.3)",64,4,0,20,1e-05,1e-05,100,0.01,2.0,0.1,0.01,0.01,0.001,0.3,0.05,,0.0,1000,4,256,0,17.52,"[0.5546, 0.2668, 0.4417, 0.5394]","[None, None, None, None]",2016
97,False,False,64,"(0.4, 0.3, 0.3)",64,4,0,20,1e-05,1e-05,100,0.01,2.0,0.1,0.01,0.01,0.001,0.3,0.05,,0.0,1000,3,192,0,12.8,"[0.6037, 0.5247, 0.536]","[None, None, None]",2017
98,False,False,64,"(0.4, 0.3, 0.3)",64,4,0,20,1e-05,1e-05,100,0.01,2.0,0.1,0.01,0.01,0.001,0.3,0.05,,0.0,1000,2,128,0,8.36,"[0.5072, 0.5106]","[None, None]",2018
99,False,False,64,"(0.4, 0.3, 0.3)",64,4,0,20,1e-05,1e-05,100,0.01,2.0,0.1,0.01,0.01,0.001,0.3,0.05,,0.0,1000,3,192,0,12.81,"[0.6015, 0.5839, 0.5513]","[None, None, None]",2019
100,False,False,64,"(0.4, 0.3, 0.3)",64,4,0,20,1e-05,1e-05,100,0.01,2.0,0.2,0.01,0.01,0.001,0.3,0.05,,0.0,1000,4,256,0,17.5,"[0.4074, 0.5055, 0.4728, 0.4162]","[None, None, None, None]",2000
101,False,False,64,"(0.4, 0.3, 0.3)",64,4,0,20,1e-05,1e-05,100,0.01,2.0,0.2,0.01,0.01,0.001,0.3,0.05,,0.0,1000,1,64,0,4.05,[0.4561],[None],2001
102,False,False,64,"(0.4, 0.3, 0.3)",64,4,0,20,1e-05,1e-05,100,0.01,2.0,0.2,0.01,0.01,0.001,0.3,0.05,,0.0,1000,2,128,0,8.34,"[0.4225, 0.2719]","[None, None]",2002
103,False,False,64,"(0.4, 0.3, 0.3)",64,4,0,20,1e-05,1e-05,100,0.01,2.0,0.2,0.01,0.01,0.001,0.3,0.05,,0.0,1000,2,128,0,8.36,"[-0.2926, 0.3802]","[None, None]",2003
104,False,False,64,"(0.4, 0.3, 0.3)",64,4,0,20,1e-05,1e-05,100,0.01,2.0,0.2,0.01,0.01,0.001,0.3,0.05,,0.0,1000,3,192,0,12.8,"[0.5059, 0.3432, 0.3479]","[None, None, None]",2004
105,False,False,64,"(0.4, 0.3, 0.3)",64,4,0,20,1e-05,1e-05,100,0.01,2.0,0.2,0.01,0.01,0.001,0.3,0.05,,0.0,1000,3,192,0,12.81,"[0.3586, 0.3772, 0.43]","[None, None, None]",2005
106,False,False,64,"(0.4, 0.3, 0.3)",64,4,0,20,1e-05,1e-05,100,0.01,2.0,0.2,0.01,0.01,0.001,0.3,0.05,,0.0,1000,3,192,0,12.85,"[0.53, 0.4488, 0.4633]","[None, None, None]",2006
107,False,False,64,"(0.4, 0.3, 0.3)",64,4,0,20,1e-05,1e-05,100,0.01,2.0,0.2,0.01,0.01,0.001,0.3,0.05,,0.0,1000,4,256,0,17.63,"[0.4973, 0.345, 0.4838, 0.4794]","[None, None, None, None]",2007
108,False,False,64,"(0.4, 0.3, 0.3)",64,4,0,20,1e-05,1e-05,100,0.01,2.0,0.2,0.01,0.01,0.001,0.3,0.05,,0.0,1000,3,192,0,12.86,"[-0.0291, -0.5055, 0.2441]","[None, None, None]",2008
109,False,False,64,"(0.4, 0.3, 0.3)",64,4,0,20,1e-05,1e-05,100,0.01,2.0,0.2,0.01,0.01,0.001,0.3,0.05,,0.0,1000,2,128,0,8.35,"[0.3202, 0.521]","[None, None]",2009
110,False,False,64,"(0.4, 0.3, 0.3)",64,4,0,20,1e-05,1e-05,100,0.01,2.0,0.2,0.01,0.01,0.001,0.3,0.05,,0.0,1000,4,256,0,17.51,"[0.2552, 0.3739, 0.4941, 0.4777]","[None, None, None, None]",2010
111,False,False,64,"(0.4, 0.3, 0.3)",64,4,0,20,1e-05,1e-05,100,0.01,2.0,0.2,0.01,0.01,0.001,0.3,0.05,,0.0,1000,4,256,0,17.5,"[0.4579, 0.4698, 0.4798, 0.4554]","[None, None, None, None]",2011
112,False,False,64,"(0.4, 0.3, 0.3)",64,4,0,20,1e-05,1e-05,100,0.01,2.0,0.2,0.01,0.01,0.001,0.3,0.05,,0.0,1000,2,128,0,8.36,"[0.3558, 0.4051]","[None, None]",2012
113,False,False,64,"(0.4, 0.3, 0.3)",64,4,0,20,1e-05,1e-05,100,0.01,2.0,0.2,0.01,0.01,0.001,0.3,0.05,,0.0,1000,3,192,0,12.81,"[0.222, 0.2752, 0.3873]","[None, None, None]",2013
114,False,False,64,"(0.4, 0.3, 0.3)",64,4,0,20,1e-05,1e-05,100,0.01,2.0,0.2,0.01,0.01,0.001,0.3,0.05,,0.0,1000,4,256,0,17.55,"[0.4473, 0.334, 0.3841, 0.4306]","[None, None, None, None]",2014
115,False,False,64,"(0.4, 0.3, 0.3)",64,4,0,20,1e-05,1e-05,100,0.01,2.0,0.2,0.01,0.01,0.001,0.3,0.05,,0.0,1000,7,448,0,33.83,"[0.4752, 0.3364, 0.4352, 0.4483, 0.4203, 0.4289, 0.4167]","[None, None, None, None, None, None, None]",2015
116,False,False,64,"(0.4, 0.3, 0.3)",64,4,0,20,1e-05,1e-05,100,0.01,2.0,0.2,0.01,0.01,0.001,0.3,0.05,,0.0,1000,4,256,0,17.75,"[0.3557, -0.1699, 0.1835, 0.4013]","[None, None, None, None]",2016
117,False,False,64,"(0.4, 0.3, 0.3)",64,4,0,20,1e-05,1e-05,100,0.01,2.0,0.2,0.01,0.01,0.001,0.3,0.05,,0.0,1000,3,192,0,13.27,"[0.4957, 0.4311, 0.3907]","[None, None, None]",2017
118,False,False,64,"(0.4, 0.3, 0.3)",64,4,0,20,1e-05,1e-05,100,0.01,2.0,0.2,0.01,0.01,0.001,0.3,0.05,,0.0,1000,5,320,0,22.89,"[0.3487, 0.3316, 0.2667, 0.4344, 0.4374]","[None, None, None, None, None]",2018
119,False,False,64,"(0.4, 0.3, 0.3)",64,4,0,20,1e-05,1e-05,100,0.01,2.0,0.2,0.01,0.01,0.001,0.3,0.05,,0.0,1000,3,192,0,13.06,"[0.451, 0.4529, 0.4683]","[None, None, None]",2019
120,False,False,64,"(0.4, 0.3, 0.3)",64,4,0,20,1e-05,1e-05,100,0.01,3.0,0.1,0.01,0.01,0.001,0.3,0.05,,0.0,1000,4,256,0,17.85,"[0.1239, 0.1631, 0.1209, -0.0494]","[None, None, None, None]",2000
121,False,False,64,"(0.4, 0.3, 0.3)",64,4,0,20,1e-05,1e-05,100,0.01,3.0,0.1,0.01,0.01,0.001,0.3,0.05,,0.0,1000,1,64,0,4.21,[0.1811],[None],2001
122,False,False,64,"(0.4, 0.3, 0.3)",64,4,0,20,1e-05,1e-05,100,0.01,3.0,0.1,0.01,0.01,0.001,0.3,0.05,,0.0,1000,4,256,0,17.63,"[-0.0286, -0.6894, -0.4615, -0.349]","[None, None, None, None]",2002
123,False,False,64,"(0.4, 0.3, 0.3)",64,4,0,20,1e-05,1e-05,100,0.01,3.0,0.1,0.01,0.01,0.001,0.3,0.05,,0.0,1000,2,128,0,8.38,"[-1.1739, -0.3727]","[None, None]",2003
124,False,False,64,"(0.4, 0.3, 0.3)",64,4,0,20,1e-05,1e-05,100,0.01,3.0,0.1,0.01,0.01,0.001,0.3,0.05,,0.0,1000,3,192,0,12.93,"[0.3484, -0.6745, -0.549]","[None, None, None]",2004
125,False,False,64,"(0.4, 0.3, 0.3)",64,4,0,20,1e-05,1e-05,100,0.01,3.0,0.1,0.01,0.01,0.001,0.3,0.05,,0.0,1000,3,192,0,12.82,"[-0.1427, -0.916, -0.2104]","[None, None, None]",2005
126,False,False,64,"(0.4, 0.3, 0.3)",64,4,0,20,1e-05,1e-05,100,0.01,3.0,0.1,0.01,0.01,0.001,0.3,0.05,,0.0,1000,3,192,0,12.81,"[0.3967, -0.3465, -0.3568]","[None, None, None]",2006
127,False,False,64,"(0.4, 0.3, 0.3)",64,4,0,20,1e-05,1e-05,100,0.01,3.0,0.1,0.01,0.01,0.001,0.3,0.05,,0.0,1000,5,320,0,22.47,"[0.2974, -0.6942, -0.3413, -0.3955, -0.4877]","[None, None, None, None, None]",2007
128,False,False,64,"(0.4, 0.3, 0.3)",64,4,0,20,1e-05,1e-05,100,0.01,3.0,0.1,0.01,0.01,0.001,0.3,0.05,,0.0,1000,3,192,0,12.98,"[-0.8383, -1.433, -0.5976]","[None, None, None]",2008
129,False,False,64,"(0.4, 0.3, 0.3)",64,4,0,20,1e-05,1e-05,100,0.01,3.0,0.1,0.01,0.01,0.001,0.3,0.05,,0.0,1000,3,192,0,12.83,"[-0.3728, 0.2403, 0.1101]","[None, None, None]",2009
130,False,False,64,"(0.4, 0.3, 0.3)",64,4,0,20,1e-05,1e-05,100,0.01,3.0,0.1,0.01,0.01,0.001,0.3,0.05,,0.0,1000,5,320,0,22.49,"[-0.108, -0.5134, -0.0273, -0.0153, -0.0844]","[None, None, None, None, None]",2010
131,False,False,64,"(0.4, 0.3, 0.3)",64,4,0,20,1e-05,1e-05,100,0.01,3.0,0.1,0.01,0.01,0.001,0.3,0.05,,0.0,1000,4,256,0,17.56,"[0.1607, 0.0409, 0.0165, -0.1548]","[None, None, None, None]",2011
132,False,False,64,"(0.4, 0.3, 0.3)",64,4,0,20,1e-05,1e-05,100,0.01,3.0,0.1,0.01,0.01,0.001,0.3,0.05,,0.0,1000,2,128,0,8.41,"[-0.0852, 0.0581]","[None, None]",2012
133,False,False,64,"(0.4, 0.3, 0.3)",64,4,0,20,1e-05,1e-05,100,0.01,3.0,0.1,0.01,0.01,0.001,0.3,0.05,,0.0,1000,3,192,0,12.82,"[-0.2176, -0.3581, -0.0092]","[None, None, None]",2013
134,False,False,64,"(0.4, 0.3, 0.3)",64,4,0,20,1e-05,1e-05,100,0.01,3.0,0.1,0.01,0.01,0.001,0.3,0.05,,0.0,1000,3,192,0,13.15,"[0.1774, -0.644, -0.1415]","[None, None, None]",2014
135,False,False,64,"(0.4, 0.3, 0.3)",64,4,0,20,1e-05,1e-05,100,0.01,3.0,0.1,0.01,0.01,0.001,0.3,0.05,,0.0,1000,4,256,0,17.9,"[0.0837, -0.7814, -0.399, -0.2307]","[None, None, None, None]",2015
136,False,False,64,"(0.4, 0.3, 0.3)",64,4,0,20,1e-05,1e-05,100,0.01,3.0,0.1,0.01,0.01,0.001,0.3,0.05,,0.0,1000,3,192,0,13.22,"[-0.1882, -1.499, -1.5333]","[None, None, None]",2016
137,False,False,64,"(0.4, 0.3, 0.3)",64,4,0,20,1e-05,1e-05,100,0.01,3.0,0.1,0.01,0.01,0.001,0.3,0.05,,0.0,1000,2,128,0,8.37,"[0.2045, -0.1367]","[None, None]",2017
138,False,False,64,"(0.4, 0.3, 0.3)",64,4,0,20,1e-05,1e-05,100,0.01,3.0,0.1,0.01,0.01,0.001,0.3,0.05,,0.0,1000,4,256,0,17.52,"[-0.0968, -0.4653, -0.54, -0.1699]","[None, None, None, None]",2018
139,False,False,64,"(0.4, 0.3, 0.3)",64,4,0,20,1e-05,1e-05,100,0.01,3.0,0.1,0.01,0.01,0.001,0.3,0.05,,0.0,1000,3,192,0,12.83,"[0.0629, 0.0182, -0.0174]","[None, None, None]",2019
140,False,False,64,"(0.4, 0.3, 0.3)",64,4,0,20,1e-05,1e-05,100,0.01,3.0,0.2,0.01,0.01,0.001,0.3,0.05,,0.0,1000,4,256,0,17.76,"[-0.3989, -0.494, -0.6647, -0.5724]","[None, None, None, None]",2000
141,False,False,64,"(0.4, 0.3, 0.3)",64,4,0,20,1e-05,1e-05,100,0.01,3.0,0.2,0.01,0.01,0.001,0.3,0.05,,0.0,1000,1,64,0,4.21,[-0.2697],[None],2001
142,False,False,64,"(0.4, 0.3, 0.3)",64,4,0,20,1e-05,1e-05,100,0.01,3.0,0.2,0.01,0.01,0.001,0.3,0.05,,0.0,1000,2,128,0,8.64,"[-0.4456, -1.3682]","[None, None]",2002
143,False,False,64,"(0.4, 0.3, 0.3)",64,4,0,20,1e-05,1e-05,100,0.01,3.0,0.2,0.01,0.01,0.001,0.3,0.05,,0.0,1000,3,192,0,12.96,"[-2.0983, -1.0788, -0.803]","[None, None, None]",2003
144,False,False,64,"(0.4, 0.3, 0.3)",64,4,0,20,1e-05,1e-05,100,0.01,3.0,0.2,0.01,0.01,0.001,0.3,0.05,,0.0,1000,4,256,0,17.73,"[0.0527, -1.2856, -0.9475, -0.9608]","[None, None, None, None]",2004
145,False,False,64,"(0.4, 0.3, 0.3)",64,4,0,20,1e-05,1e-05,100,0.01,3.0,0.2,0.01,0.01,0.001,0.3,0.05,,0.0,1000,3,192,0,12.9,"[-0.7107, -1.2732, -0.7544]","[None, None, None]",2005
146,False,False,64,"(0.4, 0.3, 0.3)",64,4,0,20,1e-05,1e-05,100,0.01,3.0,0.2,0.01,0.01,0.001,0.3,0.05,,0.0,1000,4,256,0,18.14,"[0.1122, -0.6432, -0.6442, -0.8966]","[None, None, None, None]",2006
147,False,False,64,"(0.4, 0.3, 0.3)",64,4,0,20,1e-05,1e-05,100,0.01,3.0,0.2,0.01,0.01,0.001,0.3,0.05,,0.0,1000,5,320,0,23.25,"[-0.0852, -1.4677, -0.6118, -0.4151, -0.5732]","[None, None, None, None, None]",2007
148,False,False,64,"(0.4, 0.3, 0.3)",64,4,0,20,1e-05,1e-05,100,0.01,3.0,0.2,0.01,0.01,0.001,0.3,0.05,,0.0,1000,3,192,0,13.05,"[-1.3898, -2.4102, -1.2929]","[None, None, None]",2008
149,False,False,64,"(0.4, 0.3, 0.3)",64,4,0,20,1e-05,1e-05,100,0.01,3.0,0.2,0.01,0.01,0.001,0.3,0.05,,0.0,1000,3,192,0,12.91,"[-0.9831, 0.0972, 0.0036]","[None, None, None]",2009
150,False,False,64,"(0.4, 0.3, 0.3)",64,4,0,20,1e-05,1e-05,100,0.01,3.0,0.2,0.01,0.01,0.001,0.3,0.05,,0.0,1000,3,192,0,13.27,"[-0.601, -1.2418, -0.5374]","[None, None, None]",2010
151,False,False,64,"(0.4, 0.3, 0.3)",64,4,0,20,1e-05,1e-05,100,0.01,3.0,0.2,0.01,0.01,0.001,0.3,0.05,,0.0,1000,4,256,0,18.15,"[-0.337, -0.503, -0.3658, -0.682]","[None, None, None, None]",2011
152,False,False,64,"(0.4, 0.3, 0.3)",64,4,0,20,1e-05,1e-05,100,0.01,3.0,0.2,0.01,0.01,0.001,0.3,0.05,,0.0,1000,3,192,0,12.93,"[-0.6639, -0.2326, -0.4112]","[None, None, None]",2012
153,False,False,64,"(0.4, 0.3, 0.3)",64,4,0,20,1e-05,1e-05,100,0.01,3.0,0.2,0.01,0.01,0.001,0.3,0.05,,0.0,1000,3,192,0,12.82,"[-0.7442, -0.8737, -0.6262]","[None, None, None]",2013
154,False,False,64,"(0.4, 0.3, 0.3)",64,4,0,20,1e-05,1e-05,100,0.01,3.0,0.2,0.01,0.01,0.001,0.3,0.05,,0.0,1000,2,128,0,8.41,"[-0.2297, -1.0268]","[None, None]",2014
155,False,False,64,"(0.4, 0.3, 0.3)",64,4,0,20,1e-05,1e-05,100,0.01,3.0,0.2,0.01,0.01,0.001,0.3,0.05,,0.0,1000,5,320,0,22.51,"[-0.3981, -1.1806, -0.7854, -0.6295, -0.8492]","[None, None, None, None, None]",2015
156,False,False,64,"(0.4, 0.3, 0.3)",64,4,0,20,1e-05,1e-05,100,0.01,3.0,0.2,0.01,0.01,0.001,0.3,0.05,,0.0,1000,3,192,0,12.84,"[-0.7917, -1.9772, -1.8768]","[None, None, None]",2016
157,False,False,64,"(0.4, 0.3, 0.3)",64,4,0,20,1e-05,1e-05,100,0.01,3.0,0.2,0.01,0.01,0.001,0.3,0.05,,0.0,1000,3,192,0,12.82,"[-0.2748, -0.7865, -0.5495]","[None, None, None]",2017
158,False,False,64,"(0.4, 0.3, 0.3)",64,4,0,20,1e-05,1e-05,100,0.01,3.0,0.2,0.01,0.01,0.001,0.3,0.05,,0.0,1000,5,320,0,22.62,"[-0.6308, -0.7664, -0.7329, -0.609, -0.5502]","[None, None, None, None, None]",2018
159,False,False,64,"(0.4, 0.3, 0.3)",64,4,0,20,1e-05,1e-05,100,0.01,3.0,0.2,0.01,0.01,0.001,0.3,0.05,,0.0,1000,3,192,0,13.13,"[-0.5439, -0.2437, -0.48]","[None, None, None]",2019
160,False,False,64,"(0.4, 0.3, 0.3)",128,4,0,20,1e-05,0.0001,100,0.01,2.0,0.1,0.01,0.01,0.001,0.3,0.05,,0.0,1000,4,256,0,17.51,"[0.5809, 0.6467, 0.6693, 0.6981]","[None, None, None, None]",2000
161,False,False,64,"(0.4, 0.3, 0.3)",128,4,0,20,1e-05,0.0001,100,0.01,2.0,0.1,0.01,0.01,0.001,0.3,0.05,,0.0,1000,1,64,0,4.05,[0.553],[None],2001
162,False,False,64,"(0.4, 0.3, 0.3)",128,4,0,20,1e-05,0.0001,100,0.01,2.0,0.1,0.01,0.01,0.001,0.3,0.05,,0.0,1000,2,128,0,8.35,"[0.6319, 0.6475]","[None, None]",2002
163,False,False,64,"(0.4, 0.3, 0.3)",128,4,0,20,1e-05,0.0001,100,0.01,2.0,0.1,0.01,0.01,0.001,0.3,0.05,,0.0,1000,2,128,0,8.41,"[0.6153, 0.6534]","[None, None]",2003
164,False,False,64,"(0.4, 0.3, 0.3)",128,4,0,20,1e-05,0.0001,100,0.01,2.0,0.1,0.01,0.01,0.001,0.3,0.05,,0.0,1000,4,256,0,17.52,"[0.5227, 0.7033, 0.6754, 0.6902]","[None, None, None, None]",2004
165,False,False,64,"(0.4, 0.3, 0.3)",128,4,0,20,1e-05,0.0001,100,0.01,2.0,0.1,0.01,0.01,0.001,0.3,0.05,,0.0,1000,2,128,0,8.37,"[0.6778, 0.6878]","[None, None]",2005
166,False,False,64,"(0.4, 0.3, 0.3)",128,4,0,20,1e-05,0.0001,100,0.01,2.0,0.1,0.01,0.01,0.001,0.3,0.05,,0.0,1000,2,128,0,8.33,"[0.5867, 0.7317]","[None, None]",2006
167,False,False,64,"(0.4, 0.3, 0.3)",128,4,0,20,1e-05,0.0001,100,0.01,2.0,0.1,0.01,0.01,0.001,0.3,0.05,,0.0,1000,4,256,0,17.56,"[0.4763, 0.6894, 0.7058, 0.7207]","[None, None, None, None]",2007
168,False,False,64,"(0.4, 0.3, 0.3)",128,4,0,20,1e-05,0.0001,100,0.01,2.0,0.1,0.01,0.01,0.001,0.3,0.05,,0.0,1000,2,128,0,8.36,"[0.6108, 0.6516]","[None, None]",2008
169,False,False,64,"(0.4, 0.3, 0.3)",128,4,0,20,1e-05,0.0001,100,0.01,2.0,0.1,0.01,0.01,0.001,0.3,0.05,,0.0,1000,3,192,0,13.08,"[0.6542, 0.7198, 0.7027]","[None, None, None]",2009
170,False,False,64,"(0.4, 0.3, 0.3)",128,4,0,20,1e-05,0.0001,100,0.01,2.0,0.1,0.01,0.01,0.001,0.3,0.05,,0.0,1000,3,192,0,13.27,"[0.5333, 0.6801, 0.7082]","[None, None, None]",2010
171,False,False,64,"(0.4, 0.3, 0.3)",128,4,0,20,1e-05,0.0001,100,0.01,2.0,0.1,0.01,0.01,0.001,0.3,0.05,,0.0,1000,4,256,0,18.16,"[0.6476, 0.6898, 0.6872, 0.7]","[None, None, None, None]",2011
172,False,False,64,"(0.4, 0.3, 0.3)",128,4,0,20,1e-05,0.0001,100,0.01,2.0,0.1,0.01,0.01,0.001,0.3,0.05,,0.0,1000,3,192,0,13.17,"[0.6331, 0.6244, 0.6659]","[None, None, None]",2012
173,False,False,64,"(0.4, 0.3, 0.3)",128,4,0,20,1e-05,0.0001,100,0.01,2.0,0.1,0.01,0.01,0.001,0.3,0.05,,0.0,1000,2,128,0,8.64,"[0.5623, 0.625]","[None, None]",2013
174,False,False,64,"(0.4, 0.3, 0.3)",128,4,0,20,1e-05,0.0001,100,0.01,2.0,0.1,0.01,0.01,0.001,0.3,0.05,,0.0,1000,3,192,0,13.3,"[0.5915, 0.7047, 0.6915]","[None, None, None]",2014
175,False,False,64,"(0.4, 0.3, 0.3)",128,4,0,20,1e-05,0.0001,100,0.01,2.0,0.1,0.01,0.01,0.001,0.3,0.05,,0.0,1000,3,192,0,13.3,"[0.6096, 0.6806, 0.6407]","[None, None, None]",2015
176,False,False,64,"(0.4, 0.3, 0.3)",128,4,0,20,1e-05,0.0001,100,0.01,2.0,0.1,0.01,0.01,0.001,0.3,0.05,,0.0,1000,3,192,0,13.12,"[0.5922, 0.7023, 0.7191]","[None, None, None]",2016
177,False,False,64,"(0.4, 0.3, 0.3)",128,4,0,20,1e-05,0.0001,100,0.01,2.0,0.1,0.01,0.01,0.001,0.3,0.05,,0.0,1000,3,192,0,12.96,"[0.5508, 0.7017, 0.6771]","[None, None, None]",2017
178,False,False,64,"(0.4, 0.3, 0.3)",128,4,0,20,1e-05,0.0001,100,0.01,2.0,0.1,0.01,0.01,0.001,0.3,0.05,,0.0,1000,3,192,0,13.28,"[0.6067, 0.5741, 0.6352]","[None, None, None]",2018
179,False,False,64,"(0.4, 0.3, 0.3)",128,4,0,20,1e-05,0.0001,100,0.01,2.0,0.1,0.01,0.01,0.001,0.3,0.05,,0.0,1000,2,128,0,8.66,"[0.6064, 0.6857]","[None, None]",2019
180,False,False,64,"(0.4, 0.3, 0.3)",128,4,0,20,1e-05,0.0001,100,0.01,2.0,0.2,0.01,0.01,0.001,0.3,0.05,,0.0,1000,4,256,0,18.02,"[0.5726, 0.6544, 0.6531, 0.6948]","[None, None, None, None]",2000
181,False,False,64,"(0.4, 0.3, 0.3)",128,4,0,20,1e-05,0.0001,100,0.01,2.0,0.2,0.01,0.01,0.001,0.3,0.05,,0.0,1000,1,64,0,4.05,[0.5494],[None],2001
182,False,False,64,"(0.4, 0.3, 0.3)",128,4,0,20,1e-05,0.0001,100,0.01,2.0,0.2,0.01,0.01,0.001,0.3,0.05,,0.0,1000,2,128,0,8.37,"[0.6333, 0.6417]","[None, None]",2002
183,False,False,64,"(0.4, 0.3, 0.3)",128,4,0,20,1e-05,0.0001,100,0.01,2.0,0.2,0.01,0.01,0.001,0.3,0.05,,0.0,1000,2,128,0,8.35,"[0.6144, 0.6844]","[None, None]",2003
184,False,False,64,"(0.4, 0.3, 0.3)",128,4,0,20,1e-05,0.0001,100,0.01,2.0,0.2,0.01,0.01,0.001,0.3,0.05,,0.0,1000,5,320,0,22.76,"[0.5164, 0.7022, 0.6746, 0.7056, 0.7105]","[None, None, None, None, None]",2004
185,False,False,64,"(0.4, 0.3, 0.3)",128,4,0,20,1e-05,0.0001,100,0.01,2.0,0.2,0.01,0.01,0.001,0.3,0.05,,0.0,1000,2,128,0,8.61,"[0.6715, 0.68]","[None, None]",2005
186,False,False,64,"(0.4, 0.3, 0.3)",128,4,0,20,1e-05,0.0001,100,0.01,2.0,0.2,0.01,0.01,0.001,0.3,0.05,,0.0,1000,2,128,0,8.53,"[0.5842, 0.7158]","[None, None]",2006
187,False,False,64,"(0.4, 0.3, 0.3)",128,4,0,20,1e-05,0.0001,100,0.01,2.0,0.2,0.01,0.01,0.001,0.3,0.05,,0.0,1000,3,192,0,13.14,"[0.4532, 0.6961, 0.6841]","[None, None, None]",2007
188,False,False,64,"(0.4, 0.3, 0.3)",128,4,0,20,1e-05,0.0001,100,0.01,2.0,0.2,0.01,0.01,0.001,0.3,0.05,,0.0,1000,2,128,0,8.41,"[0.6098, 0.6334]","[None, None]",2008
189,False,False,64,"(0.4, 0.3, 0.3)",128,4,0,20,1e-05,0.0001,100,0.01,2.0,0.2,0.01,0.01,0.001,0.3,0.05,,0.0,1000,3,192,0,12.8,"[0.6476, 0.7246, 0.6869]","[None, None, None]",2009
190,False,False,64,"(0.4, 0.3, 0.3)",128,4,0,20,1e-05,0.0001,100,0.01,2.0,0.2,0.01,0.01,0.001,0.3,0.05,,0.0,1000,4,256,0,17.51,"[0.5314, 0.676, 0.6834, 0.707]","[None, None, None, None]",2010
191,False,False,64,"(0.4, 0.3, 0.3)",128,4,0,20,1e-05,0.0001,100,0.01,2.0,0.2,0.01,0.01,0.001,0.3,0.05,,0.0,1000,5,320,0,22.44,"[0.6536, 0.6719, 0.649, 0.6934, 0.7224]","[None, None, None, None, None]",2011
192,False,False,64,"(0.4, 0.3, 0.3)",128,4,0,20,1e-05,0.0001,100,0.01,2.0,0.2,0.01,0.01,0.001,0.3,0.05,,0.0,1000,2,128,0,8.34,"[0.6314, 0.605]","[None, None]",2012
193,False,False,64,"(0.4, 0.3, 0.3)",128,4,0,20,1e-05,0.0001,100,0.01,2.0,0.2,0.01,0.01,0.001,0.3,0.05,,0.0,1000,2,128,0,8.34,"[0.5561, 0.6129]","[None, None]",2013
194,False,False,64,"(0.4, 0.3, 0.3)",128,4,0,20,1e-05,0.0001,100,0.01,2.0,0.2,0.01,0.01,0.001,0.3,0.05,,0.0,1000,4,256,0,17.8,"[0.586, 0.6997, 0.7221, 0.7025]","[None, None, None, None]",2014
195,False,False,64,"(0.4, 0.3, 0.3)",128,4,0,20,1e-05,0.0001,100,0.01,2.0,0.2,0.01,0.01,0.001,0.3,0.05,,0.0,1000,3,192,0,12.89,"[0.6037, 0.6628, 0.6521]","[None, None, None]",2015
196,False,False,64,"(0.4, 0.3, 0.3)",128,4,0,20,1e-05,0.0001,100,0.01,2.0,0.2,0.01,0.01,0.001,0.3,0.05,,0.0,1000,4,256,0,17.6,"[0.5852, 0.7095, 0.7062, 0.7056]","[None, None, None, None]",2016
197,False,False,64,"(0.4, 0.3, 0.3)",128,4,0,20,1e-05,0.0001,100,0.01,2.0,0.2,0.01,0.01,0.001,0.3,0.05,,0.0,1000,2,128,0,8.52,"[0.5558, 0.6966]","[None, None]",2017
198,False,False,64,"(0.4, 0.3, 0.3)",128,4,0,20,1e-05,0.0001,100,0.01,2.0,0.2,0.01,0.01,0.001,0.3,0.05,,0.0,1000,3,192,0,13.08,"[0.6077, 0.6247, 0.6715]","[None, None, None]",2018
199,False,False,64,"(0.4, 0.3, 0.3)",128,4,0,20,1e-05,0.0001,100,0.01,2.0,0.2,0.01,0.01,0.001,0.3,0.05,,0.0,1000,2,128,0,8.44,"[0.6042, 0.7031]","[None, None]",2019
200,False,False,64,"(0.4, 0.3, 0.3)",128,4,0,20,1e-05,0.0001,100,0.01,3.0,0.1,0.01,0.01,0.001,0.3,0.05,,0.0,1000,3,192,0,12.9,"[0.5846, 0.6086, 0.6236]","[None, None, None]",2000
201,False,False,64,"(0.4, 0.3, 0.3)",128,4,0,20,1e-05,0.0001,100,0.01,3.0,0.1,0.01,0.01,0.001,0.3,0.05,,0.0,1000,1,64,0,4.06,[0.5354],[None],2001
202,False,False,64,"(0.4, 0.3, 0.3)",128,4,0,20,1e-05,0.0001,100,0.01,3.0,0.1,0.01,0.01,0.001,0.3,0.05,,0.0,1000,2,128,0,8.41,"[0.633, 0.6208]","[None, None]",2002
203,False,False,64,"(0.4, 0.3, 0.3)",128,4,0,20,1e-05,0.0001,100,0.01,3.0,0.1,0.01,0.01,0.001,0.3,0.05,,0.0,1000,2,128,0,8.62,"[0.6113, 0.647]","[None, None]",2003
204,False,False,64,"(0.4, 0.3, 0.3)",128,4,0,20,1e-05,0.0001,100,0.01,3.0,0.1,0.01,0.01,0.001,0.3,0.05,,0.0,1000,4,256,0,18.16,"[0.5164, 0.6589, 0.6079, 0.612]","[None, None, None, None]",2004
205,False,False,64,"(0.4, 0.3, 0.3)",128,4,0,20,1e-05,0.0001,100,0.01,3.0,0.1,0.01,0.01,0.001,0.3,0.05,,0.0,1000,2,128,0,8.68,"[0.6772, 0.6534]","[None, None]",2005
206,False,False,64,"(0.4, 0.3, 0.3)",128,4,0,20,1e-05,0.0001,100,0.01,3.0,0.1,0.01,0.01,0.001,0.3,0.05,,0.0,1000,1,64,0,4.22,[0.5735],[None],2006
207,False,False,64,"(0.4, 0.3, 0.3)",128,4,0,20,1e-05,0.0001,100,0.01,3.0,0.1,0.01,0.01,0.001,0.3,0.05,,0.0,1000,4,256,0,18.11,"[0.4756, 0.6955, 0.6775, 0.7157]","[None, None, None, None]",2007
208,False,False,64,"(0.4, 0.3, 0.3)",128,4,0,20,1e-05,0.0001,100,0.01,3.0,0.1,0.01,0.01,0.001,0.3,0.05,,0.0,1000,2,128,0,8.34,"[0.6052, 0.6149]","[None, None]",2008
209,False,False,64,"(0.4, 0.3, 0.3)",128,4,0,20,1e-05,0.0001,100,0.01,3.0,0.1,0.01,0.01,0.001,0.3,0.05,,0.0,1000,3,192,0,12.97,"[0.6485, 0.691, 0.6586]","[None, None, None]",2009
210,False,False,64,"(0.4, 0.3, 0.3)",128,4,0,20,1e-05,0.0001,100,0.01,3.0,0.1,0.01,0.01,0.001,0.3,0.05,,0.0,1000,3,192,0,13.28,"[0.5101, 0.6419, 0.636]","[None, None, None]",2010
211,False,False,64,"(0.4, 0.3, 0.3)",128,4,0,20,1e-05,0.0001,100,0.01,3.0,0.1,0.01,0.01,0.001,0.3,0.05,,0.0,1000,4,256,0,18.13,"[0.6383, 0.6533, 0.6689, 0.6972]","[None, None, None, None]",2011
212,False,False,64,"(0.4, 0.3, 0.3)",128,4,0,20,1e-05,0.0001,100,0.01,3.0,0.1,0.01,0.01,0.001,0.3,0.05,,0.0,1000,2,128,0,8.63,"[0.6262, 0.5791]","[None, None]",2012
213,False,False,64,"(0.4, 0.3, 0.3)",128,4,0,20,1e-05,0.0001,100,0.01,3.0,0.1,0.01,0.01,0.001,0.3,0.05,,0.0,1000,2,128,0,8.74,"[0.5495, 0.6182]","[None, None]",2013
214,False,False,64,"(0.4, 0.3, 0.3)",128,4,0,20,1e-05,0.0001,100,0.01,3.0,0.1,0.01,0.01,0.001,0.3,0.05,,0.0,1000,4,256,0,17.66,"[0.5843, 0.6718, 0.6536, 0.639]","[None, None, None, None]",2014
215,False,False,64,"(0.4, 0.3, 0.3)",128,4,0,20,1e-05,0.0001,100,0.01,3.0,0.1,0.01,0.01,0.001,0.3,0.05,,0.0,1000,3,192,0,12.94,"[0.5991, 0.6454, 0.6192]","[None, None, None]",2015
216,False,False,64,"(0.4, 0.3, 0.3)",128,4,0,20,1e-05,0.0001,100,0.01,3.0,0.1,0.01,0.01,0.001,0.3,0.05,,0.0,1000,4,256,0,17.86,"[0.584, 0.6921, 0.6908, 0.6763]","[None, None, None, None]",2016
217,False,False,64,"(0.4, 0.3, 0.3)",128,4,0,20,1e-05,0.0001,100,0.01,3.0,0.1,0.01,0.01,0.001,0.3,0.05,,0.0,1000,3,192,0,13.28,"[0.5293, 0.6967, 0.6759]","[None, None, None]",2017
218,False,False,64,"(0.4, 0.3, 0.3)",128,4,0,20,1e-05,0.0001,100,0.01,3.0,0.1,0.01,0.01,0.001,0.3,0.05,,0.0,1000,3,192,0,12.97,"[0.5928, 0.5736, 0.6309]","[None, None, None]",2018
219,False,False,64,"(0.4, 0.3, 0.3)",128,4,0,20,1e-05,0.0001,100,0.01,3.0,0.1,0.01,0.01,0.001,0.3,0.05,,0.0,1000,2,128,0,8.38,"[0.5913, 0.6838]","[None, None]",2019
220,False,False,64,"(0.4, 0.3, 0.3)",128,4,0,20,1e-05,0.0001,100,0.01,3.0,0.2,0.01,0.01,0.001,0.3,0.05,,0.0,1000,4,256,0,17.65,"[0.5736, 0.6118, 0.5732, 0.6648]","[None, None, None, None]",2000
221,False,False,64,"(0.4, 0.3, 0.3)",128,4,0,20,1e-05,0.0001,100,0.01,3.0,0.2,0.01,0.01,0.001,0.3,0.05,,0.0,1000,1,64,0,4.07,[0.5341],[None],2001
222,False,False,64,"(0.4, 0.3, 0.3)",128,4,0,20,1e-05,0.0001,100,0.01,3.0,0.2,0.01,0.01,0.001,0.3,0.05,,0.0,1000,2,128,0,8.41,"[0.631, 0.607]","[None, None]",2002
223,False,False,64,"(0.4, 0.3, 0.3)",128,4,0,20,1e-05,0.0001,100,0.01,3.0,0.2,0.01,0.01,0.001,0.3,0.05,,0.0,1000,2,128,0,8.61,"[0.6093, 0.6585]","[None, None]",2003
224,False,False,64,"(0.4, 0.3, 0.3)",128,4,0,20,1e-05,0.0001,100,0.01,3.0,0.2,0.01,0.01,0.001,0.3,0.05,,0.0,1000,4,256,0,17.58,"[0.5086, 0.6709, 0.6367, 0.6689]","[None, None, None, None]",2004
225,False,False,64,"(0.4, 0.3, 0.3)",128,4,0,20,1e-05,0.0001,100,0.01,3.0,0.2,0.01,0.01,0.001,0.3,0.05,,0.0,1000,2,128,0,8.52,"[0.6699, 0.6913]","[None, None]",2005
226,False,False,64,"(0.4, 0.3, 0.3)",128,4,0,20,1e-05,0.0001,100,0.01,3.0,0.2,0.01,0.01,0.001,0.3,0.05,,0.0,1000,2,128,0,8.68,"[0.5728, 0.6824]","[None, None]",2006
227,False,False,64,"(0.4, 0.3, 0.3)",128,4,0,20,1e-05,0.0001,100,0.01,3.0,0.2,0.01,0.01,0.001,0.3,0.05,,0.0,1000,4,256,0,18.15,"[0.4622, 0.7016, 0.671, 0.711]","[None, None, None, None]",2007
228,False,False,64,"(0.4, 0.3, 0.3)",128,4,0,20,1e-05,0.0001,100,0.01,3.0,0.2,0.01,0.01,0.001,0.3,0.05,,0.0,1000,2,128,0,8.65,"[0.6071, 0.6113]","[None, None]",2008
229,False,False,64,"(0.4, 0.3, 0.3)",128,4,0,20,1e-05,0.0001,100,0.01,3.0,0.2,0.01,0.01,0.001,0.3,0.05,,0.0,1000,4,256,0,18.0,"[0.6428, 0.7107, 0.6659, 0.6844]","[None, None, None, None]",2009
230,False,False,64,"(0.4, 0.3, 0.3)",128,4,0,20,1e-05,0.0001,100,0.01,3.0,0.2,0.01,0.01,0.001,0.3,0.05,,0.0,1000,3,192,0,12.89,"[0.5053, 0.6273, 0.6572]","[None, None, None]",2010
231,False,False,64,"(0.4, 0.3, 0.3)",128,4,0,20,1e-05,0.0001,100,0.01,3.0,0.2,0.01,0.01,0.001,0.3,0.05,,0.0,1000,4,256,0,17.62,"[0.6384, 0.6481, 0.6365, 0.6607]","[None, None, None, None]",2011
232,False,False,64,"(0.4, 0.3, 0.3)",128,4,0,20,1e-05,0.0001,100,0.01,3.0,0.2,0.01,0.01,0.001,0.3,0.05,,0.0,1000,3,192,0,13.19,"[0.626, 0.6253, 0.6426]","[None, None, None]",2012
233,False,False,64,"(0.4, 0.3, 0.3)",128,4,0,20,1e-05,0.0001,100,0.01,3.0,0.2,0.01,0.01,0.001,0.3,0.05,,0.0,1000,2,128,0,8.65,"[0.5474, 0.5951]","[None, None]",2013
234,False,False,64,"(0.4, 0.3, 0.3)",128,4,0,20,1e-05,0.0001,100,0.01,3.0,0.2,0.01,0.01,0.001,0.3,0.05,,0.0,1000,3,192,0,13.26,"[0.5831, 0.6798, 0.677]","[None, None, None]",2014
235,False,False,64,"(0.4, 0.3, 0.3)",128,4,0,20,1e-05,0.0001,100,0.01,3.0,0.2,0.01,0.01,0.001,0.3,0.05,,0.0,1000,3,192,0,13.03,"[0.5943, 0.6651, 0.6574]","[None, None, None]",2015
236,False,False,64,"(0.4, 0.3, 0.3)",128,4,0,20,1e-05,0.0001,100,0.01,3.0,0.2,0.01,0.01,0.001,0.3,0.05,,0.0,1000,4,256,0,17.59,"[0.5801, 0.6783, 0.715, 0.7008]","[None, None, None, None]",2016
237,False,False,64,"(0.4, 0.3, 0.3)",128,4,0,20,1e-05,0.0001,100,0.01,3.0,0.2,0.01,0.01,0.001,0.3,0.05,,0.0,1000,3,192,0,13.36,"[0.539, 0.658, 0.6403]","[None, None, None]",2017
238,False,False,64,"(0.4, 0.3, 0.3)",128,4,0,20,1e-05,0.0001,100,0.01,3.0,0.2,0.01,0.01,0.001,0.3,0.05,,0.0,1000,3,192,0,12.87,"[0.5925, 0.5445, 0.6423]","[None, None, None]",2018
239,False,False,64,"(0.4, 0.3, 0.3)",128,4,0,20,1e-05,0.0001,100,0.01,3.0,0.2,0.01,0.01,0.001,0.3,0.05,,0.0,1000,2,128,0,8.37,"[0.5892, 0.6947]","[None, None]",2019
240,False,False,64,"(0.4, 0.3, 0.3)",128,4,0,20,1e-05,1e-05,100,0.01,2.0,0.1,0.01,0.01,0.001,0.3,0.05,,0.0,1000,6,384,0,27.66,"[0.5578, 0.5849, 0.5669, 0.5631, 0.5592, 0.5673]","[None, None, None, None, None, None]",2000
241,False,False,64,"(0.4, 0.3, 0.3)",128,4,0,20,1e-05,1e-05,100,0.01,2.0,0.1,0.01,0.01,0.001,0.3,0.05,,0.0,1000,1,64,0,4.07,[0.5639],[None],2001
242,False,False,64,"(0.4, 0.3, 0.3)",128,4,0,20,1e-05,1e-05,100,0.01,2.0,0.1,0.01,0.01,0.001,0.3,0.05,,0.0,1000,3,192,0,12.84,"[0.546, 0.3755, 0.4247]","[None, None, None]",2002
243,False,False,64,"(0.4, 0.3, 0.3)",128,4,0,20,1e-05,1e-05,100,0.01,2.0,0.1,0.01,0.01,0.001,0.3,0.05,,0.0,1000,2,128,0,8.35,"[0.3241, 0.4719]","[None, None]",2003
244,False,False,64,"(0.4, 0.3, 0.3)",128,4,0,20,1e-05,1e-05,100,0.01,2.0,0.1,0.01,0.01,0.001,0.3,0.05,,0.0,1000,4,256,0,17.52,"[0.5656, 0.3875, 0.4913, 0.4902]","[None, None, None, None]",2004
245,False,False,64,"(0.4, 0.3, 0.3)",128,4,0,20,1e-05,1e-05,100,0.01,2.0,0.1,0.01,0.01,0.001,0.3,0.05,,0.0,1000,2,128,0,8.37,"[0.5745, 0.4632]","[None, None]",2005
246,False,False,64,"(0.4, 0.3, 0.3)",128,4,0,20,1e-05,1e-05,100,0.01,2.0,0.1,0.01,0.01,0.001,0.3,0.05,,0.0,1000,2,128,0,8.34,"[0.6023, 0.5006]","[None, None]",2006
247,False,False,64,"(0.4, 0.3, 0.3)",128,4,0,20,1e-05,1e-05,100,0.01,2.0,0.1,0.01,0.01,0.001,0.3,0.05,,0.0,1000,5,320,0,22.5,"[0.5832, 0.511, 0.5541, 0.5453, 0.5541]","[None, None, None, None, None]",2007
248,False,False,64,"(0.4, 0.3, 0.3)",128,4,0,20,1e-05,1e-05,100,0.01,2.0,0.1,0.01,0.01,0.001,0.3,0.05,,0.0,1000,3,192,0,12.8,"[0.2705, 0.0893, 0.4161]","[None, None, None]",2008
249,False,False,64,"(0.4, 0.3, 0.3)",128,4,0,20,1e-05,1e-05,100,0.01,2.0,0.1,0.01,0.01,0.001,0.3,0.05,,0.0,1000,3,192,0,12.92,"[0.5227, 0.5748, 0.5694]","[None, None, None]",2009
250,False,False,64,"(0.4, 0.3, 0.3)",128,4,0,20,1e-05,1e-05,100,0.01,2.0,0.1,0.01,0.01,0.001,0.3,0.05,,0.0,1000,3,192,0,13.48,"[0.4197, 0.4853, 0.5454]","[None, None, None]",2010
251,False,False,64,"(0.4, 0.3, 0.3)",128,4,0,20,1e-05,1e-05,100,0.01,2.0,0.1,0.01,0.01,0.001,0.3,0.05,,0.0,1000,6,384,0,28.81,"[0.5884, 0.5514, 0.5642, 0.5476, 0.5697, 0.566]","[None, None, None, None, None, None]",2011
252,False,False,64,"(0.4, 0.3, 0.3)",128,4,0,20,1e-05,1e-05,100,0.01,2.0,0.1,0.01,0.01,0.001,0.3,0.05,,0.0,1000,2,128,0,8.42,"[0.5362, 0.4604]","[None, None]",2012
253,False,False,64,"(0.4, 0.3, 0.3)",128,4,0,20,1e-05,1e-05,100,0.01,2.0,0.1,0.01,0.01,0.001,0.3,0.05,,0.0,1000,3,192,0,13.5,"[0.4152, 0.4046, 0.4926]","[None, None, None]",2013
254,False,False,64,"(0.4, 0.3, 0.3)",128,4,0,20,1e-05,1e-05,100,0.01,2.0,0.1,0.01,0.01,0.001,0.3,0.05,,0.0,1000,4,256,0,18.06,"[0.5458, 0.4655, 0.5179, 0.5351]","[None, None, None, None]",2014
255,False,False,64,"(0.4, 0.3, 0.3)",128,4,0,20,1e-05,1e-05,100,0.01,2.0,0.1,0.01,0.01,0.001,0.3,0.05,,0.0,1000,5,320,0,23.28,"[0.6127, 0.486, 0.5259, 0.577, 0.5874]","[None, None, None, None, None]",2015
256,False,False,64,"(0.4, 0.3, 0.3)",128,4,0,20,1e-05,1e-05,100,0.01,2.0,0.1,0.01,0.01,0.001,0.3,0.05,,0.0,1000,4,256,0,18.49,"[0.5546, 0.2494, 0.386, 0.5064]","[None, None, None, None]",2016
257,False,False,64,"(0.4, 0.3, 0.3)",128,4,0,20,1e-05,1e-05,100,0.01,2.0,0.1,0.01,0.01,0.001,0.3,0.05,,0.0,1000,3,192,0,13.29,"[0.6037, 0.5359, 0.5338]","[None, None, None]",2017
258,False,False,64,"(0.4, 0.3, 0.3)",128,4,0,20,1e-05,1e-05,100,0.01,2.0,0.1,0.01,0.01,0.001,0.3,0.05,,0.0,1000,4,256,0,18.63,"[0.5072, 0.4379, 0.4978, 0.5237]","[None, None, None, None]",2018
259,False,False,64,"(0.4, 0.3, 0.3)",128,4,0,20,1e-05,1e-05,100,0.01,2.0,0.1,0.01,0.01,0.001,0.3,0.05,,0.0,1000,4,256,0,17.64,"[0.6015, 0.5838, 0.5409, 0.5521]","[None, None, None, None]",2019
260,False,False,64,"(0.4, 0.3, 0.3)",128,4,0,20,1e-05,1e-05,100,0.01,2.0,0.2,0.01,0.01,0.001,0.3,0.05,,0.0,1000,4,256,0,17.62,"[0.4074, 0.4929, 0.4404, 0.4255]","[None, None, None, None]",2000
261,False,False,64,"(0.4, 0.3, 0.3)",128,4,0,20,1e-05,1e-05,100,0.01,2.0,0.2,0.01,0.01,0.001,0.3,0.05,,0.0,1000,1,64,0,4.07,[0.4561],[None],2001
262,False,False,64,"(0.4, 0.3, 0.3)",128,4,0,20,1e-05,1e-05,100,0.01,2.0,0.2,0.01,0.01,0.001,0.3,0.05,,0.0,1000,2,128,0,8.69,"[0.4225, 0.2085]","[None, None]",2002
263,False,False,64,"(0.4, 0.3, 0.3)",128,4,0,20,1e-05,1e-05,100,0.01,2.0,0.2,0.01,0.01,0.001,0.3,0.05,,0.0,1000,2,128,0,8.76,"[-0.2926, 0.365]","[None, None]",2003
264,False,False,64,"(0.4, 0.3, 0.3)",128,4,0,20,1e-05,1e-05,100,0.01,2.0,0.2,0.01,0.01,0.001,0.3,0.05,,0.0,1000,3,192,0,13.81,"[0.5059, 0.3013, 0.3865]","[None, None, None]",2004
265,False,False,64,"(0.4, 0.3, 0.3)",128,4,0,20,1e-05,1e-05,100,0.01,2.0,0.2,0.01,0.01,0.001,0.3,0.05,,0.0,1000,3,192,0,13.05,"[0.3586, 0.2832, 0.3746]","[None, None, None]",2005
266,False,False,64,"(0.4, 0.3, 0.3)",128,4,0,20,1e-05,1e-05,100,0.01,2.0,0.2,0.01,0.01,0.001,0.3,0.05,,0.0,1000,3,192,0,13.31,"[0.53, 0.4488, 0.4633]","[None, None, None]",2006
267,False,False,64,"(0.4, 0.3, 0.3)",128,4,0,20,1e-05,1e-05,100,0.01,2.0,0.2,0.01,0.01,0.001,0.3,0.05,,0.0,1000,4,256,0,18.2,"[0.4973, 0.3477, 0.4787, 0.5275]","[None, None, None, None]",2007
268,False,False,64,"(0.4, 0.3, 0.3)",128,4,0,20,1e-05,1e-05,100,0.01,2.0,0.2,0.01,0.01,0.001,0.3,0.05,,0.0,1000,3,192,0,13.25,"[-0.0291, -0.623, 0.1236]","[None, None, None]",2008
269,False,False,64,"(0.4, 0.3, 0.3)",128,4,0,20,1e-05,1e-05,100,0.01,2.0,0.2,0.01,0.01,0.001,0.3,0.05,,0.0,1000,2,128,0,8.62,"[0.3202, 0.546]","[None, None]",2009
270,False,False,64,"(0.4, 0.3, 0.3)",128,4,0,20,1e-05,1e-05,100,0.01,2.0,0.2,0.01,0.01,0.001,0.3,0.05,,0.0,1000,4,256,0,17.71,"[0.2552, 0.356, 0.4944, 0.4596]","[None, None, None, None]",2010
271,False,False,64,"(0.4, 0.3, 0.3)",128,4,0,20,1e-05,1e-05,100,0.01,2.0,0.2,0.01,0.01,0.001,0.3,0.05,,0.0,1000,3,192,0,12.97,"[0.4579, 0.5035, 0.465]","[None, None, None]",2011
272,False,False,64,"(0.4, 0.3, 0.3)",128,4,0,20,1e-05,1e-05,100,0.01,2.0,0.2,0.01,0.01,0.001,0.3,0.05,,0.0,1000,2,128,0,8.53,"[0.3558, 0.4051]","[None, None]",2012
273,False,False,64,"(0.4, 0.3, 0.3)",128,4,0,20,1e-05,1e-05,100,0.01,2.0,0.2,0.01,0.01,0.001,0.3,0.05,,0.0,1000,3,192,0,12.89,"[0.222, 0.2522, 0.4126]","[None, None, None]",2013
274,False,False,64,"(0.4, 0.3, 0.3)",128,4,0,20,1e-05,1e-05,100,0.01,2.0,0.2,0.01,0.01,0.001,0.3,0.05,,0.0,1000,4,256,0,17.88,"[0.4473, 0.3241, 0.3839, 0.4267]","[None, None, None, None]",2014
275,False,False,64,"(0.4, 0.3, 0.3)",128,4,0,20,1e-05,1e-05,100,0.01,2.0,0.2,0.01,0.01,0.001,0.3,0.05,,0.0,1000,6,384,0,27.75,"[0.4752, 0.3048, 0.4281, 0.451, 0.4739, 0.4457]","[None, None, None, None, None, None]",2015
276,False,False,64,"(0.4, 0.3, 0.3)",128,4,0,20,1e-05,1e-05,100,0.01,2.0,0.2,0.01,0.01,0.001,0.3,0.05,,0.0,1000,5,320,0,23.5,"[0.3557, -0.1843, 0.1085, 0.3151, 0.3973]","[None, None, None, None, None]",2016
277,False,False,64,"(0.4, 0.3, 0.3)",128,4,0,20,1e-05,1e-05,100,0.01,2.0,0.2,0.01,0.01,0.001,0.3,0.05,,0.0,1000,3,192,0,13.23,"[0.4957, 0.4407, 0.3966]","[None, None, None]",2017
278,False,False,64,"(0.4, 0.3, 0.3)",128,4,0,20,1e-05,1e-05,100,0.01,2.0,0.2,0.01,0.01,0.001,0.3,0.05,,0.0,1000,2,128,0,8.63,"[0.3487, 0.2843]","[None, None]",2018
279,False,False,64,"(0.4, 0.3, 0.3)",128,4,0,20,1e-05,1e-05,100,0.01,2.0,0.2,0.01,0.01,0.001,0.3,0.05,,0.0,1000,3,192,0,13.89,"[0.451, 0.4741, 0.4262]","[None, None, None]",2019
280,False,False,64,"(0.4, 0.3, 0.3)",128,4,0,20,1e-05,1e-05,100,0.01,3.0,0.1,0.01,0.01,0.001,0.3,0.05,,0.0,1000,4,256,0,18.13,"[0.1239, 0.1229, 0.0168, -0.1145]","[None, None, None, None]",2000
281,False,False,64,"(0.4, 0.3, 0.3)",128,4,0,20,1e-05,1e-05,100,0.01,3.0,0.1,0.01,0.01,0.001,0.3,0.05,,0.0,1000,1,64,0,4.12,[0.1811],[None],2001
282,False,False,64,"(0.4, 0.3, 0.3)",128,4,0,20,1e-05,1e-05,100,0.01,3.0,0.1,0.01,0.01,0.001,0.3,0.05,,0.0,1000,3,192,0,13.26,"[-0.0286, -0.7485, -0.7015]","[None, None, None]",2002
283,False,False,64,"(0.4, 0.3, 0.3)",128,4,0,20,1e-05,1e-05,100,0.01,3.0,0.1,0.01,0.01,0.001,0.3,0.05,,0.0,1000,2,128,0,8.68,"[-1.1739, -0.6004]","[None, None]",2003
284,False,False,64,"(0.4, 0.3, 0.3)",128,4,0,20,1e-05,1e-05,100,0.01,3.0,0.1,0.01,0.01,0.001,0.3,0.05,,0.0,1000,2,128,0,8.73,"[0.3484, -1.3085]","[None, None]",2004
285,False,False,64,"(0.4, 0.3, 0.3)",128,4,0,20,1e-05,1e-05,100,0.01,3.0,0.1,0.01,0.01,0.001,0.3,0.05,,0.0,1000,3,192,0,13.41,"[-0.1427, -0.9474, -0.2432]","[None, None, None]",2005
286,False,False,64,"(0.4, 0.3, 0.3)",128,4,0,20,1e-05,1e-05,100,0.01,3.0,0.1,0.01,0.01,0.001,0.3,0.05,,0.0,1000,3,192,0,12.96,"[0.3967, -0.3465, -0.3568]","[None, None, None]",2006
287,False,False,64,"(0.4, 0.3, 0.3)",128,4,0,20,1e-05,1e-05,100,0.01,3.0,0.1,0.01,0.01,0.001,0.3,0.05,,0.0,1000,5,320,0,23.08,"[0.2974, -0.6942, -0.3413, -0.3955, -0.4877]","[None, None, None, None, None]",2007
288,False,False,64,"(0.4, 0.3, 0.3)",128,4,0,20,1e-05,1e-05,100,0.01,3.0,0.1,0.01,0.01,0.001,0.3,0.05,,0.0,1000,3,192,0,12.95,"[-0.8383, -1.5185, -0.4475]","[None, None, None]",2008
289,False,False,64,"(0.4, 0.3, 0.3)",128,4,0,20,1e-05,1e-05,100,0.01,3.0,0.1,0.01,0.01,0.001,0.3,0.05,,0.0,1000,3,192,0,13.16,"[-0.3728, 0.2373, 0.1167]","[None, None, None]",2009
290,False,False,64,"(0.4, 0.3, 0.3)",128,4,0,20,1e-05,1e-05,100,0.01,3.0,0.1,0.01,0.01,0.001,0.3,0.05,,0.0,1000,4,256,0,17.87,"[-0.108, -0.6262, -0.0363, 0.0639]","[None, None, None, None]",2010
291,False,False,64,"(0.4, 0.3, 0.3)",128,4,0,20,1e-05,1e-05,100,0.01,3.0,0.1,0.01,0.01,0.001,0.3,0.05,,0.0,1000,3,192,0,12.85,"[0.1607, 0.0378, 0.0102]","[None, None, None]",2011
292,False,False,64,"(0.4, 0.3, 0.3)",128,4,0,20,1e-05,1e-05,100,0.01,3.0,0.1,0.01,0.01,0.001,0.3,0.05,,0.0,1000,2,128,0,8.36,"[-0.0852, -0.068]","[None, None]",2012
293,False,False,64,"(0.4, 0.3, 0.3)",128,4,0,20,1e-05,1e-05,100,0.01,3.0,0.1,0.01,0.01,0.001,0.3,0.05,,0.0,1000,3,192,0,12.85,"[-0.2176, -0.2468, 0.0535]","[None, None, None]",2013
294,False,False,64,"(0.4, 0.3, 0.3)",128,4,0,20,1e-05,1e-05,100,0.01,3.0,0.1,0.01,0.01,0.001,0.3,0.05,,0.0,1000,3,192,0,12.94,"[0.1774, -0.468, -0.1273]","[None, None, None]",2014
295,False,False,64,"(0.4, 0.3, 0.3)",128,4,0,20,1e-05,1e-05,100,0.01,3.0,0.1,0.01,0.01,0.001,0.3,0.05,,0.0,1000,4,256,0,17.53,"[0.0837, -0.6981, -0.577, -0.3343]","[None, None, None, None]",2015
296,False,False,64,"(0.4, 0.3, 0.3)",128,4,0,20,1e-05,1e-05,100,0.01,3.0,0.1,0.01,0.01,0.001,0.3,0.05,,0.0,1000,3,192,0,12.88,"[-0.1882, -1.5541, -1.2391]","[None, None, None]",2016
297,False,False,64,"(0.4, 0.3, 0.3)",128,4,0,20,1e-05,1e-05,100,0.01,3.0,0.1,0.01,0.01,0.001,0.3,0.05,,0.0,1000,2,128,0,8.35,"[0.2045, -0.2097]","[None, None]",2017
298,False,False,64,"(0.4, 0.3, 0.3)",128,4,0,20,1e-05,1e-05,100,0.01,3.0,0.1,0.01,0.01,0.001,0.3,0.05,,0.0,1000,4,256,0,17.53,"[-0.0968, -0.4653, -0.54, -0.1699]","[None, None, None, None]",2018
299,False,False,64,"(0.4, 0.3, 0.3)",128,4,0,20,1e-05,1e-05,100,0.01,3.0,0.1,0.01,0.01,0.001,0.3,0.05,,0.0,1000,3,192,0,12.88,"[0.0629, 0.0365, -0.1602]","[None, None, None]",2019
300,False,False,64,"(0.4, 0.3, 0.3)",128,4,0,20,1e-05,1e-05,100,0.01,3.0,0.2,0.01,0.01,0.001,0.3,0.05,,0.0,1000,3,192,0,13.27,"[-0.3989, -0.4298, -0.5435]","[None, None, None]",2000
301,False,False,64,"(0.4, 0.3, 0.3)",128,4,0,20,1e-05,1e-05,100,0.01,3.0,0.2,0.01,0.01,0.001,0.3,0.05,,0.0,1000,1,64,0,4.12,[-0.2697],[None],2001
302,False,False,64,"(0.4, 0.3, 0.3)",128,4,0,20,1e-05,1e-05,100,0.01,3.0,0.2,0.01,0.01,0.001,0.3,0.05,,0.0,1000,2,128,0,8.37,"[-0.4456, -1.2538]","[None, None]",2002
303,False,False,64,"(0.4, 0.3, 0.3)",128,4,0,20,1e-05,1e-05,100,0.01,3.0,0.2,0.01,0.01,0.001,0.3,0.05,,0.0,1000,2,128,0,8.35,"[-2.0983, -1.5307]","[None, None]",2003
304,False,False,64,"(0.4, 0.3, 0.3)",128,4,0,20,1e-05,1e-05,100,0.01,3.0,0.2,0.01,0.01,0.001,0.3,0.05,,0.0,1000,2,128,0,8.38,"[0.0527, -1.6138]","[None, None]",2004
305,False,False,64,"(0.4, 0.3, 0.3)",128,4,0,20,1e-05,1e-05,100,0.01,3.0,0.2,0.01,0.01,0.001,0.3,0.05,,0.0,1000,3,192,0,12.81,"[-0.7107, -1.4758, -0.8614]","[None, None, None]",2005
306,False,False,64,"(0.4, 0.3, 0.3)",128,4,0,20,1e-05,1e-05,100,0.01,3.0,0.2,0.01,0.01,0.001,0.3,0.05,,0.0,1000,4,256,0,17.52,"[0.1122, -0.6432, -0.6442, -0.8966]","[None, None, None, None]",2006
307,False,False,64,"(0.4, 0.3, 0.3)",128,4,0,20,1e-05,1e-05,100,0.01,3.0,0.2,0.01,0.01,0.001,0.3,0.05,,0.0,1000,4,256,0,17.51,"[-0.0852, -1.5057, -0.6537, -0.371]","[None, None, None, None]",2007
308,False,False,64,"(0.4, 0.3, 0.3)",128,4,0,20,1e-05,1e-05,100,0.01,3.0,0.2,0.01,0.01,0.001,0.3,0.05,,0.0,1000,3,192,0,12.82,"[-1.3898, -2.4163, -1.6179]","[None, None, None]",2008
309,False,False,64,"(0.4, 0.3, 0.3)",128,4,0,20,1e-05,1e-05,100,0.01,3.0,0.2,0.01,0.01,0.001,0.3,0.05,,0.0,1000,2,128,0,8.41,"[-0.9831, 0.1326]","[None, None]",2009
310,False,False,64,"(0.4, 0.3, 0.3)",128,4,0,20,1e-05,1e-05,100,0.01,3.0,0.2,0.01,0.01,0.001,0.3,0.05,,0.0,1000,3,192,0,12.81,"[-0.601, -1.3026, -0.1437]","[None, None, None]",2010
311,False,False,64,"(0.4, 0.3, 0.3)",128,4,0,20,1e-05,1e-05,100,0.01,3.0,0.2,0.01,0.01,0.001,0.3,0.05,,0.0,1000,4,256,0,17.72,"[-0.337, -0.4134, -0.2831, -0.6716]","[None, None, None, None]",2011
312,False,False,64,"(0.4, 0.3, 0.3)",128,4,0,20,1e-05,1e-05,100,0.01,3.0,0.2,0.01,0.01,0.001,0.3,0.05,,0.0,1000,3,192,0,13.19,"[-0.6639, -0.2029, -0.7545]","[None, None, None]",2012
313,False,False,64,"(0.4, 0.3, 0.3)",128,4,0,20,1e-05,1e-05,100,0.01,3.0,0.2,0.01,0.01,0.001,0.3,0.05,,0.0,1000,3,192,0,12.91,"[-0.7442, -0.8712, -0.5924]","[None, None, None]",2013
314,False,False,64,"(0.4, 0.3, 0.3)",128,4,0,20,1e-05,1e-05,100,0.01,3.0,0.2,0.01,0.01,0.001,0.3,0.05,,0.0,1000,2,128,0,8.37,"[-0.2297, -1.0332]","[None, None]",2014
315,False,False,64,"(0.4, 0.3, 0.3)",128,4,0,20,1e-05,1e-05,100,0.01,3.0,0.2,0.01,0.01,0.001,0.3,0.05,,0.0,1000,5,320,0,22.56,"[-0.3981, -1.1716, -0.7673, -0.7016, -0.8595]","[None, None, None, None, None]",2015
316,False,False,64,"(0.4, 0.3, 0.3)",128,4,0,20,1e-05,1e-05,100,0.01,3.0,0.2,0.01,0.01,0.001,0.3,0.05,,0.0,1000,3,192,0,13.27,"[-0.7917, -1.9553, -1.6252]","[None, None, None]",2016
317,False,False,64,"(0.4, 0.3, 0.3)",128,4,0,20,1e-05,1e-05,100,0.01,3.0,0.2,0.01,0.01,0.001,0.3,0.05,,0.0,1000,2,128,0,8.65,"[-0.2748, -0.8539]","[None, None]",2017
318,False,False,64,"(0.4, 0.3, 0.3)",128,4,0,20,1e-05,1e-05,100,0.01,3.0,0.2,0.01,0.01,0.001,0.3,0.05,,0.0,1000,5,320,0,23.29,"[-0.6308, -0.9682, -0.7013, -0.5617, -0.5549]","[None, None, None, None, None]",2018
319,False,False,64,"(0.4, 0.3, 0.3)",128,4,0,20,1e-05,1e-05,100,0.01,3.0,0.2,0.01,0.01,0.001,0.3,0.05,,0.0,1000,3,192,0,13.26,"[-0.5439, -0.1148, -0.4668]","[None, None, None]",2019
320,False,False,64,"(0.3, 0.3, 0.4)",64,4,0,20,1e-05,0.0001,100,0.01,2.0,0.1,0.01,0.01,0.001,0.3,0.05,,0.0,1000,3,192,0,13.28,"[0.5809, 0.6555, 0.6499]","[None, None, None]",2000
321,False,False,64,"(0.3, 0.3, 0.4)",64,4,0,20,1e-05,0.0001,100,0.01,2.0,0.1,0.01,0.01,0.001,0.3,0.05,,0.0,1000,1,64,0,4.21,[0.553],[None],2001
322,False,False,64,"(0.3, 0.3, 0.4)",64,4,0,20,1e-05,0.0001,100,0.01,2.0,0.1,0.01,0.01,0.001,0.3,0.05,,0.0,1000,2,128,0,8.61,"[0.6319, 0.6466]","[None, None]",2002
323,False,False,64,"(0.3, 0.3, 0.4)",64,4,0,20,1e-05,0.0001,100,0.01,2.0,0.1,0.01,0.01,0.001,0.3,0.05,,0.0,1000,2,128,0,8.64,"[0.6153, 0.6784]","[None, None]",2003
324,False,False,64,"(0.3, 0.3, 0.4)",64,4,0,20,1e-05,0.0001,100,0.01,2.0,0.1,0.01,0.01,0.001,0.3,0.05,,0.0,1000,4,256,0,18.17,"[0.5227, 0.6959, 0.6809, 0.676]","[None, None, None, None]",2004
325,False,False,64,"(0.3, 0.3, 0.4)",64,4,0,20,1e-05,0.0001,100,0.01,2.0,0.1,0.01,0.01,0.001,0.3,0.05,,0.0,1000,2,128,0,8.65,"[0.6778, 0.7237]","[None, None]",2005
326,False,False,64,"(0.3, 0.3, 0.4)",64,4,0,20,1e-05,0.0001,100,0.01,2.0,0.1,0.01,0.01,0.001,0.3,0.05,,0.0,1000,2,128,0,8.44,"[0.5867, 0.7178]","[None, None]",2006
327,False,False,64,"(0.3, 0.3, 0.4)",64,4,0,20,1e-05,0.0001,100,0.01,2.0,0.1,0.01,0.01,0.001,0.3,0.05,,0.0,1000,4,256,0,17.53,"[0.4763, 0.7251, 0.7031, 0.7411]","[None, None, None, None]",2007
328,False,False,64,"(0.3, 0.3, 0.4)",64,4,0,20,1e-05,0.0001,100,0.01,2.0,0.1,0.01,0.01,0.001,0.3,0.05,,0.0,1000,2,128,0,8.35,"[0.6108, 0.6845]","[None, None]",2008
329,False,False,64,"(0.3, 0.3, 0.4)",64,4,0,20,1e-05,0.0001,100,0.01,2.0,0.1,0.01,0.01,0.001,0.3,0.05,,0.0,1000,3,192,0,12.82,"[0.6542, 0.7087, 0.6796]","[None, None, None]",2009
330,False,False,64,"(0.3, 0.3, 0.4)",64,4,0,20,1e-05,0.0001,100,0.01,2.0,0.1,0.01,0.01,0.001,0.3,0.05,,0.0,1000,3,192,0,12.86,"[0.5333, 0.6815, 0.6831]","[None, None, None]",2010
331,False,False,64,"(0.3, 0.3, 0.4)",64,4,0,20,1e-05,0.0001,100,0.01,2.0,0.1,0.01,0.01,0.001,0.3,0.05,,0.0,1000,5,320,0,22.53,"[0.6476, 0.7017, 0.731, 0.7426, 0.7509]","[None, None, None, None, None]",2011
332,False,False,64,"(0.3, 0.3, 0.4)",64,4,0,20,1e-05,0.0001,100,0.01,2.0,0.1,0.01,0.01,0.001,0.3,0.05,,0.0,1000,4,256,0,17.5,"[0.6331, 0.6314, 0.6494, 0.7024]","[None, None, None, None]",2012
333,False,False,64,"(0.3, 0.3, 0.4)",64,4,0,20,1e-05,0.0001,100,0.01,2.0,0.1,0.01,0.01,0.001,0.3,0.05,,0.0,1000,2,128,0,8.35,"[0.5623, 0.6301]","[None, None]",2013
334,False,False,64,"(0.3, 0.3, 0.4)",64,4,0,20,1e-05,0.0001,100,0.01,2.0,0.1,0.01,0.01,0.001,0.3,0.05,,0.0,1000,4,256,0,17.52,"[0.5915, 0.7053, 0.6911, 0.7096]","[None, None, None, None]",2014
335,False,False,64,"(0.3, 0.3, 0.4)",64,4,0,20,1e-05,0.0001,100,0.01,2.0,0.1,0.01,0.01,0.001,0.3,0.05,,0.0,1000,3,192,0,12.88,"[0.6096, 0.6799, 0.6717]","[None, None, None]",2015
336,False,False,64,"(0.3, 0.3, 0.4)",64,4,0,20,1e-05,0.0001,100,0.01,2.0,0.1,0.01,0.01,0.001,0.3,0.05,,0.0,1000,4,256,0,17.53,"[0.5922, 0.6958, 0.7181, 0.6944]","[None, None, None, None]",2016
337,False,False,64,"(0.3, 0.3, 0.4)",64,4,0,20,1e-05,0.0001,100,0.01,2.0,0.1,0.01,0.01,0.001,0.3,0.05,,0.0,1000,3,192,0,12.82,"[0.5508, 0.7084, 0.7391]","[None, None, None]",2017
338,False,False,64,"(0.3, 0.3, 0.4)",64,4,0,20,1e-05,0.0001,100,0.01,2.0,0.1,0.01,0.01,0.001,0.3,0.05,,0.0,1000,3,192,0,12.82,"[0.6067, 0.5931, 0.6694]","[None, None, None]",2018
339,False,False,64,"(0.3, 0.3, 0.4)",64,4,0,20,1e-05,0.0001,100,0.01,2.0,0.1,0.01,0.01,0.001,0.3,0.05,,0.0,1000,2,128,0,8.35,"[0.6064, 0.6994]","[None, None]",2019
340,False,False,64,"(0.3, 0.3, 0.4)",64,4,0,20,1e-05,0.0001,100,0.01,2.0,0.2,0.01,0.01,0.001,0.3,0.05,,0.0,1000,3,192,0,13.12,"[0.5726, 0.6397, 0.6607]","[None, None, None]",2000
341,False,False,64,"(0.3, 0.3, 0.4)",64,4,0,20,1e-05,0.0001,100,0.01,2.0,0.2,0.01,0.01,0.001,0.3,0.05,,0.0,1000,1,64,0,4.07,[0.5494],[None],2001
342,False,False,64,"(0.3, 0.3, 0.4)",64,4,0,20,1e-05,0.0001,100,0.01,2.0,0.2,0.01,0.01,0.001,0.3,0.05,,0.0,1000,2,128,0,8.62,"[0.6333, 0.6489]","[None, None]",2002
343,False,False,64,"(0.3, 0.3, 0.4)",64,4,0,20,1e-05,0.0001,100,0.01,2.0,0.2,0.01,0.01,0.001,0.3,0.05,,0.0,1000,3,192,0,13.3,"[0.6144, 0.6938, 0.7091]","[None, None, None]",2003
344,False,False,64,"(0.3, 0.3, 0.4)",64,4,0,20,1e-05,0.0001,100,0.01,2.0,0.2,0.01,0.01,0.001,0.3,0.05,,0.0,1000,4,256,0,17.83,"[0.5164, 0.6999, 0.6919, 0.7048]","[None, None, None, None]",2004
345,False,False,64,"(0.3, 0.3, 0.4)",64,4,0,20,1e-05,0.0001,100,0.01,2.0,0.2,0.01,0.01,0.001,0.3,0.05,,0.0,1000,2,128,0,8.35,"[0.6715, 0.6891]","[None, None]",2005
346,False,False,64,"(0.3, 0.3, 0.4)",64,4,0,20,1e-05,0.0001,100,0.01,2.0,0.2,0.01,0.01,0.001,0.3,0.05,,0.0,1000,2,128,0,8.59,"[0.5842, 0.6968]","[None, None]",2006
347,False,False,64,"(0.3, 0.3, 0.4)",64,4,0,20,1e-05,0.0001,100,0.01,2.0,0.2,0.01,0.01,0.001,0.3,0.05,,0.0,1000,4,256,0,18.15,"[0.4532, 0.724, 0.7031, 0.7387]","[None, None, None, None]",2007
348,False,False,64,"(0.3, 0.3, 0.4)",64,4,0,20,1e-05,0.0001,100,0.01,2.0,0.2,0.01,0.01,0.001,0.3,0.05,,0.0,1000,2,128,0,8.39,"[0.6098, 0.6418]","[None, None]",2008
349,False,False,64,"(0.3, 0.3, 0.4)",64,4,0,20,1e-05,0.0001,100,0.01,2.0,0.2,0.01,0.01,0.001,0.3,0.05,,0.0,1000,4,256,0,17.67,"[0.6476, 0.7053, 0.7006, 0.7258]","[None, None, None, None]",2009
350,False,False,64,"(0.3, 0.3, 0.4)",64,4,0,20,1e-05,0.0001,100,0.01,2.0,0.2,0.01,0.01,0.001,0.3,0.05,,0.0,1000,3,192,0,12.93,"[0.5314, 0.6618, 0.6762]","[None, None, None]",2010
351,False,False,64,"(0.3, 0.3, 0.4)",64,4,0,20,1e-05,0.0001,100,0.01,2.0,0.2,0.01,0.01,0.001,0.3,0.05,,0.0,1000,4,256,0,17.6,"[0.6536, 0.6903, 0.6781, 0.7436]","[None, None, None, None]",2011
352,False,False,64,"(0.3, 0.3, 0.4)",64,4,0,20,1e-05,0.0001,100,0.01,2.0,0.2,0.01,0.01,0.001,0.3,0.05,,0.0,1000,4,256,0,17.69,"[0.6314, 0.6463, 0.6826, 0.6762]","[None, None, None, None]",2012
353,False,False,64,"(0.3, 0.3, 0.4)",64,4,0,20,1e-05,0.0001,100,0.01,2.0,0.2,0.01,0.01,0.001,0.3,0.05,,0.0,1000,2,128,0,8.41,"[0.5561, 0.6281]","[None, None]",2013
354,False,False,64,"(0.3, 0.3, 0.4)",64,4,0,20,1e-05,0.0001,100,0.01,2.0,0.2,0.01,0.01,0.001,0.3,0.05,,0.0,1000,4,256,0,17.62,"[0.586, 0.7076, 0.713, 0.7263]","[None, None, None, None]",2014
355,False,False,64,"(0.3, 0.3, 0.4)",64,4,0,20,1e-05,0.0001,100,0.01,2.0,0.2,0.01,0.01,0.001,0.3,0.05,,0.0,1000,3,192,0,13.02,"[0.6037, 0.685, 0.648]","[None, None, None]",2015
356,False,False,64,"(0.3, 0.3, 0.4)",64,4,0,20,1e-05,0.0001,100,0.01,2.0,0.2,0.01,0.01,0.001,0.3,0.05,,0.0,1000,5,320,0,22.58,"[0.5852, 0.7053, 0.687, 0.7214, 0.7245]","[None, None, None, None, None]",2016
357,False,False,64,"(0.3, 0.3, 0.4)",64,4,0,20,1e-05,0.0001,100,0.01,2.0,0.2,0.01,0.01,0.001,0.3,0.05,,0.0,1000,4,256,0,17.61,"[0.5558, 0.6914, 0.6985, 0.7392]","[None, None, None, None]",2017
358,False,False,64,"(0.3, 0.3, 0.4)",64,4,0,20,1e-05,0.0001,100,0.01,2.0,0.2,0.01,0.01,0.001,0.3,0.05,,0.0,1000,3,192,0,12.93,"[0.6077, 0.6001, 0.6495]","[None, None, None]",2018
359,False,False,64,"(0.3, 0.3, 0.4)",64,4,0,20,1e-05,0.0001,100,0.01,2.0,0.2,0.01,0.01,0.001,0.3,0.05,,0.0,1000,2,128,0,8.37,"[0.6042, 0.7148]","[None, None]",2019
360,False,False,64,"(0.3, 0.3, 0.4)",64,4,0,20,1e-05,0.0001,100,0.01,3.0,0.1,0.01,0.01,0.001,0.3,0.05,,0.0,1000,4,256,0,17.6,"[0.5846, 0.6271, 0.6091, 0.6582]","[None, None, None, None]",2000
361,False,False,64,"(0.3, 0.3, 0.4)",64,4,0,20,1e-05,0.0001,100,0.01,3.0,0.1,0.01,0.01,0.001,0.3,0.05,,0.0,1000,1,64,0,4.07,[0.5354],[None],2001
362,False,False,64,"(0.3, 0.3, 0.4)",64,4,0,20,1e-05,0.0001,100,0.01,3.0,0.1,0.01,0.01,0.001,0.3,0.05,,0.0,1000,2,128,0,8.37,"[0.633, 0.6238]","[None, None]",2002
363,False,False,64,"(0.3, 0.3, 0.4)",64,4,0,20,1e-05,0.0001,100,0.01,3.0,0.1,0.01,0.01,0.001,0.3,0.05,,0.0,1000,3,192,0,12.88,"[0.6113, 0.6422, 0.6985]","[None, None, None]",2003
364,False,False,64,"(0.3, 0.3, 0.4)",64,4,0,20,1e-05,0.0001,100,0.01,3.0,0.1,0.01,0.01,0.001,0.3,0.05,,0.0,1000,4,256,0,17.59,"[0.5164, 0.6719, 0.6567, 0.6477]","[None, None, None, None]",2004
365,False,False,64,"(0.3, 0.3, 0.4)",64,4,0,20,1e-05,0.0001,100,0.01,3.0,0.1,0.01,0.01,0.001,0.3,0.05,,0.0,1000,2,128,0,8.38,"[0.6772, 0.6637]","[None, None]",2005
366,False,False,64,"(0.3, 0.3, 0.4)",64,4,0,20,1e-05,0.0001,100,0.01,3.0,0.1,0.01,0.01,0.001,0.3,0.05,,0.0,1000,1,64,0,4.07,[0.5735],[None],2006
367,False,False,64,"(0.3, 0.3, 0.4)",64,4,0,20,1e-05,0.0001,100,0.01,3.0,0.1,0.01,0.01,0.001,0.3,0.05,,0.0,1000,3,192,0,12.93,"[0.4756, 0.7195, 0.6989]","[None, None, None]",2007
368,False,False,64,"(0.3, 0.3, 0.4)",64,4,0,20,1e-05,0.0001,100,0.01,3.0,0.1,0.01,0.01,0.001,0.3,0.05,,0.0,1000,2,128,0,8.4,"[0.6052, 0.6349]","[None, None]",2008
369,False,False,64,"(0.3, 0.3, 0.4)",64,4,0,20,1e-05,0.0001,100,0.01,3.0,0.1,0.01,0.01,0.001,0.3,0.05,,0.0,1000,2,128,0,8.42,"[0.6485, 0.6755]","[None, None]",2009
370,False,False,64,"(0.3, 0.3, 0.4)",64,4,0,20,1e-05,0.0001,100,0.01,3.0,0.1,0.01,0.01,0.001,0.3,0.05,,0.0,1000,3,192,0,12.87,"[0.5101, 0.6282, 0.6135]","[None, None, None]",2010
371,False,False,64,"(0.3, 0.3, 0.4)",64,4,0,20,1e-05,0.0001,100,0.01,3.0,0.1,0.01,0.01,0.001,0.3,0.05,,0.0,1000,4,256,0,17.58,"[0.6383, 0.68, 0.6924, 0.6954]","[None, None, None, None]",2011
372,False,False,64,"(0.3, 0.3, 0.4)",64,4,0,20,1e-05,0.0001,100,0.01,3.0,0.1,0.01,0.01,0.001,0.3,0.05,,0.0,1000,2,128,0,8.37,"[0.6262, 0.6025]","[None, None]",2012
373,False,False,64,"(0.3, 0.3, 0.4)",64,4,0,20,1e-05,0.0001,100,0.01,3.0,0.1,0.01,0.01,0.001,0.3,0.05,,0.0,1000,2,128,0,8.38,"[0.5495, 0.6196]","[None, None]",2013
374,False,False,64,"(0.3, 0.3, 0.4)",64,4,0,20,1e-05,0.0001,100,0.01,3.0,0.1,0.01,0.01,0.001,0.3,0.05,,0.0,1000,3,192,0,12.89,"[0.5843, 0.682, 0.6773]","[None, None, None]",2014
375,False,False,64,"(0.3, 0.3, 0.4)",64,4,0,20,1e-05,0.0001,100,0.01,3.0,0.1,0.01,0.01,0.001,0.3,0.05,,0.0,1000,3,192,0,12.92,"[0.5991, 0.6344, 0.6131]","[None, None, None]",2015
376,False,False,64,"(0.3, 0.3, 0.4)",64,4,0,20,1e-05,0.0001,100,0.01,3.0,0.1,0.01,0.01,0.001,0.3,0.05,,0.0,1000,3,192,0,12.83,"[0.584, 0.6805, 0.7092]","[None, None, None]",2016
377,False,False,64,"(0.3, 0.3, 0.4)",64,4,0,20,1e-05,0.0001,100,0.01,3.0,0.1,0.01,0.01,0.001,0.3,0.05,,0.0,1000,2,128,0,8.43,"[0.5293, 0.691]","[None, None]",2017
378,False,False,64,"(0.3, 0.3, 0.4)",64,4,0,20,1e-05,0.0001,100,0.01,3.0,0.1,0.01,0.01,0.001,0.3,0.05,,0.0,1000,3,192,0,13.14,"[0.5928, 0.5817, 0.6482]","[None, None, None]",2018
379,False,False,64,"(0.3, 0.3, 0.4)",64,4,0,20,1e-05,0.0001,100,0.01,3.0,0.1,0.01,0.01,0.001,0.3,0.05,,0.0,1000,2,128,0,8.42,"[0.5913, 0.6988]","[None, None]",2019
380,False,False,64,"(0.3, 0.3, 0.4)",64,4,0,20,1e-05,0.0001,100,0.01,3.0,0.2,0.01,0.01,0.001,0.3,0.05,,0.0,1000,3,192,0,12.84,"[0.5736, 0.613, 0.6204]","[None, None, None]",2000
381,False,False,64,"(0.3, 0.3, 0.4)",64,4,0,20,1e-05,0.0001,100,0.01,3.0,0.2,0.01,0.01,0.001,0.3,0.05,,0.0,1000,1,64,0,4.05,[0.5341],[None],2001
382,False,False,64,"(0.3, 0.3, 0.4)",64,4,0,20,1e-05,0.0001,100,0.01,3.0,0.2,0.01,0.01,0.001,0.3,0.05,,0.0,1000,2,128,0,8.42,"[0.631, 0.6212]","[None, None]",2002
383,False,False,64,"(0.3, 0.3, 0.4)",64,4,0,20,1e-05,0.0001,100,0.01,3.0,0.2,0.01,0.01,0.001,0.3,0.05,,0.0,1000,2,128,0,8.35,"[0.6093, 0.6715]","[None, None]",2003
384,False,False,64,"(0.3, 0.3, 0.4)",64,4,0,20,1e-05,0.0001,100,0.01,3.0,0.2,0.01,0.01,0.001,0.3,0.05,,0.0,1000,4,256,0,17.53,"[0.5086, 0.6573, 0.6487, 0.6467]","[None, None, None, None]",2004
385,False,False,64,"(0.3, 0.3, 0.4)",64,4,0,20,1e-05,0.0001,100,0.01,3.0,0.2,0.01,0.01,0.001,0.3,0.05,,0.0,1000,2,128,0,8.53,"[0.6699, 0.7064]","[None, None]",2005
386,False,False,64,"(0.3, 0.3, 0.4)",64,4,0,20,1e-05,0.0001,100,0.01,3.0,0.2,0.01,0.01,0.001,0.3,0.05,,0.0,1000,1,64,0,4.2,[0.5728],[None],2006
387,False,False,64,"(0.3, 0.3, 0.4)",64,4,0,20,1e-05,0.0001,100,0.01,3.0,0.2,0.01,0.01,0.001,0.3,0.05,,0.0,1000,3,192,0,13.3,"[0.4622, 0.7127, 0.6799]","[None, None, None]",2007
388,False,False,64,"(0.3, 0.3, 0.4)",64,4,0,20,1e-05,0.0001,100,0.01,3.0,0.2,0.01,0.01,0.001,0.3,0.05,,0.0,1000,2,128,0,8.65,"[0.6071, 0.6279]","[None, None]",2008
389,False,False,64,"(0.3, 0.3, 0.4)",64,4,0,20,1e-05,0.0001,100,0.01,3.0,0.2,0.01,0.01,0.001,0.3,0.05,,0.0,1000,2,128,0,8.67,"[0.6428, 0.6986]","[None, None]",2009
390,False,False,64,"(0.3, 0.3, 0.4)",64,4,0,20,1e-05,0.0001,100,0.01,3.0,0.2,0.01,0.01,0.001,0.3,0.05,,0.0,1000,3,192,0,13.26,"[0.5053, 0.6291, 0.6478]","[None, None, None]",2010
391,False,False,64,"(0.3, 0.3, 0.4)",64,4,0,20,1e-05,0.0001,100,0.01,3.0,0.2,0.01,0.01,0.001,0.3,0.05,,0.0,1000,5,320,0,23.19,"[0.6384, 0.6695, 0.6674, 0.7031, 0.6916]","[None, None, None, None, None]",2011
392,False,False,64,"(0.3, 0.3, 0.4)",64,4,0,20,1e-05,0.0001,100,0.01,3.0,0.2,0.01,0.01,0.001,0.3,0.05,,0.0,1000,2,128,0,8.39,"[0.626, 0.6361]","[None, None]",2012
393,False,False,64,"(0.3, 0.3, 0.4)",64,4,0,20,1e-05,0.0001,100,0.01,3.0,0.2,0.01,0.01,0.001,0.3,0.05,,0.0,1000,2,128,0,8.36,"[0.5474, 0.6049]","[None, None]",2013
394,False,False,64,"(0.3, 0.3, 0.4)",64,4,0,20,1e-05,0.0001,100,0.01,3.0,0.2,0.01,0.01,0.001,0.3,0.05,,0.0,1000,4,256,0,17.59,"[0.5831, 0.6799, 0.6776, 0.6926]","[None, None, None, None]",2014
395,False,False,64,"(0.3, 0.3, 0.4)",64,4,0,20,1e-05,0.0001,100,0.01,3.0,0.2,0.01,0.01,0.001,0.3,0.05,,0.0,1000,3,192,0,12.96,"[0.5943, 0.6493, 0.6495]","[None, None, None]",2015
396,False,False,64,"(0.3, 0.3, 0.4)",64,4,0,20,1e-05,0.0001,100,0.01,3.0,0.2,0.01,0.01,0.001,0.3,0.05,,0.0,1000,4,256,0,18.13,"[0.5801, 0.6779, 0.6638, 0.6929]","[None, None, None, None]",2016
397,False,False,64,"(0.3, 0.3, 0.4)",64,4,0,20,1e-05,0.0001,100,0.01,3.0,0.2,0.01,0.01,0.001,0.3,0.05,,0.0,1000,3,192,0,12.92,"[0.539, 0.663, 0.6609]","[None, None, None]",2017
398,False,False,64,"(0.3, 0.3, 0.4)",64,4,0,20,1e-05,0.0001,100,0.01,3.0,0.2,0.01,0.01,0.001,0.3,0.05,,0.0,1000,2,128,0,8.39,"[0.5925, 0.5626]","[None, None]",2018
399,False,False,64,"(0.3, 0.3, 0.4)",64,4,0,20,1e-05,0.0001,100,0.01,3.0,0.2,0.01,0.01,0.001,0.3,0.05,,0.0,1000,2,128,0,8.4,"[0.5892, 0.7027]","[None, None]",2019
400,False,False,64,"(0.3, 0.3, 0.4)",64,4,0,20,1e-05,1e-05,100,0.01,2.0,0.1,0.01,0.01,0.001,0.3,0.05,,0.0,1000,5,320,0,22.6,"[0.5578, 0.6022, 0.5484, 0.5406, 0.5415]","[None, None, None, None, None]",2000
401,False,False,64,"(0.3, 0.3, 0.4)",64,4,0,20,1e-05,1e-05,100,0.01,2.0,0.1,0.01,0.01,0.001,0.3,0.05,,0.0,1000,1,64,0,4.07,[0.5639],[None],2001
402,False,False,64,"(0.3, 0.3, 0.4)",64,4,0,20,1e-05,1e-05,100,0.01,2.0,0.1,0.01,0.01,0.001,0.3,0.05,,0.0,1000,2,128,0,8.5,"[0.546, 0.406]","[None, None]",2002
403,False,False,64,"(0.3, 0.3, 0.4)",64,4,0,20,1e-05,1e-05,100,0.01,2.0,0.1,0.01,0.01,0.001,0.3,0.05,,0.0,1000,2,128,0,8.63,"[0.3241, 0.472]","[None, None]",2003
404,False,False,64,"(0.3, 0.3, 0.4)",64,4,0,20,1e-05,1e-05,100,0.01,2.0,0.1,0.01,0.01,0.001,0.3,0.05,,0.0,1000,3,192,0,13.05,"[0.5656, 0.471, 0.4659]","[None, None, None]",2004
405,False,False,64,"(0.3, 0.3, 0.4)",64,4,0,20,1e-05,1e-05,100,0.01,2.0,0.1,0.01,0.01,0.001,0.3,0.05,,0.0,1000,3,192,0,12.89,"[0.5745, 0.4608, 0.51]","[None, None, None]",2005
406,False,False,64,"(0.3, 0.3, 0.4)",64,4,0,20,1e-05,1e-05,100,0.01,2.0,0.1,0.01,0.01,0.001,0.3,0.05,,0.0,1000,3,192,0,12.87,"[0.6023, 0.5392, 0.5398]","[None, None, None]",2006
407,False,False,64,"(0.3, 0.3, 0.4)",64,4,0,20,1e-05,1e-05,100,0.01,2.0,0.1,0.01,0.01,0.001,0.3,0.05,,0.0,1000,4,256,0,17.71,"[0.5832, 0.5298, 0.5665, 0.5608]","[None, None, None, None]",2007
408,False,False,64,"(0.3, 0.3, 0.4)",64,4,0,20,1e-05,1e-05,100,0.01,2.0,0.1,0.01,0.01,0.001,0.3,0.05,,0.0,1000,3,192,0,13.01,"[0.2705, 0.1298, 0.4448]","[None, None, None]",2008
409,False,False,64,"(0.3, 0.3, 0.4)",64,4,0,20,1e-05,1e-05,100,0.01,2.0,0.1,0.01,0.01,0.001,0.3,0.05,,0.0,1000,2,128,0,8.7,"[0.5227, 0.5821]","[None, None]",2009
410,False,False,64,"(0.3, 0.3, 0.4)",64,4,0,20,1e-05,1e-05,100,0.01,2.0,0.1,0.01,0.01,0.001,0.3,0.05,,0.0,1000,4,256,0,18.23,"[0.4197, 0.5112, 0.529, 0.5629]","[None, None, None, None]",2010
411,False,False,64,"(0.3, 0.3, 0.4)",64,4,0,20,1e-05,1e-05,100,0.01,2.0,0.1,0.01,0.01,0.001,0.3,0.05,,0.0,1000,4,256,0,17.95,"[0.5884, 0.5568, 0.5528, 0.5604]","[None, None, None, None]",2011
412,False,False,64,"(0.3, 0.3, 0.4)",64,4,0,20,1e-05,1e-05,100,0.01,2.0,0.1,0.01,0.01,0.001,0.3,0.05,,0.0,1000,2,128,0,8.44,"[0.5362, 0.4282]","[None, None]",2012
413,False,False,64,"(0.3, 0.3, 0.4)",64,4,0,20,1e-05,1e-05,100,0.01,2.0,0.1,0.01,0.01,0.001,0.3,0.05,,0.0,1000,4,256,0,17.62,"[0.4152, 0.4247, 0.4861, 0.5357]","[None, None, None, None]",2013
414,False,False,64,"(0.3, 0.3, 0.4)",64,4,0,20,1e-05,1e-05,100,0.01,2.0,0.1,0.01,0.01,0.001,0.3,0.05,,0.0,1000,3,192,0,12.93,"[0.5458, 0.464, 0.5482]","[None, None, None]",2014
415,False,False,64,"(0.3, 0.3, 0.4)",64,4,0,20,1e-05,1e-05,100,0.01,2.0,0.1,0.01,0.01,0.001,0.3,0.05,,0.0,1000,5,320,0,23.23,"[0.6127, 0.4538, 0.5264, 0.578, 0.5798]","[None, None, None, None, None]",2015
416,False,False,64,"(0.3, 0.3, 0.4)",64,4,0,20,1e-05,1e-05,100,0.01,2.0,0.1,0.01,0.01,0.001,0.3,0.05,,0.0,1000,4,256,0,18.25,"[0.5546, 0.3309, 0.4436, 0.5319]","[None, None, None, None]",2016
417,False,False,64,"(0.3, 0.3, 0.4)",64,4,0,20,1e-05,1e-05,100,0.01,2.0,0.1,0.01,0.01,0.001,0.3,0.05,,0.0,1000,3,192,0,13.09,"[0.6037, 0.4921, 0.5286]","[None, None, None]",2017
418,False,False,64,"(0.3, 0.3, 0.4)",64,4,0,20,1e-05,1e-05,100,0.01,2.0,0.1,0.01,0.01,0.001,0.3,0.05,,0.0,1000,4,256,0,17.62,"[0.5072, 0.443, 0.5452, 0.5434]","[None, None, None, None]",2018
419,False,False,64,"(0.3, 0.3, 0.4)",64,4,0,20,1e-05,1e-05,100,0.01,2.0,0.1,0.01,0.01,0.001,0.3,0.05,,0.0,1000,2,128,0,8.39,"[0.6015, 0.5833]","[None, None]",2019
420,False,False,64,"(0.3, 0.3, 0.4)",64,4,0,20,1e-05,1e-05,100,0.01,2.0,0.2,0.01,0.01,0.001,0.3,0.05,,0.0,1000,4,256,0,17.6,"[0.4074, 0.5126, 0.4819, 0.4757]","[None, None, None, None]",2000
421,False,False,64,"(0.3, 0.3, 0.4)",64,4,0,20,1e-05,1e-05,100,0.01,2.0,0.2,0.01,0.01,0.001,0.3,0.05,,0.0,1000,1,64,0,4.08,[0.4561],[None],2001
422,False,False,64,"(0.3, 0.3, 0.4)",64,4,0,20,1e-05,1e-05,100,0.01,2.0,0.2,0.01,0.01,0.001,0.3,0.05,,0.0,1000,2,128,0,8.39,"[0.4225, 0.2569]","[None, None]",2002
423,False,False,64,"(0.3, 0.3, 0.4)",64,4,0,20,1e-05,1e-05,100,0.01,2.0,0.2,0.01,0.01,0.001,0.3,0.05,,0.0,1000,2,128,0,8.44,"[-0.2926, 0.333]","[None, None]",2003
424,False,False,64,"(0.3, 0.3, 0.4)",64,4,0,20,1e-05,1e-05,100,0.01,2.0,0.2,0.01,0.01,0.001,0.3,0.05,,0.0,1000,2,128,0,8.4,"[0.5059, 0.2334]","[None, None]",2004
425,False,False,64,"(0.3, 0.3, 0.4)",64,4,0,20,1e-05,1e-05,100,0.01,2.0,0.2,0.01,0.01,0.001,0.3,0.05,,0.0,1000,3,192,0,12.89,"[0.3586, 0.3215, 0.3625]","[None, None, None]",2005
426,False,False,64,"(0.3, 0.3, 0.4)",64,4,0,20,1e-05,1e-05,100,0.01,2.0,0.2,0.01,0.01,0.001,0.3,0.05,,0.0,1000,2,128,0,8.46,"[0.53, 0.4227]","[None, None]",2006
427,False,False,64,"(0.3, 0.3, 0.4)",64,4,0,20,1e-05,1e-05,100,0.01,2.0,0.2,0.01,0.01,0.001,0.3,0.05,,0.0,1000,4,256,0,17.6,"[0.4973, 0.326, 0.4924, 0.4733]","[None, None, None, None]",2007
428,False,False,64,"(0.3, 0.3, 0.4)",64,4,0,20,1e-05,1e-05,100,0.01,2.0,0.2,0.01,0.01,0.001,0.3,0.05,,0.0,1000,3,192,0,12.93,"[-0.0291, -0.3197, 0.1916]","[None, None, None]",2008
429,False,False,64,"(0.3, 0.3, 0.4)",64,4,0,20,1e-05,1e-05,100,0.01,2.0,0.2,0.01,0.01,0.001,0.3,0.05,,0.0,1000,2,128,0,8.56,"[0.3202, 0.5334]","[None, None]",2009
430,False,False,64,"(0.3, 0.3, 0.4)",64,4,0,20,1e-05,1e-05,100,0.01,2.0,0.2,0.01,0.01,0.001,0.3,0.05,,0.0,1000,4,256,0,17.8,"[0.2552, 0.3502, 0.4891, 0.4506]","[None, None, None, None]",2010
431,False,False,64,"(0.3, 0.3, 0.4)",64,4,0,20,1e-05,1e-05,100,0.01,2.0,0.2,0.01,0.01,0.001,0.3,0.05,,0.0,1000,4,256,0,17.6,"[0.4579, 0.4659, 0.4334, 0.4147]","[None, None, None, None]",2011
432,False,False,64,"(0.3, 0.3, 0.4)",64,4,0,20,1e-05,1e-05,100,0.01,2.0,0.2,0.01,0.01,0.001,0.3,0.05,,0.0,1000,3,192,0,12.94,"[0.3558, 0.386, 0.3704]","[None, None, None]",2012
433,False,False,64,"(0.3, 0.3, 0.4)",64,4,0,20,1e-05,1e-05,100,0.01,2.0,0.2,0.01,0.01,0.001,0.3,0.05,,0.0,1000,3,192,0,12.83,"[0.222, 0.254, 0.3918]","[None, None, None]",2013
434,False,False,64,"(0.3, 0.3, 0.4)",64,4,0,20,1e-05,1e-05,100,0.01,2.0,0.2,0.01,0.01,0.001,0.3,0.05,,0.0,1000,2,128,0,8.41,"[0.4473, 0.3495]","[None, None]",2014
435,False,False,64,"(0.3, 0.3, 0.4)",64,4,0,20,1e-05,1e-05,100,0.01,2.0,0.2,0.01,0.01,0.001,0.3,0.05,,0.0,1000,5,320,0,22.54,"[0.4752, 0.2212, 0.3239, 0.3814, 0.4617]","[None, None, None, None, None]",2015
436,False,False,64,"(0.3, 0.3, 0.4)",64,4,0,20,1e-05,1e-05,100,0.01,2.0,0.2,0.01,0.01,0.001,0.3,0.05,,0.0,1000,4,256,0,17.67,"[0.3557, -0.0767, 0.123, 0.3624]","[None, None, None, None]",2016
437,False,False,64,"(0.3, 0.3, 0.4)",64,4,0,20,1e-05,1e-05,100,0.01,2.0,0.2,0.01,0.01,0.001,0.3,0.05,,0.0,1000,3,192,0,12.87,"[0.4957, 0.3815, 0.4022]","[None, None, None]",2017
438,False,False,64,"(0.3, 0.3, 0.4)",64,4,0,20,1e-05,1e-05,100,0.01,2.0,0.2,0.01,0.01,0.001,0.3,0.05,,0.0,1000,4,256,0,17.63,"[0.3487, 0.2581, 0.404, 0.4282]","[None, None, None, None]",2018
439,False,False,64,"(0.3, 0.3, 0.4)",64,4,0,20,1e-05,1e-05,100,0.01,2.0,0.2,0.01,0.01,0.001,0.3,0.05,,0.0,1000,2,128,0,8.45,"[0.451, 0.4412]","[None, None]",2019
440,False,False,64,"(0.3, 0.3, 0.4)",64,4,0,20,1e-05,1e-05,100,0.01,3.0,0.1,0.01,0.01,0.001,0.3,0.05,,0.0,1000,4,256,0,17.97,"[0.1239, 0.1191, -0.1123, -0.2338]","[None, None, None, None]",2000
441,False,False,64,"(0.3, 0.3, 0.4)",64,4,0,20,1e-05,1e-05,100,0.01,3.0,0.1,0.01,0.01,0.001,0.3,0.05,,0.0,1000,1,64,0,4.09,[0.1811],[None],2001
442,False,False,64,"(0.3, 0.3, 0.4)",64,4,0,20,1e-05,1e-05,100,0.01,3.0,0.1,0.01,0.01,0.001,0.3,0.05,,0.0,1000,3,192,0,12.83,"[-0.0286, -0.7785, -0.7913]","[None, None, None]",2002
443,False,False,64,"(0.3, 0.3, 0.4)",64,4,0,20,1e-05,1e-05,100,0.01,3.0,0.1,0.01,0.01,0.001,0.3,0.05,,0.0,1000,2,128,0,8.36,"[-1.1739, -0.5919]","[None, None]",2003
444,False,False,64,"(0.3, 0.3, 0.4)",64,4,0,20,1e-05,1e-05,100,0.01,3.0,0.1,0.01,0.01,0.001,0.3,0.05,,0.0,1000,2,128,0,8.58,"[0.3484, -0.639]","[None, None]",2004
445,False,False,64,"(0.3, 0.3, 0.4)",64,4,0,20,1e-05,1e-05,100,0.01,3.0,0.1,0.01,0.01,0.001,0.3,0.05,,0.0,1000,3,192,0,13.3,"[-0.1427, -0.9747, -0.2014]","[None, None, None]",2005
446,False,False,64,"(0.3, 0.3, 0.4)",64,4,0,20,1e-05,1e-05,100,0.01,3.0,0.1,0.01,0.01,0.001,0.3,0.05,,0.0,1000,2,128,0,8.7,"[0.3967, -0.1478]","[None, None]",2006
447,False,False,64,"(0.3, 0.3, 0.4)",64,4,0,20,1e-05,1e-05,100,0.01,3.0,0.1,0.01,0.01,0.001,0.3,0.05,,0.0,1000,5,320,0,23.08,"[0.2974, -0.7672, -0.4853, -0.3197, -0.4542]","[None, None, None, None, None]",2007
448,False,False,64,"(0.3, 0.3, 0.4)",64,4,0,20,1e-05,1e-05,100,0.01,3.0,0.1,0.01,0.01,0.001,0.3,0.05,,0.0,1000,3,192,0,13.58,"[-0.8383, -1.5599, -0.7188]","[None, None, None]",2008
449,False,False,64,"(0.3, 0.3, 0.4)",64,4,0,20,1e-05,1e-05,100,0.01,3.0,0.1,0.01,0.01,0.001,0.3,0.05,,0.0,1000,3,192,0,13.52,"[-0.3728, 0.166, -0.1036]","[None, None, None]",2009
450,False,False,64,"(0.3, 0.3, 0.4)",64,4,0,20,1e-05,1e-05,100,0.01,3.0,0.1,0.01,0.01,0.001,0.3,0.05,,0.0,1000,3,192,0,14.05,"[-0.108, -0.684, 0.01]","[None, None, None]",2010
451,False,False,64,"(0.3, 0.3, 0.4)",64,4,0,20,1e-05,1e-05,100,0.01,3.0,0.1,0.01,0.01,0.001,0.3,0.05,,0.0,1000,4,256,0,18.48,"[0.1607, 0.0118, 0.0333, -0.1427]","[None, None, None, None]",2011
452,False,False,64,"(0.3, 0.3, 0.4)",64,4,0,20,1e-05,1e-05,100,0.01,3.0,0.1,0.01,0.01,0.001,0.3,0.05,,0.0,1000,2,128,0,8.75,"[-0.0852, -0.1586]","[None, None]",2012
453,False,False,64,"(0.3, 0.3, 0.4)",64,4,0,20,1e-05,1e-05,100,0.01,3.0,0.1,0.01,0.01,0.001,0.3,0.05,,0.0,1000,3,192,0,13.6,"[-0.2176, -0.2041, -0.0076]","[None, None, None]",2013
454,False,False,64,"(0.3, 0.3, 0.4)",64,4,0,20,1e-05,1e-05,100,0.01,3.0,0.1,0.01,0.01,0.001,0.3,0.05,,0.0,1000,3,192,0,13.72,"[0.1774, -0.7678, -0.436]","[None, None, None]",2014
455,False,False,64,"(0.3, 0.3, 0.4)",64,4,0,20,1e-05,1e-05,100,0.01,3.0,0.1,0.01,0.01,0.001,0.3,0.05,,0.0,1000,5,320,0,23.06,"[0.0837, -0.7955, -0.2917, -0.3387, -0.455]","[None, None, None, None, None]",2015
456,False,False,64,"(0.3, 0.3, 0.4)",64,4,0,20,1e-05,1e-05,100,0.01,3.0,0.1,0.01,0.01,0.001,0.3,0.05,,0.0,1000,3,192,0,13.54,"[-0.1882, -1.3738, -1.4124]","[None, None, None]",2016
457,False,False,64,"(0.3, 0.3, 0.4)",64,4,0,20,1e-05,1e-05,100,0.01,3.0,0.1,0.01,0.01,0.001,0.3,0.05,,0.0,1000,2,128,0,8.42,"[0.2045, -0.3736]","[None, None]",2017
458,False,False,64,"(0.3, 0.3, 0.4)",64,4,0,20,1e-05,1e-05,100,0.01,3.0,0.1,0.01,0.01,0.001,0.3,0.05,,0.0,1000,3,192,0,12.93,"[-0.0968, -0.9442, -0.3239]","[None, None, None]",2018
459,False,False,64,"(0.3, 0.3, 0.4)",64,4,0,20,1e-05,1e-05,100,0.01,3.0,0.1,0.01,0.01,0.001,0.3,0.05,,0.0,1000,3,192,0,12.88,"[0.0629, -0.0846, -0.1765]","[None, None, None]",2019
460,False,False,64,"(0.3, 0.3, 0.4)",64,4,0,20,1e-05,1e-05,100,0.01,3.0,0.2,0.01,0.01,0.001,0.3,0.05,,0.0,1000,4,256,0,19.12,"[-0.3989, -0.5019, -0.9556, -0.6322]","[None, None, None, None]",2000
461,False,False,64,"(0.3, 0.3, 0.4)",64,4,0,20,1e-05,1e-05,100,0.01,3.0,0.2,0.01,0.01,0.001,0.3,0.05,,0.0,1000,1,64,0,4.09,[-0.2697],[None],2001
462,False,False,64,"(0.3, 0.3, 0.4)",64,4,0,20,1e-05,1e-05,100,0.01,3.0,0.2,0.01,0.01,0.001,0.3,0.05,,0.0,1000,2,128,0,8.67,"[-0.4456, -1.384]","[None, None]",2002
463,False,False,64,"(0.3, 0.3, 0.4)",64,4,0,20,1e-05,1e-05,100,0.01,3.0,0.2,0.01,0.01,0.001,0.3,0.05,,0.0,1000,3,192,0,13.03,"[-2.0983, -1.3507, -0.7054]","[None, None, None]",2003
464,False,False,64,"(0.3, 0.3, 0.4)",64,4,0,20,1e-05,1e-05,100,0.01,3.0,0.2,0.01,0.01,0.001,0.3,0.05,,0.0,1000,2,128,0,8.46,"[0.0527, -1.4331]","[None, None]",2004
465,False,False,64,"(0.3, 0.3, 0.4)",64,4,0,20,1e-05,1e-05,100,0.01,3.0,0.2,0.01,0.01,0.001,0.3,0.05,,0.0,1000,3,192,0,13.22,"[-0.7107, -1.0818, -0.9121]","[None, None, None]",2005
466,False,False,64,"(0.3, 0.3, 0.4)",64,4,0,20,1e-05,1e-05,100,0.01,3.0,0.2,0.01,0.01,0.001,0.3,0.05,,0.0,1000,4,256,0,18.03,"[0.1122, -0.7391, -0.8171, -0.7969]","[None, None, None, None]",2006
467,False,False,64,"(0.3, 0.3, 0.4)",64,4,0,20,1e-05,1e-05,100,0.01,3.0,0.2,0.01,0.01,0.001,0.3,0.05,,0.0,1000,5,320,0,23.14,"[-0.0852, -1.8255, -0.7511, -0.4729, -0.5018]","[None, None, None, None, None]",2007
468,False,False,64,"(0.3, 0.3, 0.4)",64,4,0,20,1e-05,1e-05,100,0.01,3.0,0.2,0.01,0.01,0.001,0.3,0.05,,0.0,1000,3,192,0,13.08,"[-1.3898, -2.2928, -1.428]","[None, None, None]",2008
469,False,False,64,"(0.3, 0.3, 0.4)",64,4,0,20,1e-05,1e-05,100,0.01,3.0,0.2,0.01,0.01,0.001,0.3,0.05,,0.0,1000,3,192,0,13.35,"[-0.9831, -0.0261, -0.2857]","[None, None, None]",2009
470,False,False,64,"(0.3, 0.3, 0.4)",64,4,0,20,1e-05,1e-05,100,0.01,3.0,0.2,0.01,0.01,0.001,0.3,0.05,,0.0,1000,3,192,0,13.34,"[-0.601, -1.1384, -0.5773]","[None, None, None]",2010
471,False,False,64,"(0.3, 0.3, 0.4)",64,4,0,20,1e-05,1e-05,100,0.01,3.0,0.2,0.01,0.01,0.001,0.3,0.05,,0.0,1000,4,256,0,18.15,"[-0.337, -0.4247, -0.4185, -0.8429]","[None, None, None, None]",2011
472,False,False,64,"(0.3, 0.3, 0.4)",64,4,0,20,1e-05,1e-05,100,0.01,3.0,0.2,0.01,0.01,0.001,0.3,0.05,,0.0,1000,3,192,0,13.18,"[-0.6639, -0.2439, -0.3985]","[None, None, None]",2012
473,False,False,64,"(0.3, 0.3, 0.4)",64,4,0,20,1e-05,1e-05,100,0.01,3.0,0.2,0.01,0.01,0.001,0.3,0.05,,0.0,1000,3,192,0,13.15,"[-0.7442, -0.8975, -0.4288]","[None, None, None]",2013
474,False,False,64,"(0.3, 0.3, 0.4)",64,4,0,20,1e-05,1e-05,100,0.01,3.0,0.2,0.01,0.01,0.001,0.3,0.05,,0.0,1000,4,256,0,17.72,"[-0.2297, -1.5959, -1.1289, -0.9138]","[None, None, None, None]",2014
475,False,False,64,"(0.3, 0.3, 0.4)",64,4,0,20,1e-05,1e-05,100,0.01,3.0,0.2,0.01,0.01,0.001,0.3,0.05,,0.0,1000,5,320,0,22.95,"[-0.3981, -1.0517, -0.7193, -0.6329, -0.9477]","[None, None, None, None, None]",2015
476,False,False,64,"(0.3, 0.3, 0.4)",64,4,0,20,1e-05,1e-05,100,0.01,3.0,0.2,0.01,0.01,0.001,0.3,0.05,,0.0,1000,3,192,0,13.33,"[-0.7917, -1.6706, -2.1255]","[None, None, None]",2016
477,False,False,64,"(0.3, 0.3, 0.4)",64,4,0,20,1e-05,1e-05,100,0.01,3.0,0.2,0.01,0.01,0.001,0.3,0.05,,0.0,1000,3,192,0,13.24,"[-0.2748, -1.0395, -0.4686]","[None, None, None]",2017
478,False,False,64,"(0.3, 0.3, 0.4)",64,4,0,20,1e-05,1e-05,100,0.01,3.0,0.2,0.01,0.01,0.001,0.3,0.05,,0.0,1000,4,256,0,17.58,"[-0.6308, -0.915, -0.5405, -0.6946]","[None, None, None, None]",2018
479,False,False,64,"(0.3, 0.3, 0.4)",64,4,0,20,1e-05,1e-05,100,0.01,3.0,0.2,0.01,0.01,0.001,0.3,0.05,,0.0,1000,3,192,0,12.86,"[-0.5439, -0.4585, -0.6888]","[None, None, None]",2019
480,False,False,64,"(0.3, 0.3, 0.4)",128,4,0,20,1e-05,0.0001,100,0.01,2.0,0.1,0.01,0.01,0.001,0.3,0.05,,0.0,1000,3,192,0,12.86,"[0.5809, 0.6555, 0.6499]","[None, None, None]",2000
481,False,False,64,"(0.3, 0.3, 0.4)",128,4,0,20,1e-05,0.0001,100,0.01,2.0,0.1,0.01,0.01,0.001,0.3,0.05,,0.0,1000,1,64,0,4.07,[0.553],[None],2001
482,False,False,64,"(0.3, 0.3, 0.4)",128,4,0,20,1e-05,0.0001,100,0.01,2.0,0.1,0.01,0.01,0.001,0.3,0.05,,0.0,1000,2,128,0,8.36,"[0.6319, 0.6519]","[None, None]",2002
483,False,False,64,"(0.3, 0.3, 0.4)",128,4,0,20,1e-05,0.0001,100,0.01,2.0,0.1,0.01,0.01,0.001,0.3,0.05,,0.0,1000,2,128,0,8.37,"[0.6153, 0.646]","[None, None]",2003
484,False,False,64,"(0.3, 0.3, 0.4)",128,4,0,20,1e-05,0.0001,100,0.01,2.0,0.1,0.01,0.01,0.001,0.3,0.05,,0.0,1000,3,192,0,12.85,"[0.5227, 0.6924, 0.7038]","[None, None, None]",2004
485,False,False,64,"(0.3, 0.3, 0.4)",128,4,0,20,1e-05,0.0001,100,0.01,2.0,0.1,0.01,0.01,0.001,0.3,0.05,,0.0,1000,2,128,0,8.37,"[0.6778, 0.7057]","[None, None]",2005
486,False,False,64,"(0.3, 0.3, 0.4)",128,4,0,20,1e-05,0.0001,100,0.01,2.0,0.1,0.01,0.01,0.001,0.3,0.05,,0.0,1000,2,128,0,8.42,"[0.5867, 0.7301]","[None, None]",2006
487,False,False,64,"(0.3, 0.3, 0.4)",128,4,0,20,1e-05,0.0001,100,0.01,2.0,0.1,0.01,0.01,0.001,0.3,0.05,,0.0,1000,4,256,0,17.59,"[0.4763, 0.7251, 0.7031, 0.7411]","[None, None, None, None]",2007
488,False,False,64,"(0.3, 0.3, 0.4)",128,4,0,20,1e-05,0.0001,100,0.01,2.0,0.1,0.01,0.01,0.001,0.3,0.05,,0.0,1000,3,192,0,12.88,"[0.6108, 0.6734, 0.7005]","[None, None, None]",2008
489,False,False,64,"(0.3, 0.3, 0.4)",128,4,0,20,1e-05,0.0001,100,0.01,2.0,0.1,0.01,0.01,0.001,0.3,0.05,,0.0,1000,2,128,0,8.37,"[0.6542, 0.7279]","[None, None]",2009
490,False,False,64,"(0.3, 0.3, 0.4)",128,4,0,20,1e-05,0.0001,100,0.01,2.0,0.1,0.01,0.01,0.001,0.3,0.05,,0.0,1000,3,192,0,12.85,"[0.5333, 0.6717, 0.6781]","[None, None, None]",2010
491,False,False,64,"(0.3, 0.3, 0.4)",128,4,0,20,1e-05,0.0001,100,0.01,2.0,0.1,0.01,0.01,0.001,0.3,0.05,,0.0,1000,5,320,0,23.03,"[0.6476, 0.7038, 0.7244, 0.7546, 0.7518]","[None, None, None, None, None]",2011
492,False,False,64,"(0.3, 0.3, 0.4)",128,4,0,20,1e-05,0.0001,100,0.01,2.0,0.1,0.01,0.01,0.001,0.3,0.05,,0.0,1000,4,256,0,17.83,"[0.6331, 0.6274, 0.6631, 0.6903]","[None, None, None, None]",2012
493,False,False,64,"(0.3, 0.3, 0.4)",128,4,0,20,1e-05,0.0001,100,0.01,2.0,0.1,0.01,0.01,0.001,0.3,0.05,,0.0,1000,2,128,0,8.43,"[0.5623, 0.6513]","[None, None]",2013
494,False,False,64,"(0.3, 0.3, 0.4)",128,4,0,20,1e-05,0.0001,100,0.01,2.0,0.1,0.01,0.01,0.001,0.3,0.05,,0.0,1000,4,256,0,17.61,"[0.5915, 0.697, 0.7094, 0.7028]","[None, None, None, None]",2014
495,False,False,64,"(0.3, 0.3, 0.4)",128,4,0,20,1e-05,0.0001,100,0.01,2.0,0.1,0.01,0.01,0.001,0.3,0.05,,0.0,1000,3,192,0,13.32,"[0.6096, 0.6823, 0.7004]","[None, None, None]",2015
496,False,False,64,"(0.3, 0.3, 0.4)",128,4,0,20,1e-05,0.0001,100,0.01,2.0,0.1,0.01,0.01,0.001,0.3,0.05,,0.0,1000,3,192,0,13.4,"[0.5922, 0.703, 0.7092]","[None, None, None]",2016
497,False,False,64,"(0.3, 0.3, 0.4)",128,4,0,20,1e-05,0.0001,100,0.01,2.0,0.1,0.01,0.01,0.001,0.3,0.05,,0.0,1000,3,192,0,13.29,"[0.5508, 0.7068, 0.7168]","[None, None, None]",2017
498,False,False,64,"(0.3, 0.3, 0.4)",128,4,0,20,1e-05,0.0001,100,0.01,2.0,0.1,0.01,0.01,0.001,0.3,0.05,,0.0,1000,3,192,0,13.26,"[0.6067, 0.6041, 0.6423]","[None, None, None]",2018
499,False,False,64,"(0.3, 0.3, 0.4)",128,4,0,20,1e-05,0.0001,100,0.01,2.0,0.1,0.01,0.01,0.001,0.3,0.05,,0.0,1000,2,128,0,8.5,"[0.6064, 0.7]","[None, None]",2019
500,False,False,64,"(0.3, 0.3, 0.4)",128,4,0,20,1e-05,0.0001,100,0.01,2.0,0.2,0.01,0.01,0.001,0.3,0.05,,0.0,1000,3,192,0,12.89,"[0.5726, 0.6397, 0.6607]","[None, None, None]",2000
501,False,False,64,"(0.3, 0.3, 0.4)",128,4,0,20,1e-05,0.0001,100,0.01,2.0,0.2,0.01,0.01,0.001,0.3,0.05,,0.0,1000,1,64,0,4.07,[0.5494],[None],2001
502,False,False,64,"(0.3, 0.3, 0.4)",128,4,0,20,1e-05,0.0001,100,0.01,2.0,0.2,0.01,0.01,0.001,0.3,0.05,,0.0,1000,2,128,0,8.38,"[0.6333, 0.6537]","[None, None]",2002
503,False,False,64,"(0.3, 0.3, 0.4)",128,4,0,20,1e-05,0.0001,100,0.01,2.0,0.2,0.01,0.01,0.001,0.3,0.05,,0.0,1000,2,128,0,8.37,"[0.6144, 0.6933]","[None, None]",2003
504,False,False,64,"(0.3, 0.3, 0.4)",128,4,0,20,1e-05,0.0001,100,0.01,2.0,0.2,0.01,0.01,0.001,0.3,0.05,,0.0,1000,4,256,0,17.57,"[0.5164, 0.6999, 0.6919, 0.7048]","[None, None, None, None]",2004
505,False,False,64,"(0.3, 0.3, 0.4)",128,4,0,20,1e-05,0.0001,100,0.01,2.0,0.2,0.01,0.01,0.001,0.3,0.05,,0.0,1000,2,128,0,8.37,"[0.6715, 0.6943]","[None, None]",2005
506,False,False,64,"(0.3, 0.3, 0.4)",128,4,0,20,1e-05,0.0001,100,0.01,2.0,0.2,0.01,0.01,0.001,0.3,0.05,,0.0,1000,2,128,0,8.41,"[0.5842, 0.7102]","[None, None]",2006
507,False,False,64,"(0.3, 0.3, 0.4)",128,4,0,20,1e-05,0.0001,100,0.01,2.0,0.2,0.01,0.01,0.001,0.3,0.05,,0.0,1000,4,256,0,17.56,"[0.4532, 0.724, 0.7031, 0.7387]","[None, None, None, None]",2007
508,False,False,64,"(0.3, 0.3, 0.4)",128,4,0,20,1e-05,0.0001,100,0.01,2.0,0.2,0.01,0.01,0.001,0.3,0.05,,0.0,1000,3,192,0,12.85,"[0.6098, 0.6405, 0.6962]","[None, None, None]",2008
509,False,False,64,"(0.3, 0.3, 0.4)",128,4,0,20,1e-05,0.0001,100,0.01,2.0,0.2,0.01,0.01,0.001,0.3,0.05,,0.0,1000,3,192,0,12.86,"[0.6476, 0.7112, 0.7204]","[None, None, None]",2009
510,False,False,64,"(0.3, 0.3, 0.4)",128,4,0,20,1e-05,0.0001,100,0.01,2.0,0.2,0.01,0.01,0.001,0.3,0.05,,0.0,1000,3,192,0,13.02,"[0.5314, 0.662, 0.6861]","[None, None, None]",2010
511,False,False,64,"(0.3, 0.3, 0.4)",128,4,0,20,1e-05,0.0001,100,0.01,2.0,0.2,0.01,0.01,0.001,0.3,0.05,,0.0,1000,3,192,0,12.85,"[0.6536, 0.6905, 0.6973]","[None, None, None]",2011
512,False,False,64,"(0.3, 0.3, 0.4)",128,4,0,20,1e-05,0.0001,100,0.01,2.0,0.2,0.01,0.01,0.001,0.3,0.05,,0.0,1000,4,256,0,17.55,"[0.6314, 0.6463, 0.6826, 0.6762]","[None, None, None, None]",2012
513,False,False,64,"(0.3, 0.3, 0.4)",128,4,0,20,1e-05,0.0001,100,0.01,2.0,0.2,0.01,0.01,0.001,0.3,0.05,,0.0,1000,2,128,0,8.37,"[0.5561, 0.6568]","[None, None]",2013
514,False,False,64,"(0.3, 0.3, 0.4)",128,4,0,20,1e-05,0.0001,100,0.01,2.0,0.2,0.01,0.01,0.001,0.3,0.05,,0.0,1000,3,192,0,12.88,"[0.586, 0.7194, 0.7062]","[None, None, None]",2014
515,False,False,64,"(0.3, 0.3, 0.4)",128,4,0,20,1e-05,0.0001,100,0.01,2.0,0.2,0.01,0.01,0.001,0.3,0.05,,0.0,1000,3,192,0,12.85,"[0.6037, 0.6856, 0.6481]","[None, None, None]",2015
516,False,False,64,"(0.3, 0.3, 0.4)",128,4,0,20,1e-05,0.0001,100,0.01,2.0,0.2,0.01,0.01,0.001,0.3,0.05,,0.0,1000,3,192,0,12.86,"[0.5852, 0.7208, 0.6982]","[None, None, None]",2016
517,False,False,64,"(0.3, 0.3, 0.4)",128,4,0,20,1e-05,0.0001,100,0.01,2.0,0.2,0.01,0.01,0.001,0.3,0.05,,0.0,1000,3,192,0,12.85,"[0.5558, 0.6878, 0.6888]","[None, None, None]",2017
518,False,False,64,"(0.3, 0.3, 0.4)",128,4,0,20,1e-05,0.0001,100,0.01,2.0,0.2,0.01,0.01,0.001,0.3,0.05,,0.0,1000,3,192,0,12.91,"[0.6077, 0.6061, 0.6931]","[None, None, None]",2018
519,False,False,64,"(0.3, 0.3, 0.4)",128,4,0,20,1e-05,0.0001,100,0.01,2.0,0.2,0.01,0.01,0.001,0.3,0.05,,0.0,1000,2,128,0,8.4,"[0.6042, 0.7148]","[None, None]",2019
520,False,False,64,"(0.3, 0.3, 0.4)",128,4,0,20,1e-05,0.0001,100,0.01,3.0,0.1,0.01,0.01,0.001,0.3,0.05,,0.0,1000,4,256,0,17.57,"[0.5846, 0.6271, 0.6091, 0.6582]","[None, None, None, None]",2000
521,False,False,64,"(0.3, 0.3, 0.4)",128,4,0,20,1e-05,0.0001,100,0.01,3.0,0.1,0.01,0.01,0.001,0.3,0.05,,0.0,1000,1,64,0,4.07,[0.5354],[None],2001
522,False,False,64,"(0.3, 0.3, 0.4)",128,4,0,20,1e-05,0.0001,100,0.01,3.0,0.1,0.01,0.01,0.001,0.3,0.05,,0.0,1000,2,128,0,8.37,"[0.633, 0.6293]","[None, None]",2002
523,False,False,64,"(0.3, 0.3, 0.4)",128,4,0,20,1e-05,0.0001,100,0.01,3.0,0.1,0.01,0.01,0.001,0.3,0.05,,0.0,1000,2,128,0,8.43,"[0.6113, 0.6652]","[None, None]",2003
524,False,False,64,"(0.3, 0.3, 0.4)",128,4,0,20,1e-05,0.0001,100,0.01,3.0,0.1,0.01,0.01,0.001,0.3,0.05,,0.0,1000,4,256,0,17.61,"[0.5164, 0.6719, 0.6567, 0.6477]","[None, None, None, None]",2004
525,False,False,64,"(0.3, 0.3, 0.4)",128,4,0,20,1e-05,0.0001,100,0.01,3.0,0.1,0.01,0.01,0.001,0.3,0.05,,0.0,1000,2,128,0,8.38,"[0.6772, 0.6681]","[None, None]",2005
526,False,False,64,"(0.3, 0.3, 0.4)",128,4,0,20,1e-05,0.0001,100,0.01,3.0,0.1,0.01,0.01,0.001,0.3,0.05,,0.0,1000,1,64,0,4.07,[0.5735],[None],2006
527,False,False,64,"(0.3, 0.3, 0.4)",128,4,0,20,1e-05,0.0001,100,0.01,3.0,0.1,0.01,0.01,0.001,0.3,0.05,,0.0,1000,3,192,0,13.2,"[0.4756, 0.7195, 0.6989]","[None, None, None]",2007
528,False,False,64,"(0.3, 0.3, 0.4)",128,4,0,20,1e-05,0.0001,100,0.01,3.0,0.1,0.01,0.01,0.001,0.3,0.05,,0.0,1000,2,128,0,8.69,"[0.6052, 0.639]","[None, None]",2008
529,False,False,64,"(0.3, 0.3, 0.4)",128,4,0,20,1e-05,0.0001,100,0.01,3.0,0.1,0.01,0.01,0.001,0.3,0.05,,0.0,1000,4,256,0,18.18,"[0.6485, 0.687, 0.6632, 0.6687]","[None, None, None, None]",2009
530,False,False,64,"(0.3, 0.3, 0.4)",128,4,0,20,1e-05,0.0001,100,0.01,3.0,0.1,0.01,0.01,0.001,0.3,0.05,,0.0,1000,3,192,0,13.12,"[0.5101, 0.6435, 0.6565]","[None, None, None]",2010
531,False,False,64,"(0.3, 0.3, 0.4)",128,4,0,20,1e-05,0.0001,100,0.01,3.0,0.1,0.01,0.01,0.001,0.3,0.05,,0.0,1000,5,320,0,22.82,"[0.6383, 0.6685, 0.671, 0.7016, 0.7017]","[None, None, None, None, None]",2011
532,False,False,64,"(0.3, 0.3, 0.4)",128,4,0,20,1e-05,0.0001,100,0.01,3.0,0.1,0.01,0.01,0.001,0.3,0.05,,0.0,1000,2,128,0,8.46,"[0.6262, 0.6097]","[None, None]",2012
533,False,False,64,"(0.3, 0.3, 0.4)",128,4,0,20,1e-05,0.0001,100,0.01,3.0,0.1,0.01,0.01,0.001,0.3,0.05,,0.0,1000,2,128,0,8.37,"[0.5495, 0.6281]","[None, None]",2013
534,False,False,64,"(0.3, 0.3, 0.4)",128,4,0,20,1e-05,0.0001,100,0.01,3.0,0.1,0.01,0.01,0.001,0.3,0.05,,0.0,1000,3,192,0,12.88,"[0.5843, 0.691, 0.6943]","[None, None, None]",2014
535,False,False,64,"(0.3, 0.3, 0.4)",128,4,0,20,1e-05,0.0001,100,0.01,3.0,0.1,0.01,0.01,0.001,0.3,0.05,,0.0,1000,3,192,0,13.0,"[0.5991, 0.6386, 0.6362]","[None, None, None]",2015
536,False,False,64,"(0.3, 0.3, 0.4)",128,4,0,20,1e-05,0.0001,100,0.01,3.0,0.1,0.01,0.01,0.001,0.3,0.05,,0.0,1000,3,192,0,12.91,"[0.584, 0.6916, 0.6641]","[None, None, None]",2016
537,False,False,64,"(0.3, 0.3, 0.4)",128,4,0,20,1e-05,0.0001,100,0.01,3.0,0.1,0.01,0.01,0.001,0.3,0.05,,0.0,1000,3,192,0,12.94,"[0.5293, 0.6932, 0.6855]","[None, None, None]",2017
538,False,False,64,"(0.3, 0.3, 0.4)",128,4,0,20,1e-05,0.0001,100,0.01,3.0,0.1,0.01,0.01,0.001,0.3,0.05,,0.0,1000,3,192,0,12.89,"[0.5928, 0.5827, 0.6582]","[None, None, None]",2018
539,False,False,64,"(0.3, 0.3, 0.4)",128,4,0,20,1e-05,0.0001,100,0.01,3.0,0.1,0.01,0.01,0.001,0.3,0.05,,0.0,1000,2,128,0,8.4,"[0.5913, 0.6988]","[None, None]",2019
540,False,False,64,"(0.3, 0.3, 0.4)",128,4,0,20,1e-05,0.0001,100,0.01,3.0,0.2,0.01,0.01,0.001,0.3,0.05,,0.0,1000,3,192,0,12.9,"[0.5736, 0.613, 0.6204]","[None, None, None]",2000
541,False,False,64,"(0.3, 0.3, 0.4)",128,4,0,20,1e-05,0.0001,100,0.01,3.0,0.2,0.01,0.01,0.001,0.3,0.05,,0.0,1000,1,64,0,4.19,[0.5341],[None],2001
542,False,False,64,"(0.3, 0.3, 0.4)",128,4,0,20,1e-05,0.0001,100,0.01,3.0,0.2,0.01,0.01,0.001,0.3,0.05,,0.0,1000,2,128,0,8.67,"[0.631, 0.6266]","[None, None]",2002
543,False,False,64,"(0.3, 0.3, 0.4)",128,4,0,20,1e-05,0.0001,100,0.01,3.0,0.2,0.01,0.01,0.001,0.3,0.05,,0.0,1000,2,128,0,8.68,"[0.6093, 0.6725]","[None, None]",2003
544,False,False,64,"(0.3, 0.3, 0.4)",128,4,0,20,1e-05,0.0001,100,0.01,3.0,0.2,0.01,0.01,0.001,0.3,0.05,,0.0,1000,4,256,0,18.21,"[0.5086, 0.6602, 0.6562, 0.6487]","[None, None, None, None]",2004
545,False,False,64,"(0.3, 0.3, 0.4)",128,4,0,20,1e-05,0.0001,100,0.01,3.0,0.2,0.01,0.01,0.001,0.3,0.05,,0.0,1000,2,128,0,8.7,"[0.6699, 0.693]","[None, None]",2005
546,False,False,64,"(0.3, 0.3, 0.4)",128,4,0,20,1e-05,0.0001,100,0.01,3.0,0.2,0.01,0.01,0.001,0.3,0.05,,0.0,1000,2,128,0,8.65,"[0.5728, 0.6917]","[None, None]",2006
547,False,False,64,"(0.3, 0.3, 0.4)",128,4,0,20,1e-05,0.0001,100,0.01,3.0,0.2,0.01,0.01,0.001,0.3,0.05,,0.0,1000,3,192,0,13.21,"[0.4622, 0.7127, 0.6799]","[None, None, None]",2007
548,False,False,64,"(0.3, 0.3, 0.4)",128,4,0,20,1e-05,0.0001,100,0.01,3.0,0.2,0.01,0.01,0.001,0.3,0.05,,0.0,1000,2,128,0,8.71,"[0.6071, 0.6355]","[None, None]",2008
549,False,False,64,"(0.3, 0.3, 0.4)",128,4,0,20,1e-05,0.0001,100,0.01,3.0,0.2,0.01,0.01,0.001,0.3,0.05,,0.0,1000,3,192,0,13.3,"[0.6428, 0.7086, 0.6606]","[None, None, None]",2009
550,False,False,64,"(0.3, 0.3, 0.4)",128,4,0,20,1e-05,0.0001,100,0.01,3.0,0.2,0.01,0.01,0.001,0.3,0.05,,0.0,1000,3,192,0,12.93,"[0.5053, 0.6333, 0.6641]","[None, None, None]",2010
551,False,False,64,"(0.3, 0.3, 0.4)",128,4,0,20,1e-05,0.0001,100,0.01,3.0,0.2,0.01,0.01,0.001,0.3,0.05,,0.0,1000,5,320,0,22.7,"[0.6384, 0.6708, 0.6599, 0.6928, 0.6723]","[None, None, None, None, None]",2011
552,False,False,64,"(0.3, 0.3, 0.4)",128,4,0,20,1e-05,0.0001,100,0.01,3.0,0.2,0.01,0.01,0.001,0.3,0.05,,0.0,1000,2,128,0,8.39,"[0.626, 0.6361]","[None, None]",2012
553,False,False,64,"(0.3, 0.3, 0.4)",128,4,0,20,1e-05,0.0001,100,0.01,3.0,0.2,0.01,0.01,0.001,0.3,0.05,,0.0,1000,2,128,0,8.44,"[0.5474, 0.6148]","[None, None]",2013
554,False,False,64,"(0.3, 0.3, 0.4)",128,4,0,20,1e-05,0.0001,100,0.01,3.0,0.2,0.01,0.01,0.001,0.3,0.05,,0.0,1000,3,192,0,13.34,"[0.5831, 0.681, 0.6898]","[None, None, None]",2014
555,False,False,64,"(0.3, 0.3, 0.4)",128,4,0,20,1e-05,0.0001,100,0.01,3.0,0.2,0.01,0.01,0.001,0.3,0.05,,0.0,1000,3,192,0,13.32,"[0.5943, 0.6592, 0.6719]","[None, None, None]",2015
556,False,False,64,"(0.3, 0.3, 0.4)",128,4,0,20,1e-05,0.0001,100,0.01,3.0,0.2,0.01,0.01,0.001,0.3,0.05,,0.0,1000,4,256,0,18.2,"[0.5801, 0.6871, 0.6799, 0.6829]","[None, None, None, None]",2016
557,False,False,64,"(0.3, 0.3, 0.4)",128,4,0,20,1e-05,0.0001,100,0.01,3.0,0.2,0.01,0.01,0.001,0.3,0.05,,0.0,1000,3,192,0,13.35,"[0.539, 0.6609, 0.6497]","[None, None, None]",2017
558,False,False,64,"(0.3, 0.3, 0.4)",128,4,0,20,1e-05,0.0001,100,0.01,3.0,0.2,0.01,0.01,0.001,0.3,0.05,,0.0,1000,2,128,0,8.41,"[0.5925, 0.5599]","[None, None]",2018
559,False,False,64,"(0.3, 0.3, 0.4)",128,4,0,20,1e-05,0.0001,100,0.01,3.0,0.2,0.01,0.01,0.001,0.3,0.05,,0.0,1000,2,128,0,8.43,"[0.5892, 0.7027]","[None, None]",2019
560,False,False,64,"(0.3, 0.3, 0.4)",128,4,0,20,1e-05,1e-05,100,0.01,2.0,0.1,0.01,0.01,0.001,0.3,0.05,,0.0,1000,5,320,0,23.13,"[0.5578, 0.5986, 0.5493, 0.5213, 0.5285]","[None, None, None, None, None]",2000
561,False,False,64,"(0.3, 0.3, 0.4)",128,4,0,20,1e-05,1e-05,100,0.01,2.0,0.1,0.01,0.01,0.001,0.3,0.05,,0.0,1000,1,64,0,4.18,[0.5639],[None],2001
562,False,False,64,"(0.3, 0.3, 0.4)",128,4,0,20,1e-05,1e-05,100,0.01,2.0,0.1,0.01,0.01,0.001,0.3,0.05,,0.0,1000,3,192,0,13.21,"[0.546, 0.3943, 0.4593]","[None, None, None]",2002
563,False,False,64,"(0.3, 0.3, 0.4)",128,4,0,20,1e-05,1e-05,100,0.01,2.0,0.1,0.01,0.01,0.001,0.3,0.05,,0.0,1000,2,128,0,8.48,"[0.3241, 0.4573]","[None, None]",2003
564,False,False,64,"(0.3, 0.3, 0.4)",128,4,0,20,1e-05,1e-05,100,0.01,2.0,0.1,0.01,0.01,0.001,0.3,0.05,,0.0,1000,3,192,0,13.34,"[0.5656, 0.448, 0.4666]","[None, None, None]",2004
565,False,False,64,"(0.3, 0.3, 0.4)",128,4,0,20,1e-05,1e-05,100,0.01,2.0,0.1,0.01,0.01,0.001,0.3,0.05,,0.0,1000,3,192,0,12.93,"[0.5745, 0.4322, 0.4788]","[None, None, None]",2005
566,False,False,64,"(0.3, 0.3, 0.4)",128,4,0,20,1e-05,1e-05,100,0.01,2.0,0.1,0.01,0.01,0.001,0.3,0.05,,0.0,1000,3,192,0,12.95,"[0.6023, 0.5392, 0.5398]","[None, None, None]",2006
567,False,False,64,"(0.3, 0.3, 0.4)",128,4,0,20,1e-05,1e-05,100,0.01,2.0,0.1,0.01,0.01,0.001,0.3,0.05,,0.0,1000,4,256,0,17.97,"[0.5832, 0.5298, 0.5665, 0.5608]","[None, None, None, None]",2007
568,False,False,64,"(0.3, 0.3, 0.4)",128,4,0,20,1e-05,1e-05,100,0.01,2.0,0.1,0.01,0.01,0.001,0.3,0.05,,0.0,1000,3,192,0,12.98,"[0.2705, 0.1148, 0.4304]","[None, None, None]",2008
569,False,False,64,"(0.3, 0.3, 0.4)",128,4,0,20,1e-05,1e-05,100,0.01,2.0,0.1,0.01,0.01,0.001,0.3,0.05,,0.0,1000,2,128,0,8.39,"[0.5227, 0.5946]","[None, None]",2009
570,False,False,64,"(0.3, 0.3, 0.4)",128,4,0,20,1e-05,1e-05,100,0.01,2.0,0.1,0.01,0.01,0.001,0.3,0.05,,0.0,1000,4,256,0,17.65,"[0.4197, 0.4867, 0.5315, 0.5616]","[None, None, None, None]",2010
571,False,False,64,"(0.3, 0.3, 0.4)",128,4,0,20,1e-05,1e-05,100,0.01,2.0,0.1,0.01,0.01,0.001,0.3,0.05,,0.0,1000,5,320,0,22.58,"[0.5884, 0.5749, 0.5516, 0.5258, 0.5518]","[None, None, None, None, None]",2011
572,False,False,64,"(0.3, 0.3, 0.4)",128,4,0,20,1e-05,1e-05,100,0.01,2.0,0.1,0.01,0.01,0.001,0.3,0.05,,0.0,1000,2,128,0,8.41,"[0.5362, 0.4209]","[None, None]",2012
573,False,False,64,"(0.3, 0.3, 0.4)",128,4,0,20,1e-05,1e-05,100,0.01,2.0,0.1,0.01,0.01,0.001,0.3,0.05,,0.0,1000,3,192,0,12.96,"[0.4152, 0.4372, 0.4802]","[None, None, None]",2013
574,False,False,64,"(0.3, 0.3, 0.4)",128,4,0,20,1e-05,1e-05,100,0.01,2.0,0.1,0.01,0.01,0.001,0.3,0.05,,0.0,1000,3,192,0,12.97,"[0.5458, 0.4725, 0.5599]","[None, None, None]",2014
575,False,False,64,"(0.3, 0.3, 0.4)",128,4,0,20,1e-05,1e-05,100,0.01,2.0,0.1,0.01,0.01,0.001,0.3,0.05,,0.0,1000,5,320,0,22.69,"[0.6127, 0.4142, 0.5044, 0.5479, 0.5639]","[None, None, None, None, None]",2015
576,False,False,64,"(0.3, 0.3, 0.4)",128,4,0,20,1e-05,1e-05,100,0.01,2.0,0.1,0.01,0.01,0.001,0.3,0.05,,0.0,1000,4,256,0,17.68,"[0.5546, 0.2675, 0.388, 0.5132]","[None, None, None, None]",2016
577,False,False,64,"(0.3, 0.3, 0.4)",128,4,0,20,1e-05,1e-05,100,0.01,2.0,0.1,0.01,0.01,0.001,0.3,0.05,,0.0,1000,3,192,0,12.94,"[0.6037, 0.4895, 0.55]","[None, None, None]",2017
578,False,False,64,"(0.3, 0.3, 0.4)",128,4,0,20,1e-05,1e-05,100,0.01,2.0,0.1,0.01,0.01,0.001,0.3,0.05,,0.0,1000,3,192,0,12.99,"[0.5072, 0.3848, 0.5004]","[None, None, None]",2018
579,False,False,64,"(0.3, 0.3, 0.4)",128,4,0,20,1e-05,1e-05,100,0.01,2.0,0.1,0.01,0.01,0.001,0.3,0.05,,0.0,1000,2,128,0,8.4,"[0.6015, 0.5852]","[None, None]",2019
580,False,False,64,"(0.3, 0.3, 0.4)",128,4,0,20,1e-05,1e-05,100,0.01,2.0,0.2,0.01,0.01,0.001,0.3,0.05,,0.0,1000,5,320,0,22.86,"[0.4074, 0.4921, 0.4518, 0.4613, 0.4513]","[None, None, None, None, None]",2000
581,False,False,64,"(0.3, 0.3, 0.4)",128,4,0,20,1e-05,1e-05,100,0.01,2.0,0.2,0.01,0.01,0.001,0.3,0.05,,0.0,1000,1,64,0,4.22,[0.4561],[None],2001
582,False,False,64,"(0.3, 0.3, 0.4)",128,4,0,20,1e-05,1e-05,100,0.01,2.0,0.2,0.01,0.01,0.001,0.3,0.05,,0.0,1000,2,128,0,8.38,"[0.4225, 0.2455]","[None, None]",2002
583,False,False,64,"(0.3, 0.3, 0.4)",128,4,0,20,1e-05,1e-05,100,0.01,2.0,0.2,0.01,0.01,0.001,0.3,0.05,,0.0,1000,2,128,0,8.61,"[-0.2926, 0.3148]","[None, None]",2003
584,False,False,64,"(0.3, 0.3, 0.4)",128,4,0,20,1e-05,1e-05,100,0.01,2.0,0.2,0.01,0.01,0.001,0.3,0.05,,0.0,1000,3,192,0,13.37,"[0.5059, 0.1934, 0.2581]","[None, None, None]",2004
585,False,False,64,"(0.3, 0.3, 0.4)",128,4,0,20,1e-05,1e-05,100,0.01,2.0,0.2,0.01,0.01,0.001,0.3,0.05,,0.0,1000,3,192,0,12.91,"[0.3586, 0.2939, 0.4257]","[None, None, None]",2005
586,False,False,64,"(0.3, 0.3, 0.4)",128,4,0,20,1e-05,1e-05,100,0.01,2.0,0.2,0.01,0.01,0.001,0.3,0.05,,0.0,1000,2,128,0,8.42,"[0.53, 0.4227]","[None, None]",2006
587,False,False,64,"(0.3, 0.3, 0.4)",128,4,0,20,1e-05,1e-05,100,0.01,2.0,0.2,0.01,0.01,0.001,0.3,0.05,,0.0,1000,4,256,0,17.97,"[0.4973, 0.326, 0.4924, 0.4733]","[None, None, None, None]",2007
588,False,False,64,"(0.3, 0.3, 0.4)",128,4,0,20,1e-05,1e-05,100,0.01,2.0,0.2,0.01,0.01,0.001,0.3,0.05,,0.0,1000,3,192,0,12.96,"[-0.0291, -0.5279, 0.1233]","[None, None, None]",2008
589,False,False,64,"(0.3, 0.3, 0.4)",128,4,0,20,1e-05,1e-05,100,0.01,2.0,0.2,0.01,0.01,0.001,0.3,0.05,,0.0,1000,2,128,0,8.39,"[0.3202, 0.5348]","[None, None]",2009
590,False,False,64,"(0.3, 0.3, 0.4)",128,4,0,20,1e-05,1e-05,100,0.01,2.0,0.2,0.01,0.01,0.001,0.3,0.05,,0.0,1000,4,256,0,18.04,"[0.2552, 0.3051, 0.461, 0.477]","[None, None, None, None]",2010
591,False,False,64,"(0.3, 0.3, 0.4)",128,4,0,20,1e-05,1e-05,100,0.01,2.0,0.2,0.01,0.01,0.001,0.3,0.05,,0.0,1000,5,320,0,22.91,"[0.4579, 0.4749, 0.4181, 0.4413, 0.4739]","[None, None, None, None, None]",2011
592,False,False,64,"(0.3, 0.3, 0.4)",128,4,0,20,1e-05,1e-05,100,0.01,2.0,0.2,0.01,0.01,0.001,0.3,0.05,,0.0,1000,3,192,0,12.85,"[0.3558, 0.386, 0.3704]","[None, None, None]",2012
593,False,False,64,"(0.3, 0.3, 0.4)",128,4,0,20,1e-05,1e-05,100,0.01,2.0,0.2,0.01,0.01,0.001,0.3,0.05,,0.0,1000,3,192,0,12.87,"[0.222, 0.2901, 0.4259]","[None, None, None]",2013
594,False,False,64,"(0.3, 0.3, 0.4)",128,4,0,20,1e-05,1e-05,100,0.01,2.0,0.2,0.01,0.01,0.001,0.3,0.05,,0.0,1000,3,192,0,13.23,"[0.4473, 0.3467, 0.3234]","[None, None, None]",2014
595,False,False,64,"(0.3, 0.3, 0.4)",128,4,0,20,1e-05,1e-05,100,0.01,2.0,0.2,0.01,0.01,0.001,0.3,0.05,,0.0,1000,6,384,0,28.1,"[0.4752, 0.1949, 0.3505, 0.4447, 0.4553, 0.4594]","[None, None, None, None, None, None]",2015
596,False,False,64,"(0.3, 0.3, 0.4)",128,4,0,20,1e-05,1e-05,100,0.01,2.0,0.2,0.01,0.01,0.001,0.3,0.05,,0.0,1000,4,256,0,17.6,"[0.3557, -0.0479, 0.0749, 0.2877]","[None, None, None, None]",2016
597,False,False,64,"(0.3, 0.3, 0.4)",128,4,0,20,1e-05,1e-05,100,0.01,2.0,0.2,0.01,0.01,0.001,0.3,0.05,,0.0,1000,3,192,0,12.84,"[0.4957, 0.3828, 0.4081]","[None, None, None]",2017
598,False,False,64,"(0.3, 0.3, 0.4)",128,4,0,20,1e-05,1e-05,100,0.01,2.0,0.2,0.01,0.01,0.001,0.3,0.05,,0.0,1000,4,256,0,17.67,"[0.3487, 0.1905, 0.3214, 0.4003]","[None, None, None, None]",2018
599,False,False,64,"(0.3, 0.3, 0.4)",128,4,0,20,1e-05,1e-05,100,0.01,2.0,0.2,0.01,0.01,0.001,0.3,0.05,,0.0,1000,3,192,0,12.92,"[0.451, 0.4418, 0.4133]","[None, None, None]",2019
600,False,False,64,"(0.3, 0.3, 0.4)",128,4,0,20,1e-05,1e-05,100,0.01,3.0,0.1,0.01,0.01,0.001,0.3,0.05,,0.0,1000,5,320,0,22.99,"[0.1239, -0.0735, -0.2862, -0.2909, -0.2923]","[None, None, None, None, None]",2000
601,False,False,64,"(0.3, 0.3, 0.4)",128,4,0,20,1e-05,1e-05,100,0.01,3.0,0.1,0.01,0.01,0.001,0.3,0.05,,0.0,1000,1,64,0,4.1,[0.1811],[None],2001
602,False,False,64,"(0.3, 0.3, 0.4)",128,4,0,20,1e-05,1e-05,100,0.01,3.0,0.1,0.01,0.01,0.001,0.3,0.05,,0.0,1000,3,192,0,13.01,"[-0.0286, -0.8599, -0.8686]","[None, None, None]",2002
603,False,False,64,"(0.3, 0.3, 0.4)",128,4,0,20,1e-05,1e-05,100,0.01,3.0,0.1,0.01,0.01,0.001,0.3,0.05,,0.0,1000,2,128,0,8.45,"[-1.1739, -0.6356]","[None, None]",2003
604,False,False,64,"(0.3, 0.3, 0.4)",128,4,0,20,1e-05,1e-05,100,0.01,3.0,0.1,0.01,0.01,0.001,0.3,0.05,,0.0,1000,3,192,0,13.28,"[0.3484, -1.0611, -0.6551]","[None, None, None]",2004
605,False,False,64,"(0.3, 0.3, 0.4)",128,4,0,20,1e-05,1e-05,100,0.01,3.0,0.1,0.01,0.01,0.001,0.3,0.05,,0.0,1000,3,192,0,13.35,"[-0.1427, -0.9522, -0.2441]","[None, None, None]",2005
606,False,False,64,"(0.3, 0.3, 0.4)",128,4,0,20,1e-05,1e-05,100,0.01,3.0,0.1,0.01,0.01,0.001,0.3,0.05,,0.0,1000,2,128,0,8.67,"[0.3967, -0.1478]","[None, None]",2006
607,False,False,64,"(0.3, 0.3, 0.4)",128,4,0,20,1e-05,1e-05,100,0.01,3.0,0.1,0.01,0.01,0.001,0.3,0.05,,0.0,1000,5,320,0,23.32,"[0.2974, -0.7672, -0.4853, -0.3197, -0.4542]","[None, None, None, None, None]",2007
608,False,False,64,"(0.3, 0.3, 0.4)",128,4,0,20,1e-05,1e-05,100,0.01,3.0,0.1,0.01,0.01,0.001,0.3,0.05,,0.0,1000,3,192,0,13.32,"[-0.8383, -1.6756, -0.5832]","[None, None, None]",2008
609,False,False,64,"(0.3, 0.3, 0.4)",128,4,0,20,1e-05,1e-05,100,0.01,3.0,0.1,0.01,0.01,0.001,0.3,0.05,,0.0,1000,3,192,0,13.25,"[-0.3728, 0.2412, 0.0675]","[None, None, None]",2009
610,False,False,64,"(0.3, 0.3, 0.4)",128,4,0,20,1e-05,1e-05,100,0.01,3.0,0.1,0.01,0.01,0.001,0.3,0.05,,0.0,1000,3,192,0,12.94,"[-0.108, -0.8392, -0.1346]","[None, None, None]",2010
611,False,False,64,"(0.3, 0.3, 0.4)",128,4,0,20,1e-05,1e-05,100,0.01,3.0,0.1,0.01,0.01,0.001,0.3,0.05,,0.0,1000,4,256,0,17.98,"[0.1607, 0.0039, 0.052, -0.0737]","[None, None, None, None]",2011
612,False,False,64,"(0.3, 0.3, 0.4)",128,4,0,20,1e-05,1e-05,100,0.01,3.0,0.1,0.01,0.01,0.001,0.3,0.05,,0.0,1000,2,128,0,8.48,"[-0.0852, -0.3134]","[None, None]",2012
613,False,False,64,"(0.3, 0.3, 0.4)",128,4,0,20,1e-05,1e-05,100,0.01,3.0,0.1,0.01,0.01,0.001,0.3,0.05,,0.0,1000,3,192,0,13.14,"[-0.2176, -0.2487, 0.0012]","[None, None, None]",2013
614,False,False,64,"(0.3, 0.3, 0.4)",128,4,0,20,1e-05,1e-05,100,0.01,3.0,0.1,0.01,0.01,0.001,0.3,0.05,,0.0,1000,3,192,0,12.84,"[0.1774, -0.5087, -0.3462]","[None, None, None]",2014
615,False,False,64,"(0.3, 0.3, 0.4)",128,4,0,20,1e-05,1e-05,100,0.01,3.0,0.1,0.01,0.01,0.001,0.3,0.05,,0.0,1000,5,320,0,22.6,"[0.0837, -0.829, -0.6255, -0.458, -0.6488]","[None, None, None, None, None]",2015
616,False,False,64,"(0.3, 0.3, 0.4)",128,4,0,20,1e-05,1e-05,100,0.01,3.0,0.1,0.01,0.01,0.001,0.3,0.05,,0.0,1000,3,192,0,12.96,"[-0.1882, -1.3596, -1.1314]","[None, None, None]",2016
617,False,False,64,"(0.3, 0.3, 0.4)",128,4,0,20,1e-05,1e-05,100,0.01,3.0,0.1,0.01,0.01,0.001,0.3,0.05,,0.0,1000,2,128,0,8.37,"[0.2045, -0.4606]","[None, None]",2017
618,False,False,64,"(0.3, 0.3, 0.4)",128,4,0,20,1e-05,1e-05,100,0.01,3.0,0.1,0.01,0.01,0.001,0.3,0.05,,0.0,1000,3,192,0,12.84,"[-0.0968, -0.9442, -0.3239]","[None, None, None]",2018
619,False,False,64,"(0.3, 0.3, 0.4)",128,4,0,20,1e-05,1e-05,100,0.01,3.0,0.1,0.01,0.01,0.001,0.3,0.05,,0.0,1000,3,192,0,13.01,"[0.0629, -0.0748, -0.1625]","[None, None, None]",2019
620,False,False,64,"(0.3, 0.3, 0.4)",128,4,0,20,1e-05,1e-05,100,0.01,3.0,0.2,0.01,0.01,0.001,0.3,0.05,,0.0,1000,4,256,0,18.07,"[-0.3989, -0.4959, -0.7238, -0.6124]","[None, None, None, None]",2000
621,False,False,64,"(0.3, 0.3, 0.4)",128,4,0,20,1e-05,1e-05,100,0.01,3.0,0.2,0.01,0.01,0.001,0.3,0.05,,0.0,1000,1,64,0,4.1,[-0.2697],[None],2001
622,False,False,64,"(0.3, 0.3, 0.4)",128,4,0,20,1e-05,1e-05,100,0.01,3.0,0.2,0.01,0.01,0.001,0.3,0.05,,0.0,1000,2,128,0,8.57,"[-0.4456, -1.188]","[None, None]",2002
623,False,False,64,"(0.3, 0.3, 0.4)",128,4,0,20,1e-05,1e-05,100,0.01,3.0,0.2,0.01,0.01,0.001,0.3,0.05,,0.0,1000,2,128,0,8.37,"[-2.0983, -1.5854]","[None, None]",2003
624,False,False,64,"(0.3, 0.3, 0.4)",128,4,0,20,1e-05,1e-05,100,0.01,3.0,0.2,0.01,0.01,0.001,0.3,0.05,,0.0,1000,2,128,0,8.36,"[0.0527, -1.6747]","[None, None]",2004
625,False,False,64,"(0.3, 0.3, 0.4)",128,4,0,20,1e-05,1e-05,100,0.01,3.0,0.2,0.01,0.01,0.001,0.3,0.05,,0.0,1000,3,192,0,13.03,"[-0.7107, -1.2334, -0.9568]","[None, None, None]",2005
626,False,False,64,"(0.3, 0.3, 0.4)",128,4,0,20,1e-05,1e-05,100,0.01,3.0,0.2,0.01,0.01,0.001,0.3,0.05,,0.0,1000,4,256,0,18.05,"[0.1122, -0.7391, -0.8171, -0.7969]","[None, None, None, None]",2006
627,False,False,64,"(0.3, 0.3, 0.4)",128,4,0,20,1e-05,1e-05,100,0.01,3.0,0.2,0.01,0.01,0.001,0.3,0.05,,0.0,1000,2,128,0,8.48,"[-0.0852, -1.7339]","[None, None]",2007
628,False,False,64,"(0.3, 0.3, 0.4)",128,4,0,20,1e-05,1e-05,100,0.01,3.0,0.2,0.01,0.01,0.001,0.3,0.05,,0.0,1000,4,256,0,17.57,"[-1.3898, -2.3832, -1.8873, -1.4717]","[None, None, None, None]",2008
629,False,False,64,"(0.3, 0.3, 0.4)",128,4,0,20,1e-05,1e-05,100,0.01,3.0,0.2,0.01,0.01,0.001,0.3,0.05,,0.0,1000,3,192,0,12.86,"[-0.9831, -0.0339, -0.1528]","[None, None, None]",2009
630,False,False,64,"(0.3, 0.3, 0.4)",128,4,0,20,1e-05,1e-05,100,0.01,3.0,0.2,0.01,0.01,0.001,0.3,0.05,,0.0,1000,4,256,0,17.57,"[-0.601, -0.9771, -0.5005, -0.419]","[None, None, None, None]",2010
631,False,False,64,"(0.3, 0.3, 0.4)",128,4,0,20,1e-05,1e-05,100,0.01,3.0,0.2,0.01,0.01,0.001,0.3,0.05,,0.0,1000,4,256,0,17.63,"[-0.337, -0.3138, -0.4405, -0.7576]","[None, None, None, None]",2011
632,False,False,64,"(0.3, 0.3, 0.4)",128,4,0,20,1e-05,1e-05,100,0.01,3.0,0.2,0.01,0.01,0.001,0.3,0.05,,0.0,1000,2,128,0,8.37,"[-0.6639, -0.4283]","[None, None]",2012
633,False,False,64,"(0.3, 0.3, 0.4)",128,4,0,20,1e-05,1e-05,100,0.01,3.0,0.2,0.01,0.01,0.001,0.3,0.05,,0.0,1000,3,192,0,13.08,"[-0.7442, -0.8907, -0.7581]","[None, None, None]",2013
634,False,False,64,"(0.3, 0.3, 0.4)",128,4,0,20,1e-05,1e-05,100,0.01,3.0,0.2,0.01,0.01,0.001,0.3,0.05,,0.0,1000,2,128,0,8.4,"[-0.2297, -1.534]","[None, None]",2014
635,False,False,64,"(0.3, 0.3, 0.4)",128,4,0,20,1e-05,1e-05,100,0.01,3.0,0.2,0.01,0.01,0.001,0.3,0.05,,0.0,1000,5,320,0,22.74,"[-0.3981, -1.0653, -0.8654, -0.7374, -1.2859]","[None, None, None, None, None]",2015
636,False,False,64,"(0.3, 0.3, 0.4)",128,4,0,20,1e-05,1e-05,100,0.01,3.0,0.2,0.01,0.01,0.001,0.3,0.05,,0.0,1000,4,256,0,17.69,"[-0.7917, -1.6613, -1.9264, -1.2724]","[None, None, None, None]",2016
637,False,False,64,"(0.3, 0.3, 0.4)",128,4,0,20,1e-05,1e-05,100,0.01,3.0,0.2,0.01,0.01,0.001,0.3,0.05,,0.0,1000,3,192,0,13.02,"[-0.2748, -1.112, -0.6848]","[None, None, None]",2017
638,False,False,64,"(0.3, 0.3, 0.4)",128,4,0,20,1e-05,1e-05,100,0.01,3.0,0.2,0.01,0.01,0.001,0.3,0.05,,0.0,1000,4,256,0,17.9,"[-0.6308, -1.2432, -0.9149, -0.7213]","[None, None, None, None]",2018
639,False,False,64,"(0.3, 0.3, 0.4)",128,4,0,20,1e-05,1e-05,100,0.01,3.0,0.2,0.01,0.01,0.001,0.3,0.05,,0.0,1000,3,192,0,13.19,"[-0.5439, -0.5146, -0.5875]","[None, None, None]",2019
