epochs,lr,lambda_kld,lambda_reg,lambda_pair,lambda_smooth,lambda_infonce,num_pairs,tv_mean,tv_median,spearman_mean,spearman_median,unique_mean,unique_median,mono_viol_mean,mono_viol_median
1000,5e-05,0.0,0.01,0.0,0.01,0.01,200.0,4.9408,4.721,-0.8984,-0.9273,8.21,8.0,1.535,1.0
1000,5e-05,0.0,0.01,0.0,0.01,0.1,200.0,4.6206,4.3811,-0.9769,-0.9909,9.72,10.0,0.505,0.0
1000,5e-05,0.0,0.01,0.0,0.01,0.2,200.0,4.5937,4.5027,-0.985,-0.9909,9.83,10.0,0.43,0.0
1000,5e-05,0.0,0.01,0.0,0.1,0.0,200.0,4.7598,4.5512,-0.8646,-0.9091,8.21,8.0,1.755,2.0
1000,5e-05,0.0,0.01,0.0,0.1,0.01,200.0,4.7859,4.6143,-0.895,-0.9136,7.98,8.0,1.415,1.0
1000,5e-05,0.0,0.01,0.0,0.1,0.1,200.0,4.5869,4.4437,-0.9777,-0.9909,9.615,10.0,0.5,0.0
1000,5e-05,0.0,0.01,0.0,0.1,0.2,200.0,4.6099,4.5029,-0.9846,-0.9909,9.9,10.0,0.385,0.0
1000,5e-05,0.0,0.01,0.1,0.0,0.0,200.0,4.703,4.5338,-0.8822,-0.9273,7.93,8.0,1.45,1.0
1000,5e-05,0.0,0.01,0.1,0.0,0.01,200.0,4.7219,4.6757,-0.8977,-0.9273,7.86,8.0,1.33,1.0
1000,5e-05,0.0,0.01,0.1,0.0,0.1,200.0,4.4751,4.4646,-0.9851,-0.9909,9.865,10.0,0.425,0.0
1000,5e-05,0.0,0.01,0.1,0.0,0.2,200.0,4.539,4.5028,-0.9878,-0.9909,9.98,10.0,0.32,0.0
1000,5e-05,0.0,0.01,0.1,0.01,0.0,200.0,4.5782,4.4747,-0.8774,-0.9091,7.98,8.0,1.45,1.0
1000,5e-05,0.0,0.01,0.1,0.01,0.01,200.0,4.7792,4.5732,-0.9057,-0.9455,7.905,8.0,1.27,1.0
1000,5e-05,0.0,0.01,0.1,0.01,0.1,200.0,4.4931,4.4647,-0.9864,-0.9909,9.93,10.0,0.4,0.0
1000,5e-05,0.0,0.01,0.1,0.01,0.2,200.0,4.5764,4.4674,-0.9871,-0.9909,9.98,10.0,0.35,0.0
1000,5e-05,0.0,0.01,0.1,0.1,0.0,200.0,4.6894,4.6322,-0.8773,-0.9136,7.735,8.0,1.535,1.0
1000,5e-05,0.0,0.01,0.1,0.1,0.01,200.0,4.7401,4.6111,-0.9087,-0.9409,7.715,8.0,1.1,1.0
1000,5e-05,0.0,0.01,0.1,0.1,0.1,200.0,4.4862,4.4693,-0.9861,-0.9909,9.87,10.0,0.415,0.0
1000,5e-05,0.0,0.01,0.1,0.1,0.2,200.0,4.5443,4.4794,-0.9875,-0.9909,10.005,10.0,0.365,0.0
1000,5e-05,0.0,0.01,0.5,0.0,0.0,200.0,4.3187,4.2486,-0.885,-0.9182,7.375,7.0,1.33,1.0
1000,5e-05,0.0,0.01,0.5,0.0,0.01,200.0,4.7347,4.5603,-0.9172,-0.9364,7.79,8.0,1.075,1.0
1000,5e-05,0.0,0.01,0.5,0.0,0.1,200.0,4.5027,4.4913,-0.9892,-0.9909,10.11,10.0,0.345,0.0
1000,5e-05,0.0,0.01,0.5,0.0,0.2,200.0,4.5222,4.5067,-0.9911,-0.9909,10.185,10.0,0.265,0.0
1000,5e-05,0.0,0.01,0.5,0.01,0.0,200.0,4.4108,4.3442,-0.881,-0.9,7.515,8.0,1.41,1.0
1000,5e-05,0.0,0.01,0.5,0.01,0.01,200.0,4.8734,4.6085,-0.9137,-0.9318,7.765,8.0,1.085,1.0
1000,5e-05,0.0,0.01,0.5,0.01,0.1,200.0,4.4873,4.4501,-0.9895,-0.9909,10.135,10.0,0.32,0.0
1000,5e-05,0.0,0.01,0.5,0.01,0.2,200.0,4.4942,4.4744,-0.9904,-0.9909,10.055,10.0,0.285,0.0
1000,5e-05,0.0,0.01,0.5,0.1,0.0,200.0,4.5271,4.3363,-0.8694,-0.9,7.255,7.0,1.465,1.0
1000,5e-05,0.0,0.01,0.5,0.1,0.01,200.0,4.6252,4.6066,-0.916,-0.9455,7.72,8.0,0.935,1.0
1000,5e-05,0.0,0.01,0.5,0.1,0.1,200.0,4.4929,4.4738,-0.99,-0.9909,10.13,10.0,0.27,0.0
1000,5e-05,0.0,0.01,0.5,0.1,0.2,200.0,4.5297,4.4778,-0.991,-0.9909,10.095,10.0,0.265,0.0
1000,5e-05,0.0,0.01,1.0,0.0,0.0,200.0,4.741,4.5646,-0.9016,-0.9182,7.715,8.0,1.34,1.0
1000,5e-05,0.0,0.01,1.0,0.0,0.01,200.0,4.7559,4.6589,-0.9469,-0.9545,8.41,9.0,0.925,1.0
1000,5e-05,0.0,0.01,1.0,0.0,0.1,200.0,4.4661,4.3974,-0.9892,-0.9909,10.11,10.0,0.31,0.0
1000,5e-05,0.0,0.01,1.0,0.0,0.2,200.0,4.5555,4.5064,-0.9914,-0.9909,10.07,10.0,0.285,0.0
1000,5e-05,0.0,0.01,1.0,0.01,0.0,200.0,4.7506,4.5222,-0.9053,-0.9273,7.555,8.0,1.145,1.0
1000,5e-05,0.0,0.01,1.0,0.01,0.01,200.0,4.696,4.4584,-0.9279,-0.9545,8.17,8.0,1.0,1.0
1000,5e-05,0.0,0.01,1.0,0.01,0.1,200.0,4.4692,4.3968,-0.9896,-0.9909,10.17,10.0,0.35,0.0
1000,5e-05,0.0,0.01,1.0,0.01,0.2,200.0,4.5394,4.4861,-0.9905,-0.9909,10.145,10.0,0.285,0.0
1000,5e-05,0.0,0.01,1.0,0.1,0.0,200.0,4.5703,4.5672,-0.8928,-0.9182,7.595,8.0,1.4,1.0
1000,5e-05,0.0,0.01,1.0,0.1,0.01,200.0,4.841,4.6773,-0.9325,-0.9545,8.335,8.0,1.085,1.0
1000,5e-05,0.0,0.01,1.0,0.1,0.1,200.0,4.4711,4.4509,-0.9892,-0.9909,10.13,10.0,0.33,0.0
1000,5e-05,0.0,0.01,1.0,0.1,0.2,200.0,4.5251,4.4738,-0.9905,-0.9909,10.185,10.0,0.305,0.0
1000,5e-05,0.0,0.1,0.0,0.0,0.0,200.0,4.6224,4.5412,-0.9569,-0.9773,8.695,9.0,0.59,0.0
1000,5e-05,0.0,0.1,0.0,0.0,0.01,200.0,4.6537,4.5189,-0.9646,-0.9818,8.59,9.0,0.435,0.0
1000,5e-05,0.0,0.1,0.0,0.0,0.1,200.0,4.4808,4.4634,-0.9905,-0.9909,10.15,10.0,0.29,0.0
1000,5e-05,0.0,0.1,0.0,0.0,0.2,200.0,4.5329,4.4894,-0.9917,-0.9909,10.225,10.0,0.325,0.0
1000,5e-05,0.0,0.1,0.0,0.01,0.0,200.0,4.5919,4.3904,-0.956,-0.9727,8.415,9.0,0.585,0.0
1000,5e-05,0.0,0.1,0.0,0.01,0.01,200.0,4.539,4.3874,-0.9557,-0.9636,8.235,8.0,0.44,0.0
1000,5e-05,0.0,0.1,0.0,0.01,0.1,200.0,4.4585,4.4288,-0.9915,-0.9909,10.205,10.0,0.245,0.0
1000,5e-05,0.0,0.1,0.0,0.01,0.2,200.0,4.5419,4.4892,-0.9906,-0.9909,10.22,10.0,0.41,0.0
1000,5e-05,0.0,0.1,0.0,0.1,0.0,200.0,4.5653,4.4273,-0.9552,-0.9636,8.51,9.0,0.54,0.0
1000,5e-05,0.0,0.1,0.0,0.1,0.01,200.0,4.5405,4.3796,-0.9542,-0.9636,8.3,8.0,0.4,0.0
1000,5e-05,0.0,0.1,0.0,0.1,0.1,200.0,4.4804,4.4455,-0.9907,-0.9909,10.135,10.0,0.28,0.0
1000,5e-05,0.0,0.1,0.0,0.1,0.2,200.0,4.5326,4.4906,-0.9921,-0.9909,10.305,10.0,0.325,0.0
1000,5e-05,0.0,0.1,0.1,0.0,0.0,200.0,4.6106,4.4677,-0.9569,-0.9727,8.485,8.0,0.585,0.0
1000,5e-05,0.0,0.1,0.1,0.0,0.01,200.0,4.4534,4.3178,-0.9436,-0.9636,8.185,8.0,0.48,0.0
1000,5e-05,0.0,0.1,0.1,0.0,0.1,200.0,4.4696,4.4066,-0.9909,-0.9909,10.09,10.0,0.225,0.0
1000,5e-05,0.0,0.1,0.1,0.0,0.2,200.0,4.4991,4.4489,-0.9926,-0.9909,10.235,10.0,0.325,0.0
1000,5e-05,0.0,0.1,0.1,0.01,0.0,200.0,4.553,4.4822,-0.9537,-0.9636,8.385,8.0,0.58,0.0
1000,5e-05,0.0,0.1,0.1,0.01,0.01,200.0,4.5276,4.3383,-0.9528,-0.9636,8.19,8.0,0.495,0.0
1000,5e-05,0.0,0.1,0.1,0.01,0.1,200.0,4.4633,4.4453,-0.9891,-0.9909,10.09,10.0,0.32,0.0
1000,5e-05,0.0,0.1,0.1,0.01,0.2,200.0,4.5054,4.456,-0.9925,-0.9909,10.205,10.0,0.28,0.0
1000,5e-05,0.0,0.1,0.1,0.1,0.0,200.0,4.4843,4.3781,-0.9539,-0.9727,8.415,8.5,0.57,0.0
1000,5e-05,0.0,0.1,0.1,0.1,0.01,200.0,4.4893,4.3924,-0.9422,-0.9636,8.415,8.5,0.61,0.0
1000,5e-05,0.0,0.1,0.1,0.1,0.1,200.0,4.4674,4.393,-0.9895,-0.9909,10.14,10.0,0.31,0.0
1000,5e-05,0.0,0.1,0.1,0.1,0.2,200.0,4.5141,4.4715,-0.993,-0.9955,10.255,10.0,0.25,0.0
1000,5e-05,0.0,0.1,0.5,0.0,0.0,200.0,4.495,4.4177,-0.9518,-0.9636,8.29,8.0,0.71,0.0
1000,5e-05,0.0,0.1,0.5,0.0,0.01,200.0,4.4792,4.3544,-0.9375,-0.9636,8.17,8.0,0.55,0.0
1000,5e-05,0.0,0.1,0.5,0.0,0.1,200.0,4.4513,4.4066,-0.9889,-0.9909,10.0,10.0,0.295,0.0
1000,5e-05,0.0,0.1,0.5,0.0,0.2,200.0,4.4814,4.4798,-0.9925,-0.9955,10.28,10.0,0.275,0.0
1000,5e-05,0.0,0.1,0.5,0.01,0.0,200.0,4.4429,4.34,-0.9597,-0.9818,8.45,9.0,0.52,0.0
1000,5e-05,0.0,0.1,0.5,0.01,0.01,200.0,4.5146,4.3615,-0.9485,-0.9636,8.145,8.0,0.505,0.0
1000,5e-05,0.0,0.1,0.5,0.01,0.1,200.0,4.4316,4.3998,-0.9887,-0.9909,9.99,10.0,0.305,0.0
1000,5e-05,0.0,0.1,0.5,0.01,0.2,200.0,4.4869,4.4677,-0.9917,-0.9909,10.245,10.0,0.31,0.0
1000,5e-05,0.0,0.1,0.5,0.1,0.0,200.0,4.5649,4.4892,-0.9556,-0.9727,8.345,9.0,0.63,0.0
1000,5e-05,0.0,0.1,0.5,0.1,0.01,200.0,4.4632,4.3449,-0.9376,-0.9636,8.095,8.0,0.535,0.0
1000,5e-05,0.0,0.1,0.5,0.1,0.1,200.0,4.4462,4.4536,-0.9888,-0.9909,10.035,10.0,0.315,0.0
1000,5e-05,0.0,0.1,0.5,0.1,0.2,200.0,4.4777,4.4547,-0.9928,-0.9955,10.32,10.5,0.255,0.0
1000,5e-05,0.0,0.1,1.0,0.0,0.0,200.0,4.5449,4.5042,-0.9538,-0.9727,8.355,8.0,0.57,0.0
1000,5e-05,0.0,0.1,1.0,0.0,0.01,200.0,4.5088,4.4055,-0.9527,-0.9727,8.55,9.0,0.595,0.0
1000,5e-05,0.0,0.1,1.0,0.0,0.1,200.0,4.4249,4.4346,-0.99,-0.9909,9.99,10.0,0.35,0.0
1000,5e-05,0.0,0.1,1.0,0.0,0.2,200.0,4.5311,4.4892,-0.9941,-1.0,10.4,11.0,0.27,0.0
1000,5e-05,0.0,0.1,1.0,0.01,0.0,200.0,4.4616,4.4571,-0.9526,-0.9636,8.425,8.0,0.515,0.0
1000,5e-05,0.0,0.1,1.0,0.01,0.01,200.0,4.4972,4.3989,-0.951,-0.9636,8.355,8.0,0.61,0.0
1000,5e-05,0.0,0.1,1.0,0.01,0.1,200.0,4.4321,4.4729,-0.9894,-0.9909,10.135,10.0,0.39,0.0
1000,5e-05,0.0,0.1,1.0,0.01,0.2,200.0,4.5089,4.4472,-0.9933,-0.9955,10.375,11.0,0.285,0.0
1000,5e-05,0.0,0.1,1.0,0.1,0.0,200.0,4.5395,4.4849,-0.9528,-0.9727,8.305,8.0,0.49,0.0
1000,5e-05,0.0,0.1,1.0,0.1,0.01,200.0,4.5375,4.4613,-0.9494,-0.9636,8.33,8.0,0.605,0.0
1000,5e-05,0.0,0.1,1.0,0.1,0.1,200.0,4.411,4.3908,-0.9908,-0.9909,9.985,10.0,0.295,0.0
1000,5e-05,0.0,0.1,1.0,0.1,0.2,200.0,4.5302,4.5156,-0.995,-1.0,10.365,11.0,0.225,0.0
1000,5e-05,0.0,0.5,0.0,0.0,0.0,200.0,4.5321,4.4652,-0.9872,-0.9909,9.795,10.0,0.225,0.0
1000,5e-05,0.0,0.5,0.0,0.0,0.01,200.0,4.5104,4.4303,-0.988,-0.9909,9.65,10.0,0.22,0.0
1000,5e-05,0.0,0.5,0.0,0.0,0.1,200.0,4.5188,4.4978,-0.9914,-0.9909,10.375,11.0,0.375,0.0
1000,5e-05,0.0,0.5,0.0,0.0,0.2,200.0,4.5697,4.5749,-0.995,-1.0,10.65,11.0,0.35,0.0
1000,5e-05,0.0,0.5,0.0,0.01,0.0,200.0,4.4714,4.3871,-0.983,-0.9909,9.68,10.0,0.22,0.0
1000,5e-05,0.0,0.5,0.0,0.01,0.01,200.0,4.4618,4.3574,-0.9823,-0.9909,9.6,10.0,0.215,0.0
1000,5e-05,0.0,0.5,0.0,0.01,0.1,200.0,4.5315,4.4992,-0.9911,-0.9909,10.305,10.0,0.34,0.0
1000,5e-05,0.0,0.5,0.0,0.01,0.2,200.0,4.563,4.5241,-0.9946,-1.0,10.66,11.0,0.39,0.0
1000,5e-05,0.0,0.5,0.0,0.1,0.0,200.0,4.4974,4.3907,-0.9835,-0.9909,9.675,10.0,0.24,0.0
1000,5e-05,0.0,0.5,0.0,0.1,0.01,200.0,4.4343,4.3634,-0.9824,-0.9909,9.59,10.0,0.22,0.0
1000,5e-05,0.0,0.5,0.0,0.1,0.1,200.0,4.5096,4.5055,-0.9918,-1.0,10.31,10.0,0.325,0.0
1000,5e-05,0.0,0.5,0.0,0.1,0.2,200.0,4.5719,4.5087,-0.994,-1.0,10.685,11.0,0.395,0.0
1000,5e-05,0.0,0.5,0.1,0.0,0.0,200.0,4.5559,4.4743,-0.9884,-0.9909,9.68,10.0,0.21,0.0
1000,5e-05,0.0,0.5,0.1,0.0,0.01,200.0,4.4748,4.431,-0.9855,-0.9909,9.58,10.0,0.285,0.0
1000,5e-05,0.0,0.5,0.1,0.0,0.1,200.0,4.4989,4.5035,-0.991,-1.0,10.375,11.0,0.36,0.0
1000,5e-05,0.0,0.5,0.1,0.0,0.2,200.0,4.5542,4.529,-0.9945,-1.0,10.675,11.0,0.41,0.0
1000,5e-05,0.0,0.5,0.1,0.01,0.0,200.0,4.4656,4.4064,-0.9822,-0.9909,9.575,10.0,0.255,0.0
1000,5e-05,0.0,0.5,0.1,0.01,0.01,200.0,4.6033,4.475,-0.9855,-0.9909,9.57,10.0,0.245,0.0
1000,5e-05,0.0,0.5,0.1,0.01,0.1,200.0,4.4985,4.5019,-0.9915,-0.9909,10.31,10.0,0.33,0.0
1000,5e-05,0.0,0.5,0.1,0.01,0.2,200.0,4.5866,4.5889,-0.9944,-1.0,10.63,11.0,0.38,0.0
1000,5e-05,0.0,0.5,0.1,0.1,0.0,200.0,4.5619,4.5151,-0.9846,-0.9909,9.54,10.0,0.24,0.0
1000,5e-05,0.0,0.5,0.1,0.1,0.01,200.0,4.4816,4.4416,-0.985,-0.9909,9.61,10.0,0.235,0.0
1000,5e-05,0.0,0.5,0.1,0.1,0.1,200.0,4.5152,4.4833,-0.9904,-1.0,10.325,11.0,0.355,0.0
1000,5e-05,0.0,0.5,0.1,0.1,0.2,200.0,4.5845,4.5802,-0.9941,-1.0,10.65,11.0,0.435,0.0
1000,5e-05,0.0,0.5,0.5,0.0,0.0,200.0,4.4241,4.4079,-0.9844,-0.9909,9.515,10.0,0.32,0.0
1000,5e-05,0.0,0.5,0.5,0.0,0.01,200.0,4.3354,4.3022,-0.9833,-0.9909,9.485,10.0,0.305,0.0
1000,5e-05,0.0,0.5,0.5,0.0,0.1,200.0,4.5294,4.4808,-0.9908,-0.9909,10.235,10.0,0.375,0.0
1000,5e-05,0.0,0.5,0.5,0.0,0.2,200.0,4.562,4.5246,-0.9947,-1.0,10.675,11.0,0.365,0.0
1000,5e-05,0.0,0.5,0.5,0.01,0.0,200.0,4.472,4.4102,-0.9842,-0.9909,9.555,10.0,0.225,0.0
1000,5e-05,0.0,0.5,0.5,0.01,0.01,200.0,4.5626,4.5607,-0.9878,-0.9909,9.68,10.0,0.24,0.0
1000,5e-05,0.0,0.5,0.5,0.01,0.1,200.0,4.5289,4.5285,-0.9912,-0.9909,10.205,10.0,0.345,0.0
1000,5e-05,0.0,0.5,0.5,0.01,0.2,200.0,4.5628,4.5099,-0.9943,-1.0,10.61,11.0,0.405,0.0
1000,5e-05,0.0,0.5,0.5,0.1,0.0,200.0,4.4773,4.3869,-0.9833,-0.9909,9.58,10.0,0.275,0.0
1000,5e-05,0.0,0.5,0.5,0.1,0.01,200.0,4.4368,4.4301,-0.9871,-0.9909,9.615,10.0,0.235,0.0
1000,5e-05,0.0,0.5,0.5,0.1,0.1,200.0,4.4932,4.4939,-0.9905,-0.9909,10.25,10.0,0.35,0.0
1000,5e-05,0.0,0.5,0.5,0.1,0.2,200.0,4.5681,4.5306,-0.9942,-1.0,10.595,11.0,0.345,0.0
1000,5e-05,0.0,0.5,1.0,0.0,0.0,200.0,4.4211,4.2982,-0.9844,-0.9909,9.665,10.0,0.315,0.0
1000,5e-05,0.0,0.5,1.0,0.0,0.01,200.0,4.5706,4.4327,-0.9848,-0.9909,9.675,10.0,0.305,0.0
1000,5e-05,0.0,0.5,1.0,0.0,0.1,200.0,4.503,4.4823,-0.9907,-0.9909,10.335,10.0,0.37,0.0
1000,5e-05,0.0,0.5,1.0,0.0,0.2,200.0,4.562,4.506,-0.9938,-1.0,10.665,11.0,0.445,0.0
1000,5e-05,0.0,0.5,1.0,0.01,0.0,200.0,4.421,4.334,-0.9848,-0.9909,9.56,10.0,0.27,0.0
1000,5e-05,0.0,0.5,1.0,0.01,0.01,200.0,4.4384,4.3909,-0.9846,-0.9909,9.6,10.0,0.24,0.0
1000,5e-05,0.0,0.5,1.0,0.01,0.1,200.0,4.4829,4.4686,-0.9903,-0.9909,10.205,10.0,0.335,0.0
1000,5e-05,0.0,0.5,1.0,0.01,0.2,200.0,4.5515,4.5234,-0.9949,-1.0,10.635,11.0,0.36,0.0
1000,5e-05,0.0,0.5,1.0,0.1,0.0,200.0,4.4203,4.3754,-0.9853,-0.9909,9.565,10.0,0.24,0.0
1000,5e-05,0.0,0.5,1.0,0.1,0.01,200.0,4.5279,4.4845,-0.9828,-0.9909,9.635,10.0,0.27,0.0
1000,5e-05,0.0,0.5,1.0,0.1,0.1,200.0,4.5403,4.5042,-0.9885,-0.9909,10.185,10.0,0.435,0.0
1000,5e-05,0.0,0.5,1.0,0.1,0.2,200.0,4.5572,4.5464,-0.9938,-1.0,10.65,11.0,0.37,0.0
1000,5e-05,0.01,0.01,0.0,0.0,0.0,200.0,4.1644,4.078,-0.8399,-0.8727,6.0,6.0,0.9,1.0
1000,5e-05,0.01,0.01,0.0,0.0,0.01,200.0,4.3435,4.2841,-0.8933,-0.9091,6.5,6.0,0.64,0.0
1000,5e-05,0.01,0.01,0.0,0.0,0.1,200.0,4.4184,4.351,-0.9555,-0.9773,8.335,9.0,0.38,0.0
1000,5e-05,0.01,0.01,0.0,0.0,0.2,200.0,4.4906,4.4067,-0.9704,-0.9818,8.775,9.0,0.295,0.0
1000,5e-05,0.01,0.01,0.0,0.01,0.0,200.0,4.1874,4.0869,-0.8403,-0.8727,6.025,6.0,0.935,1.0
1000,5e-05,0.01,0.01,0.0,0.01,0.01,200.0,4.3541,4.2494,-0.8876,-0.9091,6.455,6.0,0.67,0.0
1000,5e-05,0.01,0.01,0.0,0.01,0.1,200.0,4.2735,4.2424,-0.9608,-0.9727,8.325,9.0,0.38,0.0
1000,5e-05,0.01,0.01,0.0,0.01,0.2,200.0,4.4808,4.4097,-0.9702,-0.9818,8.8,9.0,0.275,0.0
1000,5e-05,0.01,0.01,0.0,0.1,0.0,200.0,4.2952,4.1795,-0.85,-0.8727,6.115,6.0,0.93,1.0
1000,5e-05,0.01,0.01,0.0,0.1,0.01,200.0,4.3269,4.2855,-0.8914,-0.9091,6.535,6.0,0.625,0.0
1000,5e-05,0.01,0.01,0.0,0.1,0.1,200.0,4.4291,4.3467,-0.9629,-0.9773,8.585,9.0,0.375,0.0
1000,5e-05,0.01,0.01,0.0,0.1,0.2,200.0,4.5047,4.4238,-0.9706,-0.9818,8.855,9.0,0.255,0.0
1000,5e-05,0.01,0.01,0.1,0.0,0.0,200.0,4.2501,4.1805,-0.8655,-0.9,6.24,6.0,0.74,1.0
1000,5e-05,0.01,0.01,0.1,0.0,0.01,200.0,4.3534,4.3641,-0.9079,-0.9273,6.91,7.0,0.62,0.0
1000,5e-05,0.01,0.01,0.1,0.0,0.1,200.0,4.4241,4.4027,-0.9675,-0.9818,8.73,9.0,0.245,0.0
1000,5e-05,0.01,0.01,0.1,0.0,0.2,200.0,4.4711,4.4044,-0.9722,-0.9818,9.07,9.0,0.275,0.0
1000,5e-05,0.01,0.01,0.1,0.01,0.0,200.0,4.2167,4.1853,-0.8735,-0.9,6.255,6.0,0.875,1.0
1000,5e-05,0.01,0.01,0.1,0.01,0.01,200.0,4.2616,4.2583,-0.9028,-0.9182,6.9,7.0,0.595,0.0
1000,5e-05,0.01,0.01,0.1,0.01,0.1,200.0,4.4427,4.4113,-0.9684,-0.9818,8.62,9.0,0.325,0.0
1000,5e-05,0.01,0.01,0.1,0.01,0.2,200.0,4.4776,4.4052,-0.9718,-0.9818,9.0,9.0,0.285,0.0
1000,5e-05,0.01,0.01,0.1,0.1,0.0,200.0,4.3195,4.2545,-0.8736,-0.9,6.235,6.0,0.69,0.5
1000,5e-05,0.01,0.01,0.1,0.1,0.01,200.0,4.4049,4.4111,-0.9008,-0.9182,6.81,7.0,0.685,0.0
1000,5e-05,0.01,0.01,0.1,0.1,0.1,200.0,4.3989,4.4025,-0.968,-0.9818,8.625,9.0,0.25,0.0
1000,5e-05,0.01,0.01,0.1,0.1,0.2,200.0,4.4668,4.4011,-0.9715,-0.9818,9.095,9.0,0.26,0.0
1000,5e-05,0.01,0.01,0.5,0.0,0.0,200.0,4.3275,4.243,-0.9011,-0.9273,6.915,7.0,0.65,0.0
1000,5e-05,0.01,0.01,0.5,0.0,0.01,200.0,4.4454,4.352,-0.9179,-0.9455,7.25,7.0,0.61,0.0
1000,5e-05,0.01,0.01,0.5,0.0,0.1,200.0,4.4678,4.4075,-0.9737,-0.9818,8.76,9.0,0.215,0.0
1000,5e-05,0.01,0.01,0.5,0.0,0.2,200.0,4.4557,4.3996,-0.9802,-0.9909,9.195,9.0,0.21,0.0
1000,5e-05,0.01,0.01,0.5,0.01,0.0,200.0,4.3312,4.2506,-0.8994,-0.9182,6.785,7.0,0.62,0.0
1000,5e-05,0.01,0.01,0.5,0.01,0.01,200.0,4.4431,4.3431,-0.9235,-0.9455,7.375,7.0,0.56,0.0
1000,5e-05,0.01,0.01,0.5,0.01,0.1,200.0,4.4129,4.379,-0.9727,-0.9818,8.775,9.0,0.215,0.0
1000,5e-05,0.01,0.01,0.5,0.01,0.2,200.0,4.4452,4.4226,-0.9808,-0.9909,9.16,9.0,0.205,0.0
1000,5e-05,0.01,0.01,0.5,0.1,0.0,200.0,4.3322,4.2864,-0.9007,-0.9273,6.86,7.0,0.715,0.0
1000,5e-05,0.01,0.01,0.5,0.1,0.01,200.0,4.4015,4.3254,-0.9218,-0.9455,7.285,8.0,0.59,0.0
1000,5e-05,0.01,0.01,0.5,0.1,0.1,200.0,4.5191,4.4502,-0.9749,-0.9818,8.86,9.0,0.24,0.0
1000,5e-05,0.01,0.01,0.5,0.1,0.2,200.0,4.4317,4.4199,-0.9824,-0.9909,9.21,9.0,0.2,0.0
1000,5e-05,0.01,0.01,1.0,0.0,0.0,200.0,4.5329,4.4583,-0.9123,-0.9273,7.085,7.0,0.675,0.0
1000,5e-05,0.01,0.01,1.0,0.0,0.01,200.0,4.3469,4.3097,-0.9352,-0.9545,7.32,7.0,0.47,0.0
1000,5e-05,0.01,0.01,1.0,0.0,0.1,200.0,4.4288,4.3915,-0.9765,-0.9818,8.78,9.0,0.225,0.0
1000,5e-05,0.01,0.01,1.0,0.0,0.2,200.0,4.4451,4.4393,-0.9833,-0.9909,9.32,9.0,0.215,0.0
1000,5e-05,0.01,0.01,1.0,0.01,0.0,200.0,4.4523,4.4139,-0.9155,-0.9318,7.11,7.0,0.695,0.0
1000,5e-05,0.01,0.01,1.0,0.01,0.01,200.0,4.3773,4.2843,-0.931,-0.9545,7.39,7.0,0.63,0.0
1000,5e-05,0.01,0.01,1.0,0.01,0.1,200.0,4.4096,4.3754,-0.9768,-0.9818,8.91,9.0,0.175,0.0
1000,5e-05,0.01,0.01,1.0,0.01,0.2,200.0,4.4426,4.4174,-0.983,-0.9909,9.29,9.0,0.22,0.0
1000,5e-05,0.01,0.01,1.0,0.1,0.0,200.0,4.3847,4.3528,-0.9106,-0.9455,7.05,7.0,0.665,0.0
1000,5e-05,0.01,0.01,1.0,0.1,0.01,200.0,4.4476,4.4009,-0.931,-0.9545,7.68,8.0,0.55,0.0
1000,5e-05,0.01,0.01,1.0,0.1,0.1,200.0,4.3874,4.3915,-0.977,-0.9818,8.895,9.0,0.2,0.0
1000,5e-05,0.01,0.01,1.0,0.1,0.2,200.0,4.4527,4.4565,-0.9847,-0.9909,9.27,9.0,0.195,0.0
1000,5e-05,0.01,0.1,0.0,0.0,0.0,200.0,4.3712,4.3005,-0.9035,-0.9273,6.94,7.0,0.72,0.0
1000,5e-05,0.01,0.1,0.0,0.0,0.01,200.0,4.5293,4.4896,-0.9092,-0.9409,7.26,7.0,0.785,1.0
1000,5e-05,0.01,0.1,0.0,0.0,0.1,200.0,4.4056,4.4019,-0.9779,-0.9864,9.015,9.0,0.29,0.0
1000,5e-05,0.01,0.1,0.0,0.0,0.2,200.0,4.4078,4.3958,-0.9827,-0.9909,9.31,9.0,0.305,0.0
1000,5e-05,0.01,0.1,0.0,0.01,0.0,200.0,4.4031,4.355,-0.8952,-0.9227,6.81,7.0,0.775,0.0
1000,5e-05,0.01,0.1,0.0,0.01,0.01,200.0,4.409,4.3564,-0.9032,-0.9273,7.135,7.0,0.785,1.0
1000,5e-05,0.01,0.1,0.0,0.01,0.1,200.0,4.4218,4.4177,-0.9769,-0.9909,9.02,9.0,0.3,0.0
1000,5e-05,0.01,0.1,0.0,0.01,0.2,200.0,4.4178,4.3658,-0.9838,-0.9909,9.39,10.0,0.28,0.0
1000,5e-05,0.01,0.1,0.0,0.1,0.0,200.0,4.3255,4.3359,-0.8988,-0.9273,6.85,7.0,0.76,1.0
1000,5e-05,0.01,0.1,0.0,0.1,0.01,200.0,4.435,4.3518,-0.9094,-0.9273,7.205,7.0,0.74,0.0
1000,5e-05,0.01,0.1,0.0,0.1,0.1,200.0,4.5273,4.4443,-0.9769,-0.9818,8.98,9.0,0.235,0.0
1000,5e-05,0.01,0.1,0.0,0.1,0.2,200.0,4.4192,4.4013,-0.9824,-0.9909,9.36,10.0,0.32,0.0
1000,5e-05,0.01,0.1,0.1,0.0,0.0,200.0,4.4816,4.4006,-0.9002,-0.9182,6.865,7.0,0.785,1.0
1000,5e-05,0.01,0.1,0.1,0.0,0.01,200.0,4.5073,4.4037,-0.9107,-0.9273,7.145,7.0,0.775,1.0
1000,5e-05,0.01,0.1,0.1,0.0,0.1,200.0,4.3613,4.3846,-0.9793,-0.9909,9.1,9.0,0.265,0.0
1000,5e-05,0.01,0.1,0.1,0.0,0.2,200.0,4.4374,4.4234,-0.9844,-0.9909,9.425,9.5,0.325,0.0
1000,5e-05,0.01,0.1,0.1,0.01,0.0,200.0,4.3839,4.3443,-0.9012,-0.9273,6.94,7.0,0.745,0.0
1000,5e-05,0.01,0.1,0.1,0.01,0.01,200.0,4.4754,4.3156,-0.8889,-0.9182,6.955,7.0,0.655,0.0
1000,5e-05,0.01,0.1,0.1,0.01,0.1,200.0,4.3843,4.4138,-0.9785,-0.9909,9.175,9.0,0.255,0.0
1000,5e-05,0.01,0.1,0.1,0.01,0.2,200.0,4.4193,4.4345,-0.9834,-0.9909,9.34,9.0,0.32,0.0
1000,5e-05,0.01,0.1,0.1,0.1,0.0,200.0,4.2972,4.2671,-0.8974,-0.9227,6.94,7.0,0.85,1.0
1000,5e-05,0.01,0.1,0.1,0.1,0.01,200.0,4.4976,4.3726,-0.9058,-0.9273,6.985,7.0,0.76,1.0
1000,5e-05,0.01,0.1,0.1,0.1,0.1,200.0,4.3788,4.4127,-0.9787,-0.9909,9.2,9.0,0.255,0.0
1000,5e-05,0.01,0.1,0.1,0.1,0.2,200.0,4.4354,4.4644,-0.9841,-0.9909,9.425,10.0,0.34,0.0
1000,5e-05,0.01,0.1,0.5,0.0,0.0,200.0,4.4186,4.3454,-0.91,-0.9455,7.16,7.0,0.635,0.0
1000,5e-05,0.01,0.1,0.5,0.0,0.01,200.0,4.4,4.3401,-0.9129,-0.9364,7.175,7.0,0.655,0.0
1000,5e-05,0.01,0.1,0.5,0.0,0.1,200.0,4.2915,4.3506,-0.9801,-0.9909,9.275,9.0,0.31,0.0
1000,5e-05,0.01,0.1,0.5,0.0,0.2,200.0,4.4153,4.4222,-0.985,-0.9909,9.525,10.0,0.27,0.0
1000,5e-05,0.01,0.1,0.5,0.01,0.0,200.0,4.4555,4.4594,-0.9118,-0.9273,7.1,7.0,0.565,0.0
1000,5e-05,0.01,0.1,0.5,0.01,0.01,200.0,4.4096,4.3214,-0.9149,-0.9364,7.215,7.0,0.66,0.0
1000,5e-05,0.01,0.1,0.5,0.01,0.1,200.0,4.4462,4.3662,-0.9782,-0.9909,9.31,9.0,0.335,0.0
1000,5e-05,0.01,0.1,0.5,0.01,0.2,200.0,4.4141,4.4306,-0.9841,-0.9909,9.46,10.0,0.265,0.0
1000,5e-05,0.01,0.1,0.5,0.1,0.0,200.0,4.3485,4.2873,-0.9106,-0.9318,7.045,7.0,0.68,0.0
1000,5e-05,0.01,0.1,0.5,0.1,0.01,200.0,4.3936,4.3889,-0.9212,-0.9455,7.19,7.0,0.695,0.0
1000,5e-05,0.01,0.1,0.5,0.1,0.1,200.0,4.4148,4.3688,-0.9787,-0.9909,9.255,9.0,0.355,0.0
1000,5e-05,0.01,0.1,0.5,0.1,0.2,200.0,4.4103,4.4038,-0.9855,-0.9909,9.5,10.0,0.255,0.0
1000,5e-05,0.01,0.1,1.0,0.0,0.0,200.0,4.4202,4.3765,-0.9331,-0.9545,7.38,7.0,0.455,0.0
1000,5e-05,0.01,0.1,1.0,0.0,0.01,200.0,4.4128,4.3677,-0.9352,-0.9545,7.605,8.0,0.605,0.0
1000,5e-05,0.01,0.1,1.0,0.0,0.1,200.0,4.507,4.4658,-0.9808,-0.9909,9.385,10.0,0.25,0.0
1000,5e-05,0.01,0.1,1.0,0.0,0.2,200.0,4.4633,4.4703,-0.9872,-0.9909,9.625,10.0,0.15,0.0
1000,5e-05,0.01,0.1,1.0,0.01,0.0,200.0,4.3023,4.2604,-0.9249,-0.9545,7.32,7.0,0.575,0.0
1000,5e-05,0.01,0.1,1.0,0.01,0.01,200.0,4.3196,4.3442,-0.9294,-0.9545,7.32,7.0,0.49,0.0
1000,5e-05,0.01,0.1,1.0,0.01,0.1,200.0,4.3971,4.2507,-0.9801,-0.9909,9.355,9.0,0.28,0.0
1000,5e-05,0.01,0.1,1.0,0.01,0.2,200.0,4.4597,4.4653,-0.9868,-0.9909,9.7,10.0,0.175,0.0
1000,5e-05,0.01,0.1,1.0,0.1,0.0,200.0,4.4444,4.3769,-0.9334,-0.9545,7.415,7.0,0.38,0.0
1000,5e-05,0.01,0.1,1.0,0.1,0.01,200.0,4.3391,4.3344,-0.9355,-0.9545,7.61,8.0,0.61,0.0
1000,5e-05,0.01,0.1,1.0,0.1,0.1,200.0,4.3822,4.3982,-0.9812,-0.9909,9.445,10.0,0.265,0.0
1000,5e-05,0.01,0.1,1.0,0.1,0.2,200.0,4.4435,4.4487,-0.9878,-0.9909,9.73,10.0,0.19,0.0
1000,5e-05,0.01,0.5,0.0,0.0,0.0,200.0,4.4279,4.4252,-0.9704,-0.9818,8.62,9.0,0.39,0.0
1000,5e-05,0.01,0.5,0.0,0.0,0.01,200.0,4.5261,4.4355,-0.9662,-0.9818,8.705,9.0,0.37,0.0
1000,5e-05,0.01,0.5,0.0,0.0,0.1,200.0,4.4495,4.4229,-0.9907,-0.9909,10.075,10.0,0.295,0.0
1000,5e-05,0.01,0.5,0.0,0.0,0.2,200.0,4.486,4.4731,-0.9943,-1.0,10.45,11.0,0.265,0.0
1000,5e-05,0.01,0.5,0.0,0.01,0.0,200.0,4.4327,4.3383,-0.9665,-0.9818,8.645,9.0,0.37,0.0
1000,5e-05,0.01,0.5,0.0,0.01,0.01,200.0,4.5663,4.4418,-0.9653,-0.9818,8.635,9.0,0.405,0.0
1000,5e-05,0.01,0.5,0.0,0.01,0.1,200.0,4.448,4.4164,-0.9897,-0.9909,10.05,10.0,0.285,0.0
1000,5e-05,0.01,0.5,0.0,0.01,0.2,200.0,4.4914,4.4896,-0.9945,-1.0,10.475,11.0,0.28,0.0
1000,5e-05,0.01,0.5,0.0,0.1,0.0,200.0,4.41,4.3235,-0.9694,-0.9818,8.685,9.0,0.4,0.0
1000,5e-05,0.01,0.5,0.0,0.1,0.01,200.0,4.5095,4.4677,-0.9653,-0.9818,8.675,9.0,0.375,0.0
1000,5e-05,0.01,0.5,0.0,0.1,0.1,200.0,4.4351,4.4236,-0.9899,-0.9909,10.09,10.0,0.28,0.0
1000,5e-05,0.01,0.5,0.0,0.1,0.2,200.0,4.5106,4.4739,-0.9939,-1.0,10.445,11.0,0.275,0.0
1000,5e-05,0.01,0.5,0.1,0.0,0.0,200.0,4.4384,4.3803,-0.9695,-0.9818,8.655,9.0,0.385,0.0
1000,5e-05,0.01,0.5,0.1,0.0,0.01,200.0,4.4963,4.4119,-0.9639,-0.9818,8.685,9.0,0.46,0.0
1000,5e-05,0.01,0.5,0.1,0.0,0.1,200.0,4.4688,4.4355,-0.9892,-0.9909,10.1,10.0,0.375,0.0
1000,5e-05,0.01,0.5,0.1,0.0,0.2,200.0,4.4747,4.4487,-0.9935,-1.0,10.385,11.0,0.245,0.0
1000,5e-05,0.01,0.5,0.1,0.01,0.0,200.0,4.4927,4.4669,-0.9659,-0.9818,8.695,9.0,0.365,0.0
1000,5e-05,0.01,0.5,0.1,0.01,0.01,200.0,4.4527,4.3763,-0.9661,-0.9818,8.585,9.0,0.355,0.0
1000,5e-05,0.01,0.5,0.1,0.01,0.1,200.0,4.4454,4.4422,-0.9888,-0.9909,9.99,10.0,0.315,0.0
1000,5e-05,0.01,0.5,0.1,0.01,0.2,200.0,4.4725,4.4288,-0.9941,-1.0,10.39,11.0,0.26,0.0
1000,5e-05,0.01,0.5,0.1,0.1,0.0,200.0,4.4958,4.3665,-0.9705,-0.9818,8.71,9.0,0.34,0.0
1000,5e-05,0.01,0.5,0.1,0.1,0.01,200.0,4.5292,4.443,-0.9622,-0.9818,8.7,9.0,0.38,0.0
1000,5e-05,0.01,0.5,0.1,0.1,0.1,200.0,4.442,4.426,-0.9905,-0.9909,10.15,10.0,0.295,0.0
1000,5e-05,0.01,0.5,0.1,0.1,0.2,200.0,4.4892,4.4812,-0.9941,-1.0,10.355,11.0,0.25,0.0
1000,5e-05,0.01,0.5,0.5,0.0,0.0,200.0,4.4994,4.3589,-0.9718,-0.9818,8.775,9.0,0.34,0.0
1000,5e-05,0.01,0.5,0.5,0.0,0.01,200.0,4.4348,4.3326,-0.9719,-0.9818,8.685,9.0,0.35,0.0
1000,5e-05,0.01,0.5,0.5,0.0,0.1,200.0,4.4492,4.4356,-0.9897,-0.9909,10.005,10.0,0.315,0.0
1000,5e-05,0.01,0.5,0.5,0.0,0.2,200.0,4.4934,4.4476,-0.9938,-1.0,10.44,11.0,0.235,0.0
1000,5e-05,0.01,0.5,0.5,0.01,0.0,200.0,4.4287,4.3344,-0.9671,-0.9818,8.635,9.0,0.375,0.0
1000,5e-05,0.01,0.5,0.5,0.01,0.01,200.0,4.4852,4.4264,-0.9714,-0.9818,8.67,9.0,0.3,0.0
1000,5e-05,0.01,0.5,0.5,0.01,0.1,200.0,4.4586,4.4379,-0.99,-0.9909,10.105,10.0,0.33,0.0
1000,5e-05,0.01,0.5,0.5,0.01,0.2,200.0,4.4796,4.4324,-0.9948,-1.0,10.475,11.0,0.255,0.0
1000,5e-05,0.01,0.5,0.5,0.1,0.0,200.0,4.4831,4.311,-0.9643,-0.9818,8.795,9.0,0.45,0.0
1000,5e-05,0.01,0.5,0.5,0.1,0.01,200.0,4.4168,4.3513,-0.971,-0.9818,8.71,9.0,0.33,0.0
1000,5e-05,0.01,0.5,0.5,0.1,0.1,200.0,4.4437,4.4417,-0.9897,-0.9909,10.09,10.0,0.34,0.0
1000,5e-05,0.01,0.5,0.5,0.1,0.2,200.0,4.5016,4.423,-0.9949,-1.0,10.43,11.0,0.235,0.0
1000,5e-05,0.01,0.5,1.0,0.0,0.0,200.0,4.5397,4.4126,-0.9684,-0.9818,8.8,9.0,0.415,0.0
1000,5e-05,0.01,0.5,1.0,0.0,0.01,200.0,4.4882,4.477,-0.9709,-0.9818,8.715,9.0,0.27,0.0
1000,5e-05,0.01,0.5,1.0,0.0,0.1,200.0,4.4199,4.4128,-0.9888,-0.9909,9.965,10.0,0.355,0.0
1000,5e-05,0.01,0.5,1.0,0.0,0.2,200.0,4.5025,4.4855,-0.9945,-1.0,10.36,11.0,0.305,0.0
1000,5e-05,0.01,0.5,1.0,0.01,0.0,200.0,4.4138,4.3993,-0.9682,-0.9818,8.63,9.0,0.295,0.0
1000,5e-05,0.01,0.5,1.0,0.01,0.01,200.0,4.4333,4.333,-0.9671,-0.9818,8.61,9.0,0.385,0.0
1000,5e-05,0.01,0.5,1.0,0.01,0.1,200.0,4.4195,4.4171,-0.989,-0.9909,9.955,10.0,0.325,0.0
1000,5e-05,0.01,0.5,1.0,0.01,0.2,200.0,4.4792,4.4655,-0.9935,-1.0,10.365,11.0,0.265,0.0
1000,5e-05,0.01,0.5,1.0,0.1,0.0,200.0,4.4649,4.3333,-0.9615,-0.9818,8.625,9.0,0.295,0.0
1000,5e-05,0.01,0.5,1.0,0.1,0.01,200.0,4.4473,4.3549,-0.9637,-0.9818,8.62,9.0,0.325,0.0
1000,5e-05,0.01,0.5,1.0,0.1,0.1,200.0,4.4321,4.3924,-0.9897,-0.9909,10.05,10.0,0.29,0.0
1000,5e-05,0.01,0.5,1.0,0.1,0.2,200.0,4.4997,4.4651,-0.9937,-1.0,10.355,11.0,0.27,0.0
1000,5e-05,0.1,0.01,0.0,0.0,0.0,200.0,4.3642,4.2638,-0.9139,-0.9455,6.93,7.0,0.72,1.0
1000,5e-05,0.1,0.01,0.0,0.0,0.01,200.0,4.231,4.2383,-0.893,-0.9273,6.95,7.0,0.85,1.0
1000,5e-05,0.1,0.01,0.0,0.0,0.1,200.0,4.3969,4.2332,-0.9525,-0.9636,7.94,8.0,0.435,0.0
1000,5e-05,0.1,0.01,0.0,0.0,0.2,200.0,4.3578,4.3069,-0.954,-0.9636,7.985,8.0,0.35,0.0
1000,5e-05,0.1,0.01,0.0,0.01,0.0,200.0,4.2419,4.2222,-0.9008,-0.9364,6.9,7.0,0.78,0.5
1000,5e-05,0.1,0.01,0.0,0.01,0.01,200.0,4.2279,4.2353,-0.8948,-0.9364,6.92,7.0,0.82,1.0
1000,5e-05,0.1,0.01,0.0,0.01,0.1,200.0,4.3857,4.2389,-0.9527,-0.9636,7.9,8.0,0.445,0.0
1000,5e-05,0.1,0.01,0.0,0.01,0.2,200.0,4.3819,4.3431,-0.9572,-0.9727,8.085,8.0,0.235,0.0
1000,5e-05,0.1,0.01,0.0,0.1,0.0,200.0,4.3643,4.3243,-0.907,-0.9273,6.81,7.0,0.715,1.0
1000,5e-05,0.1,0.01,0.0,0.1,0.01,200.0,4.2453,4.228,-0.894,-0.9273,6.995,7.0,0.755,1.0
1000,5e-05,0.1,0.01,0.0,0.1,0.1,200.0,4.2668,4.3045,-0.944,-0.9636,7.73,8.0,0.475,0.0
1000,5e-05,0.1,0.01,0.0,0.1,0.2,200.0,4.3759,4.3338,-0.96,-0.9636,8.215,8.0,0.325,0.0
1000,5e-05,0.1,0.01,0.1,0.0,0.0,200.0,4.2949,4.2714,-0.9205,-0.9364,7.155,7.0,0.68,1.0
1000,5e-05,0.1,0.01,0.1,0.0,0.01,200.0,4.3337,4.2457,-0.9273,-0.9455,7.22,7.0,0.595,0.0
1000,5e-05,0.1,0.01,0.1,0.0,0.1,200.0,4.3642,4.3503,-0.9537,-0.9636,7.95,8.0,0.375,0.0
1000,5e-05,0.1,0.01,0.1,0.0,0.2,200.0,4.4457,4.4077,-0.9699,-0.9818,8.505,8.0,0.37,0.0
1000,5e-05,0.1,0.01,0.1,0.01,0.0,200.0,4.321,4.3034,-0.9181,-0.9409,7.135,7.0,0.675,0.0
1000,5e-05,0.1,0.01,0.1,0.01,0.01,200.0,4.2877,4.2509,-0.9266,-0.9455,7.225,7.0,0.645,0.0
1000,5e-05,0.1,0.01,0.1,0.01,0.1,200.0,4.3676,4.376,-0.9561,-0.9636,7.96,8.0,0.455,0.0
1000,5e-05,0.1,0.01,0.1,0.01,0.2,200.0,4.5312,4.5,-0.9644,-0.9818,8.53,9.0,0.275,0.0
1000,5e-05,0.1,0.01,0.1,0.1,0.0,200.0,4.2935,4.2762,-0.9224,-0.9455,7.205,7.0,0.65,0.0
1000,5e-05,0.1,0.01,0.1,0.1,0.01,200.0,4.2829,4.2267,-0.9306,-0.95,7.255,7.0,0.57,0.0
1000,5e-05,0.1,0.01,0.1,0.1,0.1,200.0,4.368,4.3733,-0.9573,-0.9727,7.925,8.0,0.335,0.0
1000,5e-05,0.1,0.01,0.1,0.1,0.2,200.0,4.4858,4.4493,-0.9699,-0.9818,8.48,8.5,0.35,0.0
1000,5e-05,0.1,0.01,0.5,0.0,0.0,200.0,4.3043,4.2649,-0.8786,-0.9364,7.035,7.0,1.045,1.0
1000,5e-05,0.1,0.01,0.5,0.0,0.01,200.0,4.314,4.309,-0.9022,-0.9455,7.155,7.0,0.79,1.0
1000,5e-05,0.1,0.01,0.5,0.0,0.1,200.0,4.4699,4.3808,-0.9658,-0.9818,8.27,8.0,0.235,0.0
1000,5e-05,0.1,0.01,0.5,0.0,0.2,200.0,4.4667,4.372,-0.9744,-0.9818,8.68,9.0,0.235,0.0
1000,5e-05,0.1,0.01,0.5,0.01,0.0,200.0,4.365,4.3532,-0.8819,-0.9273,6.94,7.0,1.03,1.0
1000,5e-05,0.1,0.01,0.5,0.01,0.01,200.0,4.3394,4.3407,-0.9038,-0.9455,7.2,7.0,0.825,1.0
1000,5e-05,0.1,0.01,0.5,0.01,0.1,200.0,4.3809,4.3474,-0.9695,-0.9818,8.18,8.0,0.26,0.0
1000,5e-05,0.1,0.01,0.5,0.01,0.2,200.0,4.3934,4.3478,-0.9675,-0.9818,8.445,8.0,0.245,0.0
1000,5e-05,0.1,0.01,0.5,0.1,0.0,200.0,4.3055,4.2801,-0.8766,-0.9364,6.99,7.0,1.06,1.0
1000,5e-05,0.1,0.01,0.5,0.1,0.01,200.0,4.3133,4.309,-0.9036,-0.9455,7.04,7.0,0.79,1.0
1000,5e-05,0.1,0.01,0.5,0.1,0.1,200.0,4.4336,4.3508,-0.966,-0.9727,8.265,8.0,0.37,0.0
1000,5e-05,0.1,0.01,0.5,0.1,0.2,200.0,4.4266,4.383,-0.9726,-0.9818,8.5,9.0,0.24,0.0
1000,5e-05,0.1,0.01,1.0,0.0,0.0,200.0,4.3426,4.3034,-0.8902,-0.9273,7.07,7.0,0.965,1.0
1000,5e-05,0.1,0.01,1.0,0.0,0.01,200.0,4.239,4.26,-0.9122,-0.9545,7.315,7.0,0.845,1.0
1000,5e-05,0.1,0.01,1.0,0.0,0.1,200.0,4.3208,4.2961,-0.9672,-0.9727,8.205,8.0,0.295,0.0
1000,5e-05,0.1,0.01,1.0,0.0,0.2,200.0,4.4008,4.3833,-0.9712,-0.9818,8.585,9.0,0.26,0.0
1000,5e-05,0.1,0.01,1.0,0.01,0.0,200.0,4.3197,4.2283,-0.8791,-0.9273,7.055,7.0,0.96,1.0
1000,5e-05,0.1,0.01,1.0,0.01,0.01,200.0,4.3082,4.2948,-0.9088,-0.9545,7.28,7.0,0.88,1.0
1000,5e-05,0.1,0.01,1.0,0.01,0.1,200.0,4.3716,4.3432,-0.9691,-0.9818,8.325,8.0,0.265,0.0
1000,5e-05,0.1,0.01,1.0,0.01,0.2,200.0,4.4131,4.3342,-0.9707,-0.9818,8.62,9.0,0.275,0.0
1000,5e-05,0.1,0.01,1.0,0.1,0.0,200.0,4.3008,4.2645,-0.8882,-0.9273,7.125,7.0,0.975,1.0
1000,5e-05,0.1,0.01,1.0,0.1,0.01,200.0,4.3012,4.2839,-0.9085,-0.9455,7.315,7.0,0.92,1.0
1000,5e-05,0.1,0.01,1.0,0.1,0.1,200.0,4.4254,4.3683,-0.9686,-0.9818,8.31,8.0,0.305,0.0
1000,5e-05,0.1,0.01,1.0,0.1,0.2,200.0,4.3718,4.3088,-0.973,-0.9818,8.705,9.0,0.235,0.0
1000,5e-05,0.1,0.1,0.0,0.0,0.0,200.0,4.3664,4.3113,-0.9193,-0.9545,7.405,7.0,0.79,1.0
1000,5e-05,0.1,0.1,0.0,0.0,0.01,200.0,4.3145,4.2999,-0.9405,-0.9636,7.595,8.0,0.6,0.0
1000,5e-05,0.1,0.1,0.0,0.0,0.1,200.0,4.3921,4.351,-0.965,-0.9818,8.35,8.0,0.355,0.0
1000,5e-05,0.1,0.1,0.0,0.0,0.2,200.0,4.4652,4.3598,-0.9756,-0.9818,8.825,9.0,0.29,0.0
1000,5e-05,0.1,0.1,0.0,0.01,0.0,200.0,4.3984,4.3332,-0.9224,-0.9545,7.44,7.0,0.745,0.0
1000,5e-05,0.1,0.1,0.0,0.01,0.01,200.0,4.3391,4.2852,-0.941,-0.9545,7.56,8.0,0.66,0.0
1000,5e-05,0.1,0.1,0.0,0.01,0.1,200.0,4.3122,4.2475,-0.9659,-0.9727,8.28,8.0,0.37,0.0
1000,5e-05,0.1,0.1,0.0,0.01,0.2,200.0,4.417,4.35,-0.9745,-0.9818,8.665,9.0,0.27,0.0
1000,5e-05,0.1,0.1,0.0,0.1,0.0,200.0,4.3019,4.2803,-0.9195,-0.9545,7.35,7.0,0.75,0.0
1000,5e-05,0.1,0.1,0.0,0.1,0.01,200.0,4.2814,4.2822,-0.94,-0.9545,7.615,8.0,0.735,1.0
1000,5e-05,0.1,0.1,0.0,0.1,0.1,200.0,4.2871,4.2744,-0.964,-0.9818,8.355,8.0,0.4,0.0
1000,5e-05,0.1,0.1,0.0,0.1,0.2,200.0,4.2687,4.1614,-0.9741,-0.9818,8.6,9.0,0.19,0.0
1000,5e-05,0.1,0.1,0.1,0.0,0.0,200.0,4.3021,4.2431,-0.9224,-0.9545,7.445,7.0,0.75,0.0
1000,5e-05,0.1,0.1,0.1,0.0,0.01,200.0,4.2833,4.2053,-0.9178,-0.9545,7.49,7.0,0.735,0.0
1000,5e-05,0.1,0.1,0.1,0.0,0.1,200.0,4.3235,4.3164,-0.9632,-0.9818,8.35,8.0,0.39,0.0
1000,5e-05,0.1,0.1,0.1,0.0,0.2,200.0,4.3214,4.2912,-0.9712,-0.9818,8.605,9.0,0.325,0.0
1000,5e-05,0.1,0.1,0.1,0.01,0.0,200.0,4.2747,4.1499,-0.9255,-0.9545,7.455,7.0,0.75,1.0
1000,5e-05,0.1,0.1,0.1,0.01,0.01,200.0,4.296,4.182,-0.9246,-0.9545,7.49,7.0,0.64,0.0
1000,5e-05,0.1,0.1,0.1,0.01,0.1,200.0,4.276,4.3184,-0.9606,-0.9727,8.235,8.0,0.34,0.0
1000,5e-05,0.1,0.1,0.1,0.01,0.2,200.0,4.3044,4.305,-0.9716,-0.9818,8.53,9.0,0.285,0.0
1000,5e-05,0.1,0.1,0.1,0.1,0.0,200.0,4.2454,4.1357,-0.9148,-0.9545,7.48,7.0,0.785,0.0
1000,5e-05,0.1,0.1,0.1,0.1,0.01,200.0,4.4195,4.3269,-0.9297,-0.9545,7.6,8.0,0.645,0.0
1000,5e-05,0.1,0.1,0.1,0.1,0.1,200.0,4.3636,4.2682,-0.9674,-0.9818,8.36,8.0,0.34,0.0
1000,5e-05,0.1,0.1,0.1,0.1,0.2,200.0,4.3195,4.306,-0.9729,-0.9818,8.66,9.0,0.28,0.0
1000,5e-05,0.1,0.1,0.5,0.0,0.0,200.0,4.2121,4.1549,-0.9004,-0.9545,7.315,7.0,0.855,1.0
1000,5e-05,0.1,0.1,0.5,0.0,0.01,200.0,4.2305,4.1969,-0.9081,-0.9545,7.505,7.0,0.755,1.0
1000,5e-05,0.1,0.1,0.5,0.0,0.1,200.0,4.261,4.2665,-0.9673,-0.9818,8.515,9.0,0.385,0.0
1000,5e-05,0.1,0.1,0.5,0.0,0.2,200.0,4.3983,4.3369,-0.9781,-0.9909,8.685,9.0,0.235,0.0
1000,5e-05,0.1,0.1,0.5,0.01,0.0,200.0,4.1778,4.1529,-0.8987,-0.9545,7.175,7.0,0.81,0.5
1000,5e-05,0.1,0.1,0.5,0.01,0.01,200.0,4.206,4.1347,-0.9058,-0.9545,7.345,7.0,0.73,1.0
1000,5e-05,0.1,0.1,0.5,0.01,0.1,200.0,4.321,4.3096,-0.9678,-0.9818,8.53,9.0,0.35,0.0
1000,5e-05,0.1,0.1,0.5,0.01,0.2,200.0,4.5254,4.5244,-0.9751,-0.9818,8.75,9.0,0.26,0.0
1000,5e-05,0.1,0.1,0.5,0.1,0.0,200.0,4.2364,4.1434,-0.8985,-0.9545,7.3,7.0,0.825,1.0
1000,5e-05,0.1,0.1,0.5,0.1,0.01,200.0,4.2754,4.2858,-0.9092,-0.9545,7.235,7.0,0.855,1.0
1000,5e-05,0.1,0.1,0.5,0.1,0.1,200.0,4.3456,4.3034,-0.9644,-0.9818,8.305,8.0,0.375,0.0
1000,5e-05,0.1,0.1,0.5,0.1,0.2,200.0,4.3385,4.2198,-0.9763,-0.9818,8.705,9.0,0.225,0.0
1000,5e-05,0.1,0.1,1.0,0.0,0.0,200.0,4.2216,4.1662,-0.9082,-0.9545,7.38,7.0,0.805,1.0
1000,5e-05,0.1,0.1,1.0,0.0,0.01,200.0,4.2281,4.2381,-0.9129,-0.9545,7.45,7.0,1.01,1.0
1000,5e-05,0.1,0.1,1.0,0.0,0.1,200.0,4.2801,4.2689,-0.9705,-0.9818,8.52,9.0,0.295,0.0
1000,5e-05,0.1,0.1,1.0,0.0,0.2,200.0,4.4204,4.3799,-0.9759,-0.9909,9.07,9.0,0.26,0.0
1000,5e-05,0.1,0.1,1.0,0.01,0.0,200.0,4.2182,4.1178,-0.9004,-0.9545,7.335,7.0,0.91,1.0
1000,5e-05,0.1,0.1,1.0,0.01,0.01,200.0,4.3034,4.1957,-0.9066,-0.9545,7.47,7.0,0.925,1.0
1000,5e-05,0.1,0.1,1.0,0.01,0.1,200.0,4.3974,4.3243,-0.9745,-0.9818,8.76,9.0,0.27,0.0
1000,5e-05,0.1,0.1,1.0,0.01,0.2,200.0,4.4497,4.4222,-0.976,-0.9909,9.04,9.0,0.3,0.0
1000,5e-05,0.1,0.1,1.0,0.1,0.0,200.0,4.2264,4.1609,-0.9095,-0.9545,7.395,7.0,0.93,1.0
1000,5e-05,0.1,0.1,1.0,0.1,0.01,200.0,4.1843,4.162,-0.9058,-0.9545,7.37,7.0,0.89,1.0
1000,5e-05,0.1,0.1,1.0,0.1,0.1,200.0,4.2983,4.288,-0.9696,-0.9818,8.525,9.0,0.315,0.0
1000,5e-05,0.1,0.1,1.0,0.1,0.2,200.0,4.381,4.3537,-0.9776,-0.9818,8.9,9.0,0.29,0.0
1000,5e-05,0.1,0.5,0.0,0.0,0.0,200.0,4.2035,4.175,-0.9547,-0.9727,7.93,8.0,0.72,1.0
1000,5e-05,0.1,0.5,0.0,0.0,0.01,200.0,4.2542,4.2,-0.9543,-0.9727,8.275,8.0,0.75,1.0
1000,5e-05,0.1,0.5,0.0,0.0,0.1,200.0,4.3638,4.3221,-0.9785,-0.9909,9.135,9.0,0.51,0.0
1000,5e-05,0.1,0.5,0.0,0.0,0.2,200.0,4.3172,4.3062,-0.9864,-0.9909,9.575,10.0,0.26,0.0
1000,5e-05,0.1,0.5,0.0,0.01,0.0,200.0,4.164,4.0883,-0.9546,-0.9682,7.89,8.0,0.65,0.0
1000,5e-05,0.1,0.5,0.0,0.01,0.01,200.0,4.215,4.1969,-0.9536,-0.9727,8.05,8.0,0.7,0.0
1000,5e-05,0.1,0.5,0.0,0.01,0.1,200.0,4.2451,4.1733,-0.9774,-0.9909,8.99,9.0,0.45,0.0
1000,5e-05,0.1,0.5,0.0,0.01,0.2,200.0,4.3578,4.295,-0.9866,-0.9909,9.57,10.0,0.255,0.0
1000,5e-05,0.1,0.5,0.0,0.1,0.0,200.0,4.1235,4.0393,-0.9535,-0.9727,8.03,8.0,0.62,0.0
1000,5e-05,0.1,0.5,0.0,0.1,0.01,200.0,4.1855,4.1073,-0.9542,-0.9682,8.075,8.0,0.71,0.0
1000,5e-05,0.1,0.5,0.0,0.1,0.1,200.0,4.2314,4.2333,-0.9771,-0.9909,9.175,9.0,0.385,0.0
1000,5e-05,0.1,0.5,0.0,0.1,0.2,200.0,4.3347,4.2447,-0.9857,-0.9909,9.33,9.0,0.315,0.0
1000,5e-05,0.1,0.5,0.1,0.0,0.0,200.0,4.1885,4.1057,-0.9562,-0.9727,7.93,8.0,0.695,0.0
1000,5e-05,0.1,0.5,0.1,0.0,0.01,200.0,4.1954,4.1153,-0.9516,-0.9727,8.025,8.0,0.72,0.5
1000,5e-05,0.1,0.5,0.1,0.0,0.1,200.0,4.2637,4.2217,-0.9745,-0.9909,9.02,9.0,0.365,0.0
1000,5e-05,0.1,0.5,0.1,0.0,0.2,200.0,4.3217,4.2717,-0.9852,-0.9909,9.27,9.0,0.275,0.0
1000,5e-05,0.1,0.5,0.1,0.01,0.0,200.0,4.1557,4.0885,-0.9525,-0.9636,7.935,8.0,0.74,1.0
1000,5e-05,0.1,0.5,0.1,0.01,0.01,200.0,4.2384,4.1766,-0.9527,-0.9727,8.16,8.0,0.69,0.5
1000,5e-05,0.1,0.5,0.1,0.01,0.1,200.0,4.3655,4.3811,-0.9772,-0.9909,9.19,9.0,0.485,0.0
1000,5e-05,0.1,0.5,0.1,0.01,0.2,200.0,4.2388,4.2546,-0.9866,-0.9909,9.41,10.0,0.225,0.0
1000,5e-05,0.1,0.5,0.1,0.1,0.0,200.0,4.0812,4.0539,-0.9576,-0.9727,7.9,8.0,0.605,0.0
1000,5e-05,0.1,0.5,0.1,0.1,0.01,200.0,4.1679,4.0932,-0.9544,-0.9727,7.97,8.0,0.645,0.0
1000,5e-05,0.1,0.5,0.1,0.1,0.1,200.0,4.2686,4.2682,-0.9788,-0.9909,9.105,9.0,0.41,0.0
1000,5e-05,0.1,0.5,0.1,0.1,0.2,200.0,4.3555,4.3517,-0.9875,-0.9909,9.505,10.0,0.24,0.0
1000,5e-05,0.1,0.5,0.5,0.0,0.0,200.0,4.1573,4.1458,-0.9515,-0.9727,8.1,8.0,0.69,0.0
1000,5e-05,0.1,0.5,0.5,0.0,0.01,200.0,4.2249,4.1023,-0.9601,-0.9818,8.235,8.0,0.63,0.0
1000,5e-05,0.1,0.5,0.5,0.0,0.1,200.0,4.2733,4.1913,-0.9802,-0.9909,9.165,9.0,0.425,0.0
1000,5e-05,0.1,0.5,0.5,0.0,0.2,200.0,4.3787,4.2773,-0.9883,-0.9909,9.53,10.0,0.23,0.0
1000,5e-05,0.1,0.5,0.5,0.01,0.0,200.0,4.1473,4.1166,-0.953,-0.9727,8.015,8.0,0.75,1.0
1000,5e-05,0.1,0.5,0.5,0.01,0.01,200.0,4.2268,4.1419,-0.9568,-0.9727,8.195,8.0,0.645,0.0
1000,5e-05,0.1,0.5,0.5,0.01,0.1,200.0,4.2253,4.1594,-0.9767,-0.9909,8.975,9.0,0.34,0.0
1000,5e-05,0.1,0.5,0.5,0.01,0.2,200.0,4.4865,4.3802,-0.988,-0.9909,9.485,10.0,0.23,0.0
1000,5e-05,0.1,0.5,0.5,0.1,0.0,200.0,4.1356,4.0457,-0.9572,-0.9727,8.12,8.0,0.64,0.0
1000,5e-05,0.1,0.5,0.5,0.1,0.01,200.0,4.2478,4.2779,-0.956,-0.9727,8.17,8.0,0.63,0.0
1000,5e-05,0.1,0.5,0.5,0.1,0.1,200.0,4.2829,4.2023,-0.9801,-0.9909,9.13,9.0,0.395,0.0
1000,5e-05,0.1,0.5,0.5,0.1,0.2,200.0,4.4312,4.3517,-0.9857,-0.9909,9.545,10.0,0.265,0.0
1000,5e-05,0.1,0.5,1.0,0.0,0.0,200.0,4.1946,4.1717,-0.9597,-0.9818,8.26,8.0,0.645,0.0
1000,5e-05,0.1,0.5,1.0,0.0,0.01,200.0,4.234,4.2364,-0.9587,-0.9818,8.195,8.0,0.605,0.0
1000,5e-05,0.1,0.5,1.0,0.0,0.1,200.0,4.337,4.3002,-0.9828,-0.9909,9.145,9.0,0.375,0.0
1000,5e-05,0.1,0.5,1.0,0.0,0.2,200.0,4.2837,4.2513,-0.9869,-0.9909,9.525,10.0,0.21,0.0
1000,5e-05,0.1,0.5,1.0,0.01,0.0,200.0,4.1679,4.0878,-0.9579,-0.9727,8.125,8.0,0.645,0.0
1000,5e-05,0.1,0.5,1.0,0.01,0.01,200.0,4.231,4.1245,-0.9606,-0.9818,8.14,8.0,0.555,0.0
1000,5e-05,0.1,0.5,1.0,0.01,0.1,200.0,4.3306,4.2869,-0.9817,-0.9909,9.275,9.0,0.37,0.0
1000,5e-05,0.1,0.5,1.0,0.01,0.2,200.0,4.401,4.3197,-0.9877,-0.9909,9.515,10.0,0.265,0.0
1000,5e-05,0.1,0.5,1.0,0.1,0.0,200.0,4.2316,4.1399,-0.96,-0.9773,8.19,8.0,0.64,0.0
1000,5e-05,0.1,0.5,1.0,0.1,0.01,200.0,4.2377,4.2178,-0.9585,-0.9727,8.23,8.0,0.585,0.0
1000,5e-05,0.1,0.5,1.0,0.1,0.1,200.0,4.2439,4.2083,-0.9846,-0.9909,9.4,10.0,0.34,0.0
1000,5e-05,0.1,0.5,1.0,0.1,0.2,200.0,4.4919,4.3851,-0.9881,-0.9909,9.58,10.0,0.22,0.0
1000,0.0001,0.0,0.01,0.0,0.0,0.0,200.0,4.9506,4.8235,-0.8455,-0.8909,7.605,8.0,1.615,2.0
1000,0.0001,0.0,0.01,0.0,0.0,0.01,200.0,4.9721,4.6859,-0.8723,-0.9,7.55,8.0,1.37,1.0
1000,0.0001,0.0,0.01,0.0,0.0,0.1,200.0,4.5803,4.4968,-0.9823,-0.9909,9.63,10.0,0.38,0.0
1000,0.0001,0.0,0.01,0.0,0.0,0.2,200.0,4.58,4.4965,-0.9847,-0.9909,10.01,10.0,0.415,0.0
1000,0.0001,0.0,0.01,0.0,0.01,0.0,200.0,4.939,4.6891,-0.8522,-0.8955,7.465,8.0,1.585,1.5
1000,0.0001,0.0,0.01,0.0,0.01,0.01,200.0,4.9025,4.7506,-0.8576,-0.9,7.49,7.0,1.525,1.0
1000,0.0001,0.0,0.01,0.0,0.01,0.1,200.0,4.6194,4.5504,-0.9795,-0.9909,9.55,10.0,0.47,0.0
1000,0.0001,0.0,0.01,0.0,0.01,0.2,200.0,4.6294,4.5998,-0.9845,-0.9909,9.835,10.0,0.46,0.0
1000,0.0001,0.0,0.01,0.0,0.1,0.0,200.0,4.8491,4.7269,-0.8578,-0.9,7.765,8.0,1.585,1.0
1000,0.0001,0.0,0.01,0.0,0.1,0.01,200.0,4.893,4.5693,-0.8722,-0.9136,7.595,8.0,1.39,1.0
1000,0.0001,0.0,0.01,0.0,0.1,0.1,200.0,4.6395,4.5709,-0.9809,-0.9909,9.715,10.0,0.475,0.0
1000,0.0001,0.0,0.01,0.0,0.1,0.2,200.0,4.6258,4.4931,-0.9815,-0.9909,9.82,10.0,0.5,0.0
1000,0.0001,0.0,0.01,0.1,0.0,0.0,200.0,4.4052,4.2908,-0.836,-0.8773,7.305,7.0,1.55,1.0
1000,0.0001,0.0,0.01,0.1,0.0,0.01,200.0,4.5362,4.4306,-0.8959,-0.9273,7.585,8.0,1.17,1.0
1000,0.0001,0.0,0.01,0.1,0.0,0.1,200.0,4.4861,4.4253,-0.9864,-0.9909,9.81,10.0,0.255,0.0
1000,0.0001,0.0,0.01,0.1,0.0,0.2,200.0,4.4353,4.3415,-0.98,-0.9909,9.995,10.0,0.49,0.0
1000,0.0001,0.0,0.01,0.1,0.01,0.0,200.0,4.4933,4.3557,-0.841,-0.8818,7.005,7.0,1.39,1.0
1000,0.0001,0.0,0.01,0.1,0.01,0.01,200.0,4.7862,4.6746,-0.8976,-0.9182,7.335,7.0,0.94,1.0
1000,0.0001,0.0,0.01,0.1,0.01,0.1,200.0,4.4941,4.404,-0.9871,-0.9909,9.855,10.0,0.325,0.0
1000,0.0001,0.0,0.01,0.1,0.01,0.2,200.0,4.5806,4.471,-0.9858,-0.9909,10.005,10.0,0.44,0.0
1000,0.0001,0.0,0.01,0.1,0.1,0.0,200.0,4.5506,4.4443,-0.8547,-0.9,7.29,7.0,1.445,1.0
1000,0.0001,0.0,0.01,0.1,0.1,0.01,200.0,4.7555,4.7313,-0.8973,-0.9182,7.615,8.0,1.16,1.0
1000,0.0001,0.0,0.01,0.1,0.1,0.1,200.0,4.5278,4.4135,-0.983,-0.9909,9.805,10.0,0.515,0.0
1000,0.0001,0.0,0.01,0.1,0.1,0.2,200.0,4.5894,4.4677,-0.9843,-0.9909,10.01,10.0,0.47,0.0
1000,0.0001,0.0,0.01,0.5,0.0,0.0,200.0,4.5746,4.4868,-0.8836,-0.9,7.225,7.0,1.295,1.0
1000,0.0001,0.0,0.01,0.5,0.0,0.01,200.0,4.5723,4.5053,-0.9445,-0.9545,8.5,9.0,0.905,1.0
1000,0.0001,0.0,0.01,0.5,0.0,0.1,200.0,4.4948,4.4549,-0.9892,-0.9909,10.02,10.0,0.265,0.0
1000,0.0001,0.0,0.01,0.5,0.0,0.2,200.0,4.5263,4.3986,-0.9872,-0.9909,10.135,10.0,0.385,0.0
1000,0.0001,0.0,0.01,0.5,0.01,0.0,200.0,4.5919,4.4307,-0.8874,-0.9045,7.45,8.0,1.305,1.0
1000,0.0001,0.0,0.01,0.5,0.01,0.01,200.0,4.6304,4.5676,-0.9466,-0.9636,8.48,8.0,0.825,1.0
1000,0.0001,0.0,0.01,0.5,0.01,0.1,200.0,4.5079,4.4772,-0.9893,-0.9909,10.045,10.0,0.29,0.0
1000,0.0001,0.0,0.01,0.5,0.01,0.2,200.0,4.5805,4.5032,-0.9872,-0.9909,10.26,10.0,0.35,0.0
1000,0.0001,0.0,0.01,0.5,0.1,0.0,200.0,4.4244,4.4051,-0.8784,-0.9,7.36,7.0,1.42,1.0
1000,0.0001,0.0,0.01,0.5,0.1,0.01,200.0,4.698,4.5437,-0.947,-0.9636,8.755,9.0,0.875,1.0
1000,0.0001,0.0,0.01,0.5,0.1,0.1,200.0,4.5106,4.4407,-0.9906,-0.9909,10.045,10.0,0.26,0.0
1000,0.0001,0.0,0.01,0.5,0.1,0.2,200.0,4.6102,4.5211,-0.987,-0.9909,10.145,10.0,0.43,0.0
1000,0.0001,0.0,0.01,1.0,0.0,0.0,200.0,4.7004,4.561,-0.8763,-0.9,7.28,7.0,1.235,1.0
1000,0.0001,0.0,0.01,1.0,0.0,0.01,200.0,4.5665,4.4565,-0.9561,-0.9636,8.88,9.0,0.8,1.0
1000,0.0001,0.0,0.01,1.0,0.0,0.1,200.0,4.5029,4.4846,-0.9916,-0.9909,10.15,10.0,0.245,0.0
1000,0.0001,0.0,0.01,1.0,0.0,0.2,200.0,4.5683,4.5409,-0.9922,-1.0,10.255,10.0,0.245,0.0
1000,0.0001,0.0,0.01,1.0,0.01,0.0,200.0,4.7945,4.6857,-0.8927,-0.9091,7.43,7.0,1.18,1.0
1000,0.0001,0.0,0.01,1.0,0.01,0.01,200.0,4.591,4.4874,-0.9608,-0.9636,8.865,9.0,0.715,1.0
1000,0.0001,0.0,0.01,1.0,0.01,0.1,200.0,4.4904,4.5028,-0.9909,-0.9909,10.185,10.0,0.22,0.0
1000,0.0001,0.0,0.01,1.0,0.01,0.2,200.0,4.5582,4.5333,-0.991,-0.9909,10.18,10.0,0.24,0.0
1000,0.0001,0.0,0.01,1.0,0.1,0.0,200.0,4.7861,4.6407,-0.8978,-0.9273,7.49,8.0,1.14,1.0
1000,0.0001,0.0,0.01,1.0,0.1,0.01,200.0,4.5683,4.5016,-0.9539,-0.9682,8.775,9.0,0.85,1.0
1000,0.0001,0.0,0.01,1.0,0.1,0.1,200.0,4.5025,4.503,-0.9914,-0.9909,10.155,10.0,0.255,0.0
1000,0.0001,0.0,0.01,1.0,0.1,0.2,200.0,4.5727,4.5162,-0.9899,-0.9909,10.13,10.0,0.345,0.0
1000,0.0001,0.0,0.1,0.0,0.0,0.0,200.0,4.4801,4.4497,-0.9354,-0.9545,7.765,8.0,0.61,0.0
1000,0.0001,0.0,0.1,0.0,0.0,0.01,200.0,4.44,4.2515,-0.9339,-0.9636,7.84,8.0,0.53,0.0
1000,0.0001,0.0,0.1,0.0,0.0,0.1,200.0,4.4976,4.4506,-0.9871,-0.9909,9.87,10.0,0.38,0.0
1000,0.0001,0.0,0.1,0.0,0.0,0.2,200.0,4.4939,4.4348,-0.9878,-0.9909,9.995,10.0,0.35,0.0
1000,0.0001,0.0,0.1,0.0,0.01,0.0,200.0,4.5014,4.385,-0.939,-0.9545,7.87,8.0,0.63,0.0
1000,0.0001,0.0,0.1,0.0,0.01,0.01,200.0,4.4683,4.3515,-0.946,-0.9636,8.15,8.0,0.435,0.0
1000,0.0001,0.0,0.1,0.0,0.01,0.1,200.0,4.4761,4.4413,-0.9876,-0.9909,9.94,10.0,0.285,0.0
1000,0.0001,0.0,0.1,0.0,0.01,0.2,200.0,4.4804,4.3983,-0.9879,-0.9909,10.06,10.0,0.345,0.0
1000,0.0001,0.0,0.1,0.0,0.1,0.0,200.0,4.5932,4.4164,-0.9402,-0.9636,7.86,8.0,0.55,0.0
1000,0.0001,0.0,0.1,0.0,0.1,0.01,200.0,4.4711,4.3668,-0.9465,-0.9545,8.015,8.0,0.455,0.0
1000,0.0001,0.0,0.1,0.0,0.1,0.1,200.0,4.4887,4.5052,-0.9895,-0.9909,9.97,10.0,0.28,0.0
1000,0.0001,0.0,0.1,0.0,0.1,0.2,200.0,4.4518,4.3715,-0.9889,-0.9909,10.06,10.0,0.37,0.0
1000,0.0001,0.0,0.1,0.1,0.0,0.0,200.0,4.5384,4.4087,-0.9278,-0.9545,7.875,8.0,0.785,1.0
1000,0.0001,0.0,0.1,0.1,0.0,0.01,200.0,4.5319,4.386,-0.9459,-0.9545,7.92,8.0,0.39,0.0
1000,0.0001,0.0,0.1,0.1,0.0,0.1,200.0,4.4872,4.4809,-0.9883,-0.9909,9.95,10.0,0.315,0.0
1000,0.0001,0.0,0.1,0.1,0.0,0.2,200.0,4.4573,4.3854,-0.9886,-0.9909,10.065,10.0,0.375,0.0
1000,0.0001,0.0,0.1,0.1,0.01,0.0,200.0,4.4957,4.4023,-0.9328,-0.9545,7.99,8.0,0.605,0.0
1000,0.0001,0.0,0.1,0.1,0.01,0.01,200.0,4.5118,4.4577,-0.9495,-0.9636,8.14,8.0,0.48,0.0
1000,0.0001,0.0,0.1,0.1,0.01,0.1,200.0,4.496,4.4967,-0.9901,-0.9909,10.065,10.0,0.285,0.0
1000,0.0001,0.0,0.1,0.1,0.01,0.2,200.0,4.5173,4.4512,-0.9889,-0.9909,9.975,10.0,0.36,0.0
1000,0.0001,0.0,0.1,0.1,0.1,0.0,200.0,4.4323,4.3156,-0.9354,-0.9545,8.01,8.0,0.655,0.0
1000,0.0001,0.0,0.1,0.1,0.1,0.01,200.0,4.4383,4.4053,-0.9475,-0.9636,7.965,8.0,0.455,0.0
1000,0.0001,0.0,0.1,0.1,0.1,0.1,200.0,4.5028,4.4765,-0.9885,-0.9909,9.875,10.0,0.29,0.0
1000,0.0001,0.0,0.1,0.1,0.1,0.2,200.0,4.5587,4.5199,-0.9893,-0.9909,10.095,10.0,0.34,0.0
1000,0.0001,0.0,0.1,0.5,0.0,0.0,200.0,4.4581,4.35,-0.9335,-0.9545,7.845,8.0,0.68,0.0
1000,0.0001,0.0,0.1,0.5,0.0,0.01,200.0,4.4996,4.3943,-0.946,-0.9636,7.86,8.0,0.325,0.0
1000,0.0001,0.0,0.1,0.5,0.0,0.1,200.0,4.4811,4.4813,-0.9899,-0.9909,10.02,10.0,0.22,0.0
1000,0.0001,0.0,0.1,0.5,0.0,0.2,200.0,4.3857,4.3608,-0.9874,-0.9909,10.02,10.0,0.38,0.0
1000,0.0001,0.0,0.1,0.5,0.01,0.0,200.0,4.4368,4.2707,-0.9347,-0.9545,7.88,8.0,0.615,0.0
1000,0.0001,0.0,0.1,0.5,0.01,0.01,200.0,4.3606,4.3443,-0.9399,-0.9636,7.925,8.0,0.31,0.0
1000,0.0001,0.0,0.1,0.5,0.01,0.1,200.0,4.4925,4.4604,-0.9877,-0.9909,10.065,10.0,0.28,0.0
1000,0.0001,0.0,0.1,0.5,0.01,0.2,200.0,4.3847,4.3338,-0.9888,-0.9909,10.2,10.0,0.33,0.0
1000,0.0001,0.0,0.1,0.5,0.1,0.0,200.0,4.5006,4.3958,-0.939,-0.9545,7.885,8.0,0.6,0.0
1000,0.0001,0.0,0.1,0.5,0.1,0.01,200.0,4.5345,4.4053,-0.9462,-0.9636,7.905,8.0,0.395,0.0
1000,0.0001,0.0,0.1,0.5,0.1,0.1,200.0,4.4629,4.4294,-0.9889,-0.9909,9.86,10.0,0.265,0.0
1000,0.0001,0.0,0.1,0.5,0.1,0.2,200.0,4.558,4.5135,-0.9899,-0.9909,10.22,10.0,0.26,0.0
1000,0.0001,0.0,0.1,1.0,0.0,0.0,200.0,4.5183,4.4382,-0.9443,-0.9636,7.98,8.0,0.65,0.0
1000,0.0001,0.0,0.1,1.0,0.0,0.01,200.0,4.3926,4.2839,-0.9575,-0.9636,8.035,8.0,0.3,0.0
1000,0.0001,0.0,0.1,1.0,0.0,0.1,200.0,4.4852,4.4595,-0.9897,-0.9909,9.995,10.0,0.245,0.0
1000,0.0001,0.0,0.1,1.0,0.0,0.2,200.0,4.6034,4.5009,-0.9918,-1.0,10.365,11.0,0.29,0.0
1000,0.0001,0.0,0.1,1.0,0.01,0.0,200.0,4.5071,4.3634,-0.9452,-0.9636,8.11,8.0,0.665,0.0
1000,0.0001,0.0,0.1,1.0,0.01,0.01,200.0,4.3604,4.2786,-0.9464,-0.9591,7.975,8.0,0.515,0.0
1000,0.0001,0.0,0.1,1.0,0.01,0.1,200.0,4.4978,4.4813,-0.9899,-0.9909,10.06,10.0,0.285,0.0
1000,0.0001,0.0,0.1,1.0,0.01,0.2,200.0,4.5331,4.4489,-0.9903,-0.9909,10.21,10.0,0.405,0.0
1000,0.0001,0.0,0.1,1.0,0.1,0.0,200.0,4.4981,4.4695,-0.9504,-0.9636,8.255,8.0,0.615,0.0
1000,0.0001,0.0,0.1,1.0,0.1,0.01,200.0,4.5167,4.4432,-0.9653,-0.9727,8.325,8.0,0.36,0.0
1000,0.0001,0.0,0.1,1.0,0.1,0.1,200.0,4.4818,4.4558,-0.9904,-0.9909,10.09,10.0,0.235,0.0
1000,0.0001,0.0,0.1,1.0,0.1,0.2,200.0,4.6607,4.5138,-0.9894,-0.9909,10.105,10.0,0.34,0.0
1000,0.0001,0.0,0.5,0.0,0.0,0.0,200.0,4.3682,4.2856,-0.9753,-0.9818,8.99,9.0,0.35,0.0
1000,0.0001,0.0,0.5,0.0,0.0,0.01,200.0,4.4753,4.4155,-0.9754,-0.9818,9.005,9.0,0.29,0.0
1000,0.0001,0.0,0.5,0.0,0.0,0.1,200.0,4.5446,4.4739,-0.9934,-1.0,10.505,11.0,0.375,0.0
1000,0.0001,0.0,0.5,0.0,0.0,0.2,200.0,4.5863,4.5681,-0.9939,-1.0,10.545,11.0,0.34,0.0
1000,0.0001,0.0,0.5,0.0,0.01,0.0,200.0,4.4764,4.3912,-0.979,-0.9909,9.235,9.0,0.26,0.0
1000,0.0001,0.0,0.5,0.0,0.01,0.01,200.0,4.3874,4.4133,-0.9758,-0.9818,9.01,9.0,0.325,0.0
1000,0.0001,0.0,0.5,0.0,0.01,0.1,200.0,4.5139,4.4792,-0.9933,-1.0,10.4,11.0,0.345,0.0
1000,0.0001,0.0,0.5,0.0,0.01,0.2,200.0,4.5755,4.5303,-0.9934,-0.9909,10.61,11.0,0.435,0.0
1000,0.0001,0.0,0.5,0.0,0.1,0.0,200.0,4.4199,4.3912,-0.9787,-0.9909,9.27,9.0,0.305,0.0
1000,0.0001,0.0,0.5,0.0,0.1,0.01,200.0,4.3478,4.2748,-0.9745,-0.9818,9.015,9.0,0.29,0.0
1000,0.0001,0.0,0.5,0.0,0.1,0.1,200.0,4.5218,4.5052,-0.993,-0.9909,10.455,11.0,0.375,0.0
1000,0.0001,0.0,0.5,0.0,0.1,0.2,200.0,4.5911,4.5607,-0.9928,-0.9909,10.58,11.0,0.415,0.0
1000,0.0001,0.0,0.5,0.1,0.0,0.0,200.0,4.4255,4.3875,-0.9775,-0.9909,9.235,9.0,0.275,0.0
1000,0.0001,0.0,0.5,0.1,0.0,0.01,200.0,4.4333,4.389,-0.9738,-0.9818,8.94,9.0,0.325,0.0
1000,0.0001,0.0,0.5,0.1,0.0,0.1,200.0,4.5163,4.4886,-0.9932,-1.0,10.31,11.0,0.285,0.0
1000,0.0001,0.0,0.5,0.1,0.0,0.2,200.0,4.5908,4.5877,-0.9954,-1.0,10.515,11.0,0.305,0.0
1000,0.0001,0.0,0.5,0.1,0.01,0.0,200.0,4.4259,4.3799,-0.9782,-0.9909,9.22,9.0,0.22,0.0
1000,0.0001,0.0,0.5,0.1,0.01,0.01,200.0,4.377,4.3178,-0.9771,-0.9864,9.07,9.0,0.24,0.0
1000,0.0001,0.0,0.5,0.1,0.01,0.1,200.0,4.514,4.499,-0.9951,-1.0,10.45,11.0,0.28,0.0
1000,0.0001,0.0,0.5,0.1,0.01,0.2,200.0,4.5853,4.5996,-0.994,-1.0,10.57,11.0,0.345,0.0
1000,0.0001,0.0,0.5,0.1,0.1,0.0,200.0,4.4202,4.3416,-0.9812,-0.9909,9.275,9.0,0.26,0.0
1000,0.0001,0.0,0.5,0.1,0.1,0.01,200.0,4.363,4.2713,-0.9783,-0.9909,9.035,9.0,0.25,0.0
1000,0.0001,0.0,0.5,0.1,0.1,0.1,200.0,4.5204,4.4902,-0.9943,-1.0,10.36,10.0,0.27,0.0
1000,0.0001,0.0,0.5,0.1,0.1,0.2,200.0,4.5644,4.5461,-0.9941,-1.0,10.545,11.0,0.375,0.0
1000,0.0001,0.0,0.5,0.5,0.0,0.0,200.0,4.3638,4.3419,-0.9756,-0.9818,9.19,9.0,0.37,0.0
1000,0.0001,0.0,0.5,0.5,0.0,0.01,200.0,4.4449,4.407,-0.9736,-0.9909,9.13,9.0,0.385,0.0
1000,0.0001,0.0,0.5,0.5,0.0,0.1,200.0,4.5076,4.4568,-0.9935,-1.0,10.38,10.5,0.28,0.0
1000,0.0001,0.0,0.5,0.5,0.0,0.2,200.0,4.5688,4.5416,-0.9955,-1.0,10.58,11.0,0.285,0.0
1000,0.0001,0.0,0.5,0.5,0.01,0.0,200.0,4.3429,4.2997,-0.9758,-0.9818,8.99,9.0,0.33,0.0
1000,0.0001,0.0,0.5,0.5,0.01,0.01,200.0,4.5186,4.3836,-0.9786,-0.9909,9.09,9.0,0.245,0.0
1000,0.0001,0.0,0.5,0.5,0.01,0.1,200.0,4.5255,4.4992,-0.9929,-1.0,10.415,11.0,0.32,0.0
1000,0.0001,0.0,0.5,0.5,0.01,0.2,200.0,4.5699,4.5624,-0.9943,-1.0,10.615,11.0,0.355,0.0
1000,0.0001,0.0,0.5,0.5,0.1,0.0,200.0,4.3688,4.335,-0.9774,-0.9909,9.255,9.0,0.29,0.0
1000,0.0001,0.0,0.5,0.5,0.1,0.01,200.0,4.4541,4.4002,-0.9755,-0.9864,9.04,9.0,0.28,0.0
1000,0.0001,0.0,0.5,0.5,0.1,0.1,200.0,4.4935,4.4855,-0.993,-1.0,10.4,11.0,0.27,0.0
1000,0.0001,0.0,0.5,0.5,0.1,0.2,200.0,4.5875,4.5436,-0.9949,-1.0,10.62,11.0,0.365,0.0
1000,0.0001,0.0,0.5,1.0,0.0,0.0,200.0,4.5525,4.4565,-0.9778,-0.9909,9.25,9.0,0.35,0.0
1000,0.0001,0.0,0.5,1.0,0.0,0.01,200.0,4.3943,4.3586,-0.9763,-0.9909,9.14,9.0,0.3,0.0
1000,0.0001,0.0,0.5,1.0,0.0,0.1,200.0,4.5108,4.5064,-0.9931,-1.0,10.375,11.0,0.315,0.0
1000,0.0001,0.0,0.5,1.0,0.0,0.2,200.0,4.5649,4.5105,-0.995,-1.0,10.65,11.0,0.3,0.0
1000,0.0001,0.0,0.5,1.0,0.01,0.0,200.0,4.4532,4.4033,-0.9756,-0.9909,9.315,10.0,0.355,0.0
1000,0.0001,0.0,0.5,1.0,0.01,0.01,200.0,4.5216,4.4806,-0.9764,-0.9909,9.115,9.0,0.29,0.0
1000,0.0001,0.0,0.5,1.0,0.01,0.1,200.0,4.5171,4.4956,-0.9935,-1.0,10.44,11.0,0.23,0.0
1000,0.0001,0.0,0.5,1.0,0.01,0.2,200.0,4.5779,4.5558,-0.9951,-1.0,10.63,11.0,0.365,0.0
1000,0.0001,0.0,0.5,1.0,0.1,0.0,200.0,4.3307,4.2797,-0.977,-0.9818,9.04,9.0,0.35,0.0
1000,0.0001,0.0,0.5,1.0,0.1,0.01,200.0,4.4687,4.4416,-0.9798,-0.9909,9.24,9.0,0.33,0.0
1000,0.0001,0.0,0.5,1.0,0.1,0.1,200.0,4.4879,4.4455,-0.9934,-1.0,10.4,11.0,0.295,0.0
1000,0.0001,0.0,0.5,1.0,0.1,0.2,200.0,4.5526,4.5226,-0.9953,-1.0,10.615,11.0,0.28,0.0
1000,0.0001,0.01,0.01,0.0,0.0,0.0,200.0,4.3302,4.362,-0.8613,-0.8818,6.07,6.0,0.785,1.0
1000,0.0001,0.01,0.01,0.0,0.0,0.01,200.0,4.3378,4.267,-0.8991,-0.9273,6.76,7.0,0.34,0.0
1000,0.0001,0.01,0.01,0.0,0.0,0.1,200.0,4.4563,4.4082,-0.9654,-0.9818,8.56,9.0,0.265,0.0
1000,0.0001,0.01,0.01,0.0,0.0,0.2,200.0,4.5491,4.5031,-0.9631,-0.9773,8.73,9.0,0.405,0.0
1000,0.0001,0.01,0.01,0.0,0.01,0.0,200.0,4.3101,4.3784,-0.8456,-0.8727,5.97,6.0,0.865,1.0
1000,0.0001,0.01,0.01,0.0,0.01,0.01,200.0,4.304,4.2982,-0.8969,-0.9273,6.83,7.0,0.445,0.0
1000,0.0001,0.01,0.01,0.0,0.01,0.1,200.0,4.494,4.3858,-0.9598,-0.9727,8.38,9.0,0.325,0.0
1000,0.0001,0.01,0.01,0.0,0.01,0.2,200.0,4.5637,4.4823,-0.9618,-0.9727,8.735,9.0,0.485,0.0
1000,0.0001,0.01,0.01,0.0,0.1,0.0,200.0,4.1719,4.1178,-0.8532,-0.8909,6.02,6.0,0.78,1.0
1000,0.0001,0.01,0.01,0.0,0.1,0.01,200.0,4.3518,4.2227,-0.9099,-0.9273,6.725,7.0,0.485,0.0
1000,0.0001,0.01,0.01,0.0,0.1,0.1,200.0,4.4819,4.4092,-0.9627,-0.9727,8.365,8.0,0.29,0.0
1000,0.0001,0.01,0.01,0.0,0.1,0.2,200.0,4.5318,4.4956,-0.9661,-0.9818,8.82,9.0,0.365,0.0
1000,0.0001,0.01,0.01,0.1,0.0,0.0,200.0,4.3378,4.2786,-0.8754,-0.9,6.515,7.0,0.725,0.0
1000,0.0001,0.01,0.01,0.1,0.0,0.01,200.0,4.2799,4.2781,-0.9141,-0.9455,6.805,7.0,0.43,0.0
1000,0.0001,0.01,0.01,0.1,0.0,0.1,200.0,4.4499,4.4335,-0.9688,-0.9818,8.635,9.0,0.245,0.0
1000,0.0001,0.01,0.01,0.1,0.0,0.2,200.0,4.5586,4.5079,-0.9687,-0.9818,9.125,9.0,0.445,0.0
1000,0.0001,0.01,0.01,0.1,0.01,0.0,200.0,4.2292,4.1125,-0.8758,-0.8909,6.26,6.0,0.63,0.0
1000,0.0001,0.01,0.01,0.1,0.01,0.01,200.0,4.2758,4.3151,-0.9146,-0.9545,7.025,7.0,0.445,0.0
1000,0.0001,0.01,0.01,0.1,0.01,0.1,200.0,4.4392,4.385,-0.9669,-0.9818,8.595,9.0,0.285,0.0
1000,0.0001,0.01,0.01,0.1,0.01,0.2,200.0,4.6177,4.5759,-0.9628,-0.9727,9.03,9.0,0.505,0.0
1000,0.0001,0.01,0.01,0.1,0.1,0.0,200.0,4.3136,4.2856,-0.8662,-0.8909,6.235,6.0,0.835,1.0
1000,0.0001,0.01,0.01,0.1,0.1,0.01,200.0,4.4533,4.4084,-0.9161,-0.9364,7.0,7.0,0.32,0.0
1000,0.0001,0.01,0.01,0.1,0.1,0.1,200.0,4.4296,4.3952,-0.9673,-0.9818,8.645,9.0,0.275,0.0
1000,0.0001,0.01,0.01,0.1,0.1,0.2,200.0,4.5144,4.4839,-0.9683,-0.9818,8.99,9.0,0.4,0.0
1000,0.0001,0.01,0.01,0.5,0.0,0.0,200.0,4.3594,4.311,-0.8929,-0.9091,6.805,7.0,0.785,1.0
1000,0.0001,0.01,0.01,0.5,0.0,0.01,200.0,4.3887,4.3164,-0.9337,-0.9545,7.325,7.0,0.4,0.0
1000,0.0001,0.01,0.01,0.5,0.0,0.1,200.0,4.469,4.4731,-0.9741,-0.9818,8.85,9.0,0.235,0.0
1000,0.0001,0.01,0.01,0.5,0.0,0.2,200.0,4.5332,4.5024,-0.9789,-0.9909,9.335,9.0,0.275,0.0
1000,0.0001,0.01,0.01,0.5,0.01,0.0,200.0,4.2384,4.2965,-0.883,-0.9,6.535,7.0,0.625,0.0
1000,0.0001,0.01,0.01,0.5,0.01,0.01,200.0,4.3091,4.2474,-0.9334,-0.9545,7.385,8.0,0.315,0.0
1000,0.0001,0.01,0.01,0.5,0.01,0.1,200.0,4.4551,4.4326,-0.976,-0.9909,8.945,9.0,0.21,0.0
1000,0.0001,0.01,0.01,0.5,0.01,0.2,200.0,4.5367,4.4482,-0.9774,-0.9909,9.18,9.0,0.29,0.0
1000,0.0001,0.01,0.01,0.5,0.1,0.0,200.0,4.2753,4.2511,-0.8988,-0.9182,6.795,7.0,0.685,0.5
1000,0.0001,0.01,0.01,0.5,0.1,0.01,200.0,4.3561,4.286,-0.9281,-0.9545,7.38,8.0,0.41,0.0
1000,0.0001,0.01,0.01,0.5,0.1,0.1,200.0,4.4409,4.4233,-0.9729,-0.9818,8.81,9.0,0.24,0.0
1000,0.0001,0.01,0.01,0.5,0.1,0.2,200.0,4.4949,4.4824,-0.9741,-0.9818,9.12,9.0,0.31,0.0
1000,0.0001,0.01,0.01,1.0,0.0,0.0,200.0,4.2324,4.1761,-0.9032,-0.9273,6.905,7.0,0.645,0.0
1000,0.0001,0.01,0.01,1.0,0.0,0.01,200.0,4.2883,4.3265,-0.934,-0.9545,7.485,7.0,0.425,0.0
1000,0.0001,0.01,0.01,1.0,0.0,0.1,200.0,4.3804,4.3776,-0.973,-0.9818,8.795,9.0,0.235,0.0
1000,0.0001,0.01,0.01,1.0,0.0,0.2,200.0,4.5001,4.4906,-0.9793,-0.9909,9.325,9.0,0.26,0.0
1000,0.0001,0.01,0.01,1.0,0.01,0.0,200.0,4.2709,4.2248,-0.8995,-0.9273,6.915,7.0,0.725,0.0
1000,0.0001,0.01,0.01,1.0,0.01,0.01,200.0,4.3197,4.3055,-0.9287,-0.9545,7.385,7.0,0.425,0.0
1000,0.0001,0.01,0.01,1.0,0.01,0.1,200.0,4.4082,4.4108,-0.9738,-0.9818,8.735,9.0,0.195,0.0
1000,0.0001,0.01,0.01,1.0,0.01,0.2,200.0,4.4904,4.4559,-0.9783,-0.9909,9.35,10.0,0.265,0.0
1000,0.0001,0.01,0.01,1.0,0.1,0.0,200.0,4.4073,4.3615,-0.8823,-0.9045,6.5,7.0,0.59,0.0
1000,0.0001,0.01,0.01,1.0,0.1,0.01,200.0,4.243,4.1952,-0.9258,-0.9545,7.355,7.0,0.55,0.0
1000,0.0001,0.01,0.01,1.0,0.1,0.1,200.0,4.3686,4.3767,-0.9744,-0.9818,8.71,9.0,0.2,0.0
1000,0.0001,0.01,0.01,1.0,0.1,0.2,200.0,4.4962,4.4726,-0.9791,-0.9909,9.295,9.0,0.24,0.0
1000,0.0001,0.01,0.1,0.0,0.0,0.0,200.0,4.4328,4.4215,-0.8948,-0.9091,6.605,7.0,0.54,0.0
1000,0.0001,0.01,0.1,0.0,0.0,0.01,200.0,4.3225,4.2591,-0.9022,-0.9318,6.77,7.0,0.56,0.0
1000,0.0001,0.01,0.1,0.0,0.0,0.1,200.0,4.3681,4.2689,-0.9718,-0.9818,8.74,9.0,0.255,0.0
1000,0.0001,0.01,0.1,0.0,0.0,0.2,200.0,4.4875,4.4641,-0.9794,-0.9909,9.165,9.0,0.33,0.0
1000,0.0001,0.01,0.1,0.0,0.01,0.0,200.0,4.3377,4.3367,-0.8926,-0.9091,6.795,7.0,0.715,0.0
1000,0.0001,0.01,0.1,0.0,0.01,0.01,200.0,4.4032,4.4091,-0.9155,-0.9273,6.955,7.0,0.485,0.0
1000,0.0001,0.01,0.1,0.0,0.01,0.1,200.0,4.3724,4.443,-0.9712,-0.9818,8.735,9.0,0.295,0.0
1000,0.0001,0.01,0.1,0.0,0.01,0.2,200.0,4.6156,4.5411,-0.9807,-0.9909,9.235,9.5,0.265,0.0
1000,0.0001,0.01,0.1,0.0,0.1,0.0,200.0,4.3014,4.2367,-0.8886,-0.9091,6.635,7.0,0.69,0.0
1000,0.0001,0.01,0.1,0.0,0.1,0.01,200.0,4.3555,4.2703,-0.9092,-0.9273,6.94,7.0,0.475,0.0
1000,0.0001,0.01,0.1,0.0,0.1,0.1,200.0,4.4369,4.3826,-0.9692,-0.9818,8.755,9.0,0.335,0.0
1000,0.0001,0.01,0.1,0.0,0.1,0.2,200.0,4.5127,4.4136,-0.9785,-0.9909,9.185,9.0,0.395,0.0
1000,0.0001,0.01,0.1,0.1,0.0,0.0,200.0,4.4109,4.3438,-0.9039,-0.9273,6.685,7.0,0.615,0.0
1000,0.0001,0.01,0.1,0.1,0.0,0.01,200.0,4.4301,4.4616,-0.9248,-0.9455,7.275,7.0,0.525,0.0
1000,0.0001,0.01,0.1,0.1,0.0,0.1,200.0,4.5474,4.4859,-0.9763,-0.9818,9.05,9.0,0.26,0.0
1000,0.0001,0.01,0.1,0.1,0.0,0.2,200.0,4.4786,4.4641,-0.9787,-0.9909,9.255,9.0,0.325,0.0
1000,0.0001,0.01,0.1,0.1,0.01,0.0,200.0,4.2923,4.2738,-0.8888,-0.9,6.48,6.5,0.715,0.0
1000,0.0001,0.01,0.1,0.1,0.01,0.01,200.0,4.4117,4.4004,-0.9061,-0.9273,7.18,7.0,0.675,0.0
1000,0.0001,0.01,0.1,0.1,0.01,0.1,200.0,4.4116,4.4314,-0.9771,-0.9818,8.81,9.0,0.2,0.0
1000,0.0001,0.01,0.1,0.1,0.01,0.2,200.0,4.4474,4.3997,-0.9799,-0.9909,9.275,9.0,0.265,0.0
1000,0.0001,0.01,0.1,0.1,0.1,0.0,200.0,4.3507,4.3194,-0.8827,-0.9091,6.64,7.0,0.815,1.0
1000,0.0001,0.01,0.1,0.1,0.1,0.01,200.0,4.3039,4.2883,-0.9079,-0.9364,7.155,7.0,0.575,0.0
1000,0.0001,0.01,0.1,0.1,0.1,0.1,200.0,4.3433,4.3497,-0.9733,-0.9818,8.85,9.0,0.21,0.0
1000,0.0001,0.01,0.1,0.1,0.1,0.2,200.0,4.4373,4.4681,-0.9818,-0.9909,9.21,9.0,0.22,0.0
1000,0.0001,0.01,0.1,0.5,0.0,0.0,200.0,4.3887,4.3679,-0.9051,-0.9273,6.845,7.0,0.63,0.0
1000,0.0001,0.01,0.1,0.5,0.0,0.01,200.0,4.3652,4.2845,-0.8951,-0.9273,7.015,7.0,0.485,0.0
1000,0.0001,0.01,0.1,0.5,0.0,0.1,200.0,4.5568,4.432,-0.9783,-0.9818,9.105,9.0,0.265,0.0
1000,0.0001,0.01,0.1,0.5,0.0,0.2,200.0,4.4631,4.4696,-0.9789,-0.9909,9.405,10.0,0.255,0.0
1000,0.0001,0.01,0.1,0.5,0.01,0.0,200.0,4.2655,4.2787,-0.8869,-0.9,6.56,7.0,0.665,0.0
1000,0.0001,0.01,0.1,0.5,0.01,0.01,200.0,4.4206,4.2743,-0.9127,-0.9273,7.175,7.0,0.565,0.0
1000,0.0001,0.01,0.1,0.5,0.01,0.1,200.0,4.3981,4.2762,-0.971,-0.9818,8.76,9.0,0.345,0.0
1000,0.0001,0.01,0.1,0.5,0.01,0.2,200.0,4.4881,4.4845,-0.9819,-0.9909,9.39,10.0,0.28,0.0
1000,0.0001,0.01,0.1,0.5,0.1,0.0,200.0,4.4172,4.3934,-0.9085,-0.9273,6.765,7.0,0.53,0.0
1000,0.0001,0.01,0.1,0.5,0.1,0.01,200.0,4.3769,4.3457,-0.9196,-0.9545,7.45,8.0,0.63,0.0
1000,0.0001,0.01,0.1,0.5,0.1,0.1,200.0,4.3208,4.3297,-0.9717,-0.9818,8.92,9.0,0.23,0.0
1000,0.0001,0.01,0.1,0.5,0.1,0.2,200.0,4.4882,4.4629,-0.9821,-0.9909,9.395,10.0,0.215,0.0
1000,0.0001,0.01,0.1,1.0,0.0,0.0,200.0,4.3672,4.348,-0.9124,-0.9364,7.03,7.0,0.595,0.0
1000,0.0001,0.01,0.1,1.0,0.0,0.01,200.0,4.3302,4.2175,-0.9299,-0.9545,7.265,7.0,0.46,0.0
1000,0.0001,0.01,0.1,1.0,0.0,0.1,200.0,4.3043,4.3363,-0.9777,-0.9818,9.045,9.0,0.255,0.0
1000,0.0001,0.01,0.1,1.0,0.0,0.2,200.0,4.4764,4.4413,-0.9861,-0.9909,9.56,10.0,0.2,0.0
1000,0.0001,0.01,0.1,1.0,0.01,0.0,200.0,4.3368,4.339,-0.9105,-0.9273,7.125,7.0,0.615,0.0
1000,0.0001,0.01,0.1,1.0,0.01,0.01,200.0,4.3837,4.3552,-0.9333,-0.9545,7.445,7.0,0.485,0.0
1000,0.0001,0.01,0.1,1.0,0.01,0.1,200.0,4.355,4.3222,-0.9782,-0.9909,9.14,9.0,0.25,0.0
1000,0.0001,0.01,0.1,1.0,0.01,0.2,200.0,4.449,4.3644,-0.982,-0.9909,9.615,10.0,0.28,0.0
1000,0.0001,0.01,0.1,1.0,0.1,0.0,200.0,4.3393,4.3175,-0.9179,-0.9455,7.13,7.0,0.515,0.0
1000,0.0001,0.01,0.1,1.0,0.1,0.01,200.0,4.4169,4.3572,-0.9363,-0.9545,7.58,7.5,0.415,0.0
1000,0.0001,0.01,0.1,1.0,0.1,0.1,200.0,4.4656,4.3732,-0.9794,-0.9818,9.135,9.0,0.26,0.0
1000,0.0001,0.01,0.1,1.0,0.1,0.2,200.0,4.4785,4.4735,-0.985,-0.9909,9.53,10.0,0.285,0.0
1000,0.0001,0.01,0.5,0.0,0.0,0.0,200.0,4.3958,4.3612,-0.9462,-0.9636,7.885,8.0,0.455,0.0
1000,0.0001,0.01,0.5,0.0,0.0,0.01,200.0,4.2353,4.1707,-0.9507,-0.9636,7.97,8.0,0.485,0.0
1000,0.0001,0.01,0.5,0.0,0.0,0.1,200.0,4.4454,4.4407,-0.9865,-0.9909,9.625,10.0,0.24,0.0
1000,0.0001,0.01,0.5,0.0,0.0,0.2,200.0,4.4926,4.5199,-0.9888,-0.9909,10.05,10.0,0.31,0.0
1000,0.0001,0.01,0.5,0.0,0.01,0.0,200.0,4.3495,4.3088,-0.9416,-0.9636,7.77,8.0,0.485,0.0
1000,0.0001,0.01,0.5,0.0,0.01,0.01,200.0,4.3366,4.2586,-0.954,-0.9636,7.985,8.0,0.465,0.0
1000,0.0001,0.01,0.5,0.0,0.01,0.1,200.0,4.4464,4.4433,-0.9869,-0.9909,9.715,10.0,0.3,0.0
1000,0.0001,0.01,0.5,0.0,0.01,0.2,200.0,4.472,4.4559,-0.9909,-0.9909,9.98,10.0,0.2,0.0
1000,0.0001,0.01,0.5,0.0,0.1,0.0,200.0,4.3412,4.2579,-0.9502,-0.9636,7.84,8.0,0.41,0.0
1000,0.0001,0.01,0.5,0.0,0.1,0.01,200.0,4.3719,4.3531,-0.9439,-0.9636,7.975,8.0,0.5,0.0
1000,0.0001,0.01,0.5,0.0,0.1,0.1,200.0,4.4326,4.3695,-0.9874,-0.9909,9.685,10.0,0.29,0.0
1000,0.0001,0.01,0.5,0.0,0.1,0.2,200.0,4.4714,4.514,-0.99,-0.9909,9.975,10.0,0.235,0.0
1000,0.0001,0.01,0.5,0.1,0.0,0.0,200.0,4.3621,4.2956,-0.946,-0.9636,7.81,8.0,0.49,0.0
1000,0.0001,0.01,0.5,0.1,0.0,0.01,200.0,4.2696,4.2271,-0.9499,-0.9636,7.94,8.0,0.465,0.0
1000,0.0001,0.01,0.5,0.1,0.0,0.1,200.0,4.4286,4.3941,-0.988,-0.9909,9.765,10.0,0.24,0.0
1000,0.0001,0.01,0.5,0.1,0.0,0.2,200.0,4.4815,4.4971,-0.991,-0.9909,9.96,10.0,0.255,0.0
1000,0.0001,0.01,0.5,0.1,0.01,0.0,200.0,4.5301,4.483,-0.9483,-0.9636,7.93,8.0,0.37,0.0
1000,0.0001,0.01,0.5,0.1,0.01,0.01,200.0,4.34,4.2536,-0.9534,-0.9636,7.895,8.0,0.385,0.0
1000,0.0001,0.01,0.5,0.1,0.01,0.1,200.0,4.4416,4.3958,-0.9874,-0.9909,9.865,10.0,0.28,0.0
1000,0.0001,0.01,0.5,0.1,0.01,0.2,200.0,4.4883,4.4717,-0.9911,-0.9909,9.965,10.0,0.225,0.0
1000,0.0001,0.01,0.5,0.1,0.1,0.0,200.0,4.2461,4.1587,-0.9472,-0.9545,7.655,8.0,0.485,0.0
1000,0.0001,0.01,0.5,0.1,0.1,0.01,200.0,4.404,4.4649,-0.9446,-0.9636,7.945,8.0,0.515,0.0
1000,0.0001,0.01,0.5,0.1,0.1,0.1,200.0,4.4496,4.4423,-0.9878,-0.9909,9.73,10.0,0.245,0.0
1000,0.0001,0.01,0.5,0.1,0.1,0.2,200.0,4.472,4.476,-0.9905,-0.9909,10.05,10.0,0.2,0.0
1000,0.0001,0.01,0.5,0.5,0.0,0.0,200.0,4.2091,4.1455,-0.9529,-0.9636,7.81,8.0,0.36,0.0
1000,0.0001,0.01,0.5,0.5,0.0,0.01,200.0,4.3584,4.3599,-0.9478,-0.9636,7.995,8.0,0.485,0.0
1000,0.0001,0.01,0.5,0.5,0.0,0.1,200.0,4.4715,4.4304,-0.9878,-0.9909,9.805,10.0,0.25,0.0
1000,0.0001,0.01,0.5,0.5,0.0,0.2,200.0,4.4877,4.5165,-0.9888,-0.9909,10.04,10.0,0.295,0.0
1000,0.0001,0.01,0.5,0.5,0.01,0.0,200.0,4.3611,4.3157,-0.9426,-0.9545,7.755,8.0,0.435,0.0
1000,0.0001,0.01,0.5,0.5,0.01,0.01,200.0,4.2373,4.2001,-0.9494,-0.9636,7.895,8.0,0.44,0.0
1000,0.0001,0.01,0.5,0.5,0.01,0.1,200.0,4.4739,4.4595,-0.9881,-0.9909,9.83,10.0,0.25,0.0
1000,0.0001,0.01,0.5,0.5,0.01,0.2,200.0,4.4867,4.489,-0.9905,-0.9909,10.02,10.0,0.245,0.0
1000,0.0001,0.01,0.5,0.5,0.1,0.0,200.0,4.2265,4.2127,-0.9518,-0.9636,7.82,8.0,0.415,0.0
1000,0.0001,0.01,0.5,0.5,0.1,0.01,200.0,4.3479,4.3418,-0.9527,-0.9636,8.025,8.0,0.38,0.0
1000,0.0001,0.01,0.5,0.5,0.1,0.1,200.0,4.4646,4.4653,-0.9891,-0.9909,9.845,10.0,0.215,0.0
1000,0.0001,0.01,0.5,0.5,0.1,0.2,200.0,4.473,4.4526,-0.9898,-0.9909,10.045,10.0,0.23,0.0
1000,0.0001,0.01,0.5,1.0,0.0,0.0,200.0,4.4132,4.3459,-0.9467,-0.9545,7.76,8.0,0.455,0.0
1000,0.0001,0.01,0.5,1.0,0.0,0.01,200.0,4.4581,4.3591,-0.9525,-0.9818,8.135,8.0,0.43,0.0
1000,0.0001,0.01,0.5,1.0,0.0,0.1,200.0,4.421,4.4641,-0.9876,-0.9909,9.805,10.0,0.27,0.0
1000,0.0001,0.01,0.5,1.0,0.0,0.2,200.0,4.4743,4.481,-0.9908,-0.9909,10.02,10.0,0.2,0.0
1000,0.0001,0.01,0.5,1.0,0.01,0.0,200.0,4.3816,4.3802,-0.9451,-0.9636,7.94,8.0,0.48,0.0
1000,0.0001,0.01,0.5,1.0,0.01,0.01,200.0,4.3985,4.3308,-0.9456,-0.9636,7.835,8.0,0.455,0.0
1000,0.0001,0.01,0.5,1.0,0.01,0.1,200.0,4.4529,4.4527,-0.9876,-0.9909,9.805,10.0,0.295,0.0
1000,0.0001,0.01,0.5,1.0,0.01,0.2,200.0,4.4756,4.4979,-0.9912,-0.9909,10.095,10.0,0.215,0.0
1000,0.0001,0.01,0.5,1.0,0.1,0.0,200.0,4.34,4.311,-0.9505,-0.9636,7.75,8.0,0.34,0.0
1000,0.0001,0.01,0.5,1.0,0.1,0.01,200.0,4.4381,4.4107,-0.9461,-0.9636,8.11,8.0,0.51,0.0
1000,0.0001,0.01,0.5,1.0,0.1,0.1,200.0,4.4415,4.4684,-0.9893,-0.9909,9.81,10.0,0.2,0.0
1000,0.0001,0.01,0.5,1.0,0.1,0.2,200.0,4.4807,4.4846,-0.9916,-0.9909,10.02,10.0,0.21,0.0
1000,0.0001,0.1,0.01,0.0,0.0,0.0,200.0,4.1293,4.0761,-0.9164,-0.9455,7.045,7.0,0.76,1.0
1000,0.0001,0.1,0.01,0.0,0.0,0.01,200.0,4.0885,4.0227,-0.9289,-0.9545,7.215,7.0,0.68,0.0
1000,0.0001,0.1,0.01,0.0,0.0,0.1,200.0,4.2494,4.2773,-0.9653,-0.9818,8.15,8.0,0.24,0.0
1000,0.0001,0.1,0.01,0.0,0.0,0.2,200.0,4.3687,4.4065,-0.9492,-0.9636,7.945,8.0,0.37,0.0
1000,0.0001,0.1,0.01,0.0,0.01,0.0,200.0,4.1155,4.0844,-0.9145,-0.9455,7.11,7.0,0.765,1.0
1000,0.0001,0.1,0.01,0.0,0.01,0.01,200.0,4.1226,4.0487,-0.9282,-0.95,7.26,7.0,0.605,0.0
1000,0.0001,0.1,0.01,0.0,0.01,0.1,200.0,4.3392,4.2897,-0.9596,-0.9727,7.97,8.0,0.33,0.0
1000,0.0001,0.1,0.01,0.0,0.01,0.2,200.0,4.5454,4.4639,-0.9563,-0.9636,8.11,8.0,0.435,0.0
1000,0.0001,0.1,0.01,0.0,0.1,0.0,200.0,4.0536,4.0642,-0.9136,-0.9455,7.045,7.0,0.785,1.0
1000,0.0001,0.1,0.01,0.0,0.1,0.01,200.0,4.1644,4.085,-0.9269,-0.9545,7.245,7.0,0.69,1.0
1000,0.0001,0.1,0.01,0.0,0.1,0.1,200.0,4.3608,4.2804,-0.9609,-0.9727,7.975,8.0,0.29,0.0
1000,0.0001,0.1,0.01,0.0,0.1,0.2,200.0,4.4175,4.4274,-0.9531,-0.9636,7.92,8.0,0.375,0.0
1000,0.0001,0.1,0.01,0.1,0.0,0.0,200.0,4.0809,3.9988,-0.9199,-0.9545,7.185,7.0,0.77,0.5
1000,0.0001,0.1,0.01,0.1,0.0,0.01,200.0,4.1409,4.0435,-0.9328,-0.9545,7.255,7.0,0.615,0.0
1000,0.0001,0.1,0.01,0.1,0.0,0.1,200.0,4.2955,4.2663,-0.9634,-0.9727,8.12,8.0,0.275,0.0
1000,0.0001,0.1,0.01,0.1,0.0,0.2,200.0,4.4395,4.2612,-0.9573,-0.9682,8.11,8.0,0.39,0.0
1000,0.0001,0.1,0.01,0.1,0.01,0.0,200.0,4.1275,4.0153,-0.9206,-0.9545,7.105,7.0,0.75,1.0
1000,0.0001,0.1,0.01,0.1,0.01,0.01,200.0,4.165,4.0435,-0.9337,-0.9545,7.21,7.0,0.615,0.0
1000,0.0001,0.1,0.01,0.1,0.01,0.1,200.0,4.3303,4.3252,-0.9626,-0.9818,8.315,8.0,0.35,0.0
1000,0.0001,0.1,0.01,0.1,0.01,0.2,200.0,4.4849,4.4048,-0.9631,-0.9818,8.385,9.0,0.33,0.0
1000,0.0001,0.1,0.01,0.1,0.1,0.0,200.0,4.1244,4.0419,-0.9181,-0.9455,7.125,7.0,0.77,1.0
1000,0.0001,0.1,0.01,0.1,0.1,0.01,200.0,4.1366,4.0417,-0.9312,-0.9545,7.185,7.0,0.62,0.0
1000,0.0001,0.1,0.01,0.1,0.1,0.1,200.0,4.4393,4.2966,-0.9637,-0.9818,8.12,8.0,0.28,0.0
1000,0.0001,0.1,0.01,0.1,0.1,0.2,200.0,4.369,4.3661,-0.966,-0.9818,8.285,8.0,0.285,0.0
1000,0.0001,0.1,0.01,0.5,0.0,0.0,200.0,4.1045,4.1202,-0.8767,-0.9091,6.765,7.0,1.035,1.0
1000,0.0001,0.1,0.01,0.5,0.0,0.01,200.0,4.1375,4.1459,-0.8983,-0.9364,6.87,7.0,0.865,1.0
1000,0.0001,0.1,0.01,0.5,0.0,0.1,200.0,4.4748,4.4137,-0.968,-0.9818,8.39,8.0,0.265,0.0
1000,0.0001,0.1,0.01,0.5,0.0,0.2,200.0,4.3885,4.3815,-0.9704,-0.9818,8.325,8.0,0.215,0.0
1000,0.0001,0.1,0.01,0.5,0.01,0.0,200.0,4.1194,4.1401,-0.8645,-0.9273,6.78,7.0,1.115,1.0
1000,0.0001,0.1,0.01,0.5,0.01,0.01,200.0,4.0021,4.053,-0.8909,-0.9409,7.005,7.0,0.84,1.0
1000,0.0001,0.1,0.01,0.5,0.01,0.1,200.0,4.2943,4.355,-0.9662,-0.9818,8.3,8.0,0.225,0.0
1000,0.0001,0.1,0.01,0.5,0.01,0.2,200.0,4.4918,4.4587,-0.9698,-0.9818,8.485,9.0,0.285,0.0
1000,0.0001,0.1,0.01,0.5,0.1,0.0,200.0,4.0497,4.0923,-0.8724,-0.9136,6.765,7.0,1.05,1.0
1000,0.0001,0.1,0.01,0.5,0.1,0.01,200.0,4.1137,4.1345,-0.885,-0.9273,6.975,7.0,0.885,1.0
1000,0.0001,0.1,0.01,0.5,0.1,0.1,200.0,4.4006,4.3467,-0.961,-0.9727,8.01,8.0,0.325,0.0
1000,0.0001,0.1,0.01,0.5,0.1,0.2,200.0,4.3979,4.3608,-0.9606,-0.9636,8.095,8.0,0.28,0.0
1000,0.0001,0.1,0.01,1.0,0.0,0.0,200.0,3.9213,3.9543,-0.8691,-0.9364,7.05,7.0,1.155,1.0
1000,0.0001,0.1,0.01,1.0,0.0,0.01,200.0,4.0139,4.0678,-0.9067,-0.9455,7.195,7.0,0.87,1.0
1000,0.0001,0.1,0.01,1.0,0.0,0.1,200.0,4.3194,4.3367,-0.9639,-0.9818,8.095,8.0,0.33,0.0
1000,0.0001,0.1,0.01,1.0,0.0,0.2,200.0,4.5121,4.4029,-0.9751,-0.9818,8.47,8.0,0.215,0.0
1000,0.0001,0.1,0.01,1.0,0.01,0.0,200.0,3.9397,4.0093,-0.8851,-0.9364,6.93,7.0,1.11,1.0
1000,0.0001,0.1,0.01,1.0,0.01,0.01,200.0,4.1042,4.1218,-0.909,-0.9545,7.295,7.0,0.975,1.0
1000,0.0001,0.1,0.01,1.0,0.01,0.1,200.0,4.1962,4.2373,-0.9599,-0.9727,8.035,8.0,0.395,0.0
1000,0.0001,0.1,0.01,1.0,0.01,0.2,200.0,4.4076,4.3527,-0.9657,-0.9727,8.505,9.0,0.335,0.0
1000,0.0001,0.1,0.01,1.0,0.1,0.0,200.0,3.907,3.855,-0.8826,-0.9364,7.03,7.0,1.1,1.0
1000,0.0001,0.1,0.01,1.0,0.1,0.01,200.0,4.0126,4.0515,-0.9034,-0.9545,7.14,7.0,0.88,1.0
1000,0.0001,0.1,0.01,1.0,0.1,0.1,200.0,4.3428,4.322,-0.9674,-0.9818,8.31,8.0,0.29,0.0
1000,0.0001,0.1,0.01,1.0,0.1,0.2,200.0,4.475,4.397,-0.9654,-0.9818,8.375,8.0,0.31,0.0
1000,0.0001,0.1,0.1,0.0,0.0,0.0,200.0,4.1038,4.0526,-0.9436,-0.9636,7.555,8.0,0.66,0.0
1000,0.0001,0.1,0.1,0.0,0.0,0.01,200.0,4.1972,4.1567,-0.9489,-0.9636,7.66,8.0,0.625,0.0
1000,0.0001,0.1,0.1,0.0,0.0,0.1,200.0,4.432,4.409,-0.9689,-0.9818,8.505,8.0,0.285,0.0
1000,0.0001,0.1,0.1,0.0,0.0,0.2,200.0,4.515,4.4111,-0.9663,-0.9818,8.595,9.0,0.335,0.0
1000,0.0001,0.1,0.1,0.0,0.01,0.0,200.0,4.1098,4.0921,-0.94,-0.9545,7.475,8.0,0.735,0.5
1000,0.0001,0.1,0.1,0.0,0.01,0.01,200.0,4.2264,4.2234,-0.9475,-0.9636,7.715,8.0,0.595,0.0
1000,0.0001,0.1,0.1,0.0,0.01,0.1,200.0,4.3338,4.3072,-0.9669,-0.9818,8.23,8.0,0.25,0.0
1000,0.0001,0.1,0.1,0.0,0.01,0.2,200.0,4.3499,4.3036,-0.9675,-0.9818,8.325,8.0,0.32,0.0
1000,0.0001,0.1,0.1,0.0,0.1,0.0,200.0,4.0933,4.0514,-0.9433,-0.9636,7.6,8.0,0.67,0.0
1000,0.0001,0.1,0.1,0.0,0.1,0.01,200.0,4.129,4.1271,-0.9474,-0.9727,7.675,8.0,0.565,0.0
1000,0.0001,0.1,0.1,0.0,0.1,0.1,200.0,4.3986,4.3805,-0.9666,-0.9818,8.36,8.0,0.31,0.0
1000,0.0001,0.1,0.1,0.0,0.1,0.2,200.0,4.4219,4.3466,-0.9688,-0.9818,8.53,9.0,0.32,0.0
1000,0.0001,0.1,0.1,0.1,0.0,0.0,200.0,4.0839,4.157,-0.9355,-0.9545,7.555,8.0,0.865,1.0
1000,0.0001,0.1,0.1,0.1,0.0,0.01,200.0,4.2254,4.2347,-0.9353,-0.9636,7.59,8.0,0.675,0.0
1000,0.0001,0.1,0.1,0.1,0.0,0.1,200.0,4.3685,4.3709,-0.9713,-0.9818,8.285,8.0,0.285,0.0
1000,0.0001,0.1,0.1,0.1,0.0,0.2,200.0,4.4816,4.4425,-0.9686,-0.9818,8.575,9.0,0.335,0.0
1000,0.0001,0.1,0.1,0.1,0.01,0.0,200.0,4.0158,4.0645,-0.9389,-0.9545,7.4,7.0,0.71,1.0
1000,0.0001,0.1,0.1,0.1,0.01,0.01,200.0,4.1499,4.2114,-0.9393,-0.9636,7.37,7.5,0.635,0.0
1000,0.0001,0.1,0.1,0.1,0.01,0.1,200.0,4.361,4.3044,-0.9671,-0.9818,8.28,8.0,0.28,0.0
1000,0.0001,0.1,0.1,0.1,0.01,0.2,200.0,4.3392,4.2852,-0.969,-0.9818,8.505,9.0,0.28,0.0
1000,0.0001,0.1,0.1,0.1,0.1,0.0,200.0,4.1088,4.1155,-0.937,-0.9545,7.29,7.0,0.815,1.0
1000,0.0001,0.1,0.1,0.1,0.1,0.01,200.0,4.2177,4.1628,-0.9382,-0.9636,7.565,8.0,0.675,1.0
1000,0.0001,0.1,0.1,0.1,0.1,0.1,200.0,4.4689,4.407,-0.9703,-0.9818,8.415,8.0,0.335,0.0
1000,0.0001,0.1,0.1,0.1,0.1,0.2,200.0,4.3505,4.332,-0.9721,-0.9818,8.485,9.0,0.255,0.0
1000,0.0001,0.1,0.1,0.5,0.0,0.0,200.0,3.9736,3.9688,-0.9182,-0.9455,7.06,7.0,0.945,1.0
1000,0.0001,0.1,0.1,0.5,0.0,0.01,200.0,4.0999,4.1037,-0.937,-0.9545,7.505,8.0,0.7,1.0
1000,0.0001,0.1,0.1,0.5,0.0,0.1,200.0,4.2877,4.282,-0.9721,-0.9818,8.59,9.0,0.3,0.0
1000,0.0001,0.1,0.1,0.5,0.0,0.2,200.0,4.4357,4.3627,-0.9784,-0.9909,8.865,9.0,0.255,0.0
1000,0.0001,0.1,0.1,0.5,0.01,0.0,200.0,4.0541,4.082,-0.924,-0.9455,7.04,7.0,0.915,1.0
1000,0.0001,0.1,0.1,0.5,0.01,0.01,200.0,4.0935,4.1444,-0.9352,-0.9545,7.4,7.0,0.705,1.0
1000,0.0001,0.1,0.1,0.5,0.01,0.1,200.0,4.3286,4.2742,-0.9701,-0.9818,8.5,9.0,0.345,0.0
1000,0.0001,0.1,0.1,0.5,0.01,0.2,200.0,4.3953,4.3255,-0.9734,-0.9818,8.67,9.0,0.3,0.0
1000,0.0001,0.1,0.1,0.5,0.1,0.0,200.0,4.0186,4.0418,-0.9194,-0.9455,7.21,7.0,1.03,1.0
1000,0.0001,0.1,0.1,0.5,0.1,0.01,200.0,4.1449,4.1662,-0.9193,-0.9545,7.32,7.0,0.955,1.0
1000,0.0001,0.1,0.1,0.5,0.1,0.1,200.0,4.2834,4.3037,-0.9734,-0.9818,8.645,9.0,0.295,0.0
1000,0.0001,0.1,0.1,0.5,0.1,0.2,200.0,4.4097,4.3118,-0.9759,-0.9818,8.68,9.0,0.255,0.0
1000,0.0001,0.1,0.1,1.0,0.0,0.0,200.0,3.9875,3.9313,-0.9212,-0.9455,7.245,7.0,1.01,1.0
1000,0.0001,0.1,0.1,1.0,0.0,0.01,200.0,4.1184,4.0764,-0.9343,-0.9545,7.45,7.0,0.775,1.0
1000,0.0001,0.1,0.1,1.0,0.0,0.1,200.0,4.387,4.2935,-0.9749,-0.9909,8.615,9.0,0.295,0.0
1000,0.0001,0.1,0.1,1.0,0.0,0.2,200.0,4.3244,4.23,-0.9792,-0.9818,8.76,9.0,0.23,0.0
1000,0.0001,0.1,0.1,1.0,0.01,0.0,200.0,4.1032,4.1386,-0.921,-0.9545,7.2,7.0,1.03,1.0
1000,0.0001,0.1,0.1,1.0,0.01,0.01,200.0,4.2066,4.2065,-0.9295,-0.9545,7.38,7.0,0.8,1.0
1000,0.0001,0.1,0.1,1.0,0.01,0.1,200.0,4.3347,4.2592,-0.9737,-0.9818,8.515,9.0,0.28,0.0
1000,0.0001,0.1,0.1,1.0,0.01,0.2,200.0,4.5453,4.4663,-0.9766,-0.9909,8.87,9.0,0.22,0.0
1000,0.0001,0.1,0.1,1.0,0.1,0.0,200.0,4.1107,4.0795,-0.9315,-0.9545,7.265,7.0,1.005,1.0
1000,0.0001,0.1,0.1,1.0,0.1,0.01,200.0,4.1289,4.1515,-0.927,-0.9545,7.285,7.0,0.775,1.0
1000,0.0001,0.1,0.1,1.0,0.1,0.1,200.0,4.4181,4.3544,-0.9694,-0.9818,8.48,8.0,0.37,0.0
1000,0.0001,0.1,0.1,1.0,0.1,0.2,200.0,4.2534,4.2177,-0.98,-0.9818,8.815,9.0,0.27,0.0
1000,0.0001,0.1,0.5,0.0,0.0,0.0,200.0,3.935,3.9386,-0.9467,-0.9636,7.68,8.0,0.71,1.0
1000,0.0001,0.1,0.5,0.0,0.0,0.01,200.0,4.142,4.0902,-0.9533,-0.9727,7.845,8.0,0.595,0.0
1000,0.0001,0.1,0.5,0.0,0.0,0.1,200.0,4.3501,4.3117,-0.9793,-0.9909,8.99,9.0,0.32,0.0
1000,0.0001,0.1,0.5,0.0,0.0,0.2,200.0,4.4366,4.3318,-0.9797,-0.9909,9.165,9.0,0.3,0.0
1000,0.0001,0.1,0.5,0.0,0.01,0.0,200.0,4.0495,3.9849,-0.9458,-0.9636,7.845,8.0,0.735,1.0
1000,0.0001,0.1,0.5,0.0,0.01,0.01,200.0,4.0399,4.0217,-0.953,-0.9636,7.78,8.0,0.595,0.0
1000,0.0001,0.1,0.5,0.0,0.01,0.1,200.0,4.3256,4.3727,-0.9782,-0.9909,9.01,9.0,0.32,0.0
1000,0.0001,0.1,0.5,0.0,0.01,0.2,200.0,4.2634,4.2553,-0.9803,-0.9909,9.17,9.0,0.295,0.0
1000,0.0001,0.1,0.5,0.0,0.1,0.0,200.0,4.0969,4.0691,-0.9553,-0.9727,7.87,8.0,0.64,0.0
1000,0.0001,0.1,0.5,0.0,0.1,0.01,200.0,4.096,4.0719,-0.9555,-0.9727,7.985,8.0,0.62,0.0
1000,0.0001,0.1,0.5,0.0,0.1,0.1,200.0,4.2898,4.2967,-0.9738,-0.9818,8.835,9.0,0.4,0.0
1000,0.0001,0.1,0.5,0.0,0.1,0.2,200.0,4.484,4.4284,-0.9832,-0.9909,9.205,9.0,0.25,0.0
1000,0.0001,0.1,0.5,0.1,0.0,0.0,200.0,3.9771,4.0554,-0.9419,-0.9545,7.65,8.0,0.92,1.0
1000,0.0001,0.1,0.5,0.1,0.0,0.01,200.0,4.0363,3.9181,-0.9524,-0.9727,7.785,8.0,0.555,0.0
1000,0.0001,0.1,0.5,0.1,0.0,0.1,200.0,4.2201,4.2278,-0.98,-0.9909,8.975,9.0,0.275,0.0
1000,0.0001,0.1,0.5,0.1,0.0,0.2,200.0,4.4019,4.3382,-0.9792,-0.9909,9.23,9.0,0.24,0.0
1000,0.0001,0.1,0.5,0.1,0.01,0.0,200.0,3.9498,4.0512,-0.9495,-0.9636,7.66,8.0,0.665,0.0
1000,0.0001,0.1,0.5,0.1,0.01,0.01,200.0,4.0403,4.0537,-0.951,-0.9636,7.76,8.0,0.715,0.0
1000,0.0001,0.1,0.5,0.1,0.01,0.1,200.0,4.2709,4.2656,-0.9805,-0.9909,8.865,9.0,0.295,0.0
1000,0.0001,0.1,0.5,0.1,0.01,0.2,200.0,4.4113,4.384,-0.9825,-0.9909,9.225,9.0,0.27,0.0
1000,0.0001,0.1,0.5,0.1,0.1,0.0,200.0,3.8569,3.8581,-0.9503,-0.9636,7.61,8.0,0.69,1.0
1000,0.0001,0.1,0.5,0.1,0.1,0.01,200.0,4.0562,4.0456,-0.9545,-0.9682,7.9,8.0,0.645,0.5
1000,0.0001,0.1,0.5,0.1,0.1,0.1,200.0,4.2081,4.2259,-0.9767,-0.9909,8.77,9.0,0.335,0.0
1000,0.0001,0.1,0.5,0.1,0.1,0.2,200.0,4.3384,4.2804,-0.9818,-0.9909,9.085,9.0,0.24,0.0
1000,0.0001,0.1,0.5,0.5,0.0,0.0,200.0,3.8697,3.8868,-0.9433,-0.9727,7.775,8.0,0.685,1.0
1000,0.0001,0.1,0.5,0.5,0.0,0.01,200.0,4.011,4.0334,-0.9542,-0.9727,7.915,8.0,0.74,1.0
1000,0.0001,0.1,0.5,0.5,0.0,0.1,200.0,4.2921,4.2612,-0.9764,-0.9909,8.86,9.0,0.375,0.0
1000,0.0001,0.1,0.5,0.5,0.0,0.2,200.0,4.3563,4.2723,-0.9835,-0.9909,9.285,9.0,0.235,0.0
1000,0.0001,0.1,0.5,0.5,0.01,0.0,200.0,3.9003,3.9091,-0.9501,-0.9727,7.955,8.0,0.69,0.0
1000,0.0001,0.1,0.5,0.5,0.01,0.01,200.0,4.043,4.0073,-0.9542,-0.9727,7.935,8.0,0.685,0.0
1000,0.0001,0.1,0.5,0.5,0.01,0.1,200.0,4.3304,4.3727,-0.9795,-0.9909,9.01,9.0,0.355,0.0
1000,0.0001,0.1,0.5,0.5,0.01,0.2,200.0,4.4532,4.3424,-0.98,-0.9909,9.25,9.0,0.285,0.0
1000,0.0001,0.1,0.5,0.5,0.1,0.0,200.0,3.9133,3.959,-0.9527,-0.9727,7.985,8.0,0.73,1.0
1000,0.0001,0.1,0.5,0.5,0.1,0.01,200.0,4.0051,4.0361,-0.9535,-0.9682,7.865,8.0,0.69,0.0
1000,0.0001,0.1,0.5,0.5,0.1,0.1,200.0,4.3482,4.28,-0.9814,-0.9909,9.015,9.0,0.27,0.0
1000,0.0001,0.1,0.5,0.5,0.1,0.2,200.0,4.3868,4.276,-0.9815,-0.9909,9.105,9.0,0.295,0.0
1000,0.0001,0.1,0.5,1.0,0.0,0.0,200.0,3.9341,3.9417,-0.953,-0.9727,7.835,8.0,0.665,0.0
1000,0.0001,0.1,0.5,1.0,0.0,0.01,200.0,4.0041,3.9866,-0.9616,-0.9727,7.965,8.0,0.62,0.0
1000,0.0001,0.1,0.5,1.0,0.0,0.1,200.0,4.2857,4.2416,-0.9793,-0.9909,8.88,9.0,0.33,0.0
1000,0.0001,0.1,0.5,1.0,0.0,0.2,200.0,4.506,4.3646,-0.982,-0.9909,9.24,9.0,0.275,0.0
1000,0.0001,0.1,0.5,1.0,0.01,0.0,200.0,3.9382,3.9447,-0.9552,-0.9727,7.895,8.0,0.785,1.0
1000,0.0001,0.1,0.5,1.0,0.01,0.01,200.0,4.0402,4.0796,-0.9588,-0.9727,7.95,8.0,0.61,0.0
1000,0.0001,0.1,0.5,1.0,0.01,0.1,200.0,4.1835,4.1729,-0.9784,-0.9909,8.875,9.0,0.25,0.0
1000,0.0001,0.1,0.5,1.0,0.01,0.2,200.0,4.366,4.2838,-0.9798,-0.9909,9.215,9.0,0.28,0.0
1000,0.0001,0.1,0.5,1.0,0.1,0.0,200.0,3.9846,3.9889,-0.9501,-0.9682,7.57,8.0,0.74,1.0
1000,0.0001,0.1,0.5,1.0,0.1,0.01,200.0,4.0708,4.0468,-0.9593,-0.9727,7.98,8.0,0.605,0.0
1000,0.0001,0.1,0.5,1.0,0.1,0.1,200.0,4.351,4.2741,-0.9821,-0.9909,9.245,9.0,0.31,0.0
1000,0.0001,0.1,0.5,1.0,0.1,0.2,200.0,4.3347,4.3429,-0.979,-0.9909,9.135,9.0,0.245,0.0
2000,5e-05,0.0,0.01,0.0,0.0,0.0,200.0,4.7194,4.5092,-0.8463,-0.8909,7.67,8.0,1.745,2.0
2000,5e-05,0.0,0.01,0.0,0.0,0.01,200.0,5.0153,5.0048,-0.8911,-0.9091,7.7,8.0,1.425,1.0
2000,5e-05,0.0,0.01,0.0,0.0,0.1,200.0,4.5874,4.5587,-0.9839,-0.9909,9.78,10.0,0.385,0.0
2000,5e-05,0.0,0.01,0.0,0.0,0.2,200.0,4.5733,4.504,-0.982,-0.9909,9.88,10.0,0.53,0.0
2000,5e-05,0.0,0.01,0.0,0.01,0.0,200.0,4.8296,4.6765,-0.8231,-0.8773,7.5,7.0,2.025,2.0
2000,5e-05,0.0,0.01,0.0,0.01,0.01,200.0,4.8692,4.6484,-0.8876,-0.9,7.88,8.0,1.4,1.0
2000,5e-05,0.0,0.01,0.0,0.01,0.1,200.0,4.627,4.5273,-0.9809,-0.9909,9.725,10.0,0.44,0.0
2000,5e-05,0.0,0.01,0.0,0.01,0.2,200.0,4.4676,4.4056,-0.984,-0.9909,9.84,10.0,0.41,0.0
2000,5e-05,0.0,0.01,0.0,0.1,0.0,200.0,4.7739,4.5458,-0.8485,-0.9,7.715,8.0,1.72,2.0
2000,5e-05,0.0,0.01,0.0,0.1,0.01,200.0,4.9991,4.6834,-0.8807,-0.9136,7.925,8.0,1.42,1.0
2000,5e-05,0.0,0.01,0.0,0.1,0.1,200.0,4.5851,4.5556,-0.9778,-0.9909,9.545,10.0,0.505,0.0
2000,5e-05,0.0,0.01,0.0,0.1,0.2,200.0,4.6169,4.5465,-0.9833,-0.9909,9.88,10.0,0.435,0.0
2000,5e-05,0.0,0.01,0.1,0.0,0.0,200.0,4.8972,4.7666,-0.8456,-0.8909,7.395,8.0,1.67,2.0
2000,5e-05,0.0,0.01,0.1,0.0,0.01,200.0,4.8154,4.5556,-0.892,-0.9182,7.63,8.0,1.115,1.0
2000,5e-05,0.0,0.01,0.1,0.0,0.1,200.0,4.4767,4.4266,-0.9873,-0.9909,9.805,10.0,0.335,0.0
2000,5e-05,0.0,0.01,0.1,0.0,0.2,200.0,4.611,4.5144,-0.983,-0.9909,9.9,10.0,0.485,0.0
2000,5e-05,0.0,0.01,0.1,0.01,0.0,200.0,4.6979,4.5152,-0.8386,-0.9,7.505,8.0,1.69,2.0
2000,5e-05,0.0,0.01,0.1,0.01,0.01,200.0,4.7398,4.5696,-0.8955,-0.9273,7.57,8.0,0.915,1.0
2000,5e-05,0.0,0.01,0.1,0.01,0.1,200.0,4.5444,4.4361,-0.9851,-0.9909,9.895,10.0,0.345,0.0
2000,5e-05,0.0,0.01,0.1,0.01,0.2,200.0,4.5723,4.4865,-0.9867,-0.9909,9.98,10.0,0.41,0.0
2000,5e-05,0.0,0.01,0.1,0.1,0.0,200.0,4.8374,4.6762,-0.8506,-0.8909,7.57,8.0,1.695,1.0
2000,5e-05,0.0,0.01,0.1,0.1,0.01,200.0,4.7824,4.6363,-0.8897,-0.9273,7.64,8.0,1.075,1.0
2000,5e-05,0.0,0.01,0.1,0.1,0.1,200.0,4.4175,4.3168,-0.9822,-0.9909,9.825,10.0,0.455,0.0
2000,5e-05,0.0,0.01,0.1,0.1,0.2,200.0,4.5588,4.4753,-0.985,-0.9909,9.895,10.0,0.43,0.0
2000,5e-05,0.0,0.01,0.5,0.0,0.0,200.0,4.4771,4.2709,-0.8737,-0.9,7.43,7.0,1.47,1.0
2000,5e-05,0.0,0.01,0.5,0.0,0.01,200.0,4.6828,4.6023,-0.9462,-0.9636,8.67,9.0,0.9,1.0
2000,5e-05,0.0,0.01,0.5,0.0,0.1,200.0,4.5127,4.5302,-0.9904,-0.9909,10.05,10.0,0.215,0.0
2000,5e-05,0.0,0.01,0.5,0.0,0.2,200.0,4.588,4.4461,-0.988,-0.9909,10.13,10.0,0.34,0.0
2000,5e-05,0.0,0.01,0.5,0.01,0.0,200.0,4.5688,4.3974,-0.8567,-0.9,7.315,7.0,1.605,1.0
2000,5e-05,0.0,0.01,0.5,0.01,0.01,200.0,4.835,4.735,-0.9431,-0.9636,8.64,9.0,0.86,1.0
2000,5e-05,0.0,0.01,0.5,0.01,0.1,200.0,4.502,4.4896,-0.9895,-0.9909,10.05,10.0,0.32,0.0
2000,5e-05,0.0,0.01,0.5,0.01,0.2,200.0,4.6107,4.5129,-0.989,-0.9909,10.2,10.0,0.355,0.0
2000,5e-05,0.0,0.01,0.5,0.1,0.0,200.0,4.6481,4.4438,-0.8596,-0.9,7.365,7.0,1.53,1.0
2000,5e-05,0.0,0.01,0.5,0.1,0.01,200.0,4.5389,4.4326,-0.9539,-0.9636,8.545,9.0,0.865,1.0
2000,5e-05,0.0,0.01,0.5,0.1,0.1,200.0,4.5126,4.516,-0.991,-0.9909,10.07,10.0,0.245,0.0
2000,5e-05,0.0,0.01,0.5,0.1,0.2,200.0,4.6195,4.4494,-0.989,-0.9909,10.14,10.0,0.39,0.0
2000,5e-05,0.0,0.01,1.0,0.0,0.0,200.0,4.817,4.6472,-0.8976,-0.9182,7.505,7.0,1.18,1.0
2000,5e-05,0.0,0.01,1.0,0.0,0.01,200.0,4.6381,4.5474,-0.9547,-0.9727,8.88,9.0,0.85,1.0
2000,5e-05,0.0,0.01,1.0,0.0,0.1,200.0,4.5393,4.5089,-0.9908,-0.9909,10.065,10.0,0.25,0.0
2000,5e-05,0.0,0.01,1.0,0.0,0.2,200.0,4.4916,4.3924,-0.9904,-0.9909,10.125,10.0,0.365,0.0
2000,5e-05,0.0,0.01,1.0,0.01,0.0,200.0,4.6952,4.4766,-0.8918,-0.9091,7.24,7.0,1.24,1.0
2000,5e-05,0.0,0.01,1.0,0.01,0.01,200.0,4.675,4.561,-0.9533,-0.9636,8.945,9.0,0.91,1.0
2000,5e-05,0.0,0.01,1.0,0.01,0.1,200.0,4.504,4.4973,-0.9891,-0.9909,10.01,10.0,0.285,0.0
2000,5e-05,0.0,0.01,1.0,0.01,0.2,200.0,4.5901,4.5631,-0.9896,-0.9909,10.115,10.0,0.31,0.0
2000,5e-05,0.0,0.01,1.0,0.1,0.0,200.0,4.7691,4.5382,-0.8699,-0.8955,7.235,7.0,1.495,1.0
2000,5e-05,0.0,0.01,1.0,0.1,0.01,200.0,4.6392,4.5411,-0.9605,-0.9727,8.95,9.0,0.725,0.5
2000,5e-05,0.0,0.01,1.0,0.1,0.1,200.0,4.5189,4.4853,-0.9896,-0.9909,10.03,10.0,0.255,0.0
2000,5e-05,0.0,0.01,1.0,0.1,0.2,200.0,4.598,4.5826,-0.9901,-0.9909,10.24,10.0,0.43,0.0
2000,5e-05,0.0,0.1,0.0,0.0,0.0,200.0,4.3969,4.3629,-0.9168,-0.9455,7.455,8.0,0.725,1.0
2000,5e-05,0.0,0.1,0.0,0.0,0.01,200.0,4.5188,4.3986,-0.9487,-0.9636,7.88,8.0,0.375,0.0
2000,5e-05,0.0,0.1,0.0,0.0,0.1,200.0,4.4938,4.4628,-0.9886,-0.9909,9.985,10.0,0.295,0.0
2000,5e-05,0.0,0.1,0.0,0.0,0.2,200.0,4.6279,4.508,-0.9883,-0.9909,10.095,10.0,0.39,0.0
2000,5e-05,0.0,0.1,0.0,0.01,0.0,200.0,4.4259,4.3087,-0.9163,-0.9455,7.45,8.0,0.64,0.0
2000,5e-05,0.0,0.1,0.0,0.01,0.01,200.0,4.5741,4.4458,-0.9474,-0.9636,7.765,8.0,0.335,0.0
2000,5e-05,0.0,0.1,0.0,0.01,0.1,200.0,4.4719,4.436,-0.9897,-0.9909,9.985,10.0,0.265,0.0
2000,5e-05,0.0,0.1,0.0,0.01,0.2,200.0,4.5945,4.4508,-0.9885,-0.9909,10.15,10.0,0.46,0.0
2000,5e-05,0.0,0.1,0.0,0.1,0.0,200.0,4.4901,4.3886,-0.9218,-0.9455,7.6,8.0,0.785,1.0
2000,5e-05,0.0,0.1,0.0,0.1,0.01,200.0,4.3933,4.3526,-0.9408,-0.9545,7.685,8.0,0.495,0.0
2000,5e-05,0.0,0.1,0.0,0.1,0.1,200.0,4.4941,4.4681,-0.9892,-0.9909,9.925,10.0,0.27,0.0
2000,5e-05,0.0,0.1,0.0,0.1,0.2,200.0,4.5141,4.4069,-0.9885,-0.9909,10.09,10.0,0.31,0.0
2000,5e-05,0.0,0.1,0.1,0.0,0.0,200.0,4.4843,4.3592,-0.9258,-0.9545,7.735,8.0,0.815,0.5
2000,5e-05,0.0,0.1,0.1,0.0,0.01,200.0,4.4624,4.372,-0.9476,-0.9545,7.83,8.0,0.32,0.0
2000,5e-05,0.0,0.1,0.1,0.0,0.1,200.0,4.529,4.5202,-0.989,-0.9909,10.05,10.0,0.31,0.0
2000,5e-05,0.0,0.1,0.1,0.0,0.2,200.0,4.5214,4.4429,-0.9895,-0.9909,10.08,10.0,0.34,0.0
2000,5e-05,0.0,0.1,0.1,0.01,0.0,200.0,4.5704,4.388,-0.9086,-0.9318,7.75,8.0,0.925,1.0
2000,5e-05,0.0,0.1,0.1,0.01,0.01,200.0,4.4421,4.3516,-0.9338,-0.9545,7.735,8.0,0.445,0.0
2000,5e-05,0.0,0.1,0.1,0.01,0.1,200.0,4.493,4.4384,-0.9883,-0.9909,9.905,10.0,0.325,0.0
2000,5e-05,0.0,0.1,0.1,0.01,0.2,200.0,4.5903,4.4723,-0.9898,-0.9909,10.035,10.0,0.365,0.0
2000,5e-05,0.0,0.1,0.1,0.1,0.0,200.0,4.5772,4.4087,-0.9143,-0.9455,7.53,8.0,0.91,1.0
2000,5e-05,0.0,0.1,0.1,0.1,0.01,200.0,4.5747,4.4777,-0.9484,-0.9636,7.835,8.0,0.415,0.0
2000,5e-05,0.0,0.1,0.1,0.1,0.1,200.0,4.4749,4.4348,-0.9894,-0.9909,9.95,10.0,0.28,0.0
2000,5e-05,0.0,0.1,0.1,0.1,0.2,200.0,4.6078,4.4521,-0.9893,-0.9909,10.025,10.0,0.295,0.0
2000,5e-05,0.0,0.1,0.5,0.0,0.0,200.0,4.5717,4.4115,-0.9277,-0.9545,7.625,8.0,0.71,0.0
2000,5e-05,0.0,0.1,0.5,0.0,0.01,200.0,4.4028,4.3157,-0.9473,-0.9636,7.845,8.0,0.405,0.0
2000,5e-05,0.0,0.1,0.5,0.0,0.1,200.0,4.4753,4.4582,-0.9878,-0.9909,9.84,10.0,0.28,0.0
2000,5e-05,0.0,0.1,0.5,0.0,0.2,200.0,4.559,4.4537,-0.9892,-0.9909,10.125,10.0,0.355,0.0
2000,5e-05,0.0,0.1,0.5,0.01,0.0,200.0,4.5078,4.3852,-0.9252,-0.9455,7.59,8.0,0.72,0.0
2000,5e-05,0.0,0.1,0.5,0.01,0.01,200.0,4.3945,4.3559,-0.9407,-0.9545,7.9,8.0,0.52,0.0
2000,5e-05,0.0,0.1,0.5,0.01,0.1,200.0,4.4746,4.4314,-0.9891,-0.9909,9.89,10.0,0.205,0.0
2000,5e-05,0.0,0.1,0.5,0.01,0.2,200.0,4.5077,4.4661,-0.9901,-0.9909,10.12,10.0,0.32,0.0
2000,5e-05,0.0,0.1,0.5,0.1,0.0,200.0,4.4332,4.353,-0.9253,-0.9545,7.515,8.0,0.715,0.0
2000,5e-05,0.0,0.1,0.5,0.1,0.01,200.0,4.4391,4.3013,-0.9435,-0.9545,7.685,8.0,0.44,0.0
2000,5e-05,0.0,0.1,0.5,0.1,0.1,200.0,4.4462,4.427,-0.9889,-0.9909,9.84,10.0,0.22,0.0
2000,5e-05,0.0,0.1,0.5,0.1,0.2,200.0,4.6871,4.4886,-0.9895,-0.9909,10.1,10.0,0.355,0.0
2000,5e-05,0.0,0.1,1.0,0.0,0.0,200.0,4.5768,4.4419,-0.9274,-0.9545,7.49,7.5,0.625,0.0
2000,5e-05,0.0,0.1,1.0,0.0,0.01,200.0,4.559,4.4282,-0.9414,-0.9545,7.695,8.0,0.43,0.0
2000,5e-05,0.0,0.1,1.0,0.0,0.1,200.0,4.4627,4.3747,-0.988,-0.9909,9.965,10.0,0.28,0.0
2000,5e-05,0.0,0.1,1.0,0.0,0.2,200.0,4.6909,4.5074,-0.992,-0.9955,10.345,11.0,0.295,0.0
2000,5e-05,0.0,0.1,1.0,0.01,0.0,200.0,4.4569,4.2737,-0.929,-0.9545,7.485,7.0,0.635,0.0
2000,5e-05,0.0,0.1,1.0,0.01,0.01,200.0,4.3724,4.3476,-0.9355,-0.9545,7.59,8.0,0.48,0.0
2000,5e-05,0.0,0.1,1.0,0.01,0.1,200.0,4.4597,4.4168,-0.989,-0.9909,9.965,10.0,0.27,0.0
2000,5e-05,0.0,0.1,1.0,0.01,0.2,200.0,4.6005,4.4481,-0.9904,-0.9909,10.175,10.0,0.29,0.0
2000,5e-05,0.0,0.1,1.0,0.1,0.0,200.0,4.4155,4.333,-0.9287,-0.9545,7.71,8.0,0.76,1.0
2000,5e-05,0.0,0.1,1.0,0.1,0.01,200.0,4.4415,4.2256,-0.9445,-0.9545,7.805,8.0,0.445,0.0
2000,5e-05,0.0,0.1,1.0,0.1,0.1,200.0,4.4797,4.4852,-0.9885,-0.9909,9.88,10.0,0.3,0.0
2000,5e-05,0.0,0.1,1.0,0.1,0.2,200.0,4.728,4.5917,-0.9913,-0.9909,10.32,11.0,0.295,0.0
2000,5e-05,0.0,0.5,0.0,0.0,0.0,200.0,4.3922,4.2954,-0.9729,-0.9818,8.935,9.0,0.28,0.0
2000,5e-05,0.0,0.5,0.0,0.0,0.01,200.0,4.4148,4.277,-0.972,-0.9818,8.715,9.0,0.265,0.0
2000,5e-05,0.0,0.5,0.0,0.0,0.1,200.0,4.5422,4.5154,-0.9938,-1.0,10.425,11.0,0.25,0.0
2000,5e-05,0.0,0.5,0.0,0.0,0.2,200.0,4.5934,4.5863,-0.9952,-1.0,10.7,11.0,0.32,0.0
2000,5e-05,0.0,0.5,0.0,0.01,0.0,200.0,4.3649,4.3047,-0.9695,-0.9818,8.755,9.0,0.315,0.0
2000,5e-05,0.0,0.5,0.0,0.01,0.01,200.0,4.3967,4.2911,-0.9717,-0.9818,8.655,9.0,0.285,0.0
2000,5e-05,0.0,0.5,0.0,0.01,0.1,200.0,4.5497,4.5304,-0.9941,-1.0,10.435,11.0,0.235,0.0
2000,5e-05,0.0,0.5,0.0,0.01,0.2,200.0,4.5855,4.5761,-0.9948,-1.0,10.67,11.0,0.285,0.0
2000,5e-05,0.0,0.5,0.0,0.1,0.0,200.0,4.4076,4.3763,-0.9708,-0.9818,8.985,9.0,0.31,0.0
2000,5e-05,0.0,0.5,0.0,0.1,0.01,200.0,4.3777,4.3522,-0.9683,-0.9818,8.695,9.0,0.285,0.0
2000,5e-05,0.0,0.5,0.0,0.1,0.1,200.0,4.5542,4.5419,-0.9936,-1.0,10.455,11.0,0.28,0.0
2000,5e-05,0.0,0.5,0.0,0.1,0.2,200.0,4.6119,4.5833,-0.9947,-1.0,10.63,11.0,0.365,0.0
2000,5e-05,0.0,0.5,0.1,0.0,0.0,200.0,4.3532,4.2782,-0.9703,-0.9818,8.68,9.0,0.235,0.0
2000,5e-05,0.0,0.5,0.1,0.0,0.01,200.0,4.3637,4.2613,-0.9735,-0.9818,8.85,9.0,0.31,0.0
2000,5e-05,0.0,0.5,0.1,0.0,0.1,200.0,4.5477,4.5394,-0.9937,-1.0,10.485,11.0,0.29,0.0
2000,5e-05,0.0,0.5,0.1,0.0,0.2,200.0,4.6228,4.5725,-0.9948,-1.0,10.63,11.0,0.355,0.0
2000,5e-05,0.0,0.5,0.1,0.01,0.0,200.0,4.3883,4.2432,-0.9696,-0.9818,8.805,9.0,0.33,0.0
2000,5e-05,0.0,0.5,0.1,0.01,0.01,200.0,4.4743,4.4085,-0.9728,-0.9818,8.77,9.0,0.275,0.0
2000,5e-05,0.0,0.5,0.1,0.01,0.1,200.0,4.5521,4.5247,-0.9931,-1.0,10.45,11.0,0.315,0.0
2000,5e-05,0.0,0.5,0.1,0.01,0.2,200.0,4.6103,4.5547,-0.9952,-1.0,10.65,11.0,0.345,0.0
2000,5e-05,0.0,0.5,0.1,0.1,0.0,200.0,4.4074,4.3479,-0.9729,-0.9818,8.965,9.0,0.265,0.0
2000,5e-05,0.0,0.5,0.1,0.1,0.01,200.0,4.4242,4.2939,-0.9703,-0.9818,8.75,9.0,0.265,0.0
2000,5e-05,0.0,0.5,0.1,0.1,0.1,200.0,4.556,4.5175,-0.9929,-1.0,10.43,11.0,0.31,0.0
2000,5e-05,0.0,0.5,0.1,0.1,0.2,200.0,4.6263,4.5743,-0.9946,-1.0,10.615,11.0,0.355,0.0
2000,5e-05,0.0,0.5,0.5,0.0,0.0,200.0,4.4248,4.3426,-0.9741,-0.9818,8.98,9.0,0.325,0.0
2000,5e-05,0.0,0.5,0.5,0.0,0.01,200.0,4.436,4.3744,-0.9733,-0.9818,8.86,9.0,0.285,0.0
2000,5e-05,0.0,0.5,0.5,0.0,0.1,200.0,4.5368,4.4902,-0.9938,-1.0,10.475,11.0,0.26,0.0
2000,5e-05,0.0,0.5,0.5,0.0,0.2,200.0,4.6114,4.5411,-0.9943,-1.0,10.55,11.0,0.39,0.0
2000,5e-05,0.0,0.5,0.5,0.01,0.0,200.0,4.4018,4.2834,-0.9734,-0.9818,8.81,9.0,0.27,0.0
2000,5e-05,0.0,0.5,0.5,0.01,0.01,200.0,4.5249,4.4438,-0.9698,-0.9818,8.815,9.0,0.275,0.0
2000,5e-05,0.0,0.5,0.5,0.01,0.1,200.0,4.5413,4.5072,-0.9935,-1.0,10.485,11.0,0.29,0.0
2000,5e-05,0.0,0.5,0.5,0.01,0.2,200.0,4.6019,4.562,-0.9948,-1.0,10.52,11.0,0.325,0.0
2000,5e-05,0.0,0.5,0.5,0.1,0.0,200.0,4.4368,4.3666,-0.9737,-0.9818,8.845,9.0,0.315,0.0
2000,5e-05,0.0,0.5,0.5,0.1,0.01,200.0,4.5341,4.4615,-0.972,-0.9864,8.845,9.0,0.255,0.0
2000,5e-05,0.0,0.5,0.5,0.1,0.1,200.0,4.5344,4.5089,-0.9936,-1.0,10.44,11.0,0.235,0.0
2000,5e-05,0.0,0.5,0.5,0.1,0.2,200.0,4.6051,4.5749,-0.9949,-1.0,10.57,11.0,0.345,0.0
2000,5e-05,0.0,0.5,1.0,0.0,0.0,200.0,4.3025,4.2719,-0.9695,-0.9818,8.81,9.0,0.345,0.0
2000,5e-05,0.0,0.5,1.0,0.0,0.01,200.0,4.5054,4.4326,-0.9758,-0.9818,8.725,9.0,0.2,0.0
2000,5e-05,0.0,0.5,1.0,0.0,0.1,200.0,4.5311,4.4691,-0.9938,-1.0,10.35,11.0,0.225,0.0
2000,5e-05,0.0,0.5,1.0,0.0,0.2,200.0,4.6053,4.5791,-0.9948,-1.0,10.51,11.0,0.285,0.0
2000,5e-05,0.0,0.5,1.0,0.01,0.0,200.0,4.4679,4.3364,-0.9686,-0.9818,8.88,9.0,0.37,0.0
2000,5e-05,0.0,0.5,1.0,0.01,0.01,200.0,4.454,4.3701,-0.9669,-0.9818,8.73,9.0,0.335,0.0
2000,5e-05,0.0,0.5,1.0,0.01,0.1,200.0,4.5463,4.5188,-0.9938,-1.0,10.43,11.0,0.24,0.0
2000,5e-05,0.0,0.5,1.0,0.01,0.2,200.0,4.6,4.5266,-0.9949,-1.0,10.54,11.0,0.275,0.0
2000,5e-05,0.0,0.5,1.0,0.1,0.0,200.0,4.3541,4.313,-0.9703,-0.9818,8.855,9.0,0.265,0.0
2000,5e-05,0.0,0.5,1.0,0.1,0.01,200.0,4.3778,4.2767,-0.9733,-0.9818,8.785,9.0,0.29,0.0
2000,5e-05,0.0,0.5,1.0,0.1,0.1,200.0,4.56,4.5176,-0.993,-1.0,10.45,11.0,0.27,0.0
2000,5e-05,0.0,0.5,1.0,0.1,0.2,200.0,4.6185,4.5459,-0.9949,-1.0,10.54,11.0,0.315,0.0
2000,5e-05,0.01,0.01,0.0,0.0,0.0,200.0,4.2418,4.0725,-0.8524,-0.8727,5.92,6.0,0.78,1.0
2000,5e-05,0.01,0.01,0.0,0.0,0.01,200.0,4.4514,4.3446,-0.9131,-0.9455,6.815,7.0,0.435,0.0
2000,5e-05,0.01,0.01,0.0,0.0,0.1,200.0,4.456,4.387,-0.962,-0.9727,8.365,8.0,0.31,0.0
2000,5e-05,0.01,0.01,0.0,0.0,0.2,200.0,4.5834,4.5768,-0.9532,-0.9636,8.615,9.0,0.535,0.0
2000,5e-05,0.01,0.01,0.0,0.01,0.0,200.0,4.2409,4.1194,-0.8564,-0.8727,5.895,6.0,0.685,0.0
2000,5e-05,0.01,0.01,0.0,0.01,0.01,200.0,4.3112,4.2965,-0.9055,-0.9318,6.815,7.0,0.395,0.0
2000,5e-05,0.01,0.01,0.0,0.01,0.1,200.0,4.4575,4.4067,-0.9633,-0.9682,8.445,9.0,0.33,0.0
2000,5e-05,0.01,0.01,0.0,0.01,0.2,200.0,4.5839,4.5812,-0.9535,-0.9727,8.59,9.0,0.545,0.0
2000,5e-05,0.01,0.01,0.0,0.1,0.0,200.0,4.2318,4.1186,-0.8565,-0.8727,5.975,6.0,0.66,0.0
2000,5e-05,0.01,0.01,0.0,0.1,0.01,200.0,4.3418,4.2217,-0.9105,-0.9273,6.785,7.0,0.43,0.0
2000,5e-05,0.01,0.01,0.0,0.1,0.1,200.0,4.4599,4.4075,-0.9614,-0.9636,8.47,9.0,0.355,0.0
2000,5e-05,0.01,0.01,0.0,0.1,0.2,200.0,4.5752,4.5499,-0.9532,-0.9636,8.47,9.0,0.47,0.0
2000,5e-05,0.01,0.01,0.1,0.0,0.0,200.0,4.1176,4.207,-0.866,-0.8955,6.15,6.0,0.605,0.0
2000,5e-05,0.01,0.01,0.1,0.0,0.01,200.0,4.3239,4.2929,-0.9236,-0.95,7.08,7.0,0.415,0.0
2000,5e-05,0.01,0.01,0.1,0.0,0.1,200.0,4.4483,4.3899,-0.9708,-0.9818,8.68,9.0,0.29,0.0
2000,5e-05,0.01,0.01,0.1,0.0,0.2,200.0,4.6091,4.6189,-0.9604,-0.9818,8.7,9.0,0.415,0.0
2000,5e-05,0.01,0.01,0.1,0.01,0.0,200.0,4.3638,4.3225,-0.8583,-0.8818,6.045,6.0,0.6,0.0
2000,5e-05,0.01,0.01,0.1,0.01,0.01,200.0,4.3511,4.2909,-0.9174,-0.9273,6.925,7.0,0.38,0.0
2000,5e-05,0.01,0.01,0.1,0.01,0.1,200.0,4.4661,4.4108,-0.9666,-0.9818,8.56,9.0,0.32,0.0
2000,5e-05,0.01,0.01,0.1,0.01,0.2,200.0,4.5959,4.5876,-0.9607,-0.9818,8.735,9.0,0.465,0.0
2000,5e-05,0.01,0.01,0.1,0.1,0.0,200.0,4.2655,4.1867,-0.8653,-0.8909,5.99,6.0,0.675,0.0
2000,5e-05,0.01,0.01,0.1,0.1,0.01,200.0,4.3742,4.3111,-0.9086,-0.9409,6.925,7.0,0.46,0.0
2000,5e-05,0.01,0.01,0.1,0.1,0.1,200.0,4.4681,4.3759,-0.9659,-0.9818,8.595,9.0,0.315,0.0
2000,5e-05,0.01,0.01,0.1,0.1,0.2,200.0,4.5874,4.5742,-0.9598,-0.9773,8.69,9.0,0.41,0.0
2000,5e-05,0.01,0.01,0.5,0.0,0.0,200.0,4.2597,4.1479,-0.8772,-0.9,6.49,7.0,0.68,0.0
2000,5e-05,0.01,0.01,0.5,0.0,0.01,200.0,4.3575,4.29,-0.9315,-0.9545,7.36,7.0,0.36,0.0
2000,5e-05,0.01,0.01,0.5,0.0,0.1,200.0,4.4599,4.4044,-0.9703,-0.9818,8.765,9.0,0.235,0.0
2000,5e-05,0.01,0.01,0.5,0.0,0.2,200.0,4.4418,4.3979,-0.9755,-0.9909,9.225,9.0,0.285,0.0
2000,5e-05,0.01,0.01,0.5,0.01,0.0,200.0,4.2942,4.1526,-0.8852,-0.9,6.43,7.0,0.695,0.0
2000,5e-05,0.01,0.01,0.5,0.01,0.01,200.0,4.4775,4.3741,-0.936,-0.9545,7.395,7.0,0.34,0.0
2000,5e-05,0.01,0.01,0.5,0.01,0.1,200.0,4.4637,4.4135,-0.9708,-0.9818,8.835,9.0,0.21,0.0
2000,5e-05,0.01,0.01,0.5,0.01,0.2,200.0,4.5262,4.4372,-0.9737,-0.9818,9.065,9.0,0.295,0.0
2000,5e-05,0.01,0.01,0.5,0.1,0.0,200.0,4.3852,4.2924,-0.8911,-0.9091,6.54,6.0,0.57,0.0
2000,5e-05,0.01,0.01,0.5,0.1,0.01,200.0,4.3884,4.3427,-0.9296,-0.9545,7.265,7.0,0.375,0.0
2000,5e-05,0.01,0.01,0.5,0.1,0.1,200.0,4.4485,4.4108,-0.9701,-0.9818,8.91,9.0,0.21,0.0
2000,5e-05,0.01,0.01,0.5,0.1,0.2,200.0,4.4789,4.4632,-0.9766,-0.9818,9.17,9.0,0.315,0.0
2000,5e-05,0.01,0.01,1.0,0.0,0.0,200.0,4.3744,4.3039,-0.8909,-0.9091,6.655,7.0,0.585,0.0
2000,5e-05,0.01,0.01,1.0,0.0,0.01,200.0,4.4409,4.3935,-0.9359,-0.9545,7.44,8.0,0.28,0.0
2000,5e-05,0.01,0.01,1.0,0.0,0.1,200.0,4.4557,4.3828,-0.9751,-0.9818,8.82,9.0,0.165,0.0
2000,5e-05,0.01,0.01,1.0,0.0,0.2,200.0,4.5073,4.4997,-0.9767,-0.9909,9.225,9.0,0.29,0.0
2000,5e-05,0.01,0.01,1.0,0.01,0.0,200.0,4.3715,4.3172,-0.8968,-0.9182,6.565,7.0,0.675,0.0
2000,5e-05,0.01,0.01,1.0,0.01,0.01,200.0,4.345,4.2562,-0.9287,-0.9545,7.385,7.0,0.39,0.0
2000,5e-05,0.01,0.01,1.0,0.01,0.1,200.0,4.4519,4.396,-0.9746,-0.9818,8.84,9.0,0.17,0.0
2000,5e-05,0.01,0.01,1.0,0.01,0.2,200.0,4.4982,4.509,-0.9774,-0.9909,9.19,9.0,0.275,0.0
2000,5e-05,0.01,0.01,1.0,0.1,0.0,200.0,4.3733,4.3457,-0.8911,-0.9136,6.5,7.0,0.62,0.0
2000,5e-05,0.01,0.01,1.0,0.1,0.01,200.0,4.3347,4.3197,-0.9322,-0.9545,7.565,8.0,0.42,0.0
2000,5e-05,0.01,0.01,1.0,0.1,0.1,200.0,4.4284,4.3926,-0.9751,-0.9818,8.825,9.0,0.175,0.0
2000,5e-05,0.01,0.01,1.0,0.1,0.2,200.0,4.4995,4.4816,-0.9784,-0.9909,9.25,9.0,0.245,0.0
2000,5e-05,0.01,0.1,0.0,0.0,0.0,200.0,4.2452,4.1985,-0.8816,-0.9,6.335,6.0,0.68,0.0
2000,5e-05,0.01,0.1,0.0,0.0,0.01,200.0,4.306,4.2535,-0.9162,-0.9455,6.88,7.0,0.48,0.0
2000,5e-05,0.01,0.1,0.0,0.0,0.1,200.0,4.522,4.401,-0.9672,-0.9818,8.81,9.0,0.25,0.0
2000,5e-05,0.01,0.1,0.0,0.0,0.2,200.0,4.5047,4.5132,-0.977,-0.9864,9.145,9.0,0.305,0.0
2000,5e-05,0.01,0.1,0.0,0.01,0.0,200.0,4.3824,4.3359,-0.8799,-0.9,6.295,6.0,0.655,0.0
2000,5e-05,0.01,0.1,0.0,0.01,0.01,200.0,4.3311,4.3146,-0.913,-0.9273,6.965,7.0,0.425,0.0
2000,5e-05,0.01,0.1,0.0,0.01,0.1,200.0,4.4402,4.3311,-0.9709,-0.9818,8.65,9.0,0.25,0.0
2000,5e-05,0.01,0.1,0.0,0.01,0.2,200.0,4.5006,4.4363,-0.9761,-0.9818,9.105,9.0,0.3,0.0
2000,5e-05,0.01,0.1,0.0,0.1,0.0,200.0,4.3628,4.3296,-0.8838,-0.9,6.29,6.0,0.665,0.0
2000,5e-05,0.01,0.1,0.0,0.1,0.01,200.0,4.3444,4.3452,-0.9146,-0.9273,6.915,7.0,0.475,0.0
2000,5e-05,0.01,0.1,0.0,0.1,0.1,200.0,4.5172,4.4813,-0.9694,-0.9818,8.755,9.0,0.285,0.0
2000,5e-05,0.01,0.1,0.0,0.1,0.2,200.0,4.5377,4.4443,-0.9779,-0.9909,9.16,9.0,0.24,0.0
2000,5e-05,0.01,0.1,0.1,0.0,0.0,200.0,4.2677,4.2671,-0.8905,-0.9045,6.425,6.0,0.6,0.0
2000,5e-05,0.01,0.1,0.1,0.0,0.01,200.0,4.2757,4.3294,-0.9206,-0.9455,6.91,7.0,0.485,0.0
2000,5e-05,0.01,0.1,0.1,0.0,0.1,200.0,4.2629,4.2448,-0.9689,-0.9818,8.755,9.0,0.3,0.0
2000,5e-05,0.01,0.1,0.1,0.0,0.2,200.0,4.5057,4.4953,-0.9789,-0.9909,9.25,9.0,0.31,0.0
2000,5e-05,0.01,0.1,0.1,0.01,0.0,200.0,4.3562,4.2929,-0.8873,-0.9,6.34,6.0,0.675,0.0
2000,5e-05,0.01,0.1,0.1,0.01,0.01,200.0,4.3243,4.2828,-0.9174,-0.9455,6.9,7.0,0.33,0.0
2000,5e-05,0.01,0.1,0.1,0.01,0.1,200.0,4.4408,4.4276,-0.9714,-0.9818,8.765,9.0,0.255,0.0
2000,5e-05,0.01,0.1,0.1,0.01,0.2,200.0,4.4978,4.4892,-0.9803,-0.9909,9.23,9.0,0.335,0.0
2000,5e-05,0.01,0.1,0.1,0.1,0.0,200.0,4.329,4.2786,-0.8856,-0.9,6.325,6.0,0.63,0.0
2000,5e-05,0.01,0.1,0.1,0.1,0.01,200.0,4.4634,4.4132,-0.907,-0.9273,6.955,7.0,0.515,0.0
2000,5e-05,0.01,0.1,0.1,0.1,0.1,200.0,4.4284,4.4199,-0.9712,-0.9818,8.725,9.0,0.225,0.0
2000,5e-05,0.01,0.1,0.1,0.1,0.2,200.0,4.5078,4.4572,-0.9783,-0.9909,9.25,9.0,0.33,0.0
2000,5e-05,0.01,0.1,0.5,0.0,0.0,200.0,4.386,4.3828,-0.8978,-0.9091,6.715,7.0,0.645,0.0
2000,5e-05,0.01,0.1,0.5,0.0,0.01,200.0,4.291,4.244,-0.9229,-0.9545,7.28,7.0,0.385,0.0
2000,5e-05,0.01,0.1,0.5,0.0,0.1,200.0,4.3709,4.3181,-0.9721,-0.9818,8.835,9.0,0.22,0.0
2000,5e-05,0.01,0.1,0.5,0.0,0.2,200.0,4.4256,4.4334,-0.9765,-0.9909,9.23,9.0,0.28,0.0
2000,5e-05,0.01,0.1,0.5,0.01,0.0,200.0,4.2868,4.2543,-0.9107,-0.9273,6.745,7.0,0.515,0.0
2000,5e-05,0.01,0.1,0.5,0.01,0.01,200.0,4.4486,4.3436,-0.9191,-0.9318,7.075,7.0,0.435,0.0
2000,5e-05,0.01,0.1,0.5,0.01,0.1,200.0,4.359,4.3857,-0.9745,-0.9818,8.88,9.0,0.225,0.0
2000,5e-05,0.01,0.1,0.5,0.01,0.2,200.0,4.4266,4.4404,-0.9787,-0.9909,9.28,9.0,0.33,0.0
2000,5e-05,0.01,0.1,0.5,0.1,0.0,200.0,4.423,4.3961,-0.9061,-0.9273,6.825,7.0,0.54,0.0
2000,5e-05,0.01,0.1,0.5,0.1,0.01,200.0,4.2679,4.2787,-0.9194,-0.9545,7.145,7.0,0.355,0.0
2000,5e-05,0.01,0.1,0.5,0.1,0.1,200.0,4.4813,4.3776,-0.9686,-0.9818,8.855,9.0,0.28,0.0
2000,5e-05,0.01,0.1,0.5,0.1,0.2,200.0,4.4609,4.441,-0.9796,-0.9909,9.24,9.0,0.285,0.0
2000,5e-05,0.01,0.1,1.0,0.0,0.0,200.0,4.2963,4.3027,-0.9073,-0.9273,6.845,7.0,0.5,0.0
2000,5e-05,0.01,0.1,1.0,0.0,0.01,200.0,4.4078,4.3705,-0.9346,-0.9545,7.46,7.0,0.345,0.0
2000,5e-05,0.01,0.1,1.0,0.0,0.1,200.0,4.56,4.4618,-0.9747,-0.9818,9.04,9.0,0.31,0.0
2000,5e-05,0.01,0.1,1.0,0.0,0.2,200.0,4.4843,4.4261,-0.9834,-0.9909,9.5,10.0,0.27,0.0
2000,5e-05,0.01,0.1,1.0,0.01,0.0,200.0,4.2958,4.2441,-0.9126,-0.9364,6.92,7.0,0.465,0.0
2000,5e-05,0.01,0.1,1.0,0.01,0.01,200.0,4.3805,4.2847,-0.9407,-0.9545,7.52,8.0,0.37,0.0
2000,5e-05,0.01,0.1,1.0,0.01,0.1,200.0,4.4178,4.3644,-0.973,-0.9818,8.82,9.0,0.285,0.0
2000,5e-05,0.01,0.1,1.0,0.01,0.2,200.0,4.4777,4.427,-0.9815,-0.9909,9.37,10.0,0.28,0.0
2000,5e-05,0.01,0.1,1.0,0.1,0.0,200.0,4.2762,4.1685,-0.9131,-0.9455,6.83,7.0,0.495,0.0
2000,5e-05,0.01,0.1,1.0,0.1,0.01,200.0,4.3008,4.2211,-0.9344,-0.9545,7.585,8.0,0.385,0.0
2000,5e-05,0.01,0.1,1.0,0.1,0.1,200.0,4.415,4.4544,-0.9738,-0.9818,8.835,9.0,0.255,0.0
2000,5e-05,0.01,0.1,1.0,0.1,0.2,200.0,4.4376,4.3932,-0.9792,-0.9909,9.33,9.0,0.245,0.0
2000,5e-05,0.01,0.5,0.0,0.0,0.0,200.0,4.4056,4.3256,-0.926,-0.9545,7.225,7.0,0.555,0.0
2000,5e-05,0.01,0.5,0.0,0.0,0.01,200.0,4.4801,4.3485,-0.933,-0.9545,7.605,8.0,0.505,0.0
2000,5e-05,0.01,0.5,0.0,0.0,0.1,200.0,4.4628,4.4618,-0.9852,-0.9909,9.55,10.0,0.245,0.0
2000,5e-05,0.01,0.5,0.0,0.0,0.2,200.0,4.4677,4.4137,-0.9893,-0.9909,9.895,10.0,0.25,0.0
2000,5e-05,0.01,0.5,0.0,0.01,0.0,200.0,4.3772,4.3694,-0.9311,-0.9545,7.185,7.0,0.53,0.0
2000,5e-05,0.01,0.5,0.0,0.01,0.01,200.0,4.4457,4.2995,-0.929,-0.9545,7.45,8.0,0.45,0.0
2000,5e-05,0.01,0.5,0.0,0.01,0.1,200.0,4.44,4.4344,-0.9847,-0.9909,9.45,9.5,0.285,0.0
2000,5e-05,0.01,0.5,0.0,0.01,0.2,200.0,4.4678,4.4022,-0.99,-0.9909,9.965,10.0,0.185,0.0
2000,5e-05,0.01,0.5,0.0,0.1,0.0,200.0,4.3762,4.3139,-0.9263,-0.9545,7.31,7.0,0.48,0.0
2000,5e-05,0.01,0.5,0.0,0.1,0.01,200.0,4.4461,4.3229,-0.9366,-0.9545,7.415,7.0,0.495,0.0
2000,5e-05,0.01,0.5,0.0,0.1,0.1,200.0,4.4519,4.4391,-0.9855,-0.9909,9.64,10.0,0.23,0.0
2000,5e-05,0.01,0.5,0.0,0.1,0.2,200.0,4.4508,4.4037,-0.9895,-0.9909,9.82,10.0,0.225,0.0
2000,5e-05,0.01,0.5,0.1,0.0,0.0,200.0,4.3711,4.2977,-0.9264,-0.9545,7.31,7.0,0.45,0.0
2000,5e-05,0.01,0.5,0.1,0.0,0.01,200.0,4.4089,4.4053,-0.943,-0.9545,7.54,7.0,0.365,0.0
2000,5e-05,0.01,0.5,0.1,0.0,0.1,200.0,4.4311,4.4279,-0.9844,-0.9909,9.655,10.0,0.315,0.0
2000,5e-05,0.01,0.5,0.1,0.0,0.2,200.0,4.4842,4.4756,-0.9893,-0.9909,9.93,10.0,0.25,0.0
2000,5e-05,0.01,0.5,0.1,0.01,0.0,200.0,4.4049,4.3497,-0.9246,-0.9545,7.31,7.0,0.525,0.0
2000,5e-05,0.01,0.5,0.1,0.01,0.01,200.0,4.3089,4.2449,-0.944,-0.9636,7.62,8.0,0.34,0.0
2000,5e-05,0.01,0.5,0.1,0.01,0.1,200.0,4.4726,4.4579,-0.9843,-0.9909,9.48,10.0,0.26,0.0
2000,5e-05,0.01,0.5,0.1,0.01,0.2,200.0,4.4805,4.4865,-0.9894,-0.9909,9.85,10.0,0.22,0.0
2000,5e-05,0.01,0.5,0.1,0.1,0.0,200.0,4.4534,4.3836,-0.9398,-0.9545,7.335,7.0,0.4,0.0
2000,5e-05,0.01,0.5,0.1,0.1,0.01,200.0,4.4787,4.3989,-0.9404,-0.9545,7.64,7.5,0.5,0.0
2000,5e-05,0.01,0.5,0.1,0.1,0.1,200.0,4.4354,4.4384,-0.9857,-0.9909,9.545,10.0,0.215,0.0
2000,5e-05,0.01,0.5,0.1,0.1,0.2,200.0,4.4858,4.5163,-0.9903,-0.9909,9.88,10.0,0.17,0.0
2000,5e-05,0.01,0.5,0.5,0.0,0.0,200.0,4.3719,4.2838,-0.93,-0.9545,7.315,7.5,0.425,0.0
2000,5e-05,0.01,0.5,0.5,0.0,0.01,200.0,4.3664,4.3486,-0.9445,-0.9545,7.615,8.0,0.445,0.0
2000,5e-05,0.01,0.5,0.5,0.0,0.1,200.0,4.4305,4.3928,-0.986,-0.9909,9.62,10.0,0.255,0.0
2000,5e-05,0.01,0.5,0.5,0.0,0.2,200.0,4.5037,4.4992,-0.9896,-0.9909,9.86,10.0,0.195,0.0
2000,5e-05,0.01,0.5,0.5,0.01,0.0,200.0,4.429,4.3176,-0.939,-0.9545,7.56,8.0,0.44,0.0
2000,5e-05,0.01,0.5,0.5,0.01,0.01,200.0,4.3752,4.3927,-0.9447,-0.9545,7.53,8.0,0.425,0.0
2000,5e-05,0.01,0.5,0.5,0.01,0.1,200.0,4.4364,4.4366,-0.9857,-0.9909,9.495,10.0,0.215,0.0
2000,5e-05,0.01,0.5,0.5,0.01,0.2,200.0,4.4977,4.5179,-0.9893,-0.9909,9.865,10.0,0.2,0.0
2000,5e-05,0.01,0.5,0.5,0.1,0.0,200.0,4.3548,4.2833,-0.9325,-0.9545,7.445,8.0,0.44,0.0
2000,5e-05,0.01,0.5,0.5,0.1,0.01,200.0,4.3566,4.3804,-0.9426,-0.9545,7.735,8.0,0.48,0.0
2000,5e-05,0.01,0.5,0.5,0.1,0.1,200.0,4.4281,4.4448,-0.9867,-0.9909,9.6,10.0,0.23,0.0
2000,5e-05,0.01,0.5,0.5,0.1,0.2,200.0,4.4792,4.4641,-0.9891,-0.9909,9.8,10.0,0.22,0.0
2000,5e-05,0.01,0.5,1.0,0.0,0.0,200.0,4.3517,4.3186,-0.9373,-0.9545,7.325,7.0,0.325,0.0
2000,5e-05,0.01,0.5,1.0,0.0,0.01,200.0,4.3928,4.3438,-0.9362,-0.9545,7.645,8.0,0.395,0.0
2000,5e-05,0.01,0.5,1.0,0.0,0.1,200.0,4.4412,4.4323,-0.9854,-0.9909,9.56,10.0,0.235,0.0
2000,5e-05,0.01,0.5,1.0,0.0,0.2,200.0,4.4997,4.488,-0.99,-0.9909,9.905,10.0,0.16,0.0
2000,5e-05,0.01,0.5,1.0,0.01,0.0,200.0,4.3718,4.3269,-0.9395,-0.9545,7.49,7.0,0.38,0.0
2000,5e-05,0.01,0.5,1.0,0.01,0.01,200.0,4.3656,4.3849,-0.9464,-0.9545,7.785,8.0,0.365,0.0
2000,5e-05,0.01,0.5,1.0,0.01,0.1,200.0,4.4064,4.3947,-0.9864,-0.9909,9.5,10.0,0.215,0.0
2000,5e-05,0.01,0.5,1.0,0.01,0.2,200.0,4.437,4.3935,-0.9872,-0.9909,9.845,10.0,0.215,0.0
2000,5e-05,0.01,0.5,1.0,0.1,0.0,200.0,4.4816,4.3953,-0.9475,-0.9545,7.42,7.0,0.34,0.0
2000,5e-05,0.01,0.5,1.0,0.1,0.01,200.0,4.3857,4.3423,-0.9483,-0.9545,7.62,8.0,0.29,0.0
2000,5e-05,0.01,0.5,1.0,0.1,0.1,200.0,4.4279,4.3923,-0.9859,-0.9909,9.56,10.0,0.22,0.0
2000,5e-05,0.01,0.5,1.0,0.1,0.2,200.0,4.4865,4.4823,-0.9893,-0.9909,9.815,10.0,0.255,0.0
2000,5e-05,0.1,0.01,0.0,0.0,0.0,200.0,3.9401,3.9276,-0.907,-0.9455,7.035,7.0,0.97,1.0
2000,5e-05,0.1,0.01,0.0,0.0,0.01,200.0,4.0632,4.0926,-0.9335,-0.9545,7.405,7.0,0.74,0.0
2000,5e-05,0.1,0.01,0.0,0.0,0.1,200.0,4.5272,4.3327,-0.9612,-0.9727,8.19,8.0,0.36,0.0
2000,5e-05,0.1,0.01,0.0,0.0,0.2,200.0,4.5676,4.4445,-0.9567,-0.9636,8.075,8.0,0.455,0.0
2000,5e-05,0.1,0.01,0.0,0.01,0.0,200.0,3.9272,3.9072,-0.9065,-0.9455,7.105,7.0,0.89,1.0
2000,5e-05,0.1,0.01,0.0,0.01,0.01,200.0,4.0706,4.0722,-0.931,-0.9545,7.3,7.0,0.745,1.0
2000,5e-05,0.1,0.01,0.0,0.01,0.1,200.0,4.4064,4.3185,-0.9613,-0.9727,8.16,8.0,0.36,0.0
2000,5e-05,0.1,0.01,0.0,0.01,0.2,200.0,4.4563,4.4105,-0.9554,-0.9727,8.14,8.0,0.45,0.0
2000,5e-05,0.1,0.01,0.0,0.1,0.0,200.0,4.0638,4.0133,-0.9152,-0.9545,7.185,7.0,0.975,1.0
2000,5e-05,0.1,0.01,0.0,0.1,0.01,200.0,4.0897,4.097,-0.9321,-0.9545,7.265,7.0,0.725,1.0
2000,5e-05,0.1,0.01,0.0,0.1,0.1,200.0,4.2704,4.2493,-0.9581,-0.9727,7.97,8.0,0.355,0.0
2000,5e-05,0.1,0.01,0.0,0.1,0.2,200.0,4.4353,4.4642,-0.9567,-0.9636,8.18,8.0,0.41,0.0
2000,5e-05,0.1,0.01,0.1,0.0,0.0,200.0,4.0654,4.0311,-0.9272,-0.9545,7.415,7.0,0.845,1.0
2000,5e-05,0.1,0.01,0.1,0.0,0.01,200.0,4.1644,4.1241,-0.9462,-0.9636,7.575,8.0,0.57,0.0
2000,5e-05,0.1,0.01,0.1,0.0,0.1,200.0,4.447,4.342,-0.9634,-0.9727,8.17,8.0,0.35,0.0
2000,5e-05,0.1,0.01,0.1,0.0,0.2,200.0,4.4357,4.3806,-0.9565,-0.9727,8.135,8.0,0.34,0.0
2000,5e-05,0.1,0.01,0.1,0.01,0.0,200.0,4.1019,4.0547,-0.9283,-0.9545,7.41,8.0,0.775,1.0
2000,5e-05,0.1,0.01,0.1,0.01,0.01,200.0,4.1738,4.1225,-0.9475,-0.9636,7.56,8.0,0.59,0.0
2000,5e-05,0.1,0.01,0.1,0.01,0.1,200.0,4.3712,4.3306,-0.9639,-0.9727,8.045,8.0,0.355,0.0
2000,5e-05,0.1,0.01,0.1,0.01,0.2,200.0,4.4229,4.3848,-0.9622,-0.9818,8.27,8.0,0.4,0.0
2000,5e-05,0.1,0.01,0.1,0.1,0.0,200.0,4.1012,4.0846,-0.9294,-0.9545,7.475,7.0,0.83,1.0
2000,5e-05,0.1,0.01,0.1,0.1,0.01,200.0,4.1314,4.0441,-0.9416,-0.9545,7.54,8.0,0.6,0.0
2000,5e-05,0.1,0.01,0.1,0.1,0.1,200.0,4.3666,4.3191,-0.9595,-0.9727,7.99,8.0,0.255,0.0
2000,5e-05,0.1,0.01,0.1,0.1,0.2,200.0,4.507,4.4922,-0.9658,-0.9818,8.2,8.0,0.365,0.0
2000,5e-05,0.1,0.01,0.5,0.0,0.0,200.0,3.9469,3.9548,-0.9101,-0.9455,6.96,7.0,0.96,1.0
2000,5e-05,0.1,0.01,0.5,0.0,0.01,200.0,4.1245,4.1325,-0.9449,-0.9591,7.345,7.0,0.61,0.0
2000,5e-05,0.1,0.01,0.5,0.0,0.1,200.0,4.3051,4.248,-0.9662,-0.9727,8.305,8.0,0.205,0.0
2000,5e-05,0.1,0.01,0.5,0.0,0.2,200.0,4.3939,4.3123,-0.9698,-0.9818,8.4,8.0,0.2,0.0
2000,5e-05,0.1,0.01,0.5,0.01,0.0,200.0,3.9438,3.953,-0.911,-0.9455,7.115,7.0,0.995,1.0
2000,5e-05,0.1,0.01,0.5,0.01,0.01,200.0,4.1028,4.1231,-0.9408,-0.9545,7.42,7.0,0.645,0.0
2000,5e-05,0.1,0.01,0.5,0.01,0.1,200.0,4.3328,4.235,-0.9702,-0.9818,8.41,9.0,0.215,0.0
2000,5e-05,0.1,0.01,0.5,0.01,0.2,200.0,4.4862,4.3765,-0.966,-0.9818,8.385,8.0,0.22,0.0
2000,5e-05,0.1,0.01,0.5,0.1,0.0,200.0,3.9821,4.027,-0.9115,-0.9455,7.09,7.0,1.01,1.0
2000,5e-05,0.1,0.01,0.5,0.1,0.01,200.0,4.0924,4.0768,-0.9389,-0.9545,7.365,7.0,0.69,0.0
2000,5e-05,0.1,0.01,0.5,0.1,0.1,200.0,4.2747,4.2239,-0.9716,-0.9818,8.415,8.0,0.17,0.0
2000,5e-05,0.1,0.01,0.5,0.1,0.2,200.0,4.4128,4.3105,-0.9648,-0.9818,8.295,8.0,0.26,0.0
2000,5e-05,0.1,0.01,1.0,0.0,0.0,200.0,3.8677,3.8186,-0.9036,-0.9455,6.97,7.0,1.105,1.0
2000,5e-05,0.1,0.01,1.0,0.0,0.01,200.0,3.9594,3.9765,-0.9101,-0.9545,7.235,7.0,0.905,1.0
2000,5e-05,0.1,0.01,1.0,0.0,0.1,200.0,4.4429,4.3444,-0.965,-0.9727,8.35,8.0,0.3,0.0
2000,5e-05,0.1,0.01,1.0,0.0,0.2,200.0,4.4458,4.3852,-0.9705,-0.9818,8.57,9.0,0.225,0.0
2000,5e-05,0.1,0.01,1.0,0.01,0.0,200.0,3.8472,3.795,-0.8992,-0.9455,7.065,7.0,1.045,1.0
2000,5e-05,0.1,0.01,1.0,0.01,0.01,200.0,4.0328,4.0089,-0.9246,-0.9545,7.185,7.0,0.93,1.0
2000,5e-05,0.1,0.01,1.0,0.01,0.1,200.0,4.3181,4.2722,-0.9677,-0.9818,8.415,9.0,0.21,0.0
2000,5e-05,0.1,0.01,1.0,0.01,0.2,200.0,4.3542,4.3476,-0.9675,-0.9818,8.605,9.0,0.3,0.0
2000,5e-05,0.1,0.01,1.0,0.1,0.0,200.0,3.8604,3.8408,-0.8984,-0.9455,7.05,7.0,1.09,1.0
2000,5e-05,0.1,0.01,1.0,0.1,0.01,200.0,3.9813,4.002,-0.926,-0.9545,7.365,7.0,0.82,1.0
2000,5e-05,0.1,0.01,1.0,0.1,0.1,200.0,4.3316,4.2599,-0.9695,-0.9818,8.385,9.0,0.275,0.0
2000,5e-05,0.1,0.01,1.0,0.1,0.2,200.0,4.3826,4.3546,-0.9664,-0.9818,8.57,9.0,0.305,0.0
2000,5e-05,0.1,0.1,0.0,0.0,0.0,200.0,4.1866,4.0816,-0.92,-0.9455,7.145,7.0,1.0,1.0
2000,5e-05,0.1,0.1,0.0,0.0,0.01,200.0,4.25,4.1655,-0.9375,-0.9545,7.38,7.0,0.675,0.0
2000,5e-05,0.1,0.1,0.0,0.0,0.1,200.0,4.3676,4.2989,-0.9689,-0.9818,8.22,8.0,0.26,0.0
2000,5e-05,0.1,0.1,0.0,0.0,0.2,200.0,4.4215,4.368,-0.9714,-0.9818,8.675,9.0,0.29,0.0
2000,5e-05,0.1,0.1,0.0,0.01,0.0,200.0,4.2211,4.1048,-0.9217,-0.9545,7.245,7.0,0.975,1.0
2000,5e-05,0.1,0.1,0.0,0.01,0.01,200.0,4.3251,4.1923,-0.9379,-0.9545,7.46,8.0,0.725,1.0
2000,5e-05,0.1,0.1,0.0,0.01,0.1,200.0,4.4519,4.3801,-0.9643,-0.9818,8.165,8.0,0.34,0.0
2000,5e-05,0.1,0.1,0.0,0.01,0.2,200.0,4.442,4.3724,-0.9732,-0.9818,8.68,9.0,0.275,0.0
2000,5e-05,0.1,0.1,0.0,0.1,0.0,200.0,4.1123,4.0247,-0.9212,-0.9545,7.05,7.0,0.87,1.0
2000,5e-05,0.1,0.1,0.0,0.1,0.01,200.0,4.2564,4.1544,-0.939,-0.9545,7.505,8.0,0.755,1.0
2000,5e-05,0.1,0.1,0.0,0.1,0.1,200.0,4.4344,4.3761,-0.9632,-0.9818,8.26,8.0,0.35,0.0
2000,5e-05,0.1,0.1,0.0,0.1,0.2,200.0,4.4101,4.4175,-0.9673,-0.9818,8.495,9.0,0.33,0.0
2000,5e-05,0.1,0.1,0.1,0.0,0.0,200.0,4.0175,4.0063,-0.9102,-0.9455,7.06,7.0,1.03,1.0
2000,5e-05,0.1,0.1,0.1,0.0,0.01,200.0,4.1816,4.0739,-0.9357,-0.9636,7.4,7.0,0.72,1.0
2000,5e-05,0.1,0.1,0.1,0.0,0.1,200.0,4.33,4.3228,-0.9593,-0.9727,8.235,8.0,0.385,0.0
2000,5e-05,0.1,0.1,0.1,0.0,0.2,200.0,4.3342,4.2261,-0.9664,-0.9773,8.4,8.0,0.39,0.0
2000,5e-05,0.1,0.1,0.1,0.01,0.0,200.0,4.0578,4.0495,-0.909,-0.9455,7.025,7.0,0.98,1.0
2000,5e-05,0.1,0.1,0.1,0.01,0.01,200.0,4.0961,4.0659,-0.9364,-0.9545,7.335,7.0,0.63,0.0
2000,5e-05,0.1,0.1,0.1,0.01,0.1,200.0,4.4525,4.3877,-0.9609,-0.9773,8.22,8.0,0.33,0.0
2000,5e-05,0.1,0.1,0.1,0.01,0.2,200.0,4.4457,4.4238,-0.9642,-0.9727,8.545,9.0,0.375,0.0
2000,5e-05,0.1,0.1,0.1,0.1,0.0,200.0,4.0911,4.0877,-0.905,-0.9455,7.165,7.0,1.165,1.0
2000,5e-05,0.1,0.1,0.1,0.1,0.01,200.0,4.2106,4.1252,-0.937,-0.9545,7.38,7.0,0.755,1.0
2000,5e-05,0.1,0.1,0.1,0.1,0.1,200.0,4.3305,4.3365,-0.9605,-0.9636,8.175,8.0,0.345,0.0
2000,5e-05,0.1,0.1,0.1,0.1,0.2,200.0,4.4495,4.3846,-0.9665,-0.9818,8.35,8.0,0.265,0.0
2000,5e-05,0.1,0.1,0.5,0.0,0.0,200.0,4.0045,3.9816,-0.8936,-0.9364,6.92,7.0,1.035,1.0
2000,5e-05,0.1,0.1,0.5,0.0,0.01,200.0,4.0458,4.0488,-0.9304,-0.9545,7.2,7.0,0.805,1.0
2000,5e-05,0.1,0.1,0.5,0.0,0.1,200.0,4.3107,4.257,-0.9701,-0.9818,8.365,8.0,0.23,0.0
2000,5e-05,0.1,0.1,0.5,0.0,0.2,200.0,4.3899,4.3272,-0.9725,-0.9818,8.63,9.0,0.365,0.0
2000,5e-05,0.1,0.1,0.5,0.01,0.0,200.0,4.0207,4.0553,-0.8813,-0.9273,6.96,7.0,1.165,1.0
2000,5e-05,0.1,0.1,0.5,0.01,0.01,200.0,4.0785,4.0931,-0.9329,-0.9545,7.235,7.0,0.82,1.0
2000,5e-05,0.1,0.1,0.5,0.01,0.1,200.0,4.2676,4.3074,-0.9684,-0.9818,8.385,8.0,0.205,0.0
2000,5e-05,0.1,0.1,0.5,0.01,0.2,200.0,4.3711,4.2634,-0.97,-0.9818,8.6,9.0,0.32,0.0
2000,5e-05,0.1,0.1,0.5,0.1,0.0,200.0,4.0179,3.959,-0.9085,-0.9455,7.08,7.0,1.13,1.0
2000,5e-05,0.1,0.1,0.5,0.1,0.01,200.0,4.1059,4.066,-0.9299,-0.9545,7.14,7.0,0.76,1.0
2000,5e-05,0.1,0.1,0.5,0.1,0.1,200.0,4.3409,4.2993,-0.9694,-0.9818,8.365,8.0,0.335,0.0
2000,5e-05,0.1,0.1,0.5,0.1,0.2,200.0,4.4824,4.4197,-0.973,-0.9818,8.73,9.0,0.255,0.0
2000,5e-05,0.1,0.1,1.0,0.0,0.0,200.0,3.9152,3.9554,-0.8926,-0.9273,6.825,7.0,1.1,1.0
2000,5e-05,0.1,0.1,1.0,0.0,0.01,200.0,4.1008,4.088,-0.9215,-0.9545,7.165,7.0,0.855,1.0
2000,5e-05,0.1,0.1,1.0,0.0,0.1,200.0,4.317,4.194,-0.969,-0.9818,8.455,8.0,0.34,0.0
2000,5e-05,0.1,0.1,1.0,0.0,0.2,200.0,4.4532,4.4221,-0.9741,-0.9818,8.56,9.0,0.26,0.0
2000,5e-05,0.1,0.1,1.0,0.01,0.0,200.0,3.9706,4.0455,-0.8943,-0.9273,6.89,7.0,1.235,1.0
2000,5e-05,0.1,0.1,1.0,0.01,0.01,200.0,4.0753,4.082,-0.9166,-0.9455,7.255,7.0,0.765,1.0
2000,5e-05,0.1,0.1,1.0,0.01,0.1,200.0,4.2019,4.2323,-0.9675,-0.9818,8.42,9.0,0.285,0.0
2000,5e-05,0.1,0.1,1.0,0.01,0.2,200.0,4.4708,4.4415,-0.976,-0.9909,8.69,9.0,0.175,0.0
2000,5e-05,0.1,0.1,1.0,0.1,0.0,200.0,3.8266,3.8527,-0.8958,-0.9455,6.91,7.0,1.1,1.0
2000,5e-05,0.1,0.1,1.0,0.1,0.01,200.0,4.028,3.9883,-0.917,-0.9455,7.135,7.0,0.88,1.0
2000,5e-05,0.1,0.1,1.0,0.1,0.1,200.0,4.2928,4.2527,-0.9698,-0.9818,8.44,8.5,0.29,0.0
2000,5e-05,0.1,0.1,1.0,0.1,0.2,200.0,4.451,4.4155,-0.9728,-0.9818,8.76,9.0,0.26,0.0
2000,5e-05,0.1,0.5,0.0,0.0,0.0,200.0,3.9352,3.8161,-0.9182,-0.9545,7.375,7.5,1.035,1.0
2000,5e-05,0.1,0.5,0.0,0.0,0.01,200.0,3.9395,3.8952,-0.9407,-0.9636,7.585,8.0,0.68,0.0
2000,5e-05,0.1,0.5,0.0,0.0,0.1,200.0,4.3323,4.3159,-0.98,-0.9909,8.9,9.0,0.275,0.0
2000,5e-05,0.1,0.5,0.0,0.0,0.2,200.0,4.3763,4.3916,-0.9795,-0.9818,8.985,9.0,0.27,0.0
2000,5e-05,0.1,0.5,0.0,0.01,0.0,200.0,3.9897,3.9674,-0.922,-0.9545,7.355,7.0,0.88,1.0
2000,5e-05,0.1,0.5,0.0,0.01,0.01,200.0,4.0454,4.0494,-0.939,-0.9636,7.7,8.0,0.815,1.0
2000,5e-05,0.1,0.5,0.0,0.01,0.1,200.0,4.2593,4.1824,-0.9767,-0.9818,8.785,9.0,0.25,0.0
2000,5e-05,0.1,0.5,0.0,0.01,0.2,200.0,4.358,4.307,-0.9781,-0.9909,8.845,9.0,0.24,0.0
2000,5e-05,0.1,0.5,0.0,0.1,0.0,200.0,3.8917,3.7918,-0.9252,-0.9545,7.325,7.0,1.005,1.0
2000,5e-05,0.1,0.5,0.0,0.1,0.01,200.0,3.9632,3.9308,-0.9383,-0.9636,7.475,7.0,0.75,1.0
2000,5e-05,0.1,0.5,0.0,0.1,0.1,200.0,4.3057,4.2992,-0.979,-0.9909,8.865,9.0,0.275,0.0
2000,5e-05,0.1,0.5,0.0,0.1,0.2,200.0,4.3321,4.3406,-0.9766,-0.9818,8.935,9.0,0.21,0.0
2000,5e-05,0.1,0.5,0.1,0.0,0.0,200.0,4.01,3.9213,-0.9245,-0.9545,7.385,7.0,0.965,1.0
2000,5e-05,0.1,0.5,0.1,0.0,0.01,200.0,4.1311,4.0731,-0.9391,-0.9636,7.685,8.0,0.79,1.0
2000,5e-05,0.1,0.5,0.1,0.0,0.1,200.0,4.3069,4.3716,-0.9799,-0.9909,8.975,9.0,0.27,0.0
2000,5e-05,0.1,0.5,0.1,0.0,0.2,200.0,4.2707,4.2056,-0.9794,-0.9909,8.955,9.0,0.23,0.0
2000,5e-05,0.1,0.5,0.1,0.01,0.0,200.0,3.984,3.9266,-0.927,-0.9545,7.39,7.0,0.91,1.0
2000,5e-05,0.1,0.5,0.1,0.01,0.01,200.0,4.0042,3.9826,-0.9378,-0.9545,7.56,8.0,0.785,1.0
2000,5e-05,0.1,0.5,0.1,0.01,0.1,200.0,4.2043,4.2512,-0.9765,-0.9818,8.88,9.0,0.33,0.0
2000,5e-05,0.1,0.5,0.1,0.01,0.2,200.0,4.284,4.2021,-0.9812,-0.9909,8.99,9.0,0.23,0.0
2000,5e-05,0.1,0.5,0.1,0.1,0.0,200.0,3.9178,3.9233,-0.9309,-0.9545,7.32,7.0,0.875,1.0
2000,5e-05,0.1,0.5,0.1,0.1,0.01,200.0,4.083,4.0101,-0.9431,-0.9636,7.745,8.0,0.81,1.0
2000,5e-05,0.1,0.5,0.1,0.1,0.1,200.0,4.3211,4.3403,-0.9777,-0.9909,8.81,9.0,0.29,0.0
2000,5e-05,0.1,0.5,0.1,0.1,0.2,200.0,4.4037,4.3353,-0.9756,-0.9909,8.83,9.0,0.28,0.0
2000,5e-05,0.1,0.5,0.5,0.0,0.0,200.0,3.8591,3.8844,-0.9206,-0.9591,7.44,7.0,0.9,1.0
2000,5e-05,0.1,0.5,0.5,0.0,0.01,200.0,4.0431,4.1139,-0.9339,-0.9636,7.775,8.0,0.805,1.0
2000,5e-05,0.1,0.5,0.5,0.0,0.1,200.0,4.2905,4.279,-0.9783,-0.9909,8.985,9.0,0.315,0.0
2000,5e-05,0.1,0.5,0.5,0.0,0.2,200.0,4.2159,4.151,-0.981,-0.9909,9.085,9.0,0.245,0.0
2000,5e-05,0.1,0.5,0.5,0.01,0.0,200.0,3.9384,3.9274,-0.9215,-0.9545,7.4,7.0,0.925,1.0
2000,5e-05,0.1,0.5,0.5,0.01,0.01,200.0,4.103,4.1032,-0.9341,-0.9636,7.86,8.0,0.945,1.0
2000,5e-05,0.1,0.5,0.5,0.01,0.1,200.0,4.2274,4.276,-0.9778,-0.9818,8.94,9.0,0.29,0.0
2000,5e-05,0.1,0.5,0.5,0.01,0.2,200.0,4.2877,4.2216,-0.9812,-0.9909,9.0,9.0,0.24,0.0
2000,5e-05,0.1,0.5,0.5,0.1,0.0,200.0,3.8826,3.8575,-0.9084,-0.9545,7.35,8.0,1.055,1.0
2000,5e-05,0.1,0.5,0.5,0.1,0.01,200.0,4.0474,4.0214,-0.9282,-0.9591,7.63,8.0,0.79,1.0
2000,5e-05,0.1,0.5,0.5,0.1,0.1,200.0,4.2526,4.2784,-0.9778,-0.9818,8.85,9.0,0.34,0.0
2000,5e-05,0.1,0.5,0.5,0.1,0.2,200.0,4.2595,4.2258,-0.9797,-0.9909,9.035,9.0,0.205,0.0
2000,5e-05,0.1,0.5,1.0,0.0,0.0,200.0,3.9731,3.9318,-0.9147,-0.9545,7.555,8.0,0.925,1.0
2000,5e-05,0.1,0.5,1.0,0.0,0.01,200.0,4.0452,4.0761,-0.9355,-0.9636,7.58,8.0,0.72,0.5
2000,5e-05,0.1,0.5,1.0,0.0,0.1,200.0,4.1795,4.1361,-0.9769,-0.9818,8.72,9.0,0.34,0.0
2000,5e-05,0.1,0.5,1.0,0.0,0.2,200.0,4.4388,4.3818,-0.9803,-0.9909,9.055,9.0,0.215,0.0
2000,5e-05,0.1,0.5,1.0,0.01,0.0,200.0,3.8594,3.8593,-0.9174,-0.9545,7.49,7.0,0.87,1.0
2000,5e-05,0.1,0.5,1.0,0.01,0.01,200.0,3.9771,3.9816,-0.9355,-0.9636,7.59,8.0,0.755,1.0
2000,5e-05,0.1,0.5,1.0,0.01,0.1,200.0,4.3346,4.3549,-0.9784,-0.9909,8.935,9.0,0.33,0.0
2000,5e-05,0.1,0.5,1.0,0.01,0.2,200.0,4.3356,4.2885,-0.9792,-0.9909,9.03,9.0,0.195,0.0
2000,5e-05,0.1,0.5,1.0,0.1,0.0,200.0,3.8708,3.8072,-0.9175,-0.9545,7.48,7.0,0.935,1.0
2000,5e-05,0.1,0.5,1.0,0.1,0.01,200.0,4.0529,4.0248,-0.9329,-0.9636,7.775,8.0,0.835,1.0
2000,5e-05,0.1,0.5,1.0,0.1,0.1,200.0,4.2959,4.2291,-0.9779,-0.9909,8.93,9.0,0.33,0.0
2000,5e-05,0.1,0.5,1.0,0.1,0.2,200.0,4.3452,4.3361,-0.9799,-0.9909,9.105,9.0,0.25,0.0
2000,0.0001,0.0,0.01,0.0,0.0,0.0,200.0,4.9635,4.7556,-0.8146,-0.8727,7.065,7.0,1.73,2.0
2000,0.0001,0.0,0.01,0.0,0.0,0.01,200.0,4.5489,4.3972,-0.9554,-0.9727,8.945,9.0,0.725,1.0
2000,0.0001,0.0,0.01,0.0,0.0,0.1,200.0,4.5734,4.4374,-0.9826,-0.9909,9.965,10.0,0.555,0.0
2000,0.0001,0.0,0.01,0.0,0.0,0.2,200.0,4.6608,4.5556,-0.9782,-0.9909,9.725,10.0,0.72,1.0
2000,0.0001,0.0,0.01,0.0,0.01,0.0,200.0,4.9228,4.6582,-0.8416,-0.8909,7.19,7.0,1.52,1.0
2000,0.0001,0.0,0.01,0.0,0.01,0.01,200.0,4.7689,4.569,-0.9574,-0.9727,9.0,9.0,0.82,1.0
2000,0.0001,0.0,0.01,0.0,0.01,0.1,200.0,4.5949,4.51,-0.9803,-0.9909,9.69,10.0,0.515,0.0
2000,0.0001,0.0,0.01,0.0,0.01,0.2,200.0,4.732,4.6042,-0.9754,-0.9909,9.73,10.0,0.82,1.0
2000,0.0001,0.0,0.01,0.0,0.1,0.0,200.0,4.7904,4.6386,-0.8369,-0.8909,7.275,7.0,1.455,1.0
2000,0.0001,0.0,0.01,0.0,0.1,0.01,200.0,4.6006,4.5323,-0.9597,-0.9818,9.17,9.0,0.64,0.0
2000,0.0001,0.0,0.01,0.0,0.1,0.1,200.0,4.7293,4.609,-0.9793,-0.9909,9.835,10.0,0.52,0.0
2000,0.0001,0.0,0.01,0.0,0.1,0.2,200.0,4.6752,4.5988,-0.9775,-0.9909,9.885,10.0,0.78,1.0
2000,0.0001,0.0,0.01,0.1,0.0,0.0,200.0,4.4037,4.2917,-0.8305,-0.8727,6.805,7.0,1.43,1.0
2000,0.0001,0.0,0.01,0.1,0.0,0.01,200.0,4.4619,4.3589,-0.9807,-0.9909,9.58,10.0,0.42,0.0
2000,0.0001,0.0,0.01,0.1,0.0,0.1,200.0,4.621,4.4212,-0.9817,-0.9909,9.835,10.0,0.415,0.0
2000,0.0001,0.0,0.01,0.1,0.0,0.2,200.0,4.5535,4.4425,-0.9865,-0.9909,10.145,10.0,0.5,0.0
2000,0.0001,0.0,0.01,0.1,0.01,0.0,200.0,4.3643,4.2156,-0.8132,-0.8636,6.66,7.0,1.485,1.0
2000,0.0001,0.0,0.01,0.1,0.01,0.01,200.0,4.4831,4.3689,-0.9779,-0.9909,9.255,9.0,0.41,0.0
2000,0.0001,0.0,0.01,0.1,0.01,0.1,200.0,4.6915,4.6007,-0.9851,-0.9909,9.895,10.0,0.515,0.0
2000,0.0001,0.0,0.01,0.1,0.01,0.2,200.0,4.6143,4.4742,-0.9857,-0.9909,10.115,10.0,0.515,0.0
2000,0.0001,0.0,0.01,0.1,0.1,0.0,200.0,4.3474,4.2187,-0.8403,-0.8864,6.86,7.0,1.46,1.0
2000,0.0001,0.0,0.01,0.1,0.1,0.01,200.0,4.535,4.5062,-0.9785,-0.9909,9.465,10.0,0.375,0.0
2000,0.0001,0.0,0.01,0.1,0.1,0.1,200.0,4.5515,4.5455,-0.9844,-0.9909,9.82,10.0,0.505,0.0
2000,0.0001,0.0,0.01,0.1,0.1,0.2,200.0,4.699,4.535,-0.9822,-0.9909,10.175,10.0,0.705,1.0
2000,0.0001,0.0,0.01,0.5,0.0,0.0,200.0,4.6228,4.4996,-0.875,-0.9,7.095,7.0,1.285,1.0
2000,0.0001,0.0,0.01,0.5,0.0,0.01,200.0,4.4965,4.5015,-0.982,-0.9909,9.655,10.0,0.44,0.0
2000,0.0001,0.0,0.01,0.5,0.0,0.1,200.0,4.5939,4.5837,-0.9893,-0.9909,10.135,10.0,0.355,0.0
2000,0.0001,0.0,0.01,0.5,0.0,0.2,200.0,4.7629,4.5412,-0.9857,-0.9909,10.145,10.0,0.575,0.0
2000,0.0001,0.0,0.01,0.5,0.01,0.0,200.0,4.8506,4.6154,-0.8708,-0.9,7.22,7.0,1.225,1.0
2000,0.0001,0.0,0.01,0.5,0.01,0.01,200.0,4.4943,4.4133,-0.982,-0.9909,9.605,10.0,0.345,0.0
2000,0.0001,0.0,0.01,0.5,0.01,0.1,200.0,4.5778,4.5418,-0.9891,-0.9909,10.045,10.0,0.325,0.0
2000,0.0001,0.0,0.01,0.5,0.01,0.2,200.0,4.8463,4.6546,-0.9843,-0.9909,10.21,10.0,0.545,0.0
2000,0.0001,0.0,0.01,0.5,0.1,0.0,200.0,4.5741,4.3715,-0.8712,-0.9,7.125,7.0,1.395,1.0
2000,0.0001,0.0,0.01,0.5,0.1,0.01,200.0,4.4814,4.4357,-0.9812,-0.9909,9.69,10.0,0.375,0.0
2000,0.0001,0.0,0.01,0.5,0.1,0.1,200.0,4.5991,4.5734,-0.9896,-0.9909,10.085,10.0,0.31,0.0
2000,0.0001,0.0,0.01,0.5,0.1,0.2,200.0,4.7145,4.5906,-0.986,-0.9909,10.27,10.0,0.485,0.0
2000,0.0001,0.0,0.01,1.0,0.0,0.0,200.0,4.7544,4.7248,-0.8692,-0.9,7.12,7.0,1.14,1.0
2000,0.0001,0.0,0.01,1.0,0.0,0.01,200.0,4.4958,4.4064,-0.9816,-0.9909,9.73,10.0,0.43,0.0
2000,0.0001,0.0,0.01,1.0,0.0,0.1,200.0,4.5574,4.527,-0.9895,-0.9909,10.04,10.0,0.29,0.0
2000,0.0001,0.0,0.01,1.0,0.0,0.2,200.0,4.5615,4.4522,-0.9879,-0.9909,10.165,10.0,0.385,0.0
2000,0.0001,0.0,0.01,1.0,0.01,0.0,200.0,4.7973,4.683,-0.8911,-0.9091,7.235,7.0,1.105,1.0
2000,0.0001,0.0,0.01,1.0,0.01,0.01,200.0,4.5332,4.4584,-0.9839,-0.9909,9.83,10.0,0.43,0.0
2000,0.0001,0.0,0.01,1.0,0.01,0.1,200.0,4.5667,4.5486,-0.9893,-0.9909,10.205,10.0,0.33,0.0
2000,0.0001,0.0,0.01,1.0,0.01,0.2,200.0,4.6452,4.5288,-0.99,-0.9909,10.295,10.0,0.405,0.0
2000,0.0001,0.0,0.01,1.0,0.1,0.0,200.0,4.6085,4.6422,-0.89,-0.9273,7.265,7.0,1.095,1.0
2000,0.0001,0.0,0.01,1.0,0.1,0.01,200.0,4.5244,4.4829,-0.9837,-0.9909,9.86,10.0,0.41,0.0
2000,0.0001,0.0,0.01,1.0,0.1,0.1,200.0,4.5612,4.5316,-0.989,-0.9909,10.015,10.0,0.29,0.0
2000,0.0001,0.0,0.01,1.0,0.1,0.2,200.0,4.7176,4.6235,-0.9874,-0.9909,10.23,10.0,0.495,0.0
2000,0.0001,0.0,0.1,0.0,0.0,0.0,200.0,4.3575,4.3422,-0.9087,-0.9182,7.34,7.0,0.745,1.0
2000,0.0001,0.0,0.1,0.0,0.0,0.01,200.0,4.4657,4.3584,-0.9756,-0.9909,9.445,10.0,0.41,0.0
2000,0.0001,0.0,0.1,0.0,0.0,0.1,200.0,4.5336,4.5022,-0.9862,-0.9909,9.785,10.0,0.42,0.0
2000,0.0001,0.0,0.1,0.0,0.0,0.2,200.0,4.5466,4.4938,-0.9882,-0.9909,10.01,10.0,0.425,0.0
2000,0.0001,0.0,0.1,0.0,0.01,0.0,200.0,4.3906,4.3341,-0.9127,-0.9364,7.115,7.0,0.695,1.0
2000,0.0001,0.0,0.1,0.0,0.01,0.01,200.0,4.3885,4.3107,-0.9798,-0.9909,9.385,9.0,0.325,0.0
2000,0.0001,0.0,0.1,0.0,0.01,0.1,200.0,4.4539,4.3731,-0.9864,-0.9909,9.76,10.0,0.31,0.0
2000,0.0001,0.0,0.1,0.0,0.01,0.2,200.0,4.7079,4.6123,-0.9857,-0.9909,10.21,10.0,0.56,0.0
2000,0.0001,0.0,0.1,0.0,0.1,0.0,200.0,4.5075,4.4147,-0.9156,-0.9455,7.47,8.0,0.78,1.0
2000,0.0001,0.0,0.1,0.0,0.1,0.01,200.0,4.5312,4.4018,-0.9768,-0.9818,9.28,9.0,0.455,0.0
2000,0.0001,0.0,0.1,0.0,0.1,0.1,200.0,4.4989,4.5095,-0.9872,-0.9909,9.915,10.0,0.325,0.0
2000,0.0001,0.0,0.1,0.0,0.1,0.2,200.0,4.5726,4.4727,-0.9871,-0.9909,10.12,10.0,0.505,0.0
2000,0.0001,0.0,0.1,0.1,0.0,0.0,200.0,4.4819,4.3687,-0.908,-0.9364,7.33,7.0,0.985,1.0
2000,0.0001,0.0,0.1,0.1,0.0,0.01,200.0,4.4742,4.3853,-0.978,-0.9909,9.255,9.0,0.315,0.0
2000,0.0001,0.0,0.1,0.1,0.0,0.1,200.0,4.5134,4.5033,-0.9877,-0.9909,9.92,10.0,0.32,0.0
2000,0.0001,0.0,0.1,0.1,0.0,0.2,200.0,4.5494,4.3929,-0.9873,-0.9909,10.14,10.0,0.505,0.0
2000,0.0001,0.0,0.1,0.1,0.01,0.0,200.0,4.4033,4.3544,-0.8997,-0.9273,7.265,7.0,0.735,0.0
2000,0.0001,0.0,0.1,0.1,0.01,0.01,200.0,4.4394,4.358,-0.9784,-0.9909,9.38,9.0,0.375,0.0
2000,0.0001,0.0,0.1,0.1,0.01,0.1,200.0,4.5279,4.5104,-0.9862,-0.9909,9.88,10.0,0.325,0.0
2000,0.0001,0.0,0.1,0.1,0.01,0.2,200.0,4.5815,4.4523,-0.985,-0.9909,10.005,10.0,0.48,0.0
2000,0.0001,0.0,0.1,0.1,0.1,0.0,200.0,4.389,4.4071,-0.9042,-0.9273,7.3,7.0,0.795,1.0
2000,0.0001,0.0,0.1,0.1,0.1,0.01,200.0,4.4615,4.404,-0.9771,-0.9818,9.215,9.0,0.37,0.0
2000,0.0001,0.0,0.1,0.1,0.1,0.1,200.0,4.5106,4.4901,-0.9881,-0.9909,9.88,10.0,0.34,0.0
2000,0.0001,0.0,0.1,0.1,0.1,0.2,200.0,4.6857,4.5926,-0.9863,-0.9909,10.125,10.0,0.41,0.0
2000,0.0001,0.0,0.1,0.5,0.0,0.0,200.0,4.385,4.2485,-0.8984,-0.9273,7.28,7.0,0.725,0.0
2000,0.0001,0.0,0.1,0.5,0.0,0.01,200.0,4.368,4.3303,-0.979,-0.9909,9.24,9.0,0.24,0.0
2000,0.0001,0.0,0.1,0.5,0.0,0.1,200.0,4.5111,4.5181,-0.9873,-0.9909,9.905,10.0,0.27,0.0
2000,0.0001,0.0,0.1,0.5,0.0,0.2,200.0,4.6331,4.4535,-0.9878,-0.9909,10.225,10.0,0.345,0.0
2000,0.0001,0.0,0.1,0.5,0.01,0.0,200.0,4.4966,4.3449,-0.9204,-0.9455,7.24,7.0,0.725,1.0
2000,0.0001,0.0,0.1,0.5,0.01,0.01,200.0,4.406,4.3437,-0.9777,-0.9818,9.095,9.0,0.385,0.0
2000,0.0001,0.0,0.1,0.5,0.01,0.1,200.0,4.5208,4.5137,-0.9874,-0.9909,9.99,10.0,0.31,0.0
2000,0.0001,0.0,0.1,0.5,0.01,0.2,200.0,4.6864,4.571,-0.9898,-0.9909,10.265,10.0,0.47,0.0
2000,0.0001,0.0,0.1,0.5,0.1,0.0,200.0,4.5349,4.3684,-0.9128,-0.9455,7.32,7.0,0.655,0.0
2000,0.0001,0.0,0.1,0.5,0.1,0.01,200.0,4.4397,4.3815,-0.9788,-0.9909,9.33,9.0,0.33,0.0
2000,0.0001,0.0,0.1,0.5,0.1,0.1,200.0,4.5068,4.4874,-0.9882,-0.9909,9.895,10.0,0.285,0.0
2000,0.0001,0.0,0.1,0.5,0.1,0.2,200.0,4.6094,4.4407,-0.9882,-0.9909,10.175,10.0,0.415,0.0
2000,0.0001,0.0,0.1,1.0,0.0,0.0,200.0,4.5557,4.4551,-0.9332,-0.9545,7.645,8.0,0.62,0.0
2000,0.0001,0.0,0.1,1.0,0.0,0.01,200.0,4.3923,4.3568,-0.9851,-0.9909,9.64,10.0,0.335,0.0
2000,0.0001,0.0,0.1,1.0,0.0,0.1,200.0,4.5334,4.5078,-0.9867,-0.9909,9.965,10.0,0.325,0.0
2000,0.0001,0.0,0.1,1.0,0.0,0.2,200.0,4.6861,4.5924,-0.9899,-0.9909,10.21,10.0,0.5,0.0
2000,0.0001,0.0,0.1,1.0,0.01,0.0,200.0,4.5043,4.419,-0.9175,-0.9455,7.535,8.0,0.755,0.0
2000,0.0001,0.0,0.1,1.0,0.01,0.01,200.0,4.4,4.3532,-0.9766,-0.9864,9.33,9.5,0.4,0.0
2000,0.0001,0.0,0.1,1.0,0.01,0.1,200.0,4.5411,4.5424,-0.988,-0.9909,10.075,10.0,0.34,0.0
2000,0.0001,0.0,0.1,1.0,0.01,0.2,200.0,4.74,4.672,-0.9894,-0.9909,10.35,11.0,0.405,0.0
2000,0.0001,0.0,0.1,1.0,0.1,0.0,200.0,4.5993,4.5499,-0.9273,-0.9545,7.785,8.0,0.695,0.5
2000,0.0001,0.0,0.1,1.0,0.1,0.01,200.0,4.4284,4.3611,-0.979,-0.9909,9.415,10.0,0.4,0.0
2000,0.0001,0.0,0.1,1.0,0.1,0.1,200.0,4.5554,4.5586,-0.987,-0.9909,9.975,10.0,0.33,0.0
2000,0.0001,0.0,0.1,1.0,0.1,0.2,200.0,4.5806,4.5036,-0.9895,-0.9909,10.14,10.0,0.51,0.0
2000,0.0001,0.0,0.5,0.0,0.0,0.0,200.0,4.383,4.2562,-0.9669,-0.9818,8.595,9.0,0.315,0.0
2000,0.0001,0.0,0.5,0.0,0.0,0.01,200.0,4.3799,4.3341,-0.9798,-0.9909,9.15,9.0,0.215,0.0
2000,0.0001,0.0,0.5,0.0,0.0,0.1,200.0,4.5451,4.4929,-0.9915,-0.9909,10.31,10.0,0.455,0.0
2000,0.0001,0.0,0.5,0.0,0.0,0.2,200.0,4.5922,4.5378,-0.9921,-0.9909,10.41,11.0,0.425,0.0
2000,0.0001,0.0,0.5,0.0,0.01,0.0,200.0,4.4468,4.3431,-0.9684,-0.9818,8.69,9.0,0.255,0.0
2000,0.0001,0.0,0.5,0.0,0.01,0.01,200.0,4.3535,4.3839,-0.9725,-0.9818,8.925,9.0,0.355,0.0
2000,0.0001,0.0,0.5,0.0,0.01,0.1,200.0,4.5343,4.5121,-0.9914,-0.9909,10.165,10.0,0.35,0.0
2000,0.0001,0.0,0.5,0.0,0.01,0.2,200.0,4.5686,4.4169,-0.9935,-1.0,10.465,11.0,0.34,0.0
2000,0.0001,0.0,0.5,0.0,0.1,0.0,200.0,4.3857,4.3019,-0.9658,-0.9818,8.54,8.5,0.285,0.0
2000,0.0001,0.0,0.5,0.0,0.1,0.01,200.0,4.4092,4.2345,-0.966,-0.9818,8.83,9.0,0.335,0.0
2000,0.0001,0.0,0.5,0.0,0.1,0.1,200.0,4.5155,4.5086,-0.9918,-0.9909,10.145,10.0,0.4,0.0
2000,0.0001,0.0,0.5,0.0,0.1,0.2,200.0,4.6449,4.5853,-0.9916,-0.9909,10.445,11.0,0.455,0.0
2000,0.0001,0.0,0.5,0.1,0.0,0.0,200.0,4.4817,4.367,-0.9689,-0.9818,8.53,9.0,0.33,0.0
2000,0.0001,0.0,0.5,0.1,0.0,0.01,200.0,4.4013,4.3693,-0.9764,-0.9818,9.04,9.0,0.315,0.0
2000,0.0001,0.0,0.5,0.1,0.0,0.1,200.0,4.5476,4.4651,-0.9909,-0.9909,10.285,10.0,0.4,0.0
2000,0.0001,0.0,0.5,0.1,0.0,0.2,200.0,4.5901,4.525,-0.9928,-0.9909,10.49,11.0,0.425,0.0
2000,0.0001,0.0,0.5,0.1,0.01,0.0,200.0,4.3176,4.2845,-0.972,-0.9818,8.755,9.0,0.305,0.0
2000,0.0001,0.0,0.5,0.1,0.01,0.01,200.0,4.4356,4.3889,-0.9755,-0.9818,8.995,9.0,0.275,0.0
2000,0.0001,0.0,0.5,0.1,0.01,0.1,200.0,4.5429,4.5194,-0.9918,-0.9909,10.225,10.0,0.36,0.0
2000,0.0001,0.0,0.5,0.1,0.01,0.2,200.0,4.5551,4.4642,-0.9908,-0.9909,10.39,11.0,0.465,0.0
2000,0.0001,0.0,0.5,0.1,0.1,0.0,200.0,4.3194,4.2651,-0.9714,-0.9818,8.725,9.0,0.255,0.0
2000,0.0001,0.0,0.5,0.1,0.1,0.01,200.0,4.2752,4.308,-0.9769,-0.9909,8.885,9.0,0.25,0.0
2000,0.0001,0.0,0.5,0.1,0.1,0.1,200.0,4.5471,4.5178,-0.9917,-0.9909,10.3,10.0,0.425,0.0
2000,0.0001,0.0,0.5,0.1,0.1,0.2,200.0,4.613,4.4825,-0.993,-0.9955,10.55,11.0,0.41,0.0
2000,0.0001,0.0,0.5,0.5,0.0,0.0,200.0,4.4245,4.2921,-0.9652,-0.9818,8.585,9.0,0.355,0.0
2000,0.0001,0.0,0.5,0.5,0.0,0.01,200.0,4.4238,4.3417,-0.9734,-0.9818,9.03,9.0,0.3,0.0
2000,0.0001,0.0,0.5,0.5,0.0,0.1,200.0,4.5223,4.5028,-0.9915,-0.9909,10.31,11.0,0.3,0.0
2000,0.0001,0.0,0.5,0.5,0.0,0.2,200.0,4.6548,4.6164,-0.9923,-0.9909,10.45,11.0,0.425,0.0
2000,0.0001,0.0,0.5,0.5,0.01,0.0,200.0,4.4419,4.3413,-0.9678,-0.9818,8.715,9.0,0.305,0.0
2000,0.0001,0.0,0.5,0.5,0.01,0.01,200.0,4.3582,4.3024,-0.9723,-0.9818,8.79,9.0,0.29,0.0
2000,0.0001,0.0,0.5,0.5,0.01,0.1,200.0,4.5608,4.5303,-0.9922,-0.9909,10.235,10.0,0.33,0.0
2000,0.0001,0.0,0.5,0.5,0.01,0.2,200.0,4.6445,4.5764,-0.993,-1.0,10.52,11.0,0.445,0.0
2000,0.0001,0.0,0.5,0.5,0.1,0.0,200.0,4.4098,4.346,-0.9662,-0.9818,8.715,9.0,0.355,0.0
2000,0.0001,0.0,0.5,0.5,0.1,0.01,200.0,4.4453,4.4199,-0.976,-0.9818,8.87,9.0,0.27,0.0
2000,0.0001,0.0,0.5,0.5,0.1,0.1,200.0,4.5392,4.5157,-0.9915,-0.9909,10.295,10.0,0.35,0.0
2000,0.0001,0.0,0.5,0.5,0.1,0.2,200.0,4.6466,4.575,-0.9925,-0.9909,10.495,11.0,0.44,0.0
2000,0.0001,0.0,0.5,1.0,0.0,0.0,200.0,4.5032,4.3687,-0.9717,-0.9818,8.72,9.0,0.275,0.0
2000,0.0001,0.0,0.5,1.0,0.0,0.01,200.0,4.4415,4.4133,-0.9729,-0.9818,8.975,9.0,0.315,0.0
2000,0.0001,0.0,0.5,1.0,0.0,0.1,200.0,4.514,4.4584,-0.9906,-0.9909,10.2,10.0,0.4,0.0
2000,0.0001,0.0,0.5,1.0,0.0,0.2,200.0,4.6405,4.604,-0.9908,-0.9909,10.44,11.0,0.48,0.0
2000,0.0001,0.0,0.5,1.0,0.01,0.0,200.0,4.3115,4.2936,-0.9692,-0.9818,8.85,9.0,0.4,0.0
2000,0.0001,0.0,0.5,1.0,0.01,0.01,200.0,4.3969,4.3903,-0.9748,-0.9864,8.78,9.0,0.36,0.0
2000,0.0001,0.0,0.5,1.0,0.01,0.1,200.0,4.5092,4.4475,-0.9925,-1.0,10.295,11.0,0.275,0.0
2000,0.0001,0.0,0.5,1.0,0.01,0.2,200.0,4.7646,4.6081,-0.9928,-1.0,10.545,11.0,0.42,0.0
2000,0.0001,0.0,0.5,1.0,0.1,0.0,200.0,4.5127,4.4127,-0.9653,-0.9818,8.705,9.0,0.305,0.0
2000,0.0001,0.0,0.5,1.0,0.1,0.01,200.0,4.4441,4.3914,-0.9712,-0.9818,8.915,9.0,0.37,0.0
2000,0.0001,0.0,0.5,1.0,0.1,0.1,200.0,4.5374,4.4998,-0.9915,-1.0,10.305,10.0,0.335,0.0
2000,0.0001,0.0,0.5,1.0,0.1,0.2,200.0,4.6058,4.4628,-0.9926,-0.9909,10.47,11.0,0.405,0.0
2000,0.0001,0.01,0.01,0.0,0.0,0.0,200.0,4.2467,4.131,-0.8484,-0.8727,5.805,6.0,0.855,1.0
2000,0.0001,0.01,0.01,0.0,0.0,0.01,200.0,4.4991,4.491,-0.9195,-0.9455,6.915,7.0,0.38,0.0
2000,0.0001,0.01,0.01,0.0,0.0,0.1,200.0,4.5369,4.4634,-0.9543,-0.9727,8.375,8.0,0.44,0.0
2000,0.0001,0.01,0.01,0.0,0.0,0.2,200.0,4.8701,4.7018,-0.9239,-0.9545,8.135,8.0,1.025,1.0
2000,0.0001,0.01,0.01,0.0,0.01,0.0,200.0,4.1756,4.1614,-0.8463,-0.8909,5.905,6.0,0.865,1.0
2000,0.0001,0.01,0.01,0.0,0.01,0.01,200.0,4.3627,4.2445,-0.9195,-0.9545,7.07,7.0,0.485,0.0
2000,0.0001,0.01,0.01,0.0,0.01,0.1,200.0,4.5286,4.5335,-0.9515,-0.9636,8.245,8.0,0.495,0.0
2000,0.0001,0.01,0.01,0.0,0.01,0.2,200.0,4.641,4.5142,-0.9346,-0.9545,8.285,9.0,0.95,1.0
2000,0.0001,0.01,0.01,0.0,0.1,0.0,200.0,4.2329,4.0953,-0.8509,-0.8727,5.81,6.0,0.785,1.0
2000,0.0001,0.01,0.01,0.0,0.1,0.01,200.0,4.1731,4.1694,-0.9178,-0.9455,6.725,7.0,0.38,0.0
2000,0.0001,0.01,0.01,0.0,0.1,0.1,200.0,4.5235,4.4935,-0.9535,-0.9636,8.435,9.0,0.475,0.0
2000,0.0001,0.01,0.01,0.0,0.1,0.2,200.0,4.7656,4.5761,-0.9259,-0.9636,8.33,9.0,1.1,1.0
2000,0.0001,0.01,0.01,0.1,0.0,0.0,200.0,4.1932,4.128,-0.8769,-0.9,6.2,6.0,0.615,0.0
2000,0.0001,0.01,0.01,0.1,0.0,0.01,200.0,4.2932,4.3274,-0.9301,-0.9545,7.35,7.0,0.325,0.0
2000,0.0001,0.01,0.01,0.1,0.0,0.1,200.0,4.5257,4.4812,-0.959,-0.9727,8.36,9.0,0.355,0.0
2000,0.0001,0.01,0.01,0.1,0.0,0.2,200.0,5.3956,5.4016,-0.8182,-0.8364,7.39,7.0,2.135,2.0
2000,0.0001,0.01,0.01,0.1,0.01,0.0,200.0,4.1719,4.0886,-0.8607,-0.8909,6.12,6.0,0.725,0.0
2000,0.0001,0.01,0.01,0.1,0.01,0.01,200.0,4.4009,4.3153,-0.9295,-0.95,7.13,7.0,0.3,0.0
2000,0.0001,0.01,0.01,0.1,0.01,0.1,200.0,4.5423,4.4899,-0.9512,-0.9636,8.495,8.0,0.52,0.0
2000,0.0001,0.01,0.01,0.1,0.01,0.2,200.0,5.1698,4.988,-0.8274,-0.8636,7.36,7.0,2.085,2.0
2000,0.0001,0.01,0.01,0.1,0.1,0.0,200.0,4.2507,4.2174,-0.8824,-0.9,6.215,6.0,0.69,1.0
2000,0.0001,0.01,0.01,0.1,0.1,0.01,200.0,4.3239,4.2381,-0.9274,-0.9545,7.215,7.0,0.29,0.0
2000,0.0001,0.01,0.01,0.1,0.1,0.1,200.0,4.548,4.5585,-0.9515,-0.9636,8.33,8.0,0.485,0.0
2000,0.0001,0.01,0.01,0.1,0.1,0.2,200.0,4.7707,4.6812,-0.9188,-0.9545,8.34,9.0,1.045,1.0
2000,0.0001,0.01,0.01,0.5,0.0,0.0,200.0,4.2371,4.1954,-0.8818,-0.9,6.44,6.0,0.59,0.0
2000,0.0001,0.01,0.01,0.5,0.0,0.01,200.0,4.4141,4.3804,-0.9367,-0.9545,7.525,8.0,0.3,0.0
2000,0.0001,0.01,0.01,0.5,0.0,0.1,200.0,4.505,4.4614,-0.9658,-0.9818,8.74,9.0,0.385,0.0
2000,0.0001,0.01,0.01,0.5,0.0,0.2,200.0,4.9104,4.6203,-0.8765,-0.9273,7.79,8.0,1.585,1.0
2000,0.0001,0.01,0.01,0.5,0.01,0.0,200.0,4.2665,4.1497,-0.884,-0.9045,6.36,6.0,0.57,0.0
2000,0.0001,0.01,0.01,0.5,0.01,0.01,200.0,4.4163,4.3419,-0.9381,-0.9545,7.34,7.0,0.34,0.0
2000,0.0001,0.01,0.01,0.5,0.01,0.1,200.0,4.4873,4.436,-0.9663,-0.9818,8.665,9.0,0.36,0.0
2000,0.0001,0.01,0.01,0.5,0.01,0.2,200.0,4.5494,4.4664,-0.9496,-0.9727,8.75,9.0,0.805,0.0
2000,0.0001,0.01,0.01,0.5,0.1,0.0,200.0,4.2952,4.1194,-0.8879,-0.9182,6.355,6.0,0.55,0.0
2000,0.0001,0.01,0.01,0.5,0.1,0.01,200.0,4.4109,4.3493,-0.938,-0.9545,7.375,7.5,0.275,0.0
2000,0.0001,0.01,0.01,0.5,0.1,0.1,200.0,4.4583,4.4474,-0.9653,-0.9818,8.595,9.0,0.39,0.0
2000,0.0001,0.01,0.01,0.5,0.1,0.2,200.0,4.7536,4.5775,-0.9443,-0.9727,8.695,9.0,0.74,0.0
2000,0.0001,0.01,0.01,1.0,0.0,0.0,200.0,4.2288,4.1549,-0.8894,-0.9,6.43,6.5,0.56,0.0
2000,0.0001,0.01,0.01,1.0,0.0,0.01,200.0,4.3846,4.3936,-0.9322,-0.9545,7.395,7.0,0.335,0.0
2000,0.0001,0.01,0.01,1.0,0.0,0.1,200.0,4.4306,4.391,-0.974,-0.9818,8.825,9.0,0.205,0.0
2000,0.0001,0.01,0.01,1.0,0.0,0.2,200.0,4.7249,4.574,-0.9338,-0.9636,8.25,8.0,0.82,0.0
2000,0.0001,0.01,0.01,1.0,0.01,0.0,200.0,4.2263,4.1348,-0.8924,-0.9091,6.64,7.0,0.585,0.0
2000,0.0001,0.01,0.01,1.0,0.01,0.01,200.0,4.3433,4.2458,-0.9427,-0.9545,7.425,7.0,0.325,0.0
2000,0.0001,0.01,0.01,1.0,0.01,0.1,200.0,4.4721,4.449,-0.9725,-0.9818,8.935,9.0,0.31,0.0
2000,0.0001,0.01,0.01,1.0,0.01,0.2,200.0,4.6874,4.5596,-0.9376,-0.9636,8.225,8.0,0.685,0.0
2000,0.0001,0.01,0.01,1.0,0.1,0.0,200.0,4.2922,4.2521,-0.8857,-0.9091,6.37,6.0,0.6,0.0
2000,0.0001,0.01,0.01,1.0,0.1,0.01,200.0,4.5158,4.4529,-0.9358,-0.9545,7.48,7.5,0.32,0.0
2000,0.0001,0.01,0.01,1.0,0.1,0.1,200.0,4.463,4.4388,-0.9741,-0.9818,8.855,9.0,0.205,0.0
2000,0.0001,0.01,0.01,1.0,0.1,0.2,200.0,4.7089,4.5647,-0.9466,-0.9636,8.21,8.0,0.635,0.0
2000,0.0001,0.01,0.1,0.0,0.0,0.0,200.0,4.3693,4.2613,-0.8994,-0.9136,6.305,6.0,0.33,0.0
2000,0.0001,0.01,0.1,0.0,0.0,0.01,200.0,4.5304,4.4499,-0.9371,-0.9545,7.455,8.0,0.33,0.0
2000,0.0001,0.01,0.1,0.0,0.0,0.1,200.0,4.4278,4.4031,-0.9686,-0.9818,8.705,9.0,0.24,0.0
2000,0.0001,0.01,0.1,0.0,0.0,0.2,200.0,4.7476,4.6275,-0.9276,-0.9545,8.22,8.0,0.885,1.0
2000,0.0001,0.01,0.1,0.0,0.01,0.0,200.0,4.4692,4.3852,-0.8975,-0.9136,6.38,6.0,0.57,0.0
2000,0.0001,0.01,0.1,0.0,0.01,0.01,200.0,4.4736,4.3976,-0.9402,-0.9545,7.41,8.0,0.32,0.0
2000,0.0001,0.01,0.1,0.0,0.01,0.1,200.0,4.4823,4.4285,-0.9665,-0.9818,8.6,9.0,0.3,0.0
2000,0.0001,0.01,0.1,0.0,0.01,0.2,200.0,4.6687,4.573,-0.9364,-0.9636,8.2,8.0,0.805,1.0
2000,0.0001,0.01,0.1,0.0,0.1,0.0,200.0,4.2765,4.2376,-0.8854,-0.9091,6.395,6.0,0.525,0.0
2000,0.0001,0.01,0.1,0.0,0.1,0.01,200.0,4.3309,4.3166,-0.9283,-0.9545,7.05,7.0,0.385,0.0
2000,0.0001,0.01,0.1,0.0,0.1,0.1,200.0,4.4938,4.4614,-0.97,-0.9818,8.61,9.0,0.305,0.0
2000,0.0001,0.01,0.1,0.0,0.1,0.2,200.0,4.658,4.5443,-0.942,-0.9636,8.345,8.0,0.74,1.0
2000,0.0001,0.01,0.1,0.1,0.0,0.0,200.0,4.4536,4.4225,-0.8998,-0.9273,6.475,6.0,0.485,0.0
2000,0.0001,0.01,0.1,0.1,0.0,0.01,200.0,4.3209,4.2383,-0.9345,-0.9545,7.43,7.0,0.305,0.0
2000,0.0001,0.01,0.1,0.1,0.0,0.1,200.0,4.5042,4.4589,-0.9673,-0.9818,8.615,9.0,0.26,0.0
2000,0.0001,0.01,0.1,0.1,0.0,0.2,200.0,4.6456,4.5524,-0.9391,-0.9727,8.405,9.0,0.77,1.0
2000,0.0001,0.01,0.1,0.1,0.01,0.0,200.0,4.4076,4.3948,-0.9046,-0.9273,6.455,7.0,0.425,0.0
2000,0.0001,0.01,0.1,0.1,0.01,0.01,200.0,4.3557,4.2567,-0.9387,-0.9545,7.335,7.0,0.325,0.0
2000,0.0001,0.01,0.1,0.1,0.01,0.1,200.0,4.4562,4.4028,-0.9716,-0.9818,8.72,9.0,0.28,0.0
2000,0.0001,0.01,0.1,0.1,0.01,0.2,200.0,4.6616,4.58,-0.9255,-0.9545,8.07,8.0,0.85,1.0
2000,0.0001,0.01,0.1,0.1,0.1,0.0,200.0,4.2453,4.2116,-0.8865,-0.9,6.275,6.0,0.535,0.0
2000,0.0001,0.01,0.1,0.1,0.1,0.01,200.0,4.4107,4.3544,-0.9335,-0.9545,7.35,7.0,0.355,0.0
2000,0.0001,0.01,0.1,0.1,0.1,0.1,200.0,4.5053,4.418,-0.9683,-0.9818,8.615,9.0,0.29,0.0
2000,0.0001,0.01,0.1,0.1,0.1,0.2,200.0,4.776,4.6388,-0.9024,-0.9273,7.665,8.0,1.095,1.0
2000,0.0001,0.01,0.1,0.5,0.0,0.0,200.0,4.3047,4.1886,-0.8995,-0.9182,6.565,7.0,0.545,0.0
2000,0.0001,0.01,0.1,0.5,0.0,0.01,200.0,4.3126,4.3664,-0.9367,-0.9545,7.655,8.0,0.305,0.0
2000,0.0001,0.01,0.1,0.5,0.0,0.1,200.0,4.4779,4.4098,-0.9721,-0.9818,8.79,9.0,0.27,0.0
2000,0.0001,0.01,0.1,0.5,0.0,0.2,200.0,4.5246,4.4991,-0.9714,-0.9818,9.005,9.0,0.34,0.0
2000,0.0001,0.01,0.1,0.5,0.01,0.0,200.0,4.4138,4.2851,-0.8999,-0.9182,6.49,7.0,0.485,0.0
2000,0.0001,0.01,0.1,0.5,0.01,0.01,200.0,4.2641,4.2873,-0.9407,-0.9545,7.475,7.0,0.335,0.0
2000,0.0001,0.01,0.1,0.5,0.01,0.1,200.0,4.4601,4.4294,-0.9739,-0.9818,8.855,9.0,0.28,0.0
2000,0.0001,0.01,0.1,0.5,0.01,0.2,200.0,4.5536,4.5158,-0.97,-0.9818,9.015,9.0,0.3,0.0
2000,0.0001,0.01,0.1,0.5,0.1,0.0,200.0,4.3551,4.2358,-0.9004,-0.9273,6.485,7.0,0.52,0.0
2000,0.0001,0.01,0.1,0.5,0.1,0.01,200.0,4.2696,4.2854,-0.9406,-0.9545,7.445,7.0,0.29,0.0
2000,0.0001,0.01,0.1,0.5,0.1,0.1,200.0,4.4439,4.4333,-0.9709,-0.9818,8.78,9.0,0.305,0.0
2000,0.0001,0.01,0.1,0.5,0.1,0.2,200.0,4.5178,4.4872,-0.9746,-0.9864,9.05,9.0,0.305,0.0
2000,0.0001,0.01,0.1,1.0,0.0,0.0,200.0,4.3693,4.266,-0.9121,-0.9455,6.6,7.0,0.405,0.0
2000,0.0001,0.01,0.1,1.0,0.0,0.01,200.0,4.2671,4.203,-0.9457,-0.9636,7.57,8.0,0.3,0.0
2000,0.0001,0.01,0.1,1.0,0.0,0.1,200.0,4.4263,4.4016,-0.9715,-0.9818,8.82,9.0,0.27,0.0
2000,0.0001,0.01,0.1,1.0,0.0,0.2,200.0,4.5533,4.5225,-0.9757,-0.9909,9.185,9.0,0.26,0.0
2000,0.0001,0.01,0.1,1.0,0.01,0.0,200.0,4.2845,4.2945,-0.9069,-0.9273,6.625,7.0,0.54,0.0
2000,0.0001,0.01,0.1,1.0,0.01,0.01,200.0,4.4046,4.3554,-0.9432,-0.9545,7.58,8.0,0.305,0.0
2000,0.0001,0.01,0.1,1.0,0.01,0.1,200.0,4.4107,4.403,-0.9737,-0.9818,8.92,9.0,0.23,0.0
2000,0.0001,0.01,0.1,1.0,0.01,0.2,200.0,4.5842,4.5551,-0.9749,-0.9909,9.26,9.0,0.39,0.0
2000,0.0001,0.01,0.1,1.0,0.1,0.0,200.0,4.3269,4.3042,-0.9005,-0.9273,6.625,7.0,0.5,0.0
2000,0.0001,0.01,0.1,1.0,0.1,0.01,200.0,4.4499,4.3428,-0.947,-0.9636,7.76,8.0,0.295,0.0
2000,0.0001,0.01,0.1,1.0,0.1,0.1,200.0,4.5592,4.4489,-0.9719,-0.9818,8.915,9.0,0.27,0.0
2000,0.0001,0.01,0.1,1.0,0.1,0.2,200.0,4.5367,4.5162,-0.9745,-0.9909,9.095,9.0,0.295,0.0
2000,0.0001,0.01,0.5,0.0,0.0,0.0,200.0,4.2718,4.2022,-0.9198,-0.9455,7.095,7.0,0.53,0.0
2000,0.0001,0.01,0.5,0.0,0.0,0.01,200.0,4.3308,4.2452,-0.9465,-0.9545,7.445,7.0,0.32,0.0
2000,0.0001,0.01,0.5,0.0,0.0,0.1,200.0,4.4487,4.4156,-0.9796,-0.9909,9.16,9.0,0.28,0.0
2000,0.0001,0.01,0.5,0.0,0.0,0.2,200.0,4.5143,4.4952,-0.9849,-0.9909,9.515,10.0,0.245,0.0
2000,0.0001,0.01,0.5,0.0,0.01,0.0,200.0,4.364,4.3381,-0.9154,-0.9273,7.05,7.0,0.495,0.0
2000,0.0001,0.01,0.5,0.0,0.01,0.01,200.0,4.2799,4.3471,-0.9401,-0.9545,7.6,8.0,0.415,0.0
2000,0.0001,0.01,0.5,0.0,0.01,0.1,200.0,4.5457,4.4692,-0.9817,-0.9909,9.18,9.0,0.235,0.0
2000,0.0001,0.01,0.5,0.0,0.01,0.2,200.0,4.4236,4.2964,-0.9859,-0.9909,9.56,10.0,0.23,0.0
2000,0.0001,0.01,0.5,0.0,0.1,0.0,200.0,4.3294,4.2397,-0.9192,-0.9273,7.035,7.0,0.45,0.0
2000,0.0001,0.01,0.5,0.0,0.1,0.01,200.0,4.3243,4.2862,-0.9452,-0.9636,7.63,8.0,0.36,0.0
2000,0.0001,0.01,0.5,0.0,0.1,0.1,200.0,4.402,4.3861,-0.9795,-0.9909,9.05,9.0,0.3,0.0
2000,0.0001,0.01,0.5,0.0,0.1,0.2,200.0,4.4811,4.4373,-0.984,-0.9909,9.53,10.0,0.255,0.0
2000,0.0001,0.01,0.5,0.1,0.0,0.0,200.0,4.3041,4.3078,-0.9189,-0.9455,7.1,7.0,0.565,0.0
2000,0.0001,0.01,0.5,0.1,0.0,0.01,200.0,4.3068,4.2414,-0.9355,-0.9545,7.565,8.0,0.385,0.0
2000,0.0001,0.01,0.5,0.1,0.0,0.1,200.0,4.4014,4.3887,-0.9803,-0.9909,9.19,9.0,0.26,0.0
2000,0.0001,0.01,0.5,0.1,0.0,0.2,200.0,4.5011,4.492,-0.9837,-0.9909,9.51,10.0,0.25,0.0
2000,0.0001,0.01,0.5,0.1,0.01,0.0,200.0,4.3283,4.345,-0.9254,-0.9455,7.17,7.0,0.45,0.0
2000,0.0001,0.01,0.5,0.1,0.01,0.01,200.0,4.4033,4.3764,-0.9473,-0.9636,7.705,8.0,0.36,0.0
2000,0.0001,0.01,0.5,0.1,0.01,0.1,200.0,4.2403,4.2788,-0.98,-0.9909,9.22,9.0,0.19,0.0
2000,0.0001,0.01,0.5,0.1,0.01,0.2,200.0,4.4553,4.4462,-0.9838,-0.9909,9.475,10.0,0.25,0.0
2000,0.0001,0.01,0.5,0.1,0.1,0.0,200.0,4.3075,4.3238,-0.9126,-0.9409,7.04,7.0,0.495,0.0
2000,0.0001,0.01,0.5,0.1,0.1,0.01,200.0,4.3235,4.3173,-0.9512,-0.9636,7.65,8.0,0.36,0.0
2000,0.0001,0.01,0.5,0.1,0.1,0.1,200.0,4.4407,4.4293,-0.9825,-0.9909,9.115,9.0,0.22,0.0
2000,0.0001,0.01,0.5,0.1,0.1,0.2,200.0,4.4702,4.4302,-0.9855,-0.9909,9.655,10.0,0.275,0.0
2000,0.0001,0.01,0.5,0.5,0.0,0.0,200.0,4.3394,4.3947,-0.9272,-0.9545,7.305,8.0,0.5,0.0
2000,0.0001,0.01,0.5,0.5,0.0,0.01,200.0,4.2775,4.2258,-0.9501,-0.9636,7.67,8.0,0.335,0.0
2000,0.0001,0.01,0.5,0.5,0.0,0.1,200.0,4.4789,4.4087,-0.9807,-0.9909,9.205,9.0,0.235,0.0
2000,0.0001,0.01,0.5,0.5,0.0,0.2,200.0,4.4983,4.3885,-0.9858,-0.9909,9.595,10.0,0.19,0.0
2000,0.0001,0.01,0.5,0.5,0.01,0.0,200.0,4.3469,4.2532,-0.9182,-0.9409,7.0,7.0,0.525,0.0
2000,0.0001,0.01,0.5,0.5,0.01,0.01,200.0,4.3656,4.3528,-0.9395,-0.9636,7.735,8.0,0.46,0.0
2000,0.0001,0.01,0.5,0.5,0.01,0.1,200.0,4.4484,4.4435,-0.9767,-0.9909,9.2,9.0,0.305,0.0
2000,0.0001,0.01,0.5,0.5,0.01,0.2,200.0,4.3651,4.4302,-0.9872,-0.9909,9.61,10.0,0.19,0.0
2000,0.0001,0.01,0.5,0.5,0.1,0.0,200.0,4.405,4.364,-0.9234,-0.9455,7.235,7.0,0.47,0.0
2000,0.0001,0.01,0.5,0.5,0.1,0.01,200.0,4.2123,4.3054,-0.9464,-0.9545,7.765,8.0,0.35,0.0
2000,0.0001,0.01,0.5,0.5,0.1,0.1,200.0,4.4096,4.3191,-0.9797,-0.9818,9.215,9.0,0.295,0.0
2000,0.0001,0.01,0.5,0.5,0.1,0.2,200.0,4.4607,4.4312,-0.9842,-0.9909,9.505,10.0,0.195,0.0
2000,0.0001,0.01,0.5,1.0,0.0,0.0,200.0,4.302,4.2417,-0.9249,-0.9455,7.215,7.0,0.5,0.0
2000,0.0001,0.01,0.5,1.0,0.0,0.01,200.0,4.3732,4.3538,-0.9455,-0.9545,7.73,8.0,0.38,0.0
2000,0.0001,0.01,0.5,1.0,0.0,0.1,200.0,4.4637,4.435,-0.982,-0.9909,9.285,10.0,0.185,0.0
2000,0.0001,0.01,0.5,1.0,0.0,0.2,200.0,4.4673,4.4562,-0.9841,-0.9909,9.385,9.0,0.2,0.0
2000,0.0001,0.01,0.5,1.0,0.01,0.0,200.0,4.4001,4.3531,-0.9291,-0.9545,7.255,7.0,0.43,0.0
2000,0.0001,0.01,0.5,1.0,0.01,0.01,200.0,4.4282,4.3991,-0.9468,-0.9636,7.77,8.0,0.335,0.0
2000,0.0001,0.01,0.5,1.0,0.01,0.1,200.0,4.4048,4.396,-0.9814,-0.9909,9.19,9.0,0.25,0.0
2000,0.0001,0.01,0.5,1.0,0.01,0.2,200.0,4.4232,4.3699,-0.9835,-0.9909,9.585,10.0,0.225,0.0
2000,0.0001,0.01,0.5,1.0,0.1,0.0,200.0,4.3797,4.3217,-0.9311,-0.9455,7.33,7.0,0.535,0.0
2000,0.0001,0.01,0.5,1.0,0.1,0.01,200.0,4.2706,4.3362,-0.941,-0.9545,7.59,8.0,0.41,0.0
2000,0.0001,0.01,0.5,1.0,0.1,0.1,200.0,4.4182,4.4103,-0.9815,-0.9909,9.185,9.0,0.18,0.0
2000,0.0001,0.01,0.5,1.0,0.1,0.2,200.0,4.46,4.4457,-0.9841,-0.9909,9.63,10.0,0.275,0.0
2000,0.0001,0.1,0.01,0.0,0.0,0.0,200.0,3.3294,3.3775,-0.8701,-0.9318,6.71,7.0,1.41,1.0
2000,0.0001,0.1,0.01,0.0,0.0,0.01,200.0,3.504,3.5715,-0.9295,-0.9545,7.215,7.0,0.935,1.0
2000,0.0001,0.1,0.01,0.0,0.0,0.1,200.0,4.3088,4.3052,-0.9705,-0.9818,8.355,8.0,0.335,0.0
2000,0.0001,0.1,0.01,0.0,0.0,0.2,200.0,4.8411,4.7075,-0.8463,-0.8682,6.305,6.0,1.69,2.0
2000,0.0001,0.1,0.01,0.0,0.01,0.0,200.0,3.3052,3.2941,-0.8591,-0.9364,6.905,7.0,1.445,1.0
2000,0.0001,0.1,0.01,0.0,0.01,0.01,200.0,3.5231,3.6429,-0.934,-0.9545,7.26,7.0,1.005,1.0
2000,0.0001,0.1,0.01,0.0,0.01,0.1,200.0,4.4405,4.3874,-0.966,-0.9818,8.19,8.0,0.29,0.0
2000,0.0001,0.1,0.01,0.0,0.01,0.2,200.0,4.9538,4.8709,-0.8202,-0.8273,6.54,6.0,1.87,2.0
2000,0.0001,0.1,0.01,0.0,0.1,0.0,200.0,3.2592,3.211,-0.8579,-0.9227,6.855,7.0,1.405,1.0
2000,0.0001,0.1,0.01,0.0,0.1,0.01,200.0,3.5513,3.6088,-0.9373,-0.9545,7.465,7.0,0.895,1.0
2000,0.0001,0.1,0.01,0.0,0.1,0.1,200.0,4.4638,4.2911,-0.9652,-0.9818,8.38,8.0,0.38,0.0
2000,0.0001,0.1,0.01,0.0,0.1,0.2,200.0,4.8868,4.7894,-0.836,-0.8545,6.455,6.0,1.76,2.0
2000,0.0001,0.1,0.01,0.1,0.0,0.0,200.0,3.3227,3.3776,-0.895,-0.9455,6.95,7.0,1.3,1.0
2000,0.0001,0.1,0.01,0.1,0.0,0.01,200.0,3.6437,3.6781,-0.9512,-0.9636,7.665,8.0,0.74,1.0
2000,0.0001,0.1,0.01,0.1,0.0,0.1,200.0,4.4436,4.3365,-0.9698,-0.9818,8.58,9.0,0.365,0.0
2000,0.0001,0.1,0.01,0.1,0.0,0.2,200.0,4.6504,4.5736,-0.8802,-0.9,6.975,7.0,1.34,1.0
2000,0.0001,0.1,0.01,0.1,0.01,0.0,200.0,3.4005,3.4086,-0.902,-0.9455,6.89,7.0,1.165,1.0
2000,0.0001,0.1,0.01,0.1,0.01,0.01,200.0,3.6923,3.7579,-0.9499,-0.9636,7.72,8.0,0.69,1.0
2000,0.0001,0.1,0.01,0.1,0.01,0.1,200.0,4.3011,4.2277,-0.9656,-0.9818,8.41,8.0,0.37,0.0
2000,0.0001,0.1,0.01,0.1,0.01,0.2,200.0,4.8128,4.6961,-0.8703,-0.9,6.925,7.0,1.64,1.0
2000,0.0001,0.1,0.01,0.1,0.1,0.0,200.0,3.4165,3.4233,-0.8959,-0.9364,6.985,7.0,1.185,1.0
2000,0.0001,0.1,0.01,0.1,0.1,0.01,200.0,3.6954,3.814,-0.9443,-0.9636,7.595,8.0,0.77,1.0
2000,0.0001,0.1,0.01,0.1,0.1,0.1,200.0,4.3374,4.3302,-0.9683,-0.9818,8.365,9.0,0.34,0.0
2000,0.0001,0.1,0.01,0.1,0.1,0.2,200.0,4.5998,4.5318,-0.8933,-0.9273,7.07,7.0,1.165,1.0
2000,0.0001,0.1,0.01,0.5,0.0,0.0,200.0,3.4118,3.4123,-0.8284,-0.9091,6.83,7.0,1.535,1.0
2000,0.0001,0.1,0.01,0.5,0.0,0.01,200.0,3.6455,3.5967,-0.9423,-0.9636,7.45,7.0,0.885,1.0
2000,0.0001,0.1,0.01,0.5,0.0,0.1,200.0,4.6355,4.485,-0.9342,-0.9545,7.405,7.0,0.78,1.0
2000,0.0001,0.1,0.01,0.5,0.0,0.2,200.0,4.9151,4.7738,-0.8209,-0.8636,6.26,6.0,1.825,2.0
2000,0.0001,0.1,0.01,0.5,0.01,0.0,200.0,3.4375,3.3517,-0.8217,-0.9,6.78,7.0,1.73,2.0
2000,0.0001,0.1,0.01,0.5,0.01,0.01,200.0,3.8045,3.7845,-0.9367,-0.9636,7.46,7.0,0.865,1.0
2000,0.0001,0.1,0.01,0.5,0.01,0.1,200.0,4.5295,4.3955,-0.9361,-0.9545,7.305,7.0,0.645,0.0
2000,0.0001,0.1,0.01,0.5,0.01,0.2,200.0,4.8772,4.8274,-0.8073,-0.8182,6.43,6.0,1.94,2.0
2000,0.0001,0.1,0.01,0.5,0.1,0.0,200.0,3.3919,3.3053,-0.8377,-0.9182,6.9,7.0,1.505,1.0
2000,0.0001,0.1,0.01,0.5,0.1,0.01,200.0,3.7154,3.8185,-0.9409,-0.9636,7.35,7.0,0.785,1.0
2000,0.0001,0.1,0.01,0.5,0.1,0.1,200.0,4.5922,4.4477,-0.9385,-0.9545,7.51,8.0,0.675,0.0
2000,0.0001,0.1,0.01,0.5,0.1,0.2,200.0,4.9225,4.7752,-0.8021,-0.8091,6.215,6.0,1.925,2.0
2000,0.0001,0.1,0.01,1.0,0.0,0.0,200.0,3.4608,3.5133,-0.8509,-0.9182,6.735,7.0,1.51,1.0
2000,0.0001,0.1,0.01,1.0,0.0,0.01,200.0,3.6661,3.6281,-0.9122,-0.95,7.145,7.0,0.965,1.0
2000,0.0001,0.1,0.01,1.0,0.0,0.1,200.0,4.3945,4.3121,-0.964,-0.9818,8.155,8.0,0.315,0.0
2000,0.0001,0.1,0.01,1.0,0.0,0.2,200.0,4.7412,4.6749,-0.8603,-0.8909,6.625,7.0,1.37,1.0
2000,0.0001,0.1,0.01,1.0,0.01,0.0,200.0,3.4051,3.3095,-0.848,-0.9182,6.66,7.0,1.46,1.0
2000,0.0001,0.1,0.01,1.0,0.01,0.01,200.0,3.6899,3.7366,-0.9168,-0.9545,7.25,7.0,0.97,1.0
2000,0.0001,0.1,0.01,1.0,0.01,0.1,200.0,4.4947,4.3244,-0.9601,-0.9636,8.0,8.0,0.455,0.0
2000,0.0001,0.1,0.01,1.0,0.01,0.2,200.0,4.8853,4.7365,-0.8341,-0.8727,6.425,7.0,1.68,1.0
2000,0.0001,0.1,0.01,1.0,0.1,0.0,200.0,3.4822,3.4965,-0.8415,-0.9273,6.79,7.0,1.435,1.0
2000,0.0001,0.1,0.01,1.0,0.1,0.01,200.0,3.6399,3.7005,-0.9184,-0.95,7.21,7.0,1.025,1.0
2000,0.0001,0.1,0.01,1.0,0.1,0.1,200.0,4.3151,4.3303,-0.971,-0.9818,8.355,8.0,0.335,0.0
2000,0.0001,0.1,0.01,1.0,0.1,0.2,200.0,4.8284,4.6421,-0.8389,-0.8545,6.38,6.0,1.495,1.0
2000,0.0001,0.1,0.1,0.0,0.0,0.0,200.0,3.7356,3.7156,-0.9163,-0.9455,7.275,7.0,1.16,1.0
2000,0.0001,0.1,0.1,0.0,0.0,0.01,200.0,4.0188,3.9266,-0.9376,-0.9545,7.59,8.0,0.795,1.0
2000,0.0001,0.1,0.1,0.0,0.0,0.1,200.0,4.3469,4.308,-0.9771,-0.9818,8.83,9.0,0.255,0.0
2000,0.0001,0.1,0.1,0.0,0.0,0.2,200.0,5.0461,4.8596,-0.8102,-0.8182,6.49,6.0,1.96,2.0
2000,0.0001,0.1,0.1,0.0,0.01,0.0,200.0,3.6428,3.6603,-0.9072,-0.9455,7.11,7.0,1.11,1.0
2000,0.0001,0.1,0.1,0.0,0.01,0.01,200.0,3.8404,3.8151,-0.9412,-0.9636,7.655,8.0,0.785,1.0
2000,0.0001,0.1,0.1,0.0,0.01,0.1,200.0,4.3777,4.3281,-0.9728,-0.9818,8.61,9.0,0.27,0.0
2000,0.0001,0.1,0.1,0.0,0.01,0.2,200.0,4.8667,4.7102,-0.8254,-0.8364,6.265,6.0,1.705,2.0
2000,0.0001,0.1,0.1,0.0,0.1,0.0,200.0,3.6481,3.589,-0.9044,-0.9364,7.12,7.0,1.22,1.0
2000,0.0001,0.1,0.1,0.0,0.1,0.01,200.0,3.8666,3.8614,-0.9486,-0.9636,7.64,8.0,0.7,1.0
2000,0.0001,0.1,0.1,0.0,0.1,0.1,200.0,4.4058,4.353,-0.9772,-0.9818,8.8,9.0,0.245,0.0
2000,0.0001,0.1,0.1,0.0,0.1,0.2,200.0,4.8864,4.7052,-0.8302,-0.8545,6.535,7.0,1.785,2.0
2000,0.0001,0.1,0.1,0.1,0.0,0.0,200.0,3.6354,3.6346,-0.9089,-0.9455,7.275,7.0,1.285,1.0
2000,0.0001,0.1,0.1,0.1,0.0,0.01,200.0,4.0461,3.9644,-0.9396,-0.9545,7.6,8.0,0.825,1.0
2000,0.0001,0.1,0.1,0.1,0.0,0.1,200.0,4.3983,4.3279,-0.9675,-0.9818,8.31,8.0,0.4,0.0
2000,0.0001,0.1,0.1,0.1,0.0,0.2,200.0,5.014,4.9181,-0.8242,-0.8545,6.335,6.0,1.71,1.5
2000,0.0001,0.1,0.1,0.1,0.01,0.0,200.0,3.5074,3.527,-0.9007,-0.9364,6.935,7.0,1.235,1.0
2000,0.0001,0.1,0.1,0.1,0.01,0.01,200.0,3.9735,3.9591,-0.9402,-0.9545,7.71,8.0,0.93,1.0
2000,0.0001,0.1,0.1,0.1,0.01,0.1,200.0,4.3724,4.2842,-0.9732,-0.9818,8.55,9.0,0.35,0.0
2000,0.0001,0.1,0.1,0.1,0.01,0.2,200.0,4.8295,4.6076,-0.8674,-0.9,6.535,7.0,1.42,1.0
2000,0.0001,0.1,0.1,0.1,0.1,0.0,200.0,3.7146,3.6033,-0.9001,-0.9455,6.955,7.0,1.41,1.0
2000,0.0001,0.1,0.1,0.1,0.1,0.01,200.0,3.8904,3.8422,-0.9393,-0.9636,7.655,8.0,0.805,1.0
2000,0.0001,0.1,0.1,0.1,0.1,0.1,200.0,4.4188,4.3122,-0.9771,-0.9818,8.685,9.0,0.255,0.0
2000,0.0001,0.1,0.1,0.1,0.1,0.2,200.0,4.8554,4.7402,-0.8415,-0.8727,6.57,7.0,1.805,2.0
2000,0.0001,0.1,0.1,0.5,0.0,0.0,200.0,3.6439,3.6309,-0.8605,-0.9182,6.905,7.0,1.56,1.5
2000,0.0001,0.1,0.1,0.5,0.0,0.01,200.0,3.7504,3.7496,-0.9164,-0.9455,7.22,7.0,1.075,1.0
2000,0.0001,0.1,0.1,0.5,0.0,0.1,200.0,4.2851,4.2679,-0.9782,-0.9818,8.785,9.0,0.245,0.0
2000,0.0001,0.1,0.1,0.5,0.0,0.2,200.0,4.9961,4.797,-0.8572,-0.8864,6.685,7.0,1.585,1.0
2000,0.0001,0.1,0.1,0.5,0.01,0.0,200.0,3.7442,3.6456,-0.8666,-0.9182,6.915,7.0,1.465,1.0
2000,0.0001,0.1,0.1,0.5,0.01,0.01,200.0,3.6817,3.6261,-0.9237,-0.9545,7.2,7.0,1.095,1.0
2000,0.0001,0.1,0.1,0.5,0.01,0.1,200.0,4.3332,4.2806,-0.9784,-0.9864,8.84,9.0,0.26,0.0
2000,0.0001,0.1,0.1,0.5,0.01,0.2,200.0,4.8504,4.6148,-0.8562,-0.8727,6.77,7.0,1.425,1.0
2000,0.0001,0.1,0.1,0.5,0.1,0.0,200.0,3.6935,3.5884,-0.8558,-0.9136,7.01,7.0,1.64,1.0
2000,0.0001,0.1,0.1,0.5,0.1,0.01,200.0,3.7947,3.8389,-0.9034,-0.9455,7.095,7.0,1.105,1.0
2000,0.0001,0.1,0.1,0.5,0.1,0.1,200.0,4.3628,4.3165,-0.9772,-0.9864,8.875,9.0,0.25,0.0
2000,0.0001,0.1,0.1,0.5,0.1,0.2,200.0,4.7696,4.6514,-0.887,-0.9136,6.765,7.0,1.305,1.0
2000,0.0001,0.1,0.1,1.0,0.0,0.0,200.0,3.32,3.2744,-0.8296,-0.9091,6.69,7.0,1.455,1.0
2000,0.0001,0.1,0.1,1.0,0.0,0.01,200.0,3.6423,3.6688,-0.9112,-0.9545,7.34,7.0,1.03,1.0
2000,0.0001,0.1,0.1,1.0,0.0,0.1,200.0,4.3261,4.3307,-0.9779,-0.9909,8.885,9.0,0.28,0.0
2000,0.0001,0.1,0.1,1.0,0.0,0.2,200.0,4.6286,4.4723,-0.9255,-0.9545,7.57,8.0,0.765,1.0
2000,0.0001,0.1,0.1,1.0,0.01,0.0,200.0,3.2042,3.2385,-0.8275,-0.9182,6.755,7.0,1.615,1.0
2000,0.0001,0.1,0.1,1.0,0.01,0.01,200.0,3.6224,3.5924,-0.9173,-0.9545,7.225,7.0,1.025,1.0
2000,0.0001,0.1,0.1,1.0,0.01,0.1,200.0,4.2346,4.2095,-0.9837,-0.9909,8.895,9.0,0.205,0.0
2000,0.0001,0.1,0.1,1.0,0.01,0.2,200.0,4.6574,4.4548,-0.9115,-0.9364,7.28,7.0,1.03,1.0
2000,0.0001,0.1,0.1,1.0,0.1,0.0,200.0,3.3431,3.3177,-0.8471,-0.9273,6.75,7.0,1.435,1.0
2000,0.0001,0.1,0.1,1.0,0.1,0.01,200.0,3.5695,3.5766,-0.9086,-0.9545,7.135,7.0,1.04,1.0
2000,0.0001,0.1,0.1,1.0,0.1,0.1,200.0,4.3714,4.3332,-0.9741,-0.9818,8.695,9.0,0.305,0.0
2000,0.0001,0.1,0.1,1.0,0.1,0.2,200.0,4.6115,4.4804,-0.8953,-0.9273,7.04,7.0,1.15,1.0
2000,0.0001,0.1,0.5,0.0,0.0,0.0,200.0,3.1819,3.0975,-0.8896,-0.9455,7.12,7.0,1.3,1.0
2000,0.0001,0.1,0.5,0.0,0.0,0.01,200.0,3.6846,3.76,-0.933,-0.9545,7.635,8.0,0.825,1.0
2000,0.0001,0.1,0.5,0.0,0.0,0.1,200.0,4.3086,4.2585,-0.982,-0.9909,9.065,9.0,0.26,0.0
2000,0.0001,0.1,0.5,0.0,0.0,0.2,200.0,4.4329,4.3845,-0.9667,-0.9727,8.23,8.0,0.46,0.0
2000,0.0001,0.1,0.5,0.0,0.01,0.0,200.0,3.3769,3.3206,-0.8919,-0.9409,6.985,7.0,1.235,1.0
2000,0.0001,0.1,0.5,0.0,0.01,0.01,200.0,3.6854,3.682,-0.9238,-0.9545,7.47,7.5,0.905,1.0
2000,0.0001,0.1,0.5,0.0,0.01,0.1,200.0,4.3005,4.2704,-0.9795,-0.9909,9.04,9.0,0.235,0.0
2000,0.0001,0.1,0.5,0.0,0.01,0.2,200.0,4.3862,4.2975,-0.9477,-0.9636,7.885,8.0,0.56,0.0
2000,0.0001,0.1,0.5,0.0,0.1,0.0,200.0,3.3295,3.2913,-0.9029,-0.9455,7.05,7.0,1.12,1.0
2000,0.0001,0.1,0.5,0.0,0.1,0.01,200.0,3.5456,3.5869,-0.9322,-0.9591,7.45,7.0,0.83,1.0
2000,0.0001,0.1,0.5,0.0,0.1,0.1,200.0,4.2071,4.1711,-0.982,-0.9909,9.05,9.0,0.275,0.0
2000,0.0001,0.1,0.5,0.0,0.1,0.2,200.0,4.4454,4.3572,-0.9581,-0.9727,8.155,8.0,0.545,0.0
2000,0.0001,0.1,0.5,0.1,0.0,0.0,200.0,3.4014,3.5002,-0.8857,-0.9455,7.16,7.0,1.26,1.0
2000,0.0001,0.1,0.5,0.1,0.0,0.01,200.0,3.6685,3.7526,-0.9306,-0.9636,7.535,8.0,0.925,1.0
2000,0.0001,0.1,0.5,0.1,0.0,0.1,200.0,4.2438,4.1526,-0.9821,-0.9909,9.175,9.0,0.335,0.0
2000,0.0001,0.1,0.5,0.1,0.0,0.2,200.0,4.4147,4.3934,-0.9698,-0.9818,8.555,9.0,0.4,0.0
2000,0.0001,0.1,0.5,0.1,0.01,0.0,200.0,3.3721,3.2769,-0.8753,-0.9455,6.97,7.0,1.31,1.0
2000,0.0001,0.1,0.5,0.1,0.01,0.01,200.0,3.6357,3.5961,-0.9233,-0.9636,7.54,8.0,0.85,1.0
2000,0.0001,0.1,0.5,0.1,0.01,0.1,200.0,4.237,4.1498,-0.9813,-0.9909,8.95,9.0,0.305,0.0
2000,0.0001,0.1,0.5,0.1,0.01,0.2,200.0,4.4325,4.3805,-0.9699,-0.9818,8.49,8.0,0.39,0.0
2000,0.0001,0.1,0.5,0.1,0.1,0.0,200.0,3.3038,3.3144,-0.8888,-0.9364,6.96,7.0,1.2,1.0
2000,0.0001,0.1,0.5,0.1,0.1,0.01,200.0,3.6263,3.5688,-0.9298,-0.9636,7.505,8.0,0.79,1.0
2000,0.0001,0.1,0.5,0.1,0.1,0.1,200.0,4.2237,4.1117,-0.9815,-0.9909,9.165,9.0,0.28,0.0
2000,0.0001,0.1,0.5,0.1,0.1,0.2,200.0,4.4255,4.3841,-0.9771,-0.9909,8.88,9.0,0.275,0.0
2000,0.0001,0.1,0.5,0.5,0.0,0.0,200.0,3.2774,3.2537,-0.8759,-0.9364,6.91,7.0,1.33,1.0
2000,0.0001,0.1,0.5,0.5,0.0,0.01,200.0,3.6143,3.6705,-0.933,-0.9636,7.485,8.0,0.8,1.0
2000,0.0001,0.1,0.5,0.5,0.0,0.1,200.0,4.162,4.105,-0.984,-0.9909,9.22,9.0,0.22,0.0
2000,0.0001,0.1,0.5,0.5,0.0,0.2,200.0,4.5684,4.5235,-0.9575,-0.9636,8.27,8.0,0.6,0.0
2000,0.0001,0.1,0.5,0.5,0.01,0.0,200.0,3.3368,3.2301,-0.8883,-0.9273,7.14,7.0,1.35,1.0
2000,0.0001,0.1,0.5,0.5,0.01,0.01,200.0,3.6698,3.708,-0.9263,-0.9545,7.52,8.0,0.91,1.0
2000,0.0001,0.1,0.5,0.5,0.01,0.1,200.0,4.2605,4.3498,-0.9849,-0.9909,9.195,9.0,0.24,0.0
2000,0.0001,0.1,0.5,0.5,0.01,0.2,200.0,4.2806,4.2093,-0.974,-0.9818,8.73,9.0,0.31,0.0
2000,0.0001,0.1,0.5,0.5,0.1,0.0,200.0,3.3302,3.2057,-0.8956,-0.9455,7.095,7.0,1.18,1.0
2000,0.0001,0.1,0.5,0.5,0.1,0.01,200.0,3.6444,3.5377,-0.9273,-0.9636,7.56,8.0,0.965,1.0
2000,0.0001,0.1,0.5,0.5,0.1,0.1,200.0,4.1977,4.1528,-0.9816,-0.9909,9.125,9.0,0.345,0.0
2000,0.0001,0.1,0.5,0.5,0.1,0.2,200.0,4.3817,4.2921,-0.9642,-0.9773,8.41,9.0,0.455,0.0
2000,0.0001,0.1,0.5,1.0,0.0,0.0,200.0,3.3243,3.2262,-0.8845,-0.9455,7.095,7.0,1.24,1.0
2000,0.0001,0.1,0.5,1.0,0.0,0.01,200.0,3.6145,3.6892,-0.9252,-0.9636,7.575,8.0,0.895,1.0
2000,0.0001,0.1,0.5,1.0,0.0,0.1,200.0,4.2585,4.2797,-0.9844,-0.9909,9.155,9.0,0.2,0.0
2000,0.0001,0.1,0.5,1.0,0.0,0.2,200.0,4.3255,4.2599,-0.9806,-0.9909,9.13,9.0,0.215,0.0
2000,0.0001,0.1,0.5,1.0,0.01,0.0,200.0,3.2077,3.1419,-0.8828,-0.9364,7.055,7.0,1.33,1.0
2000,0.0001,0.1,0.5,1.0,0.01,0.01,200.0,3.5029,3.3281,-0.9209,-0.9545,7.515,8.0,0.925,1.0
2000,0.0001,0.1,0.5,1.0,0.01,0.1,200.0,4.2462,4.2819,-0.9851,-0.9909,9.27,9.0,0.265,0.0
2000,0.0001,0.1,0.5,1.0,0.01,0.2,200.0,4.4173,4.3273,-0.9823,-0.9909,9.305,9.0,0.25,0.0
2000,0.0001,0.1,0.5,1.0,0.1,0.0,200.0,3.3743,3.2258,-0.8794,-0.9364,6.915,7.0,1.44,1.0
2000,0.0001,0.1,0.5,1.0,0.1,0.01,200.0,3.5586,3.5615,-0.9357,-0.9545,7.445,7.5,0.905,1.0
2000,0.0001,0.1,0.5,1.0,0.1,0.1,200.0,4.1535,4.1303,-0.9835,-0.9909,9.175,9.0,0.235,0.0
2000,0.0001,0.1,0.5,1.0,0.1,0.2,200.0,4.4225,4.3513,-0.9792,-0.9909,9.01,9.0,0.315,0.0
