epochs,lr,lambda_kld,lambda_reg,lambda_pair,lambda_smooth,lambda_infonce,S,neigh_mean_test,rand_mean_test,neigh_best_mean_test,rand_best_mean_test,win_rate_mean,win_rate_best,avg_gain_mean_test,avg_gain_best_test,seed_mean_train
1000,5e-05,0.0,0.01,0.0,0.01,0.01,184.0,8.104761123657227,5.903433799743652,8.10881233215332,8.399444580078125,0.9891304347826086,0.32608695652173914,2.201327085494995,-0.2906316816806793,8.242144584655762
1000,5e-05,0.0,0.01,0.0,0.01,0.1,184.0,8.152273178100586,5.903433799743652,8.15363883972168,8.399444580078125,1.0,0.28804347826086957,2.248839855194092,-0.24580606818199158,8.242144584655762
1000,5e-05,0.0,0.01,0.0,0.01,0.2,184.0,8.1500825881958,5.903433799743652,8.153058052062988,8.399444580078125,1.0,0.29891304347826086,2.2466483116149902,-0.24638615548610687,8.242144584655762
1000,5e-05,0.0,0.01,0.0,0.1,0.0,184.0,8.140931129455566,5.903433799743652,8.14218521118164,8.399444580078125,0.9945652173913043,0.33152173913043476,2.237497091293335,-0.25725898146629333,8.242144584655762
1000,5e-05,0.0,0.01,0.0,0.1,0.01,184.0,8.118001937866211,5.903433799743652,8.130498886108398,8.399444580078125,0.9945652173913043,0.32608695652173914,2.2145676612854004,-0.2689453959465027,8.242144584655762
1000,5e-05,0.0,0.01,0.0,0.1,0.1,184.0,8.145027160644531,5.903433799743652,8.156203269958496,8.399444580078125,1.0,0.29347826086956524,2.241593837738037,-0.2432410567998886,8.242144584655762
1000,5e-05,0.0,0.01,0.0,0.1,0.2,184.0,8.162155151367188,5.903433799743652,8.168313026428223,8.399444580078125,1.0,0.30978260869565216,2.2587218284606934,-0.23113088309764862,8.242144584655762
1000,5e-05,0.0,0.01,0.1,0.0,0.0,184.0,8.060378074645996,5.903433799743652,8.07018756866455,8.399444580078125,0.9728260869565217,0.33152173913043476,2.1569437980651855,-0.32925692200660706,8.242144584655762
1000,5e-05,0.0,0.01,0.1,0.0,0.01,184.0,8.079085350036621,5.903433799743652,8.081076622009277,8.399444580078125,0.9782608695652174,0.3423913043478261,2.1756515502929688,-0.31836703419685364,8.242144584655762
1000,5e-05,0.0,0.01,0.1,0.0,0.1,184.0,8.16356086730957,5.903433799743652,8.165502548217773,8.399444580078125,1.0,0.30978260869565216,2.260127305984497,-0.23394238948822021,8.242144584655762
1000,5e-05,0.0,0.01,0.1,0.0,0.2,184.0,8.156329154968262,5.903433799743652,8.156912803649902,8.399444580078125,1.0,0.29891304347826086,2.2528955936431885,-0.2425314486026764,8.242144584655762
1000,5e-05,0.0,0.01,0.1,0.01,0.0,184.0,8.059547424316406,5.903433799743652,8.070176124572754,8.399444580078125,0.9782608695652174,0.32608695652173914,2.1561145782470703,-0.3292684853076935,8.242144584655762
1000,5e-05,0.0,0.01,0.1,0.01,0.01,184.0,8.105599403381348,5.903433799743652,8.115477561950684,8.399444580078125,0.9891304347826086,0.3423913043478261,2.2021656036376953,-0.28396719694137573,8.242144584655762
1000,5e-05,0.0,0.01,0.1,0.01,0.1,184.0,8.159193992614746,5.903433799743652,8.160881996154785,8.399444580078125,1.0,0.30978260869565216,2.255760908126831,-0.23856212198734283,8.242144584655762
1000,5e-05,0.0,0.01,0.1,0.01,0.2,184.0,8.146334648132324,5.903433799743652,8.156074523925781,8.399444580078125,1.0,0.29891304347826086,2.242901086807251,-0.2433691918849945,8.242144584655762
1000,5e-05,0.0,0.01,0.1,0.1,0.0,184.0,8.054252624511719,5.903433799743652,8.059382438659668,8.399444580078125,0.9728260869565217,0.32065217391304346,2.150818109512329,-0.3400616943836212,8.242144584655762
1000,5e-05,0.0,0.01,0.1,0.1,0.01,184.0,8.072025299072266,5.903433799743652,8.076736450195312,8.399444580078125,0.9782608695652174,0.3423913043478261,2.168591260910034,-0.322707861661911,8.242144584655762
1000,5e-05,0.0,0.01,0.1,0.1,0.1,184.0,8.156381607055664,5.903433799743652,8.156595230102539,8.399444580078125,1.0,0.30978260869565216,2.252948045730591,-0.2428494393825531,8.242144584655762
1000,5e-05,0.0,0.01,0.1,0.1,0.2,184.0,8.155189514160156,5.903433799743652,8.158123970031738,8.399444580078125,1.0,0.29891304347826086,2.251755952835083,-0.24132102727890015,8.242144584655762
1000,5e-05,0.0,0.01,0.5,0.0,0.0,184.0,8.060897827148438,5.903433799743652,8.067514419555664,8.399444580078125,0.9836956521739131,0.33695652173913043,2.157463788986206,-0.33192962408065796,8.242144584655762
1000,5e-05,0.0,0.01,0.5,0.0,0.01,184.0,8.100010871887207,5.903433799743652,8.101545333862305,8.399444580078125,0.9836956521739131,0.33695652173913043,2.1965770721435547,-0.29789894819259644,8.242144584655762
1000,5e-05,0.0,0.01,0.5,0.0,0.1,184.0,8.15395736694336,5.903433799743652,8.161452293395996,8.399444580078125,1.0,0.32065217391304346,2.250523805618286,-0.23799216747283936,8.242144584655762
1000,5e-05,0.0,0.01,0.5,0.0,0.2,184.0,8.156427383422852,5.903433799743652,8.158674240112305,8.399444580078125,1.0,0.29891304347826086,2.2529942989349365,-0.24076998233795166,8.242144584655762
1000,5e-05,0.0,0.01,0.5,0.01,0.0,184.0,8.06985092163086,5.903433799743652,8.07340145111084,8.399444580078125,0.9782608695652174,0.33152173913043476,2.166416883468628,-0.32604318857192993,8.242144584655762
1000,5e-05,0.0,0.01,0.5,0.01,0.01,184.0,8.106178283691406,5.903433799743652,8.121164321899414,8.399444580078125,0.9836956521739131,0.3423913043478261,2.202744483947754,-0.2782793641090393,8.242144584655762
1000,5e-05,0.0,0.01,0.5,0.01,0.1,184.0,8.153154373168945,5.903433799743652,8.159448623657227,8.399444580078125,1.0,0.30978260869565216,2.2497212886810303,-0.239995539188385,8.242144584655762
1000,5e-05,0.0,0.01,0.5,0.01,0.2,184.0,8.175602912902832,5.903433799743652,8.178370475769043,8.399444580078125,1.0,0.30434782608695654,2.2721691131591797,-0.22107383608818054,8.242144584655762
1000,5e-05,0.0,0.01,0.5,0.1,0.0,184.0,8.078719139099121,5.903433799743652,8.081464767456055,8.399444580078125,0.9836956521739131,0.33152173913043476,2.1752851009368896,-0.31797999143600464,8.242144584655762
1000,5e-05,0.0,0.01,0.5,0.1,0.01,184.0,8.086865425109863,5.903433799743652,8.09366226196289,8.399444580078125,0.9836956521739131,0.33152173913043476,2.183431386947632,-0.3057815730571747,8.242144584655762
1000,5e-05,0.0,0.01,0.5,0.1,0.1,184.0,8.158465385437012,5.903433799743652,8.162714004516602,8.399444580078125,1.0,0.32065217391304346,2.2550323009490967,-0.2367299497127533,8.242144584655762
1000,5e-05,0.0,0.01,0.5,0.1,0.2,184.0,8.159475326538086,5.903433799743652,8.16042423248291,8.399444580078125,1.0,0.30434782608695654,2.2560417652130127,-0.23901914060115814,8.242144584655762
1000,5e-05,0.0,0.01,1.0,0.0,0.0,184.0,8.073681831359863,5.903433799743652,8.10647964477539,8.399444580078125,0.9836956521739131,0.32608695652173914,2.1702475547790527,-0.29296451807022095,8.242144584655762
1000,5e-05,0.0,0.01,1.0,0.0,0.01,184.0,8.11746597290039,5.903433799743652,8.137129783630371,8.399444580078125,0.9945652173913043,0.33695652173913043,2.2140326499938965,-0.2623143494129181,8.242144584655762
1000,5e-05,0.0,0.01,1.0,0.0,0.1,184.0,8.150071144104004,5.903433799743652,8.1578369140625,8.399444580078125,1.0,0.31521739130434784,2.2466378211975098,-0.24160781502723694,8.242144584655762
1000,5e-05,0.0,0.01,1.0,0.0,0.2,184.0,8.18742561340332,5.903433799743652,8.187909126281738,8.399444580078125,1.0,0.32065217391304346,2.283991575241089,-0.21153487265110016,8.242144584655762
1000,5e-05,0.0,0.01,1.0,0.01,0.0,184.0,8.103364944458008,5.903433799743652,8.109201431274414,8.399444580078125,0.9836956521739131,0.33695652173913043,2.1999318599700928,-0.2902417480945587,8.242144584655762
1000,5e-05,0.0,0.01,1.0,0.01,0.01,184.0,8.11611557006836,5.903433799743652,8.126830101013184,8.399444580078125,0.9945652173913043,0.33695652173913043,2.212681531906128,-0.27261456847190857,8.242144584655762
1000,5e-05,0.0,0.01,1.0,0.01,0.1,184.0,8.157120704650879,5.903433799743652,8.17119312286377,8.399444580078125,1.0,0.31521739130434784,2.2536869049072266,-0.2282508760690689,8.242144584655762
1000,5e-05,0.0,0.01,1.0,0.01,0.2,184.0,8.192207336425781,5.903433799743652,8.196442604064941,8.399444580078125,1.0,0.33152173913043476,2.2887744903564453,-0.2030019313097,8.242144584655762
1000,5e-05,0.0,0.01,1.0,0.1,0.0,184.0,8.077314376831055,5.903433799743652,8.087427139282227,8.399444580078125,0.9782608695652174,0.32065217391304346,2.1738808155059814,-0.3120166063308716,8.242144584655762
1000,5e-05,0.0,0.01,1.0,0.1,0.01,184.0,8.114557266235352,5.903433799743652,8.135705947875977,8.399444580078125,0.9945652173913043,0.33152173913043476,2.2111246585845947,-0.2637382745742798,8.242144584655762
1000,5e-05,0.0,0.01,1.0,0.1,0.1,184.0,8.157532691955566,5.903433799743652,8.16489315032959,8.399444580078125,1.0,0.31521739130434784,2.254098892211914,-0.23455075919628143,8.242144584655762
1000,5e-05,0.0,0.01,1.0,0.1,0.2,184.0,8.193199157714844,5.903433799743652,8.194623947143555,8.399444580078125,1.0,0.32065217391304346,2.2897653579711914,-0.20482026040554047,8.242144584655762
1000,5e-05,0.0,0.1,0.0,0.0,0.0,184.0,8.133495330810547,5.903433799743652,8.146188735961914,8.399444580078125,0.9945652173913043,0.3423913043478261,2.2300617694854736,-0.2532549202442169,8.242144584655762
1000,5e-05,0.0,0.1,0.0,0.0,0.01,184.0,8.150230407714844,5.903433799743652,8.161255836486816,8.399444580078125,0.9945652173913043,0.3641304347826087,2.246795892715454,-0.23818787932395935,8.242144584655762
1000,5e-05,0.0,0.1,0.0,0.0,0.1,184.0,8.173885345458984,5.903433799743652,8.1759672164917,8.399444580078125,1.0,0.33695652173913043,2.270451784133911,-0.22347736358642578,8.242144584655762
1000,5e-05,0.0,0.1,0.0,0.0,0.2,184.0,8.172447204589844,5.903433799743652,8.177680969238281,8.399444580078125,1.0,0.33152173913043476,2.2690138816833496,-0.22176294028759003,8.242144584655762
1000,5e-05,0.0,0.1,0.0,0.01,0.0,184.0,8.130931854248047,5.903433799743652,8.150074005126953,8.399444580078125,0.9945652173913043,0.3641304347826087,2.2274982929229736,-0.24936999380588531,8.242144584655762
1000,5e-05,0.0,0.1,0.0,0.01,0.01,184.0,8.139015197753906,5.903433799743652,8.15976619720459,8.399444580078125,0.9945652173913043,0.358695652173913,2.2355806827545166,-0.239678293466568,8.242144584655762
1000,5e-05,0.0,0.1,0.0,0.01,0.1,184.0,8.178070068359375,5.903433799743652,8.18019962310791,8.399444580078125,1.0,0.34782608695652173,2.274636745452881,-0.21924437582492828,8.242144584655762
1000,5e-05,0.0,0.1,0.0,0.01,0.2,184.0,8.174101829528809,5.903433799743652,8.176916122436523,8.399444580078125,1.0,0.32065217391304346,2.2706680297851562,-0.2225283682346344,8.242144584655762
1000,5e-05,0.0,0.1,0.0,0.1,0.0,184.0,8.116089820861816,5.903433799743652,8.128986358642578,8.399444580078125,0.9945652173913043,0.3532608695652174,2.212656021118164,-0.2704577147960663,8.242144584655762
1000,5e-05,0.0,0.1,0.0,0.1,0.01,184.0,8.12720012664795,5.903433799743652,8.14111328125,8.399444580078125,0.9945652173913043,0.34782608695652173,2.2237660884857178,-0.2583312690258026,8.242144584655762
1000,5e-05,0.0,0.1,0.0,0.1,0.1,184.0,8.174515724182129,5.903433799743652,8.181674003601074,8.399444580078125,1.0,0.34782608695652173,2.2710814476013184,-0.21777024865150452,8.242144584655762
1000,5e-05,0.0,0.1,0.0,0.1,0.2,184.0,8.169839859008789,5.903433799743652,8.17615795135498,8.399444580078125,1.0,0.32065217391304346,2.2664058208465576,-0.2232864648103714,8.242144584655762
1000,5e-05,0.0,0.1,0.1,0.0,0.0,184.0,8.12431526184082,5.903433799743652,8.133228302001953,8.399444580078125,0.9945652173913043,0.358695652173913,2.220881700515747,-0.2662156820297241,8.242144584655762
1000,5e-05,0.0,0.1,0.1,0.0,0.01,184.0,8.158814430236816,5.903433799743652,8.176307678222656,8.399444580078125,0.9945652173913043,0.3695652173913043,2.255380630493164,-0.2231360375881195,8.242144584655762
1000,5e-05,0.0,0.1,0.1,0.0,0.1,184.0,8.176253318786621,5.903433799743652,8.18360710144043,8.399444580078125,1.0,0.3423913043478261,2.272819757461548,-0.21583706140518188,8.242144584655762
1000,5e-05,0.0,0.1,0.1,0.0,0.2,184.0,8.179198265075684,5.903433799743652,8.1865873336792,8.399444580078125,1.0,0.33695652173913043,2.275764226913452,-0.2128569632768631,8.242144584655762
1000,5e-05,0.0,0.1,0.1,0.01,0.0,184.0,8.139996528625488,5.903433799743652,8.167472839355469,8.399444580078125,1.0,0.34782608695652173,2.2365620136260986,-0.2319711446762085,8.242144584655762
1000,5e-05,0.0,0.1,0.1,0.01,0.01,184.0,8.138952255249023,5.903433799743652,8.167633056640625,8.399444580078125,1.0,0.3641304347826087,2.23551869392395,-0.231811061501503,8.242144584655762
1000,5e-05,0.0,0.1,0.1,0.01,0.1,184.0,8.185016632080078,5.903433799743652,8.188928604125977,8.399444580078125,1.0,0.3423913043478261,2.281583070755005,-0.21051497757434845,8.242144584655762
1000,5e-05,0.0,0.1,0.1,0.01,0.2,184.0,8.185342788696289,5.903433799743652,8.189251899719238,8.399444580078125,1.0,0.3423913043478261,2.2819085121154785,-0.21019242703914642,8.242144584655762
1000,5e-05,0.0,0.1,0.1,0.1,0.0,184.0,8.135056495666504,5.903433799743652,8.15263557434082,8.399444580078125,0.9945652173913043,0.3423913043478261,2.2316231727600098,-0.24680911004543304,8.242144584655762
1000,5e-05,0.0,0.1,0.1,0.1,0.01,184.0,8.124337196350098,5.903433799743652,8.147141456604004,8.399444580078125,0.9945652173913043,0.3641304347826087,2.2209033966064453,-0.252302885055542,8.242144584655762
1000,5e-05,0.0,0.1,0.1,0.1,0.1,184.0,8.18692398071289,5.903433799743652,8.193449974060059,8.399444580078125,1.0,0.3423913043478261,2.2834908962249756,-0.20599408447742462,8.242144584655762
1000,5e-05,0.0,0.1,0.1,0.1,0.2,184.0,8.17541217803955,5.903433799743652,8.187167167663574,8.399444580078125,1.0,0.33152173913043476,2.2719788551330566,-0.2122766524553299,8.242144584655762
1000,5e-05,0.0,0.1,0.5,0.0,0.0,184.0,8.144759178161621,5.903433799743652,8.161738395690918,8.399444580078125,0.9945652173913043,0.34782608695652173,2.241326093673706,-0.23770585656166077,8.242144584655762
1000,5e-05,0.0,0.1,0.5,0.0,0.01,184.0,8.154211044311523,5.903433799743652,8.164392471313477,8.399444580078125,1.0,0.3532608695652174,2.250777006149292,-0.2350507378578186,8.242144584655762
1000,5e-05,0.0,0.1,0.5,0.0,0.1,184.0,8.173362731933594,5.903433799743652,8.18497371673584,8.399444580078125,1.0,0.34782608695652173,2.2699286937713623,-0.21447016298770905,8.242144584655762
1000,5e-05,0.0,0.1,0.5,0.0,0.2,184.0,8.188804626464844,5.903433799743652,8.196038246154785,8.399444580078125,1.0,0.33152173913043476,2.2853708267211914,-0.20340579748153687,8.242144584655762
1000,5e-05,0.0,0.1,0.5,0.01,0.0,184.0,8.140734672546387,5.903433799743652,8.152074813842773,8.399444580078125,0.9945652173913043,0.34782608695652173,2.23730206489563,-0.24736955761909485,8.242144584655762
1000,5e-05,0.0,0.1,0.5,0.01,0.01,184.0,8.154406547546387,5.903433799743652,8.164449691772461,8.399444580078125,1.0,0.3532608695652174,2.2509729862213135,-0.23499397933483124,8.242144584655762
1000,5e-05,0.0,0.1,0.5,0.01,0.1,184.0,8.17404842376709,5.903433799743652,8.184552192687988,8.399444580078125,1.0,0.33695652173913043,2.2706148624420166,-0.21489226818084717,8.242144584655762
1000,5e-05,0.0,0.1,0.5,0.01,0.2,184.0,8.178808212280273,5.903433799743652,8.19475269317627,8.399444580078125,1.0,0.33152173913043476,2.2753746509552,-0.20469115674495697,8.242144584655762
1000,5e-05,0.0,0.1,0.5,0.1,0.0,184.0,8.140320777893066,5.903433799743652,8.160717964172363,8.399444580078125,1.0,0.34782608695652173,2.2368876934051514,-0.23872588574886322,8.242144584655762
1000,5e-05,0.0,0.1,0.5,0.1,0.01,184.0,8.145678520202637,5.903433799743652,8.164803504943848,8.399444580078125,0.9945652173913043,0.3532608695652174,2.2422449588775635,-0.23464058339595795,8.242144584655762
1000,5e-05,0.0,0.1,0.5,0.1,0.1,184.0,8.167110443115234,5.903433799743652,8.170271873474121,8.399444580078125,1.0,0.33152173913043476,2.2636771202087402,-0.2291729599237442,8.242144584655762
1000,5e-05,0.0,0.1,0.5,0.1,0.2,184.0,8.181650161743164,5.903433799743652,8.185781478881836,8.399444580078125,1.0,0.32608695652173914,2.2782161235809326,-0.21366193890571594,8.242144584655762
1000,5e-05,0.0,0.1,1.0,0.0,0.0,184.0,8.139066696166992,5.903433799743652,8.148179054260254,8.399444580078125,1.0,0.33695652173913043,2.23563289642334,-0.2512647807598114,8.242144584655762
1000,5e-05,0.0,0.1,1.0,0.0,0.01,184.0,8.139652252197266,5.903433799743652,8.156045913696289,8.399444580078125,1.0,0.3423913043478261,2.2362186908721924,-0.24339841306209564,8.242144584655762
1000,5e-05,0.0,0.1,1.0,0.0,0.1,184.0,8.184606552124023,5.903433799743652,8.203728675842285,8.399444580078125,1.0,0.3532608695652174,2.281172275543213,-0.19571532309055328,8.242144584655762
1000,5e-05,0.0,0.1,1.0,0.0,0.2,184.0,8.17112922668457,5.903433799743652,8.18502426147461,8.399444580078125,1.0,0.32065217391304346,2.2676949501037598,-0.21441973745822906,8.242144584655762
1000,5e-05,0.0,0.1,1.0,0.01,0.0,184.0,8.137563705444336,5.903433799743652,8.155123710632324,8.399444580078125,1.0,0.3423913043478261,2.234130620956421,-0.24432037770748138,8.242144584655762
1000,5e-05,0.0,0.1,1.0,0.01,0.01,184.0,8.142550468444824,5.903433799743652,8.155213356018066,8.399444580078125,1.0,0.3423913043478261,2.23911714553833,-0.2442304641008377,8.242144584655762
1000,5e-05,0.0,0.1,1.0,0.01,0.1,184.0,8.18243408203125,5.903433799743652,8.186410903930664,8.399444580078125,1.0,0.3423913043478261,2.279001235961914,-0.21303340792655945,8.242144584655762
1000,5e-05,0.0,0.1,1.0,0.01,0.2,184.0,8.183353424072266,5.903433799743652,8.192795753479004,8.399444580078125,1.0,0.33695652173913043,2.2799196243286133,-0.20664873719215393,8.242144584655762
1000,5e-05,0.0,0.1,1.0,0.1,0.0,184.0,8.139054298400879,5.903433799743652,8.152368545532227,8.399444580078125,1.0,0.33152173913043476,2.2356202602386475,-0.247075617313385,8.242144584655762
1000,5e-05,0.0,0.1,1.0,0.1,0.01,184.0,8.143289566040039,5.903433799743652,8.154040336608887,8.399444580078125,1.0,0.3423913043478261,2.239856481552124,-0.24540337920188904,8.242144584655762
1000,5e-05,0.0,0.1,1.0,0.1,0.1,184.0,8.179381370544434,5.903433799743652,8.194079399108887,8.399444580078125,1.0,0.3532608695652174,2.2759478092193604,-0.20536360144615173,8.242144584655762
1000,5e-05,0.0,0.1,1.0,0.1,0.2,184.0,8.166077613830566,5.903433799743652,8.183730125427246,8.399444580078125,1.0,0.32608695652173914,2.2626442909240723,-0.21571345627307892,8.242144584655762
1000,5e-05,0.0,0.5,0.0,0.0,0.0,184.0,8.185627937316895,5.903433799743652,8.203482627868652,8.399444580078125,1.0,0.358695652173913,2.282193660736084,-0.19596099853515625,8.242144584655762
1000,5e-05,0.0,0.5,0.0,0.0,0.01,184.0,8.180858612060547,5.903433799743652,8.192138671875,8.399444580078125,1.0,0.3641304347826087,2.2774245738983154,-0.20730580389499664,8.242144584655762
1000,5e-05,0.0,0.5,0.0,0.0,0.1,184.0,8.171070098876953,5.903433799743652,8.194872856140137,8.399444580078125,1.0,0.3532608695652174,2.26763653755188,-0.20457157492637634,8.242144584655762
1000,5e-05,0.0,0.5,0.0,0.0,0.2,184.0,8.164587020874023,5.903433799743652,8.17347240447998,8.399444580078125,0.9945652173913043,0.32608695652173914,2.261152744293213,-0.22597159445285797,8.242144584655762
1000,5e-05,0.0,0.5,0.0,0.01,0.0,184.0,8.18832778930664,5.903433799743652,8.197441101074219,8.399444580078125,1.0,0.358695652173913,2.2848944664001465,-0.20200274884700775,8.242144584655762
1000,5e-05,0.0,0.5,0.0,0.01,0.01,184.0,8.183843612670898,5.903433799743652,8.205890655517578,8.399444580078125,1.0,0.3641304347826087,2.280409097671509,-0.19355343282222748,8.242144584655762
1000,5e-05,0.0,0.5,0.0,0.01,0.1,184.0,8.168875694274902,5.903433799743652,8.186836242675781,8.399444580078125,1.0,0.34782608695652173,2.26544189453125,-0.21260766685009003,8.242144584655762
1000,5e-05,0.0,0.5,0.0,0.01,0.2,184.0,8.164937973022461,5.903433799743652,8.172739028930664,8.399444580078125,0.9945652173913043,0.32065217391304346,2.2615041732788086,-0.22670501470565796,8.242144584655762
1000,5e-05,0.0,0.5,0.0,0.1,0.0,184.0,8.184541702270508,5.903433799743652,8.196476936340332,8.399444580078125,1.0,0.3641304347826087,2.2811086177825928,-0.20296669006347656,8.242144584655762
1000,5e-05,0.0,0.5,0.0,0.1,0.01,184.0,8.189462661743164,5.903433799743652,8.197678565979004,8.399444580078125,1.0,0.3641304347826087,2.286029100418091,-0.2017652690410614,8.242144584655762
1000,5e-05,0.0,0.5,0.0,0.1,0.1,184.0,8.180813789367676,5.903433799743652,8.195695877075195,8.399444580078125,1.0,0.3532608695652174,2.2773795127868652,-0.20374786853790283,8.242144584655762
1000,5e-05,0.0,0.5,0.0,0.1,0.2,184.0,8.155566215515137,5.903433799743652,8.170699119567871,8.399444580078125,0.9945652173913043,0.31521739130434784,2.2521328926086426,-0.2287452071905136,8.242144584655762
1000,5e-05,0.0,0.5,0.1,0.0,0.0,184.0,8.183713912963867,5.903433799743652,8.203312873840332,8.399444580078125,1.0,0.3641304347826087,2.280280351638794,-0.19613145291805267,8.242144584655762
1000,5e-05,0.0,0.5,0.1,0.0,0.01,184.0,8.183902740478516,5.903433799743652,8.197354316711426,8.399444580078125,1.0,0.3641304347826087,2.2804694175720215,-0.2020900994539261,8.242144584655762
1000,5e-05,0.0,0.5,0.1,0.0,0.1,184.0,8.168482780456543,5.903433799743652,8.193014144897461,8.399444580078125,1.0,0.3532608695652174,2.2650492191314697,-0.20642948150634766,8.242144584655762
1000,5e-05,0.0,0.5,0.1,0.0,0.2,184.0,8.152098655700684,5.903433799743652,8.173028945922852,8.399444580078125,0.9945652173913043,0.32065217391304346,2.248664617538452,-0.2264147251844406,8.242144584655762
1000,5e-05,0.0,0.5,0.1,0.01,0.0,184.0,8.18924617767334,5.903433799743652,8.204989433288574,8.399444580078125,1.0,0.3641304347826087,2.285813093185425,-0.19445423781871796,8.242144584655762
1000,5e-05,0.0,0.5,0.1,0.01,0.01,184.0,8.18642807006836,5.903433799743652,8.20544147491455,8.399444580078125,1.0,0.3641304347826087,2.282994031906128,-0.1940031498670578,8.242144584655762
1000,5e-05,0.0,0.5,0.1,0.01,0.1,184.0,8.160826683044434,5.903433799743652,8.188193321228027,8.399444580078125,1.0,0.34782608695652173,2.2573928833007812,-0.21125110983848572,8.242144584655762
1000,5e-05,0.0,0.5,0.1,0.01,0.2,184.0,8.155447006225586,5.903433799743652,8.175747871398926,8.399444580078125,0.9945652173913043,0.32065217391304346,2.2520132064819336,-0.2236957550048828,8.242144584655762
1000,5e-05,0.0,0.5,0.1,0.1,0.0,184.0,8.184782028198242,5.903433799743652,8.193124771118164,8.399444580078125,1.0,0.3641304347826087,2.28134822845459,-0.20631976425647736,8.242144584655762
1000,5e-05,0.0,0.5,0.1,0.1,0.01,184.0,8.186626434326172,5.903433799743652,8.207426071166992,8.399444580078125,1.0,0.3641304347826087,2.2831931114196777,-0.19201797246932983,8.242144584655762
1000,5e-05,0.0,0.5,0.1,0.1,0.1,184.0,8.167840003967285,5.903433799743652,8.1759614944458,8.399444580078125,1.0,0.34782608695652173,2.264406681060791,-0.22348308563232422,8.242144584655762
1000,5e-05,0.0,0.5,0.1,0.1,0.2,184.0,8.15237045288086,5.903433799743652,8.169838905334473,8.399444580078125,0.9945652173913043,0.31521739130434784,2.2489359378814697,-0.2296052873134613,8.242144584655762
1000,5e-05,0.0,0.5,0.5,0.0,0.0,184.0,8.189046859741211,5.903433799743652,8.203731536865234,8.399444580078125,1.0,0.3532608695652174,2.2856128215789795,-0.1957133561372757,8.242144584655762
1000,5e-05,0.0,0.5,0.5,0.0,0.01,184.0,8.192214965820312,5.903433799743652,8.208788871765137,8.399444580078125,1.0,0.3641304347826087,2.2887816429138184,-0.19065463542938232,8.242144584655762
1000,5e-05,0.0,0.5,0.5,0.0,0.1,184.0,8.178521156311035,5.903433799743652,8.188036918640137,8.399444580078125,1.0,0.3532608695652174,2.275087833404541,-0.2114069163799286,8.242144584655762
1000,5e-05,0.0,0.5,0.5,0.0,0.2,184.0,8.167590141296387,5.903433799743652,8.181197166442871,8.399444580078125,1.0,0.32065217391304346,2.2641570568084717,-0.21824751794338226,8.242144584655762
1000,5e-05,0.0,0.5,0.5,0.01,0.0,184.0,8.185355186462402,5.903433799743652,8.203707695007324,8.399444580078125,1.0,0.358695652173913,2.281921625137329,-0.19573625922203064,8.242144584655762
1000,5e-05,0.0,0.5,0.5,0.01,0.01,184.0,8.184808731079102,5.903433799743652,8.207413673400879,8.399444580078125,1.0,0.3641304347826087,2.2813751697540283,-0.19203099608421326,8.242144584655762
1000,5e-05,0.0,0.5,0.5,0.01,0.1,184.0,8.170083999633789,5.903433799743652,8.190447807312012,8.399444580078125,1.0,0.34782608695652173,2.2666499614715576,-0.2089960277080536,8.242144584655762
1000,5e-05,0.0,0.5,0.5,0.01,0.2,184.0,8.160285949707031,5.903433799743652,8.184309959411621,8.399444580078125,0.9945652173913043,0.32608695652173914,2.256852388381958,-0.21513405442237854,8.242144584655762
1000,5e-05,0.0,0.5,0.5,0.1,0.0,184.0,8.193432807922363,5.903433799743652,8.203364372253418,8.399444580078125,1.0,0.358695652173913,2.2899985313415527,-0.19608011841773987,8.242144584655762
1000,5e-05,0.0,0.5,0.5,0.1,0.01,184.0,8.188425064086914,5.903433799743652,8.20621395111084,8.399444580078125,1.0,0.3641304347826087,2.2849907875061035,-0.19322986900806427,8.242144584655762
1000,5e-05,0.0,0.5,0.5,0.1,0.1,184.0,8.170148849487305,5.903433799743652,8.178413391113281,8.399444580078125,1.0,0.3423913043478261,2.2667148113250732,-0.22103050351142883,8.242144584655762
1000,5e-05,0.0,0.5,0.5,0.1,0.2,184.0,8.165243148803711,5.903433799743652,8.187660217285156,8.399444580078125,1.0,0.32608695652173914,2.2618095874786377,-0.21178331971168518,8.242144584655762
1000,5e-05,0.0,0.5,1.0,0.0,0.0,184.0,8.189996719360352,5.903433799743652,8.207948684692383,8.399444580078125,1.0,0.358695652173913,2.2865641117095947,-0.19149531424045563,8.242144584655762
1000,5e-05,0.0,0.5,1.0,0.0,0.01,184.0,8.190909385681152,5.903433799743652,8.204174995422363,8.399444580078125,1.0,0.358695652173913,2.2874755859375,-0.19526991248130798,8.242144584655762
1000,5e-05,0.0,0.5,1.0,0.0,0.1,184.0,8.174885749816895,5.903433799743652,8.193404197692871,8.399444580078125,1.0,0.3532608695652174,2.271451950073242,-0.20603933930397034,8.242144584655762
1000,5e-05,0.0,0.5,1.0,0.0,0.2,184.0,8.170738220214844,5.903433799743652,8.197432518005371,8.399444580078125,0.9891304347826086,0.33695652173913043,2.2673048973083496,-0.20201201736927032,8.242144584655762
1000,5e-05,0.0,0.5,1.0,0.01,0.0,184.0,8.191417694091797,5.903433799743652,8.203729629516602,8.399444580078125,1.0,0.358695652173913,2.2879831790924072,-0.19571441411972046,8.242144584655762
1000,5e-05,0.0,0.5,1.0,0.01,0.01,184.0,8.194123268127441,5.903433799743652,8.203314781188965,8.399444580078125,1.0,0.3532608695652174,2.2906899452209473,-0.19612909853458405,8.242144584655762
1000,5e-05,0.0,0.5,1.0,0.01,0.1,184.0,8.17092227935791,5.903433799743652,8.177701950073242,8.399444580078125,1.0,0.3423913043478261,2.2674880027770996,-0.22174209356307983,8.242144584655762
1000,5e-05,0.0,0.5,1.0,0.01,0.2,184.0,8.169352531433105,5.903433799743652,8.184370040893555,8.399444580078125,0.9945652173913043,0.33695652173913043,2.2659192085266113,-0.21507377922534943,8.242144584655762
1000,5e-05,0.0,0.5,1.0,0.1,0.0,184.0,8.187801361083984,5.903433799743652,8.204611778259277,8.399444580078125,1.0,0.358695652173913,2.284367084503174,-0.19483280181884766,8.242144584655762
1000,5e-05,0.0,0.5,1.0,0.1,0.01,184.0,8.191679954528809,5.903433799743652,8.203665733337402,8.399444580078125,1.0,0.358695652173913,2.288245677947998,-0.19577811658382416,8.242144584655762
1000,5e-05,0.0,0.5,1.0,0.1,0.1,184.0,8.181109428405762,5.903433799743652,8.190474510192871,8.399444580078125,1.0,0.358695652173913,2.2776753902435303,-0.20896990597248077,8.242144584655762
1000,5e-05,0.0,0.5,1.0,0.1,0.2,184.0,8.170141220092773,5.903433799743652,8.204007148742676,8.399444580078125,0.9891304347826086,0.33695652173913043,2.2667078971862793,-0.19543734192848206,8.242144584655762
1000,5e-05,0.01,0.01,0.0,0.0,0.0,184.0,8.065313339233398,5.903433799743652,8.103200912475586,8.399444580078125,0.9891304347826086,0.3532608695652174,2.161879062652588,-0.29624396562576294,8.242144584655762
1000,5e-05,0.01,0.01,0.0,0.0,0.01,184.0,8.07935905456543,5.903433799743652,8.106941223144531,8.399444580078125,0.9891304347826086,0.34782608695652173,2.1759259700775146,-0.29250237345695496,8.242144584655762
1000,5e-05,0.01,0.01,0.0,0.0,0.1,184.0,8.140527725219727,5.903433799743652,8.147708892822266,8.399444580078125,0.9945652173913043,0.32608695652173914,2.2370941638946533,-0.2517349123954773,8.242144584655762
1000,5e-05,0.01,0.01,0.0,0.0,0.2,184.0,8.1563138961792,5.903433799743652,8.156646728515625,8.399444580078125,1.0,0.32065217391304346,2.2528793811798096,-0.2427978366613388,8.242144584655762
1000,5e-05,0.01,0.01,0.0,0.01,0.0,184.0,8.080777168273926,5.903433799743652,8.100093841552734,8.399444580078125,0.9891304347826086,0.3532608695652174,2.17734432220459,-0.2993510961532593,8.242144584655762
1000,5e-05,0.01,0.01,0.0,0.01,0.01,184.0,8.095685958862305,5.903433799743652,8.108952522277832,8.399444580078125,0.9891304347826086,0.34782608695652173,2.1922523975372314,-0.29049229621887207,8.242144584655762
1000,5e-05,0.01,0.01,0.0,0.01,0.1,184.0,8.147102355957031,5.903433799743652,8.152081489562988,8.399444580078125,0.9945652173913043,0.32608695652173914,2.2436695098876953,-0.24736259877681732,8.242144584655762
1000,5e-05,0.01,0.01,0.0,0.01,0.2,184.0,8.152386665344238,5.903433799743652,8.160904884338379,8.399444580078125,1.0,0.32608695652173914,2.2489519119262695,-0.23853975534439087,8.242144584655762
1000,5e-05,0.01,0.01,0.0,0.1,0.0,184.0,8.047993659973145,5.903433799743652,8.093588829040527,8.399444580078125,0.9782608695652174,0.3532608695652174,2.1445600986480713,-0.30585572123527527,8.242144584655762
1000,5e-05,0.01,0.01,0.0,0.1,0.01,184.0,8.0967378616333,5.903433799743652,8.105130195617676,8.399444580078125,0.9891304347826086,0.3532608695652174,2.1933035850524902,-0.29431459307670593,8.242144584655762
1000,5e-05,0.01,0.01,0.0,0.1,0.1,184.0,8.138081550598145,5.903433799743652,8.151074409484863,8.399444580078125,0.9945652173913043,0.33152173913043476,2.2346479892730713,-0.24836990237236023,8.242144584655762
1000,5e-05,0.01,0.01,0.0,0.1,0.2,184.0,8.14828872680664,5.903433799743652,8.15613079071045,8.399444580078125,0.9945652173913043,0.32608695652173914,2.244854688644409,-0.2433135062456131,8.242144584655762
1000,5e-05,0.01,0.01,0.1,0.0,0.0,184.0,8.073548316955566,5.903433799743652,8.123588562011719,8.399444580078125,0.9836956521739131,0.3532608695652174,2.170114755630493,-0.27585557103157043,8.242144584655762
1000,5e-05,0.01,0.01,0.1,0.0,0.01,184.0,8.117284774780273,5.903433799743652,8.145406723022461,8.399444580078125,0.9891304347826086,0.358695652173913,2.2138516902923584,-0.25403741002082825,8.242144584655762
1000,5e-05,0.01,0.01,0.1,0.0,0.1,184.0,8.1600923538208,5.903433799743652,8.17271900177002,8.399444580078125,0.9945652173913043,0.34782608695652173,2.2566585540771484,-0.22672529518604279,8.242144584655762
1000,5e-05,0.01,0.01,0.1,0.0,0.2,184.0,8.17637825012207,5.903433799743652,8.189659118652344,8.399444580078125,0.9945652173913043,0.34782608695652173,2.272944450378418,-0.20978547632694244,8.242144584655762
1000,5e-05,0.01,0.01,0.1,0.01,0.0,184.0,8.059416770935059,5.903433799743652,8.115575790405273,8.399444580078125,0.9782608695652174,0.34782608695652173,2.1559832096099854,-0.2838681936264038,8.242144584655762
1000,5e-05,0.01,0.01,0.1,0.01,0.01,184.0,8.114248275756836,5.903433799743652,8.146553039550781,8.399444580078125,0.9891304347826086,0.358695652173913,2.2108144760131836,-0.25289079546928406,8.242144584655762
1000,5e-05,0.01,0.01,0.1,0.01,0.1,184.0,8.149443626403809,5.903433799743652,8.166093826293945,8.399444580078125,0.9945652173913043,0.34782608695652173,2.246009588241577,-0.23335008323192596,8.242144584655762
1000,5e-05,0.01,0.01,0.1,0.01,0.2,184.0,8.167401313781738,5.903433799743652,8.175756454467773,8.399444580078125,0.9945652173913043,0.3423913043478261,2.263967752456665,-0.22368764877319336,8.242144584655762
1000,5e-05,0.01,0.01,0.1,0.1,0.0,184.0,8.10144329071045,5.903433799743652,8.111344337463379,8.399444580078125,0.9891304347826086,0.3532608695652174,2.1980090141296387,-0.28809961676597595,8.242144584655762
1000,5e-05,0.01,0.01,0.1,0.1,0.01,184.0,8.11512279510498,5.903433799743652,8.134307861328125,8.399444580078125,0.9891304347826086,0.3532608695652174,2.2116892337799072,-0.2651362121105194,8.242144584655762
1000,5e-05,0.01,0.01,0.1,0.1,0.1,184.0,8.152758598327637,5.903433799743652,8.163514137268066,8.399444580078125,0.9945652173913043,0.34782608695652173,2.2493250370025635,-0.23592929542064667,8.242144584655762
1000,5e-05,0.01,0.01,0.1,0.1,0.2,184.0,8.166352272033691,5.903433799743652,8.169203758239746,8.399444580078125,0.9945652173913043,0.33152173913043476,2.2629189491271973,-0.23023974895477295,8.242144584655762
1000,5e-05,0.01,0.01,0.5,0.0,0.0,184.0,8.122483253479004,5.903433799743652,8.147204399108887,8.399444580078125,0.9945652173913043,0.34782608695652173,2.2190489768981934,-0.2522393465042114,8.242144584655762
1000,5e-05,0.01,0.01,0.5,0.0,0.01,184.0,8.13769245147705,5.903433799743652,8.162554740905762,8.399444580078125,0.9945652173913043,0.3641304347826087,2.2342586517333984,-0.23688942193984985,8.242144584655762
1000,5e-05,0.01,0.01,0.5,0.0,0.1,184.0,8.160418510437012,5.903433799743652,8.168506622314453,8.399444580078125,0.9945652173913043,0.3423913043478261,2.256985664367676,-0.23093749582767487,8.242144584655762
1000,5e-05,0.01,0.01,0.5,0.0,0.2,184.0,8.18686580657959,5.903433799743652,8.18941593170166,8.399444580078125,1.0,0.33152173913043476,2.2834320068359375,-0.21002860367298126,8.242144584655762
1000,5e-05,0.01,0.01,0.5,0.01,0.0,184.0,8.133123397827148,5.903433799743652,8.152342796325684,8.399444580078125,0.9945652173913043,0.3641304347826087,2.229689598083496,-0.24710099399089813,8.242144584655762
1000,5e-05,0.01,0.01,0.5,0.01,0.01,184.0,8.138520240783691,5.903433799743652,8.160199165344238,8.399444580078125,0.9945652173913043,0.358695652173913,2.235086441040039,-0.23924477398395538,8.242144584655762
1000,5e-05,0.01,0.01,0.5,0.01,0.1,184.0,8.160950660705566,5.903433799743652,8.169968605041504,8.399444580078125,0.9945652173913043,0.3423913043478261,2.257516622543335,-0.22947578132152557,8.242144584655762
1000,5e-05,0.01,0.01,0.5,0.01,0.2,184.0,8.185336112976074,5.903433799743652,8.197419166564941,8.399444580078125,1.0,0.33695652173913043,2.281902551651001,-0.20202431082725525,8.242144584655762
1000,5e-05,0.01,0.01,0.5,0.1,0.0,184.0,8.12937068939209,5.903433799743652,8.157567024230957,8.399444580078125,0.9945652173913043,0.3532608695652174,2.2259366512298584,-0.24187709391117096,8.242144584655762
1000,5e-05,0.01,0.01,0.5,0.1,0.01,184.0,8.13608455657959,5.903433799743652,8.145624160766602,8.399444580078125,0.9945652173913043,0.3641304347826087,2.2326507568359375,-0.2538197934627533,8.242144584655762
1000,5e-05,0.01,0.01,0.5,0.1,0.1,184.0,8.15877628326416,5.903433799743652,8.165925025939941,8.399444580078125,0.9945652173913043,0.33695652173913043,2.255342960357666,-0.23351943492889404,8.242144584655762
1000,5e-05,0.01,0.01,0.5,0.1,0.2,184.0,8.189922332763672,5.903433799743652,8.195626258850098,8.399444580078125,1.0,0.33695652173913043,2.2864885330200195,-0.20381782948970795,8.242144584655762
1000,5e-05,0.01,0.01,1.0,0.0,0.0,184.0,8.121933937072754,5.903433799743652,8.143779754638672,8.399444580078125,0.9891304347826086,0.3532608695652174,2.2185001373291016,-0.25566422939300537,8.242144584655762
1000,5e-05,0.01,0.01,1.0,0.0,0.01,184.0,8.1537504196167,5.903433799743652,8.163586616516113,8.399444580078125,0.9945652173913043,0.3641304347826087,2.250316858291626,-0.23585785925388336,8.242144584655762
1000,5e-05,0.01,0.01,1.0,0.0,0.1,184.0,8.15900707244873,5.903433799743652,8.166426658630371,8.399444580078125,0.9945652173913043,0.3423913043478261,2.2555735111236572,-0.23301756381988525,8.242144584655762
1000,5e-05,0.01,0.01,1.0,0.0,0.2,184.0,8.188752174377441,5.903433799743652,8.19096851348877,8.399444580078125,1.0,0.33695652173913043,2.2853188514709473,-0.20847594738006592,8.242144584655762
1000,5e-05,0.01,0.01,1.0,0.01,0.0,184.0,8.132972717285156,5.903433799743652,8.145196914672852,8.399444580078125,0.9891304347826086,0.358695652173913,2.229538679122925,-0.25424695014953613,8.242144584655762
1000,5e-05,0.01,0.01,1.0,0.01,0.01,184.0,8.142468452453613,5.903433799743652,8.161404609680176,8.399444580078125,0.9945652173913043,0.3641304347826087,2.23903489112854,-0.23803934454917908,8.242144584655762
1000,5e-05,0.01,0.01,1.0,0.01,0.1,184.0,8.159887313842773,5.903433799743652,8.172063827514648,8.399444580078125,0.9945652173913043,0.3423913043478261,2.256453037261963,-0.22738012671470642,8.242144584655762
1000,5e-05,0.01,0.01,1.0,0.01,0.2,184.0,8.18794059753418,5.903433799743652,8.192976951599121,8.399444580078125,1.0,0.3423913043478261,2.2845070362091064,-0.2064668983221054,8.242144584655762
1000,5e-05,0.01,0.01,1.0,0.1,0.0,184.0,8.131444931030273,5.903433799743652,8.15577507019043,8.399444580078125,0.9891304347826086,0.358695652173913,2.2280113697052,-0.24366897344589233,8.242144584655762
1000,5e-05,0.01,0.01,1.0,0.1,0.01,184.0,8.147088050842285,5.903433799743652,8.155296325683594,8.399444580078125,0.9945652173913043,0.3641304347826087,2.243654727935791,-0.24414797127246857,8.242144584655762
1000,5e-05,0.01,0.01,1.0,0.1,0.1,184.0,8.159036636352539,5.903433799743652,8.16380500793457,8.399444580078125,0.9945652173913043,0.3423913043478261,2.255603075027466,-0.235638827085495,8.242144584655762
1000,5e-05,0.01,0.01,1.0,0.1,0.2,184.0,8.18847370147705,5.903433799743652,8.196853637695312,8.399444580078125,1.0,0.3423913043478261,2.2850396633148193,-0.2025906890630722,8.242144584655762
1000,5e-05,0.01,0.1,0.0,0.0,0.0,184.0,8.135841369628906,5.903433799743652,8.15305233001709,8.399444580078125,0.9891304347826086,0.33152173913043476,2.2324085235595703,-0.24639229476451874,8.242144584655762
1000,5e-05,0.01,0.1,0.0,0.0,0.01,184.0,8.143043518066406,5.903433799743652,8.15029239654541,8.399444580078125,0.9945652173913043,0.33152173913043476,2.239609479904175,-0.24915164709091187,8.242144584655762
1000,5e-05,0.01,0.1,0.0,0.0,0.1,184.0,8.1539888381958,5.903433799743652,8.169758796691895,8.399444580078125,1.0,0.33695652173913043,2.2505555152893066,-0.22968606650829315,8.242144584655762
1000,5e-05,0.01,0.1,0.0,0.0,0.2,184.0,8.152750968933105,5.903433799743652,8.158424377441406,8.399444580078125,0.9945652173913043,0.3423913043478261,2.2493174076080322,-0.24101945757865906,8.242144584655762
1000,5e-05,0.01,0.1,0.0,0.01,0.0,184.0,8.143782615661621,5.903433799743652,8.156082153320312,8.399444580078125,0.9945652173913043,0.33695652173913043,2.240349054336548,-0.2433624267578125,8.242144584655762
1000,5e-05,0.01,0.1,0.0,0.01,0.01,184.0,8.145650863647461,5.903433799743652,8.154776573181152,8.399444580078125,0.9945652173913043,0.3423913043478261,2.2422170639038086,-0.24466769397258759,8.242144584655762
1000,5e-05,0.01,0.1,0.0,0.01,0.1,184.0,8.142423629760742,5.903433799743652,8.148743629455566,8.399444580078125,0.9945652173913043,0.33152173913043476,2.238990068435669,-0.2507011294364929,8.242144584655762
1000,5e-05,0.01,0.1,0.0,0.01,0.2,184.0,8.166352272033691,5.903433799743652,8.172380447387695,8.399444580078125,1.0,0.33152173913043476,2.2629194259643555,-0.2270631343126297,8.242144584655762
1000,5e-05,0.01,0.1,0.0,0.1,0.0,184.0,8.145710945129395,5.903433799743652,8.156617164611816,8.399444580078125,0.9945652173913043,0.33695652173913043,2.242276668548584,-0.24282625317573547,8.242144584655762
1000,5e-05,0.01,0.1,0.0,0.1,0.01,184.0,8.144543647766113,5.903433799743652,8.15283489227295,8.399444580078125,0.9945652173913043,0.33152173913043476,2.241109848022461,-0.246609628200531,8.242144584655762
1000,5e-05,0.01,0.1,0.0,0.1,0.1,184.0,8.157867431640625,5.903433799743652,8.171018600463867,8.399444580078125,1.0,0.33695652173913043,2.254434108734131,-0.22842592000961304,8.242144584655762
1000,5e-05,0.01,0.1,0.0,0.1,0.2,184.0,8.15783405303955,5.903433799743652,8.163446426391602,8.399444580078125,0.9945652173913043,0.3423913043478261,2.2544007301330566,-0.23599745333194733,8.242144584655762
1000,5e-05,0.01,0.1,0.1,0.0,0.0,184.0,8.14525318145752,5.903433799743652,8.157029151916504,8.399444580078125,0.9945652173913043,0.34782608695652173,2.2418196201324463,-0.24241453409194946,8.242144584655762
1000,5e-05,0.01,0.1,0.1,0.0,0.01,184.0,8.147653579711914,5.903433799743652,8.153346061706543,8.399444580078125,0.9945652173913043,0.33695652173913043,2.2442197799682617,-0.24609842896461487,8.242144584655762
1000,5e-05,0.01,0.1,0.1,0.0,0.1,184.0,8.153152465820312,5.903433799743652,8.169268608093262,8.399444580078125,0.9945652173913043,0.3423913043478261,2.2497191429138184,-0.23017628490924835,8.242144584655762
1000,5e-05,0.01,0.1,0.1,0.0,0.2,184.0,8.175862312316895,5.903433799743652,8.185736656188965,8.399444580078125,1.0,0.34782608695652173,2.2724287509918213,-0.2137075960636139,8.242144584655762
1000,5e-05,0.01,0.1,0.1,0.01,0.0,184.0,8.146463394165039,5.903433799743652,8.153446197509766,8.399444580078125,0.9945652173913043,0.33695652173913043,2.2430291175842285,-0.24599751830101013,8.242144584655762
1000,5e-05,0.01,0.1,0.1,0.01,0.01,184.0,8.14862060546875,5.903433799743652,8.158282279968262,8.399444580078125,0.9945652173913043,0.3423913043478261,2.2451865673065186,-0.2411612570285797,8.242144584655762
1000,5e-05,0.01,0.1,0.1,0.01,0.1,184.0,8.152229309082031,5.903433799743652,8.166078567504883,8.399444580078125,0.9945652173913043,0.3423913043478261,2.2487952709198,-0.23336564004421234,8.242144584655762
1000,5e-05,0.01,0.1,0.1,0.01,0.2,184.0,8.161879539489746,5.903433799743652,8.18935489654541,8.399444580078125,0.9945652173913043,0.34782608695652173,2.258445978164673,-0.2100888192653656,8.242144584655762
1000,5e-05,0.01,0.1,0.1,0.1,0.0,184.0,8.139326095581055,5.903433799743652,8.15674877166748,8.399444580078125,0.9945652173913043,0.3423913043478261,2.2358925342559814,-0.24269559979438782,8.242144584655762
1000,5e-05,0.01,0.1,0.1,0.1,0.01,184.0,8.14556884765625,5.903433799743652,8.157766342163086,8.399444580078125,0.9945652173913043,0.33695652173913043,2.2421348094940186,-0.24167749285697937,8.242144584655762
1000,5e-05,0.01,0.1,0.1,0.1,0.1,184.0,8.156253814697266,5.903433799743652,8.161879539489746,8.399444580078125,0.9945652173913043,0.3423913043478261,2.252819776535034,-0.23756492137908936,8.242144584655762
1000,5e-05,0.01,0.1,0.1,0.1,0.2,184.0,8.165092468261719,5.903433799743652,8.185323715209961,8.399444580078125,1.0,0.3423913043478261,2.261657953262329,-0.21412000060081482,8.242144584655762
1000,5e-05,0.01,0.1,0.5,0.0,0.0,184.0,8.132372856140137,5.903433799743652,8.152959823608398,8.399444580078125,0.9945652173913043,0.33695652173913043,2.228940010070801,-0.2464844435453415,8.242144584655762
1000,5e-05,0.01,0.1,0.5,0.0,0.01,184.0,8.135385513305664,5.903433799743652,8.1504487991333,8.399444580078125,0.9945652173913043,0.3423913043478261,2.231952428817749,-0.24899491667747498,8.242144584655762
1000,5e-05,0.01,0.1,0.5,0.0,0.1,184.0,8.155606269836426,5.903433799743652,8.164007186889648,8.399444580078125,0.9945652173913043,0.33695652173913043,2.2521724700927734,-0.23543772101402283,8.242144584655762
1000,5e-05,0.01,0.1,0.5,0.0,0.2,184.0,8.197694778442383,5.903433799743652,8.2113676071167,8.399444580078125,1.0,0.3423913043478261,2.2942612171173096,-0.18807671964168549,8.242144584655762
1000,5e-05,0.01,0.1,0.5,0.01,0.0,184.0,8.13219165802002,5.903433799743652,8.153271675109863,8.399444580078125,0.9945652173913043,0.33695652173913043,2.228757381439209,-0.24617281556129456,8.242144584655762
1000,5e-05,0.01,0.1,0.5,0.01,0.01,184.0,8.136909484863281,5.903433799743652,8.15192699432373,8.399444580078125,0.9945652173913043,0.33695652173913043,2.23347544670105,-0.24751663208007812,8.242144584655762
1000,5e-05,0.01,0.1,0.5,0.01,0.1,184.0,8.145660400390625,5.903433799743652,8.15054988861084,8.399444580078125,0.9945652173913043,0.32608695652173914,2.24222731590271,-0.24889464676380157,8.242144584655762
1000,5e-05,0.01,0.1,0.5,0.01,0.2,184.0,8.185784339904785,5.903433799743652,8.207257270812988,8.399444580078125,1.0,0.3423913043478261,2.282350540161133,-0.19218645989894867,8.242144584655762
1000,5e-05,0.01,0.1,0.5,0.1,0.0,184.0,8.140352249145508,5.903433799743652,8.155799865722656,8.399444580078125,0.9945652173913043,0.33695652173913043,2.2369182109832764,-0.2436448037624359,8.242144584655762
1000,5e-05,0.01,0.1,0.5,0.1,0.01,184.0,8.138922691345215,5.903433799743652,8.15230941772461,8.399444580078125,0.9945652173913043,0.3423913043478261,2.2354888916015625,-0.24713511765003204,8.242144584655762
1000,5e-05,0.01,0.1,0.5,0.1,0.1,184.0,8.152392387390137,5.903433799743652,8.158075332641602,8.399444580078125,0.9945652173913043,0.33152173913043476,2.2489593029022217,-0.24136845767498016,8.242144584655762
1000,5e-05,0.01,0.1,0.5,0.1,0.2,184.0,8.186816215515137,5.903433799743652,8.206027030944824,8.399444580078125,1.0,0.34782608695652173,2.2833826541900635,-0.1934163123369217,8.242144584655762
1000,5e-05,0.01,0.1,1.0,0.0,0.0,184.0,8.138742446899414,5.903433799743652,8.150909423828125,8.399444580078125,0.9945652173913043,0.33695652173913043,2.235308885574341,-0.2485349476337433,8.242144584655762
1000,5e-05,0.01,0.1,1.0,0.0,0.01,184.0,8.143959999084473,5.903433799743652,8.158310890197754,8.399444580078125,0.9945652173913043,0.33152173913043476,2.2405266761779785,-0.24113373458385468,8.242144584655762
1000,5e-05,0.01,0.1,1.0,0.0,0.1,184.0,8.166254043579102,5.903433799743652,8.189820289611816,8.399444580078125,0.9945652173913043,0.33695652173913043,2.2628207206726074,-0.20962370932102203,8.242144584655762
1000,5e-05,0.01,0.1,1.0,0.0,0.2,184.0,8.18833065032959,5.903433799743652,8.195930480957031,8.399444580078125,1.0,0.33695652173913043,2.2848970890045166,-0.203513503074646,8.242144584655762
1000,5e-05,0.01,0.1,1.0,0.01,0.0,184.0,8.143195152282715,5.903433799743652,8.153048515319824,8.399444580078125,0.9945652173913043,0.33695652173913043,2.2397613525390625,-0.24639607965946198,8.242144584655762
1000,5e-05,0.01,0.1,1.0,0.01,0.01,184.0,8.142680168151855,5.903433799743652,8.152976036071777,8.399444580078125,0.9945652173913043,0.33695652173913043,2.239246129989624,-0.24646823108196259,8.242144584655762
1000,5e-05,0.01,0.1,1.0,0.01,0.1,184.0,8.152142524719238,5.903433799743652,8.171828269958496,8.399444580078125,1.0,0.33695652173913043,2.248708724975586,-0.2276163101196289,8.242144584655762
1000,5e-05,0.01,0.1,1.0,0.01,0.2,184.0,8.18372917175293,5.903433799743652,8.197687149047852,8.399444580078125,1.0,0.33695652173913043,2.2802956104278564,-0.2017565667629242,8.242144584655762
1000,5e-05,0.01,0.1,1.0,0.1,0.0,184.0,8.138969421386719,5.903433799743652,8.162079811096191,8.399444580078125,0.9945652173913043,0.34782608695652173,2.2355360984802246,-0.2373635321855545,8.242144584655762
1000,5e-05,0.01,0.1,1.0,0.1,0.01,184.0,8.141179084777832,5.903433799743652,8.15196418762207,8.399444580078125,0.9945652173913043,0.33695652173913043,2.2377452850341797,-0.24747955799102783,8.242144584655762
1000,5e-05,0.01,0.1,1.0,0.1,0.1,184.0,8.157055854797363,5.903433799743652,8.179712295532227,8.399444580078125,1.0,0.32608695652173914,2.253622055053711,-0.21973153948783875,8.242144584655762
1000,5e-05,0.01,0.1,1.0,0.1,0.2,184.0,8.187684059143066,5.903433799743652,8.210415840148926,8.399444580078125,1.0,0.3423913043478261,2.2842509746551514,-0.18902777135372162,8.242144584655762
1000,5e-05,0.01,0.5,0.0,0.0,0.0,184.0,8.176114082336426,5.903433799743652,8.19024658203125,8.399444580078125,1.0,0.3641304347826087,2.2726802825927734,-0.20919720828533173,8.242144584655762
1000,5e-05,0.01,0.5,0.0,0.0,0.01,184.0,8.18242359161377,5.903433799743652,8.192797660827637,8.399444580078125,1.0,0.3695652173913043,2.278989315032959,-0.20664654672145844,8.242144584655762
1000,5e-05,0.01,0.5,0.0,0.0,0.1,184.0,8.17807674407959,5.903433799743652,8.189605712890625,8.399444580078125,1.0,0.3695652173913043,2.2746431827545166,-0.20983876287937164,8.242144584655762
1000,5e-05,0.01,0.5,0.0,0.0,0.2,184.0,8.18518352508545,5.903433799743652,8.193524360656738,8.399444580078125,1.0,0.3423913043478261,2.281749963760376,-0.2059207558631897,8.242144584655762
1000,5e-05,0.01,0.5,0.0,0.01,0.0,184.0,8.1768217086792,5.903433799743652,8.190962791442871,8.399444580078125,1.0,0.3695652173913043,2.2733876705169678,-0.2084812968969345,8.242144584655762
1000,5e-05,0.01,0.5,0.0,0.01,0.01,184.0,8.178333282470703,5.903433799743652,8.192026138305664,8.399444580078125,1.0,0.3695652173913043,2.274899959564209,-0.20741835236549377,8.242144584655762
1000,5e-05,0.01,0.5,0.0,0.01,0.1,184.0,8.168551445007324,5.903433799743652,8.18277645111084,8.399444580078125,1.0,0.3641304347826087,2.265117883682251,-0.216668501496315,8.242144584655762
1000,5e-05,0.01,0.5,0.0,0.01,0.2,184.0,8.180093765258789,5.903433799743652,8.193556785583496,8.399444580078125,1.0,0.3423913043478261,2.2766597270965576,-0.20588712394237518,8.242144584655762
1000,5e-05,0.01,0.5,0.0,0.1,0.0,184.0,8.18047046661377,5.903433799743652,8.19346809387207,8.399444580078125,1.0,0.3695652173913043,2.277036666870117,-0.20597538352012634,8.242144584655762
1000,5e-05,0.01,0.5,0.0,0.1,0.01,184.0,8.176451683044434,5.903433799743652,8.190260887145996,8.399444580078125,1.0,0.3695652173913043,2.2730178833007812,-0.20918257534503937,8.242144584655762
1000,5e-05,0.01,0.5,0.0,0.1,0.1,184.0,8.177903175354004,5.903433799743652,8.188940048217773,8.399444580078125,1.0,0.3695652173913043,2.2744693756103516,-0.2105046957731247,8.242144584655762
1000,5e-05,0.01,0.5,0.0,0.1,0.2,184.0,8.185766220092773,5.903433799743652,8.195821762084961,8.399444580078125,1.0,0.34782608695652173,2.2823328971862793,-0.20362302660942078,8.242144584655762
1000,5e-05,0.01,0.5,0.1,0.0,0.0,184.0,8.173140525817871,5.903433799743652,8.185220718383789,8.399444580078125,1.0,0.358695652173913,2.2697062492370605,-0.21422311663627625,8.242144584655762
1000,5e-05,0.01,0.5,0.1,0.0,0.01,184.0,8.179601669311523,5.903433799743652,8.193131446838379,8.399444580078125,1.0,0.3695652173913043,2.276167869567871,-0.20631234347820282,8.242144584655762
1000,5e-05,0.01,0.5,0.1,0.0,0.1,184.0,8.166557312011719,5.903433799743652,8.1758394241333,8.399444580078125,1.0,0.3641304347826087,2.2631235122680664,-0.22360463440418243,8.242144584655762
1000,5e-05,0.01,0.5,0.1,0.0,0.2,184.0,8.175915718078613,5.903433799743652,8.192461013793945,8.399444580078125,1.0,0.3423913043478261,2.2724814414978027,-0.20698286592960358,8.242144584655762
1000,5e-05,0.01,0.5,0.1,0.01,0.0,184.0,8.17821216583252,5.903433799743652,8.191601753234863,8.399444580078125,1.0,0.3695652173913043,2.274777889251709,-0.20784257352352142,8.242144584655762
1000,5e-05,0.01,0.5,0.1,0.01,0.01,184.0,8.17426872253418,5.903433799743652,8.19068431854248,8.399444580078125,1.0,0.3695652173913043,2.2708349227905273,-0.2087593525648117,8.242144584655762
1000,5e-05,0.01,0.5,0.1,0.01,0.1,184.0,8.163458824157715,5.903433799743652,8.185593605041504,8.399444580078125,1.0,0.358695652173913,2.2600247859954834,-0.21385028958320618,8.242144584655762
1000,5e-05,0.01,0.5,0.1,0.01,0.2,184.0,8.169261932373047,5.903433799743652,8.18718147277832,8.399444580078125,0.9945652173913043,0.33695652173913043,2.2658278942108154,-0.21226279437541962,8.242144584655762
1000,5e-05,0.01,0.5,0.1,0.1,0.0,184.0,8.175566673278809,5.903433799743652,8.190425872802734,8.399444580078125,1.0,0.358695652173913,2.272132635116577,-0.20901896059513092,8.242144584655762
1000,5e-05,0.01,0.5,0.1,0.1,0.01,184.0,8.177026748657227,5.903433799743652,8.191743850708008,8.399444580078125,1.0,0.3695652173913043,2.2735939025878906,-0.20770016312599182,8.242144584655762
1000,5e-05,0.01,0.5,0.1,0.1,0.1,184.0,8.166875839233398,5.903433799743652,8.180658340454102,8.399444580078125,1.0,0.3641304347826087,2.263442277908325,-0.21878540515899658,8.242144584655762
1000,5e-05,0.01,0.5,0.1,0.1,0.2,184.0,8.181681632995605,5.903433799743652,8.196394920349121,8.399444580078125,1.0,0.34782608695652173,2.278247594833374,-0.2030494064092636,8.242144584655762
1000,5e-05,0.01,0.5,0.5,0.0,0.0,184.0,8.173110008239746,5.903433799743652,8.184818267822266,8.399444580078125,1.0,0.3641304347826087,2.269676923751831,-0.2146255224943161,8.242144584655762
1000,5e-05,0.01,0.5,0.5,0.0,0.01,184.0,8.17089557647705,5.903433799743652,8.18428897857666,8.399444580078125,1.0,0.3641304347826087,2.2674612998962402,-0.21515528857707977,8.242144584655762
1000,5e-05,0.01,0.5,0.5,0.0,0.1,184.0,8.177972793579102,5.903433799743652,8.190964698791504,8.399444580078125,1.0,0.3695652173913043,2.27453875541687,-0.20847976207733154,8.242144584655762
1000,5e-05,0.01,0.5,0.5,0.0,0.2,184.0,8.183684349060059,5.903433799743652,8.192442893981934,8.399444580078125,1.0,0.34782608695652173,2.280250072479248,-0.20700204372406006,8.242144584655762
1000,5e-05,0.01,0.5,0.5,0.01,0.0,184.0,8.172907829284668,5.903433799743652,8.18643856048584,8.399444580078125,1.0,0.3695652173913043,2.269474506378174,-0.21300534904003143,8.242144584655762
1000,5e-05,0.01,0.5,0.5,0.01,0.01,184.0,8.173388481140137,5.903433799743652,8.18286418914795,8.399444580078125,1.0,0.3695652173913043,2.2699553966522217,-0.21658016741275787,8.242144584655762
1000,5e-05,0.01,0.5,0.5,0.01,0.1,184.0,8.178618431091309,5.903433799743652,8.198019027709961,8.399444580078125,1.0,0.358695652173913,2.2751848697662354,-0.20142559707164764,8.242144584655762
1000,5e-05,0.01,0.5,0.5,0.01,0.2,184.0,8.180663108825684,5.903433799743652,8.195377349853516,8.399444580078125,1.0,0.3423913043478261,2.277229070663452,-0.20406660437583923,8.242144584655762
1000,5e-05,0.01,0.5,0.5,0.1,0.0,184.0,8.17489242553711,5.903433799743652,8.186736106872559,8.399444580078125,1.0,0.3695652173913043,2.271458387374878,-0.21270805597305298,8.242144584655762
1000,5e-05,0.01,0.5,0.5,0.1,0.01,184.0,8.173561096191406,5.903433799743652,8.185467720031738,8.399444580078125,1.0,0.3641304347826087,2.270127058029175,-0.21397732198238373,8.242144584655762
1000,5e-05,0.01,0.5,0.5,0.1,0.1,184.0,8.167963027954102,5.903433799743652,8.192166328430176,8.399444580078125,1.0,0.358695652173913,2.2645301818847656,-0.20727823674678802,8.242144584655762
1000,5e-05,0.01,0.5,0.5,0.1,0.2,184.0,8.187156677246094,5.903433799743652,8.198382377624512,8.399444580078125,1.0,0.3532608695652174,2.283722162246704,-0.20106105506420135,8.242144584655762
1000,5e-05,0.01,0.5,1.0,0.0,0.0,184.0,8.157405853271484,5.903433799743652,8.186991691589355,8.399444580078125,1.0,0.3641304347826087,2.253972291946411,-0.21245262026786804,8.242144584655762
1000,5e-05,0.01,0.5,1.0,0.0,0.01,184.0,8.160143852233887,5.903433799743652,8.189356803894043,8.399444580078125,1.0,0.358695652173913,2.2567107677459717,-0.21008709073066711,8.242144584655762
1000,5e-05,0.01,0.5,1.0,0.0,0.1,184.0,8.177533149719238,5.903433799743652,8.192749977111816,8.399444580078125,1.0,0.358695652173913,2.2740988731384277,-0.20669381320476532,8.242144584655762
1000,5e-05,0.01,0.5,1.0,0.0,0.2,184.0,8.180935859680176,5.903433799743652,8.196839332580566,8.399444580078125,1.0,0.34782608695652173,2.2775015830993652,-0.2026047706604004,8.242144584655762
1000,5e-05,0.01,0.5,1.0,0.01,0.0,184.0,8.163471221923828,5.903433799743652,8.190361022949219,8.399444580078125,1.0,0.3641304347826087,2.260037899017334,-0.20908288657665253,8.242144584655762
1000,5e-05,0.01,0.5,1.0,0.01,0.01,184.0,8.166668891906738,5.903433799743652,8.19443416595459,8.399444580078125,1.0,0.358695652173913,2.2632346153259277,-0.20500962436199188,8.242144584655762
1000,5e-05,0.01,0.5,1.0,0.01,0.1,184.0,8.172052383422852,5.903433799743652,8.192605018615723,8.399444580078125,1.0,0.358695652173913,2.268618106842041,-0.20683908462524414,8.242144584655762
1000,5e-05,0.01,0.5,1.0,0.01,0.2,184.0,8.182940483093262,5.903433799743652,8.206365585327148,8.399444580078125,1.0,0.34782608695652173,2.2795069217681885,-0.19307808578014374,8.242144584655762
1000,5e-05,0.01,0.5,1.0,0.1,0.0,184.0,8.167250633239746,5.903433799743652,8.192200660705566,8.399444580078125,1.0,0.3641304347826087,2.2638168334960938,-0.2072431743144989,8.242144584655762
1000,5e-05,0.01,0.5,1.0,0.1,0.01,184.0,8.174201011657715,5.903433799743652,8.194051742553711,8.399444580078125,1.0,0.3532608695652174,2.2707672119140625,-0.2053920477628708,8.242144584655762
1000,5e-05,0.01,0.5,1.0,0.1,0.1,184.0,8.169837951660156,5.903433799743652,8.193939208984375,8.399444580078125,1.0,0.3532608695652174,2.266403913497925,-0.20550528168678284,8.242144584655762
1000,5e-05,0.01,0.5,1.0,0.1,0.2,184.0,8.186174392700195,5.903433799743652,8.196770668029785,8.399444580078125,1.0,0.34782608695652173,2.2827413082122803,-0.20267385244369507,8.242144584655762
1000,5e-05,0.1,0.01,0.0,0.0,0.0,184.0,7.934545040130615,5.903433799743652,7.98527717590332,8.399444580078125,0.9565217391304348,0.32065217391304346,2.031111240386963,-0.41416633129119873,8.242144584655762
1000,5e-05,0.1,0.01,0.0,0.0,0.01,184.0,7.963192939758301,5.903433799743652,8.004023551940918,8.399444580078125,0.9619565217391305,0.32608695652173914,2.0597591400146484,-0.39542049169540405,8.242144584655762
1000,5e-05,0.1,0.01,0.0,0.0,0.1,184.0,8.068266868591309,5.903433799743652,8.108171463012695,8.399444580078125,0.9891304347826086,0.32065217391304346,2.164832830429077,-0.29127272963523865,8.242144584655762
1000,5e-05,0.1,0.01,0.0,0.0,0.2,184.0,8.119889259338379,5.903433799743652,8.159165382385254,8.399444580078125,0.9945652173913043,0.33695652173913043,2.2164554595947266,-0.24027828872203827,8.242144584655762
1000,5e-05,0.1,0.01,0.0,0.01,0.0,184.0,7.937296390533447,5.903433799743652,7.975245475769043,8.399444580078125,0.9565217391304348,0.32065217391304346,2.033862590789795,-0.4241979718208313,8.242144584655762
1000,5e-05,0.1,0.01,0.0,0.01,0.01,184.0,7.95449161529541,5.903433799743652,7.99057674407959,8.399444580078125,0.9619565217391305,0.31521739130434784,2.051058292388916,-0.40886732935905457,8.242144584655762
1000,5e-05,0.1,0.01,0.0,0.01,0.1,184.0,8.06603717803955,5.903433799743652,8.116186141967773,8.399444580078125,0.9836956521739131,0.32608695652173914,2.162604331970215,-0.2832585573196411,8.242144584655762
1000,5e-05,0.1,0.01,0.0,0.01,0.2,184.0,8.119930267333984,5.903433799743652,8.147445678710938,8.399444580078125,0.9945652173913043,0.3423913043478261,2.216496706008911,-0.2519984543323517,8.242144584655762
1000,5e-05,0.1,0.01,0.0,0.1,0.0,184.0,7.920858860015869,5.903433799743652,7.975182056427002,8.399444580078125,0.9565217391304348,0.32065217391304346,2.017425775527954,-0.4242619276046753,8.242144584655762
1000,5e-05,0.1,0.01,0.0,0.1,0.01,184.0,7.96340799331665,5.903433799743652,8.015124320983887,8.399444580078125,0.9619565217391305,0.32608695652173914,2.0599746704101562,-0.384319931268692,8.242144584655762
1000,5e-05,0.1,0.01,0.0,0.1,0.1,184.0,8.070503234863281,5.903433799743652,8.102734565734863,8.399444580078125,0.9891304347826086,0.32065217391304346,2.1670689582824707,-0.2967093586921692,8.242144584655762
1000,5e-05,0.1,0.01,0.0,0.1,0.2,184.0,8.114599227905273,5.903433799743652,8.149909019470215,8.399444580078125,0.9891304347826086,0.33695652173913043,2.211165428161621,-0.2495347261428833,8.242144584655762
1000,5e-05,0.1,0.01,0.1,0.0,0.0,184.0,7.967042446136475,5.903433799743652,8.014348983764648,8.399444580078125,0.9565217391304348,0.30978260869565216,2.0636088848114014,-0.38509443402290344,8.242144584655762
1000,5e-05,0.1,0.01,0.1,0.0,0.01,184.0,7.982846260070801,5.903433799743652,8.032875061035156,8.399444580078125,0.9565217391304348,0.31521739130434784,2.0794124603271484,-0.36656948924064636,8.242144584655762
1000,5e-05,0.1,0.01,0.1,0.0,0.1,184.0,8.107315063476562,5.903433799743652,8.136590957641602,8.399444580078125,0.9836956521739131,0.33695652173913043,2.2038817405700684,-0.26285266876220703,8.242144584655762
1000,5e-05,0.1,0.01,0.1,0.0,0.2,184.0,8.150369644165039,5.903433799743652,8.183832168579102,8.399444580078125,1.0,0.34782608695652173,2.246936559677124,-0.2156112939119339,8.242144584655762
1000,5e-05,0.1,0.01,0.1,0.01,0.0,184.0,7.966519355773926,5.903433799743652,8.017005920410156,8.399444580078125,0.9565217391304348,0.30434782608695654,2.0630860328674316,-0.38243791460990906,8.242144584655762
1000,5e-05,0.1,0.01,0.1,0.01,0.01,184.0,7.973371505737305,5.903433799743652,8.027475357055664,8.399444580078125,0.9510869565217391,0.30434782608695654,2.069937229156494,-0.37196865677833557,8.242144584655762
1000,5e-05,0.1,0.01,0.1,0.01,0.1,184.0,8.108323097229004,5.903433799743652,8.138160705566406,8.399444580078125,0.9836956521739131,0.33695652173913043,2.2048890590667725,-0.2612825036048889,8.242144584655762
1000,5e-05,0.1,0.01,0.1,0.01,0.2,184.0,8.142784118652344,5.903433799743652,8.188423156738281,8.399444580078125,0.9945652173913043,0.34782608695652173,2.2393503189086914,-0.21102114021778107,8.242144584655762
1000,5e-05,0.1,0.01,0.1,0.1,0.0,184.0,7.960128307342529,5.903433799743652,8.00937557220459,8.399444580078125,0.9619565217391305,0.29891304347826086,2.056694746017456,-0.3900681734085083,8.242144584655762
1000,5e-05,0.1,0.01,0.1,0.1,0.01,184.0,7.972594738006592,5.903433799743652,8.030966758728027,8.399444580078125,0.9510869565217391,0.30978260869565216,2.0691611766815186,-0.36847710609436035,8.242144584655762
1000,5e-05,0.1,0.01,0.1,0.1,0.1,184.0,8.110766410827637,5.903433799743652,8.133371353149414,8.399444580078125,0.9836956521739131,0.33695652173913043,2.20733380317688,-0.2660735249519348,8.242144584655762
1000,5e-05,0.1,0.01,0.1,0.1,0.2,184.0,8.14410400390625,5.903433799743652,8.189637184143066,8.399444580078125,0.9891304347826086,0.3532608695652174,2.2406699657440186,-0.20980706810951233,8.242144584655762
1000,5e-05,0.1,0.01,0.5,0.0,0.0,184.0,8.007852554321289,5.903433799743652,8.030572891235352,8.399444580078125,0.9510869565217391,0.33152173913043476,2.1044185161590576,-0.36887073516845703,8.242144584655762
1000,5e-05,0.1,0.01,0.5,0.0,0.01,184.0,8.0104341506958,5.903433799743652,8.058897972106934,8.399444580078125,0.9510869565217391,0.33152173913043476,2.1070003509521484,-0.3405468463897705,8.242144584655762
1000,5e-05,0.1,0.01,0.5,0.0,0.1,184.0,8.156975746154785,5.903433799743652,8.169270515441895,8.399444580078125,0.9891304347826086,0.3532608695652174,2.253541946411133,-0.23017381131649017,8.242144584655762
1000,5e-05,0.1,0.01,0.5,0.0,0.2,184.0,8.185566902160645,5.903433799743652,8.20141887664795,8.399444580078125,1.0,0.34782608695652173,2.2821335792541504,-0.19802500307559967,8.242144584655762
1000,5e-05,0.1,0.01,0.5,0.01,0.0,184.0,8.00479507446289,5.903433799743652,8.0350980758667,8.399444580078125,0.9510869565217391,0.33695652173913043,2.1013617515563965,-0.3643459677696228,8.242144584655762
1000,5e-05,0.1,0.01,0.5,0.01,0.01,184.0,8.030099868774414,5.903433799743652,8.06924819946289,8.399444580078125,0.9619565217391305,0.33695652173913043,2.126666784286499,-0.33019551634788513,8.242144584655762
1000,5e-05,0.1,0.01,0.5,0.01,0.1,184.0,8.154866218566895,5.903433799743652,8.17213249206543,8.399444580078125,0.9891304347826086,0.3532608695652174,2.251431941986084,-0.2273114174604416,8.242144584655762
1000,5e-05,0.1,0.01,0.5,0.01,0.2,184.0,8.181854248046875,5.903433799743652,8.20141887664795,8.399444580078125,1.0,0.34782608695652173,2.2784206867218018,-0.19802500307559967,8.242144584655762
1000,5e-05,0.1,0.01,0.5,0.1,0.0,184.0,8.006171226501465,5.903433799743652,8.037878036499023,8.399444580078125,0.9510869565217391,0.33695652173913043,2.1027376651763916,-0.3615662157535553,8.242144584655762
1000,5e-05,0.1,0.01,0.5,0.1,0.01,184.0,8.019194602966309,5.903433799743652,8.057400703430176,8.399444580078125,0.9565217391304348,0.3423913043478261,2.1157617568969727,-0.3420432507991791,8.242144584655762
1000,5e-05,0.1,0.01,0.5,0.1,0.1,184.0,8.157809257507324,5.903433799743652,8.171165466308594,8.399444580078125,0.9891304347826086,0.3532608695652174,2.254375696182251,-0.22827886044979095,8.242144584655762
1000,5e-05,0.1,0.01,0.5,0.1,0.2,184.0,8.180120468139648,5.903433799743652,8.195651054382324,8.399444580078125,1.0,0.33695652173913043,2.276686906814575,-0.20379331707954407,8.242144584655762
1000,5e-05,0.1,0.01,1.0,0.0,0.0,184.0,7.97845983505249,5.903433799743652,8.041900634765625,8.399444580078125,0.967391304347826,0.32608695652173914,2.075025796890259,-0.3575437068939209,8.242144584655762
1000,5e-05,0.1,0.01,1.0,0.0,0.01,184.0,8.022882461547852,5.903433799743652,8.070843696594238,8.399444580078125,0.9836956521739131,0.33152173913043476,2.1194491386413574,-0.3286009132862091,8.242144584655762
1000,5e-05,0.1,0.01,1.0,0.0,0.1,184.0,8.125127792358398,5.903433799743652,8.154348373413086,8.399444580078125,0.9891304347826086,0.34782608695652173,2.221694231033325,-0.24509558081626892,8.242144584655762
1000,5e-05,0.1,0.01,1.0,0.0,0.2,184.0,8.171195030212402,5.903433799743652,8.190659523010254,8.399444580078125,0.9945652173913043,0.358695652173913,2.267760992050171,-0.20878493785858154,8.242144584655762
1000,5e-05,0.1,0.01,1.0,0.01,0.0,184.0,7.995774745941162,5.903433799743652,8.050596237182617,8.399444580078125,0.967391304347826,0.33695652173913043,2.0923409461975098,-0.3488479554653168,8.242144584655762
1000,5e-05,0.1,0.01,1.0,0.01,0.01,184.0,8.042903900146484,5.903433799743652,8.075101852416992,8.399444580078125,0.9836956521739131,0.33695652173913043,2.139469861984253,-0.3243420124053955,8.242144584655762
1000,5e-05,0.1,0.01,1.0,0.01,0.1,184.0,8.133028984069824,5.903433799743652,8.149511337280273,8.399444580078125,0.9891304347826086,0.34782608695652173,2.229595422744751,-0.24993345141410828,8.242144584655762
1000,5e-05,0.1,0.01,1.0,0.01,0.2,184.0,8.171263694763184,5.903433799743652,8.19034194946289,8.399444580078125,0.9945652173913043,0.358695652173913,2.2678306102752686,-0.20910179615020752,8.242144584655762
1000,5e-05,0.1,0.01,1.0,0.1,0.0,184.0,7.9901347160339355,5.903433799743652,8.034355163574219,8.399444580078125,0.967391304347826,0.33152173913043476,2.0867018699645996,-0.3650895059108734,8.242144584655762
1000,5e-05,0.1,0.01,1.0,0.1,0.01,184.0,8.018210411071777,5.903433799743652,8.074780464172363,8.399444580078125,0.9836956521739131,0.33695652173913043,2.114776372909546,-0.32466426491737366,8.242144584655762
1000,5e-05,0.1,0.01,1.0,0.1,0.1,184.0,8.14100456237793,5.903433799743652,8.160573959350586,8.399444580078125,0.9891304347826086,0.3532608695652174,2.2375707626342773,-0.2388695627450943,8.242144584655762
1000,5e-05,0.1,0.01,1.0,0.1,0.2,184.0,8.17113208770752,5.903433799743652,8.194009780883789,8.399444580078125,0.9945652173913043,0.358695652173913,2.2676985263824463,-0.20543454587459564,8.242144584655762
1000,5e-05,0.1,0.1,0.0,0.0,0.0,184.0,7.952874183654785,5.903433799743652,7.976691722869873,8.399444580078125,0.967391304347826,0.29891304347826086,2.049440860748291,-0.4227522611618042,8.242144584655762
1000,5e-05,0.1,0.1,0.0,0.0,0.01,184.0,7.998700141906738,5.903433799743652,8.03765869140625,8.399444580078125,0.967391304347826,0.30434782608695654,2.0952672958374023,-0.3617858588695526,8.242144584655762
1000,5e-05,0.1,0.1,0.0,0.0,0.1,184.0,8.088905334472656,5.903433799743652,8.123456001281738,8.399444580078125,0.9891304347826086,0.32065217391304346,2.185471296310425,-0.2759877145290375,8.242144584655762
1000,5e-05,0.1,0.1,0.0,0.0,0.2,184.0,8.094697952270508,5.903433799743652,8.135847091674805,8.399444580078125,0.9891304347826086,0.33152173913043476,2.1912643909454346,-0.26359760761260986,8.242144584655762
1000,5e-05,0.1,0.1,0.0,0.01,0.0,184.0,7.959838390350342,5.903433799743652,8.001550674438477,8.399444580078125,0.9619565217391305,0.29891304347826086,2.0564048290252686,-0.39789262413978577,8.242144584655762
1000,5e-05,0.1,0.1,0.0,0.01,0.01,184.0,7.976425647735596,5.903433799743652,8.014503479003906,8.399444580078125,0.967391304347826,0.29891304347826086,2.0729920864105225,-0.3849402666091919,8.242144584655762
1000,5e-05,0.1,0.1,0.0,0.01,0.1,184.0,8.0690279006958,5.903433799743652,8.119124412536621,8.399444580078125,0.9836956521739131,0.32608695652173914,2.1655941009521484,-0.28031912446022034,8.242144584655762
1000,5e-05,0.1,0.1,0.0,0.01,0.2,184.0,8.116052627563477,5.903433799743652,8.151562690734863,8.399444580078125,0.9891304347826086,0.33695652173913043,2.2126195430755615,-0.24788109958171844,8.242144584655762
1000,5e-05,0.1,0.1,0.0,0.1,0.0,184.0,7.962271213531494,5.903433799743652,7.987636566162109,8.399444580078125,0.9619565217391305,0.30434782608695654,2.0588371753692627,-0.4118072986602783,8.242144584655762
1000,5e-05,0.1,0.1,0.0,0.1,0.01,184.0,7.965394496917725,5.903433799743652,8.007712364196777,8.399444580078125,0.9619565217391305,0.29891304347826086,2.0619606971740723,-0.3917315900325775,8.242144584655762
1000,5e-05,0.1,0.1,0.0,0.1,0.1,184.0,8.098812103271484,5.903433799743652,8.132770538330078,8.399444580078125,0.9891304347826086,0.32065217391304346,2.195378065109253,-0.2666730582714081,8.242144584655762
1000,5e-05,0.1,0.1,0.0,0.1,0.2,184.0,8.101235389709473,5.903433799743652,8.133382797241211,8.399444580078125,0.9891304347826086,0.33152173913043476,2.1978020668029785,-0.26606062054634094,8.242144584655762
1000,5e-05,0.1,0.1,0.1,0.0,0.0,184.0,7.962625980377197,5.903433799743652,7.98781681060791,8.399444580078125,0.9619565217391305,0.2826086956521739,2.059192419052124,-0.41162756085395813,8.242144584655762
1000,5e-05,0.1,0.1,0.1,0.0,0.01,184.0,7.986888885498047,5.903433799743652,8.01840591430664,8.399444580078125,0.967391304347826,0.29891304347826086,2.0834555625915527,-0.3810374140739441,8.242144584655762
1000,5e-05,0.1,0.1,0.1,0.0,0.1,184.0,8.090328216552734,5.903433799743652,8.124746322631836,8.399444580078125,0.9891304347826086,0.32065217391304346,2.186894655227661,-0.2746974229812622,8.242144584655762
1000,5e-05,0.1,0.1,0.1,0.0,0.2,184.0,8.12116813659668,5.903433799743652,8.137858390808105,8.399444580078125,0.9945652173913043,0.32065217391304346,2.2177343368530273,-0.2615855634212494,8.242144584655762
1000,5e-05,0.1,0.1,0.1,0.01,0.0,184.0,7.973227500915527,5.903433799743652,8.00775146484375,8.399444580078125,0.9619565217391305,0.29891304347826086,2.069793701171875,-0.39169272780418396,8.242144584655762
1000,5e-05,0.1,0.1,0.1,0.01,0.01,184.0,7.993790149688721,5.903433799743652,8.02430534362793,8.399444580078125,0.9619565217391305,0.29891304347826086,2.0903565883636475,-0.3751384913921356,8.242144584655762
1000,5e-05,0.1,0.1,0.1,0.01,0.1,184.0,8.08733081817627,5.903433799743652,8.144728660583496,8.399444580078125,0.9891304347826086,0.32608695652173914,2.1838972568511963,-0.2547154128551483,8.242144584655762
1000,5e-05,0.1,0.1,0.1,0.01,0.2,184.0,8.113883972167969,5.903433799743652,8.135592460632324,8.399444580078125,0.9891304347826086,0.32608695652173914,2.2104499340057373,-0.2638520896434784,8.242144584655762
1000,5e-05,0.1,0.1,0.1,0.1,0.0,184.0,7.9833173751831055,5.903433799743652,8.001114845275879,8.399444580078125,0.9619565217391305,0.29891304347826086,2.0798842906951904,-0.398328959941864,8.242144584655762
1000,5e-05,0.1,0.1,0.1,0.1,0.01,184.0,7.97442102432251,5.903433799743652,8.026861190795898,8.399444580078125,0.967391304347826,0.29891304347826086,2.0709874629974365,-0.37258321046829224,8.242144584655762
1000,5e-05,0.1,0.1,0.1,0.1,0.1,184.0,8.067174911499023,5.903433799743652,8.108470916748047,8.399444580078125,0.9891304347826086,0.30978260869565216,2.163740396499634,-0.29097339510917664,8.242144584655762
1000,5e-05,0.1,0.1,0.1,0.1,0.2,184.0,8.11677360534668,5.903433799743652,8.133790016174316,8.399444580078125,0.9945652173913043,0.33152173913043476,2.2133398056030273,-0.2656543552875519,8.242144584655762
1000,5e-05,0.1,0.1,0.5,0.0,0.0,184.0,7.889524936676025,5.903433799743652,7.997372150421143,8.399444580078125,0.9619565217391305,0.30434782608695654,1.9860912561416626,-0.40207192301750183,8.242144584655762
1000,5e-05,0.1,0.1,0.5,0.0,0.01,184.0,7.951655387878418,5.903433799743652,8.003253936767578,8.399444580078125,0.9728260869565217,0.31521739130434784,2.0482218265533447,-0.39618980884552,8.242144584655762
1000,5e-05,0.1,0.1,0.5,0.0,0.1,184.0,8.076205253601074,5.903433799743652,8.110987663269043,8.399444580078125,0.9891304347826086,0.30978260869565216,2.17277193069458,-0.2884562313556671,8.242144584655762
1000,5e-05,0.1,0.1,0.5,0.0,0.2,184.0,8.106852531433105,5.903433799743652,8.150851249694824,8.399444580078125,0.9945652173913043,0.31521739130434784,2.2034189701080322,-0.2485930174589157,8.242144584655762
1000,5e-05,0.1,0.1,0.5,0.01,0.0,184.0,7.888077259063721,5.903433799743652,7.967785358428955,8.399444580078125,0.9619565217391305,0.29891304347826086,1.9846436977386475,-0.43165919184684753,8.242144584655762
1000,5e-05,0.1,0.1,0.5,0.01,0.01,184.0,7.9569807052612305,5.903433799743652,8.022298812866211,8.399444580078125,0.9728260869565217,0.30434782608695654,2.0535476207733154,-0.37714534997940063,8.242144584655762
1000,5e-05,0.1,0.1,0.5,0.01,0.1,184.0,8.081480979919434,5.903433799743652,8.096405029296875,8.399444580078125,0.9891304347826086,0.29891304347826086,2.178046941757202,-0.3030395209789276,8.242144584655762
1000,5e-05,0.1,0.1,0.5,0.01,0.2,184.0,8.11276626586914,5.903433799743652,8.1426362991333,8.399444580078125,0.9891304347826086,0.32065217391304346,2.2093324661254883,-0.2568078935146332,8.242144584655762
1000,5e-05,0.1,0.1,0.5,0.1,0.0,184.0,7.888882637023926,5.903433799743652,7.965197563171387,8.399444580078125,0.9619565217391305,0.29891304347826086,1.9854490756988525,-0.43424680829048157,8.242144584655762
1000,5e-05,0.1,0.1,0.5,0.1,0.01,184.0,7.9463348388671875,5.903433799743652,8.001701354980469,8.399444580078125,0.967391304347826,0.30434782608695654,2.0429012775421143,-0.39774346351623535,8.242144584655762
1000,5e-05,0.1,0.1,0.5,0.1,0.1,184.0,8.095945358276367,5.903433799743652,8.124320983886719,8.399444580078125,0.9891304347826086,0.30978260869565216,2.192511796951294,-0.2751242220401764,8.242144584655762
1000,5e-05,0.1,0.1,0.5,0.1,0.2,184.0,8.120808601379395,5.903433799743652,8.139158248901367,8.399444580078125,0.9891304347826086,0.32608695652173914,2.217374324798584,-0.26028576493263245,8.242144584655762
1000,5e-05,0.1,0.1,1.0,0.0,0.0,184.0,7.933331489562988,5.903433799743652,8.021949768066406,8.399444580078125,0.9565217391304348,0.33695652173913043,2.029897928237915,-0.3774941563606262,8.242144584655762
1000,5e-05,0.1,0.1,1.0,0.0,0.01,184.0,7.944055080413818,5.903433799743652,8.022558212280273,8.399444580078125,0.9619565217391305,0.33695652173913043,2.040621757507324,-0.3768864572048187,8.242144584655762
1000,5e-05,0.1,0.1,1.0,0.0,0.1,184.0,8.07033920288086,5.903433799743652,8.11606502532959,8.399444580078125,0.9891304347826086,0.30978260869565216,2.166905641555786,-0.283379465341568,8.242144584655762
1000,5e-05,0.1,0.1,1.0,0.0,0.2,184.0,8.113511085510254,5.903433799743652,8.176342964172363,8.399444580078125,1.0,0.3423913043478261,2.2100777626037598,-0.2231011837720871,8.242144584655762
1000,5e-05,0.1,0.1,1.0,0.01,0.0,184.0,7.9313883781433105,5.903433799743652,8.007025718688965,8.399444580078125,0.9565217391304348,0.34782608695652173,2.0279555320739746,-0.3924178183078766,8.242144584655762
1000,5e-05,0.1,0.1,1.0,0.01,0.01,184.0,7.950218677520752,5.903433799743652,8.033308029174805,8.399444580078125,0.9619565217391305,0.3423913043478261,2.046785354614258,-0.3661360442638397,8.242144584655762
1000,5e-05,0.1,0.1,1.0,0.01,0.1,184.0,8.059715270996094,5.903433799743652,8.120104789733887,8.399444580078125,0.9945652173913043,0.30978260869565216,2.1562814712524414,-0.2793394923210144,8.242144584655762
1000,5e-05,0.1,0.1,1.0,0.01,0.2,184.0,8.102134704589844,5.903433799743652,8.15066146850586,8.399444580078125,1.0,0.30978260869565216,2.1987009048461914,-0.24878248572349548,8.242144584655762
1000,5e-05,0.1,0.1,1.0,0.1,0.0,184.0,7.955703258514404,5.903433799743652,8.034649848937988,8.399444580078125,0.9619565217391305,0.34782608695652173,2.0522704124450684,-0.3647943437099457,8.242144584655762
1000,5e-05,0.1,0.1,1.0,0.1,0.01,184.0,7.964376926422119,5.903433799743652,8.00950813293457,8.399444580078125,0.9619565217391305,0.3423913043478261,2.0609421730041504,-0.38993561267852783,8.242144584655762
1000,5e-05,0.1,0.1,1.0,0.1,0.1,184.0,8.08447265625,5.903433799743652,8.126709938049316,8.399444580078125,0.9945652173913043,0.30978260869565216,2.181039333343506,-0.27273380756378174,8.242144584655762
1000,5e-05,0.1,0.1,1.0,0.1,0.2,184.0,8.119635581970215,5.903433799743652,8.178616523742676,8.399444580078125,1.0,0.33695652173913043,2.2162017822265625,-0.2208281010389328,8.242144584655762
1000,5e-05,0.1,0.5,0.0,0.0,0.0,184.0,7.890734672546387,5.903433799743652,7.983739376068115,8.399444580078125,0.9347826086956522,0.33695652173913043,1.987300992012024,-0.41570407152175903,8.242144584655762
1000,5e-05,0.1,0.5,0.0,0.0,0.01,184.0,7.907708168029785,5.903433799743652,7.97605562210083,8.399444580078125,0.9456521739130435,0.33152173913043476,2.004274368286133,-0.42338836193084717,8.242144584655762
1000,5e-05,0.1,0.5,0.0,0.0,0.1,184.0,8.08126449584961,5.903433799743652,8.120421409606934,8.399444580078125,0.9945652173913043,0.32608695652173914,2.177830457687378,-0.27902355790138245,8.242144584655762
1000,5e-05,0.1,0.5,0.0,0.0,0.2,184.0,8.115195274353027,5.903433799743652,8.14801025390625,8.399444580078125,0.9945652173913043,0.31521739130434784,2.211761474609375,-0.25143319368362427,8.242144584655762
1000,5e-05,0.1,0.5,0.0,0.01,0.0,184.0,7.930770397186279,5.903433799743652,8.025506019592285,8.399444580078125,0.9510869565217391,0.34782608695652173,2.027336359024048,-0.37393853068351746,8.242144584655762
1000,5e-05,0.1,0.5,0.0,0.01,0.01,184.0,7.912551403045654,5.903433799743652,7.98553466796875,8.399444580078125,0.9456521739130435,0.32608695652173914,2.00911808013916,-0.41390925645828247,8.242144584655762
1000,5e-05,0.1,0.5,0.0,0.01,0.1,184.0,8.088172912597656,5.903433799743652,8.125781059265137,8.399444580078125,0.9945652173913043,0.33152173913043476,2.1847386360168457,-0.27366286516189575,8.242144584655762
1000,5e-05,0.1,0.5,0.0,0.01,0.2,184.0,8.115273475646973,5.903433799743652,8.14741325378418,8.399444580078125,0.9945652173913043,0.30978260869565216,2.2118401527404785,-0.2520310878753662,8.242144584655762
1000,5e-05,0.1,0.5,0.0,0.1,0.0,184.0,7.877994537353516,5.903433799743652,7.945803642272949,8.399444580078125,0.9456521739130435,0.32608695652173914,1.9745609760284424,-0.4536411464214325,8.242144584655762
1000,5e-05,0.1,0.5,0.0,0.1,0.01,184.0,7.903573513031006,5.903433799743652,7.9771342277526855,8.399444580078125,0.9402173913043478,0.33152173913043476,2.000140428543091,-0.4223104417324066,8.242144584655762
1000,5e-05,0.1,0.5,0.0,0.1,0.1,184.0,8.069819450378418,5.903433799743652,8.113463401794434,8.399444580078125,0.9891304347826086,0.31521739130434784,2.1663854122161865,-0.28598129749298096,8.242144584655762
1000,5e-05,0.1,0.5,0.0,0.1,0.2,184.0,8.114904403686523,5.903433799743652,8.142898559570312,8.399444580078125,0.9945652173913043,0.32065217391304346,2.211469888687134,-0.2565456032752991,8.242144584655762
1000,5e-05,0.1,0.5,0.1,0.0,0.0,184.0,7.9026780128479,5.903433799743652,7.976674556732178,8.399444580078125,0.9510869565217391,0.33152173913043476,1.999243974685669,-0.4227689802646637,8.242144584655762
1000,5e-05,0.1,0.5,0.1,0.0,0.01,184.0,7.909807205200195,5.903433799743652,7.988807201385498,8.399444580078125,0.9456521739130435,0.33152173913043476,2.006373882293701,-0.4106364846229553,8.242144584655762
1000,5e-05,0.1,0.5,0.1,0.0,0.1,184.0,8.088360786437988,5.903433799743652,8.137350082397461,8.399444580078125,0.9945652173913043,0.32608695652173914,2.184926748275757,-0.26209431886672974,8.242144584655762
1000,5e-05,0.1,0.5,0.1,0.0,0.2,184.0,8.119410514831543,5.903433799743652,8.159390449523926,8.399444580078125,0.9945652173913043,0.33152173913043476,2.215977191925049,-0.24005384743213654,8.242144584655762
1000,5e-05,0.1,0.5,0.1,0.01,0.0,184.0,7.914224147796631,5.903433799743652,7.9797468185424805,8.399444580078125,0.9510869565217391,0.3423913043478261,2.0107903480529785,-0.4196968078613281,8.242144584655762
1000,5e-05,0.1,0.5,0.1,0.01,0.01,184.0,7.929324626922607,5.903433799743652,7.990258693695068,8.399444580078125,0.9565217391304348,0.32608695652173914,2.025891065597534,-0.40918517112731934,8.242144584655762
1000,5e-05,0.1,0.5,0.1,0.01,0.1,184.0,8.083427429199219,5.903433799743652,8.137456893920898,8.399444580078125,0.9836956521739131,0.33152173913043476,2.1799933910369873,-0.26198825240135193,8.242144584655762
1000,5e-05,0.1,0.5,0.1,0.01,0.2,184.0,8.117783546447754,5.903433799743652,8.144205093383789,8.399444580078125,0.9945652173913043,0.31521739130434784,2.2143497467041016,-0.2552390694618225,8.242144584655762
1000,5e-05,0.1,0.5,0.1,0.1,0.0,184.0,7.877328395843506,5.903433799743652,7.955770969390869,8.399444580078125,0.9456521739130435,0.32608695652173914,1.9738951921463013,-0.4436725974082947,8.242144584655762
1000,5e-05,0.1,0.5,0.1,0.1,0.01,184.0,7.889929294586182,5.903433799743652,7.993956089019775,8.399444580078125,0.9456521739130435,0.3423913043478261,1.986496090888977,-0.4054877758026123,8.242144584655762
1000,5e-05,0.1,0.5,0.1,0.1,0.1,184.0,8.077607154846191,5.903433799743652,8.123039245605469,8.399444580078125,0.9891304347826086,0.32065217391304346,2.1741738319396973,-0.27640557289123535,8.242144584655762
1000,5e-05,0.1,0.5,0.1,0.1,0.2,184.0,8.119525909423828,5.903433799743652,8.141648292541504,8.399444580078125,1.0,0.30434782608695654,2.2160918712615967,-0.2577964663505554,8.242144584655762
1000,5e-05,0.1,0.5,0.5,0.0,0.0,184.0,7.848296642303467,5.903433799743652,7.965307712554932,8.399444580078125,0.9456521739130435,0.33695652173913043,1.9448630809783936,-0.434136301279068,8.242144584655762
1000,5e-05,0.1,0.5,0.5,0.0,0.01,184.0,7.913760185241699,5.903433799743652,7.96329402923584,8.399444580078125,0.9510869565217391,0.33152173913043476,2.0103261470794678,-0.43615052103996277,8.242144584655762
1000,5e-05,0.1,0.5,0.5,0.0,0.1,184.0,8.073458671569824,5.903433799743652,8.130550384521484,8.399444580078125,0.9891304347826086,0.3423913043478261,2.170025110244751,-0.2688937783241272,8.242144584655762
1000,5e-05,0.1,0.5,0.5,0.0,0.2,184.0,8.132596969604492,5.903433799743652,8.156157493591309,8.399444580078125,1.0,0.32608695652173914,2.22916316986084,-0.2432863861322403,8.242144584655762
1000,5e-05,0.1,0.5,0.5,0.01,0.0,184.0,7.8670430183410645,5.903433799743652,7.94854211807251,8.399444580078125,0.9347826086956522,0.32608695652173914,1.9636085033416748,-0.4509023129940033,8.242144584655762
1000,5e-05,0.1,0.5,0.5,0.01,0.01,184.0,7.91208553314209,5.903433799743652,7.957887649536133,8.399444580078125,0.9456521739130435,0.32608695652173914,2.0086517333984375,-0.44155609607696533,8.242144584655762
1000,5e-05,0.1,0.5,0.5,0.01,0.1,184.0,8.069013595581055,5.903433799743652,8.129308700561523,8.399444580078125,0.9891304347826086,0.32608695652173914,2.1655800342559814,-0.2701350152492523,8.242144584655762
1000,5e-05,0.1,0.5,0.5,0.01,0.2,184.0,8.122918128967285,5.903433799743652,8.147085189819336,8.399444580078125,1.0,0.30978260869565216,2.219484329223633,-0.25235968828201294,8.242144584655762
1000,5e-05,0.1,0.5,0.5,0.1,0.0,184.0,7.875393867492676,5.903433799743652,7.970130443572998,8.399444580078125,0.9402173913043478,0.32608695652173914,1.9719603061676025,-0.4293132722377777,8.242144584655762
1000,5e-05,0.1,0.5,0.5,0.1,0.01,184.0,7.917774200439453,5.903433799743652,7.975297927856445,8.399444580078125,0.9456521739130435,0.32608695652173914,2.01434063911438,-0.4241460859775543,8.242144584655762
1000,5e-05,0.1,0.5,0.5,0.1,0.1,184.0,8.072826385498047,5.903433799743652,8.14013671875,8.399444580078125,0.9891304347826086,0.33695652173913043,2.1693923473358154,-0.2593074142932892,8.242144584655762
1000,5e-05,0.1,0.5,0.5,0.1,0.2,184.0,8.125809669494629,5.903433799743652,8.142762184143066,8.399444580078125,1.0,0.29347826086956524,2.2223758697509766,-0.2566812038421631,8.242144584655762
1000,5e-05,0.1,0.5,1.0,0.0,0.0,184.0,7.89237117767334,5.903433799743652,7.97537899017334,8.399444580078125,0.9456521739130435,0.33152173913043476,1.9889380931854248,-0.42406466603279114,8.242144584655762
1000,5e-05,0.1,0.5,1.0,0.0,0.01,184.0,7.920199394226074,5.903433799743652,7.976742744445801,8.399444580078125,0.9402173913043478,0.32065217391304346,2.0167653560638428,-0.4227008819580078,8.242144584655762
1000,5e-05,0.1,0.5,1.0,0.0,0.1,184.0,8.071806907653809,5.903433799743652,8.141738891601562,8.399444580078125,0.9945652173913043,0.33152173913043476,2.168372631072998,-0.2577052414417267,8.242144584655762
1000,5e-05,0.1,0.5,1.0,0.0,0.2,184.0,8.11960220336914,5.903433799743652,8.150359153747559,8.399444580078125,1.0,0.30978260869565216,2.2161684036254883,-0.24908509850502014,8.242144584655762
1000,5e-05,0.1,0.5,1.0,0.01,0.0,184.0,7.895771026611328,5.903433799743652,7.989587306976318,8.399444580078125,0.9402173913043478,0.33152173913043476,1.9923371076583862,-0.4098568856716156,8.242144584655762
1000,5e-05,0.1,0.5,1.0,0.01,0.01,184.0,7.8917555809021,5.903433799743652,7.95784854888916,8.399444580078125,0.9456521739130435,0.32608695652173914,1.988322377204895,-0.44159579277038574,8.242144584655762
1000,5e-05,0.1,0.5,1.0,0.01,0.1,184.0,8.056327819824219,5.903433799743652,8.110857009887695,8.399444580078125,0.9891304347826086,0.32065217391304346,2.1528937816619873,-0.2885868549346924,8.242144584655762
1000,5e-05,0.1,0.5,1.0,0.01,0.2,184.0,8.120725631713867,5.903433799743652,8.152164459228516,8.399444580078125,1.0,0.32065217391304346,2.217292070388794,-0.24727915227413177,8.242144584655762
1000,5e-05,0.1,0.5,1.0,0.1,0.0,184.0,7.871792316436768,5.903433799743652,7.927137851715088,8.399444580078125,0.9347826086956522,0.32608695652173914,1.9683587551116943,-0.4723058044910431,8.242144584655762
1000,5e-05,0.1,0.5,1.0,0.1,0.01,184.0,7.903696537017822,5.903433799743652,7.963449954986572,8.399444580078125,0.9456521739130435,0.33152173913043476,2.000262975692749,-0.4359939396381378,8.242144584655762
1000,5e-05,0.1,0.5,1.0,0.1,0.1,184.0,8.073492050170898,5.903433799743652,8.131415367126465,8.399444580078125,0.9891304347826086,0.32608695652173914,2.170058488845825,-0.2680293321609497,8.242144584655762
1000,5e-05,0.1,0.5,1.0,0.1,0.2,184.0,8.122245788574219,5.903433799743652,8.156779289245605,8.399444580078125,1.0,0.31521739130434784,2.2188119888305664,-0.24266460537910461,8.242144584655762
1000,0.0001,0.0,0.01,0.0,0.0,0.0,184.0,8.098152160644531,5.903433799743652,8.103310585021973,8.399444580078125,0.9836956521739131,0.33152173913043476,2.194718599319458,-0.29613345861434937,8.242144584655762
1000,0.0001,0.0,0.01,0.0,0.0,0.01,184.0,8.127449035644531,5.903433799743652,8.138760566711426,8.399444580078125,0.9945652173913043,0.3423913043478261,2.224015235900879,-0.26068341732025146,8.242144584655762
1000,0.0001,0.0,0.01,0.0,0.0,0.1,184.0,8.171978950500488,5.903433799743652,8.17238712310791,8.399444580078125,1.0,0.30978260869565216,2.268544912338257,-0.22705699503421783,8.242144584655762
1000,0.0001,0.0,0.01,0.0,0.0,0.2,184.0,8.15097713470459,5.903433799743652,8.152003288269043,8.399444580078125,0.9945652173913043,0.30978260869565216,2.2475433349609375,-0.24744075536727905,8.242144584655762
1000,0.0001,0.0,0.01,0.0,0.01,0.0,184.0,8.10800838470459,5.903433799743652,8.110986709594727,8.399444580078125,0.9891304347826086,0.33695652173913043,2.2045743465423584,-0.2884572446346283,8.242144584655762
1000,0.0001,0.0,0.01,0.0,0.01,0.01,184.0,8.133034706115723,5.903433799743652,8.135714530944824,8.399444580078125,0.9891304347826086,0.3423913043478261,2.2296013832092285,-0.2637293338775635,8.242144584655762
1000,0.0001,0.0,0.01,0.0,0.01,0.1,184.0,8.161073684692383,5.903433799743652,8.162093162536621,8.399444580078125,1.0,0.29891304347826086,2.2576401233673096,-0.23735129833221436,8.242144584655762
1000,0.0001,0.0,0.01,0.0,0.01,0.2,184.0,8.153660774230957,5.903433799743652,8.161938667297363,8.399444580078125,0.9945652173913043,0.31521739130434784,2.250227212905884,-0.23750612139701843,8.242144584655762
1000,0.0001,0.0,0.01,0.0,0.1,0.0,184.0,8.125832557678223,5.903433799743652,8.126352310180664,8.399444580078125,0.9945652173913043,0.33152173913043476,2.222398519515991,-0.27309170365333557,8.242144584655762
1000,0.0001,0.0,0.01,0.0,0.1,0.01,184.0,8.153463363647461,5.903433799743652,8.158790588378906,8.399444580078125,0.9945652173913043,0.3423913043478261,2.250030040740967,-0.24065349996089935,8.242144584655762
1000,0.0001,0.0,0.01,0.0,0.1,0.1,184.0,8.176501274108887,5.903433799743652,8.17713737487793,8.399444580078125,1.0,0.32065217391304346,2.2730672359466553,-0.2223065346479416,8.242144584655762
1000,0.0001,0.0,0.01,0.0,0.1,0.2,184.0,8.16278076171875,5.903433799743652,8.1640043258667,8.399444580078125,0.9945652173913043,0.31521739130434784,2.259347677230835,-0.2354397177696228,8.242144584655762
1000,0.0001,0.0,0.01,0.1,0.0,0.0,184.0,8.081854820251465,5.903433799743652,8.086180686950684,8.399444580078125,0.9728260869565217,0.3423913043478261,2.1784212589263916,-0.31326302886009216,8.242144584655762
1000,0.0001,0.0,0.01,0.1,0.0,0.01,184.0,8.126993179321289,5.903433799743652,8.127617835998535,8.399444580078125,0.9836956521739131,0.3423913043478261,2.2235589027404785,-0.27182647585868835,8.242144584655762
1000,0.0001,0.0,0.01,0.1,0.0,0.1,184.0,8.150555610656738,5.903433799743652,8.154541969299316,8.399444580078125,1.0,0.31521739130434784,2.247121572494507,-0.24490149319171906,8.242144584655762
1000,0.0001,0.0,0.01,0.1,0.0,0.2,184.0,8.168294906616211,5.903433799743652,8.171369552612305,8.399444580078125,1.0,0.31521739130434784,2.2648608684539795,-0.22807444632053375,8.242144584655762
1000,0.0001,0.0,0.01,0.1,0.01,0.0,184.0,8.093947410583496,5.903433799743652,8.107709884643555,8.399444580078125,0.9728260869565217,0.34782608695652173,2.1905133724212646,-0.29173436760902405,8.242144584655762
1000,0.0001,0.0,0.01,0.1,0.01,0.01,184.0,8.139203071594238,5.903433799743652,8.139568328857422,8.399444580078125,0.9836956521739131,0.3423913043478261,2.235769271850586,-0.2598761320114136,8.242144584655762
1000,0.0001,0.0,0.01,0.1,0.01,0.1,184.0,8.154600143432617,5.903433799743652,8.15505313873291,8.399444580078125,1.0,0.30978260869565216,2.251166582107544,-0.24439118802547455,8.242144584655762
1000,0.0001,0.0,0.01,0.1,0.01,0.2,184.0,8.167274475097656,5.903433799743652,8.167403221130371,8.399444580078125,1.0,0.30434782608695654,2.2638401985168457,-0.23204156756401062,8.242144584655762
1000,0.0001,0.0,0.01,0.1,0.1,0.0,184.0,8.097270965576172,5.903433799743652,8.101537704467773,8.399444580078125,0.9782608695652174,0.34782608695652173,2.1938369274139404,-0.2979065477848053,8.242144584655762
1000,0.0001,0.0,0.01,0.1,0.1,0.01,184.0,8.118086814880371,5.903433799743652,8.121014595031738,8.399444580078125,0.9782608695652174,0.3423913043478261,2.214653730392456,-0.2784290909767151,8.242144584655762
1000,0.0001,0.0,0.01,0.1,0.1,0.1,184.0,8.155537605285645,5.903433799743652,8.156268119812012,8.399444580078125,1.0,0.31521739130434784,2.252103805541992,-0.24317629635334015,8.242144584655762
1000,0.0001,0.0,0.01,0.1,0.1,0.2,184.0,8.163045883178711,5.903433799743652,8.167693138122559,8.399444580078125,1.0,0.29891304347826086,2.2596118450164795,-0.2317512482404709,8.242144584655762
1000,0.0001,0.0,0.01,0.5,0.0,0.0,184.0,8.075265884399414,5.903433799743652,8.086145401000977,8.399444580078125,0.9728260869565217,0.33695652173913043,2.1718316078186035,-0.3132990598678589,8.242144584655762
1000,0.0001,0.0,0.01,0.5,0.0,0.01,184.0,8.105476379394531,5.903433799743652,8.11629581451416,8.399444580078125,0.9836956521739131,0.33695652173913043,2.2020435333251953,-0.2831481397151947,8.242144584655762
1000,0.0001,0.0,0.01,0.5,0.0,0.1,184.0,8.1848726272583,5.903433799743652,8.186478614807129,8.399444580078125,1.0,0.32065217391304346,2.2814393043518066,-0.21296517550945282,8.242144584655762
1000,0.0001,0.0,0.01,0.5,0.0,0.2,184.0,8.188553810119629,5.903433799743652,8.189043998718262,8.399444580078125,1.0,0.33152173913043476,2.2851202487945557,-0.21040000021457672,8.242144584655762
1000,0.0001,0.0,0.01,0.5,0.01,0.0,184.0,8.073498725891113,5.903433799743652,8.076345443725586,8.399444580078125,0.9782608695652174,0.33695652173913043,2.170065402984619,-0.3230980634689331,8.242144584655762
1000,0.0001,0.0,0.01,0.5,0.01,0.01,184.0,8.14055061340332,5.903433799743652,8.140685081481934,8.399444580078125,0.9945652173913043,0.33152173913043476,2.237117052078247,-0.25875958800315857,8.242144584655762
1000,0.0001,0.0,0.01,0.5,0.01,0.1,184.0,8.187088966369629,5.903433799743652,8.192084312438965,8.399444580078125,1.0,0.32608695652173914,2.2836546897888184,-0.2073591947555542,8.242144584655762
1000,0.0001,0.0,0.01,0.5,0.01,0.2,184.0,8.19445514678955,5.903433799743652,8.196176528930664,8.399444580078125,1.0,0.33695652173913043,2.2910215854644775,-0.20326747000217438,8.242144584655762
1000,0.0001,0.0,0.01,0.5,0.1,0.0,184.0,8.054876327514648,5.903433799743652,8.058670997619629,8.399444580078125,0.967391304347826,0.33152173913043476,2.1514432430267334,-0.34077319502830505,8.242144584655762
1000,0.0001,0.0,0.01,0.5,0.1,0.01,184.0,8.13670825958252,5.903433799743652,8.140621185302734,8.399444580078125,0.9945652173913043,0.33695652173913043,2.2332746982574463,-0.2588227093219757,8.242144584655762
1000,0.0001,0.0,0.01,0.5,0.1,0.1,184.0,8.164144515991211,5.903433799743652,8.164155006408691,8.399444580078125,1.0,0.30978260869565216,2.2607104778289795,-0.2352895885705948,8.242144584655762
1000,0.0001,0.0,0.01,0.5,0.1,0.2,184.0,8.184021949768066,5.903433799743652,8.18942928314209,8.399444580078125,1.0,0.32608695652173914,2.280588150024414,-0.21001504361629486,8.242144584655762
1000,0.0001,0.0,0.01,1.0,0.0,0.0,184.0,8.131999015808105,5.903433799743652,8.146200180053711,8.399444580078125,0.9945652173913043,0.3423913043478261,2.228565216064453,-0.2532442808151245,8.242144584655762
1000,0.0001,0.0,0.01,1.0,0.0,0.01,184.0,8.148932456970215,5.903433799743652,8.160059928894043,8.399444580078125,1.0,0.3423913043478261,2.2454988956451416,-0.23938381671905518,8.242144584655762
1000,0.0001,0.0,0.01,1.0,0.0,0.1,184.0,8.19075870513916,5.903433799743652,8.192621231079102,8.399444580078125,1.0,0.32065217391304346,2.287324905395508,-0.20682230591773987,8.242144584655762
1000,0.0001,0.0,0.01,1.0,0.0,0.2,184.0,8.19233226776123,5.903433799743652,8.196004867553711,8.399444580078125,1.0,0.32065217391304346,2.288898229598999,-0.2034391313791275,8.242144584655762
1000,0.0001,0.0,0.01,1.0,0.01,0.0,184.0,8.13643741607666,5.903433799743652,8.15117073059082,8.399444580078125,0.9945652173913043,0.3423913043478261,2.233003616333008,-0.24827300012111664,8.242144584655762
1000,0.0001,0.0,0.01,1.0,0.01,0.01,184.0,8.139917373657227,5.903433799743652,8.14157485961914,8.399444580078125,0.9945652173913043,0.33152173913043476,2.2364838123321533,-0.2578687369823456,8.242144584655762
1000,0.0001,0.0,0.01,1.0,0.01,0.1,184.0,8.190642356872559,5.903433799743652,8.195435523986816,8.399444580078125,1.0,0.32608695652173914,2.2872087955474854,-0.20400862395763397,8.242144584655762
1000,0.0001,0.0,0.01,1.0,0.01,0.2,184.0,8.198092460632324,5.903433799743652,8.204814910888672,8.399444580078125,1.0,0.32065217391304346,2.2946581840515137,-0.19462929666042328,8.242144584655762
1000,0.0001,0.0,0.01,1.0,0.1,0.0,184.0,8.11367416381836,5.903433799743652,8.13097095489502,8.399444580078125,0.9891304347826086,0.34782608695652173,2.2102396488189697,-0.268473744392395,8.242144584655762
1000,0.0001,0.0,0.01,1.0,0.1,0.01,184.0,8.138529777526855,5.903433799743652,8.141740798950195,8.399444580078125,0.9945652173913043,0.33695652173913043,2.2350964546203613,-0.2577035427093506,8.242144584655762
1000,0.0001,0.0,0.01,1.0,0.1,0.1,184.0,8.193838119506836,5.903433799743652,8.199233055114746,8.399444580078125,1.0,0.31521739130434784,2.290405035018921,-0.20021119713783264,8.242144584655762
1000,0.0001,0.0,0.01,1.0,0.1,0.2,184.0,8.200631141662598,5.903433799743652,8.201489448547363,8.399444580078125,1.0,0.33152173913043476,2.2971975803375244,-0.19795475900173187,8.242144584655762
1000,0.0001,0.0,0.1,0.0,0.0,0.0,184.0,8.149478912353516,5.903433799743652,8.163688659667969,8.399444580078125,0.9945652173913043,0.358695652173913,2.2460453510284424,-0.23575501143932343,8.242144584655762
1000,0.0001,0.0,0.1,0.0,0.0,0.01,184.0,8.16594409942627,5.903433799743652,8.177665710449219,8.399444580078125,0.9945652173913043,0.358695652173913,2.262509822845459,-0.2217789888381958,8.242144584655762
1000,0.0001,0.0,0.1,0.0,0.0,0.1,184.0,8.184989929199219,5.903433799743652,8.188114166259766,8.399444580078125,1.0,0.3423913043478261,2.281555414199829,-0.2113298922777176,8.242144584655762
1000,0.0001,0.0,0.1,0.0,0.0,0.2,184.0,8.178300857543945,5.903433799743652,8.18135929107666,8.399444580078125,1.0,0.33695652173913043,2.2748677730560303,-0.21808528900146484,8.242144584655762
1000,0.0001,0.0,0.1,0.0,0.01,0.0,184.0,8.137465476989746,5.903433799743652,8.16117000579834,8.399444580078125,0.9945652173913043,0.3532608695652174,2.2340309619903564,-0.23827387392520905,8.242144584655762
1000,0.0001,0.0,0.1,0.0,0.01,0.01,184.0,8.167579650878906,5.903433799743652,8.168919563293457,8.399444580078125,0.9945652173913043,0.358695652173913,2.264145851135254,-0.23052416741847992,8.242144584655762
1000,0.0001,0.0,0.1,0.0,0.01,0.1,184.0,8.184464454650879,5.903433799743652,8.18760871887207,8.399444580078125,1.0,0.33695652173913043,2.2810301780700684,-0.21183574199676514,8.242144584655762
1000,0.0001,0.0,0.1,0.0,0.01,0.2,184.0,8.18542766571045,5.903433799743652,8.18603229522705,8.399444580078125,1.0,0.3423913043478261,2.2819933891296387,-0.21341189742088318,8.242144584655762
1000,0.0001,0.0,0.1,0.0,0.1,0.0,184.0,8.141790390014648,5.903433799743652,8.150981903076172,8.399444580078125,0.9945652173913043,0.34782608695652173,2.238356113433838,-0.24846239387989044,8.242144584655762
1000,0.0001,0.0,0.1,0.0,0.1,0.01,184.0,8.17065715789795,5.903433799743652,8.17651653289795,8.399444580078125,0.9945652173913043,0.3695652173913043,2.267223358154297,-0.22292718291282654,8.242144584655762
1000,0.0001,0.0,0.1,0.0,0.1,0.1,184.0,8.19217586517334,5.903433799743652,8.199943542480469,8.399444580078125,1.0,0.33695652173913043,2.2887420654296875,-0.19949983060359955,8.242144584655762
1000,0.0001,0.0,0.1,0.0,0.1,0.2,184.0,8.185585021972656,5.903433799743652,8.191405296325684,8.399444580078125,1.0,0.33152173913043476,2.2821505069732666,-0.20803816616535187,8.242144584655762
1000,0.0001,0.0,0.1,0.1,0.0,0.0,184.0,8.145957946777344,5.903433799743652,8.15305233001709,8.399444580078125,0.9945652173913043,0.34782608695652173,2.242523670196533,-0.2463916689157486,8.242144584655762
1000,0.0001,0.0,0.1,0.1,0.0,0.01,184.0,8.164605140686035,5.903433799743652,8.171660423278809,8.399444580078125,0.9945652173913043,0.3641304347826087,2.261171340942383,-0.22778353095054626,8.242144584655762
1000,0.0001,0.0,0.1,0.1,0.0,0.1,184.0,8.181600570678711,5.903433799743652,8.186186790466309,8.399444580078125,1.0,0.3423913043478261,2.2781662940979004,-0.21325750648975372,8.242144584655762
1000,0.0001,0.0,0.1,0.1,0.0,0.2,184.0,8.186516761779785,5.903433799743652,8.18756103515625,8.399444580078125,1.0,0.33152173913043476,2.283083438873291,-0.21188300848007202,8.242144584655762
1000,0.0001,0.0,0.1,0.1,0.01,0.0,184.0,8.155080795288086,5.903433799743652,8.166266441345215,8.399444580078125,0.9945652173913043,0.3641304347826087,2.2516465187072754,-0.23317782580852509,8.242144584655762
1000,0.0001,0.0,0.1,0.1,0.01,0.01,184.0,8.16206169128418,5.903433799743652,8.163713455200195,8.399444580078125,0.9945652173913043,0.358695652173913,2.2586278915405273,-0.23573008179664612,8.242144584655762
1000,0.0001,0.0,0.1,0.1,0.01,0.1,184.0,8.198301315307617,5.903433799743652,8.20124340057373,8.399444580078125,1.0,0.3532608695652174,2.294867753982544,-0.19820043444633484,8.242144584655762
1000,0.0001,0.0,0.1,0.1,0.01,0.2,184.0,8.180359840393066,5.903433799743652,8.187972068786621,8.399444580078125,1.0,0.33152173913043476,2.2769265174865723,-0.21147149801254272,8.242144584655762
1000,0.0001,0.0,0.1,0.1,0.1,0.0,184.0,8.14598274230957,5.903433799743652,8.155474662780762,8.399444580078125,0.9945652173913043,0.3641304347826087,2.242549419403076,-0.24396935105323792,8.242144584655762
1000,0.0001,0.0,0.1,0.1,0.1,0.01,184.0,8.15809154510498,5.903433799743652,8.164521217346191,8.399444580078125,0.9945652173913043,0.3641304347826087,2.254657506942749,-0.23492231965065002,8.242144584655762
1000,0.0001,0.0,0.1,0.1,0.1,0.1,184.0,8.196213722229004,5.903433799743652,8.198777198791504,8.399444580078125,1.0,0.34782608695652173,2.2927803993225098,-0.2006675899028778,8.242144584655762
1000,0.0001,0.0,0.1,0.1,0.1,0.2,184.0,8.19033145904541,5.903433799743652,8.197930335998535,8.399444580078125,1.0,0.33695652173913043,2.286897659301758,-0.20151396095752716,8.242144584655762
1000,0.0001,0.0,0.1,0.5,0.0,0.0,184.0,8.148022651672363,5.903433799743652,8.156486511230469,8.399444580078125,0.9945652173913043,0.358695652173913,2.24458909034729,-0.24295702576637268,8.242144584655762
1000,0.0001,0.0,0.1,0.5,0.0,0.01,184.0,8.14999008178711,5.903433799743652,8.173418045043945,8.399444580078125,0.9945652173913043,0.358695652173913,2.246556282043457,-0.22602586448192596,8.242144584655762
1000,0.0001,0.0,0.1,0.5,0.0,0.1,184.0,8.197563171386719,5.903433799743652,8.202627182006836,8.399444580078125,1.0,0.3532608695652174,2.2941291332244873,-0.19681644439697266,8.242144584655762
1000,0.0001,0.0,0.1,0.5,0.0,0.2,184.0,8.189908027648926,5.903433799743652,8.194219589233398,8.399444580078125,1.0,0.33152173913043476,2.2864742279052734,-0.2052246630191803,8.242144584655762
1000,0.0001,0.0,0.1,0.5,0.01,0.0,184.0,8.15639877319336,5.903433799743652,8.173545837402344,8.399444580078125,0.9945652173913043,0.3641304347826087,2.252965211868286,-0.22589832544326782,8.242144584655762
1000,0.0001,0.0,0.1,0.5,0.01,0.01,184.0,8.163982391357422,5.903433799743652,8.17651653289795,8.399444580078125,0.9945652173913043,0.358695652173913,2.2605483531951904,-0.22292755544185638,8.242144584655762
1000,0.0001,0.0,0.1,0.5,0.01,0.1,184.0,8.201372146606445,5.903433799743652,8.204972267150879,8.399444580078125,1.0,0.3532608695652174,2.297938585281372,-0.19447264075279236,8.242144584655762
1000,0.0001,0.0,0.1,0.5,0.01,0.2,184.0,8.19041919708252,5.903433799743652,8.195343971252441,8.399444580078125,1.0,0.33152173913043476,2.286985397338867,-0.20410007238388062,8.242144584655762
1000,0.0001,0.0,0.1,0.5,0.1,0.0,184.0,8.146308898925781,5.903433799743652,8.15810489654541,8.399444580078125,0.9945652173913043,0.3423913043478261,2.242875576019287,-0.2413390874862671,8.242144584655762
1000,0.0001,0.0,0.1,0.5,0.1,0.01,184.0,8.157236099243164,5.903433799743652,8.174911499023438,8.399444580078125,0.9945652173913043,0.358695652173913,2.25380277633667,-0.22453245520591736,8.242144584655762
1000,0.0001,0.0,0.1,0.5,0.1,0.1,184.0,8.197799682617188,5.903433799743652,8.200640678405762,8.399444580078125,1.0,0.34782608695652173,2.2943661212921143,-0.19880373775959015,8.242144584655762
1000,0.0001,0.0,0.1,0.5,0.1,0.2,184.0,8.190620422363281,5.903433799743652,8.192826271057129,8.399444580078125,1.0,0.31521739130434784,2.28718638420105,-0.20661699771881104,8.242144584655762
1000,0.0001,0.0,0.1,1.0,0.0,0.0,184.0,8.136773109436035,5.903433799743652,8.163675308227539,8.399444580078125,0.9945652173913043,0.3423913043478261,2.2333390712738037,-0.235769122838974,8.242144584655762
1000,0.0001,0.0,0.1,1.0,0.0,0.01,184.0,8.178574562072754,5.903433799743652,8.188942909240723,8.399444580078125,1.0,0.3641304347826087,2.2751405239105225,-0.21050117909908295,8.242144584655762
1000,0.0001,0.0,0.1,1.0,0.0,0.1,184.0,8.197757720947266,5.903433799743652,8.204463005065918,8.399444580078125,1.0,0.34782608695652173,2.2943248748779297,-0.19498120248317719,8.242144584655762
1000,0.0001,0.0,0.1,1.0,0.0,0.2,184.0,8.182136535644531,5.903433799743652,8.186090469360352,8.399444580078125,1.0,0.32065217391304346,2.278703212738037,-0.21335315704345703,8.242144584655762
1000,0.0001,0.0,0.1,1.0,0.01,0.0,184.0,8.117425918579102,5.903433799743652,8.131919860839844,8.399444580078125,0.9945652173913043,0.3423913043478261,2.213991641998291,-0.26752427220344543,8.242144584655762
1000,0.0001,0.0,0.1,1.0,0.01,0.01,184.0,8.167325973510742,5.903433799743652,8.177846908569336,8.399444580078125,1.0,0.358695652173913,2.26389217376709,-0.22159729897975922,8.242144584655762
1000,0.0001,0.0,0.1,1.0,0.01,0.1,184.0,8.194297790527344,5.903433799743652,8.206223487854004,8.399444580078125,1.0,0.358695652173913,2.2908637523651123,-0.1932203620672226,8.242144584655762
1000,0.0001,0.0,0.1,1.0,0.01,0.2,184.0,8.204061508178711,5.903433799743652,8.209219932556152,8.399444580078125,1.0,0.32608695652173914,2.3006279468536377,-0.19022449851036072,8.242144584655762
1000,0.0001,0.0,0.1,1.0,0.1,0.0,184.0,8.10693073272705,5.903433799743652,8.130736351013184,8.399444580078125,0.9945652173913043,0.3423913043478261,2.2034964561462402,-0.26870855689048767,8.242144584655762
1000,0.0001,0.0,0.1,1.0,0.1,0.01,184.0,8.162769317626953,5.903433799743652,8.177229881286621,8.399444580078125,0.9945652173913043,0.358695652173913,2.259335994720459,-0.22221457958221436,8.242144584655762
1000,0.0001,0.0,0.1,1.0,0.1,0.1,184.0,8.181708335876465,5.903433799743652,8.184737205505371,8.399444580078125,1.0,0.3423913043478261,2.2782745361328125,-0.21470636129379272,8.242144584655762
1000,0.0001,0.0,0.1,1.0,0.1,0.2,184.0,8.185126304626465,5.903433799743652,8.200103759765625,8.399444580078125,1.0,0.31521739130434784,2.2816927433013916,-0.19934093952178955,8.242144584655762
1000,0.0001,0.0,0.5,0.0,0.0,0.0,184.0,8.185787200927734,5.903433799743652,8.201053619384766,8.399444580078125,1.0,0.358695652173913,2.2823538780212402,-0.19839060306549072,8.242144584655762
1000,0.0001,0.0,0.5,0.0,0.0,0.01,184.0,8.19172191619873,5.903433799743652,8.206542015075684,8.399444580078125,1.0,0.3695652173913043,2.288288116455078,-0.1929028481245041,8.242144584655762
1000,0.0001,0.0,0.5,0.0,0.0,0.1,184.0,8.181188583374023,5.903433799743652,8.197383880615234,8.399444580078125,1.0,0.3532608695652174,2.277754545211792,-0.20205999910831451,8.242144584655762
1000,0.0001,0.0,0.5,0.0,0.0,0.2,184.0,8.155294418334961,5.903433799743652,8.170363426208496,8.399444580078125,1.0,0.33152173913043476,2.2518606185913086,-0.22908109426498413,8.242144584655762
1000,0.0001,0.0,0.5,0.0,0.01,0.0,184.0,8.182251930236816,5.903433799743652,8.194108009338379,8.399444580078125,1.0,0.358695652173913,2.2788193225860596,-0.20533578097820282,8.242144584655762
1000,0.0001,0.0,0.5,0.0,0.01,0.01,184.0,8.188131332397461,5.903433799743652,8.206323623657227,8.399444580078125,1.0,0.3695652173913043,2.284698009490967,-0.19311971962451935,8.242144584655762
1000,0.0001,0.0,0.5,0.0,0.01,0.1,184.0,8.192975997924805,5.903433799743652,8.197245597839355,8.399444580078125,1.0,0.34782608695652173,2.2895426750183105,-0.20219860970973969,8.242144584655762
1000,0.0001,0.0,0.5,0.0,0.01,0.2,184.0,8.159476280212402,5.903433799743652,8.169224739074707,8.399444580078125,1.0,0.32608695652173914,2.256042718887329,-0.23021955788135529,8.242144584655762
1000,0.0001,0.0,0.5,0.0,0.1,0.0,184.0,8.199541091918945,5.903433799743652,8.214227676391602,8.399444580078125,1.0,0.3695652173913043,2.2961080074310303,-0.18521595001220703,8.242144584655762
1000,0.0001,0.0,0.5,0.0,0.1,0.01,184.0,8.188122749328613,5.903433799743652,8.202803611755371,8.399444580078125,1.0,0.3695652173913043,2.2846884727478027,-0.19664034247398376,8.242144584655762
1000,0.0001,0.0,0.5,0.0,0.1,0.1,184.0,8.177362442016602,5.903433799743652,8.183581352233887,8.399444580078125,1.0,0.3423913043478261,2.2739293575286865,-0.21586236357688904,8.242144584655762
1000,0.0001,0.0,0.5,0.0,0.1,0.2,184.0,8.153755187988281,5.903433799743652,8.165144920349121,8.399444580078125,1.0,0.33152173913043476,2.250321865081787,-0.23429889976978302,8.242144584655762
1000,0.0001,0.0,0.5,0.1,0.0,0.0,184.0,8.187568664550781,5.903433799743652,8.203547477722168,8.399444580078125,1.0,0.3641304347826087,2.284135580062866,-0.19589664041996002,8.242144584655762
1000,0.0001,0.0,0.5,0.1,0.0,0.01,184.0,8.177263259887695,5.903433799743652,8.19965934753418,8.399444580078125,1.0,0.3641304347826087,2.273829936981201,-0.19978514313697815,8.242144584655762
1000,0.0001,0.0,0.5,0.1,0.0,0.1,184.0,8.19655990600586,5.903433799743652,8.207768440246582,8.399444580078125,1.0,0.358695652173913,2.293125867843628,-0.19167585670948029,8.242144584655762
1000,0.0001,0.0,0.5,0.1,0.0,0.2,184.0,8.154040336608887,5.903433799743652,8.161340713500977,8.399444580078125,1.0,0.32608695652173914,2.2506070137023926,-0.23810358345508575,8.242144584655762
1000,0.0001,0.0,0.5,0.1,0.01,0.0,184.0,8.18709659576416,5.903433799743652,8.199609756469727,8.399444580078125,1.0,0.358695652173913,2.283663272857666,-0.19983449578285217,8.242144584655762
1000,0.0001,0.0,0.5,0.1,0.01,0.01,184.0,8.185225486755371,5.903433799743652,8.199063301086426,8.399444580078125,1.0,0.3641304347826087,2.281792402267456,-0.2003808617591858,8.242144584655762
1000,0.0001,0.0,0.5,0.1,0.01,0.1,184.0,8.182526588439941,5.903433799743652,8.193214416503906,8.399444580078125,1.0,0.3532608695652174,2.279092311859131,-0.2062302827835083,8.242144584655762
1000,0.0001,0.0,0.5,0.1,0.01,0.2,184.0,8.173988342285156,5.903433799743652,8.193896293640137,8.399444580078125,1.0,0.32608695652173914,2.2705554962158203,-0.2055475264787674,8.242144584655762
1000,0.0001,0.0,0.5,0.1,0.1,0.0,184.0,8.190690994262695,5.903433799743652,8.214398384094238,8.399444580078125,1.0,0.3695652173913043,2.2872579097747803,-0.18504545092582703,8.242144584655762
1000,0.0001,0.0,0.5,0.1,0.1,0.01,184.0,8.186572074890137,5.903433799743652,8.196288108825684,8.399444580078125,1.0,0.3641304347826087,2.283139705657959,-0.20315603911876678,8.242144584655762
1000,0.0001,0.0,0.5,0.1,0.1,0.1,184.0,8.19054126739502,5.903433799743652,8.197709083557129,8.399444580078125,1.0,0.3532608695652174,2.2871084213256836,-0.20173539221286774,8.242144584655762
1000,0.0001,0.0,0.5,0.1,0.1,0.2,184.0,8.164913177490234,5.903433799743652,8.177069664001465,8.399444580078125,1.0,0.33152173913043476,2.261478900909424,-0.22237427532672882,8.242144584655762
1000,0.0001,0.0,0.5,0.5,0.0,0.0,184.0,8.181633949279785,5.903433799743652,8.195734024047852,8.399444580078125,1.0,0.3532608695652174,2.278200149536133,-0.20370908081531525,8.242144584655762
1000,0.0001,0.0,0.5,0.5,0.0,0.01,184.0,8.193169593811035,5.903433799743652,8.20889663696289,8.399444580078125,1.0,0.3532608695652174,2.289736270904541,-0.19054757058620453,8.242144584655762
1000,0.0001,0.0,0.5,0.5,0.0,0.1,184.0,8.172102928161621,5.903433799743652,8.182883262634277,8.399444580078125,1.0,0.3532608695652174,2.2686691284179688,-0.21656064689159393,8.242144584655762
1000,0.0001,0.0,0.5,0.5,0.0,0.2,184.0,8.195258140563965,5.903433799743652,8.198600769042969,8.399444580078125,1.0,0.32608695652173914,2.29182505607605,-0.20084306597709656,8.242144584655762
1000,0.0001,0.0,0.5,0.5,0.01,0.0,184.0,8.194082260131836,5.903433799743652,8.213386535644531,8.399444580078125,1.0,0.358695652173913,2.290649175643921,-0.1860571801662445,8.242144584655762
1000,0.0001,0.0,0.5,0.5,0.01,0.01,184.0,8.195459365844727,5.903433799743652,8.206014633178711,8.399444580078125,1.0,0.3695652173913043,2.2920262813568115,-0.19342957437038422,8.242144584655762
1000,0.0001,0.0,0.5,0.5,0.01,0.1,184.0,8.186905860900879,5.903433799743652,8.192031860351562,8.399444580078125,1.0,0.3532608695652174,2.2834725379943848,-0.2074120193719864,8.242144584655762
1000,0.0001,0.0,0.5,0.5,0.01,0.2,184.0,8.18798542022705,5.903433799743652,8.195913314819336,8.399444580078125,1.0,0.33152173913043476,2.2845511436462402,-0.20353098213672638,8.242144584655762
1000,0.0001,0.0,0.5,0.5,0.1,0.0,184.0,8.183450698852539,5.903433799743652,8.203448295593262,8.399444580078125,1.0,0.358695652173913,2.280017614364624,-0.19599595665931702,8.242144584655762
1000,0.0001,0.0,0.5,0.5,0.1,0.01,184.0,8.184676170349121,5.903433799743652,8.206932067871094,8.399444580078125,1.0,0.3641304347826087,2.2812421321868896,-0.19251251220703125,8.242144584655762
1000,0.0001,0.0,0.5,0.5,0.1,0.1,184.0,8.181674003601074,5.903433799743652,8.188024520874023,8.399444580078125,1.0,0.3532608695652174,2.27824068069458,-0.21142064034938812,8.242144584655762
1000,0.0001,0.0,0.5,0.5,0.1,0.2,184.0,8.184252738952637,5.903433799743652,8.205918312072754,8.399444580078125,1.0,0.3423913043478261,2.2808187007904053,-0.1935259997844696,8.242144584655762
1000,0.0001,0.0,0.5,1.0,0.0,0.0,184.0,8.18941593170166,5.903433799743652,8.19858169555664,8.399444580078125,1.0,0.3641304347826087,2.285982608795166,-0.20086176693439484,8.242144584655762
1000,0.0001,0.0,0.5,1.0,0.0,0.01,184.0,8.183333396911621,5.903433799743652,8.211050033569336,8.399444580078125,1.0,0.375,2.2798991203308105,-0.18839384615421295,8.242144584655762
1000,0.0001,0.0,0.5,1.0,0.0,0.1,184.0,8.199862480163574,5.903433799743652,8.215100288391113,8.399444580078125,1.0,0.3641304347826087,2.296428918838501,-0.18434396386146545,8.242144584655762
1000,0.0001,0.0,0.5,1.0,0.0,0.2,184.0,8.172082901000977,5.903433799743652,8.183196067810059,8.399444580078125,1.0,0.33695652173913043,2.2686498165130615,-0.21624772250652313,8.242144584655762
1000,0.0001,0.0,0.5,1.0,0.01,0.0,184.0,8.179679870605469,5.903433799743652,8.198760032653809,8.399444580078125,1.0,0.3641304347826087,2.2762458324432373,-0.2006838470697403,8.242144584655762
1000,0.0001,0.0,0.5,1.0,0.01,0.01,184.0,8.187080383300781,5.903433799743652,8.198519706726074,8.399444580078125,1.0,0.3695652173913043,2.2836475372314453,-0.20092499256134033,8.242144584655762
1000,0.0001,0.0,0.5,1.0,0.01,0.1,184.0,8.184618949890137,5.903433799743652,8.193163871765137,8.399444580078125,1.0,0.358695652173913,2.2811849117279053,-0.20627981424331665,8.242144584655762
1000,0.0001,0.0,0.5,1.0,0.01,0.2,184.0,8.16952133178711,5.903433799743652,8.173151969909668,8.399444580078125,1.0,0.33152173913043476,2.266087293624878,-0.22629188001155853,8.242144584655762
1000,0.0001,0.0,0.5,1.0,0.1,0.0,184.0,8.187602043151855,5.903433799743652,8.198338508605957,8.399444580078125,1.0,0.34782608695652173,2.2841689586639404,-0.20110595226287842,8.242144584655762
1000,0.0001,0.0,0.5,1.0,0.1,0.01,184.0,8.184226036071777,5.903433799743652,8.214522361755371,8.399444580078125,1.0,0.3641304347826087,2.280791997909546,-0.1849214732646942,8.242144584655762
1000,0.0001,0.0,0.5,1.0,0.1,0.1,184.0,8.178296089172363,5.903433799743652,8.193421363830566,8.399444580078125,1.0,0.3532608695652174,2.2748618125915527,-0.20602262020111084,8.242144584655762
1000,0.0001,0.0,0.5,1.0,0.1,0.2,184.0,8.165818214416504,5.903433799743652,8.173160552978516,8.399444580078125,1.0,0.33152173913043476,2.2623836994171143,-0.2262832671403885,8.242144584655762
1000,0.0001,0.01,0.01,0.0,0.0,0.0,184.0,8.031693458557129,5.903433799743652,8.093396186828613,8.399444580078125,0.967391304347826,0.3423913043478261,2.1282601356506348,-0.3060481548309326,8.242144584655762
1000,0.0001,0.01,0.01,0.0,0.0,0.01,184.0,8.122048377990723,5.903433799743652,8.126618385314941,8.399444580078125,0.9891304347826086,0.3423913043478261,2.218614339828491,-0.2728254199028015,8.242144584655762
1000,0.0001,0.01,0.01,0.0,0.0,0.1,184.0,8.147205352783203,5.903433799743652,8.15440845489502,8.399444580078125,0.9945652173913043,0.33152173913043476,2.2437713146209717,-0.2450360655784607,8.242144584655762
1000,0.0001,0.01,0.01,0.0,0.0,0.2,184.0,8.204794883728027,5.903433799743652,8.209918975830078,8.399444580078125,1.0,0.358695652173913,2.301360845565796,-0.18952490389347076,8.242144584655762
1000,0.0001,0.01,0.01,0.0,0.01,0.0,184.0,8.045616149902344,5.903433799743652,8.075857162475586,8.399444580078125,0.967391304347826,0.34782608695652173,2.1421823501586914,-0.323586642742157,8.242144584655762
1000,0.0001,0.01,0.01,0.0,0.01,0.01,184.0,8.138080596923828,5.903433799743652,8.16561222076416,8.399444580078125,0.9945652173913043,0.3532608695652174,2.234647274017334,-0.2338322401046753,8.242144584655762
1000,0.0001,0.01,0.01,0.0,0.01,0.1,184.0,8.14759349822998,5.903433799743652,8.156623840332031,8.399444580078125,0.9945652173913043,0.33152173913043476,2.2441599369049072,-0.24281969666481018,8.242144584655762
1000,0.0001,0.01,0.01,0.0,0.01,0.2,184.0,8.213296890258789,5.903433799743652,8.228399276733398,8.399444580078125,1.0,0.3641304347826087,2.309863805770874,-0.1710454374551773,8.242144584655762
1000,0.0001,0.01,0.01,0.0,0.1,0.0,184.0,8.034547805786133,5.903433799743652,8.073580741882324,8.399444580078125,0.9728260869565217,0.3423913043478261,2.1311142444610596,-0.32586297392845154,8.242144584655762
1000,0.0001,0.01,0.01,0.0,0.1,0.01,184.0,8.115899085998535,5.903433799743652,8.139206886291504,8.399444580078125,0.9891304347826086,0.3423913043478261,2.212465286254883,-0.2602374851703644,8.242144584655762
1000,0.0001,0.01,0.01,0.0,0.1,0.1,184.0,8.144028663635254,5.903433799743652,8.15385913848877,8.399444580078125,0.9945652173913043,0.33695652173913043,2.2405943870544434,-0.24558527767658234,8.242144584655762
1000,0.0001,0.01,0.01,0.0,0.1,0.2,184.0,8.214483261108398,5.903433799743652,8.217901229858398,8.399444580078125,1.0,0.3532608695652174,2.311048984527588,-0.1815434694290161,8.242144584655762
1000,0.0001,0.01,0.01,0.1,0.0,0.0,184.0,8.048587799072266,5.903433799743652,8.091952323913574,8.399444580078125,0.9728260869565217,0.3423913043478261,2.1451542377471924,-0.30749207735061646,8.242144584655762
1000,0.0001,0.01,0.01,0.1,0.0,0.01,184.0,8.138012886047363,5.903433799743652,8.152971267700195,8.399444580078125,0.9945652173913043,0.34782608695652173,2.234579086303711,-0.24647244811058044,8.242144584655762
1000,0.0001,0.01,0.01,0.1,0.0,0.1,184.0,8.17531681060791,5.903433799743652,8.177743911743164,8.399444580078125,0.9945652173913043,0.3532608695652174,2.271883249282837,-0.22170083224773407,8.242144584655762
1000,0.0001,0.01,0.01,0.1,0.0,0.2,184.0,8.227019309997559,5.903433799743652,8.243005752563477,8.399444580078125,1.0,0.375,2.3235859870910645,-0.1564387083053589,8.242144584655762
1000,0.0001,0.01,0.01,0.1,0.01,0.0,184.0,8.033501625061035,5.903433799743652,8.073850631713867,8.399444580078125,0.967391304347826,0.3423913043478261,2.130067825317383,-0.32559338212013245,8.242144584655762
1000,0.0001,0.01,0.01,0.1,0.01,0.01,184.0,8.144401550292969,5.903433799743652,8.161096572875977,8.399444580078125,0.9945652173913043,0.3423913043478261,2.240967035293579,-0.23834747076034546,8.242144584655762
1000,0.0001,0.01,0.01,0.1,0.01,0.1,184.0,8.177275657653809,5.903433799743652,8.180415153503418,8.399444580078125,1.0,0.34782608695652173,2.273841142654419,-0.2190287858247757,8.242144584655762
1000,0.0001,0.01,0.01,0.1,0.01,0.2,184.0,8.225395202636719,5.903433799743652,8.235635757446289,8.399444580078125,1.0,0.3804347826086957,2.3219611644744873,-0.16380812227725983,8.242144584655762
1000,0.0001,0.01,0.01,0.1,0.1,0.0,184.0,8.060086250305176,5.903433799743652,8.092440605163574,8.399444580078125,0.9728260869565217,0.358695652173913,2.1566519737243652,-0.3070036470890045,8.242144584655762
1000,0.0001,0.01,0.01,0.1,0.1,0.01,184.0,8.159222602844238,5.903433799743652,8.17145824432373,8.399444580078125,0.9945652173913043,0.358695652173913,2.2557880878448486,-0.22798600792884827,8.242144584655762
1000,0.0001,0.01,0.01,0.1,0.1,0.1,184.0,8.176556587219238,5.903433799743652,8.203485488891602,8.399444580078125,1.0,0.3641304347826087,2.273122787475586,-0.1959591507911682,8.242144584655762
1000,0.0001,0.01,0.01,0.1,0.1,0.2,184.0,8.221768379211426,5.903433799743652,8.229925155639648,8.399444580078125,1.0,0.3695652173913043,2.3183348178863525,-0.16951917111873627,8.242144584655762
1000,0.0001,0.01,0.01,0.5,0.0,0.0,184.0,8.123847961425781,5.903433799743652,8.144100189208984,8.399444580078125,0.9945652173913043,0.358695652173913,2.220414638519287,-0.25534361600875854,8.242144584655762
1000,0.0001,0.01,0.01,0.5,0.0,0.01,184.0,8.156440734863281,5.903433799743652,8.17409896850586,8.399444580078125,0.9945652173913043,0.3641304347826087,2.253006935119629,-0.22534535825252533,8.242144584655762
1000,0.0001,0.01,0.01,0.5,0.0,0.1,184.0,8.17675495147705,5.903433799743652,8.183335304260254,8.399444580078125,1.0,0.33152173913043476,2.2733209133148193,-0.2161087840795517,8.242144584655762
1000,0.0001,0.01,0.01,0.5,0.0,0.2,184.0,8.206167221069336,5.903433799743652,8.215861320495605,8.399444580078125,1.0,0.33695652173913043,2.3027334213256836,-0.18358242511749268,8.242144584655762
1000,0.0001,0.01,0.01,0.5,0.01,0.0,184.0,8.11357593536377,5.903433799743652,8.132240295410156,8.399444580078125,0.9891304347826086,0.358695652173913,2.210142135620117,-0.26720353960990906,8.242144584655762
1000,0.0001,0.01,0.01,0.5,0.01,0.01,184.0,8.156331062316895,5.903433799743652,8.168604850769043,8.399444580078125,0.9945652173913043,0.3695652173913043,2.252897262573242,-0.23083935678005219,8.242144584655762
1000,0.0001,0.01,0.01,0.5,0.01,0.1,184.0,8.188300132751465,5.903433799743652,8.20196533203125,8.399444580078125,1.0,0.34782608695652173,2.28486704826355,-0.1974790245294571,8.242144584655762
1000,0.0001,0.01,0.01,0.5,0.01,0.2,184.0,8.200440406799316,5.903433799743652,8.214856147766113,8.399444580078125,1.0,0.34782608695652173,2.2970070838928223,-0.18458817899227142,8.242144584655762
1000,0.0001,0.01,0.01,0.5,0.1,0.0,184.0,8.096595764160156,5.903433799743652,8.108742713928223,8.399444580078125,0.9782608695652174,0.3695652173913043,2.1931629180908203,-0.2907019853591919,8.242144584655762
1000,0.0001,0.01,0.01,0.5,0.1,0.01,184.0,8.154550552368164,5.903433799743652,8.16457462310791,8.399444580078125,0.9945652173913043,0.3532608695652174,2.25111722946167,-0.2348690629005432,8.242144584655762
1000,0.0001,0.01,0.01,0.5,0.1,0.1,184.0,8.189665794372559,5.903433799743652,8.193890571594238,8.399444580078125,1.0,0.3423913043478261,2.286231756210327,-0.20555426180362701,8.242144584655762
1000,0.0001,0.01,0.01,0.5,0.1,0.2,184.0,8.207221984863281,5.903433799743652,8.218631744384766,8.399444580078125,1.0,0.34782608695652173,2.303788185119629,-0.18081261217594147,8.242144584655762
1000,0.0001,0.01,0.01,1.0,0.0,0.0,184.0,8.117903709411621,5.903433799743652,8.159197807312012,8.399444580078125,0.9891304347826086,0.358695652173913,2.2144696712493896,-0.24024586379528046,8.242144584655762
1000,0.0001,0.01,0.01,1.0,0.0,0.01,184.0,8.156816482543945,5.903433799743652,8.17212200164795,8.399444580078125,0.9945652173913043,0.3532608695652174,2.253383159637451,-0.22732216119766235,8.242144584655762
1000,0.0001,0.01,0.01,1.0,0.0,0.1,184.0,8.183006286621094,5.903433799743652,8.187358856201172,8.399444580078125,1.0,0.34782608695652173,2.279571771621704,-0.21208566427230835,8.242144584655762
1000,0.0001,0.01,0.01,1.0,0.0,0.2,184.0,8.201129913330078,5.903433799743652,8.206520080566406,8.399444580078125,1.0,0.34782608695652173,2.2976958751678467,-0.19292379915714264,8.242144584655762
1000,0.0001,0.01,0.01,1.0,0.01,0.0,184.0,8.102865219116211,5.903433799743652,8.14208698272705,8.399444580078125,0.9836956521739131,0.358695652173913,2.1994311809539795,-0.2573578953742981,8.242144584655762
1000,0.0001,0.01,0.01,1.0,0.01,0.01,184.0,8.147865295410156,5.903433799743652,8.172262191772461,8.399444580078125,0.9945652173913043,0.358695652173913,2.244431495666504,-0.22718185186386108,8.242144584655762
1000,0.0001,0.01,0.01,1.0,0.01,0.1,184.0,8.180846214294434,5.903433799743652,8.192831039428711,8.399444580078125,1.0,0.33695652173913043,2.2774126529693604,-0.20661307871341705,8.242144584655762
1000,0.0001,0.01,0.01,1.0,0.01,0.2,184.0,8.194384574890137,5.903433799743652,8.208662986755371,8.399444580078125,1.0,0.3641304347826087,2.2909512519836426,-0.19078032672405243,8.242144584655762
1000,0.0001,0.01,0.01,1.0,0.1,0.0,184.0,8.11178207397461,5.903433799743652,8.157214164733887,8.399444580078125,0.9782608695652174,0.358695652173913,2.208348512649536,-0.24223016202449799,8.242144584655762
1000,0.0001,0.01,0.01,1.0,0.1,0.01,184.0,8.151843070983887,5.903433799743652,8.160958290100098,8.399444580078125,0.9945652173913043,0.3532608695652174,2.2484090328216553,-0.2384856641292572,8.242144584655762
1000,0.0001,0.01,0.01,1.0,0.1,0.1,184.0,8.17922592163086,5.903433799743652,8.188161849975586,8.399444580078125,1.0,0.3423913043478261,2.2757914066314697,-0.2112826257944107,8.242144584655762
1000,0.0001,0.01,0.01,1.0,0.1,0.2,184.0,8.208416938781738,5.903433799743652,8.216214179992676,8.399444580078125,1.0,0.34782608695652173,2.304983139038086,-0.1832294464111328,8.242144584655762
1000,0.0001,0.01,0.1,0.0,0.0,0.0,184.0,8.148987770080566,5.903433799743652,8.160056114196777,8.399444580078125,0.9945652173913043,0.34782608695652173,2.245553970336914,-0.2393881380558014,8.242144584655762
1000,0.0001,0.01,0.1,0.0,0.0,0.01,184.0,8.149316787719727,5.903433799743652,8.160835266113281,8.399444580078125,0.9945652173913043,0.3423913043478261,2.2458832263946533,-0.23860931396484375,8.242144584655762
1000,0.0001,0.01,0.1,0.0,0.0,0.1,184.0,8.1488037109375,5.903433799743652,8.16059398651123,8.399444580078125,0.9945652173913043,0.33695652173913043,2.245370388031006,-0.2388499677181244,8.242144584655762
1000,0.0001,0.01,0.1,0.0,0.0,0.2,184.0,8.201125144958496,5.903433799743652,8.207076072692871,8.399444580078125,1.0,0.3532608695652174,2.2976913452148438,-0.19236783683300018,8.242144584655762
1000,0.0001,0.01,0.1,0.0,0.01,0.0,184.0,8.107413291931152,5.903433799743652,8.125406265258789,8.399444580078125,0.9836956521739131,0.3423913043478261,2.203979730606079,-0.27403804659843445,8.242144584655762
1000,0.0001,0.01,0.1,0.0,0.01,0.01,184.0,8.143728256225586,5.903433799743652,8.165787696838379,8.399444580078125,0.9945652173913043,0.3423913043478261,2.2402944564819336,-0.2336568385362625,8.242144584655762
1000,0.0001,0.01,0.1,0.0,0.01,0.1,184.0,8.159299850463867,5.903433799743652,8.169983863830566,8.399444580078125,0.9945652173913043,0.33695652173913043,2.255866289138794,-0.22946028411388397,8.242144584655762
1000,0.0001,0.01,0.1,0.0,0.01,0.2,184.0,8.203357696533203,5.903433799743652,8.20800495147705,8.399444580078125,1.0,0.3532608695652174,2.299924612045288,-0.1914392113685608,8.242144584655762
1000,0.0001,0.01,0.1,0.0,0.1,0.0,184.0,8.118108749389648,5.903433799743652,8.139562606811523,8.399444580078125,0.9836956521739131,0.34782608695652173,2.214675188064575,-0.25988197326660156,8.242144584655762
1000,0.0001,0.01,0.1,0.0,0.1,0.01,184.0,8.151278495788574,5.903433799743652,8.166119575500488,8.399444580078125,0.9945652173913043,0.3532608695652174,2.2478444576263428,-0.2333250641822815,8.242144584655762
1000,0.0001,0.01,0.1,0.0,0.1,0.1,184.0,8.154601097106934,5.903433799743652,8.167433738708496,8.399444580078125,0.9945652173913043,0.33152173913043476,2.2511675357818604,-0.2320099025964737,8.242144584655762
1000,0.0001,0.01,0.1,0.0,0.1,0.2,184.0,8.191183090209961,5.903433799743652,8.199899673461914,8.399444580078125,1.0,0.3532608695652174,2.2877490520477295,-0.19954414665699005,8.242144584655762
1000,0.0001,0.01,0.1,0.1,0.0,0.0,184.0,8.113706588745117,5.903433799743652,8.123059272766113,8.399444580078125,0.9836956521739131,0.3423913043478261,2.210272789001465,-0.2763855457305908,8.242144584655762
1000,0.0001,0.01,0.1,0.1,0.0,0.01,184.0,8.126385688781738,5.903433799743652,8.152956008911133,8.399444580078125,0.9945652173913043,0.3423913043478261,2.2229514122009277,-0.24648819863796234,8.242144584655762
1000,0.0001,0.01,0.1,0.1,0.0,0.1,184.0,8.174272537231445,5.903433799743652,8.186568260192871,8.399444580078125,1.0,0.34782608695652173,2.270838499069214,-0.21287573873996735,8.242144584655762
1000,0.0001,0.01,0.1,0.1,0.0,0.2,184.0,8.200577735900879,5.903433799743652,8.213602066040039,8.399444580078125,1.0,0.3532608695652174,2.29714298248291,-0.1858420968055725,8.242144584655762
1000,0.0001,0.01,0.1,0.1,0.01,0.0,184.0,8.108539581298828,5.903433799743652,8.134653091430664,8.399444580078125,0.9836956521739131,0.3423913043478261,2.205106258392334,-0.2647912800312042,8.242144584655762
1000,0.0001,0.01,0.1,0.1,0.01,0.01,184.0,8.136759757995605,5.903433799743652,8.152859687805176,8.399444580078125,0.9891304347826086,0.34782608695652173,2.2333264350891113,-0.24658498167991638,8.242144584655762
1000,0.0001,0.01,0.1,0.1,0.01,0.1,184.0,8.157733917236328,5.903433799743652,8.16704273223877,8.399444580078125,0.9945652173913043,0.3423913043478261,2.254300594329834,-0.23240168392658234,8.242144584655762
1000,0.0001,0.01,0.1,0.1,0.01,0.2,184.0,8.209539413452148,5.903433799743652,8.221192359924316,8.399444580078125,1.0,0.358695652173913,2.306105613708496,-0.17825201153755188,8.242144584655762
1000,0.0001,0.01,0.1,0.1,0.1,0.0,184.0,8.110655784606934,5.903433799743652,8.129377365112305,8.399444580078125,0.9836956521739131,0.3532608695652174,2.207221269607544,-0.27006766200065613,8.242144584655762
1000,0.0001,0.01,0.1,0.1,0.1,0.01,184.0,8.147107124328613,5.903433799743652,8.164711952209473,8.399444580078125,0.9945652173913043,0.3532608695652174,2.243673324584961,-0.23473234474658966,8.242144584655762
1000,0.0001,0.01,0.1,0.1,0.1,0.1,184.0,8.153107643127441,5.903433799743652,8.163287162780762,8.399444580078125,0.9945652173913043,0.3423913043478261,2.2496743202209473,-0.23615679144859314,8.242144584655762
1000,0.0001,0.01,0.1,0.1,0.1,0.2,184.0,8.198408126831055,5.903433799743652,8.20593547821045,8.399444580078125,1.0,0.3532608695652174,2.2949740886688232,-0.19350789487361908,8.242144584655762
1000,0.0001,0.01,0.1,0.5,0.0,0.0,184.0,8.125517845153809,5.903433799743652,8.148309707641602,8.399444580078125,0.9891304347826086,0.3423913043478261,2.2220840454101562,-0.2511346936225891,8.242144584655762
1000,0.0001,0.01,0.1,0.5,0.0,0.01,184.0,8.145809173583984,5.903433799743652,8.160560607910156,8.399444580078125,0.9945652173913043,0.34782608695652173,2.242375373840332,-0.2388838529586792,8.242144584655762
1000,0.0001,0.01,0.1,0.5,0.0,0.1,184.0,8.171561241149902,5.903433799743652,8.181340217590332,8.399444580078125,1.0,0.3423913043478261,2.268127202987671,-0.21810400485992432,8.242144584655762
1000,0.0001,0.01,0.1,0.5,0.0,0.2,184.0,8.214582443237305,5.903433799743652,8.223528861999512,8.399444580078125,1.0,0.34782608695652173,2.3111488819122314,-0.17591486871242523,8.242144584655762
1000,0.0001,0.01,0.1,0.5,0.01,0.0,184.0,8.142427444458008,5.903433799743652,8.165087699890137,8.399444580078125,0.9945652173913043,0.3532608695652174,2.2389938831329346,-0.23435604572296143,8.242144584655762
1000,0.0001,0.01,0.1,0.5,0.01,0.01,184.0,8.145020484924316,5.903433799743652,8.156501770019531,8.399444580078125,0.9945652173913043,0.3423913043478261,2.2415871620178223,-0.24294303357601166,8.242144584655762
1000,0.0001,0.01,0.1,0.5,0.01,0.1,184.0,8.185203552246094,5.903433799743652,8.199370384216309,8.399444580078125,0.9945652173913043,0.358695652173913,2.2817697525024414,-0.20007355511188507,8.242144584655762
1000,0.0001,0.01,0.1,0.5,0.01,0.2,184.0,8.202948570251465,5.903433799743652,8.214863777160645,8.399444580078125,1.0,0.358695652173913,2.2995147705078125,-0.1845802217721939,8.242144584655762
1000,0.0001,0.01,0.1,0.5,0.1,0.0,184.0,8.121635437011719,5.903433799743652,8.130884170532227,8.399444580078125,0.9836956521739131,0.33152173913043476,2.2182016372680664,-0.26855969429016113,8.242144584655762
1000,0.0001,0.01,0.1,0.5,0.1,0.01,184.0,8.146588325500488,5.903433799743652,8.164082527160645,8.399444580078125,0.9945652173913043,0.33695652173913043,2.243154525756836,-0.23536209762096405,8.242144584655762
1000,0.0001,0.01,0.1,0.5,0.1,0.1,184.0,8.174357414245605,5.903433799743652,8.195696830749512,8.399444580078125,0.9945652173913043,0.34782608695652173,2.2709238529205322,-0.20374758541584015,8.242144584655762
1000,0.0001,0.01,0.1,0.5,0.1,0.2,184.0,8.20639419555664,5.903433799743652,8.21140193939209,8.399444580078125,1.0,0.3532608695652174,2.302960157394409,-0.18804152309894562,8.242144584655762
1000,0.0001,0.01,0.1,1.0,0.0,0.0,184.0,8.149706840515137,5.903433799743652,8.16634464263916,8.399444580078125,0.9945652173913043,0.34782608695652173,2.2462735176086426,-0.23309999704360962,8.242144584655762
1000,0.0001,0.01,0.1,1.0,0.0,0.01,184.0,8.154144287109375,5.903433799743652,8.163805961608887,8.399444580078125,0.9945652173913043,0.3423913043478261,2.2507102489471436,-0.23563845455646515,8.242144584655762
1000,0.0001,0.01,0.1,1.0,0.0,0.1,184.0,8.171270370483398,5.903433799743652,8.186371803283691,8.399444580078125,1.0,0.33695652173913043,2.267835855484009,-0.21307221055030823,8.242144584655762
1000,0.0001,0.01,0.1,1.0,0.0,0.2,184.0,8.198771476745605,5.903433799743652,8.21408748626709,8.399444580078125,1.0,0.33695652173913043,2.2953381538391113,-0.18535709381103516,8.242144584655762
1000,0.0001,0.01,0.1,1.0,0.01,0.0,184.0,8.145630836486816,5.903433799743652,8.158778190612793,8.399444580078125,0.9945652173913043,0.3423913043478261,2.2421977519989014,-0.24066531658172607,8.242144584655762
1000,0.0001,0.01,0.1,1.0,0.01,0.01,184.0,8.150580406188965,5.903433799743652,8.159748077392578,8.399444580078125,0.9945652173913043,0.3423913043478261,2.2471468448638916,-0.23969629406929016,8.242144584655762
1000,0.0001,0.01,0.1,1.0,0.01,0.1,184.0,8.174055099487305,5.903433799743652,8.190972328186035,8.399444580078125,1.0,0.33152173913043476,2.2706215381622314,-0.2084716260433197,8.242144584655762
1000,0.0001,0.01,0.1,1.0,0.01,0.2,184.0,8.198232650756836,5.903433799743652,8.209554672241211,8.399444580078125,1.0,0.33152173913043476,2.294799566268921,-0.1898891180753708,8.242144584655762
1000,0.0001,0.01,0.1,1.0,0.1,0.0,184.0,8.139452934265137,5.903433799743652,8.160338401794434,8.399444580078125,0.9945652173913043,0.358695652173913,2.2360196113586426,-0.23910637199878693,8.242144584655762
1000,0.0001,0.01,0.1,1.0,0.1,0.01,184.0,8.162071228027344,5.903433799743652,8.168744087219238,8.399444580078125,0.9945652173913043,0.358695652173913,2.2586379051208496,-0.2307000309228897,8.242144584655762
1000,0.0001,0.01,0.1,1.0,0.1,0.1,184.0,8.166760444641113,5.903433799743652,8.192329406738281,8.399444580078125,1.0,0.33152173913043476,2.263326644897461,-0.20711496472358704,8.242144584655762
1000,0.0001,0.01,0.1,1.0,0.1,0.2,184.0,8.202986717224121,5.903433799743652,8.216992378234863,8.399444580078125,1.0,0.3423913043478261,2.299553155899048,-0.18245157599449158,8.242144584655762
1000,0.0001,0.01,0.5,0.0,0.0,0.0,184.0,8.144917488098145,5.903433799743652,8.159745216369629,8.399444580078125,0.9945652173913043,0.33695652173913043,2.241483211517334,-0.23969845473766327,8.242144584655762
1000,0.0001,0.01,0.5,0.0,0.0,0.01,184.0,8.145164489746094,5.903433799743652,8.162632942199707,8.399444580078125,0.9945652173913043,0.34782608695652173,2.2417306900024414,-0.23681142926216125,8.242144584655762
1000,0.0001,0.01,0.5,0.0,0.0,0.1,184.0,8.178297996520996,5.903433799743652,8.200793266296387,8.399444580078125,1.0,0.3532608695652174,2.2748641967773438,-0.19865062832832336,8.242144584655762
1000,0.0001,0.01,0.5,0.0,0.0,0.2,184.0,8.175464630126953,5.903433799743652,8.186716079711914,8.399444580078125,1.0,0.358695652173913,2.272031307220459,-0.21272791922092438,8.242144584655762
1000,0.0001,0.01,0.5,0.0,0.01,0.0,184.0,8.142635345458984,5.903433799743652,8.170060157775879,8.399444580078125,0.9945652173913043,0.358695652173913,2.239201545715332,-0.22938378155231476,8.242144584655762
1000,0.0001,0.01,0.5,0.0,0.01,0.01,184.0,8.147010803222656,5.903433799743652,8.165227890014648,8.399444580078125,0.9945652173913043,0.34782608695652173,2.2435779571533203,-0.23421598970890045,8.242144584655762
1000,0.0001,0.01,0.5,0.0,0.01,0.1,184.0,8.187982559204102,5.903433799743652,8.209695816040039,8.399444580078125,1.0,0.3641304347826087,2.28454852104187,-0.1897488683462143,8.242144584655762
1000,0.0001,0.01,0.5,0.0,0.01,0.2,184.0,8.182765007019043,5.903433799743652,8.187575340270996,8.399444580078125,1.0,0.3423913043478261,2.279331684112549,-0.21186812222003937,8.242144584655762
1000,0.0001,0.01,0.5,0.0,0.1,0.0,184.0,8.135139465332031,5.903433799743652,8.168327331542969,8.399444580078125,0.9945652173913043,0.358695652173913,2.231706380844116,-0.2311173677444458,8.242144584655762
1000,0.0001,0.01,0.5,0.0,0.1,0.01,184.0,8.14826488494873,5.903433799743652,8.159224510192871,8.399444580078125,0.9945652173913043,0.34782608695652173,2.2448315620422363,-0.2402198165655136,8.242144584655762
1000,0.0001,0.01,0.5,0.0,0.1,0.1,184.0,8.174891471862793,5.903433799743652,8.183941841125488,8.399444580078125,1.0,0.34782608695652173,2.271458148956299,-0.21550317108631134,8.242144584655762
1000,0.0001,0.01,0.5,0.0,0.1,0.2,184.0,8.178942680358887,5.903433799743652,8.191773414611816,8.399444580078125,1.0,0.3532608695652174,2.27551007270813,-0.2076699584722519,8.242144584655762
1000,0.0001,0.01,0.5,0.1,0.0,0.0,184.0,8.142807006835938,5.903433799743652,8.156821250915527,8.399444580078125,0.9945652173913043,0.3423913043478261,2.2393736839294434,-0.24262291193008423,8.242144584655762
1000,0.0001,0.01,0.5,0.1,0.0,0.01,184.0,8.144240379333496,5.903433799743652,8.161749839782715,8.399444580078125,0.9945652173913043,0.3532608695652174,2.24080753326416,-0.23769448697566986,8.242144584655762
1000,0.0001,0.01,0.5,0.1,0.0,0.1,184.0,8.174511909484863,5.903433799743652,8.196523666381836,8.399444580078125,1.0,0.34782608695652173,2.2710769176483154,-0.20292016863822937,8.242144584655762
1000,0.0001,0.01,0.5,0.1,0.0,0.2,184.0,8.190874099731445,5.903433799743652,8.199357032775879,8.399444580078125,1.0,0.3532608695652174,2.2874410152435303,-0.20008638501167297,8.242144584655762
1000,0.0001,0.01,0.5,0.1,0.01,0.0,184.0,8.147171974182129,5.903433799743652,8.155241966247559,8.399444580078125,0.9945652173913043,0.3423913043478261,2.2437386512756348,-0.24420207738876343,8.242144584655762
1000,0.0001,0.01,0.5,0.1,0.01,0.01,184.0,8.137335777282715,5.903433799743652,8.155220031738281,8.399444580078125,0.9945652173913043,0.34782608695652173,2.2339026927948,-0.24422475695610046,8.242144584655762
1000,0.0001,0.01,0.5,0.1,0.01,0.1,184.0,8.185879707336426,5.903433799743652,8.198663711547852,8.399444580078125,1.0,0.34782608695652173,2.2824459075927734,-0.2007799595594406,8.242144584655762
1000,0.0001,0.01,0.5,0.1,0.01,0.2,184.0,8.195453643798828,5.903433799743652,8.202083587646484,8.399444580078125,1.0,0.3641304347826087,2.292020320892334,-0.19736050069332123,8.242144584655762
1000,0.0001,0.01,0.5,0.1,0.1,0.0,184.0,8.145868301391602,5.903433799743652,8.156436920166016,8.399444580078125,0.9945652173913043,0.3423913043478261,2.2424347400665283,-0.24300745129585266,8.242144584655762
1000,0.0001,0.01,0.5,0.1,0.1,0.01,184.0,8.147662162780762,5.903433799743652,8.159708023071289,8.399444580078125,0.9945652173913043,0.34782608695652173,2.2442283630371094,-0.2397357076406479,8.242144584655762
1000,0.0001,0.01,0.5,0.1,0.1,0.1,184.0,8.176837921142578,5.903433799743652,8.192551612854004,8.399444580078125,1.0,0.3423913043478261,2.273404598236084,-0.2068929672241211,8.242144584655762
1000,0.0001,0.01,0.5,0.1,0.1,0.2,184.0,8.187094688415527,5.903433799743652,8.196098327636719,8.399444580078125,1.0,0.3532608695652174,2.283661127090454,-0.2033461630344391,8.242144584655762
1000,0.0001,0.01,0.5,0.5,0.0,0.0,184.0,8.148871421813965,5.903433799743652,8.164770126342773,8.399444580078125,0.9945652173913043,0.3532608695652174,2.2454380989074707,-0.23467488586902618,8.242144584655762
1000,0.0001,0.01,0.5,0.5,0.0,0.01,184.0,8.143980979919434,5.903433799743652,8.15817642211914,8.399444580078125,0.9945652173913043,0.34782608695652173,2.2405471801757812,-0.24126751720905304,8.242144584655762
1000,0.0001,0.01,0.5,0.5,0.0,0.1,184.0,8.194772720336914,5.903433799743652,8.21273136138916,8.399444580078125,1.0,0.358695652173913,2.2913384437561035,-0.1867131143808365,8.242144584655762
1000,0.0001,0.01,0.5,0.5,0.0,0.2,184.0,8.189454078674316,5.903433799743652,8.204235076904297,8.399444580078125,1.0,0.358695652173913,2.2860207557678223,-0.19520902633666992,8.242144584655762
1000,0.0001,0.01,0.5,0.5,0.01,0.0,184.0,8.144721031188965,5.903433799743652,8.156469345092773,8.399444580078125,0.9945652173913043,0.3532608695652174,2.2412869930267334,-0.24297544360160828,8.242144584655762
1000,0.0001,0.01,0.5,0.5,0.01,0.01,184.0,8.134087562561035,5.903433799743652,8.155330657958984,8.399444580078125,0.9945652173913043,0.3532608695652174,2.2306535243988037,-0.24411380290985107,8.242144584655762
1000,0.0001,0.01,0.5,0.5,0.01,0.1,184.0,8.199808120727539,5.903433799743652,8.209407806396484,8.399444580078125,1.0,0.358695652173913,2.2963738441467285,-0.1900368183851242,8.242144584655762
1000,0.0001,0.01,0.5,0.5,0.01,0.2,184.0,8.185314178466797,5.903433799743652,8.203409194946289,8.399444580078125,1.0,0.358695652173913,2.2818801403045654,-0.19603468477725983,8.242144584655762
1000,0.0001,0.01,0.5,0.5,0.1,0.0,184.0,8.14110279083252,5.903433799743652,8.157020568847656,8.399444580078125,0.9945652173913043,0.3532608695652174,2.2376694679260254,-0.24242375791072845,8.242144584655762
1000,0.0001,0.01,0.5,0.5,0.1,0.01,184.0,8.145583152770996,5.903433799743652,8.158034324645996,8.399444580078125,0.9945652173913043,0.34782608695652173,2.242149591445923,-0.24140936136245728,8.242144584655762
1000,0.0001,0.01,0.5,0.5,0.1,0.1,184.0,8.197471618652344,5.903433799743652,8.212669372558594,8.399444580078125,1.0,0.3532608695652174,2.294037103652954,-0.18677456676959991,8.242144584655762
1000,0.0001,0.01,0.5,0.5,0.1,0.2,184.0,8.201661109924316,5.903433799743652,8.213126182556152,8.399444580078125,1.0,0.3641304347826087,2.2982277870178223,-0.18631811439990997,8.242144584655762
1000,0.0001,0.01,0.5,1.0,0.0,0.0,184.0,8.138714790344238,5.903433799743652,8.152610778808594,8.399444580078125,0.9945652173913043,0.358695652173913,2.2352797985076904,-0.24683286249637604,8.242144584655762
1000,0.0001,0.01,0.5,1.0,0.0,0.01,184.0,8.142722129821777,5.903433799743652,8.16270923614502,8.399444580078125,0.9945652173913043,0.34782608695652173,2.239288330078125,-0.23673538863658905,8.242144584655762
1000,0.0001,0.01,0.5,1.0,0.0,0.1,184.0,8.186278343200684,5.903433799743652,8.195442199707031,8.399444580078125,1.0,0.358695652173913,2.2828445434570312,-0.20400212705135345,8.242144584655762
1000,0.0001,0.01,0.5,1.0,0.0,0.2,184.0,8.175666809082031,5.903433799743652,8.193674087524414,8.399444580078125,1.0,0.358695652173913,2.2722322940826416,-0.20576953887939453,8.242144584655762
1000,0.0001,0.01,0.5,1.0,0.01,0.0,184.0,8.147298812866211,5.903433799743652,8.16321086883545,8.399444580078125,0.9945652173913043,0.3532608695652174,2.2438642978668213,-0.2362339049577713,8.242144584655762
1000,0.0001,0.01,0.5,1.0,0.01,0.01,184.0,8.146942138671875,5.903433799743652,8.165667533874512,8.399444580078125,0.9945652173913043,0.34782608695652173,2.2435083389282227,-0.23377655446529388,8.242144584655762
1000,0.0001,0.01,0.5,1.0,0.01,0.1,184.0,8.183877944946289,5.903433799743652,8.19143009185791,8.399444580078125,1.0,0.3532608695652174,2.280444860458374,-0.20801402628421783,8.242144584655762
1000,0.0001,0.01,0.5,1.0,0.01,0.2,184.0,8.169303894042969,5.903433799743652,8.176485061645508,8.399444580078125,1.0,0.3532608695652174,2.2658698558807373,-0.2229589968919754,8.242144584655762
1000,0.0001,0.01,0.5,1.0,0.1,0.0,184.0,8.148445129394531,5.903433799743652,8.170001029968262,8.399444580078125,0.9945652173913043,0.3532608695652174,2.245011329650879,-0.22944316267967224,8.242144584655762
1000,0.0001,0.01,0.5,1.0,0.1,0.01,184.0,8.145766258239746,5.903433799743652,8.160222053527832,8.399444580078125,0.9945652173913043,0.34782608695652173,2.2423324584960938,-0.23922240734100342,8.242144584655762
1000,0.0001,0.01,0.5,1.0,0.1,0.1,184.0,8.181551933288574,5.903433799743652,8.199263572692871,8.399444580078125,1.0,0.3641304347826087,2.278118133544922,-0.20018090307712555,8.242144584655762
1000,0.0001,0.01,0.5,1.0,0.1,0.2,184.0,8.175514221191406,5.903433799743652,8.18862247467041,8.399444580078125,1.0,0.3532608695652174,2.272081136703491,-0.2108219414949417,8.242144584655762
1000,0.0001,0.1,0.01,0.0,0.0,0.0,184.0,7.833324909210205,5.903433799743652,7.867739677429199,8.399444580078125,0.9184782608695652,0.29891304347826086,1.9298908710479736,-0.5317047834396362,8.242144584655762
1000,0.0001,0.1,0.01,0.0,0.0,0.01,184.0,7.86731481552124,5.903433799743652,7.920694828033447,8.399444580078125,0.9293478260869565,0.30978260869565216,1.9638811349868774,-0.4787493050098419,8.242144584655762
1000,0.0001,0.1,0.01,0.0,0.0,0.1,184.0,8.096171379089355,5.903433799743652,8.120938301086426,8.399444580078125,0.9782608695652174,0.3423913043478261,2.1927382946014404,-0.27850598096847534,8.242144584655762
1000,0.0001,0.1,0.01,0.0,0.0,0.2,184.0,8.152201652526855,5.903433799743652,8.174544334411621,8.399444580078125,0.9945652173913043,0.3423913043478261,2.248767614364624,-0.2248992919921875,8.242144584655762
1000,0.0001,0.1,0.01,0.0,0.01,0.0,184.0,7.824211597442627,5.903433799743652,7.857858180999756,8.399444580078125,0.9184782608695652,0.29347826086956524,1.9207775592803955,-0.5415858626365662,8.242144584655762
1000,0.0001,0.1,0.01,0.0,0.01,0.01,184.0,7.870102405548096,5.903433799743652,7.920323848724365,8.399444580078125,0.9347826086956522,0.30978260869565216,1.9666692018508911,-0.479120135307312,8.242144584655762
1000,0.0001,0.1,0.01,0.0,0.01,0.1,184.0,8.088748931884766,5.903433799743652,8.1215238571167,8.399444580078125,0.9782608695652174,0.3423913043478261,2.1853153705596924,-0.2779195308685303,8.242144584655762
1000,0.0001,0.1,0.01,0.0,0.01,0.2,184.0,8.163777351379395,5.903433799743652,8.206208229064941,8.399444580078125,0.9945652173913043,0.3641304347826087,2.260343551635742,-0.19323591887950897,8.242144584655762
1000,0.0001,0.1,0.01,0.0,0.1,0.0,184.0,7.8211774826049805,5.903433799743652,7.873355865478516,8.399444580078125,0.9239130434782609,0.30434782608695654,1.917744517326355,-0.5260879993438721,8.242144584655762
1000,0.0001,0.1,0.01,0.0,0.1,0.01,184.0,7.868311882019043,5.903433799743652,7.903045654296875,8.399444580078125,0.9347826086956522,0.30978260869565216,1.9648785591125488,-0.49639827013015747,8.242144584655762
1000,0.0001,0.1,0.01,0.0,0.1,0.1,184.0,8.108194351196289,5.903433799743652,8.14531135559082,8.399444580078125,0.9836956521739131,0.3423913043478261,2.204761028289795,-0.25413277745246887,8.242144584655762
1000,0.0001,0.1,0.01,0.0,0.1,0.2,184.0,8.157755851745605,5.903433799743652,8.18937873840332,8.399444580078125,0.9945652173913043,0.3532608695652174,2.2543222904205322,-0.21006546914577484,8.242144584655762
1000,0.0001,0.1,0.01,0.1,0.0,0.0,184.0,7.866403102874756,5.903433799743652,7.91704797744751,8.399444580078125,0.9402173913043478,0.27717391304347827,1.962969183921814,-0.48239633440971375,8.242144584655762
1000,0.0001,0.1,0.01,0.1,0.0,0.01,184.0,7.914685249328613,5.903433799743652,7.92917537689209,8.399444580078125,0.9510869565217391,0.27717391304347827,2.01125168800354,-0.47026875615119934,8.242144584655762
1000,0.0001,0.1,0.01,0.1,0.0,0.1,184.0,8.119391441345215,5.903433799743652,8.137017250061035,8.399444580078125,0.9836956521739131,0.33152173913043476,2.2159581184387207,-0.2624272108078003,8.242144584655762
1000,0.0001,0.1,0.01,0.1,0.0,0.2,184.0,8.170159339904785,5.903433799743652,8.191946029663086,8.399444580078125,0.9945652173913043,0.3532608695652174,2.26672625541687,-0.20749813318252563,8.242144584655762
1000,0.0001,0.1,0.01,0.1,0.01,0.0,184.0,7.860879421234131,5.903433799743652,7.9164838790893555,8.399444580078125,0.9293478260869565,0.28804347826086957,1.9574458599090576,-0.4829595685005188,8.242144584655762
1000,0.0001,0.1,0.01,0.1,0.01,0.01,184.0,7.925660610198975,5.903433799743652,7.943036079406738,8.399444580078125,0.9510869565217391,0.2717391304347826,2.0222268104553223,-0.4564080536365509,8.242144584655762
1000,0.0001,0.1,0.01,0.1,0.01,0.1,184.0,8.109845161437988,5.903433799743652,8.124761581420898,8.399444580078125,0.9836956521739131,0.33152173913043476,2.206411361694336,-0.2746823728084564,8.242144584655762
1000,0.0001,0.1,0.01,0.1,0.01,0.2,184.0,8.164782524108887,5.903433799743652,8.195337295532227,8.399444580078125,0.9945652173913043,0.3532608695652174,2.2613484859466553,-0.2041064202785492,8.242144584655762
1000,0.0001,0.1,0.01,0.1,0.1,0.0,184.0,7.86016321182251,5.903433799743652,7.922987461090088,8.399444580078125,0.9347826086956522,0.28804347826086957,1.9567294120788574,-0.47645655274391174,8.242144584655762
1000,0.0001,0.1,0.01,0.1,0.1,0.01,184.0,7.906363010406494,5.903433799743652,7.934554576873779,8.399444580078125,0.9510869565217391,0.28804347826086957,2.0029296875,-0.4648897051811218,8.242144584655762
1000,0.0001,0.1,0.01,0.1,0.1,0.1,184.0,8.108870506286621,5.903433799743652,8.123900413513184,8.399444580078125,0.9836956521739131,0.33695652173913043,2.205436944961548,-0.27554360032081604,8.242144584655762
1000,0.0001,0.1,0.01,0.1,0.1,0.2,184.0,8.162927627563477,5.903433799743652,8.188016891479492,8.399444580078125,0.9945652173913043,0.3532608695652174,2.259495258331299,-0.21142740547657013,8.242144584655762
1000,0.0001,0.1,0.01,0.5,0.0,0.0,184.0,7.761549472808838,5.903433799743652,7.82407283782959,8.399444580078125,0.9239130434782609,0.2826086956521739,1.8581162691116333,-0.5753711462020874,8.242144584655762
1000,0.0001,0.1,0.01,0.5,0.0,0.01,184.0,7.907339572906494,5.903433799743652,7.944612503051758,8.399444580078125,0.9456521739130435,0.30434782608695654,2.003905773162842,-0.4548313319683075,8.242144584655762
1000,0.0001,0.1,0.01,0.5,0.0,0.1,184.0,8.170562744140625,5.903433799743652,8.199897766113281,8.399444580078125,0.9945652173913043,0.34782608695652173,2.267129421234131,-0.19954532384872437,8.242144584655762
1000,0.0001,0.1,0.01,0.5,0.0,0.2,184.0,8.177414894104004,5.903433799743652,8.193711280822754,8.399444580078125,1.0,0.3423913043478261,2.2739806175231934,-0.2057337760925293,8.242144584655762
1000,0.0001,0.1,0.01,0.5,0.01,0.0,184.0,7.782611846923828,5.903433799743652,7.854445934295654,8.399444580078125,0.9239130434782609,0.28804347826086957,1.8791782855987549,-0.5449981689453125,8.242144584655762
1000,0.0001,0.1,0.01,0.5,0.01,0.01,184.0,7.908477306365967,5.903433799743652,7.969467639923096,8.399444580078125,0.9510869565217391,0.30978260869565216,2.0050435066223145,-0.4299762547016144,8.242144584655762
1000,0.0001,0.1,0.01,0.5,0.01,0.1,184.0,8.172009468078613,5.903433799743652,8.202178955078125,8.399444580078125,1.0,0.34782608695652173,2.26857590675354,-0.1972648650407791,8.242144584655762
1000,0.0001,0.1,0.01,0.5,0.01,0.2,184.0,8.170348167419434,5.903433799743652,8.193731307983398,8.399444580078125,1.0,0.33695652173913043,2.266913652420044,-0.20571380853652954,8.242144584655762
1000,0.0001,0.1,0.01,0.5,0.1,0.0,184.0,7.79148530960083,5.903433799743652,7.85830545425415,8.399444580078125,0.9293478260869565,0.29347826086956524,1.8880517482757568,-0.5411382913589478,8.242144584655762
1000,0.0001,0.1,0.01,0.5,0.1,0.01,184.0,7.8620524406433105,5.903433799743652,7.93164587020874,8.399444580078125,0.9402173913043478,0.29347826086956524,1.958619475364685,-0.467798113822937,8.242144584655762
1000,0.0001,0.1,0.01,0.5,0.1,0.1,184.0,8.161892890930176,5.903433799743652,8.18873405456543,8.399444580078125,1.0,0.3532608695652174,2.2584598064422607,-0.21071042120456696,8.242144584655762
1000,0.0001,0.1,0.01,0.5,0.1,0.2,184.0,8.172584533691406,5.903433799743652,8.190794944763184,8.399444580078125,1.0,0.3423913043478261,2.269150733947754,-0.20864900946617126,8.242144584655762
1000,0.0001,0.1,0.01,1.0,0.0,0.0,184.0,7.882567882537842,5.903433799743652,7.957781791687012,8.399444580078125,0.9510869565217391,0.31521739130434784,1.9791343212127686,-0.44166216254234314,8.242144584655762
1000,0.0001,0.1,0.01,1.0,0.0,0.01,184.0,7.928526401519775,5.903433799743652,7.9802961349487305,8.399444580078125,0.967391304347826,0.31521739130434784,2.025092840194702,-0.4191475808620453,8.242144584655762
1000,0.0001,0.1,0.01,1.0,0.0,0.1,184.0,8.12762451171875,5.903433799743652,8.170639991760254,8.399444580078125,0.9891304347826086,0.3423913043478261,2.224191188812256,-0.2288040965795517,8.242144584655762
1000,0.0001,0.1,0.01,1.0,0.0,0.2,184.0,8.151861190795898,5.903433799743652,8.19409465789795,8.399444580078125,1.0,0.3423913043478261,2.248427629470825,-0.20535025000572205,8.242144584655762
1000,0.0001,0.1,0.01,1.0,0.01,0.0,184.0,7.8579325675964355,5.903433799743652,7.901040077209473,8.399444580078125,0.9510869565217391,0.29891304347826086,1.9544990062713623,-0.4984038770198822,8.242144584655762
1000,0.0001,0.1,0.01,1.0,0.01,0.01,184.0,7.933975696563721,5.903433799743652,7.9994401931762695,8.399444580078125,0.9782608695652174,0.32065217391304346,2.0305426120758057,-0.40000373125076294,8.242144584655762
1000,0.0001,0.1,0.01,1.0,0.01,0.1,184.0,8.136173248291016,5.903433799743652,8.171416282653809,8.399444580078125,0.9891304347826086,0.3423913043478261,2.2327404022216797,-0.22802740335464478,8.242144584655762
1000,0.0001,0.1,0.01,1.0,0.01,0.2,184.0,8.16199016571045,5.903433799743652,8.194117546081543,8.399444580078125,1.0,0.33695652173913043,2.258556604385376,-0.20532628893852234,8.242144584655762
1000,0.0001,0.1,0.01,1.0,0.1,0.0,184.0,7.845591068267822,5.903433799743652,7.960813999176025,8.399444580078125,0.9402173913043478,0.30978260869565216,1.94215726852417,-0.43863022327423096,8.242144584655762
1000,0.0001,0.1,0.01,1.0,0.1,0.01,184.0,7.924983978271484,5.903433799743652,7.990283489227295,8.399444580078125,0.967391304347826,0.30434782608695654,2.021549940109253,-0.4091602861881256,8.242144584655762
1000,0.0001,0.1,0.01,1.0,0.1,0.1,184.0,8.122469902038574,5.903433799743652,8.141268730163574,8.399444580078125,0.9891304347826086,0.33152173913043476,2.219036102294922,-0.25817522406578064,8.242144584655762
1000,0.0001,0.1,0.01,1.0,0.1,0.2,184.0,8.161031723022461,5.903433799743652,8.190999031066895,8.399444580078125,1.0,0.3423913043478261,2.2575974464416504,-0.2084449678659439,8.242144584655762
1000,0.0001,0.1,0.1,0.0,0.0,0.0,184.0,7.87653112411499,5.903433799743652,7.9553542137146,8.399444580078125,0.9456521739130435,0.27717391304347827,1.973097801208496,-0.4440895617008209,8.242144584655762
1000,0.0001,0.1,0.1,0.0,0.0,0.01,184.0,7.902225017547607,5.903433799743652,7.976001262664795,8.399444580078125,0.9565217391304348,0.29891304347826086,1.9987916946411133,-0.42344358563423157,8.242144584655762
1000,0.0001,0.1,0.1,0.0,0.0,0.1,184.0,8.101797103881836,5.903433799743652,8.116737365722656,8.399444580078125,0.9891304347826086,0.33152173913043476,2.198364019393921,-0.28270676732063293,8.242144584655762
1000,0.0001,0.1,0.1,0.0,0.0,0.2,184.0,8.13166618347168,5.903433799743652,8.156312942504883,8.399444580078125,0.9891304347826086,0.3423913043478261,2.2282323837280273,-0.2431313544511795,8.242144584655762
1000,0.0001,0.1,0.1,0.0,0.01,0.0,184.0,7.842888832092285,5.903433799743652,7.94474458694458,8.399444580078125,0.9456521739130435,0.28804347826086957,1.9394551515579224,-0.45469939708709717,8.242144584655762
1000,0.0001,0.1,0.1,0.0,0.01,0.01,184.0,7.96030330657959,5.903433799743652,8.024693489074707,8.399444580078125,0.9728260869565217,0.32065217391304346,2.0568697452545166,-0.37475064396858215,8.242144584655762
1000,0.0001,0.1,0.1,0.0,0.01,0.1,184.0,8.086812019348145,5.903433799743652,8.116532325744629,8.399444580078125,0.9891304347826086,0.33152173913043476,2.183378219604492,-0.282912015914917,8.242144584655762
1000,0.0001,0.1,0.1,0.0,0.01,0.2,184.0,8.137216567993164,5.903433799743652,8.160111427307129,8.399444580078125,0.9945652173913043,0.33695652173913043,2.23378324508667,-0.2393331527709961,8.242144584655762
1000,0.0001,0.1,0.1,0.0,0.1,0.0,184.0,7.838447093963623,5.903433799743652,7.896883964538574,8.399444580078125,0.9347826086956522,0.2717391304347826,1.9350136518478394,-0.5025607943534851,8.242144584655762
1000,0.0001,0.1,0.1,0.0,0.1,0.01,184.0,7.922366142272949,5.903433799743652,7.974656581878662,8.399444580078125,0.9510869565217391,0.29347826086956524,2.0189321041107178,-0.4247875213623047,8.242144584655762
1000,0.0001,0.1,0.1,0.0,0.1,0.1,184.0,8.086910247802734,5.903433799743652,8.110973358154297,8.399444580078125,0.9891304347826086,0.33152173913043476,2.183476448059082,-0.288470983505249,8.242144584655762
1000,0.0001,0.1,0.1,0.0,0.1,0.2,184.0,8.14042854309082,5.903433799743652,8.160080909729004,8.399444580078125,0.9891304347826086,0.33695652173913043,2.236994981765747,-0.23936262726783752,8.242144584655762
1000,0.0001,0.1,0.1,0.1,0.0,0.0,184.0,7.853429317474365,5.903433799743652,7.917497634887695,8.399444580078125,0.9239130434782609,0.29347826086956524,1.949995994567871,-0.4819466173648834,8.242144584655762
1000,0.0001,0.1,0.1,0.1,0.0,0.01,184.0,7.909048557281494,5.903433799743652,8.008561134338379,8.399444580078125,0.9510869565217391,0.30434782608695654,2.005614995956421,-0.3908829391002655,8.242144584655762
1000,0.0001,0.1,0.1,0.1,0.0,0.1,184.0,8.099992752075195,5.903433799743652,8.118025779724121,8.399444580078125,0.9891304347826086,0.32065217391304346,2.196559429168701,-0.2814188003540039,8.242144584655762
1000,0.0001,0.1,0.1,0.1,0.0,0.2,184.0,8.151461601257324,5.903433799743652,8.16968059539795,8.399444580078125,0.9945652173913043,0.3423913043478261,2.2480275630950928,-0.2297631949186325,8.242144584655762
1000,0.0001,0.1,0.1,0.1,0.01,0.0,184.0,7.841307163238525,5.903433799743652,7.9375319480896,8.399444580078125,0.9402173913043478,0.29347826086956524,1.937873125076294,-0.4619120657444,8.242144584655762
1000,0.0001,0.1,0.1,0.1,0.01,0.01,184.0,7.914713382720947,5.903433799743652,7.967324733734131,8.399444580078125,0.9510869565217391,0.28804347826086957,2.0112802982330322,-0.4321185052394867,8.242144584655762
1000,0.0001,0.1,0.1,0.1,0.01,0.1,184.0,8.09339714050293,5.903433799743652,8.121672630310059,8.399444580078125,0.9891304347826086,0.31521739130434784,2.1899633407592773,-0.27777108550071716,8.242144584655762
1000,0.0001,0.1,0.1,0.1,0.01,0.2,184.0,8.153365135192871,5.903433799743652,8.167472839355469,8.399444580078125,0.9891304347826086,0.33152173913043476,2.2499313354492188,-0.23197142779827118,8.242144584655762
1000,0.0001,0.1,0.1,0.1,0.1,0.0,184.0,7.8495683670043945,5.903433799743652,7.921368598937988,8.399444580078125,0.9347826086956522,0.2826086956521739,1.9461346864700317,-0.4780753552913666,8.242144584655762
1000,0.0001,0.1,0.1,0.1,0.1,0.01,184.0,7.925656318664551,5.903433799743652,7.990146636962891,8.399444580078125,0.9565217391304348,0.32065217391304346,2.0222225189208984,-0.4092974066734314,8.242144584655762
1000,0.0001,0.1,0.1,0.1,0.1,0.1,184.0,8.098800659179688,5.903433799743652,8.116829872131348,8.399444580078125,0.9891304347826086,0.33152173913043476,2.1953670978546143,-0.28261396288871765,8.242144584655762
1000,0.0001,0.1,0.1,0.1,0.1,0.2,184.0,8.15052318572998,5.903433799743652,8.166542053222656,8.399444580078125,0.9945652173913043,0.32608695652173914,2.2470898628234863,-0.23290248215198517,8.242144584655762
1000,0.0001,0.1,0.1,0.5,0.0,0.0,184.0,7.871095180511475,5.903433799743652,7.918408393859863,8.399444580078125,0.9510869565217391,0.30434782608695654,1.9676612615585327,-0.4810352325439453,8.242144584655762
1000,0.0001,0.1,0.1,0.5,0.0,0.01,184.0,7.937489986419678,5.903433799743652,7.9697957038879395,8.399444580078125,0.9619565217391305,0.28804347826086957,2.0340566635131836,-0.42964890599250793,8.242144584655762
1000,0.0001,0.1,0.1,0.5,0.0,0.1,184.0,8.086323738098145,5.903433799743652,8.110548973083496,8.399444580078125,0.9945652173913043,0.31521739130434784,2.1828904151916504,-0.28889477252960205,8.242144584655762
1000,0.0001,0.1,0.1,0.5,0.0,0.2,184.0,8.158318519592285,5.903433799743652,8.183025360107422,8.399444580078125,0.9945652173913043,0.33695652173913043,2.25488543510437,-0.21641848981380463,8.242144584655762
1000,0.0001,0.1,0.1,0.5,0.01,0.0,184.0,7.90939998626709,5.903433799743652,7.947805881500244,8.399444580078125,0.9510869565217391,0.28804347826086957,2.0059661865234375,-0.4516379237174988,8.242144584655762
1000,0.0001,0.1,0.1,0.5,0.01,0.01,184.0,7.91880464553833,5.903433799743652,7.9643049240112305,8.399444580078125,0.9619565217391305,0.29347826086956524,2.0153708457946777,-0.4351394474506378,8.242144584655762
1000,0.0001,0.1,0.1,0.5,0.01,0.1,184.0,8.096183776855469,5.903433799743652,8.109404563903809,8.399444580078125,0.9891304347826086,0.32608695652173914,2.1927504539489746,-0.29004013538360596,8.242144584655762
1000,0.0001,0.1,0.1,0.5,0.01,0.2,184.0,8.152275085449219,5.903433799743652,8.178857803344727,8.399444580078125,1.0,0.32065217391304346,2.2488410472869873,-0.2205856591463089,8.242144584655762
1000,0.0001,0.1,0.1,0.5,0.1,0.0,184.0,7.876580715179443,5.903433799743652,7.931823253631592,8.399444580078125,0.9402173913043478,0.28804347826086957,1.9731471538543701,-0.4676210880279541,8.242144584655762
1000,0.0001,0.1,0.1,0.5,0.1,0.01,184.0,7.908919811248779,5.903433799743652,7.96513557434082,8.399444580078125,0.9565217391304348,0.30978260869565216,2.0054867267608643,-0.434308797121048,8.242144584655762
1000,0.0001,0.1,0.1,0.5,0.1,0.1,184.0,8.096417427062988,5.903433799743652,8.134169578552246,8.399444580078125,0.9891304347826086,0.32065217391304346,2.192983627319336,-0.26527392864227295,8.242144584655762
1000,0.0001,0.1,0.1,0.5,0.1,0.2,184.0,8.137887954711914,5.903433799743652,8.163080215454102,8.399444580078125,0.9945652173913043,0.33152173913043476,2.234454393386841,-0.23636361956596375,8.242144584655762
1000,0.0001,0.1,0.1,1.0,0.0,0.0,184.0,7.83123254776001,5.903433799743652,7.908413887023926,8.399444580078125,0.9456521739130435,0.33152173913043476,1.9277993440628052,-0.49102985858917236,8.242144584655762
1000,0.0001,0.1,0.1,1.0,0.0,0.01,184.0,7.89573860168457,5.903433799743652,7.941885948181152,8.399444580078125,0.9456521739130435,0.32608695652173914,1.9923052787780762,-0.45755821466445923,8.242144584655762
1000,0.0001,0.1,0.1,1.0,0.0,0.1,184.0,8.084269523620605,5.903433799743652,8.14012336730957,8.399444580078125,0.9891304347826086,0.33152173913043476,2.1808364391326904,-0.25932085514068604,8.242144584655762
1000,0.0001,0.1,0.1,1.0,0.0,0.2,184.0,8.14670181274414,5.903433799743652,8.16464614868164,8.399444580078125,0.9945652173913043,0.33695652173913043,2.2432680130004883,-0.23479704558849335,8.242144584655762
1000,0.0001,0.1,0.1,1.0,0.01,0.0,184.0,7.818973541259766,5.903433799743652,7.915998935699463,8.399444580078125,0.9347826086956522,0.32608695652173914,1.9155405759811401,-0.4834447205066681,8.242144584655762
1000,0.0001,0.1,0.1,1.0,0.01,0.01,184.0,7.850836753845215,5.903433799743652,7.96514892578125,8.399444580078125,0.9347826086956522,0.34782608695652173,1.9474029541015625,-0.4342954456806183,8.242144584655762
1000,0.0001,0.1,0.1,1.0,0.01,0.1,184.0,8.100998878479004,5.903433799743652,8.141087532043457,8.399444580078125,0.9945652173913043,0.32608695652173914,2.1975650787353516,-0.25835680961608887,8.242144584655762
1000,0.0001,0.1,0.1,1.0,0.01,0.2,184.0,8.163987159729004,5.903433799743652,8.194011688232422,8.399444580078125,0.9945652173913043,0.3423913043478261,2.2605528831481934,-0.20543208718299866,8.242144584655762
1000,0.0001,0.1,0.1,1.0,0.1,0.0,184.0,7.8046064376831055,5.903433799743652,7.8733625411987305,8.399444580078125,0.9402173913043478,0.29347826086956524,1.9011726379394531,-0.5260819792747498,8.242144584655762
1000,0.0001,0.1,0.1,1.0,0.1,0.01,184.0,7.889694690704346,5.903433799743652,7.951606273651123,8.399444580078125,0.9456521739130435,0.32065217391304346,1.9862616062164307,-0.4478377401828766,8.242144584655762
1000,0.0001,0.1,0.1,1.0,0.1,0.1,184.0,8.101590156555176,5.903433799743652,8.124127388000488,8.399444580078125,0.9891304347826086,0.33152173913043476,2.1981561183929443,-0.27531710267066956,8.242144584655762
1000,0.0001,0.1,0.1,1.0,0.1,0.2,184.0,8.14972972869873,5.903433799743652,8.177773475646973,8.399444580078125,1.0,0.33152173913043476,2.2462964057922363,-0.22167035937309265,8.242144584655762
1000,0.0001,0.1,0.5,0.0,0.0,0.0,184.0,7.74869441986084,5.903433799743652,7.804285526275635,8.399444580078125,0.9184782608695652,0.2717391304347826,1.8452614545822144,-0.5951586365699768,8.242144584655762
1000,0.0001,0.1,0.5,0.0,0.0,0.01,184.0,7.81071662902832,5.903433799743652,7.895309925079346,8.399444580078125,0.9402173913043478,0.29347826086956524,1.9072836637496948,-0.5041335821151733,8.242144584655762
1000,0.0001,0.1,0.5,0.0,0.0,0.1,184.0,8.087991714477539,5.903433799743652,8.112081527709961,8.399444580078125,0.9945652173913043,0.29347826086956524,2.184558153152466,-0.28736305236816406,8.242144584655762
1000,0.0001,0.1,0.5,0.0,0.0,0.2,184.0,8.122971534729004,5.903433799743652,8.149429321289062,8.399444580078125,1.0,0.29891304347826086,2.2195382118225098,-0.2500150501728058,8.242144584655762
1000,0.0001,0.1,0.5,0.0,0.01,0.0,184.0,7.727643966674805,5.903433799743652,7.801559925079346,8.399444580078125,0.9130434782608695,0.27717391304347827,1.8242110013961792,-0.5978837013244629,8.242144584655762
1000,0.0001,0.1,0.5,0.0,0.01,0.01,184.0,7.82437801361084,5.903433799743652,7.898513317108154,8.399444580078125,0.9456521739130435,0.29891304347826086,1.9209445714950562,-0.5009303092956543,8.242144584655762
1000,0.0001,0.1,0.5,0.0,0.01,0.1,184.0,8.090370178222656,5.903433799743652,8.122016906738281,8.399444580078125,1.0,0.28804347826086957,2.186936140060425,-0.27742692828178406,8.242144584655762
1000,0.0001,0.1,0.5,0.0,0.01,0.2,184.0,8.122345924377441,5.903433799743652,8.130438804626465,8.399444580078125,1.0,0.29891304347826086,2.2189128398895264,-0.2690054476261139,8.242144584655762
1000,0.0001,0.1,0.5,0.0,0.1,0.0,184.0,7.775912284851074,5.903433799743652,7.8261823654174805,8.399444580078125,0.9347826086956522,0.2826086956521739,1.8724786043167114,-0.5732616782188416,8.242144584655762
1000,0.0001,0.1,0.5,0.0,0.1,0.01,184.0,7.810154914855957,5.903433799743652,7.864542484283447,8.399444580078125,0.9402173913043478,0.28804347826086957,1.9067214727401733,-0.5349012613296509,8.242144584655762
1000,0.0001,0.1,0.5,0.0,0.1,0.1,184.0,8.07837200164795,5.903433799743652,8.098401069641113,8.399444580078125,0.9945652173913043,0.29347826086956524,2.174938678741455,-0.30104342103004456,8.242144584655762
1000,0.0001,0.1,0.5,0.0,0.1,0.2,184.0,8.119792938232422,5.903433799743652,8.144096374511719,8.399444580078125,0.9945652173913043,0.30434782608695654,2.2163589000701904,-0.25534752011299133,8.242144584655762
1000,0.0001,0.1,0.5,0.1,0.0,0.0,184.0,7.77935791015625,5.903433799743652,7.857598304748535,8.399444580078125,0.9456521739130435,0.27717391304347827,1.8759244680404663,-0.5418455600738525,8.242144584655762
1000,0.0001,0.1,0.5,0.1,0.0,0.01,184.0,7.809943199157715,5.903433799743652,7.907108306884766,8.399444580078125,0.9510869565217391,0.29891304347826086,1.9065101146697998,-0.4923352897167206,8.242144584655762
1000,0.0001,0.1,0.5,0.1,0.0,0.1,184.0,8.091607093811035,5.903433799743652,8.111446380615234,8.399444580078125,0.9945652173913043,0.29347826086956524,2.1881730556488037,-0.28799745440483093,8.242144584655762
1000,0.0001,0.1,0.5,0.1,0.0,0.2,184.0,8.1402006149292,5.903433799743652,8.160111427307129,8.399444580078125,1.0,0.30978260869565216,2.2367663383483887,-0.23933224380016327,8.242144584655762
1000,0.0001,0.1,0.5,0.1,0.01,0.0,184.0,7.768267631530762,5.903433799743652,7.846182346343994,8.399444580078125,0.9293478260869565,0.29347826086956524,1.864833950996399,-0.5532618761062622,8.242144584655762
1000,0.0001,0.1,0.5,0.1,0.01,0.01,184.0,7.82077693939209,5.903433799743652,7.865878105163574,8.399444580078125,0.9510869565217391,0.2826086956521739,1.9173438549041748,-0.5335659980773926,8.242144584655762
1000,0.0001,0.1,0.5,0.1,0.01,0.1,184.0,8.083174705505371,5.903433799743652,8.11470890045166,8.399444580078125,0.9891304347826086,0.29347826086956524,2.179741144180298,-0.28473520278930664,8.242144584655762
1000,0.0001,0.1,0.5,0.1,0.01,0.2,184.0,8.122395515441895,5.903433799743652,8.141529083251953,8.399444580078125,1.0,0.30434782608695654,2.2189619541168213,-0.25791487097740173,8.242144584655762
1000,0.0001,0.1,0.5,0.1,0.1,0.0,184.0,7.77535343170166,5.903433799743652,7.847573280334473,8.399444580078125,0.9293478260869565,0.27717391304347827,1.8719197511672974,-0.5518702864646912,8.242144584655762
1000,0.0001,0.1,0.5,0.1,0.1,0.01,184.0,7.804516315460205,5.903433799743652,7.889938831329346,8.399444580078125,0.9510869565217391,0.2717391304347826,1.9010831117630005,-0.5095049142837524,8.242144584655762
1000,0.0001,0.1,0.5,0.1,0.1,0.1,184.0,8.107993125915527,5.903433799743652,8.1307954788208,8.399444580078125,0.9945652173913043,0.30434782608695654,2.204559326171875,-0.2686481177806854,8.242144584655762
1000,0.0001,0.1,0.5,0.1,0.1,0.2,184.0,8.128100395202637,5.903433799743652,8.147725105285645,8.399444580078125,1.0,0.29891304347826086,2.224667549133301,-0.2517186999320984,8.242144584655762
1000,0.0001,0.1,0.5,0.5,0.0,0.0,184.0,7.674673557281494,5.903433799743652,7.803817272186279,8.399444580078125,0.8967391304347826,0.27717391304347827,1.7712393999099731,-0.5956268906593323,8.242144584655762
1000,0.0001,0.1,0.5,0.5,0.0,0.01,184.0,7.78230094909668,5.903433799743652,7.88874626159668,8.399444580078125,0.9456521739130435,0.27717391304347827,1.8788673877716064,-0.5106984972953796,8.242144584655762
1000,0.0001,0.1,0.5,0.5,0.0,0.1,184.0,8.08370590209961,5.903433799743652,8.106581687927246,8.399444580078125,0.9945652173913043,0.29891304347826086,2.180272340774536,-0.29286259412765503,8.242144584655762
1000,0.0001,0.1,0.5,0.5,0.0,0.2,184.0,8.13519287109375,5.903433799743652,8.149353981018066,8.399444580078125,1.0,0.30434782608695654,2.231759786605835,-0.2500900626182556,8.242144584655762
1000,0.0001,0.1,0.5,0.5,0.01,0.0,184.0,7.742629528045654,5.903433799743652,7.81473970413208,8.399444580078125,0.9402173913043478,0.2608695652173913,1.8391956090927124,-0.5847044587135315,8.242144584655762
1000,0.0001,0.1,0.5,0.5,0.01,0.01,184.0,7.800576686859131,5.903433799743652,7.919939994812012,8.399444580078125,0.9402173913043478,0.29347826086956524,1.897143840789795,-0.47950467467308044,8.242144584655762
1000,0.0001,0.1,0.5,0.5,0.01,0.1,184.0,8.08044719696045,5.903433799743652,8.119725227355957,8.399444580078125,1.0,0.28804347826086957,2.177013635635376,-0.27971896529197693,8.242144584655762
1000,0.0001,0.1,0.5,0.5,0.01,0.2,184.0,8.124680519104004,5.903433799743652,8.152009010314941,8.399444580078125,1.0,0.30434782608695654,2.2212464809417725,-0.2474348247051239,8.242144584655762
1000,0.0001,0.1,0.5,0.5,0.1,0.0,184.0,7.734676361083984,5.903433799743652,7.844412803649902,8.399444580078125,0.9347826086956522,0.27717391304347827,1.8312427997589111,-0.5550315976142883,8.242144584655762
1000,0.0001,0.1,0.5,0.5,0.1,0.01,184.0,7.788934230804443,5.903433799743652,7.8572611808776855,8.399444580078125,0.9456521739130435,0.27717391304347827,1.885501503944397,-0.5421825051307678,8.242144584655762
1000,0.0001,0.1,0.5,0.5,0.1,0.1,184.0,8.069729804992676,5.903433799743652,8.116636276245117,8.399444580078125,1.0,0.29891304347826086,2.1662964820861816,-0.2828080654144287,8.242144584655762
1000,0.0001,0.1,0.5,0.5,0.1,0.2,184.0,8.144745826721191,5.903433799743652,8.16454792022705,8.399444580078125,1.0,0.30978260869565216,2.2413127422332764,-0.23489618301391602,8.242144584655762
1000,0.0001,0.1,0.5,1.0,0.0,0.0,184.0,7.61012077331543,5.903433799743652,7.736176013946533,8.399444580078125,0.8967391304347826,0.2391304347826087,1.7066878080368042,-0.6632677316665649,8.242144584655762
1000,0.0001,0.1,0.5,1.0,0.0,0.01,184.0,7.819135665893555,5.903433799743652,7.866780757904053,8.399444580078125,0.9293478260869565,0.28804347826086957,1.9157023429870605,-0.5326632857322693,8.242144584655762
1000,0.0001,0.1,0.5,1.0,0.0,0.1,184.0,8.0720796585083,5.903433799743652,8.109183311462402,8.399444580078125,1.0,0.29891304347826086,2.1686458587646484,-0.29026031494140625,8.242144584655762
1000,0.0001,0.1,0.5,1.0,0.0,0.2,184.0,8.137301445007324,5.903433799743652,8.154488563537598,8.399444580078125,1.0,0.30434782608695654,2.2338671684265137,-0.24495573341846466,8.242144584655762
1000,0.0001,0.1,0.5,1.0,0.01,0.0,184.0,7.676443576812744,5.903433799743652,7.78316593170166,8.399444580078125,0.9021739130434783,0.2608695652173913,1.7730094194412231,-0.6162779331207275,8.242144584655762
1000,0.0001,0.1,0.5,1.0,0.01,0.01,184.0,7.79531717300415,5.903433799743652,7.873874664306641,8.399444580078125,0.9456521739130435,0.27717391304347827,1.891883373260498,-0.5255688428878784,8.242144584655762
1000,0.0001,0.1,0.5,1.0,0.01,0.1,184.0,8.0689058303833,5.903433799743652,8.100975036621094,8.399444580078125,1.0,0.30978260869565216,2.1654725074768066,-0.29846861958503723,8.242144584655762
1000,0.0001,0.1,0.5,1.0,0.01,0.2,184.0,8.129864692687988,5.903433799743652,8.154358863830566,8.399444580078125,0.9945652173913043,0.31521739130434784,2.226430892944336,-0.2450849711894989,8.242144584655762
1000,0.0001,0.1,0.5,1.0,0.1,0.0,184.0,7.644843578338623,5.903433799743652,7.784013748168945,8.399444580078125,0.8913043478260869,0.266304347826087,1.7414100170135498,-0.6154306530952454,8.242144584655762
1000,0.0001,0.1,0.5,1.0,0.1,0.01,184.0,7.839076995849609,5.903433799743652,7.877399444580078,8.399444580078125,0.9565217391304348,0.2554347826086957,1.9356437921524048,-0.5220440626144409,8.242144584655762
1000,0.0001,0.1,0.5,1.0,0.1,0.1,184.0,8.07260799407959,5.903433799743652,8.098284721374512,8.399444580078125,0.9945652173913043,0.30434782608695654,2.1691741943359375,-0.3011596202850342,8.242144584655762
1000,0.0001,0.1,0.5,1.0,0.1,0.2,184.0,8.13850212097168,5.903433799743652,8.154492378234863,8.399444580078125,0.9945652173913043,0.32065217391304346,2.2350685596466064,-0.24495181441307068,8.242144584655762
2000,5e-05,0.0,0.01,0.0,0.0,0.0,184.0,8.095662117004395,5.903433799743652,8.110441207885742,8.399444580078125,0.9836956521739131,0.33152173913043476,2.192227840423584,-0.2890034019947052,8.242144584655762
2000,5e-05,0.0,0.01,0.0,0.0,0.01,184.0,8.14498519897461,5.903433799743652,8.15328311920166,8.399444580078125,0.9945652173913043,0.34782608695652173,2.241551399230957,-0.2461605966091156,8.242144584655762
2000,5e-05,0.0,0.01,0.0,0.0,0.1,184.0,8.161834716796875,5.903433799743652,8.168721199035645,8.399444580078125,1.0,0.29891304347826086,2.2584006786346436,-0.23072312772274017,8.242144584655762
2000,5e-05,0.0,0.01,0.0,0.0,0.2,184.0,8.1746244430542,5.903433799743652,8.177292823791504,8.399444580078125,1.0,0.30978260869565216,2.271191358566284,-0.2221517115831375,8.242144584655762
2000,5e-05,0.0,0.01,0.0,0.01,0.0,184.0,8.102754592895508,5.903433799743652,8.105936050415039,8.399444580078125,0.9836956521739131,0.34782608695652173,2.1993212699890137,-0.29350876808166504,8.242144584655762
2000,5e-05,0.0,0.01,0.0,0.01,0.01,184.0,8.145476341247559,5.903433799743652,8.154082298278809,8.399444580078125,0.9945652173913043,0.3423913043478261,2.2420432567596436,-0.24536186456680298,8.242144584655762
2000,5e-05,0.0,0.01,0.0,0.01,0.1,184.0,8.1485013961792,5.903433799743652,8.149772644042969,8.399444580078125,1.0,0.29347826086956524,2.245068073272705,-0.24967242777347565,8.242144584655762
2000,5e-05,0.0,0.01,0.0,0.01,0.2,184.0,8.185853004455566,5.903433799743652,8.186619758605957,8.399444580078125,1.0,0.30978260869565216,2.282418966293335,-0.2128247320652008,8.242144584655762
2000,5e-05,0.0,0.01,0.0,0.1,0.0,184.0,8.092864036560059,5.903433799743652,8.097149848937988,8.399444580078125,0.9836956521739131,0.32608695652173914,2.1894304752349854,-0.30229443311691284,8.242144584655762
2000,5e-05,0.0,0.01,0.0,0.1,0.01,184.0,8.149601936340332,5.903433799743652,8.154175758361816,8.399444580078125,0.9945652173913043,0.3423913043478261,2.2461681365966797,-0.24526822566986084,8.242144584655762
2000,5e-05,0.0,0.01,0.0,0.1,0.1,184.0,8.15764045715332,5.903433799743652,8.163086891174316,8.399444580078125,1.0,0.29891304347826086,2.2542061805725098,-0.23635736107826233,8.242144584655762
2000,5e-05,0.0,0.01,0.0,0.1,0.2,184.0,8.171234130859375,5.903433799743652,8.173011779785156,8.399444580078125,1.0,0.30434782608695654,2.2677996158599854,-0.22643209993839264,8.242144584655762
2000,5e-05,0.0,0.01,0.1,0.0,0.0,184.0,8.062141418457031,5.903433799743652,8.066112518310547,8.399444580078125,0.9728260869565217,0.3423913043478261,2.1587073802948,-0.33333197236061096,8.242144584655762
2000,5e-05,0.0,0.01,0.1,0.0,0.01,184.0,8.0682954788208,5.903433799743652,8.074095726013184,8.399444580078125,0.9728260869565217,0.3423913043478261,2.1648619174957275,-0.32534828782081604,8.242144584655762
2000,5e-05,0.0,0.01,0.1,0.0,0.1,184.0,8.164379119873047,5.903433799743652,8.164536476135254,8.399444580078125,1.0,0.30434782608695654,2.2609450817108154,-0.23490853607654572,8.242144584655762
2000,5e-05,0.0,0.01,0.1,0.0,0.2,184.0,8.180068016052246,5.903433799743652,8.182164192199707,8.399444580078125,1.0,0.32065217391304346,2.276634454727173,-0.21728013455867767,8.242144584655762
2000,5e-05,0.0,0.01,0.1,0.01,0.0,184.0,8.052207946777344,5.903433799743652,8.05347728729248,8.399444580078125,0.967391304347826,0.3423913043478261,2.1487739086151123,-0.34596750140190125,8.242144584655762
2000,5e-05,0.0,0.01,0.1,0.01,0.01,184.0,8.090365409851074,5.903433799743652,8.094062805175781,8.399444580078125,0.9891304347826086,0.33695652173913043,2.186931848526001,-0.3053814768791199,8.242144584655762
2000,5e-05,0.0,0.01,0.1,0.01,0.1,184.0,8.174797058105469,5.903433799743652,8.175211906433105,8.399444580078125,1.0,0.31521739130434784,2.271362781524658,-0.22423234581947327,8.242144584655762
2000,5e-05,0.0,0.01,0.1,0.01,0.2,184.0,8.181014060974121,5.903433799743652,8.181319236755371,8.399444580078125,1.0,0.30978260869565216,2.277580976486206,-0.21812427043914795,8.242144584655762
2000,5e-05,0.0,0.01,0.1,0.1,0.0,184.0,8.061217308044434,5.903433799743652,8.063687324523926,8.399444580078125,0.9728260869565217,0.34782608695652173,2.157783269882202,-0.33575674891471863,8.242144584655762
2000,5e-05,0.0,0.01,0.1,0.1,0.01,184.0,8.05459976196289,5.903433799743652,8.054832458496094,8.399444580078125,0.9728260869565217,0.33152173913043476,2.1511664390563965,-0.3446123003959656,8.242144584655762
2000,5e-05,0.0,0.01,0.1,0.1,0.1,184.0,8.165682792663574,5.903433799743652,8.16693115234375,8.399444580078125,1.0,0.30978260869565216,2.262249231338501,-0.23251348733901978,8.242144584655762
2000,5e-05,0.0,0.01,0.1,0.1,0.2,184.0,8.17391300201416,5.903433799743652,8.173937797546387,8.399444580078125,1.0,0.30434782608695654,2.2704789638519287,-0.2255062460899353,8.242144584655762
2000,5e-05,0.0,0.01,0.5,0.0,0.0,184.0,8.033607482910156,5.903433799743652,8.074841499328613,8.399444580078125,0.9728260869565217,0.33695652173913043,2.130174160003662,-0.32460296154022217,8.242144584655762
2000,5e-05,0.0,0.01,0.5,0.0,0.01,184.0,8.121421813964844,5.903433799743652,8.123223304748535,8.399444580078125,0.9836956521739131,0.33695652173913043,2.2179877758026123,-0.2762202024459839,8.242144584655762
2000,5e-05,0.0,0.01,0.5,0.0,0.1,184.0,8.185075759887695,5.903433799743652,8.186327934265137,8.399444580078125,1.0,0.31521739130434784,2.281642198562622,-0.21311615407466888,8.242144584655762
2000,5e-05,0.0,0.01,0.5,0.0,0.2,184.0,8.178613662719727,5.903433799743652,8.192749977111816,8.399444580078125,1.0,0.31521739130434784,2.2751801013946533,-0.2066936045885086,8.242144584655762
2000,5e-05,0.0,0.01,0.5,0.01,0.0,184.0,8.079519271850586,5.903433799743652,8.100768089294434,8.399444580078125,0.9891304347826086,0.34782608695652173,2.17608642578125,-0.2986762821674347,8.242144584655762
2000,5e-05,0.0,0.01,0.5,0.01,0.01,184.0,8.120833396911621,5.903433799743652,8.1220703125,8.399444580078125,0.9836956521739131,0.3423913043478261,2.217400550842285,-0.2773738503456116,8.242144584655762
2000,5e-05,0.0,0.01,0.5,0.01,0.1,184.0,8.18765640258789,5.903433799743652,8.189263343811035,8.399444580078125,1.0,0.30434782608695654,2.2842228412628174,-0.21018077433109283,8.242144584655762
2000,5e-05,0.0,0.01,0.5,0.01,0.2,184.0,8.182854652404785,5.903433799743652,8.184898376464844,8.399444580078125,1.0,0.31521739130434784,2.27942156791687,-0.21454566717147827,8.242144584655762
2000,5e-05,0.0,0.01,0.5,0.1,0.0,184.0,8.067699432373047,5.903433799743652,8.0782470703125,8.399444580078125,0.9728260869565217,0.34782608695652173,2.1642653942108154,-0.3211970627307892,8.242144584655762
2000,5e-05,0.0,0.01,0.5,0.1,0.01,184.0,8.11761474609375,5.903433799743652,8.128085136413574,8.399444580078125,0.9836956521739131,0.3423913043478261,2.2141809463500977,-0.2713584005832672,8.242144584655762
2000,5e-05,0.0,0.01,0.5,0.1,0.1,184.0,8.181079864501953,5.903433799743652,8.182247161865234,8.399444580078125,1.0,0.30434782608695654,2.27764630317688,-0.21719685196876526,8.242144584655762
2000,5e-05,0.0,0.01,0.5,0.1,0.2,184.0,8.174610137939453,5.903433799743652,8.175747871398926,8.399444580078125,1.0,0.30978260869565216,2.27117657661438,-0.22369639575481415,8.242144584655762
2000,5e-05,0.0,0.01,1.0,0.0,0.0,184.0,8.1249361038208,5.903433799743652,8.139830589294434,8.399444580078125,0.9891304347826086,0.3423913043478261,2.2215025424957275,-0.2596134543418884,8.242144584655762
2000,5e-05,0.0,0.01,1.0,0.0,0.01,184.0,8.143044471740723,5.903433799743652,8.145613670349121,8.399444580078125,0.9945652173913043,0.33695652173913043,2.2396106719970703,-0.25383079051971436,8.242144584655762
2000,5e-05,0.0,0.01,1.0,0.0,0.1,184.0,8.191915512084961,5.903433799743652,8.192522048950195,8.399444580078125,1.0,0.32065217391304346,2.2884814739227295,-0.20692214369773865,8.242144584655762
2000,5e-05,0.0,0.01,1.0,0.0,0.2,184.0,8.19789981842041,5.903433799743652,8.207180976867676,8.399444580078125,1.0,0.3423913043478261,2.294466018676758,-0.19226360321044922,8.242144584655762
2000,5e-05,0.0,0.01,1.0,0.01,0.0,184.0,8.140926361083984,5.903433799743652,8.145441055297852,8.399444580078125,0.9945652173913043,0.3532608695652174,2.237492084503174,-0.25400206446647644,8.242144584655762
2000,5e-05,0.0,0.01,1.0,0.01,0.01,184.0,8.143780708312988,5.903433799743652,8.150359153747559,8.399444580078125,0.9945652173913043,0.33695652173913043,2.240347146987915,-0.24908599257469177,8.242144584655762
2000,5e-05,0.0,0.01,1.0,0.01,0.1,184.0,8.18047046661377,5.903433799743652,8.183769226074219,8.399444580078125,1.0,0.31521739130434784,2.277036190032959,-0.21567502617835999,8.242144584655762
2000,5e-05,0.0,0.01,1.0,0.01,0.2,184.0,8.203557968139648,5.903433799743652,8.204032897949219,8.399444580078125,1.0,0.3532608695652174,2.3001246452331543,-0.19541116058826447,8.242144584655762
2000,5e-05,0.0,0.01,1.0,0.1,0.0,184.0,8.130356788635254,5.903433799743652,8.137200355529785,8.399444580078125,0.9891304347826086,0.3423913043478261,2.2269229888916016,-0.2622440457344055,8.242144584655762
2000,5e-05,0.0,0.01,1.0,0.1,0.01,184.0,8.142277717590332,5.903433799743652,8.145380020141602,8.399444580078125,0.9945652173913043,0.33152173913043476,2.2388439178466797,-0.25406453013420105,8.242144584655762
2000,5e-05,0.0,0.01,1.0,0.1,0.1,184.0,8.19222640991211,5.903433799743652,8.19506549835205,8.399444580078125,1.0,0.31521739130434784,2.288792848587036,-0.2043786197900772,8.242144584655762
2000,5e-05,0.0,0.01,1.0,0.1,0.2,184.0,8.209407806396484,5.903433799743652,8.213459968566895,8.399444580078125,1.0,0.3423913043478261,2.305974245071411,-0.18598465621471405,8.242144584655762
2000,5e-05,0.0,0.1,0.0,0.0,0.0,184.0,8.104026794433594,5.903433799743652,8.108929634094238,8.399444580078125,0.9782608695652174,0.358695652173913,2.2005927562713623,-0.29051536321640015,8.242144584655762
2000,5e-05,0.0,0.1,0.0,0.0,0.01,184.0,8.159918785095215,5.903433799743652,8.170524597167969,8.399444580078125,0.9945652173913043,0.3641304347826087,2.2564852237701416,-0.2289193570613861,8.242144584655762
2000,5e-05,0.0,0.1,0.0,0.0,0.1,184.0,8.193988800048828,5.903433799743652,8.196893692016602,8.399444580078125,1.0,0.32608695652173914,2.290555238723755,-0.20255067944526672,8.242144584655762
2000,5e-05,0.0,0.1,0.0,0.0,0.2,184.0,8.190356254577637,5.903433799743652,8.196824073791504,8.399444580078125,1.0,0.32065217391304346,2.2869222164154053,-0.2026209980249405,8.242144584655762
2000,5e-05,0.0,0.1,0.0,0.01,0.0,184.0,8.126192092895508,5.903433799743652,8.140310287475586,8.399444580078125,0.9891304347826086,0.3641304347826087,2.2227585315704346,-0.2591341733932495,8.242144584655762
2000,5e-05,0.0,0.1,0.0,0.01,0.01,184.0,8.155717849731445,5.903433799743652,8.159684181213379,8.399444580078125,0.9945652173913043,0.3423913043478261,2.252284526824951,-0.23975986242294312,8.242144584655762
2000,5e-05,0.0,0.1,0.0,0.01,0.1,184.0,8.186797142028809,5.903433799743652,8.197670936584473,8.399444580078125,1.0,0.3423913043478261,2.283363103866577,-0.2017727941274643,8.242144584655762
2000,5e-05,0.0,0.1,0.0,0.01,0.2,184.0,8.182748794555664,5.903433799743652,8.186713218688965,8.399444580078125,1.0,0.3423913043478261,2.279315233230591,-0.21273104846477509,8.242144584655762
2000,5e-05,0.0,0.1,0.0,0.1,0.0,184.0,8.124578475952148,5.903433799743652,8.147647857666016,8.399444580078125,0.9891304347826086,0.3641304347826087,2.221143960952759,-0.25179585814476013,8.242144584655762
2000,5e-05,0.0,0.1,0.0,0.1,0.01,184.0,8.156588554382324,5.903433799743652,8.157453536987305,8.399444580078125,0.9945652173913043,0.34782608695652173,2.2531542778015137,-0.24199099838733673,8.242144584655762
2000,5e-05,0.0,0.1,0.0,0.1,0.1,184.0,8.190718650817871,5.903433799743652,8.192742347717285,8.399444580078125,1.0,0.33152173913043476,2.2872841358184814,-0.20670166611671448,8.242144584655762
2000,5e-05,0.0,0.1,0.0,0.1,0.2,184.0,8.18364143371582,5.903433799743652,8.186617851257324,8.399444580078125,1.0,0.31521739130434784,2.280207395553589,-0.2128264456987381,8.242144584655762
2000,5e-05,0.0,0.1,0.1,0.0,0.0,184.0,8.125988960266113,5.903433799743652,8.13969612121582,8.399444580078125,0.9891304347826086,0.3532608695652174,2.222555160522461,-0.25974807143211365,8.242144584655762
2000,5e-05,0.0,0.1,0.1,0.0,0.01,184.0,8.164292335510254,5.903433799743652,8.177258491516113,8.399444580078125,0.9945652173913043,0.3695652173913043,2.2608590126037598,-0.2221861332654953,8.242144584655762
2000,5e-05,0.0,0.1,0.1,0.0,0.1,184.0,8.19406795501709,5.903433799743652,8.203609466552734,8.399444580078125,1.0,0.3423913043478261,2.2906341552734375,-0.19583489000797272,8.242144584655762
2000,5e-05,0.0,0.1,0.1,0.0,0.2,184.0,8.184955596923828,5.903433799743652,8.194620132446289,8.399444580078125,1.0,0.32608695652173914,2.281522512435913,-0.20482419431209564,8.242144584655762
2000,5e-05,0.0,0.1,0.1,0.01,0.0,184.0,8.1278715133667,5.903433799743652,8.150765419006348,8.399444580078125,0.9945652173913043,0.358695652173913,2.224437952041626,-0.24867866933345795,8.242144584655762
2000,5e-05,0.0,0.1,0.1,0.01,0.01,184.0,8.163773536682129,5.903433799743652,8.176582336425781,8.399444580078125,0.9945652173913043,0.3641304347826087,2.260340452194214,-0.22286196053028107,8.242144584655762
2000,5e-05,0.0,0.1,0.1,0.01,0.1,184.0,8.197343826293945,5.903433799743652,8.200492858886719,8.399444580078125,1.0,0.33695652173913043,2.293909788131714,-0.1989516317844391,8.242144584655762
2000,5e-05,0.0,0.1,0.1,0.01,0.2,184.0,8.174223899841309,5.903433799743652,8.180941581726074,8.399444580078125,1.0,0.32065217391304346,2.270789623260498,-0.21850332617759705,8.242144584655762
2000,5e-05,0.0,0.1,0.1,0.1,0.0,184.0,8.1353120803833,5.903433799743652,8.146604537963867,8.399444580078125,0.9891304347826086,0.358695652173913,2.2318785190582275,-0.2528400421142578,8.242144584655762
2000,5e-05,0.0,0.1,0.1,0.1,0.01,184.0,8.16266918182373,5.903433799743652,8.170395851135254,8.399444580078125,0.9945652173913043,0.3532608695652174,2.2592358589172363,-0.22904802858829498,8.242144584655762
2000,5e-05,0.0,0.1,0.1,0.1,0.1,184.0,8.196377754211426,5.903433799743652,8.206713676452637,8.399444580078125,1.0,0.3423913043478261,2.2929439544677734,-0.19272984564304352,8.242144584655762
2000,5e-05,0.0,0.1,0.1,0.1,0.2,184.0,8.188618659973145,5.903433799743652,8.19741153717041,8.399444580078125,1.0,0.32608695652173914,2.2851853370666504,-0.20203258097171783,8.242144584655762
2000,5e-05,0.0,0.1,0.5,0.0,0.0,184.0,8.1586332321167,5.903433799743652,8.164153099060059,8.399444580078125,0.9945652173913043,0.358695652173913,2.255199670791626,-0.23529119789600372,8.242144584655762
2000,5e-05,0.0,0.1,0.5,0.0,0.01,184.0,8.160787582397461,5.903433799743652,8.170197486877441,8.399444580078125,0.9945652173913043,0.3695652173913043,2.257354497909546,-0.22924655675888062,8.242144584655762
2000,5e-05,0.0,0.1,0.5,0.0,0.1,184.0,8.191778182983398,5.903433799743652,8.194443702697754,8.399444580078125,1.0,0.33695652173913043,2.288343667984009,-0.20500075817108154,8.242144584655762
2000,5e-05,0.0,0.1,0.5,0.0,0.2,184.0,8.194778442382812,5.903433799743652,8.199579238891602,8.399444580078125,1.0,0.31521739130434784,2.2913448810577393,-0.19986417889595032,8.242144584655762
2000,5e-05,0.0,0.1,0.5,0.01,0.0,184.0,8.147645950317383,5.903433799743652,8.16218376159668,8.399444580078125,0.9945652173913043,0.3532608695652174,2.2442121505737305,-0.23726044595241547,8.242144584655762
2000,5e-05,0.0,0.1,0.5,0.01,0.01,184.0,8.157086372375488,5.903433799743652,8.16321849822998,8.399444580078125,0.9945652173913043,0.358695652173913,2.253652572631836,-0.23622487485408783,8.242144584655762
2000,5e-05,0.0,0.1,0.5,0.01,0.1,184.0,8.198946952819824,5.903433799743652,8.205025672912598,8.399444580078125,1.0,0.33152173913043476,2.2955129146575928,-0.19441816210746765,8.242144584655762
2000,5e-05,0.0,0.1,0.5,0.01,0.2,184.0,8.200632095336914,5.903433799743652,8.216645240783691,8.399444580078125,1.0,0.32608695652173914,2.2971978187561035,-0.18279927968978882,8.242144584655762
2000,5e-05,0.0,0.1,0.5,0.1,0.0,184.0,8.147507667541504,5.903433799743652,8.161523818969727,8.399444580078125,0.9945652173913043,0.3532608695652174,2.2440738677978516,-0.23791971802711487,8.242144584655762
2000,5e-05,0.0,0.1,0.5,0.1,0.01,184.0,8.164262771606445,5.903433799743652,8.169242858886719,8.399444580078125,0.9945652173913043,0.3641304347826087,2.260829210281372,-0.23020172119140625,8.242144584655762
2000,5e-05,0.0,0.1,0.5,0.1,0.1,184.0,8.179422378540039,5.903433799743652,8.185273170471191,8.399444580078125,1.0,0.32608695652173914,2.275988817214966,-0.21417061984539032,8.242144584655762
2000,5e-05,0.0,0.1,0.5,0.1,0.2,184.0,8.196732521057129,5.903433799743652,8.201676368713379,8.399444580078125,1.0,0.30978260869565216,2.293299436569214,-0.1977679580450058,8.242144584655762
2000,5e-05,0.0,0.1,1.0,0.0,0.0,184.0,8.109610557556152,5.903433799743652,8.113581657409668,8.399444580078125,0.9945652173913043,0.33152173913043476,2.206176996231079,-0.28586217761039734,8.242144584655762
2000,5e-05,0.0,0.1,1.0,0.0,0.01,184.0,8.17260456085205,5.903433799743652,8.184746742248535,8.399444580078125,1.0,0.358695652173913,2.2691702842712402,-0.2146981656551361,8.242144584655762
2000,5e-05,0.0,0.1,1.0,0.0,0.1,184.0,8.200913429260254,5.903433799743652,8.20812702178955,8.399444580078125,1.0,0.33152173913043476,2.2974791526794434,-0.19131672382354736,8.242144584655762
2000,5e-05,0.0,0.1,1.0,0.0,0.2,184.0,8.203607559204102,5.903433799743652,8.20852279663086,8.399444580078125,1.0,0.33695652173913043,2.3001739978790283,-0.190921351313591,8.242144584655762
2000,5e-05,0.0,0.1,1.0,0.01,0.0,184.0,8.144033432006836,5.903433799743652,8.167065620422363,8.399444580078125,1.0,0.3423913043478261,2.2405993938446045,-0.23237833380699158,8.242144584655762
2000,5e-05,0.0,0.1,1.0,0.01,0.01,184.0,8.172137260437012,5.903433799743652,8.183423042297363,8.399444580078125,1.0,0.3532608695652174,2.2687032222747803,-0.21602162718772888,8.242144584655762
2000,5e-05,0.0,0.1,1.0,0.01,0.1,184.0,8.18975830078125,5.903433799743652,8.20162582397461,8.399444580078125,1.0,0.33695652173913043,2.286324977874756,-0.19781813025474548,8.242144584655762
2000,5e-05,0.0,0.1,1.0,0.01,0.2,184.0,8.202559471130371,5.903433799743652,8.205327987670898,8.399444580078125,1.0,0.32065217391304346,2.2991254329681396,-0.19411544501781464,8.242144584655762
2000,5e-05,0.0,0.1,1.0,0.1,0.0,184.0,8.099603652954102,5.903433799743652,8.127981185913086,8.399444580078125,0.9836956521739131,0.3423913043478261,2.1961700916290283,-0.271463006734848,8.242144584655762
2000,5e-05,0.0,0.1,1.0,0.1,0.01,184.0,8.161914825439453,5.903433799743652,8.185881614685059,8.399444580078125,0.9945652173913043,0.3532608695652174,2.25848126411438,-0.21356287598609924,8.242144584655762
2000,5e-05,0.0,0.1,1.0,0.1,0.1,184.0,8.188446998596191,5.903433799743652,8.193901062011719,8.399444580078125,1.0,0.32608695652173914,2.2850136756896973,-0.2055434286594391,8.242144584655762
2000,5e-05,0.0,0.1,1.0,0.1,0.2,184.0,8.203169822692871,5.903433799743652,8.207867622375488,8.399444580078125,1.0,0.3423913043478261,2.299736261367798,-0.19157737493515015,8.242144584655762
2000,5e-05,0.0,0.5,0.0,0.0,0.0,184.0,8.170040130615234,5.903433799743652,8.181668281555176,8.399444580078125,1.0,0.358695652173913,2.266606092453003,-0.21777519583702087,8.242144584655762
2000,5e-05,0.0,0.5,0.0,0.0,0.01,184.0,8.17730712890625,5.903433799743652,8.197176933288574,8.399444580078125,1.0,0.3695652173913043,2.2738730907440186,-0.20226773619651794,8.242144584655762
2000,5e-05,0.0,0.5,0.0,0.0,0.1,184.0,8.191171646118164,5.903433799743652,8.19991397857666,8.399444580078125,1.0,0.3423913043478261,2.287738084793091,-0.19953007996082306,8.242144584655762
2000,5e-05,0.0,0.5,0.0,0.0,0.2,184.0,8.182716369628906,5.903433799743652,8.187458992004395,8.399444580078125,1.0,0.32065217391304346,2.279282331466675,-0.21198520064353943,8.242144584655762
2000,5e-05,0.0,0.5,0.0,0.01,0.0,184.0,8.175549507141113,5.903433799743652,8.190176010131836,8.399444580078125,1.0,0.358695652173913,2.27211594581604,-0.20926836133003235,8.242144584655762
2000,5e-05,0.0,0.5,0.0,0.01,0.01,184.0,8.176901817321777,5.903433799743652,8.191805839538574,8.399444580078125,1.0,0.3641304347826087,2.273468255996704,-0.20763862133026123,8.242144584655762
2000,5e-05,0.0,0.5,0.0,0.01,0.1,184.0,8.192715644836426,5.903433799743652,8.197443008422852,8.399444580078125,1.0,0.3423913043478261,2.2892823219299316,-0.2020014077425003,8.242144584655762
2000,5e-05,0.0,0.5,0.0,0.01,0.2,184.0,8.190523147583008,5.903433799743652,8.19565486907959,8.399444580078125,1.0,0.33152173913043476,2.2870895862579346,-0.20378945767879486,8.242144584655762
2000,5e-05,0.0,0.5,0.0,0.1,0.0,184.0,8.17266845703125,5.903433799743652,8.183714866638184,8.399444580078125,1.0,0.358695652173913,2.2692346572875977,-0.2157295048236847,8.242144584655762
2000,5e-05,0.0,0.5,0.0,0.1,0.01,184.0,8.174214363098145,5.903433799743652,8.197750091552734,8.399444580078125,1.0,0.358695652173913,2.2707810401916504,-0.20169399678707123,8.242144584655762
2000,5e-05,0.0,0.5,0.0,0.1,0.1,184.0,8.186180114746094,5.903433799743652,8.199797630310059,8.399444580078125,1.0,0.3423913043478261,2.2827460765838623,-0.19964714348316193,8.242144584655762
2000,5e-05,0.0,0.5,0.0,0.1,0.2,184.0,8.17587947845459,5.903433799743652,8.183670997619629,8.399444580078125,1.0,0.32065217391304346,2.2724454402923584,-0.21577417850494385,8.242144584655762
2000,5e-05,0.0,0.5,0.1,0.0,0.0,184.0,8.170675277709961,5.903433799743652,8.184450149536133,8.399444580078125,1.0,0.358695652173913,2.2672410011291504,-0.21499375998973846,8.242144584655762
2000,5e-05,0.0,0.5,0.1,0.0,0.01,184.0,8.167315483093262,5.903433799743652,8.178182601928711,8.399444580078125,1.0,0.358695652173913,2.2638823986053467,-0.22126193344593048,8.242144584655762
2000,5e-05,0.0,0.5,0.1,0.0,0.1,184.0,8.193215370178223,5.903433799743652,8.197649002075195,8.399444580078125,1.0,0.34782608695652173,2.2897820472717285,-0.2017947882413864,8.242144584655762
2000,5e-05,0.0,0.5,0.1,0.0,0.2,184.0,8.184942245483398,5.903433799743652,8.202924728393555,8.399444580078125,1.0,0.33152173913043476,2.281507968902588,-0.19651997089385986,8.242144584655762
2000,5e-05,0.0,0.5,0.1,0.01,0.0,184.0,8.174860954284668,5.903433799743652,8.182567596435547,8.399444580078125,1.0,0.3695652173913043,2.2714273929595947,-0.2168765664100647,8.242144584655762
2000,5e-05,0.0,0.5,0.1,0.01,0.01,184.0,8.164928436279297,5.903433799743652,8.17796516418457,8.399444580078125,1.0,0.358695652173913,2.2614948749542236,-0.22147902846336365,8.242144584655762
2000,5e-05,0.0,0.5,0.1,0.01,0.1,184.0,8.182575225830078,5.903433799743652,8.193319320678711,8.399444580078125,1.0,0.34782608695652173,2.279141902923584,-0.2061251401901245,8.242144584655762
2000,5e-05,0.0,0.5,0.1,0.01,0.2,184.0,8.176979064941406,5.903433799743652,8.17961311340332,8.399444580078125,1.0,0.32608695652173914,2.273545742034912,-0.2198314219713211,8.242144584655762
2000,5e-05,0.0,0.5,0.1,0.1,0.0,184.0,8.17522144317627,5.903433799743652,8.191967964172363,8.399444580078125,1.0,0.375,2.271787643432617,-0.20747581124305725,8.242144584655762
2000,5e-05,0.0,0.5,0.1,0.1,0.01,184.0,8.166544914245605,5.903433799743652,8.191110610961914,8.399444580078125,1.0,0.3695652173913043,2.2631120681762695,-0.20833338797092438,8.242144584655762
2000,5e-05,0.0,0.5,0.1,0.1,0.1,184.0,8.191591262817383,5.903433799743652,8.202019691467285,8.399444580078125,1.0,0.3423913043478261,2.2881577014923096,-0.1974247246980667,8.242144584655762
2000,5e-05,0.0,0.5,0.1,0.1,0.2,184.0,8.182903289794922,5.903433799743652,8.190224647521973,8.399444580078125,1.0,0.32608695652173914,2.2794692516326904,-0.20921993255615234,8.242144584655762
2000,5e-05,0.0,0.5,0.5,0.0,0.0,184.0,8.173364639282227,5.903433799743652,8.186792373657227,8.399444580078125,1.0,0.3695652173913043,2.2699315547943115,-0.21265201270580292,8.242144584655762
2000,5e-05,0.0,0.5,0.5,0.0,0.01,184.0,8.185456275939941,5.903433799743652,8.196725845336914,8.399444580078125,1.0,0.3641304347826087,2.282022476196289,-0.202717587351799,8.242144584655762
2000,5e-05,0.0,0.5,0.5,0.0,0.1,184.0,8.195562362670898,5.903433799743652,8.204564094543457,8.399444580078125,1.0,0.34782608695652173,2.292128562927246,-0.1948799192905426,8.242144584655762
2000,5e-05,0.0,0.5,0.5,0.0,0.2,184.0,8.185881614685059,5.903433799743652,8.207955360412598,8.399444580078125,1.0,0.3423913043478261,2.2824478149414062,-0.19148863852024078,8.242144584655762
2000,5e-05,0.0,0.5,0.5,0.01,0.0,184.0,8.17746639251709,5.903433799743652,8.189916610717773,8.399444580078125,1.0,0.3641304347826087,2.2740323543548584,-0.2095280885696411,8.242144584655762
2000,5e-05,0.0,0.5,0.5,0.01,0.01,184.0,8.188011169433594,5.903433799743652,8.193214416503906,8.399444580078125,1.0,0.3695652173913043,2.2845778465270996,-0.20623022317886353,8.242144584655762
2000,5e-05,0.0,0.5,0.5,0.01,0.1,184.0,8.197773933410645,5.903433799743652,8.205692291259766,8.399444580078125,1.0,0.34782608695652173,2.294340133666992,-0.19375160336494446,8.242144584655762
2000,5e-05,0.0,0.5,0.5,0.01,0.2,184.0,8.190592765808105,5.903433799743652,8.20429801940918,8.399444580078125,1.0,0.33695652173913043,2.2871599197387695,-0.19514630734920502,8.242144584655762
2000,5e-05,0.0,0.5,0.5,0.1,0.0,184.0,8.171859741210938,5.903433799743652,8.190380096435547,8.399444580078125,1.0,0.375,2.2684264183044434,-0.20906400680541992,8.242144584655762
2000,5e-05,0.0,0.5,0.5,0.1,0.01,184.0,8.183276176452637,5.903433799743652,8.202291488647461,8.399444580078125,1.0,0.3695652173913043,2.2798426151275635,-0.1971525102853775,8.242144584655762
2000,5e-05,0.0,0.5,0.5,0.1,0.1,184.0,8.196270942687988,5.903433799743652,8.200830459594727,8.399444580078125,1.0,0.33695652173913043,2.2928364276885986,-0.19861386716365814,8.242144584655762
2000,5e-05,0.0,0.5,0.5,0.1,0.2,184.0,8.186288833618164,5.903433799743652,8.198827743530273,8.399444580078125,1.0,0.32608695652173914,2.28285551071167,-0.20061662793159485,8.242144584655762
2000,5e-05,0.0,0.5,1.0,0.0,0.0,184.0,8.178321838378906,5.903433799743652,8.188117980957031,8.399444580078125,1.0,0.358695652173913,2.274888515472412,-0.2113264799118042,8.242144584655762
2000,5e-05,0.0,0.5,1.0,0.0,0.01,184.0,8.1827392578125,5.903433799743652,8.20506763458252,8.399444580078125,1.0,0.358695652173913,2.279306173324585,-0.19437719881534576,8.242144584655762
2000,5e-05,0.0,0.5,1.0,0.0,0.1,184.0,8.209033012390137,5.903433799743652,8.214902877807617,8.399444580078125,1.0,0.358695652173913,2.3055999279022217,-0.18454153835773468,8.242144584655762
2000,5e-05,0.0,0.5,1.0,0.0,0.2,184.0,8.19185733795166,5.903433799743652,8.20163345336914,8.399444580078125,1.0,0.3423913043478261,2.2884230613708496,-0.19781075417995453,8.242144584655762
2000,5e-05,0.0,0.5,1.0,0.01,0.0,184.0,8.184682846069336,5.903433799743652,8.196784973144531,8.399444580078125,1.0,0.3695652173913043,2.2812492847442627,-0.20265965163707733,8.242144584655762
2000,5e-05,0.0,0.5,1.0,0.01,0.01,184.0,8.187975883483887,5.903433799743652,8.201637268066406,8.399444580078125,1.0,0.3695652173913043,2.28454327583313,-0.19780652225017548,8.242144584655762
2000,5e-05,0.0,0.5,1.0,0.01,0.1,184.0,8.20242691040039,5.903433799743652,8.21111011505127,8.399444580078125,1.0,0.3641304347826087,2.2989931106567383,-0.18833410739898682,8.242144584655762
2000,5e-05,0.0,0.5,1.0,0.01,0.2,184.0,8.196405410766602,5.903433799743652,8.202515602111816,8.399444580078125,1.0,0.33152173913043476,2.2929720878601074,-0.19692862033843994,8.242144584655762
2000,5e-05,0.0,0.5,1.0,0.1,0.0,184.0,8.18145751953125,5.903433799743652,8.192159652709961,8.399444580078125,1.0,0.358695652173913,2.2780237197875977,-0.20728446543216705,8.242144584655762
2000,5e-05,0.0,0.5,1.0,0.1,0.01,184.0,8.182877540588379,5.903433799743652,8.20016860961914,8.399444580078125,1.0,0.3695652173913043,2.2794437408447266,-0.19927522540092468,8.242144584655762
2000,5e-05,0.0,0.5,1.0,0.1,0.1,184.0,8.206238746643066,5.903433799743652,8.217628479003906,8.399444580078125,1.0,0.3641304347826087,2.302804708480835,-0.18181578814983368,8.242144584655762
2000,5e-05,0.0,0.5,1.0,0.1,0.2,184.0,8.178014755249023,5.903433799743652,8.200942039489746,8.399444580078125,1.0,0.33695652173913043,2.274580478668213,-0.19850169122219086,8.242144584655762
2000,5e-05,0.01,0.01,0.0,0.0,0.0,184.0,8.040994644165039,5.903433799743652,8.081910133361816,8.399444580078125,0.967391304347826,0.3423913043478261,2.1375603675842285,-0.31753379106521606,8.242144584655762
2000,5e-05,0.01,0.01,0.0,0.0,0.01,184.0,8.127385139465332,5.903433799743652,8.147828102111816,8.399444580078125,0.9891304347826086,0.34782608695652173,2.2239511013031006,-0.25161662697792053,8.242144584655762
2000,5e-05,0.01,0.01,0.0,0.0,0.1,184.0,8.144437789916992,5.903433799743652,8.148536682128906,8.399444580078125,0.9945652173913043,0.33695652173913043,2.2410037517547607,-0.2509077787399292,8.242144584655762
2000,5e-05,0.01,0.01,0.0,0.0,0.2,184.0,8.200872421264648,5.903433799743652,8.206907272338867,8.399444580078125,1.0,0.3532608695652174,2.297438383102417,-0.1925368756055832,8.242144584655762
2000,5e-05,0.01,0.01,0.0,0.01,0.0,184.0,8.028064727783203,5.903433799743652,8.071420669555664,8.399444580078125,0.967391304347826,0.3532608695652174,2.124630928039551,-0.32802292704582214,8.242144584655762
2000,5e-05,0.01,0.01,0.0,0.01,0.01,184.0,8.137724876403809,5.903433799743652,8.146718978881836,8.399444580078125,0.9891304347826086,0.3423913043478261,2.2342915534973145,-0.25272512435913086,8.242144584655762
2000,5e-05,0.01,0.01,0.0,0.01,0.1,184.0,8.142662048339844,5.903433799743652,8.163005828857422,8.399444580078125,0.9945652173913043,0.32608695652173914,2.239227533340454,-0.23643858730793,8.242144584655762
2000,5e-05,0.01,0.01,0.0,0.01,0.2,184.0,8.179815292358398,5.903433799743652,8.195243835449219,8.399444580078125,1.0,0.3532608695652174,2.2763819694519043,-0.20420107245445251,8.242144584655762
2000,5e-05,0.01,0.01,0.0,0.1,0.0,184.0,8.051071166992188,5.903433799743652,8.093700408935547,8.399444580078125,0.967391304347826,0.3532608695652174,2.147637367248535,-0.30574384331703186,8.242144584655762
2000,5e-05,0.01,0.01,0.0,0.1,0.01,184.0,8.126433372497559,5.903433799743652,8.149857521057129,8.399444580078125,0.9891304347826086,0.34782608695652173,2.2230002880096436,-0.24958637356758118,8.242144584655762
2000,5e-05,0.01,0.01,0.0,0.1,0.1,184.0,8.136865615844727,5.903433799743652,8.144091606140137,8.399444580078125,0.9945652173913043,0.31521739130434784,2.2334320545196533,-0.2553519308567047,8.242144584655762
2000,5e-05,0.01,0.01,0.0,0.1,0.2,184.0,8.193975448608398,5.903433799743652,8.210347175598145,8.399444580078125,1.0,0.3695652173913043,2.290541648864746,-0.18909712135791779,8.242144584655762
2000,5e-05,0.01,0.01,0.1,0.0,0.0,184.0,8.083762168884277,5.903433799743652,8.105469703674316,8.399444580078125,0.9728260869565217,0.358695652173913,2.180328130722046,-0.2939745783805847,8.242144584655762
2000,5e-05,0.01,0.01,0.1,0.0,0.01,184.0,8.160819053649902,5.903433799743652,8.162557601928711,8.399444580078125,0.9945652173913043,0.34782608695652173,2.25738525390625,-0.2368863970041275,8.242144584655762
2000,5e-05,0.01,0.01,0.1,0.0,0.1,184.0,8.192852973937988,5.903433799743652,8.200819969177246,8.399444580078125,1.0,0.3423913043478261,2.289419651031494,-0.19862477481365204,8.242144584655762
2000,5e-05,0.01,0.01,0.1,0.0,0.2,184.0,8.22346305847168,5.903433799743652,8.23837661743164,8.399444580078125,1.0,0.3858695652173913,2.3200299739837646,-0.16106732189655304,8.242144584655762
2000,5e-05,0.01,0.01,0.1,0.01,0.0,184.0,8.073634147644043,5.903433799743652,8.08731746673584,8.399444580078125,0.9782608695652174,0.3423913043478261,2.1702005863189697,-0.31212663650512695,8.242144584655762
2000,5e-05,0.01,0.01,0.1,0.01,0.01,184.0,8.154767990112305,5.903433799743652,8.161478042602539,8.399444580078125,0.9945652173913043,0.34782608695652173,2.2513344287872314,-0.23796610534191132,8.242144584655762
2000,5e-05,0.01,0.01,0.1,0.01,0.1,184.0,8.171463012695312,5.903433799743652,8.174174308776855,8.399444580078125,0.9945652173913043,0.3423913043478261,2.26802921295166,-0.22526943683624268,8.242144584655762
2000,5e-05,0.01,0.01,0.1,0.01,0.2,184.0,8.219507217407227,5.903433799743652,8.231440544128418,8.399444580078125,1.0,0.3695652173913043,2.316072702407837,-0.16800343990325928,8.242144584655762
2000,5e-05,0.01,0.01,0.1,0.1,0.0,184.0,8.073424339294434,5.903433799743652,8.092663764953613,8.399444580078125,0.9782608695652174,0.3423913043478261,2.169990301132202,-0.3067811131477356,8.242144584655762
2000,5e-05,0.01,0.01,0.1,0.1,0.01,184.0,8.161959648132324,5.903433799743652,8.165787696838379,8.399444580078125,0.9945652173913043,0.3532608695652174,2.2585253715515137,-0.23365625739097595,8.242144584655762
2000,5e-05,0.01,0.01,0.1,0.1,0.1,184.0,8.196466445922852,5.903433799743652,8.21229076385498,8.399444580078125,1.0,0.34782608695652173,2.2930333614349365,-0.18715360760688782,8.242144584655762
2000,5e-05,0.01,0.01,0.1,0.1,0.2,184.0,8.218045234680176,5.903433799743652,8.224835395812988,8.399444580078125,1.0,0.3695652173913043,2.3146114349365234,-0.1746082901954651,8.242144584655762
2000,5e-05,0.01,0.01,0.5,0.0,0.0,184.0,8.107364654541016,5.903433799743652,8.136689186096191,8.399444580078125,0.9891304347826086,0.358695652173913,2.2039308547973633,-0.26275506615638733,8.242144584655762
2000,5e-05,0.01,0.01,0.5,0.0,0.01,184.0,8.161321640014648,5.903433799743652,8.171782493591309,8.399444580078125,0.9945652173913043,0.358695652173913,2.257887363433838,-0.22766262292861938,8.242144584655762
2000,5e-05,0.01,0.01,0.5,0.0,0.1,184.0,8.200886726379395,5.903433799743652,8.210906028747559,8.399444580078125,1.0,0.3532608695652174,2.297452449798584,-0.1885383278131485,8.242144584655762
2000,5e-05,0.01,0.01,0.5,0.0,0.2,184.0,8.20557975769043,5.903433799743652,8.221092224121094,8.399444580078125,1.0,0.3532608695652174,2.3021464347839355,-0.17835234105587006,8.242144584655762
2000,5e-05,0.01,0.01,0.5,0.01,0.0,184.0,8.137789726257324,5.903433799743652,8.155235290527344,8.399444580078125,0.9945652173913043,0.3641304347826087,2.2343552112579346,-0.24420887231826782,8.242144584655762
2000,5e-05,0.01,0.01,0.5,0.01,0.01,184.0,8.162988662719727,5.903433799743652,8.171771049499512,8.399444580078125,0.9945652173913043,0.358695652173913,2.2595551013946533,-0.2276722937822342,8.242144584655762
2000,5e-05,0.01,0.01,0.5,0.01,0.1,184.0,8.191256523132324,5.903433799743652,8.21061897277832,8.399444580078125,1.0,0.358695652173913,2.2878224849700928,-0.1888248473405838,8.242144584655762
2000,5e-05,0.01,0.01,0.5,0.01,0.2,184.0,8.21153736114502,5.903433799743652,8.220537185668945,8.399444580078125,1.0,0.358695652173913,2.308103561401367,-0.17890697717666626,8.242144584655762
2000,5e-05,0.01,0.01,0.5,0.1,0.0,184.0,8.124811172485352,5.903433799743652,8.149827003479004,8.399444580078125,0.9891304347826086,0.3641304347826087,2.2213776111602783,-0.2496170848608017,8.242144584655762
2000,5e-05,0.01,0.01,0.5,0.1,0.01,184.0,8.157768249511719,5.903433799743652,8.171706199645996,8.399444580078125,0.9945652173913043,0.358695652173913,2.254333734512329,-0.22773826122283936,8.242144584655762
2000,5e-05,0.01,0.01,0.5,0.1,0.1,184.0,8.193575859069824,5.903433799743652,8.198829650878906,8.399444580078125,1.0,0.3423913043478261,2.2901418209075928,-0.20061460137367249,8.242144584655762
2000,5e-05,0.01,0.01,0.5,0.1,0.2,184.0,8.198202133178711,5.903433799743652,8.209096908569336,8.399444580078125,1.0,0.3532608695652174,2.2947683334350586,-0.19034646451473236,8.242144584655762
2000,5e-05,0.01,0.01,1.0,0.0,0.0,184.0,8.104848861694336,5.903433799743652,8.11101245880127,8.399444580078125,0.9782608695652174,0.34782608695652173,2.2014150619506836,-0.2884316146373749,8.242144584655762
2000,5e-05,0.01,0.01,1.0,0.0,0.01,184.0,8.168719291687012,5.903433799743652,8.17285442352295,8.399444580078125,0.9945652173913043,0.3532608695652174,2.2652859687805176,-0.22659026086330414,8.242144584655762
2000,5e-05,0.01,0.01,1.0,0.0,0.1,184.0,8.18234634399414,5.903433799743652,8.189257621765137,8.399444580078125,1.0,0.3423913043478261,2.2789127826690674,-0.2101866900920868,8.242144584655762
2000,5e-05,0.01,0.01,1.0,0.0,0.2,184.0,8.213093757629395,5.903433799743652,8.22397232055664,8.399444580078125,1.0,0.3532608695652174,2.309659719467163,-0.1754714995622635,8.242144584655762
2000,5e-05,0.01,0.01,1.0,0.01,0.0,184.0,8.11115550994873,5.903433799743652,8.121426582336426,8.399444580078125,0.9782608695652174,0.358695652173913,2.2077219486236572,-0.2780177593231201,8.242144584655762
2000,5e-05,0.01,0.01,1.0,0.01,0.01,184.0,8.15792179107666,5.903433799743652,8.171490669250488,8.399444580078125,0.9945652173913043,0.3532608695652174,2.254487991333008,-0.22795343399047852,8.242144584655762
2000,5e-05,0.01,0.01,1.0,0.01,0.1,184.0,8.193410873413086,5.903433799743652,8.204553604125977,8.399444580078125,1.0,0.358695652173913,2.2899770736694336,-0.1948900669813156,8.242144584655762
2000,5e-05,0.01,0.01,1.0,0.01,0.2,184.0,8.206145286560059,5.903433799743652,8.222900390625,8.399444580078125,1.0,0.3423913043478261,2.3027114868164062,-0.17654377222061157,8.242144584655762
2000,5e-05,0.01,0.01,1.0,0.1,0.0,184.0,8.108800888061523,5.903433799743652,8.113858222961426,8.399444580078125,0.9782608695652174,0.3532608695652174,2.20536732673645,-0.2855864465236664,8.242144584655762
2000,5e-05,0.01,0.01,1.0,0.1,0.01,184.0,8.15942096710205,5.903433799743652,8.169724464416504,8.399444580078125,0.9945652173913043,0.3532608695652174,2.2559876441955566,-0.2297203242778778,8.242144584655762
2000,5e-05,0.01,0.01,1.0,0.1,0.1,184.0,8.185212135314941,5.903433799743652,8.196700096130371,8.399444580078125,1.0,0.34782608695652173,2.281778335571289,-0.2027442753314972,8.242144584655762
2000,5e-05,0.01,0.01,1.0,0.1,0.2,184.0,8.2184476852417,5.903433799743652,8.219827651977539,8.399444580078125,1.0,0.32608695652173914,2.315014362335205,-0.1796165555715561,8.242144584655762
2000,5e-05,0.01,0.1,0.0,0.0,0.0,184.0,8.065091133117676,5.903433799743652,8.122255325317383,8.399444580078125,0.967391304347826,0.34782608695652173,2.1616573333740234,-0.2771886885166168,8.242144584655762
2000,5e-05,0.01,0.1,0.0,0.0,0.01,184.0,8.146496772766113,5.903433799743652,8.160391807556152,8.399444580078125,0.9945652173913043,0.33152173913043476,2.24306321144104,-0.23905298113822937,8.242144584655762
2000,5e-05,0.01,0.1,0.0,0.0,0.1,184.0,8.162132263183594,5.903433799743652,8.167586326599121,8.399444580078125,1.0,0.33152173913043476,2.258697748184204,-0.2318582534790039,8.242144584655762
2000,5e-05,0.01,0.1,0.0,0.0,0.2,184.0,8.209272384643555,5.903433799743652,8.218116760253906,8.399444580078125,1.0,0.3695652173913043,2.3058385848999023,-0.18132734298706055,8.242144584655762
2000,5e-05,0.01,0.1,0.0,0.01,0.0,184.0,8.064452171325684,5.903433799743652,8.099839210510254,8.399444580078125,0.967391304347826,0.33695652173913043,2.161018133163452,-0.2996059060096741,8.242144584655762
2000,5e-05,0.01,0.1,0.0,0.01,0.01,184.0,8.158721923828125,5.903433799743652,8.172192573547363,8.399444580078125,0.9945652173913043,0.358695652173913,2.2552878856658936,-0.22725163400173187,8.242144584655762
2000,5e-05,0.01,0.1,0.0,0.01,0.1,184.0,8.175387382507324,5.903433799743652,8.181912422180176,8.399444580078125,1.0,0.33695652173913043,2.271953582763672,-0.21753257513046265,8.242144584655762
2000,5e-05,0.01,0.1,0.0,0.01,0.2,184.0,8.189033508300781,5.903433799743652,8.205164909362793,8.399444580078125,1.0,0.3423913043478261,2.285600423812866,-0.1942792385816574,8.242144584655762
2000,5e-05,0.01,0.1,0.0,0.1,0.0,184.0,8.075848579406738,5.903433799743652,8.100968360900879,8.399444580078125,0.9728260869565217,0.3423913043478261,2.1724143028259277,-0.298475980758667,8.242144584655762
2000,5e-05,0.01,0.1,0.0,0.1,0.01,184.0,8.149925231933594,5.903433799743652,8.159073829650879,8.399444580078125,0.9945652173913043,0.3423913043478261,2.2464919090270996,-0.24037010967731476,8.242144584655762
2000,5e-05,0.01,0.1,0.0,0.1,0.1,184.0,8.17935848236084,5.903433799743652,8.186507225036621,8.399444580078125,1.0,0.3423913043478261,2.2759249210357666,-0.21293668448925018,8.242144584655762
2000,5e-05,0.01,0.1,0.0,0.1,0.2,184.0,8.213762283325195,5.903433799743652,8.2244873046875,8.399444580078125,1.0,0.3641304347826087,2.310328722000122,-0.1749565750360489,8.242144584655762
2000,5e-05,0.01,0.1,0.1,0.0,0.0,184.0,8.09603214263916,5.903433799743652,8.127679824829102,8.399444580078125,0.9836956521739131,0.34782608695652173,2.1925981044769287,-0.27176445722579956,8.242144584655762
2000,5e-05,0.01,0.1,0.1,0.0,0.01,184.0,8.15510368347168,5.903433799743652,8.169441223144531,8.399444580078125,0.9945652173913043,0.358695652173913,2.2516698837280273,-0.23000256717205048,8.242144584655762
2000,5e-05,0.01,0.1,0.1,0.0,0.1,184.0,8.176046371459961,5.903433799743652,8.188566207885742,8.399444580078125,1.0,0.3423913043478261,2.2726125717163086,-0.21087788045406342,8.242144584655762
2000,5e-05,0.01,0.1,0.1,0.0,0.2,184.0,8.208868026733398,5.903433799743652,8.22330093383789,8.399444580078125,1.0,0.3695652173913043,2.305434465408325,-0.17614342272281647,8.242144584655762
2000,5e-05,0.01,0.1,0.1,0.01,0.0,184.0,8.073363304138184,5.903433799743652,8.126646041870117,8.399444580078125,0.9782608695652174,0.33695652173913043,2.169928789138794,-0.2727985084056854,8.242144584655762
2000,5e-05,0.01,0.1,0.1,0.01,0.01,184.0,8.15653133392334,5.903433799743652,8.168584823608398,8.399444580078125,0.9945652173913043,0.358695652173913,2.2530977725982666,-0.23085905611515045,8.242144584655762
2000,5e-05,0.01,0.1,0.1,0.01,0.1,184.0,8.178121566772461,5.903433799743652,8.186484336853027,8.399444580078125,1.0,0.3423913043478261,2.2746880054473877,-0.21295975148677826,8.242144584655762
2000,5e-05,0.01,0.1,0.1,0.01,0.2,184.0,8.218018531799316,5.903433799743652,8.226970672607422,8.399444580078125,1.0,0.358695652173913,2.314584970474243,-0.1724739670753479,8.242144584655762
2000,5e-05,0.01,0.1,0.1,0.1,0.0,184.0,8.040035247802734,5.903433799743652,8.08745288848877,8.399444580078125,0.967391304347826,0.33152173913043476,2.136600971221924,-0.3119918704032898,8.242144584655762
2000,5e-05,0.01,0.1,0.1,0.1,0.01,184.0,8.149053573608398,5.903433799743652,8.166592597961426,8.399444580078125,0.9945652173913043,0.3532608695652174,2.245619297027588,-0.23285193741321564,8.242144584655762
2000,5e-05,0.01,0.1,0.1,0.1,0.1,184.0,8.162139892578125,5.903433799743652,8.179338455200195,8.399444580078125,0.9945652173913043,0.358695652173913,2.2587060928344727,-0.22010627388954163,8.242144584655762
2000,5e-05,0.01,0.1,0.1,0.1,0.2,184.0,8.215617179870605,5.903433799743652,8.226327896118164,8.399444580078125,1.0,0.3532608695652174,2.3121838569641113,-0.17311598360538483,8.242144584655762
2000,5e-05,0.01,0.1,0.5,0.0,0.0,184.0,8.07103443145752,5.903433799743652,8.110123634338379,8.399444580078125,0.9728260869565217,0.33152173913043476,2.167600631713867,-0.2893203794956207,8.242144584655762
2000,5e-05,0.01,0.1,0.5,0.0,0.01,184.0,8.139779090881348,5.903433799743652,8.159316062927246,8.399444580078125,0.9945652173913043,0.3423913043478261,2.2363452911376953,-0.2401285171508789,8.242144584655762
2000,5e-05,0.01,0.1,0.5,0.0,0.1,184.0,8.191527366638184,5.903433799743652,8.212431907653809,8.399444580078125,1.0,0.34782608695652173,2.2880938053131104,-0.18701250851154327,8.242144584655762
2000,5e-05,0.01,0.1,0.5,0.0,0.2,184.0,8.216911315917969,5.903433799743652,8.229962348937988,8.399444580078125,1.0,0.358695652173913,2.313476800918579,-0.16948211193084717,8.242144584655762
2000,5e-05,0.01,0.1,0.5,0.01,0.0,184.0,8.10219955444336,5.903433799743652,8.134025573730469,8.399444580078125,0.9836956521739131,0.3423913043478261,2.1987662315368652,-0.2654183506965637,8.242144584655762
2000,5e-05,0.01,0.1,0.5,0.01,0.01,184.0,8.149348258972168,5.903433799743652,8.163535118103027,8.399444580078125,0.9945652173913043,0.3423913043478261,2.245914936065674,-0.23590919375419617,8.242144584655762
2000,5e-05,0.01,0.1,0.5,0.01,0.1,184.0,8.17612361907959,5.903433799743652,8.183390617370605,8.399444580078125,1.0,0.33152173913043476,2.2726900577545166,-0.21605347096920013,8.242144584655762
2000,5e-05,0.01,0.1,0.5,0.01,0.2,184.0,8.200798988342285,5.903433799743652,8.21820068359375,8.399444580078125,0.9945652173913043,0.3532608695652174,2.297365665435791,-0.1812431365251541,8.242144584655762
2000,5e-05,0.01,0.1,0.5,0.1,0.0,184.0,8.099571228027344,5.903433799743652,8.146469116210938,8.399444580078125,0.9836956521739131,0.3423913043478261,2.1961379051208496,-0.2529751658439636,8.242144584655762
2000,5e-05,0.01,0.1,0.5,0.1,0.01,184.0,8.151949882507324,5.903433799743652,8.167290687561035,8.399444580078125,0.9945652173913043,0.3423913043478261,2.248516082763672,-0.23215331137180328,8.242144584655762
2000,5e-05,0.01,0.1,0.5,0.1,0.1,184.0,8.177909851074219,5.903433799743652,8.180962562561035,8.399444580078125,1.0,0.33152173913043476,2.274475336074829,-0.2184811532497406,8.242144584655762
2000,5e-05,0.01,0.1,0.5,0.1,0.2,184.0,8.218119621276855,5.903433799743652,8.227792739868164,8.399444580078125,1.0,0.3532608695652174,2.3146862983703613,-0.17165088653564453,8.242144584655762
2000,5e-05,0.01,0.1,1.0,0.0,0.0,184.0,8.128678321838379,5.903433799743652,8.154400825500488,8.399444580078125,0.9945652173913043,0.33695652173913043,2.2252440452575684,-0.24504321813583374,8.242144584655762
2000,5e-05,0.01,0.1,1.0,0.0,0.01,184.0,8.149992942810059,5.903433799743652,8.16222095489502,8.399444580078125,0.9945652173913043,0.33695652173913043,2.246558666229248,-0.23722295463085175,8.242144584655762
2000,5e-05,0.01,0.1,1.0,0.0,0.1,184.0,8.186470031738281,5.903433799743652,8.192456245422363,8.399444580078125,1.0,0.33695652173913043,2.283036470413208,-0.20698805153369904,8.242144584655762
2000,5e-05,0.01,0.1,1.0,0.0,0.2,184.0,8.198052406311035,5.903433799743652,8.205087661743164,8.399444580078125,1.0,0.33695652173913043,2.294619083404541,-0.19435691833496094,8.242144584655762
2000,5e-05,0.01,0.1,1.0,0.01,0.0,184.0,8.149956703186035,5.903433799743652,8.165726661682129,8.399444580078125,0.9945652173913043,0.34782608695652173,2.246523141860962,-0.23371754586696625,8.242144584655762
2000,5e-05,0.01,0.1,1.0,0.01,0.01,184.0,8.149003028869629,5.903433799743652,8.163296699523926,8.399444580078125,0.9945652173913043,0.3423913043478261,2.2455697059631348,-0.23614725470542908,8.242144584655762
2000,5e-05,0.01,0.1,1.0,0.01,0.1,184.0,8.18712043762207,5.903433799743652,8.191975593566895,8.399444580078125,1.0,0.33695652173913043,2.283686876296997,-0.20746873319149017,8.242144584655762
2000,5e-05,0.01,0.1,1.0,0.01,0.2,184.0,8.207027435302734,5.903433799743652,8.21287727355957,8.399444580078125,1.0,0.33695652173913043,2.303593873977661,-0.18656644225120544,8.242144584655762
2000,5e-05,0.01,0.1,1.0,0.1,0.0,184.0,8.118673324584961,5.903433799743652,8.161179542541504,8.399444580078125,0.9891304347826086,0.33695652173913043,2.215240240097046,-0.23826487362384796,8.242144584655762
2000,5e-05,0.01,0.1,1.0,0.1,0.01,184.0,8.150857925415039,5.903433799743652,8.1571683883667,8.399444580078125,0.9945652173913043,0.3423913043478261,2.247424364089966,-0.24227581918239594,8.242144584655762
2000,5e-05,0.01,0.1,1.0,0.1,0.1,184.0,8.194413185119629,5.903433799743652,8.197600364685059,8.399444580078125,1.0,0.33695652173913043,2.2909793853759766,-0.20184338092803955,8.242144584655762
2000,5e-05,0.01,0.1,1.0,0.1,0.2,184.0,8.196109771728516,5.903433799743652,8.202493667602539,8.399444580078125,1.0,0.33695652173913043,2.2926762104034424,-0.1969507932662964,8.242144584655762
2000,5e-05,0.01,0.5,0.0,0.0,0.0,184.0,8.137943267822266,5.903433799743652,8.160896301269531,8.399444580078125,0.9945652173913043,0.33695652173913043,2.2345097064971924,-0.2385481894016266,8.242144584655762
2000,5e-05,0.01,0.5,0.0,0.0,0.01,184.0,8.143616676330566,5.903433799743652,8.1733980178833,8.399444580078125,0.9945652173913043,0.358695652173913,2.240182876586914,-0.22604668140411377,8.242144584655762
2000,5e-05,0.01,0.5,0.0,0.0,0.1,184.0,8.199460983276367,5.903433799743652,8.207435607910156,8.399444580078125,1.0,0.358695652173913,2.296027183532715,-0.19200901687145233,8.242144584655762
2000,5e-05,0.01,0.5,0.0,0.0,0.2,184.0,8.207115173339844,5.903433799743652,8.215400695800781,8.399444580078125,1.0,0.3641304347826087,2.3036818504333496,-0.184042826294899,8.242144584655762
2000,5e-05,0.01,0.5,0.0,0.01,0.0,184.0,8.130118370056152,5.903433799743652,8.149617195129395,8.399444580078125,0.9891304347826086,0.3532608695652174,2.226684808731079,-0.24982771277427673,8.242144584655762
2000,5e-05,0.01,0.5,0.0,0.01,0.01,184.0,8.146716117858887,5.903433799743652,8.169517517089844,8.399444580078125,0.9945652173913043,0.358695652173913,2.2432823181152344,-0.22992722690105438,8.242144584655762
2000,5e-05,0.01,0.5,0.0,0.01,0.1,184.0,8.206070899963379,5.903433799743652,8.21660041809082,8.399444580078125,1.0,0.358695652173913,2.3026368618011475,-0.1828434020280838,8.242144584655762
2000,5e-05,0.01,0.5,0.0,0.01,0.2,184.0,8.204277038574219,5.903433799743652,8.217777252197266,8.399444580078125,1.0,0.3641304347826087,2.3008430004119873,-0.18166691064834595,8.242144584655762
2000,5e-05,0.01,0.5,0.0,0.1,0.0,184.0,8.142912864685059,5.903433799743652,8.165382385253906,8.399444580078125,0.9945652173913043,0.358695652173913,2.2394797801971436,-0.2340621054172516,8.242144584655762
2000,5e-05,0.01,0.5,0.0,0.1,0.01,184.0,8.144142150878906,5.903433799743652,8.163493156433105,8.399444580078125,0.9945652173913043,0.3532608695652174,2.240709066390991,-0.2359507977962494,8.242144584655762
2000,5e-05,0.01,0.5,0.0,0.1,0.1,184.0,8.20103645324707,5.903433799743652,8.21458911895752,8.399444580078125,1.0,0.3695652173913043,2.297602891921997,-0.18485496938228607,8.242144584655762
2000,5e-05,0.01,0.5,0.0,0.1,0.2,184.0,8.210912704467773,5.903433799743652,8.218764305114746,8.399444580078125,1.0,0.358695652173913,2.3074791431427,-0.18068011105060577,8.242144584655762
2000,5e-05,0.01,0.5,0.1,0.0,0.0,184.0,8.139679908752441,5.903433799743652,8.16862964630127,8.399444580078125,0.9945652173913043,0.3532608695652174,2.2362468242645264,-0.23081426322460175,8.242144584655762
2000,5e-05,0.01,0.5,0.1,0.0,0.01,184.0,8.135531425476074,5.903433799743652,8.170989990234375,8.399444580078125,0.9945652173913043,0.358695652173913,2.2320985794067383,-0.22845375537872314,8.242144584655762
2000,5e-05,0.01,0.5,0.1,0.0,0.1,184.0,8.197620391845703,5.903433799743652,8.215361595153809,8.399444580078125,1.0,0.358695652173913,2.29418683052063,-0.18408294022083282,8.242144584655762
2000,5e-05,0.01,0.5,0.1,0.0,0.2,184.0,8.19629955291748,5.903433799743652,8.217387199401855,8.399444580078125,1.0,0.3641304347826087,2.2928659915924072,-0.18205668032169342,8.242144584655762
2000,5e-05,0.01,0.5,0.1,0.01,0.0,184.0,8.145604133605957,5.903433799743652,8.170780181884766,8.399444580078125,0.9945652173913043,0.3641304347826087,2.242170572280884,-0.22866418957710266,8.242144584655762
2000,5e-05,0.01,0.5,0.1,0.01,0.01,184.0,8.145853042602539,5.903433799743652,8.16346263885498,8.399444580078125,0.9945652173913043,0.34782608695652173,2.2424190044403076,-0.23598168790340424,8.242144584655762
2000,5e-05,0.01,0.5,0.1,0.01,0.1,184.0,8.189070701599121,5.903433799743652,8.213384628295898,8.399444580078125,1.0,0.358695652173913,2.2856361865997314,-0.18605943024158478,8.242144584655762
2000,5e-05,0.01,0.5,0.1,0.01,0.2,184.0,8.201482772827148,5.903433799743652,8.213112831115723,8.399444580078125,1.0,0.3641304347826087,2.298048496246338,-0.1863313764333725,8.242144584655762
2000,5e-05,0.01,0.5,0.1,0.1,0.0,184.0,8.144308090209961,5.903433799743652,8.167411804199219,8.399444580078125,0.9945652173913043,0.3695652173913043,2.2408738136291504,-0.23203261196613312,8.242144584655762
2000,5e-05,0.01,0.5,0.1,0.1,0.01,184.0,8.150857925415039,5.903433799743652,8.164833068847656,8.399444580078125,0.9945652173913043,0.358695652173913,2.247424840927124,-0.2346109300851822,8.242144584655762
2000,5e-05,0.01,0.5,0.1,0.1,0.1,184.0,8.194770812988281,5.903433799743652,8.20748519897461,8.399444580078125,1.0,0.358695652173913,2.29133677482605,-0.19195905327796936,8.242144584655762
2000,5e-05,0.01,0.5,0.1,0.1,0.2,184.0,8.209883689880371,5.903433799743652,8.217745780944824,8.399444580078125,1.0,0.3641304347826087,2.306450128555298,-0.18169844150543213,8.242144584655762
2000,5e-05,0.01,0.5,0.5,0.0,0.0,184.0,8.150142669677734,5.903433799743652,8.170722007751465,8.399444580078125,0.9945652173913043,0.34782608695652173,2.246708631515503,-0.2287226766347885,8.242144584655762
2000,5e-05,0.01,0.5,0.5,0.0,0.01,184.0,8.156176567077637,5.903433799743652,8.16743278503418,8.399444580078125,0.9945652173913043,0.3423913043478261,2.2527430057525635,-0.2320110946893692,8.242144584655762
2000,5e-05,0.01,0.5,0.5,0.0,0.1,184.0,8.195259094238281,5.903433799743652,8.216392517089844,8.399444580078125,1.0,0.3641304347826087,2.291826009750366,-0.1830521523952484,8.242144584655762
2000,5e-05,0.01,0.5,0.5,0.0,0.2,184.0,8.205214500427246,5.903433799743652,8.218597412109375,8.399444580078125,1.0,0.3695652173913043,2.3017807006835938,-0.1808464229106903,8.242144584655762
2000,5e-05,0.01,0.5,0.5,0.01,0.0,184.0,8.151318550109863,5.903433799743652,8.170022010803223,8.399444580078125,0.9945652173913043,0.3532608695652174,2.247884511947632,-0.22942207753658295,8.242144584655762
2000,5e-05,0.01,0.5,0.5,0.01,0.01,184.0,8.15529727935791,5.903433799743652,8.169565200805664,8.399444580078125,0.9945652173913043,0.358695652173913,2.251863479614258,-0.22987933456897736,8.242144584655762
2000,5e-05,0.01,0.5,0.5,0.01,0.1,184.0,8.203516006469727,5.903433799743652,8.21942138671875,8.399444580078125,1.0,0.358695652173913,2.3000833988189697,-0.1800224930047989,8.242144584655762
2000,5e-05,0.01,0.5,0.5,0.01,0.2,184.0,8.207254409790039,5.903433799743652,8.2202787399292,8.399444580078125,1.0,0.3695652173913043,2.3038203716278076,-0.17916546761989594,8.242144584655762
2000,5e-05,0.01,0.5,0.5,0.1,0.0,184.0,8.14979362487793,5.903433799743652,8.160924911499023,8.399444580078125,0.9945652173913043,0.34782608695652173,2.246359348297119,-0.23851998150348663,8.242144584655762
2000,5e-05,0.01,0.5,0.5,0.1,0.01,184.0,8.152660369873047,5.903433799743652,8.168530464172363,8.399444580078125,0.9945652173913043,0.3532608695652174,2.2492260932922363,-0.23091354966163635,8.242144584655762
2000,5e-05,0.01,0.5,0.5,0.1,0.1,184.0,8.198349952697754,5.903433799743652,8.214681625366211,8.399444580078125,1.0,0.358695652173913,2.2949161529541016,-0.18476295471191406,8.242144584655762
2000,5e-05,0.01,0.5,0.5,0.1,0.2,184.0,8.20726203918457,5.903433799743652,8.221685409545898,8.399444580078125,1.0,0.3695652173913043,2.303828716278076,-0.1777595430612564,8.242144584655762
2000,5e-05,0.01,0.5,1.0,0.0,0.0,184.0,8.15339183807373,5.903433799743652,8.167036056518555,8.399444580078125,0.9945652173913043,0.34782608695652173,2.2499585151672363,-0.23240871727466583,8.242144584655762
2000,5e-05,0.01,0.5,1.0,0.0,0.01,184.0,8.155791282653809,5.903433799743652,8.17288589477539,8.399444580078125,0.9945652173913043,0.358695652173913,2.252356767654419,-0.22655795514583588,8.242144584655762
2000,5e-05,0.01,0.5,1.0,0.0,0.1,184.0,8.18464469909668,5.903433799743652,8.198058128356934,8.399444580078125,1.0,0.3532608695652174,2.2812108993530273,-0.20138682425022125,8.242144584655762
2000,5e-05,0.01,0.5,1.0,0.0,0.2,184.0,8.203268051147461,5.903433799743652,8.21277904510498,8.399444580078125,1.0,0.3641304347826087,2.299834966659546,-0.18666553497314453,8.242144584655762
2000,5e-05,0.01,0.5,1.0,0.01,0.0,184.0,8.150787353515625,5.903433799743652,8.16631031036377,8.399444580078125,0.9945652173913043,0.34782608695652173,2.2473535537719727,-0.233134463429451,8.242144584655762
2000,5e-05,0.01,0.5,1.0,0.01,0.01,184.0,8.15355396270752,5.903433799743652,8.171035766601562,8.399444580078125,0.9945652173913043,0.34782608695652173,2.250119686126709,-0.22840818762779236,8.242144584655762
2000,5e-05,0.01,0.5,1.0,0.01,0.1,184.0,8.193825721740723,5.903433799743652,8.205772399902344,8.399444580078125,1.0,0.34782608695652173,2.2903923988342285,-0.19367250800132751,8.242144584655762
2000,5e-05,0.01,0.5,1.0,0.01,0.2,184.0,8.194872856140137,5.903433799743652,8.207204818725586,8.399444580078125,1.0,0.358695652173913,2.2914388179779053,-0.19223996996879578,8.242144584655762
2000,5e-05,0.01,0.5,1.0,0.1,0.0,184.0,8.157731056213379,5.903433799743652,8.170299530029297,8.399444580078125,0.9945652173913043,0.3532608695652174,2.25429630279541,-0.2291444092988968,8.242144584655762
2000,5e-05,0.01,0.5,1.0,0.1,0.01,184.0,8.155920028686523,5.903433799743652,8.173072814941406,8.399444580078125,0.9945652173913043,0.358695652173913,2.252485990524292,-0.22637122869491577,8.242144584655762
2000,5e-05,0.01,0.5,1.0,0.1,0.1,184.0,8.19250202178955,5.903433799743652,8.20872974395752,8.399444580078125,1.0,0.358695652173913,2.2890686988830566,-0.19071458280086517,8.242144584655762
2000,5e-05,0.01,0.5,1.0,0.1,0.2,184.0,8.198368072509766,5.903433799743652,8.205955505371094,8.399444580078125,1.0,0.3532608695652174,2.2949352264404297,-0.1934889703989029,8.242144584655762
2000,5e-05,0.1,0.01,0.0,0.0,0.0,184.0,7.8114118576049805,5.903433799743652,7.8755340576171875,8.399444580078125,0.9293478260869565,0.28804347826086957,1.9079780578613281,-0.5239096283912659,8.242144584655762
2000,5e-05,0.1,0.01,0.0,0.0,0.01,184.0,7.8958539962768555,5.903433799743652,7.946996212005615,8.399444580078125,0.9456521739130435,0.31521739130434784,1.9924205541610718,-0.45244792103767395,8.242144584655762
2000,5e-05,0.1,0.01,0.0,0.0,0.1,184.0,8.095405578613281,5.903433799743652,8.130972862243652,8.399444580078125,0.9836956521739131,0.3532608695652174,2.19197154045105,-0.26847147941589355,8.242144584655762
2000,5e-05,0.1,0.01,0.0,0.0,0.2,184.0,8.138786315917969,5.903433799743652,8.16623592376709,8.399444580078125,0.9891304347826086,0.34782608695652173,2.235351800918579,-0.2332083284854889,8.242144584655762
2000,5e-05,0.1,0.01,0.0,0.01,0.0,184.0,7.83733606338501,5.903433799743652,7.88907527923584,8.399444580078125,0.9347826086956522,0.29347826086956524,1.9339027404785156,-0.5103685855865479,8.242144584655762
2000,5e-05,0.1,0.01,0.0,0.01,0.01,184.0,7.887506008148193,5.903433799743652,7.939974784851074,8.399444580078125,0.9510869565217391,0.30978260869565216,1.9840731620788574,-0.45946967601776123,8.242144584655762
2000,5e-05,0.1,0.01,0.0,0.01,0.1,184.0,8.106490135192871,5.903433799743652,8.134635925292969,8.399444580078125,0.9836956521739131,0.358695652173913,2.2030563354492188,-0.2648080885410309,8.242144584655762
2000,5e-05,0.1,0.01,0.0,0.01,0.2,184.0,8.126627922058105,5.903433799743652,8.154550552368164,8.399444580078125,0.9891304347826086,0.34782608695652173,2.2231945991516113,-0.24489398300647736,8.242144584655762
2000,5e-05,0.1,0.01,0.0,0.1,0.0,184.0,7.832918167114258,5.903433799743652,7.892282009124756,8.399444580078125,0.9347826086956522,0.29891304347826086,1.9294849634170532,-0.5071617364883423,8.242144584655762
2000,5e-05,0.1,0.01,0.0,0.1,0.01,184.0,7.90242862701416,5.903433799743652,7.966065883636475,8.399444580078125,0.9456521739130435,0.32065217391304346,1.9989949464797974,-0.4333779811859131,8.242144584655762
2000,5e-05,0.1,0.01,0.0,0.1,0.1,184.0,8.09573745727539,5.903433799743652,8.141772270202637,8.399444580078125,0.9836956521739131,0.3532608695652174,2.192303419113159,-0.25767114758491516,8.242144584655762
2000,5e-05,0.1,0.01,0.0,0.1,0.2,184.0,8.137511253356934,5.903433799743652,8.16140365600586,8.399444580078125,0.9891304347826086,0.3532608695652174,2.2340776920318604,-0.2380412071943283,8.242144584655762
2000,5e-05,0.1,0.01,0.1,0.0,0.0,184.0,7.924817085266113,5.903433799743652,7.9819440841674805,8.399444580078125,0.9456521739130435,0.28804347826086957,2.021383285522461,-0.41749945282936096,8.242144584655762
2000,5e-05,0.1,0.01,0.1,0.0,0.01,184.0,7.966553211212158,5.903433799743652,7.986202239990234,8.399444580078125,0.9565217391304348,0.30434782608695654,2.063119888305664,-0.4132421612739563,8.242144584655762
2000,5e-05,0.1,0.01,0.1,0.0,0.1,184.0,8.122650146484375,5.903433799743652,8.14498519897461,8.399444580078125,0.9836956521739131,0.3641304347826087,2.2192165851593018,-0.2544591426849365,8.242144584655762
2000,5e-05,0.1,0.01,0.1,0.0,0.2,184.0,8.180835723876953,5.903433799743652,8.199004173278809,8.399444580078125,0.9945652173913043,0.358695652173913,2.277402639389038,-0.20043984055519104,8.242144584655762
2000,5e-05,0.1,0.01,0.1,0.01,0.0,184.0,7.905423164367676,5.903433799743652,7.951035976409912,8.399444580078125,0.9456521739130435,0.27717391304347827,2.0019898414611816,-0.44840845465660095,8.242144584655762
2000,5e-05,0.1,0.01,0.1,0.01,0.01,184.0,7.953698635101318,5.903433799743652,7.998627185821533,8.399444580078125,0.9565217391304348,0.30434782608695654,2.050265073776245,-0.40081703662872314,8.242144584655762
2000,5e-05,0.1,0.01,0.1,0.01,0.1,184.0,8.128252983093262,5.903433799743652,8.144061088562012,8.399444580078125,0.9891304347826086,0.358695652173913,2.2248194217681885,-0.25538256764411926,8.242144584655762
2000,5e-05,0.1,0.01,0.1,0.01,0.2,184.0,8.172054290771484,5.903433799743652,8.197900772094727,8.399444580078125,0.9945652173913043,0.358695652173913,2.2686212062835693,-0.2015434354543686,8.242144584655762
2000,5e-05,0.1,0.01,0.1,0.1,0.0,184.0,7.905304431915283,5.903433799743652,7.9660563468933105,8.399444580078125,0.9510869565217391,0.2826086956521739,2.001871109008789,-0.4333879351615906,8.242144584655762
2000,5e-05,0.1,0.01,0.1,0.1,0.01,184.0,7.958563804626465,5.903433799743652,7.99182653427124,8.399444580078125,0.9565217391304348,0.30434782608695654,2.0551302433013916,-0.407617449760437,8.242144584655762
2000,5e-05,0.1,0.01,0.1,0.1,0.1,184.0,8.12637710571289,5.903433799743652,8.149208068847656,8.399444580078125,0.9836956521739131,0.358695652173913,2.222944498062134,-0.2502354681491852,8.242144584655762
2000,5e-05,0.1,0.01,0.1,0.1,0.2,184.0,8.16938304901123,5.903433799743652,8.19923210144043,8.399444580078125,0.9945652173913043,0.358695652173913,2.2659494876861572,-0.2002120167016983,8.242144584655762
2000,5e-05,0.1,0.01,0.5,0.0,0.0,184.0,7.790347099304199,5.903433799743652,7.8521647453308105,8.399444580078125,0.9184782608695652,0.30978260869565216,1.886913776397705,-0.5472795367240906,8.242144584655762
2000,5e-05,0.1,0.01,0.5,0.0,0.01,184.0,7.919200897216797,5.903433799743652,8.004417419433594,8.399444580078125,0.9456521739130435,0.33152173913043476,2.0157673358917236,-0.3950270414352417,8.242144584655762
2000,5e-05,0.1,0.01,0.5,0.0,0.1,184.0,8.181565284729004,5.903433799743652,8.208642959594727,8.399444580078125,1.0,0.3695652173913043,2.2781310081481934,-0.19080092012882233,8.242144584655762
2000,5e-05,0.1,0.01,0.5,0.0,0.2,184.0,8.178967475891113,5.903433799743652,8.205788612365723,8.399444580078125,1.0,0.34782608695652173,2.275533676147461,-0.1936551034450531,8.242144584655762
2000,5e-05,0.1,0.01,0.5,0.01,0.0,184.0,7.824498653411865,5.903433799743652,7.8936920166015625,8.399444580078125,0.9184782608695652,0.32065217391304346,1.9210654497146606,-0.5057520866394043,8.242144584655762
2000,5e-05,0.1,0.01,0.5,0.01,0.01,184.0,7.91094970703125,5.903433799743652,7.989431858062744,8.399444580078125,0.9456521739130435,0.32608695652173914,2.007516384124756,-0.41001221537590027,8.242144584655762
2000,5e-05,0.1,0.01,0.5,0.01,0.1,184.0,8.179759979248047,5.903433799743652,8.19881534576416,8.399444580078125,0.9945652173913043,0.358695652173913,2.2763264179229736,-0.20062890648841858,8.242144584655762
2000,5e-05,0.1,0.01,0.5,0.01,0.2,184.0,8.18162727355957,5.903433799743652,8.205527305603027,8.399444580078125,1.0,0.3532608695652174,2.2781941890716553,-0.19391681253910065,8.242144584655762
2000,5e-05,0.1,0.01,0.5,0.1,0.0,184.0,7.824764251708984,5.903433799743652,7.869335651397705,8.399444580078125,0.9239130434782609,0.32065217391304346,1.9213306903839111,-0.5301087498664856,8.242144584655762
2000,5e-05,0.1,0.01,0.5,0.1,0.01,184.0,7.921505928039551,5.903433799743652,7.96151876449585,8.399444580078125,0.9456521739130435,0.32065217391304346,2.018073081970215,-0.4379253685474396,8.242144584655762
2000,5e-05,0.1,0.01,0.5,0.1,0.1,184.0,8.17635726928711,5.903433799743652,8.208773612976074,8.399444580078125,1.0,0.358695652173913,2.272923231124878,-0.1906699687242508,8.242144584655762
2000,5e-05,0.1,0.01,0.5,0.1,0.2,184.0,8.184028625488281,5.903433799743652,8.204285621643066,8.399444580078125,1.0,0.3423913043478261,2.280594825744629,-0.19515784084796906,8.242144584655762
2000,5e-05,0.1,0.01,1.0,0.0,0.0,184.0,7.800735950469971,5.903433799743652,7.87814474105835,8.399444580078125,0.9184782608695652,0.32065217391304346,1.8973023891448975,-0.5213000178337097,8.242144584655762
2000,5e-05,0.1,0.01,1.0,0.0,0.01,184.0,7.909276485443115,5.903433799743652,7.949203014373779,8.399444580078125,0.9565217391304348,0.32608695652173914,2.005843162536621,-0.4502409100532532,8.242144584655762
2000,5e-05,0.1,0.01,1.0,0.0,0.1,184.0,8.124312400817871,5.903433799743652,8.162123680114746,8.399444580078125,0.9891304347826086,0.3423913043478261,2.2208786010742188,-0.23732025921344757,8.242144584655762
2000,5e-05,0.1,0.01,1.0,0.0,0.2,184.0,8.189866065979004,5.903433799743652,8.204446792602539,8.399444580078125,1.0,0.3532608695652174,2.2864320278167725,-0.19499757885932922,8.242144584655762
2000,5e-05,0.1,0.01,1.0,0.01,0.0,184.0,7.80179500579834,5.903433799743652,7.898723602294922,8.399444580078125,0.9293478260869565,0.32065217391304346,1.8983612060546875,-0.5007204413414001,8.242144584655762
2000,5e-05,0.1,0.01,1.0,0.01,0.01,184.0,7.91619348526001,5.903433799743652,7.959850788116455,8.399444580078125,0.9565217391304348,0.3423913043478261,2.0127594470977783,-0.43959343433380127,8.242144584655762
2000,5e-05,0.1,0.01,1.0,0.01,0.1,184.0,8.121722221374512,5.903433799743652,8.162652969360352,8.399444580078125,0.9891304347826086,0.3423913043478261,2.2182891368865967,-0.23679044842720032,8.242144584655762
2000,5e-05,0.1,0.01,1.0,0.01,0.2,184.0,8.189677238464355,5.903433799743652,8.208854675292969,8.399444580078125,1.0,0.358695652173913,2.2862436771392822,-0.19059047102928162,8.242144584655762
2000,5e-05,0.1,0.01,1.0,0.1,0.0,184.0,7.820522785186768,5.903433799743652,7.891409397125244,8.399444580078125,0.9293478260869565,0.32065217391304346,1.9170891046524048,-0.5080351829528809,8.242144584655762
2000,5e-05,0.1,0.01,1.0,0.1,0.01,184.0,7.885037422180176,5.903433799743652,7.934009075164795,8.399444580078125,0.9510869565217391,0.32608695652173914,1.9816035032272339,-0.46543484926223755,8.242144584655762
2000,5e-05,0.1,0.01,1.0,0.1,0.1,184.0,8.123558044433594,5.903433799743652,8.17687702178955,8.399444580078125,0.9945652173913043,0.358695652173913,2.220123767852783,-0.22256706655025482,8.242144584655762
2000,5e-05,0.1,0.01,1.0,0.1,0.2,184.0,8.193567276000977,5.903433799743652,8.213478088378906,8.399444580078125,1.0,0.3641304347826087,2.290133476257324,-0.18596595525741577,8.242144584655762
2000,5e-05,0.1,0.1,0.0,0.0,0.0,184.0,7.8286542892456055,5.903433799743652,7.89968204498291,8.399444580078125,0.9347826086956522,0.30434782608695654,1.9252212047576904,-0.49976202845573425,8.242144584655762
2000,5e-05,0.1,0.1,0.0,0.0,0.01,184.0,7.913519859313965,5.903433799743652,7.951178073883057,8.399444580078125,0.9510869565217391,0.31521739130434784,2.01008677482605,-0.4482664167881012,8.242144584655762
2000,5e-05,0.1,0.1,0.0,0.0,0.1,184.0,8.083220481872559,5.903433799743652,8.116291046142578,8.399444580078125,0.9891304347826086,0.33152173913043476,2.1797866821289062,-0.2831527888774872,8.242144584655762
2000,5e-05,0.1,0.1,0.0,0.0,0.2,184.0,8.141782760620117,5.903433799743652,8.17115592956543,8.399444580078125,0.9891304347826086,0.34782608695652173,2.238349199295044,-0.22828757762908936,8.242144584655762
2000,5e-05,0.1,0.1,0.0,0.01,0.0,184.0,7.817342281341553,5.903433799743652,7.882616996765137,8.399444580078125,0.9293478260869565,0.30978260869565216,1.91390860080719,-0.5168271064758301,8.242144584655762
2000,5e-05,0.1,0.1,0.0,0.01,0.01,184.0,7.916044235229492,5.903433799743652,7.9866943359375,8.399444580078125,0.9565217391304348,0.34782608695652173,2.012610673904419,-0.41274991631507874,8.242144584655762
2000,5e-05,0.1,0.1,0.0,0.01,0.1,184.0,8.090121269226074,5.903433799743652,8.104928016662598,8.399444580078125,0.9891304347826086,0.33152173913043476,2.186688184738159,-0.2945157289505005,8.242144584655762
2000,5e-05,0.1,0.1,0.0,0.01,0.2,184.0,8.12694263458252,5.903433799743652,8.151354789733887,8.399444580078125,0.9891304347826086,0.3423913043478261,2.2235093116760254,-0.2480883002281189,8.242144584655762
2000,5e-05,0.1,0.1,0.0,0.1,0.0,184.0,7.8470778465271,5.903433799743652,7.903807163238525,8.399444580078125,0.9293478260869565,0.30978260869565216,1.9436441659927368,-0.4956364035606384,8.242144584655762
2000,5e-05,0.1,0.1,0.0,0.1,0.01,184.0,7.91646146774292,5.903433799743652,7.988082408905029,8.399444580078125,0.9619565217391305,0.32608695652173914,2.0130274295806885,-0.4113611876964569,8.242144584655762
2000,5e-05,0.1,0.1,0.0,0.1,0.1,184.0,8.0901517868042,5.903433799743652,8.111271858215332,8.399444580078125,0.9891304347826086,0.33152173913043476,2.186718463897705,-0.2881724238395691,8.242144584655762
2000,5e-05,0.1,0.1,0.0,0.1,0.2,184.0,8.129758834838867,5.903433799743652,8.159289360046387,8.399444580078125,0.9891304347826086,0.33695652173913043,2.226325273513794,-0.24015431106090546,8.242144584655762
2000,5e-05,0.1,0.1,0.1,0.0,0.0,184.0,7.794767379760742,5.903433799743652,7.8550262451171875,8.399444580078125,0.9184782608695652,0.30434782608695654,1.8913336992263794,-0.5444177389144897,8.242144584655762
2000,5e-05,0.1,0.1,0.1,0.0,0.01,184.0,7.853076457977295,5.903433799743652,7.893283843994141,8.399444580078125,0.9347826086956522,0.29891304347826086,1.9496421813964844,-0.5061599612236023,8.242144584655762
2000,5e-05,0.1,0.1,0.1,0.0,0.1,184.0,8.076623916625977,5.903433799743652,8.102407455444336,8.399444580078125,0.9891304347826086,0.31521739130434784,2.173189878463745,-0.29703667759895325,8.242144584655762
2000,5e-05,0.1,0.1,0.1,0.0,0.2,184.0,8.150718688964844,5.903433799743652,8.19373607635498,8.399444580078125,0.9945652173913043,0.33695652173913043,2.247284412384033,-0.20570729672908783,8.242144584655762
2000,5e-05,0.1,0.1,0.1,0.01,0.0,184.0,7.7853007316589355,5.903433799743652,7.8835859298706055,8.399444580078125,0.9184782608695652,0.30434782608695654,1.88186776638031,-0.515857994556427,8.242144584655762
2000,5e-05,0.1,0.1,0.1,0.01,0.01,184.0,7.855991363525391,5.903433799743652,7.900012969970703,8.399444580078125,0.9347826086956522,0.30978260869565216,1.952558159828186,-0.49943095445632935,8.242144584655762
2000,5e-05,0.1,0.1,0.1,0.01,0.1,184.0,8.08754825592041,5.903433799743652,8.12189769744873,8.399444580078125,0.9891304347826086,0.32065217391304346,2.184114694595337,-0.2775461971759796,8.242144584655762
2000,5e-05,0.1,0.1,0.1,0.01,0.2,184.0,8.121225357055664,5.903433799743652,8.158202171325684,8.399444580078125,0.9945652173913043,0.33152173913043476,2.217791795730591,-0.24124209582805634,8.242144584655762
2000,5e-05,0.1,0.1,0.1,0.1,0.0,184.0,7.7914323806762695,5.903433799743652,7.849826812744141,8.399444580078125,0.9184782608695652,0.30978260869565216,1.8879984617233276,-0.5496169924736023,8.242144584655762
2000,5e-05,0.1,0.1,0.1,0.1,0.01,184.0,7.878052234649658,5.903433799743652,7.936643600463867,8.399444580078125,0.9510869565217391,0.30434782608695654,1.9746187925338745,-0.4628007411956787,8.242144584655762
2000,5e-05,0.1,0.1,0.1,0.1,0.1,184.0,8.086263656616211,5.903433799743652,8.11083984375,8.399444580078125,0.9891304347826086,0.32065217391304346,2.1828300952911377,-0.28860345482826233,8.242144584655762
2000,5e-05,0.1,0.1,0.1,0.1,0.2,184.0,8.141770362854004,5.903433799743652,8.1688871383667,8.399444580078125,1.0,0.33695652173913043,2.2383360862731934,-0.2305562049150467,8.242144584655762
2000,5e-05,0.1,0.1,0.5,0.0,0.0,184.0,7.737731456756592,5.903433799743652,7.795435905456543,8.399444580078125,0.9239130434782609,0.27717391304347827,1.83429753780365,-0.6040078401565552,8.242144584655762
2000,5e-05,0.1,0.1,0.5,0.0,0.01,184.0,7.821782112121582,5.903433799743652,7.901965618133545,8.399444580078125,0.9347826086956522,0.30978260869565216,1.9183484315872192,-0.4974784851074219,8.242144584655762
2000,5e-05,0.1,0.1,0.5,0.0,0.1,184.0,8.087935447692871,5.903433799743652,8.121137619018555,8.399444580078125,0.9836956521739131,0.33152173913043476,2.184502601623535,-0.2783065438270569,8.242144584655762
2000,5e-05,0.1,0.1,0.5,0.0,0.2,184.0,8.139200210571289,5.903433799743652,8.183591842651367,8.399444580078125,0.9945652173913043,0.34782608695652173,2.2357661724090576,-0.2158525437116623,8.242144584655762
2000,5e-05,0.1,0.1,0.5,0.01,0.0,184.0,7.75626802444458,5.903433799743652,7.850673675537109,8.399444580078125,0.9239130434782609,0.27717391304347827,1.8528343439102173,-0.5487706661224365,8.242144584655762
2000,5e-05,0.1,0.1,0.5,0.01,0.01,184.0,7.791276931762695,5.903433799743652,7.860907077789307,8.399444580078125,0.9347826086956522,0.28804347826086957,1.8878436088562012,-0.5385370254516602,8.242144584655762
2000,5e-05,0.1,0.1,0.5,0.01,0.1,184.0,8.069401741027832,5.903433799743652,8.117371559143066,8.399444580078125,0.9836956521739131,0.33152173913043476,2.1659679412841797,-0.28207263350486755,8.242144584655762
2000,5e-05,0.1,0.1,0.5,0.01,0.2,184.0,8.1464262008667,5.903433799743652,8.18075942993164,8.399444580078125,0.9945652173913043,0.3423913043478261,2.242992401123047,-0.2186838835477829,8.242144584655762
2000,5e-05,0.1,0.1,0.5,0.1,0.0,184.0,7.734739780426025,5.903433799743652,7.807457447052002,8.399444580078125,0.9239130434782609,0.2717391304347826,1.8313060998916626,-0.5919867753982544,8.242144584655762
2000,5e-05,0.1,0.1,0.5,0.1,0.01,184.0,7.80739688873291,5.903433799743652,7.864477634429932,8.399444580078125,0.9402173913043478,0.29891304347826086,1.9039632081985474,-0.5349672436714172,8.242144584655762
2000,5e-05,0.1,0.1,0.5,0.1,0.1,184.0,8.094006538391113,5.903433799743652,8.11866283416748,8.399444580078125,0.9891304347826086,0.32608695652173914,2.190572738647461,-0.2807809114456177,8.242144584655762
2000,5e-05,0.1,0.1,0.5,0.1,0.2,184.0,8.126635551452637,5.903433799743652,8.169262886047363,8.399444580078125,0.9945652173913043,0.33152173913043476,2.2232024669647217,-0.23018164932727814,8.242144584655762
2000,5e-05,0.1,0.1,1.0,0.0,0.0,184.0,7.7655720710754395,5.903433799743652,7.829775810241699,8.399444580078125,0.9347826086956522,0.2826086956521739,1.8621383905410767,-0.5696689486503601,8.242144584655762
2000,5e-05,0.1,0.1,1.0,0.0,0.01,184.0,7.820242404937744,5.903433799743652,7.884780406951904,8.399444580078125,0.9456521739130435,0.28804347826086957,1.9168087244033813,-0.5146641731262207,8.242144584655762
2000,5e-05,0.1,0.1,1.0,0.0,0.1,184.0,8.03815746307373,5.903433799743652,8.103196144104004,8.399444580078125,0.9836956521739131,0.32065217391304346,2.1347243785858154,-0.29624831676483154,8.242144584655762
2000,5e-05,0.1,0.1,1.0,0.0,0.2,184.0,8.149386405944824,5.903433799743652,8.184564590454102,8.399444580078125,1.0,0.32608695652173914,2.2459521293640137,-0.21487905085086823,8.242144584655762
2000,5e-05,0.1,0.1,1.0,0.01,0.0,184.0,7.766104221343994,5.903433799743652,7.818209648132324,8.399444580078125,0.9402173913043478,0.27717391304347827,1.8626704216003418,-0.5812343955039978,8.242144584655762
2000,5e-05,0.1,0.1,1.0,0.01,0.01,184.0,7.84259033203125,5.903433799743652,7.879486560821533,8.399444580078125,0.9402173913043478,0.29347826086956524,1.9391565322875977,-0.5199574828147888,8.242144584655762
2000,5e-05,0.1,0.1,1.0,0.01,0.1,184.0,8.041964530944824,5.903433799743652,8.093622207641602,8.399444580078125,0.9891304347826086,0.33152173913043476,2.138530969619751,-0.30582165718078613,8.242144584655762
2000,5e-05,0.1,0.1,1.0,0.01,0.2,184.0,8.146302223205566,5.903433799743652,8.174664497375488,8.399444580078125,1.0,0.32065217391304346,2.242868423461914,-0.2247791737318039,8.242144584655762
2000,5e-05,0.1,0.1,1.0,0.1,0.0,184.0,7.790571689605713,5.903433799743652,7.8211164474487305,8.399444580078125,0.9402173913043478,0.28804347826086957,1.88713800907135,-0.5783273577690125,8.242144584655762
2000,5e-05,0.1,0.1,1.0,0.1,0.01,184.0,7.805193901062012,5.903433799743652,7.873862266540527,8.399444580078125,0.9402173913043478,0.27717391304347827,1.9017599821090698,-0.5255817770957947,8.242144584655762
2000,5e-05,0.1,0.1,1.0,0.1,0.1,184.0,8.052900314331055,5.903433799743652,8.094682693481445,8.399444580078125,0.9891304347826086,0.30978260869565216,2.1494669914245605,-0.30476123094558716,8.242144584655762
2000,5e-05,0.1,0.1,1.0,0.1,0.2,184.0,8.15295696258545,5.903433799743652,8.191000938415527,8.399444580078125,1.0,0.32608695652173914,2.249523878097534,-0.20844343304634094,8.242144584655762
2000,5e-05,0.1,0.5,0.0,0.0,0.0,184.0,7.5791850090026855,5.903433799743652,7.694191932678223,8.399444580078125,0.875,0.2717391304347826,1.67575204372406,-0.7052516341209412,8.242144584655762
2000,5e-05,0.1,0.5,0.0,0.0,0.01,184.0,7.641233444213867,5.903433799743652,7.7685546875,8.399444580078125,0.8913043478260869,0.27717391304347827,1.7377997636795044,-0.6308894157409668,8.242144584655762
2000,5e-05,0.1,0.5,0.0,0.0,0.1,184.0,8.089216232299805,5.903433799743652,8.118562698364258,8.399444580078125,0.9945652173913043,0.31521739130434784,2.1857826709747314,-0.2808813154697418,8.242144584655762
2000,5e-05,0.1,0.5,0.0,0.0,0.2,184.0,8.131546974182129,5.903433799743652,8.152652740478516,8.399444580078125,0.9945652173913043,0.29891304347826086,2.228114366531372,-0.24679116904735565,8.242144584655762
2000,5e-05,0.1,0.5,0.0,0.01,0.0,184.0,7.670279502868652,5.903433799743652,7.772406101226807,8.399444580078125,0.9130434782608695,0.2608695652173913,1.7668460607528687,-0.6270381808280945,8.242144584655762
2000,5e-05,0.1,0.5,0.0,0.01,0.01,184.0,7.677382946014404,5.903433799743652,7.732070446014404,8.399444580078125,0.9130434782608695,0.2391304347826087,1.7739496231079102,-0.6673732995986938,8.242144584655762
2000,5e-05,0.1,0.5,0.0,0.01,0.1,184.0,8.087091445922852,5.903433799743652,8.117785453796387,8.399444580078125,0.9945652173913043,0.28804347826086957,2.1836585998535156,-0.2816590666770935,8.242144584655762
2000,5e-05,0.1,0.5,0.0,0.01,0.2,184.0,8.13891315460205,5.903433799743652,8.150335311889648,8.399444580078125,0.9945652173913043,0.30434782608695654,2.235480546951294,-0.24910925328731537,8.242144584655762
2000,5e-05,0.1,0.5,0.0,0.1,0.0,184.0,7.5806474685668945,5.903433799743652,7.704153537750244,8.399444580078125,0.8804347826086957,0.2608695652173913,1.6772139072418213,-0.6952906847000122,8.242144584655762
2000,5e-05,0.1,0.5,0.0,0.1,0.01,184.0,7.644347667694092,5.903433799743652,7.747671604156494,8.399444580078125,0.8858695652173914,0.2717391304347826,1.74091374874115,-0.6517730951309204,8.242144584655762
2000,5e-05,0.1,0.5,0.0,0.1,0.1,184.0,8.078505516052246,5.903433799743652,8.0957670211792,8.399444580078125,0.9891304347826086,0.30434782608695654,2.1750729084014893,-0.3036769926548004,8.242144584655762
2000,5e-05,0.1,0.5,0.0,0.1,0.2,184.0,8.107641220092773,5.903433799743652,8.141595840454102,8.399444580078125,0.9945652173913043,0.30978260869565216,2.204207420349121,-0.2578476071357727,8.242144584655762
2000,5e-05,0.1,0.5,0.1,0.0,0.0,184.0,7.532662868499756,5.903433799743652,7.674102783203125,8.399444580078125,0.8858695652173914,0.22826086956521738,1.6292296648025513,-0.7253414392471313,8.242144584655762
2000,5e-05,0.1,0.5,0.1,0.0,0.01,184.0,7.667001247406006,5.903433799743652,7.825412750244141,8.399444580078125,0.8967391304347826,0.27717391304347827,1.7635681629180908,-0.5740309357643127,8.242144584655762
2000,5e-05,0.1,0.5,0.1,0.0,0.1,184.0,8.093792915344238,5.903433799743652,8.130805015563965,8.399444580078125,1.0,0.30434782608695654,2.1903586387634277,-0.2686387300491333,8.242144584655762
2000,5e-05,0.1,0.5,0.1,0.0,0.2,184.0,8.103775978088379,5.903433799743652,8.125492095947266,8.399444580078125,0.9891304347826086,0.30434782608695654,2.2003426551818848,-0.27395227551460266,8.242144584655762
2000,5e-05,0.1,0.5,0.1,0.01,0.0,184.0,7.530609130859375,5.903433799743652,7.671115398406982,8.399444580078125,0.8695652173913043,0.266304347826087,1.6271761655807495,-0.728329062461853,8.242144584655762
2000,5e-05,0.1,0.5,0.1,0.01,0.01,184.0,7.655966281890869,5.903433799743652,7.801943778991699,8.399444580078125,0.9021739130434783,0.266304347826087,1.7525333166122437,-0.5975006818771362,8.242144584655762
2000,5e-05,0.1,0.5,0.1,0.01,0.1,184.0,8.083802223205566,5.903433799743652,8.13257122039795,8.399444580078125,0.9945652173913043,0.32065217391304346,2.180368423461914,-0.26687318086624146,8.242144584655762
2000,5e-05,0.1,0.5,0.1,0.01,0.2,184.0,8.10002613067627,5.903433799743652,8.132582664489746,8.399444580078125,0.9891304347826086,0.32065217391304346,2.1965925693511963,-0.26686152815818787,8.242144584655762
2000,5e-05,0.1,0.5,0.1,0.1,0.0,184.0,7.609066009521484,5.903433799743652,7.726409435272217,8.399444580078125,0.8967391304347826,0.266304347826087,1.7056328058242798,-0.6730347871780396,8.242144584655762
2000,5e-05,0.1,0.5,0.1,0.1,0.01,184.0,7.690438747406006,5.903433799743652,7.8000264167785645,8.399444580078125,0.9021739130434783,0.2717391304347826,1.7870055437088013,-0.599417507648468,8.242144584655762
2000,5e-05,0.1,0.5,0.1,0.1,0.1,184.0,8.082133293151855,5.903433799743652,8.123490333557129,8.399444580078125,0.9891304347826086,0.30434782608695654,2.1787002086639404,-0.275953471660614,8.242144584655762
2000,5e-05,0.1,0.5,0.1,0.1,0.2,184.0,8.102082252502441,5.903433799743652,8.132832527160645,8.399444580078125,0.9945652173913043,0.30434782608695654,2.1986496448516846,-0.2666119933128357,8.242144584655762
2000,5e-05,0.1,0.5,0.5,0.0,0.0,184.0,7.58466911315918,5.903433799743652,7.6704182624816895,8.399444580078125,0.8913043478260869,0.25,1.6812355518341064,-0.7290259599685669,8.242144584655762
2000,5e-05,0.1,0.5,0.5,0.0,0.01,184.0,7.671421051025391,5.903433799743652,7.770797252655029,8.399444580078125,0.907608695652174,0.266304347826087,1.767987608909607,-0.6286468505859375,8.242144584655762
2000,5e-05,0.1,0.5,0.5,0.0,0.1,184.0,8.054228782653809,5.903433799743652,8.11469841003418,8.399444580078125,0.9891304347826086,0.32065217391304346,2.1507952213287354,-0.284745454788208,8.242144584655762
2000,5e-05,0.1,0.5,0.5,0.0,0.2,184.0,8.120216369628906,5.903433799743652,8.1441650390625,8.399444580078125,0.9945652173913043,0.3423913043478261,2.216782569885254,-0.25527888536453247,8.242144584655762
2000,5e-05,0.1,0.5,0.5,0.01,0.0,184.0,7.527448654174805,5.903433799743652,7.66151237487793,8.399444580078125,0.8695652173913043,0.25,1.6240150928497314,-0.7379318475723267,8.242144584655762
2000,5e-05,0.1,0.5,0.5,0.01,0.01,184.0,7.659191608428955,5.903433799743652,7.778527736663818,8.399444580078125,0.9130434782608695,0.2608695652173913,1.75575852394104,-0.620915949344635,8.242144584655762
2000,5e-05,0.1,0.5,0.5,0.01,0.1,184.0,8.052704811096191,5.903433799743652,8.128057479858398,8.399444580078125,0.9945652173913043,0.31521739130434784,2.1492714881896973,-0.27138614654541016,8.242144584655762
2000,5e-05,0.1,0.5,0.5,0.01,0.2,184.0,8.10629940032959,5.903433799743652,8.135976791381836,8.399444580078125,1.0,0.32065217391304346,2.2028653621673584,-0.26346659660339355,8.242144584655762
2000,5e-05,0.1,0.5,0.5,0.1,0.0,184.0,7.516726493835449,5.903433799743652,7.64378023147583,8.399444580078125,0.8586956521739131,0.2391304347826087,1.6132928133010864,-0.7556639313697815,8.242144584655762
2000,5e-05,0.1,0.5,0.5,0.1,0.01,184.0,7.662628173828125,5.903433799743652,7.76767635345459,8.399444580078125,0.907608695652174,0.25,1.7591941356658936,-0.6317674517631531,8.242144584655762
2000,5e-05,0.1,0.5,0.5,0.1,0.1,184.0,8.046074867248535,5.903433799743652,8.1143217086792,8.399444580078125,0.9891304347826086,0.31521739130434784,2.142641544342041,-0.2851225435733795,8.242144584655762
2000,5e-05,0.1,0.5,0.5,0.1,0.2,184.0,8.11141586303711,5.903433799743652,8.13476848602295,8.399444580078125,0.9945652173913043,0.30978260869565216,2.207982063293457,-0.2646753489971161,8.242144584655762
2000,5e-05,0.1,0.5,1.0,0.0,0.0,184.0,7.548813343048096,5.903433799743652,7.681735992431641,8.399444580078125,0.8967391304347826,0.24456521739130435,1.6453802585601807,-0.7177074551582336,8.242144584655762
2000,5e-05,0.1,0.5,1.0,0.0,0.01,184.0,7.673591136932373,5.903433799743652,7.729011058807373,8.399444580078125,0.9184782608695652,0.2391304347826087,1.7701575756072998,-0.6704332828521729,8.242144584655762
2000,5e-05,0.1,0.5,1.0,0.0,0.1,184.0,8.055937767028809,5.903433799743652,8.09249210357666,8.399444580078125,0.9836956521739131,0.29347826086956524,2.152503728866577,-0.3069516718387604,8.242144584655762
2000,5e-05,0.1,0.5,1.0,0.0,0.2,184.0,8.144708633422852,5.903433799743652,8.169763565063477,8.399444580078125,1.0,0.33695652173913043,2.2412760257720947,-0.2296808958053589,8.242144584655762
2000,5e-05,0.1,0.5,1.0,0.01,0.0,184.0,7.555033206939697,5.903433799743652,7.650537967681885,8.399444580078125,0.8858695652173914,0.25,1.6516000032424927,-0.7489063143730164,8.242144584655762
2000,5e-05,0.1,0.5,1.0,0.01,0.01,184.0,7.642054557800293,5.903433799743652,7.7334513664245605,8.399444580078125,0.9184782608695652,0.25,1.738621711730957,-0.6659929752349854,8.242144584655762
2000,5e-05,0.1,0.5,1.0,0.01,0.1,184.0,8.0676908493042,5.903433799743652,8.1138916015625,8.399444580078125,0.9836956521739131,0.31521739130434784,2.164257287979126,-0.2855525612831116,8.242144584655762
2000,5e-05,0.1,0.5,1.0,0.01,0.2,184.0,8.135302543640137,5.903433799743652,8.16474437713623,8.399444580078125,1.0,0.33152173913043476,2.2318692207336426,-0.23469945788383484,8.242144584655762
2000,5e-05,0.1,0.5,1.0,0.1,0.0,184.0,7.541746616363525,5.903433799743652,7.668999671936035,8.399444580078125,0.907608695652174,0.2391304347826087,1.6383134126663208,-0.730444610118866,8.242144584655762
2000,5e-05,0.1,0.5,1.0,0.1,0.01,184.0,7.682149410247803,5.903433799743652,7.748690605163574,8.399444580078125,0.9184782608695652,0.2554347826086957,1.7787158489227295,-0.6507529616355896,8.242144584655762
2000,5e-05,0.1,0.5,1.0,0.1,0.1,184.0,8.051990509033203,5.903433799743652,8.076680183410645,8.399444580078125,0.9782608695652174,0.32065217391304346,2.148557662963867,-0.3227643072605133,8.242144584655762
2000,5e-05,0.1,0.5,1.0,0.1,0.2,184.0,8.131511688232422,5.903433799743652,8.162703514099121,8.399444580078125,1.0,0.33695652173913043,2.2280776500701904,-0.23674097657203674,8.242144584655762
2000,0.0001,0.0,0.01,0.0,0.0,0.0,184.0,8.113909721374512,5.903433799743652,8.125269889831543,8.399444580078125,0.9836956521739131,0.33695652173913043,2.2104763984680176,-0.27417412400245667,8.242144584655762
2000,0.0001,0.0,0.01,0.0,0.0,0.01,184.0,8.104582786560059,5.903433799743652,8.104961395263672,8.399444580078125,0.9836956521739131,0.30978260869565216,2.2011489868164062,-0.2944832444190979,8.242144584655762
2000,0.0001,0.0,0.01,0.0,0.0,0.1,184.0,8.179179191589355,5.903433799743652,8.180737495422363,8.399444580078125,1.0,0.31521739130434784,2.2757461071014404,-0.21870680153369904,8.242144584655762
2000,0.0001,0.0,0.01,0.0,0.0,0.2,184.0,8.20171070098877,5.903433799743652,8.204438209533691,8.399444580078125,1.0,0.32065217391304346,2.2982773780822754,-0.195005401968956,8.242144584655762
2000,0.0001,0.0,0.01,0.0,0.01,0.0,184.0,8.113439559936523,5.903433799743652,8.129802703857422,8.399444580078125,0.9836956521739131,0.33695652173913043,2.210005521774292,-0.26964178681373596,8.242144584655762
2000,0.0001,0.0,0.01,0.0,0.01,0.01,184.0,8.134970664978027,5.903433799743652,8.148250579833984,8.399444580078125,0.9945652173913043,0.31521739130434784,2.231536865234375,-0.25119420886039734,8.242144584655762
2000,0.0001,0.0,0.01,0.0,0.01,0.1,184.0,8.16610050201416,5.903433799743652,8.169949531555176,8.399444580078125,1.0,0.30978260869565216,2.262667179107666,-0.22949418425559998,8.242144584655762
2000,0.0001,0.0,0.01,0.0,0.01,0.2,184.0,8.18731689453125,5.903433799743652,8.18843936920166,8.399444580078125,1.0,0.29891304347826086,2.2838828563690186,-0.2110050469636917,8.242144584655762
2000,0.0001,0.0,0.01,0.0,0.1,0.0,184.0,8.137263298034668,5.903433799743652,8.139670372009277,8.399444580078125,0.9945652173913043,0.33152173913043476,2.2338297367095947,-0.25977420806884766,8.242144584655762
2000,0.0001,0.0,0.01,0.0,0.1,0.01,184.0,8.154919624328613,5.903433799743652,8.15579891204834,8.399444580078125,1.0,0.31521739130434784,2.251485824584961,-0.24364496767520905,8.242144584655762
2000,0.0001,0.0,0.01,0.0,0.1,0.1,184.0,8.162878036499023,5.903433799743652,8.169447898864746,8.399444580078125,1.0,0.30978260869565216,2.25944447517395,-0.2299959808588028,8.242144584655762
2000,0.0001,0.0,0.01,0.0,0.1,0.2,184.0,8.207439422607422,5.903433799743652,8.210075378417969,8.399444580078125,1.0,0.31521739130434784,2.3040058612823486,-0.18936829268932343,8.242144584655762
2000,0.0001,0.0,0.01,0.1,0.0,0.0,184.0,8.060961723327637,5.903433799743652,8.080440521240234,8.399444580078125,0.9728260869565217,0.33695652173913043,2.1575281620025635,-0.31900396943092346,8.242144584655762
2000,0.0001,0.0,0.01,0.1,0.0,0.01,184.0,8.152652740478516,5.903433799743652,8.153258323669434,8.399444580078125,1.0,0.32065217391304346,2.2492198944091797,-0.24618609249591827,8.242144584655762
2000,0.0001,0.0,0.01,0.1,0.0,0.1,184.0,8.182684898376465,5.903433799743652,8.184343338012695,8.399444580078125,1.0,0.33695652173913043,2.2792515754699707,-0.21510085463523865,8.242144584655762
2000,0.0001,0.0,0.01,0.1,0.0,0.2,184.0,8.18938159942627,5.903433799743652,8.19735050201416,8.399444580078125,1.0,0.31521739130434784,2.2859482765197754,-0.20209312438964844,8.242144584655762
2000,0.0001,0.0,0.01,0.1,0.01,0.0,184.0,8.073369979858398,5.903433799743652,8.086447715759277,8.399444580078125,0.9619565217391305,0.33695652173913043,2.169935941696167,-0.3129969835281372,8.242144584655762
2000,0.0001,0.0,0.01,0.1,0.01,0.01,184.0,8.144006729125977,5.903433799743652,8.15379524230957,8.399444580078125,0.9945652173913043,0.32608695652173914,2.240572929382324,-0.2456483393907547,8.242144584655762
2000,0.0001,0.0,0.01,0.1,0.01,0.1,184.0,8.162389755249023,5.903433799743652,8.168715476989746,8.399444580078125,1.0,0.31521739130434784,2.258955240249634,-0.23072931170463562,8.242144584655762
2000,0.0001,0.0,0.01,0.1,0.01,0.2,184.0,8.160669326782227,5.903433799743652,8.169809341430664,8.399444580078125,1.0,0.29347826086956524,2.257235050201416,-0.2296348661184311,8.242144584655762
2000,0.0001,0.0,0.01,0.1,0.1,0.0,184.0,8.102858543395996,5.903433799743652,8.108001708984375,8.399444580078125,0.9782608695652174,0.3532608695652174,2.199425458908081,-0.29144272208213806,8.242144584655762
2000,0.0001,0.0,0.01,0.1,0.1,0.01,184.0,8.158062934875488,5.903433799743652,8.163180351257324,8.399444580078125,1.0,0.33152173913043476,2.254628896713257,-0.23626364767551422,8.242144584655762
2000,0.0001,0.0,0.01,0.1,0.1,0.1,184.0,8.1753511428833,5.903433799743652,8.177040100097656,8.399444580078125,1.0,0.30434782608695654,2.2719168663024902,-0.22240373492240906,8.242144584655762
2000,0.0001,0.0,0.01,0.1,0.1,0.2,184.0,8.170636177062988,5.903433799743652,8.176258087158203,8.399444580078125,1.0,0.29347826086956524,2.2672019004821777,-0.2231859713792801,8.242144584655762
2000,0.0001,0.0,0.01,0.5,0.0,0.0,184.0,8.07150650024414,5.903433799743652,8.099310874938965,8.399444580078125,0.9782608695652174,0.32608695652173914,2.1680727005004883,-0.3001338243484497,8.242144584655762
2000,0.0001,0.0,0.01,0.5,0.0,0.01,184.0,8.15649127960205,5.903433799743652,8.158675193786621,8.399444580078125,1.0,0.33152173913043476,2.2530574798583984,-0.24076884984970093,8.242144584655762
2000,0.0001,0.0,0.01,0.5,0.0,0.1,184.0,8.184893608093262,5.903433799743652,8.186503410339355,8.399444580078125,1.0,0.33152173913043476,2.2814595699310303,-0.2129410058259964,8.242144584655762
2000,0.0001,0.0,0.01,0.5,0.0,0.2,184.0,8.193657875061035,5.903433799743652,8.198229789733887,8.399444580078125,1.0,0.33152173913043476,2.290224075317383,-0.20121464133262634,8.242144584655762
2000,0.0001,0.0,0.01,0.5,0.01,0.0,184.0,8.059091567993164,5.903433799743652,8.063874244689941,8.399444580078125,0.967391304347826,0.32608695652173914,2.1556572914123535,-0.3355700373649597,8.242144584655762
2000,0.0001,0.0,0.01,0.5,0.01,0.01,184.0,8.156829833984375,5.903433799743652,8.162359237670898,8.399444580078125,1.0,0.33152173913043476,2.25339674949646,-0.23708480596542358,8.242144584655762
2000,0.0001,0.0,0.01,0.5,0.01,0.1,184.0,8.196508407592773,5.903433799743652,8.200918197631836,8.399444580078125,1.0,0.32608695652173914,2.2930753231048584,-0.19852575659751892,8.242144584655762
2000,0.0001,0.0,0.01,0.5,0.01,0.2,184.0,8.19908618927002,5.903433799743652,8.199889183044434,8.399444580078125,1.0,0.30978260869565216,2.2956528663635254,-0.19955481588840485,8.242144584655762
2000,0.0001,0.0,0.01,0.5,0.1,0.0,184.0,8.069677352905273,5.903433799743652,8.090137481689453,8.399444580078125,0.9782608695652174,0.33152173913043476,2.1662437915802,-0.3093065917491913,8.242144584655762
2000,0.0001,0.0,0.01,0.5,0.1,0.01,184.0,8.160126686096191,5.903433799743652,8.165170669555664,8.399444580078125,1.0,0.33695652173913043,2.2566933631896973,-0.2342728078365326,8.242144584655762
2000,0.0001,0.0,0.01,0.5,0.1,0.1,184.0,8.192414283752441,5.903433799743652,8.194918632507324,8.399444580078125,1.0,0.32065217391304346,2.288980722427368,-0.2045251876115799,8.242144584655762
2000,0.0001,0.0,0.01,0.5,0.1,0.2,184.0,8.18063735961914,5.903433799743652,8.189231872558594,8.399444580078125,1.0,0.31521739130434784,2.2772037982940674,-0.21021340787410736,8.242144584655762
2000,0.0001,0.0,0.01,1.0,0.0,0.0,184.0,8.141877174377441,5.903433799743652,8.151349067687988,8.399444580078125,0.9945652173913043,0.33695652173913043,2.238443374633789,-0.24809494614601135,8.242144584655762
2000,0.0001,0.0,0.01,1.0,0.0,0.01,184.0,8.155193328857422,5.903433799743652,8.15808391571045,8.399444580078125,1.0,0.33695652173913043,2.2517590522766113,-0.24136057496070862,8.242144584655762
2000,0.0001,0.0,0.01,1.0,0.0,0.1,184.0,8.19434642791748,5.903433799743652,8.199917793273926,8.399444580078125,1.0,0.32608695652173914,2.290912389755249,-0.19952687621116638,8.242144584655762
2000,0.0001,0.0,0.01,1.0,0.0,0.2,184.0,8.211517333984375,5.903433799743652,8.216527938842773,8.399444580078125,1.0,0.33152173913043476,2.3080832958221436,-0.18291674554347992,8.242144584655762
2000,0.0001,0.0,0.01,1.0,0.01,0.0,184.0,8.120697021484375,5.903433799743652,8.149291038513184,8.399444580078125,0.9891304347826086,0.33695652173913043,2.2172629833221436,-0.25015386939048767,8.242144584655762
2000,0.0001,0.0,0.01,1.0,0.01,0.01,184.0,8.150748252868652,5.903433799743652,8.155531883239746,8.399444580078125,1.0,0.32608695652173914,2.247314453125,-0.24391227960586548,8.242144584655762
2000,0.0001,0.0,0.01,1.0,0.01,0.1,184.0,8.199692726135254,5.903433799743652,8.200464248657227,8.399444580078125,1.0,0.32608695652173914,2.2962584495544434,-0.19897975027561188,8.242144584655762
2000,0.0001,0.0,0.01,1.0,0.01,0.2,184.0,8.20300579071045,5.903433799743652,8.21135425567627,8.399444580078125,1.0,0.33152173913043476,2.299572706222534,-0.18808993697166443,8.242144584655762
2000,0.0001,0.0,0.01,1.0,0.1,0.0,184.0,8.147478103637695,5.903433799743652,8.157155990600586,8.399444580078125,0.9945652173913043,0.34782608695652173,2.244044065475464,-0.2422875463962555,8.242144584655762
2000,0.0001,0.0,0.01,1.0,0.1,0.01,184.0,8.13976001739502,5.903433799743652,8.142120361328125,8.399444580078125,1.0,0.32065217391304346,2.236326217651367,-0.2573239505290985,8.242144584655762
2000,0.0001,0.0,0.01,1.0,0.1,0.1,184.0,8.198890686035156,5.903433799743652,8.201894760131836,8.399444580078125,1.0,0.32065217391304346,2.295457363128662,-0.1975499391555786,8.242144584655762
2000,0.0001,0.0,0.01,1.0,0.1,0.2,184.0,8.215039253234863,5.903433799743652,8.221002578735352,8.399444580078125,1.0,0.33695652173913043,2.311605930328369,-0.17844174802303314,8.242144584655762
2000,0.0001,0.0,0.1,0.0,0.0,0.0,184.0,8.157357215881348,5.903433799743652,8.17541217803955,8.399444580078125,0.9945652173913043,0.358695652173913,2.2539236545562744,-0.22403165698051453,8.242144584655762
2000,0.0001,0.0,0.1,0.0,0.0,0.01,184.0,8.168054580688477,5.903433799743652,8.179117202758789,8.399444580078125,1.0,0.3695652173913043,2.2646214962005615,-0.2203274816274643,8.242144584655762
2000,0.0001,0.0,0.1,0.0,0.0,0.1,184.0,8.18649673461914,5.903433799743652,8.187823295593262,8.399444580078125,1.0,0.33152173913043476,2.2830629348754883,-0.21162045001983643,8.242144584655762
2000,0.0001,0.0,0.1,0.0,0.0,0.2,184.0,8.195584297180176,5.903433799743652,8.203069686889648,8.399444580078125,1.0,0.33695652173913043,2.292149782180786,-0.19637522101402283,8.242144584655762
2000,0.0001,0.0,0.1,0.0,0.01,0.0,184.0,8.16646957397461,5.903433799743652,8.1702299118042,8.399444580078125,0.9945652173913043,0.3532608695652174,2.263036012649536,-0.22921380400657654,8.242144584655762
2000,0.0001,0.0,0.1,0.0,0.01,0.01,184.0,8.171307563781738,5.903433799743652,8.180706977844238,8.399444580078125,1.0,0.358695652173913,2.267873764038086,-0.21873711049556732,8.242144584655762
2000,0.0001,0.0,0.1,0.0,0.01,0.1,184.0,8.17103385925293,5.903433799743652,8.178300857543945,8.399444580078125,1.0,0.3423913043478261,2.2676002979278564,-0.22114309668540955,8.242144584655762
2000,0.0001,0.0,0.1,0.0,0.01,0.2,184.0,8.204133987426758,5.903433799743652,8.211679458618164,8.399444580078125,1.0,0.3532608695652174,2.3007006645202637,-0.1877651810646057,8.242144584655762
2000,0.0001,0.0,0.1,0.0,0.1,0.0,184.0,8.163276672363281,5.903433799743652,8.178313255310059,8.399444580078125,0.9945652173913043,0.3641304347826087,2.259843111038208,-0.22113099694252014,8.242144584655762
2000,0.0001,0.0,0.1,0.0,0.1,0.01,184.0,8.166982650756836,5.903433799743652,8.174020767211914,8.399444580078125,1.0,0.358695652173913,2.2635486125946045,-0.2254231870174408,8.242144584655762
2000,0.0001,0.0,0.1,0.0,0.1,0.1,184.0,8.1882963180542,5.903433799743652,8.192975997924805,8.399444580078125,1.0,0.34782608695652173,2.284862995147705,-0.20646798610687256,8.242144584655762
2000,0.0001,0.0,0.1,0.0,0.1,0.2,184.0,8.197855949401855,5.903433799743652,8.198648452758789,8.399444580078125,1.0,0.32608695652173914,2.294421672821045,-0.20079612731933594,8.242144584655762
2000,0.0001,0.0,0.1,0.1,0.0,0.0,184.0,8.15149211883545,5.903433799743652,8.161322593688965,8.399444580078125,0.9891304347826086,0.34782608695652173,2.248058557510376,-0.23812176287174225,8.242144584655762
2000,0.0001,0.0,0.1,0.1,0.0,0.01,184.0,8.169301986694336,5.903433799743652,8.174120903015137,8.399444580078125,1.0,0.3532608695652174,2.265868663787842,-0.2253241091966629,8.242144584655762
2000,0.0001,0.0,0.1,0.1,0.0,0.1,184.0,8.190787315368652,5.903433799743652,8.1964750289917,8.399444580078125,1.0,0.33695652173913043,2.287353515625,-0.20296871662139893,8.242144584655762
2000,0.0001,0.0,0.1,0.1,0.0,0.2,184.0,8.192480087280273,5.903433799743652,8.198551177978516,8.399444580078125,1.0,0.32608695652173914,2.289046287536621,-0.20089270174503326,8.242144584655762
2000,0.0001,0.0,0.1,0.1,0.01,0.0,184.0,8.160581588745117,5.903433799743652,8.16817569732666,8.399444580078125,0.9891304347826086,0.3641304347826087,2.257147789001465,-0.23126818239688873,8.242144584655762
2000,0.0001,0.0,0.1,0.1,0.01,0.01,184.0,8.15017318725586,5.903433799743652,8.163826942443848,8.399444580078125,1.0,0.34782608695652173,2.246738910675049,-0.2356172800064087,8.242144584655762
2000,0.0001,0.0,0.1,0.1,0.01,0.1,184.0,8.19448184967041,5.903433799743652,8.19862174987793,8.399444580078125,1.0,0.3423913043478261,2.291048049926758,-0.20082254707813263,8.242144584655762
2000,0.0001,0.0,0.1,0.1,0.01,0.2,184.0,8.188374519348145,5.903433799743652,8.193524360656738,8.399444580078125,1.0,0.31521739130434784,2.284940719604492,-0.20592059195041656,8.242144584655762
2000,0.0001,0.0,0.1,0.1,0.1,0.0,184.0,8.160271644592285,5.903433799743652,8.168661117553711,8.399444580078125,0.9945652173913043,0.3695652173913043,2.256838083267212,-0.230783149600029,8.242144584655762
2000,0.0001,0.0,0.1,0.1,0.1,0.01,184.0,8.171584129333496,5.903433799743652,8.185807228088379,8.399444580078125,1.0,0.3532608695652174,2.2681498527526855,-0.2136366218328476,8.242144584655762
2000,0.0001,0.0,0.1,0.1,0.1,0.1,184.0,8.194777488708496,5.903433799743652,8.196698188781738,8.399444580078125,1.0,0.32608695652173914,2.2913434505462646,-0.20274579524993896,8.242144584655762
2000,0.0001,0.0,0.1,0.1,0.1,0.2,184.0,8.204557418823242,5.903433799743652,8.205255508422852,8.399444580078125,1.0,0.3423913043478261,2.3011233806610107,-0.19418865442276,8.242144584655762
2000,0.0001,0.0,0.1,0.5,0.0,0.0,184.0,8.156571388244629,5.903433799743652,8.169450759887695,8.399444580078125,0.9945652173913043,0.358695652173913,2.2531371116638184,-0.22999386489391327,8.242144584655762
2000,0.0001,0.0,0.1,0.5,0.0,0.01,184.0,8.166391372680664,5.903433799743652,8.17308235168457,8.399444580078125,1.0,0.3532608695652174,2.2629575729370117,-0.22636164724826813,8.242144584655762
2000,0.0001,0.0,0.1,0.5,0.0,0.1,184.0,8.209272384643555,5.903433799743652,8.214856147766113,8.399444580078125,1.0,0.34782608695652173,2.305838108062744,-0.18458811938762665,8.242144584655762
2000,0.0001,0.0,0.1,0.5,0.0,0.2,184.0,8.206921577453613,5.903433799743652,8.213735580444336,8.399444580078125,1.0,0.34782608695652173,2.303488254547119,-0.18570883572101593,8.242144584655762
2000,0.0001,0.0,0.1,0.5,0.01,0.0,184.0,8.136731147766113,5.903433799743652,8.142281532287598,8.399444580078125,0.9836956521739131,0.358695652173913,2.233297109603882,-0.25716280937194824,8.242144584655762
2000,0.0001,0.0,0.1,0.5,0.01,0.01,184.0,8.186238288879395,5.903433799743652,8.190218925476074,8.399444580078125,1.0,0.3532608695652174,2.282804489135742,-0.2092256397008896,8.242144584655762
2000,0.0001,0.0,0.1,0.5,0.01,0.1,184.0,8.20032024383545,5.903433799743652,8.205641746520996,8.399444580078125,1.0,0.33152173913043476,2.2968873977661133,-0.1938023716211319,8.242144584655762
2000,0.0001,0.0,0.1,0.5,0.01,0.2,184.0,8.210920333862305,5.903433799743652,8.220468521118164,8.399444580078125,1.0,0.3532608695652174,2.3074872493743896,-0.1789756715297699,8.242144584655762
2000,0.0001,0.0,0.1,0.5,0.1,0.0,184.0,8.161332130432129,5.903433799743652,8.165319442749023,8.399444580078125,0.9945652173913043,0.3532608695652174,2.2578980922698975,-0.23412460088729858,8.242144584655762
2000,0.0001,0.0,0.1,0.5,0.1,0.01,184.0,8.166280746459961,5.903433799743652,8.177653312683105,8.399444580078125,1.0,0.3532608695652174,2.2628464698791504,-0.22179052233695984,8.242144584655762
2000,0.0001,0.0,0.1,0.5,0.1,0.1,184.0,8.194474220275879,5.903433799743652,8.198999404907227,8.399444580078125,1.0,0.33695652173913043,2.2910406589508057,-0.20044384896755219,8.242144584655762
2000,0.0001,0.0,0.1,0.5,0.1,0.2,184.0,8.218701362609863,5.903433799743652,8.221059799194336,8.399444580078125,1.0,0.33695652173913043,2.3152663707733154,-0.17838500440120697,8.242144584655762
2000,0.0001,0.0,0.1,1.0,0.0,0.0,184.0,8.149922370910645,5.903433799743652,8.161975860595703,8.399444580078125,0.9945652173913043,0.3423913043478261,2.246488332748413,-0.23746812343597412,8.242144584655762
2000,0.0001,0.0,0.1,1.0,0.0,0.01,184.0,8.167924880981445,5.903433799743652,8.182162284851074,8.399444580078125,1.0,0.3532608695652174,2.264490842819214,-0.21728217601776123,8.242144584655762
2000,0.0001,0.0,0.1,1.0,0.0,0.1,184.0,8.201576232910156,5.903433799743652,8.20312213897705,8.399444580078125,1.0,0.33695652173913043,2.298142194747925,-0.19632165133953094,8.242144584655762
2000,0.0001,0.0,0.1,1.0,0.0,0.2,184.0,8.207080841064453,5.903433799743652,8.21045207977295,8.399444580078125,1.0,0.32608695652173914,2.303647041320801,-0.1889919638633728,8.242144584655762
2000,0.0001,0.0,0.1,1.0,0.01,0.0,184.0,8.14112377166748,5.903433799743652,8.152743339538574,8.399444580078125,0.9945652173913043,0.34782608695652173,2.237689733505249,-0.24670077860355377,8.242144584655762
2000,0.0001,0.0,0.1,1.0,0.01,0.01,184.0,8.16023063659668,5.903433799743652,8.16838550567627,8.399444580078125,1.0,0.358695652173913,2.2567968368530273,-0.23105892539024353,8.242144584655762
2000,0.0001,0.0,0.1,1.0,0.01,0.1,184.0,8.191487312316895,5.903433799743652,8.194007873535156,8.399444580078125,1.0,0.33152173913043476,2.288052797317505,-0.2054366171360016,8.242144584655762
2000,0.0001,0.0,0.1,1.0,0.01,0.2,184.0,8.200090408325195,5.903433799743652,8.204534530639648,8.399444580078125,1.0,0.33152173913043476,2.296656370162964,-0.19491004943847656,8.242144584655762
2000,0.0001,0.0,0.1,1.0,0.1,0.0,184.0,8.119209289550781,5.903433799743652,8.146145820617676,8.399444580078125,0.9945652173913043,0.3532608695652174,2.2157764434814453,-0.25329864025115967,8.242144584655762
2000,0.0001,0.0,0.1,1.0,0.1,0.01,184.0,8.162030220031738,5.903433799743652,8.16671085357666,8.399444580078125,1.0,0.358695652173913,2.258596420288086,-0.232733815908432,8.242144584655762
2000,0.0001,0.0,0.1,1.0,0.1,0.1,184.0,8.191259384155273,5.903433799743652,8.194411277770996,8.399444580078125,1.0,0.32608695652173914,2.2878258228302,-0.20503297448158264,8.242144584655762
2000,0.0001,0.0,0.1,1.0,0.1,0.2,184.0,8.215476989746094,5.903433799743652,8.224807739257812,8.399444580078125,1.0,0.34782608695652173,2.312042474746704,-0.17463646829128265,8.242144584655762
2000,0.0001,0.0,0.5,0.0,0.0,0.0,184.0,8.186495780944824,5.903433799743652,8.198051452636719,8.399444580078125,1.0,0.375,2.2830617427825928,-0.20139215886592865,8.242144584655762
2000,0.0001,0.0,0.5,0.0,0.0,0.01,184.0,8.180045127868652,5.903433799743652,8.189311027526855,8.399444580078125,1.0,0.3641304347826087,2.276611328125,-0.21013295650482178,8.242144584655762
2000,0.0001,0.0,0.5,0.0,0.0,0.1,184.0,8.183634757995605,5.903433799743652,8.201593399047852,8.399444580078125,1.0,0.3423913043478261,2.2802014350891113,-0.19785021245479584,8.242144584655762
2000,0.0001,0.0,0.5,0.0,0.0,0.2,184.0,8.181737899780273,5.903433799743652,8.187862396240234,8.399444580078125,1.0,0.34782608695652173,2.278303861618042,-0.21158148348331451,8.242144584655762
2000,0.0001,0.0,0.5,0.0,0.01,0.0,184.0,8.17970085144043,5.903433799743652,8.199433326721191,8.399444580078125,1.0,0.375,2.2762668132781982,-0.20001038908958435,8.242144584655762
2000,0.0001,0.0,0.5,0.0,0.01,0.01,184.0,8.183664321899414,5.903433799743652,8.18741512298584,8.399444580078125,1.0,0.34782608695652173,2.28023099899292,-0.21202866733074188,8.242144584655762
2000,0.0001,0.0,0.5,0.0,0.01,0.1,184.0,8.203177452087402,5.903433799743652,8.212368965148926,8.399444580078125,1.0,0.358695652173913,2.29974365234375,-0.18707560002803802,8.242144584655762
2000,0.0001,0.0,0.5,0.0,0.01,0.2,184.0,8.166982650756836,5.903433799743652,8.186132431030273,8.399444580078125,1.0,0.33695652173913043,2.2635490894317627,-0.213312566280365,8.242144584655762
2000,0.0001,0.0,0.5,0.0,0.1,0.0,184.0,8.18595027923584,5.903433799743652,8.199649810791016,8.399444580078125,1.0,0.358695652173913,2.2825164794921875,-0.19979339838027954,8.242144584655762
2000,0.0001,0.0,0.5,0.0,0.1,0.01,184.0,8.1829195022583,5.903433799743652,8.20647144317627,8.399444580078125,1.0,0.3695652173913043,2.279484987258911,-0.1929730921983719,8.242144584655762
2000,0.0001,0.0,0.5,0.0,0.1,0.1,184.0,8.19304084777832,5.903433799743652,8.199713706970215,8.399444580078125,1.0,0.3532608695652174,2.289607286453247,-0.19973012804985046,8.242144584655762
2000,0.0001,0.0,0.5,0.0,0.1,0.2,184.0,8.177752494812012,5.903433799743652,8.18912124633789,8.399444580078125,1.0,0.34782608695652173,2.2743194103240967,-0.21032212674617767,8.242144584655762
2000,0.0001,0.0,0.5,0.1,0.0,0.0,184.0,8.18580150604248,5.903433799743652,8.19848346710205,8.399444580078125,1.0,0.3695652173913043,2.28236722946167,-0.2009616494178772,8.242144584655762
2000,0.0001,0.0,0.5,0.1,0.0,0.01,184.0,8.177262306213379,5.903433799743652,8.211663246154785,8.399444580078125,1.0,0.375,2.2738285064697266,-0.18778096139431,8.242144584655762
2000,0.0001,0.0,0.5,0.1,0.0,0.1,184.0,8.188586235046387,5.903433799743652,8.205206871032715,8.399444580078125,1.0,0.3532608695652174,2.2851531505584717,-0.19423675537109375,8.242144584655762
2000,0.0001,0.0,0.5,0.1,0.0,0.2,184.0,8.167552947998047,5.903433799743652,8.180259704589844,8.399444580078125,1.0,0.33152173913043476,2.2641189098358154,-0.21918512880802155,8.242144584655762
2000,0.0001,0.0,0.5,0.1,0.01,0.0,184.0,8.176680564880371,5.903433799743652,8.197853088378906,8.399444580078125,1.0,0.358695652173913,2.2732460498809814,-0.20159116387367249,8.242144584655762
2000,0.0001,0.0,0.5,0.1,0.01,0.01,184.0,8.171619415283203,5.903433799743652,8.182266235351562,8.399444580078125,1.0,0.3695652173913043,2.268185615539551,-0.2171778678894043,8.242144584655762
2000,0.0001,0.0,0.5,0.1,0.01,0.1,184.0,8.197744369506836,5.903433799743652,8.204388618469238,8.399444580078125,1.0,0.34782608695652173,2.2943108081817627,-0.1950552612543106,8.242144584655762
2000,0.0001,0.0,0.5,0.1,0.01,0.2,184.0,8.18321418762207,5.903433799743652,8.194315910339355,8.399444580078125,1.0,0.3423913043478261,2.279780626296997,-0.20512762665748596,8.242144584655762
2000,0.0001,0.0,0.5,0.1,0.1,0.0,184.0,8.188009262084961,5.903433799743652,8.198625564575195,8.399444580078125,1.0,0.3695652173913043,2.284576177597046,-0.2008180171251297,8.242144584655762
2000,0.0001,0.0,0.5,0.1,0.1,0.01,184.0,8.190530776977539,5.903433799743652,8.20915699005127,8.399444580078125,1.0,0.358695652173913,2.287097215652466,-0.19028721749782562,8.242144584655762
2000,0.0001,0.0,0.5,0.1,0.1,0.1,184.0,8.182942390441895,5.903433799743652,8.194228172302246,8.399444580078125,1.0,0.3532608695652174,2.279508590698242,-0.20521630346775055,8.242144584655762
2000,0.0001,0.0,0.5,0.1,0.1,0.2,184.0,8.172057151794434,5.903433799743652,8.185687065124512,8.399444580078125,1.0,0.3423913043478261,2.2686235904693604,-0.21375708281993866,8.242144584655762
2000,0.0001,0.0,0.5,0.5,0.0,0.0,184.0,8.179494857788086,5.903433799743652,8.202513694763184,8.399444580078125,1.0,0.3641304347826087,2.2760612964630127,-0.19693057239055634,8.242144584655762
2000,0.0001,0.0,0.5,0.5,0.0,0.01,184.0,8.169764518737793,5.903433799743652,8.20539665222168,8.399444580078125,1.0,0.3695652173913043,2.2663309574127197,-0.19404760003089905,8.242144584655762
2000,0.0001,0.0,0.5,0.5,0.0,0.1,184.0,8.191790580749512,5.903433799743652,8.196932792663574,8.399444580078125,1.0,0.3532608695652174,2.2883565425872803,-0.20251095294952393,8.242144584655762
2000,0.0001,0.0,0.5,0.5,0.0,0.2,184.0,8.178757667541504,5.903433799743652,8.193860054016113,8.399444580078125,1.0,0.33695652173913043,2.2753243446350098,-0.20558461546897888,8.242144584655762
2000,0.0001,0.0,0.5,0.5,0.01,0.0,184.0,8.160120010375977,5.903433799743652,8.184863090515137,8.399444580078125,1.0,0.358695652173913,2.2566869258880615,-0.21458128094673157,8.242144584655762
2000,0.0001,0.0,0.5,0.5,0.01,0.01,184.0,8.171762466430664,5.903433799743652,8.20122241973877,8.399444580078125,0.9945652173913043,0.3804347826086957,2.2683281898498535,-0.19822148978710175,8.242144584655762
2000,0.0001,0.0,0.5,0.5,0.01,0.1,184.0,8.19256591796875,5.903433799743652,8.212969779968262,8.399444580078125,1.0,0.358695652173913,2.2891321182250977,-0.18647463619709015,8.242144584655762
2000,0.0001,0.0,0.5,0.5,0.01,0.2,184.0,8.180839538574219,5.903433799743652,8.203092575073242,8.399444580078125,1.0,0.3532608695652174,2.2774057388305664,-0.19635146856307983,8.242144584655762
2000,0.0001,0.0,0.5,0.5,0.1,0.0,184.0,8.187278747558594,5.903433799743652,8.20691967010498,8.399444580078125,1.0,0.3804347826086957,2.2838451862335205,-0.19252407550811768,8.242144584655762
2000,0.0001,0.0,0.5,0.5,0.1,0.01,184.0,8.191737174987793,5.903433799743652,8.206144332885742,8.399444580078125,1.0,0.3695652173913043,2.2883033752441406,-0.19330015778541565,8.242144584655762
2000,0.0001,0.0,0.5,0.5,0.1,0.1,184.0,8.199079513549805,5.903433799743652,8.207429885864258,8.399444580078125,1.0,0.358695652173913,2.2956457138061523,-0.19201432168483734,8.242144584655762
2000,0.0001,0.0,0.5,0.5,0.1,0.2,184.0,8.187246322631836,5.903433799743652,8.210147857666016,8.399444580078125,1.0,0.33695652173913043,2.2838125228881836,-0.18929634988307953,8.242144584655762
2000,0.0001,0.0,0.5,1.0,0.0,0.0,184.0,8.181066513061523,5.903433799743652,8.206552505493164,8.399444580078125,1.0,0.3804347826086957,2.277632713317871,-0.19289198517799377,8.242144584655762
2000,0.0001,0.0,0.5,1.0,0.0,0.01,184.0,8.186668395996094,5.903433799743652,8.206439971923828,8.399444580078125,1.0,0.375,2.2832348346710205,-0.19300435483455658,8.242144584655762
2000,0.0001,0.0,0.5,1.0,0.0,0.1,184.0,8.181158065795898,5.903433799743652,8.195178985595703,8.399444580078125,1.0,0.3641304347826087,2.2777252197265625,-0.2042652666568756,8.242144584655762
2000,0.0001,0.0,0.5,1.0,0.0,0.2,184.0,8.161983489990234,5.903433799743652,8.175015449523926,8.399444580078125,1.0,0.34782608695652173,2.258549213409424,-0.22442924976348877,8.242144584655762
2000,0.0001,0.0,0.5,1.0,0.01,0.0,184.0,8.177056312561035,5.903433799743652,8.195917129516602,8.399444580078125,1.0,0.3641304347826087,2.273622989654541,-0.2035263329744339,8.242144584655762
2000,0.0001,0.0,0.5,1.0,0.01,0.01,184.0,8.178766250610352,5.903433799743652,8.203088760375977,8.399444580078125,1.0,0.3695652173913043,2.2753331661224365,-0.19635488092899323,8.242144584655762
2000,0.0001,0.0,0.5,1.0,0.01,0.1,184.0,8.175289154052734,5.903433799743652,8.185782432556152,8.399444580078125,1.0,0.358695652173913,2.271855115890503,-0.2136615514755249,8.242144584655762
2000,0.0001,0.0,0.5,1.0,0.01,0.2,184.0,8.177129745483398,5.903433799743652,8.199719429016113,8.399444580078125,1.0,0.3532608695652174,2.273695945739746,-0.19972477853298187,8.242144584655762
2000,0.0001,0.0,0.5,1.0,0.1,0.0,184.0,8.186873435974121,5.903433799743652,8.19996166229248,8.399444580078125,1.0,0.3641304347826087,2.283439874649048,-0.1994830071926117,8.242144584655762
2000,0.0001,0.0,0.5,1.0,0.1,0.01,184.0,8.182718276977539,5.903433799743652,8.190478324890137,8.399444580078125,1.0,0.3641304347826087,2.2792842388153076,-0.20896492898464203,8.242144584655762
2000,0.0001,0.0,0.5,1.0,0.1,0.1,184.0,8.192239761352539,5.903433799743652,8.20074462890625,8.399444580078125,1.0,0.3641304347826087,2.288806200027466,-0.19869962334632874,8.242144584655762
2000,0.0001,0.0,0.5,1.0,0.1,0.2,184.0,8.168865203857422,5.903433799743652,8.195446968078613,8.399444580078125,1.0,0.3532608695652174,2.2654316425323486,-0.20399749279022217,8.242144584655762
2000,0.0001,0.01,0.01,0.0,0.0,0.0,184.0,8.022551536560059,5.903433799743652,8.029800415039062,8.399444580078125,0.967391304347826,0.32608695652173914,2.119117498397827,-0.36964425444602966,8.242144584655762
2000,0.0001,0.01,0.01,0.0,0.0,0.01,184.0,8.136253356933594,5.903433799743652,8.14223861694336,8.399444580078125,0.9945652173913043,0.33152173913043476,2.2328193187713623,-0.2572060823440552,8.242144584655762
2000,0.0001,0.01,0.01,0.0,0.0,0.1,184.0,8.198197364807129,5.903433799743652,8.217063903808594,8.399444580078125,1.0,0.3532608695652174,2.2947640419006348,-0.18237993121147156,8.242144584655762
2000,0.0001,0.01,0.01,0.0,0.0,0.2,184.0,8.204789161682129,5.903433799743652,8.218152046203613,8.399444580078125,1.0,0.3532608695652174,2.301356554031372,-0.18129244446754456,8.242144584655762
2000,0.0001,0.01,0.01,0.0,0.01,0.0,184.0,8.03976821899414,5.903433799743652,8.058799743652344,8.399444580078125,0.967391304347826,0.34782608695652173,2.1363348960876465,-0.3406451642513275,8.242144584655762
2000,0.0001,0.01,0.01,0.0,0.01,0.01,184.0,8.142351150512695,5.903433799743652,8.156648635864258,8.399444580078125,0.9945652173913043,0.3423913043478261,2.238917350769043,-0.24279548227787018,8.242144584655762
2000,0.0001,0.01,0.01,0.0,0.01,0.1,184.0,8.200935363769531,5.903433799743652,8.217401504516602,8.399444580078125,1.0,0.3532608695652174,2.2975013256073,-0.18204213678836823,8.242144584655762
2000,0.0001,0.01,0.01,0.0,0.01,0.2,184.0,8.190814018249512,5.903433799743652,8.19570541381836,8.399444580078125,1.0,0.34782608695652173,2.2873804569244385,-0.20373879373073578,8.242144584655762
2000,0.0001,0.01,0.01,0.0,0.1,0.0,184.0,8.033088684082031,5.903433799743652,8.050851821899414,8.399444580078125,0.967391304347826,0.33152173913043476,2.1296546459198,-0.34859201312065125,8.242144584655762
2000,0.0001,0.01,0.01,0.0,0.1,0.01,184.0,8.146915435791016,5.903433799743652,8.159293174743652,8.399444580078125,0.9945652173913043,0.3423913043478261,2.243481397628784,-0.2401508390903473,8.242144584655762
2000,0.0001,0.01,0.01,0.0,0.1,0.1,184.0,8.180057525634766,5.903433799743652,8.206687927246094,8.399444580078125,0.9945652173913043,0.3423913043478261,2.2766242027282715,-0.1927555799484253,8.242144584655762
2000,0.0001,0.01,0.01,0.0,0.1,0.2,184.0,8.20441722869873,5.903433799743652,8.215588569641113,8.399444580078125,1.0,0.34782608695652173,2.300983428955078,-0.18385609984397888,8.242144584655762
2000,0.0001,0.01,0.01,0.1,0.0,0.0,184.0,8.017638206481934,5.903433799743652,8.063355445861816,8.399444580078125,0.9619565217391305,0.33152173913043476,2.1142051219940186,-0.33608847856521606,8.242144584655762
2000,0.0001,0.01,0.01,0.1,0.0,0.01,184.0,8.15163803100586,5.903433799743652,8.159043312072754,8.399444580078125,0.9945652173913043,0.3423913043478261,2.248204231262207,-0.2404005229473114,8.242144584655762
2000,0.0001,0.01,0.01,0.1,0.0,0.1,184.0,8.229911804199219,5.903433799743652,8.240967750549316,8.399444580078125,1.0,0.3804347826086957,2.3264787197113037,-0.1584758311510086,8.242144584655762
2000,0.0001,0.01,0.01,0.1,0.0,0.2,184.0,8.207342147827148,5.903433799743652,8.223123550415039,8.399444580078125,1.0,0.3532608695652174,2.303907871246338,-0.1763196587562561,8.242144584655762
2000,0.0001,0.01,0.01,0.1,0.01,0.0,184.0,8.044532775878906,5.903433799743652,8.08554458618164,8.399444580078125,0.967391304347826,0.33695652173913043,2.141099691390991,-0.31389960646629333,8.242144584655762
2000,0.0001,0.01,0.01,0.1,0.01,0.01,184.0,8.147130966186523,5.903433799743652,8.158966064453125,8.399444580078125,0.9945652173913043,0.3423913043478261,2.243696689605713,-0.24047842621803284,8.242144584655762
2000,0.0001,0.01,0.01,0.1,0.01,0.1,184.0,8.232747077941895,5.903433799743652,8.236258506774902,8.399444580078125,1.0,0.375,2.329312801361084,-0.16318559646606445,8.242144584655762
2000,0.0001,0.01,0.01,0.1,0.01,0.2,184.0,8.210761070251465,5.903433799743652,8.21767520904541,8.399444580078125,1.0,0.33695652173913043,2.3073272705078125,-0.1817687451839447,8.242144584655762
2000,0.0001,0.01,0.01,0.1,0.1,0.0,184.0,8.037182807922363,5.903433799743652,8.091056823730469,8.399444580078125,0.9619565217391305,0.33152173913043476,2.133749008178711,-0.30838847160339355,8.242144584655762
2000,0.0001,0.01,0.01,0.1,0.1,0.01,184.0,8.149371147155762,5.903433799743652,8.153914451599121,8.399444580078125,0.9945652173913043,0.33695652173913043,2.2459375858306885,-0.24553050100803375,8.242144584655762
2000,0.0001,0.01,0.01,0.1,0.1,0.1,184.0,8.228094100952148,5.903433799743652,8.236656188964844,8.399444580078125,1.0,0.3858695652173913,2.324659824371338,-0.16278870403766632,8.242144584655762
2000,0.0001,0.01,0.01,0.1,0.1,0.2,184.0,8.20341682434082,5.903433799743652,8.210033416748047,8.399444580078125,1.0,0.3423913043478261,2.299982786178589,-0.18941067159175873,8.242144584655762
2000,0.0001,0.01,0.01,0.5,0.0,0.0,184.0,8.085247039794922,5.903433799743652,8.110918998718262,8.399444580078125,0.9782608695652174,0.358695652173913,2.1818130016326904,-0.2885250747203827,8.242144584655762
2000,0.0001,0.01,0.01,0.5,0.0,0.01,184.0,8.168237686157227,5.903433799743652,8.170740127563477,8.399444580078125,0.9945652173913043,0.358695652173913,2.264803409576416,-0.2287042886018753,8.242144584655762
2000,0.0001,0.01,0.01,0.5,0.0,0.1,184.0,8.196006774902344,5.903433799743652,8.20202922821045,8.399444580078125,1.0,0.3423913043478261,2.2925734519958496,-0.1974148154258728,8.242144584655762
2000,0.0001,0.01,0.01,0.5,0.0,0.2,184.0,8.199407577514648,5.903433799743652,8.207671165466309,8.399444580078125,1.0,0.33152173913043476,2.295973300933838,-0.1917724758386612,8.242144584655762
2000,0.0001,0.01,0.01,0.5,0.01,0.0,184.0,8.08810806274414,5.903433799743652,8.107007026672363,8.399444580078125,0.9782608695652174,0.3695652173913043,2.1846745014190674,-0.29243752360343933,8.242144584655762
2000,0.0001,0.01,0.01,0.5,0.01,0.01,184.0,8.166084289550781,5.903433799743652,8.171894073486328,8.399444580078125,0.9945652173913043,0.3641304347826087,2.26265025138855,-0.22755031287670135,8.242144584655762
2000,0.0001,0.01,0.01,0.5,0.01,0.1,184.0,8.203636169433594,5.903433799743652,8.20918083190918,8.399444580078125,1.0,0.3423913043478261,2.3002023696899414,-0.19026347994804382,8.242144584655762
2000,0.0001,0.01,0.01,0.5,0.01,0.2,184.0,8.212712287902832,5.903433799743652,8.21971607208252,8.399444580078125,1.0,0.358695652173913,2.309278964996338,-0.17972838878631592,8.242144584655762
2000,0.0001,0.01,0.01,0.5,0.1,0.0,184.0,8.093771934509277,5.903433799743652,8.097267150878906,8.399444580078125,0.9782608695652174,0.358695652173913,2.190337896347046,-0.3021775782108307,8.242144584655762
2000,0.0001,0.01,0.01,0.5,0.1,0.01,184.0,8.162603378295898,5.903433799743652,8.166150093078613,8.399444580078125,0.9945652173913043,0.3532608695652174,2.259169101715088,-0.23329399526119232,8.242144584655762
2000,0.0001,0.01,0.01,0.5,0.1,0.1,184.0,8.200291633605957,5.903433799743652,8.20936393737793,8.399444580078125,1.0,0.34782608695652173,2.296858072280884,-0.19008059799671173,8.242144584655762
2000,0.0001,0.01,0.01,0.5,0.1,0.2,184.0,8.216219902038574,5.903433799743652,8.223343849182129,8.399444580078125,1.0,0.34782608695652173,2.3127858638763428,-0.17609986662864685,8.242144584655762
2000,0.0001,0.01,0.01,1.0,0.0,0.0,184.0,8.122772216796875,5.903433799743652,8.132364273071289,8.399444580078125,0.9782608695652174,0.358695652173913,2.219338893890381,-0.26707959175109863,8.242144584655762
2000,0.0001,0.01,0.01,1.0,0.0,0.01,184.0,8.172941207885742,5.903433799743652,8.174881935119629,8.399444580078125,0.9945652173913043,0.358695652173913,2.269507646560669,-0.224562868475914,8.242144584655762
2000,0.0001,0.01,0.01,1.0,0.0,0.1,184.0,8.203482627868652,5.903433799743652,8.216885566711426,8.399444580078125,1.0,0.3641304347826087,2.300049066543579,-0.18255899846553802,8.242144584655762
2000,0.0001,0.01,0.01,1.0,0.0,0.2,184.0,8.218992233276367,5.903433799743652,8.229503631591797,8.399444580078125,1.0,0.3695652173913043,2.315558433532715,-0.1699407994747162,8.242144584655762
2000,0.0001,0.01,0.01,1.0,0.01,0.0,184.0,8.124903678894043,5.903433799743652,8.130638122558594,8.399444580078125,0.9782608695652174,0.358695652173913,2.221470594406128,-0.26880621910095215,8.242144584655762
2000,0.0001,0.01,0.01,1.0,0.01,0.01,184.0,8.172075271606445,5.903433799743652,8.174260139465332,8.399444580078125,0.9945652173913043,0.358695652173913,2.268641710281372,-0.22518415749073029,8.242144584655762
2000,0.0001,0.01,0.01,1.0,0.01,0.1,184.0,8.201399803161621,5.903433799743652,8.205572128295898,8.399444580078125,1.0,0.358695652173913,2.2979657649993896,-0.19387315213680267,8.242144584655762
2000,0.0001,0.01,0.01,1.0,0.01,0.2,184.0,8.21296215057373,5.903433799743652,8.224992752075195,8.399444580078125,1.0,0.3641304347826087,2.3095285892486572,-0.17445124685764313,8.242144584655762
2000,0.0001,0.01,0.01,1.0,0.1,0.0,184.0,8.119928359985352,5.903433799743652,8.130395889282227,8.399444580078125,0.9782608695652174,0.358695652173913,2.2164952754974365,-0.26904773712158203,8.242144584655762
2000,0.0001,0.01,0.01,1.0,0.1,0.01,184.0,8.170206069946289,5.903433799743652,8.174530029296875,8.399444580078125,0.9945652173913043,0.358695652173913,2.266772747039795,-0.22491440176963806,8.242144584655762
2000,0.0001,0.01,0.01,1.0,0.1,0.1,184.0,8.187896728515625,5.903433799743652,8.203886985778809,8.399444580078125,1.0,0.34782608695652173,2.2844629287719727,-0.19555726647377014,8.242144584655762
2000,0.0001,0.01,0.01,1.0,0.1,0.2,184.0,8.216887474060059,5.903433799743652,8.225807189941406,8.399444580078125,1.0,0.358695652173913,2.313453197479248,-0.1736370474100113,8.242144584655762
2000,0.0001,0.01,0.1,0.0,0.0,0.0,184.0,8.110832214355469,5.903433799743652,8.133471488952637,8.399444580078125,0.9891304347826086,0.33695652173913043,2.2073988914489746,-0.2659725248813629,8.242144584655762
2000,0.0001,0.01,0.1,0.0,0.0,0.01,184.0,8.15932559967041,5.903433799743652,8.167826652526855,8.399444580078125,0.9945652173913043,0.34782608695652173,2.255891799926758,-0.2316173017024994,8.242144584655762
2000,0.0001,0.01,0.1,0.0,0.0,0.1,184.0,8.217083930969238,5.903433799743652,8.23756217956543,8.399444580078125,1.0,0.3695652173913043,2.3136496543884277,-0.1618819385766983,8.242144584655762
2000,0.0001,0.01,0.1,0.0,0.0,0.2,184.0,8.208076477050781,5.903433799743652,8.22080135345459,8.399444580078125,1.0,0.3532608695652174,2.304643154144287,-0.1786433458328247,8.242144584655762
2000,0.0001,0.01,0.1,0.0,0.01,0.0,184.0,8.105024337768555,5.903433799743652,8.1281099319458,8.399444580078125,0.9836956521739131,0.358695652173913,2.201590061187744,-0.27133408188819885,8.242144584655762
2000,0.0001,0.01,0.1,0.0,0.01,0.01,184.0,8.162036895751953,5.903433799743652,8.16795825958252,8.399444580078125,0.9945652173913043,0.34782608695652173,2.258603572845459,-0.23148545622825623,8.242144584655762
2000,0.0001,0.01,0.1,0.0,0.01,0.1,184.0,8.218435287475586,5.903433799743652,8.23298454284668,8.399444580078125,1.0,0.375,2.3150014877319336,-0.1664597988128662,8.242144584655762
2000,0.0001,0.01,0.1,0.0,0.01,0.2,184.0,8.220290184020996,5.903433799743652,8.230661392211914,8.399444580078125,1.0,0.3641304347826087,2.316856622695923,-0.16878241300582886,8.242144584655762
2000,0.0001,0.01,0.1,0.0,0.1,0.0,184.0,8.083980560302734,5.903433799743652,8.0957612991333,8.399444580078125,0.9782608695652174,0.3423913043478261,2.180546998977661,-0.3036825358867645,8.242144584655762
2000,0.0001,0.01,0.1,0.0,0.1,0.01,184.0,8.161360740661621,5.903433799743652,8.173944473266602,8.399444580078125,0.9945652173913043,0.358695652173913,2.2579269409179688,-0.22549936175346375,8.242144584655762
2000,0.0001,0.01,0.1,0.0,0.1,0.1,184.0,8.171306610107422,5.903433799743652,8.191226959228516,8.399444580078125,1.0,0.358695652173913,2.2678723335266113,-0.2082168310880661,8.242144584655762
2000,0.0001,0.01,0.1,0.0,0.1,0.2,184.0,8.222265243530273,5.903433799743652,8.22899341583252,8.399444580078125,1.0,0.3641304347826087,2.3188316822052,-0.17045125365257263,8.242144584655762
2000,0.0001,0.01,0.1,0.1,0.0,0.0,184.0,8.10388469696045,5.903433799743652,8.128316879272461,8.399444580078125,0.9836956521739131,0.33695652173913043,2.200450897216797,-0.27112728357315063,8.242144584655762
2000,0.0001,0.01,0.1,0.1,0.0,0.01,184.0,8.149468421936035,5.903433799743652,8.159948348999023,8.399444580078125,0.9945652173913043,0.3423913043478261,2.246034622192383,-0.23949556052684784,8.242144584655762
2000,0.0001,0.01,0.1,0.1,0.0,0.1,184.0,8.198858261108398,5.903433799743652,8.205629348754883,8.399444580078125,1.0,0.358695652173913,2.295424699783325,-0.19381485879421234,8.242144584655762
2000,0.0001,0.01,0.1,0.1,0.0,0.2,184.0,8.226929664611816,5.903433799743652,8.233813285827637,8.399444580078125,1.0,0.3695652173913043,2.323495864868164,-0.16563141345977783,8.242144584655762
2000,0.0001,0.01,0.1,0.1,0.01,0.0,184.0,8.106924057006836,5.903433799743652,8.134269714355469,8.399444580078125,0.9836956521739131,0.3532608695652174,2.203490734100342,-0.26517409086227417,8.242144584655762
2000,0.0001,0.01,0.1,0.1,0.01,0.01,184.0,8.153372764587402,5.903433799743652,8.16430377960205,8.399444580078125,0.9945652173913043,0.3423913043478261,2.24993896484375,-0.23514027893543243,8.242144584655762
2000,0.0001,0.01,0.1,0.1,0.01,0.1,184.0,8.232142448425293,5.903433799743652,8.239859580993652,8.399444580078125,1.0,0.3695652173913043,2.3287088871002197,-0.15958507359027863,8.242144584655762
2000,0.0001,0.01,0.1,0.1,0.01,0.2,184.0,8.215683937072754,5.903433799743652,8.222906112670898,8.399444580078125,1.0,0.3532608695652174,2.3122498989105225,-0.1765385866165161,8.242144584655762
2000,0.0001,0.01,0.1,0.1,0.1,0.0,184.0,8.088534355163574,5.903433799743652,8.126784324645996,8.399444580078125,0.9836956521739131,0.3423913043478261,2.18510103225708,-0.2726590037345886,8.242144584655762
2000,0.0001,0.01,0.1,0.1,0.1,0.01,184.0,8.153611183166504,5.903433799743652,8.168502807617188,8.399444580078125,0.9945652173913043,0.3532608695652174,2.2501769065856934,-0.23094189167022705,8.242144584655762
2000,0.0001,0.01,0.1,0.1,0.1,0.1,184.0,8.21264934539795,5.903433799743652,8.216468811035156,8.399444580078125,1.0,0.3532608695652174,2.3092153072357178,-0.18297576904296875,8.242144584655762
2000,0.0001,0.01,0.1,0.1,0.1,0.2,184.0,8.22579288482666,5.903433799743652,8.230300903320312,8.399444580078125,1.0,0.3641304347826087,2.322359561920166,-0.16914334893226624,8.242144584655762
2000,0.0001,0.01,0.1,0.5,0.0,0.0,184.0,8.089067459106445,5.903433799743652,8.127934455871582,8.399444580078125,0.9836956521739131,0.34782608695652173,2.185633897781372,-0.27151015400886536,8.242144584655762
2000,0.0001,0.01,0.1,0.5,0.0,0.01,184.0,8.14573860168457,5.903433799743652,8.164767265319824,8.399444580078125,0.9945652173913043,0.3423913043478261,2.242305278778076,-0.23467768728733063,8.242144584655762
2000,0.0001,0.01,0.1,0.5,0.0,0.1,184.0,8.216935157775879,5.903433799743652,8.224102020263672,8.399444580078125,1.0,0.3641304347826087,2.3135013580322266,-0.17534209787845612,8.242144584655762
2000,0.0001,0.01,0.1,0.5,0.0,0.2,184.0,8.226881980895996,5.903433799743652,8.231269836425781,8.399444580078125,1.0,0.3641304347826087,2.3234481811523438,-0.1681743860244751,8.242144584655762
2000,0.0001,0.01,0.1,0.5,0.01,0.0,184.0,8.084643363952637,5.903433799743652,8.123205184936523,8.399444580078125,0.9782608695652174,0.3423913043478261,2.181210517883301,-0.27623918652534485,8.242144584655762
2000,0.0001,0.01,0.1,0.5,0.01,0.01,184.0,8.148253440856934,5.903433799743652,8.155516624450684,8.399444580078125,0.9945652173913043,0.33695652173913043,2.244819402694702,-0.24392879009246826,8.242144584655762
2000,0.0001,0.01,0.1,0.5,0.01,0.1,184.0,8.215400695800781,5.903433799743652,8.224974632263184,8.399444580078125,1.0,0.358695652173913,2.311967372894287,-0.17446935176849365,8.242144584655762
2000,0.0001,0.01,0.1,0.5,0.01,0.2,184.0,8.232378005981445,5.903433799743652,8.23730754852295,8.399444580078125,1.0,0.3532608695652174,2.328944444656372,-0.1621372252702713,8.242144584655762
2000,0.0001,0.01,0.1,0.5,0.1,0.0,184.0,8.104509353637695,5.903433799743652,8.131003379821777,8.399444580078125,0.9836956521739131,0.34782608695652173,2.2010750770568848,-0.2684405744075775,8.242144584655762
2000,0.0001,0.01,0.1,0.5,0.1,0.01,184.0,8.155512809753418,5.903433799743652,8.164812088012695,8.399444580078125,0.9945652173913043,0.3423913043478261,2.252079486846924,-0.2346319556236267,8.242144584655762
2000,0.0001,0.01,0.1,0.5,0.1,0.1,184.0,8.198572158813477,5.903433799743652,8.2161283493042,8.399444580078125,1.0,0.34782608695652173,2.2951388359069824,-0.18331527709960938,8.242144584655762
2000,0.0001,0.01,0.1,0.5,0.1,0.2,184.0,8.224846839904785,5.903433799743652,8.234204292297363,8.399444580078125,1.0,0.3641304347826087,2.321413040161133,-0.16523988544940948,8.242144584655762
2000,0.0001,0.01,0.1,1.0,0.0,0.0,184.0,8.081476211547852,5.903433799743652,8.1246976852417,8.399444580078125,0.9836956521739131,0.34782608695652173,2.17804217338562,-0.27474644780158997,8.242144584655762
2000,0.0001,0.01,0.1,1.0,0.0,0.01,184.0,8.144627571105957,5.903433799743652,8.164456367492676,8.399444580078125,0.9945652173913043,0.33695652173913043,2.2411932945251465,-0.23498833179473877,8.242144584655762
2000,0.0001,0.01,0.1,1.0,0.0,0.1,184.0,8.18297004699707,5.903433799743652,8.206735610961914,8.399444580078125,1.0,0.3423913043478261,2.279536008834839,-0.1927085816860199,8.242144584655762
2000,0.0001,0.01,0.1,1.0,0.0,0.2,184.0,8.212972640991211,5.903433799743652,8.220284461975098,8.399444580078125,1.0,0.3532608695652174,2.3095388412475586,-0.1791597455739975,8.242144584655762
2000,0.0001,0.01,0.1,1.0,0.01,0.0,184.0,8.083951950073242,5.903433799743652,8.11952018737793,8.399444580078125,0.9836956521739131,0.3423913043478261,2.18051815032959,-0.2799241542816162,8.242144584655762
2000,0.0001,0.01,0.1,1.0,0.01,0.01,184.0,8.144530296325684,5.903433799743652,8.159296035766602,8.399444580078125,0.9945652173913043,0.33695652173913043,2.241096258163452,-0.24014759063720703,8.242144584655762
2000,0.0001,0.01,0.1,1.0,0.01,0.1,184.0,8.192327499389648,5.903433799743652,8.207820892333984,8.399444580078125,1.0,0.3532608695652174,2.288893938064575,-0.19162294268608093,8.242144584655762
2000,0.0001,0.01,0.1,1.0,0.01,0.2,184.0,8.19987964630127,5.903433799743652,8.21126937866211,8.399444580078125,1.0,0.34782608695652173,2.296445846557617,-0.1881745308637619,8.242144584655762
2000,0.0001,0.01,0.1,1.0,0.1,0.0,184.0,8.111775398254395,5.903433799743652,8.116020202636719,8.399444580078125,0.9836956521739131,0.33152173913043476,2.208341598510742,-0.28342345356941223,8.242144584655762
2000,0.0001,0.01,0.1,1.0,0.1,0.01,184.0,8.14956283569336,5.903433799743652,8.17636489868164,8.399444580078125,0.9945652173913043,0.3532608695652174,2.246128797531128,-0.2230795919895172,8.242144584655762
2000,0.0001,0.01,0.1,1.0,0.1,0.1,184.0,8.186450958251953,5.903433799743652,8.191134452819824,8.399444580078125,1.0,0.33695652173913043,2.28301739692688,-0.20830892026424408,8.242144584655762
2000,0.0001,0.01,0.1,1.0,0.1,0.2,184.0,8.218567848205566,5.903433799743652,8.228610038757324,8.399444580078125,1.0,0.3532608695652174,2.315134286880493,-0.1708340048789978,8.242144584655762
2000,0.0001,0.01,0.5,0.0,0.0,0.0,184.0,8.13467025756836,5.903433799743652,8.154388427734375,8.399444580078125,0.9945652173913043,0.3423913043478261,2.2312374114990234,-0.24505579471588135,8.242144584655762
2000,0.0001,0.01,0.5,0.0,0.0,0.01,184.0,8.149559020996094,5.903433799743652,8.16292667388916,8.399444580078125,0.9945652173913043,0.34782608695652173,2.2461249828338623,-0.23651763796806335,8.242144584655762
2000,0.0001,0.01,0.5,0.0,0.0,0.1,184.0,8.204304695129395,5.903433799743652,8.213854789733887,8.399444580078125,1.0,0.358695652173913,2.300870656967163,-0.18558916449546814,8.242144584655762
2000,0.0001,0.01,0.5,0.0,0.0,0.2,184.0,8.186334609985352,5.903433799743652,8.2151460647583,8.399444580078125,1.0,0.358695652173913,2.2829017639160156,-0.18429815769195557,8.242144584655762
2000,0.0001,0.01,0.5,0.0,0.01,0.0,184.0,8.134315490722656,5.903433799743652,8.158707618713379,8.399444580078125,0.9945652173913043,0.3423913043478261,2.230881452560425,-0.24073684215545654,8.242144584655762
2000,0.0001,0.01,0.5,0.0,0.01,0.01,184.0,8.152421951293945,5.903433799743652,8.16910457611084,8.399444580078125,0.9945652173913043,0.3532608695652174,2.248988389968872,-0.2303394228219986,8.242144584655762
2000,0.0001,0.01,0.5,0.0,0.01,0.1,184.0,8.200425148010254,5.903433799743652,8.224847793579102,8.399444580078125,1.0,0.3695652173913043,2.2969913482666016,-0.1745966225862503,8.242144584655762
2000,0.0001,0.01,0.5,0.0,0.01,0.2,184.0,8.210297584533691,5.903433799743652,8.220232009887695,8.399444580078125,1.0,0.358695652173913,2.306864023208618,-0.17921197414398193,8.242144584655762
2000,0.0001,0.01,0.5,0.0,0.1,0.0,184.0,8.135821342468262,5.903433799743652,8.16003704071045,8.399444580078125,0.9945652173913043,0.34782608695652173,2.232388496398926,-0.2394077032804489,8.242144584655762
2000,0.0001,0.01,0.5,0.0,0.1,0.01,184.0,8.154791831970215,5.903433799743652,8.166877746582031,8.399444580078125,0.9945652173913043,0.3532608695652174,2.2513580322265625,-0.23256583511829376,8.242144584655762
2000,0.0001,0.01,0.5,0.0,0.1,0.1,184.0,8.198785781860352,5.903433799743652,8.210718154907227,8.399444580078125,1.0,0.3532608695652174,2.2953531742095947,-0.1887253075838089,8.242144584655762
2000,0.0001,0.01,0.5,0.0,0.1,0.2,184.0,8.177835464477539,5.903433799743652,8.204424858093262,8.399444580078125,1.0,0.3532608695652174,2.274402379989624,-0.19501946866512299,8.242144584655762
2000,0.0001,0.01,0.5,0.1,0.0,0.0,184.0,8.141378402709961,5.903433799743652,8.158108711242676,8.399444580078125,0.9945652173913043,0.34782608695652173,2.2379448413848877,-0.24133580923080444,8.242144584655762
2000,0.0001,0.01,0.5,0.1,0.0,0.01,184.0,8.142919540405273,5.903433799743652,8.161616325378418,8.399444580078125,0.9945652173913043,0.34782608695652173,2.239485263824463,-0.2378273457288742,8.242144584655762
2000,0.0001,0.01,0.5,0.1,0.0,0.1,184.0,8.197656631469727,5.903433799743652,8.222350120544434,8.399444580078125,1.0,0.3532608695652174,2.2942230701446533,-0.17709487676620483,8.242144584655762
2000,0.0001,0.01,0.5,0.1,0.0,0.2,184.0,8.188078880310059,5.903433799743652,8.202817916870117,8.399444580078125,1.0,0.358695652173913,2.2846450805664062,-0.1966259926557541,8.242144584655762
2000,0.0001,0.01,0.5,0.1,0.01,0.0,184.0,8.120903968811035,5.903433799743652,8.155113220214844,8.399444580078125,0.9891304347826086,0.33695652173913043,2.217470169067383,-0.2443317323923111,8.242144584655762
2000,0.0001,0.01,0.5,0.1,0.01,0.01,184.0,8.144515037536621,5.903433799743652,8.155288696289062,8.399444580078125,0.9945652173913043,0.33152173913043476,2.241081953048706,-0.24415555596351624,8.242144584655762
2000,0.0001,0.01,0.5,0.1,0.01,0.1,184.0,8.199609756469727,5.903433799743652,8.20594310760498,8.399444580078125,1.0,0.34782608695652173,2.296175718307495,-0.1935008466243744,8.242144584655762
2000,0.0001,0.01,0.5,0.1,0.01,0.2,184.0,8.203675270080566,5.903433799743652,8.223586082458496,8.399444580078125,1.0,0.358695652173913,2.300241470336914,-0.17585808038711548,8.242144584655762
2000,0.0001,0.01,0.5,0.1,0.1,0.0,184.0,8.135069847106934,5.903433799743652,8.146801948547363,8.399444580078125,0.9891304347826086,0.3423913043478261,2.231635332107544,-0.2526431977748871,8.242144584655762
2000,0.0001,0.01,0.5,0.1,0.1,0.01,184.0,8.142999649047852,5.903433799743652,8.163588523864746,8.399444580078125,0.9945652173913043,0.3423913043478261,2.239565849304199,-0.23585514724254608,8.242144584655762
2000,0.0001,0.01,0.5,0.1,0.1,0.1,184.0,8.200360298156738,5.903433799743652,8.205292701721191,8.399444580078125,1.0,0.3423913043478261,2.296926498413086,-0.19415117800235748,8.242144584655762
2000,0.0001,0.01,0.5,0.1,0.1,0.2,184.0,8.208976745605469,5.903433799743652,8.227752685546875,8.399444580078125,1.0,0.3641304347826087,2.3055427074432373,-0.17169150710105896,8.242144584655762
2000,0.0001,0.01,0.5,0.5,0.0,0.0,184.0,8.15073013305664,5.903433799743652,8.16510009765625,8.399444580078125,0.9945652173913043,0.358695652173913,2.2472968101501465,-0.23434406518936157,8.242144584655762
2000,0.0001,0.01,0.5,0.5,0.0,0.01,184.0,8.15091609954834,5.903433799743652,8.167621612548828,8.399444580078125,0.9945652173913043,0.3532608695652174,2.2474820613861084,-0.23182226717472076,8.242144584655762
2000,0.0001,0.01,0.5,0.5,0.0,0.1,184.0,8.192646980285645,5.903433799743652,8.203630447387695,8.399444580078125,1.0,0.3641304347826087,2.289212703704834,-0.19581350684165955,8.242144584655762
2000,0.0001,0.01,0.5,0.5,0.0,0.2,184.0,8.197811126708984,5.903433799743652,8.208581924438477,8.399444580078125,1.0,0.3532608695652174,2.2943778038024902,-0.19086170196533203,8.242144584655762
2000,0.0001,0.01,0.5,0.5,0.01,0.0,184.0,8.128327369689941,5.903433799743652,8.143982887268066,8.399444580078125,0.9891304347826086,0.34782608695652173,2.224893569946289,-0.25546151399612427,8.242144584655762
2000,0.0001,0.01,0.5,0.5,0.01,0.01,184.0,8.134881019592285,5.903433799743652,8.153414726257324,8.399444580078125,0.9945652173913043,0.34782608695652173,2.2314469814300537,-0.24603010714054108,8.242144584655762
2000,0.0001,0.01,0.5,0.5,0.01,0.1,184.0,8.189990043640137,5.903433799743652,8.212549209594727,8.399444580078125,1.0,0.3641304347826087,2.2865560054779053,-0.1868939846754074,8.242144584655762
2000,0.0001,0.01,0.5,0.5,0.01,0.2,184.0,8.205421447753906,5.903433799743652,8.215385437011719,8.399444580078125,1.0,0.3695652173913043,2.301987409591675,-0.18405845761299133,8.242144584655762
2000,0.0001,0.01,0.5,0.5,0.1,0.0,184.0,8.143799781799316,5.903433799743652,8.16124439239502,8.399444580078125,0.9945652173913043,0.358695652173913,2.240365743637085,-0.2382003515958786,8.242144584655762
2000,0.0001,0.01,0.5,0.5,0.1,0.01,184.0,8.143148422241211,5.903433799743652,8.164732933044434,8.399444580078125,0.9945652173913043,0.3532608695652174,2.2397139072418213,-0.23471063375473022,8.242144584655762
2000,0.0001,0.01,0.5,0.5,0.1,0.1,184.0,8.189214706420898,5.903433799743652,8.20771598815918,8.399444580078125,1.0,0.358695652173913,2.285781145095825,-0.19172775745391846,8.242144584655762
2000,0.0001,0.01,0.5,0.5,0.1,0.2,184.0,8.20414924621582,5.903433799743652,8.218716621398926,8.399444580078125,1.0,0.3641304347826087,2.300715684890747,-0.1807272583246231,8.242144584655762
2000,0.0001,0.01,0.5,1.0,0.0,0.0,184.0,8.137850761413574,5.903433799743652,8.160575866699219,8.399444580078125,0.9945652173913043,0.3532608695652174,2.2344164848327637,-0.2388685643672943,8.242144584655762
2000,0.0001,0.01,0.5,1.0,0.0,0.01,184.0,8.14169692993164,5.903433799743652,8.150396347045898,8.399444580078125,0.9945652173913043,0.34782608695652173,2.2382638454437256,-0.24904859066009521,8.242144584655762
2000,0.0001,0.01,0.5,1.0,0.0,0.1,184.0,8.18885326385498,5.903433799743652,8.212678909301758,8.399444580078125,1.0,0.3641304347826087,2.285419225692749,-0.18676546216011047,8.242144584655762
2000,0.0001,0.01,0.5,1.0,0.0,0.2,184.0,8.186223030090332,5.903433799743652,8.201788902282715,8.399444580078125,1.0,0.3695652173913043,2.2827892303466797,-0.19765542447566986,8.242144584655762
2000,0.0001,0.01,0.5,1.0,0.01,0.0,184.0,8.14321231842041,5.903433799743652,8.166479110717773,8.399444580078125,0.9945652173913043,0.3532608695652174,2.2397782802581787,-0.2329651415348053,8.242144584655762
2000,0.0001,0.01,0.5,1.0,0.01,0.01,184.0,8.157212257385254,5.903433799743652,8.167237281799316,8.399444580078125,0.9945652173913043,0.358695652173913,2.2537784576416016,-0.2322063446044922,8.242144584655762
2000,0.0001,0.01,0.5,1.0,0.01,0.1,184.0,8.195040702819824,5.903433799743652,8.211568832397461,8.399444580078125,1.0,0.358695652173913,2.291607618331909,-0.18787485361099243,8.242144584655762
2000,0.0001,0.01,0.5,1.0,0.01,0.2,184.0,8.187211036682129,5.903433799743652,8.199505805969238,8.399444580078125,1.0,0.3641304347826087,2.2837765216827393,-0.19993872940540314,8.242144584655762
2000,0.0001,0.01,0.5,1.0,0.1,0.0,184.0,8.14117431640625,5.903433799743652,8.170875549316406,8.399444580078125,0.9945652173913043,0.3532608695652174,2.2377400398254395,-0.22856886684894562,8.242144584655762
2000,0.0001,0.01,0.5,1.0,0.1,0.01,184.0,8.145883560180664,5.903433799743652,8.164593696594238,8.399444580078125,0.9945652173913043,0.3532608695652174,2.242449998855591,-0.23485076427459717,8.242144584655762
2000,0.0001,0.01,0.5,1.0,0.1,0.1,184.0,8.202999114990234,5.903433799743652,8.227212905883789,8.399444580078125,1.0,0.375,2.299565076828003,-0.17223124206066132,8.242144584655762
2000,0.0001,0.01,0.5,1.0,0.1,0.2,184.0,8.184286117553711,5.903433799743652,8.202306747436523,8.399444580078125,1.0,0.3641304347826087,2.280853033065796,-0.19713766872882843,8.242144584655762
2000,0.0001,0.1,0.01,0.0,0.0,0.0,184.0,7.37630558013916,5.903433799743652,7.4927077293396,8.399444580078125,0.8586956521739131,0.22282608695652173,1.4728716611862183,-0.9067360162734985,8.242144584655762
2000,0.0001,0.1,0.01,0.0,0.0,0.01,184.0,7.581830978393555,5.903433799743652,7.717057704925537,8.399444580078125,0.8913043478260869,0.24456521739130435,1.67839777469635,-0.6823864579200745,8.242144584655762
2000,0.0001,0.1,0.01,0.0,0.0,0.1,184.0,8.091719627380371,5.903433799743652,8.12724494934082,8.399444580078125,0.9945652173913043,0.33152173913043476,2.1882858276367188,-0.2721988558769226,8.242144584655762
2000,0.0001,0.1,0.01,0.0,0.0,0.2,184.0,8.180743217468262,5.903433799743652,8.202871322631836,8.399444580078125,1.0,0.32608695652173914,2.277310371398926,-0.1965719312429428,8.242144584655762
2000,0.0001,0.1,0.01,0.0,0.01,0.0,184.0,7.453168869018555,5.903433799743652,7.571481227874756,8.399444580078125,0.8695652173913043,0.23369565217391305,1.5497347116470337,-0.8279623985290527,8.242144584655762
2000,0.0001,0.1,0.01,0.0,0.01,0.01,184.0,7.551079750061035,5.903433799743652,7.667647838592529,8.399444580078125,0.8913043478260869,0.2391304347826087,1.6476460695266724,-0.7317962050437927,8.242144584655762
2000,0.0001,0.1,0.01,0.0,0.01,0.1,184.0,8.090907096862793,5.903433799743652,8.119865417480469,8.399444580078125,0.9945652173913043,0.33152173913043476,2.187474012374878,-0.2795792520046234,8.242144584655762
2000,0.0001,0.1,0.01,0.0,0.01,0.2,184.0,8.169045448303223,5.903433799743652,8.196948051452637,8.399444580078125,1.0,0.3423913043478261,2.2656121253967285,-0.2024959921836853,8.242144584655762
2000,0.0001,0.1,0.01,0.0,0.1,0.0,184.0,7.423797607421875,5.903433799743652,7.495181560516357,8.399444580078125,0.8695652173913043,0.21739130434782608,1.5203640460968018,-0.9042624831199646,8.242144584655762
2000,0.0001,0.1,0.01,0.0,0.1,0.01,184.0,7.579064846038818,5.903433799743652,7.69924783706665,8.399444580078125,0.9021739130434783,0.2554347826086957,1.6756311655044556,-0.7001963257789612,8.242144584655762
2000,0.0001,0.1,0.01,0.0,0.1,0.1,184.0,8.080509185791016,5.903433799743652,8.124580383300781,8.399444580078125,0.9891304347826086,0.33695652173913043,2.1770758628845215,-0.2748638689517975,8.242144584655762
2000,0.0001,0.1,0.01,0.0,0.1,0.2,184.0,8.153101921081543,5.903433799743652,8.174882888793945,8.399444580078125,1.0,0.32608695652173914,2.2496683597564697,-0.22456063330173492,8.242144584655762
2000,0.0001,0.1,0.01,0.1,0.0,0.0,184.0,7.52680778503418,5.903433799743652,7.608907222747803,8.399444580078125,0.8695652173913043,0.21195652173913043,1.6233742237091064,-0.7905370593070984,8.242144584655762
2000,0.0001,0.1,0.01,0.1,0.0,0.01,184.0,7.70142936706543,5.903433799743652,7.806326389312744,8.399444580078125,0.9347826086956522,0.2391304347826087,1.7979955673217773,-0.5931175947189331,8.242144584655762
2000,0.0001,0.1,0.01,0.1,0.0,0.1,184.0,8.11587142944336,5.903433799743652,8.17023754119873,8.399444580078125,0.9945652173913043,0.31521739130434784,2.2124381065368652,-0.22920635342597961,8.242144584655762
2000,0.0001,0.1,0.01,0.1,0.0,0.2,184.0,8.17880916595459,5.903433799743652,8.21640682220459,8.399444580078125,1.0,0.3532608695652174,2.275376081466675,-0.183037668466568,8.242144584655762
2000,0.0001,0.1,0.01,0.1,0.01,0.0,184.0,7.4961042404174805,5.903433799743652,7.591764450073242,8.399444580078125,0.8695652173913043,0.21739130434782608,1.5926705598831177,-0.8076792359352112,8.242144584655762
2000,0.0001,0.1,0.01,0.1,0.01,0.01,184.0,7.718592166900635,5.903433799743652,7.782779693603516,8.399444580078125,0.9347826086956522,0.2391304347826087,1.8151589632034302,-0.6166638731956482,8.242144584655762
2000,0.0001,0.1,0.01,0.1,0.01,0.1,184.0,8.116026878356934,5.903433799743652,8.147587776184082,8.399444580078125,0.9945652173913043,0.29891304347826086,2.212592840194702,-0.25185638666152954,8.242144584655762
2000,0.0001,0.1,0.01,0.1,0.01,0.2,184.0,8.163536071777344,5.903433799743652,8.195775985717773,8.399444580078125,1.0,0.33695652173913043,2.2601022720336914,-0.20366838574409485,8.242144584655762
2000,0.0001,0.1,0.01,0.1,0.1,0.0,184.0,7.508617401123047,5.903433799743652,7.624414920806885,8.399444580078125,0.8695652173913043,0.2391304347826087,1.605183482170105,-0.7750296592712402,8.242144584655762
2000,0.0001,0.1,0.01,0.1,0.1,0.01,184.0,7.724814414978027,5.903433799743652,7.809063911437988,8.399444580078125,0.9402173913043478,0.23369565217391305,1.821380615234375,-0.5903797149658203,8.242144584655762
2000,0.0001,0.1,0.01,0.1,0.1,0.1,184.0,8.116950988769531,5.903433799743652,8.1707181930542,8.399444580078125,0.9945652173913043,0.32065217391304346,2.213517665863037,-0.2287255972623825,8.242144584655762
2000,0.0001,0.1,0.01,0.1,0.1,0.2,184.0,8.181497573852539,5.903433799743652,8.211030006408691,8.399444580078125,0.9945652173913043,0.34782608695652173,2.278064250946045,-0.18841351568698883,8.242144584655762
2000,0.0001,0.1,0.01,0.5,0.0,0.0,184.0,7.399545192718506,5.903433799743652,7.519138336181641,8.399444580078125,0.8478260869565217,0.21739130434782608,1.4961121082305908,-0.8803057670593262,8.242144584655762
2000,0.0001,0.1,0.01,0.5,0.0,0.01,184.0,7.54443883895874,5.903433799743652,7.7320356369018555,8.399444580078125,0.8858695652173914,0.2554347826086957,1.6410048007965088,-0.6674084067344666,8.242144584655762
2000,0.0001,0.1,0.01,0.5,0.0,0.1,184.0,8.14425277709961,5.903433799743652,8.196771621704102,8.399444580078125,0.9945652173913043,0.358695652173913,2.240818500518799,-0.20267267525196075,8.242144584655762
2000,0.0001,0.1,0.01,0.5,0.0,0.2,184.0,8.192420959472656,5.903433799743652,8.212837219238281,8.399444580078125,1.0,0.33695652173913043,2.288987159729004,-0.186606764793396,8.242144584655762
2000,0.0001,0.1,0.01,0.5,0.01,0.0,184.0,7.431225299835205,5.903433799743652,7.5688581466674805,8.399444580078125,0.8532608695652174,0.22282608695652173,1.52779221534729,-0.8305853009223938,8.242144584655762
2000,0.0001,0.1,0.01,0.5,0.01,0.01,184.0,7.652291297912598,5.903433799743652,7.812521934509277,8.399444580078125,0.9184782608695652,0.2717391304347826,1.7488582134246826,-0.5869220495223999,8.242144584655762
2000,0.0001,0.1,0.01,0.5,0.01,0.1,184.0,8.150065422058105,5.903433799743652,8.200374603271484,8.399444580078125,1.0,0.34782608695652173,2.2466320991516113,-0.1990695595741272,8.242144584655762
2000,0.0001,0.1,0.01,0.5,0.01,0.2,184.0,8.177687644958496,5.903433799743652,8.200441360473633,8.399444580078125,1.0,0.33152173913043476,2.2742536067962646,-0.1990027278661728,8.242144584655762
2000,0.0001,0.1,0.01,0.5,0.1,0.0,184.0,7.3628034591674805,5.903433799743652,7.504909992218018,8.399444580078125,0.8315217391304348,0.21739130434782608,1.4593701362609863,-0.8945339322090149,8.242144584655762
2000,0.0001,0.1,0.01,0.5,0.1,0.01,184.0,7.58074426651001,5.903433799743652,7.69921875,8.399444580078125,0.8913043478260869,0.2554347826086957,1.677310585975647,-0.7002252340316772,8.242144584655762
2000,0.0001,0.1,0.01,0.5,0.1,0.1,184.0,8.126593589782715,5.903433799743652,8.16259479522705,8.399444580078125,0.9891304347826086,0.358695652173913,2.2231597900390625,-0.2368491142988205,8.242144584655762
2000,0.0001,0.1,0.01,0.5,0.1,0.2,184.0,8.168843269348145,5.903433799743652,8.190893173217773,8.399444580078125,1.0,0.32608695652173914,2.265409469604492,-0.20855124294757843,8.242144584655762
2000,0.0001,0.1,0.01,1.0,0.0,0.0,184.0,7.37050199508667,5.903433799743652,7.4996137619018555,8.399444580078125,0.8260869565217391,0.23369565217391305,1.467067837715149,-0.8998300433158875,8.242144584655762
2000,0.0001,0.1,0.01,1.0,0.0,0.01,184.0,7.4805402755737305,5.903433799743652,7.633706569671631,8.399444580078125,0.8478260869565217,0.22826086956521738,1.577107310295105,-0.7657375931739807,8.242144584655762
2000,0.0001,0.1,0.01,1.0,0.0,0.1,184.0,8.118191719055176,5.903433799743652,8.171855926513672,8.399444580078125,1.0,0.31521739130434784,2.2147583961486816,-0.2275887429714203,8.242144584655762
2000,0.0001,0.1,0.01,1.0,0.0,0.2,184.0,8.18643569946289,5.903433799743652,8.209431648254395,8.399444580078125,1.0,0.32065217391304346,2.283001661300659,-0.19001229107379913,8.242144584655762
2000,0.0001,0.1,0.01,1.0,0.01,0.0,184.0,7.301947116851807,5.903433799743652,7.42258358001709,8.399444580078125,0.7989130434782609,0.21739130434782608,1.3985134363174438,-0.9768610596656799,8.242144584655762
2000,0.0001,0.1,0.01,1.0,0.01,0.01,184.0,7.569366455078125,5.903433799743652,7.661873817443848,8.399444580078125,0.8695652173913043,0.23369565217391305,1.6659326553344727,-0.7375701665878296,8.242144584655762
2000,0.0001,0.1,0.01,1.0,0.01,0.1,184.0,8.117177963256836,5.903433799743652,8.15364933013916,8.399444580078125,1.0,0.30434782608695654,2.213744878768921,-0.2457951307296753,8.242144584655762
2000,0.0001,0.1,0.01,1.0,0.01,0.2,184.0,8.19079303741455,5.903433799743652,8.222753524780273,8.399444580078125,1.0,0.32608695652173914,2.2873592376708984,-0.1766912192106247,8.242144584655762
2000,0.0001,0.1,0.01,1.0,0.1,0.0,184.0,7.262669563293457,5.903433799743652,7.413003444671631,8.399444580078125,0.7934782608695652,0.21739130434782608,1.3592356443405151,-0.9864407181739807,8.242144584655762
2000,0.0001,0.1,0.01,1.0,0.1,0.01,184.0,7.47611665725708,5.903433799743652,7.624048709869385,8.399444580078125,0.8641304347826086,0.22282608695652173,1.5726832151412964,-0.7753950953483582,8.242144584655762
2000,0.0001,0.1,0.01,1.0,0.1,0.1,184.0,8.095954895019531,5.903433799743652,8.14277172088623,8.399444580078125,0.9945652173913043,0.29891304347826086,2.192521333694458,-0.25667229294776917,8.242144584655762
2000,0.0001,0.1,0.01,1.0,0.1,0.2,184.0,8.175043106079102,5.903433799743652,8.197991371154785,8.399444580078125,1.0,0.32608695652173914,2.2716097831726074,-0.20145241916179657,8.242144584655762
2000,0.0001,0.1,0.1,0.0,0.0,0.0,184.0,7.52178955078125,5.903433799743652,7.669548988342285,8.399444580078125,0.8804347826086957,0.23369565217391305,1.6183561086654663,-0.7298951148986816,8.242144584655762
2000,0.0001,0.1,0.1,0.0,0.0,0.01,184.0,7.691986083984375,5.903433799743652,7.7546916007995605,8.399444580078125,0.907608695652174,0.24456521739130435,1.788552165031433,-0.6447521448135376,8.242144584655762
2000,0.0001,0.1,0.1,0.0,0.0,0.1,184.0,8.0820951461792,5.903433799743652,8.114825248718262,8.399444580078125,0.9945652173913043,0.32608695652173914,2.1786611080169678,-0.28461799025535583,8.242144584655762
2000,0.0001,0.1,0.1,0.0,0.0,0.2,184.0,8.151161193847656,5.903433799743652,8.179240226745605,8.399444580078125,1.0,0.32608695652173914,2.247727155685425,-0.22020329535007477,8.242144584655762
2000,0.0001,0.1,0.1,0.0,0.01,0.0,184.0,7.464575290679932,5.903433799743652,7.6131978034973145,8.399444580078125,0.8532608695652174,0.20652173913043478,1.5611412525177002,-0.7862465977668762,8.242144584655762
2000,0.0001,0.1,0.1,0.0,0.01,0.01,184.0,7.66490364074707,5.903433799743652,7.78210973739624,8.399444580078125,0.8967391304347826,0.24456521739130435,1.761470079421997,-0.6173343062400818,8.242144584655762
2000,0.0001,0.1,0.1,0.0,0.01,0.1,184.0,8.098204612731934,5.903433799743652,8.131573677062988,8.399444580078125,0.9945652173913043,0.32065217391304346,2.1947708129882812,-0.26787081360816956,8.242144584655762
2000,0.0001,0.1,0.1,0.0,0.01,0.2,184.0,8.175002098083496,5.903433799743652,8.206640243530273,8.399444580078125,1.0,0.33695652173913043,2.27156925201416,-0.19280380010604858,8.242144584655762
2000,0.0001,0.1,0.1,0.0,0.1,0.0,184.0,7.516204357147217,5.903433799743652,7.675396919250488,8.399444580078125,0.8858695652173914,0.22282608695652173,1.6127705574035645,-0.7240471243858337,8.242144584655762
2000,0.0001,0.1,0.1,0.0,0.1,0.01,184.0,7.701126575469971,5.903433799743652,7.769468784332275,8.399444580078125,0.907608695652174,0.23369565217391305,1.7976926565170288,-0.6299759149551392,8.242144584655762
2000,0.0001,0.1,0.1,0.0,0.1,0.1,184.0,8.099222183227539,5.903433799743652,8.12822437286377,8.399444580078125,0.9945652173913043,0.31521739130434784,2.195788621902466,-0.2712198793888092,8.242144584655762
2000,0.0001,0.1,0.1,0.0,0.1,0.2,184.0,8.179779052734375,5.903433799743652,8.207425117492676,8.399444580078125,1.0,0.33152173913043476,2.2763450145721436,-0.19201883673667908,8.242144584655762
2000,0.0001,0.1,0.1,0.1,0.0,0.0,184.0,7.47212028503418,5.903433799743652,7.646652698516846,8.399444580078125,0.8695652173913043,0.22282608695652173,1.5686867237091064,-0.7527912259101868,8.242144584655762
2000,0.0001,0.1,0.1,0.1,0.0,0.01,184.0,7.701154708862305,5.903433799743652,7.798588752746582,8.399444580078125,0.907608695652174,0.22826086956521738,1.7977209091186523,-0.6008555293083191,8.242144584655762
2000,0.0001,0.1,0.1,0.1,0.0,0.1,184.0,8.084275245666504,5.903433799743652,8.109840393066406,8.399444580078125,0.9945652173913043,0.28804347826086957,2.1808409690856934,-0.2896031439304352,8.242144584655762
2000,0.0001,0.1,0.1,0.1,0.0,0.2,184.0,8.191254615783691,5.903433799743652,8.21564769744873,8.399444580078125,1.0,0.3532608695652174,2.2878215312957764,-0.18379630148410797,8.242144584655762
2000,0.0001,0.1,0.1,0.1,0.01,0.0,184.0,7.375232696533203,5.903433799743652,7.549365520477295,8.399444580078125,0.8478260869565217,0.1956521739130435,1.4717994928359985,-0.8500785231590271,8.242144584655762
2000,0.0001,0.1,0.1,0.1,0.01,0.01,184.0,7.592861175537109,5.903433799743652,7.72236442565918,8.399444580078125,0.8804347826086957,0.24456521739130435,1.6894280910491943,-0.6770793199539185,8.242144584655762
2000,0.0001,0.1,0.1,0.1,0.01,0.1,184.0,8.078720092773438,5.903433799743652,8.117498397827148,8.399444580078125,0.9945652173913043,0.30978260869565216,2.175286293029785,-0.2819463014602661,8.242144584655762
2000,0.0001,0.1,0.1,0.1,0.01,0.2,184.0,8.181432723999023,5.903433799743652,8.211337089538574,8.399444580078125,1.0,0.3423913043478261,2.277998924255371,-0.1881072074174881,8.242144584655762
2000,0.0001,0.1,0.1,0.1,0.1,0.0,184.0,7.497531890869141,5.903433799743652,7.636367321014404,8.399444580078125,0.8913043478260869,0.20652173913043478,1.5940983295440674,-0.7630767822265625,8.242144584655762
2000,0.0001,0.1,0.1,0.1,0.1,0.01,184.0,7.7179460525512695,5.903433799743652,7.8056321144104,8.399444580078125,0.9021739130434783,0.2554347826086957,1.8145121335983276,-0.5938123464584351,8.242144584655762
2000,0.0001,0.1,0.1,0.1,0.1,0.1,184.0,8.079275131225586,5.903433799743652,8.119085311889648,8.399444580078125,0.9945652173913043,0.31521739130434784,2.1758415699005127,-0.28035968542099,8.242144584655762
2000,0.0001,0.1,0.1,0.1,0.1,0.2,184.0,8.194818496704102,5.903433799743652,8.21267032623291,8.399444580078125,1.0,0.3423913043478261,2.2913856506347656,-0.18677420914173126,8.242144584655762
2000,0.0001,0.1,0.1,0.5,0.0,0.0,184.0,7.34694766998291,5.903433799743652,7.456256866455078,8.399444580078125,0.842391304347826,0.21195652173913043,1.4435139894485474,-0.94318687915802,8.242144584655762
2000,0.0001,0.1,0.1,0.5,0.0,0.01,184.0,7.5394697189331055,5.903433799743652,7.70374870300293,8.399444580078125,0.8858695652173914,0.22826086956521738,1.6360359191894531,-0.6956948637962341,8.242144584655762
2000,0.0001,0.1,0.1,0.5,0.0,0.1,184.0,8.094476699829102,5.903433799743652,8.11484146118164,8.399444580078125,0.9945652173913043,0.31521739130434784,2.1910433769226074,-0.2846023142337799,8.242144584655762
2000,0.0001,0.1,0.1,0.5,0.0,0.2,184.0,8.179679870605469,5.903433799743652,8.195448875427246,8.399444580078125,1.0,0.33152173913043476,2.276247024536133,-0.20399479568004608,8.242144584655762
2000,0.0001,0.1,0.1,0.5,0.01,0.0,184.0,7.394626617431641,5.903433799743652,7.565185546875,8.399444580078125,0.8478260869565217,0.21195652173913043,1.491193413734436,-0.8342585563659668,8.242144584655762
2000,0.0001,0.1,0.1,0.5,0.01,0.01,184.0,7.60388708114624,5.903433799743652,7.749262809753418,8.399444580078125,0.9021739130434783,0.2717391304347826,1.700453758239746,-0.650180995464325,8.242144584655762
2000,0.0001,0.1,0.1,0.5,0.01,0.1,184.0,8.064181327819824,5.903433799743652,8.118176460266113,8.399444580078125,0.9945652173913043,0.33152173913043476,2.1607472896575928,-0.2812674045562744,8.242144584655762
2000,0.0001,0.1,0.1,0.5,0.01,0.2,184.0,8.186363220214844,5.903433799743652,8.203805923461914,8.399444580078125,1.0,0.33152173913043476,2.2829298973083496,-0.1956387460231781,8.242144584655762
2000,0.0001,0.1,0.1,0.5,0.1,0.0,184.0,7.382485389709473,5.903433799743652,7.542743682861328,8.399444580078125,0.8478260869565217,0.21739130434782608,1.479052186012268,-0.8567003011703491,8.242144584655762
2000,0.0001,0.1,0.1,0.5,0.1,0.01,184.0,7.61673641204834,5.903433799743652,7.759387493133545,8.399444580078125,0.907608695652174,0.23369565217391305,1.7133018970489502,-0.6400567889213562,8.242144584655762
2000,0.0001,0.1,0.1,0.5,0.1,0.1,184.0,8.084013938903809,5.903433799743652,8.117203712463379,8.399444580078125,0.9945652173913043,0.30978260869565216,2.180579900741577,-0.28224116563796997,8.242144584655762
2000,0.0001,0.1,0.1,0.5,0.1,0.2,184.0,8.180286407470703,5.903433799743652,8.209643363952637,8.399444580078125,1.0,0.33152173913043476,2.276853084564209,-0.18980024755001068,8.242144584655762
2000,0.0001,0.1,0.1,1.0,0.0,0.0,184.0,7.376148223876953,5.903433799743652,7.512241363525391,8.399444580078125,0.8369565217391305,0.2391304347826087,1.4727146625518799,-0.8872023820877075,8.242144584655762
2000,0.0001,0.1,0.1,1.0,0.0,0.01,184.0,7.5226359367370605,5.903433799743652,7.670586585998535,8.399444580078125,0.8804347826086957,0.2826086956521739,1.6192026138305664,-0.7288578152656555,8.242144584655762
2000,0.0001,0.1,0.1,1.0,0.0,0.1,184.0,8.071000099182129,5.903433799743652,8.111056327819824,8.399444580078125,0.9891304347826086,0.30978260869565216,2.1675662994384766,-0.2883879542350769,8.242144584655762
2000,0.0001,0.1,0.1,1.0,0.0,0.2,184.0,8.148985862731934,5.903433799743652,8.178664207458496,8.399444580078125,1.0,0.32065217391304346,2.2455527782440186,-0.22077974677085876,8.242144584655762
2000,0.0001,0.1,0.1,1.0,0.01,0.0,184.0,7.385117053985596,5.903433799743652,7.5180158615112305,8.399444580078125,0.8478260869565217,0.2554347826086957,1.481683611869812,-0.8814282417297363,8.242144584655762
2000,0.0001,0.1,0.1,1.0,0.01,0.01,184.0,7.571356773376465,5.903433799743652,7.708237171173096,8.399444580078125,0.875,0.29347826086956524,1.6679234504699707,-0.6912069916725159,8.242144584655762
2000,0.0001,0.1,0.1,1.0,0.01,0.1,184.0,8.072107315063477,5.903433799743652,8.107601165771484,8.399444580078125,0.9891304347826086,0.30434782608695654,2.1686742305755615,-0.2918427586555481,8.242144584655762
2000,0.0001,0.1,0.1,1.0,0.01,0.2,184.0,8.162066459655762,5.903433799743652,8.194563865661621,8.399444580078125,1.0,0.32608695652173914,2.2586331367492676,-0.20488066971302032,8.242144584655762
2000,0.0001,0.1,0.1,1.0,0.1,0.0,184.0,7.455069065093994,5.903433799743652,7.54142951965332,8.399444580078125,0.8586956521739131,0.24456521739130435,1.5516349077224731,-0.8580140471458435,8.242144584655762
2000,0.0001,0.1,0.1,1.0,0.1,0.01,184.0,7.556289196014404,5.903433799743652,7.700166702270508,8.399444580078125,0.8858695652173914,0.2554347826086957,1.652855634689331,-0.699277400970459,8.242144584655762
2000,0.0001,0.1,0.1,1.0,0.1,0.1,184.0,8.078015327453613,5.903433799743652,8.104784965515137,8.399444580078125,0.9945652173913043,0.30978260869565216,2.174581527709961,-0.2946591377258301,8.242144584655762
2000,0.0001,0.1,0.1,1.0,0.1,0.2,184.0,8.160444259643555,5.903433799743652,8.185661315917969,8.399444580078125,1.0,0.3423913043478261,2.2570102214813232,-0.21378307044506073,8.242144584655762
2000,0.0001,0.1,0.5,0.0,0.0,0.0,184.0,7.141879081726074,5.903433799743652,7.320218086242676,8.399444580078125,0.8043478260869565,0.19021739130434784,1.2384456396102905,-1.0792254209518433,8.242144584655762
2000,0.0001,0.1,0.5,0.0,0.0,0.01,184.0,7.488983631134033,5.903433799743652,7.65970516204834,8.399444580078125,0.8913043478260869,0.21195652173913043,1.5855499505996704,-0.7397392392158508,8.242144584655762
2000,0.0001,0.1,0.5,0.0,0.0,0.1,184.0,8.028183937072754,5.903433799743652,8.082433700561523,8.399444580078125,0.9945652173913043,0.28804347826086957,2.1247501373291016,-0.31701037287712097,8.242144584655762
2000,0.0001,0.1,0.5,0.0,0.0,0.2,184.0,8.103493690490723,5.903433799743652,8.118536949157715,8.399444580078125,1.0,0.29891304347826086,2.2000598907470703,-0.2809069752693176,8.242144584655762
2000,0.0001,0.1,0.5,0.0,0.01,0.0,184.0,7.2406907081604,5.903433799743652,7.431209564208984,8.399444580078125,0.8369565217391305,0.18478260869565216,1.3372572660446167,-0.9682345390319824,8.242144584655762
2000,0.0001,0.1,0.5,0.0,0.01,0.01,184.0,7.422014236450195,5.903433799743652,7.565054416656494,8.399444580078125,0.8695652173913043,0.22282608695652173,1.5185801982879639,-0.8343895673751831,8.242144584655762
2000,0.0001,0.1,0.5,0.0,0.01,0.1,184.0,8.01942253112793,5.903433799743652,8.070688247680664,8.399444580078125,0.9945652173913043,0.29347826086956524,2.1159894466400146,-0.32875582575798035,8.242144584655762
2000,0.0001,0.1,0.5,0.0,0.01,0.2,184.0,8.1233491897583,5.903433799743652,8.15085506439209,8.399444580078125,1.0,0.31521739130434784,2.2199158668518066,-0.2485884726047516,8.242144584655762
2000,0.0001,0.1,0.5,0.0,0.1,0.0,184.0,7.287563323974609,5.903433799743652,7.5165863037109375,8.399444580078125,0.842391304347826,0.1956521739130435,1.384129285812378,-0.8828582763671875,8.242144584655762
2000,0.0001,0.1,0.5,0.0,0.1,0.01,184.0,7.435304164886475,5.903433799743652,7.580947399139404,8.399444580078125,0.8913043478260869,0.21195652173913043,1.5318701267242432,-0.8184965252876282,8.242144584655762
2000,0.0001,0.1,0.5,0.0,0.1,0.1,184.0,8.008628845214844,5.903433799743652,8.049118995666504,8.399444580078125,0.9945652173913043,0.2826086956521739,2.105194330215454,-0.35032546520233154,8.242144584655762
2000,0.0001,0.1,0.5,0.0,0.1,0.2,184.0,8.129487991333008,5.903433799743652,8.15490436553955,8.399444580078125,1.0,0.30434782608695654,2.2260546684265137,-0.24453958868980408,8.242144584655762
2000,0.0001,0.1,0.5,0.1,0.0,0.0,184.0,7.238988399505615,5.903433799743652,7.3762664794921875,8.399444580078125,0.8260869565217391,0.16847826086956522,1.335555076599121,-1.0231776237487793,8.242144584655762
2000,0.0001,0.1,0.5,0.1,0.0,0.01,184.0,7.524692535400391,5.903433799743652,7.6676130294799805,8.399444580078125,0.907608695652174,0.22826086956521738,1.6212587356567383,-0.7318307757377625,8.242144584655762
2000,0.0001,0.1,0.5,0.1,0.0,0.1,184.0,8.001899719238281,5.903433799743652,8.052338600158691,8.399444580078125,0.9945652173913043,0.28804347826086957,2.098466396331787,-0.3471050560474396,8.242144584655762
2000,0.0001,0.1,0.5,0.1,0.0,0.2,184.0,8.093707084655762,5.903433799743652,8.143876075744629,8.399444580078125,1.0,0.29891304347826086,2.1902730464935303,-0.25556841492652893,8.242144584655762
2000,0.0001,0.1,0.5,0.1,0.01,0.0,184.0,7.241805553436279,5.903433799743652,7.382595539093018,8.399444580078125,0.8586956521739131,0.1956521739130435,1.338371753692627,-1.016849160194397,8.242144584655762
2000,0.0001,0.1,0.5,0.1,0.01,0.01,184.0,7.503692150115967,5.903433799743652,7.687564849853516,8.399444580078125,0.8967391304347826,0.22826086956521738,1.6002583503723145,-0.711879551410675,8.242144584655762
2000,0.0001,0.1,0.5,0.1,0.01,0.1,184.0,8.01187515258789,5.903433799743652,8.07450008392334,8.399444580078125,0.9945652173913043,0.28804347826086957,2.108441114425659,-0.32494425773620605,8.242144584655762
2000,0.0001,0.1,0.5,0.1,0.01,0.2,184.0,8.104454040527344,5.903433799743652,8.129317283630371,8.399444580078125,1.0,0.29891304347826086,2.2010207176208496,-0.2701261043548584,8.242144584655762
2000,0.0001,0.1,0.5,0.1,0.1,0.0,184.0,7.213709354400635,5.903433799743652,7.495710372924805,8.399444580078125,0.8369565217391305,0.17391304347826086,1.310275673866272,-0.9037339687347412,8.242144584655762
2000,0.0001,0.1,0.5,0.1,0.1,0.01,184.0,7.4953999519348145,5.903433799743652,7.7040486335754395,8.399444580078125,0.9130434782608695,0.23369565217391305,1.591966986656189,-0.6953959465026855,8.242144584655762
2000,0.0001,0.1,0.5,0.1,0.1,0.1,184.0,8.039156913757324,5.903433799743652,8.091202735900879,8.399444580078125,0.9945652173913043,0.28804347826086957,2.1357223987579346,-0.3082420825958252,8.242144584655762
2000,0.0001,0.1,0.5,0.1,0.1,0.2,184.0,8.10068416595459,5.903433799743652,8.13062572479248,8.399444580078125,1.0,0.29891304347826086,2.197251081466675,-0.2688181400299072,8.242144584655762
2000,0.0001,0.1,0.5,0.5,0.0,0.0,184.0,7.111608028411865,5.903433799743652,7.345432281494141,8.399444580078125,0.782608695652174,0.16304347826086957,1.2081753015518188,-1.0540118217468262,8.242144584655762
2000,0.0001,0.1,0.5,0.5,0.0,0.01,184.0,7.306598663330078,5.903433799743652,7.5402512550354,8.399444580078125,0.8369565217391305,0.20108695652173914,1.4031651020050049,-0.859192967414856,8.242144584655762
2000,0.0001,0.1,0.5,0.5,0.0,0.1,184.0,7.989842891693115,5.903433799743652,8.049642562866211,8.399444580078125,0.9836956521739131,0.27717391304347827,2.0864100456237793,-0.34980127215385437,8.242144584655762
2000,0.0001,0.1,0.5,0.5,0.0,0.2,184.0,8.114463806152344,5.903433799743652,8.14111328125,8.399444580078125,1.0,0.30434782608695654,2.2110300064086914,-0.2583302855491638,8.242144584655762
2000,0.0001,0.1,0.5,0.5,0.01,0.0,184.0,6.9983930587768555,5.903433799743652,7.310301303863525,8.399444580078125,0.7663043478260869,0.15217391304347827,1.0949597358703613,-1.0891424417495728,8.242144584655762
2000,0.0001,0.1,0.5,0.5,0.01,0.01,184.0,7.38323450088501,5.903433799743652,7.559789180755615,8.399444580078125,0.875,0.19021739130434784,1.4798007011413574,-0.8396549820899963,8.242144584655762
2000,0.0001,0.1,0.5,0.5,0.01,0.1,184.0,8.024605751037598,5.903433799743652,8.068482398986816,8.399444580078125,0.9945652173913043,0.266304347826087,2.1211724281311035,-0.33096182346343994,8.242144584655762
2000,0.0001,0.1,0.5,0.5,0.01,0.2,184.0,8.113266944885254,5.903433799743652,8.132925987243652,8.399444580078125,1.0,0.31521739130434784,2.2098331451416016,-0.26651865243911743,8.242144584655762
2000,0.0001,0.1,0.5,0.5,0.1,0.0,184.0,7.126986980438232,5.903433799743652,7.3226423263549805,8.399444580078125,0.8043478260869565,0.16847826086956522,1.2235532999038696,-1.0768016576766968,8.242144584655762
2000,0.0001,0.1,0.5,0.5,0.1,0.01,184.0,7.412346839904785,5.903433799743652,7.611436367034912,8.399444580078125,0.875,0.22282608695652173,1.5089137554168701,-0.7880081534385681,8.242144584655762
2000,0.0001,0.1,0.5,0.5,0.1,0.1,184.0,7.9978132247924805,5.903433799743652,8.039892196655273,8.399444580078125,0.9945652173913043,0.2717391304347826,2.0943801403045654,-0.35955241322517395,8.242144584655762
2000,0.0001,0.1,0.5,0.5,0.1,0.2,184.0,8.113542556762695,5.903433799743652,8.148401260375977,8.399444580078125,1.0,0.32608695652173914,2.210108995437622,-0.2510423958301544,8.242144584655762
2000,0.0001,0.1,0.5,1.0,0.0,0.0,184.0,7.059858798980713,5.903433799743652,7.305924892425537,8.399444580078125,0.7880434782608695,0.14673913043478262,1.1564253568649292,-1.0935192108154297,8.242144584655762
2000,0.0001,0.1,0.5,1.0,0.0,0.01,184.0,7.323965549468994,5.903433799743652,7.481738567352295,8.399444580078125,0.8695652173913043,0.19021739130434784,1.4205312728881836,-0.9177058935165405,8.242144584655762
2000,0.0001,0.1,0.5,1.0,0.0,0.1,184.0,7.9979963302612305,5.903433799743652,8.029773712158203,8.399444580078125,0.9945652173913043,0.28804347826086957,2.0945632457733154,-0.3696705400943756,8.242144584655762
2000,0.0001,0.1,0.5,1.0,0.0,0.2,184.0,8.12320327758789,5.903433799743652,8.140604972839355,8.399444580078125,1.0,0.29347826086956524,2.2197704315185547,-0.25883930921554565,8.242144584655762
2000,0.0001,0.1,0.5,1.0,0.01,0.0,184.0,7.051062107086182,5.903433799743652,7.268520832061768,8.399444580078125,0.8097826086956522,0.15760869565217392,1.1476284265518188,-1.1309231519699097,8.242144584655762
2000,0.0001,0.1,0.5,1.0,0.01,0.01,184.0,7.2740159034729,5.903433799743652,7.4341535568237305,8.399444580078125,0.842391304347826,0.19021739130434784,1.3705824613571167,-0.9652907252311707,8.242144584655762
2000,0.0001,0.1,0.5,1.0,0.01,0.1,184.0,8.019073486328125,5.903433799743652,8.058403015136719,8.399444580078125,0.9945652173913043,0.2717391304347826,2.1156394481658936,-0.34104159474372864,8.242144584655762
2000,0.0001,0.1,0.5,1.0,0.01,0.2,184.0,8.109297752380371,5.903433799743652,8.134916305541992,8.399444580078125,0.9945652173913043,0.29347826086956524,2.205864429473877,-0.2645277678966522,8.242144584655762
2000,0.0001,0.1,0.5,1.0,0.1,0.0,184.0,7.041845798492432,5.903433799743652,7.275076389312744,8.399444580078125,0.782608695652174,0.16847826086956522,1.1384117603302002,-1.12436842918396,8.242144584655762
2000,0.0001,0.1,0.5,1.0,0.1,0.01,184.0,7.228084564208984,5.903433799743652,7.3905534744262695,8.399444580078125,0.8478260869565217,0.1956521739130435,1.3246511220932007,-1.0088907480239868,8.242144584655762
2000,0.0001,0.1,0.5,1.0,0.1,0.1,184.0,8.01697826385498,5.903433799743652,8.043437004089355,8.399444580078125,0.9945652173913043,0.2826086956521739,2.1135451793670654,-0.3560066223144531,8.242144584655762
2000,0.0001,0.1,0.5,1.0,0.1,0.2,184.0,8.099383354187012,5.903433799743652,8.130097389221191,8.399444580078125,1.0,0.2826086956521739,2.1959502696990967,-0.26934605836868286,8.242144584655762
