epochs,lr,lambda_kld,lambda_reg,lambda_pair,lambda_smooth,lambda_infonce,num_pairs,tv_mean,tv_median,spearman_mean,spearman_median,unique_mean,unique_median
1000,5e-05,0.0,0.01,0.0,0.01,0.01,200.0,2.7962,2.7153,-0.0299,-0.3091,7.12,7.0
1000,5e-05,0.0,0.01,0.0,0.01,0.1,200.0,2.1161,1.7991,-0.1197,-0.3955,7.98,8.0
1000,5e-05,0.0,0.01,0.0,0.01,0.2,200.0,1.6882,1.4084,-0.1691,-0.6273,8.01,8.0
1000,5e-05,0.0,0.01,0.0,0.1,0.0,200.0,2.8817,2.6518,-0.0412,-0.1318,7.285,7.0
1000,5e-05,0.0,0.01,0.0,0.1,0.01,200.0,2.8756,2.6423,0.0183,0.0091,7.545,8.0
1000,5e-05,0.0,0.01,0.0,0.1,0.1,200.0,1.9672,1.73,-0.1135,-0.6273,8.175,8.0
1000,5e-05,0.0,0.01,0.0,0.1,0.2,200.0,1.7902,1.5553,-0.1005,-0.3909,7.635,8.0
1000,5e-05,0.0,0.01,0.1,0.0,0.0,200.0,3.2216,3.3185,0.0808,0.1818,7.66,8.0
1000,5e-05,0.0,0.01,0.1,0.0,0.01,200.0,2.8614,3.0198,0.0519,0.0818,7.17,7.0
1000,5e-05,0.0,0.01,0.1,0.0,0.1,129.0,2.2973,2.1531,-0.0264,0.0,8.0155,8.0
1000,5e-05,0.0,0.01,0.1,0.0,0.2,173.0,2.1364,1.7601,0.1664,0.7273,8.2775,8.0
1000,5e-05,0.0,0.01,0.1,0.01,0.0,200.0,3.0322,2.9896,0.0495,0.1091,7.725,8.0
1000,5e-05,0.0,0.01,0.1,0.01,0.01,200.0,2.8625,3.0718,0.0147,-0.0364,7.315,7.0
1000,5e-05,0.0,0.01,0.1,0.01,0.1,149.0,2.2162,2.1847,-0.022,0.0364,7.9329,8.0
1000,5e-05,0.0,0.01,0.1,0.01,0.2,137.0,2.0775,1.8998,0.1183,0.0455,7.6934,8.0
1000,5e-05,0.0,0.01,0.1,0.1,0.0,200.0,2.9519,3.0189,0.0658,0.2091,7.505,7.0
1000,5e-05,0.0,0.01,0.1,0.1,0.01,200.0,2.9841,3.0927,0.1046,0.1955,7.48,7.0
1000,5e-05,0.0,0.01,0.1,0.1,0.1,120.0,2.1578,2.0322,-0.0778,0.0,7.85,8.0
1000,5e-05,0.0,0.01,0.1,0.1,0.2,188.0,1.9791,1.8881,0.0681,0.0091,8.0691,8.0
1000,5e-05,0.0,0.01,0.5,0.0,0.0,200.0,2.9883,2.7768,0.0441,0.0727,6.92,7.0
1000,5e-05,0.0,0.01,0.5,0.0,0.01,200.0,2.455,2.2878,0.0632,0.1045,6.74,7.0
1000,5e-05,0.0,0.01,0.5,0.0,0.1,11.0,3.2318,3.2245,0.557,0.2909,9.5455,10.0
1000,5e-05,0.0,0.01,0.5,0.0,0.2,64.0,1.8932,1.5194,0.3408,0.8818,8.5625,8.0
1000,5e-05,0.0,0.01,0.5,0.01,0.0,200.0,2.9916,3.0153,-0.0114,0.0045,7.24,7.0
1000,5e-05,0.0,0.01,0.5,0.01,0.01,200.0,2.4282,2.1677,0.0668,0.2182,6.84,7.0
1000,5e-05,0.0,0.01,0.5,0.01,0.1,4.0,2.9277,2.9277,0.4909,0.4909,9.0,9.0
1000,5e-05,0.0,0.01,0.5,0.01,0.2,47.0,1.8034,1.2571,0.2783,0.9,7.9787,8.0
1000,5e-05,0.0,0.01,0.5,0.1,0.0,200.0,2.9014,2.8901,0.0036,0.0773,7.06,7.0
1000,5e-05,0.0,0.01,0.5,0.1,0.01,200.0,2.3624,2.0848,0.0799,0.0636,6.87,7.0
1000,5e-05,0.0,0.01,0.5,0.1,0.1,11.0,3.1217,3.2665,0.6975,0.9909,9.0909,10.0
1000,5e-05,0.0,0.01,0.5,0.1,0.2,70.0,1.8581,1.3296,0.0817,0.4273,8.2571,8.0
1000,5e-05,0.0,0.01,1.0,0.0,0.0,200.0,2.3036,2.1546,0.0275,0.0591,7.39,7.0
1000,5e-05,0.0,0.01,1.0,0.0,0.01,200.0,2.1991,1.9172,0.1963,0.4636,7.065,7.0
1000,5e-05,0.0,0.01,1.0,0.0,0.1,22.0,3.6858,3.2308,0.264,0.95,9.5909,10.0
1000,5e-05,0.0,0.01,1.0,0.0,0.2,8.0,1.9842,2.4175,0.2773,1.0,8.875,10.0
1000,5e-05,0.0,0.01,1.0,0.01,0.0,200.0,2.2699,1.9775,0.0162,-0.0636,7.155,7.0
1000,5e-05,0.0,0.01,1.0,0.01,0.01,200.0,2.132,1.7058,0.144,0.45,6.865,7.0
1000,5e-05,0.0,0.01,1.0,0.01,0.1,5.0,3.4158,3.4214,0.9873,0.9909,9.4,9.0
1000,5e-05,0.0,0.01,1.0,0.01,0.2,5.0,1.8621,1.1901,-0.1873,-0.9727,7.8,7.0
1000,5e-05,0.0,0.01,1.0,0.1,0.0,200.0,2.4513,2.3131,-0.0299,-0.2136,7.285,7.0
1000,5e-05,0.0,0.01,1.0,0.1,0.01,200.0,2.3537,1.8905,0.1705,0.4318,7.14,7.0
1000,5e-05,0.0,0.01,1.0,0.1,0.1,16.0,3.6503,3.3748,-0.0011,-0.0045,9.3125,9.0
1000,5e-05,0.0,0.01,1.0,0.1,0.2,6.0,3.2112,3.2183,1.0,1.0,10.1667,10.0
1000,5e-05,0.0,0.1,0.0,0.0,0.0,200.0,2.3359,2.262,0.1265,0.1909,7.25,7.0
1000,5e-05,0.0,0.1,0.0,0.0,0.01,200.0,2.0391,1.8089,0.0986,0.2909,7.3,7.0
1000,5e-05,0.0,0.1,0.0,0.0,0.1,5.0,3.3969,3.3752,1.0,1.0,10.4,10.0
1000,5e-05,0.0,0.1,0.0,0.0,0.2,56.0,2.4787,2.5236,0.3216,0.9909,8.7679,9.0
1000,5e-05,0.0,0.1,0.0,0.01,0.0,200.0,2.0876,1.9338,0.1363,0.2,7.305,7.0
1000,5e-05,0.0,0.1,0.0,0.01,0.01,200.0,1.8974,1.7243,0.1197,0.3318,6.86,7.0
1000,5e-05,0.0,0.1,0.0,0.01,0.1,9.0,3.4138,3.4296,0.7778,1.0,10.4444,11.0
1000,5e-05,0.0,0.1,0.0,0.01,0.2,47.0,2.469,2.3888,0.2814,0.9909,9.2553,9.0
1000,5e-05,0.0,0.1,0.0,0.1,0.0,200.0,2.2318,2.2089,0.1741,0.3045,7.145,7.0
1000,5e-05,0.0,0.1,0.0,0.1,0.01,200.0,2.0961,1.895,0.0814,0.1318,6.875,7.0
1000,5e-05,0.0,0.1,0.0,0.1,0.1,9.0,3.4138,3.4296,0.7778,1.0,9.8889,10.0
1000,5e-05,0.0,0.1,0.0,0.1,0.2,39.0,2.6578,3.09,0.6373,1.0,9.5385,10.0
1000,5e-05,0.0,0.1,0.1,0.0,0.0,200.0,2.1984,2.0736,0.1204,0.1909,7.075,7.0
1000,5e-05,0.0,0.1,0.1,0.0,0.01,200.0,2.1533,2.0883,0.1301,0.4,7.325,7.0
1000,5e-05,0.0,0.1,0.1,0.0,0.1,3.0,3.5424,3.5424,1.0,1.0,11.0,11.0
1000,5e-05,0.0,0.1,0.1,0.0,0.2,47.0,2.5438,2.2002,0.2795,1.0,9.8723,10.0
1000,5e-05,0.0,0.1,0.1,0.01,0.0,200.0,2.3059,2.179,0.1381,0.2045,7.375,7.0
1000,5e-05,0.0,0.1,0.1,0.01,0.01,200.0,2.1014,2.0013,0.1859,0.3409,7.27,7.0
1000,5e-05,0.0,0.1,0.1,0.01,0.1,5.0,3.1597,3.5424,0.9855,1.0,9.2,10.0
1000,5e-05,0.0,0.1,0.1,0.01,0.2,42.0,2.7109,3.0902,0.1916,0.9727,9.5476,9.0
1000,5e-05,0.0,0.1,0.1,0.1,0.0,200.0,2.3415,2.2053,0.1372,0.1864,7.335,7.0
1000,5e-05,0.0,0.1,0.1,0.1,0.01,200.0,2.0558,1.9326,0.1188,0.3545,7.245,7.0
1000,5e-05,0.0,0.1,0.1,0.1,0.1,5.0,2.707,3.5424,0.8582,1.0,9.0,11.0
1000,5e-05,0.0,0.1,0.1,0.1,0.2,26.0,2.9459,3.177,0.4615,1.0,10.2692,10.0
1000,5e-05,0.0,0.1,0.5,0.0,0.0,200.0,2.21,2.1451,0.1319,0.4045,6.925,7.0
1000,5e-05,0.0,0.1,0.5,0.0,0.01,200.0,2.022,1.8176,0.1445,0.2909,6.885,7.0
1000,5e-05,0.0,0.1,0.5,0.0,0.1,,,,,,,
1000,5e-05,0.0,0.1,0.5,0.0,0.2,56.0,2.5775,2.6508,0.2912,0.9864,8.75,9.0
1000,5e-05,0.0,0.1,0.5,0.01,0.0,200.0,2.2373,2.0448,0.1364,0.4045,6.875,7.0
1000,5e-05,0.0,0.1,0.5,0.01,0.01,200.0,1.9518,1.7446,0.1783,0.5182,6.855,7.0
1000,5e-05,0.0,0.1,0.5,0.01,0.1,,,,,,,
1000,5e-05,0.0,0.1,0.5,0.01,0.2,51.0,2.4415,2.33,0.1911,1.0,8.7647,9.0
1000,5e-05,0.0,0.1,0.5,0.1,0.0,200.0,2.2883,2.2834,0.1437,0.2727,7.17,7.0
1000,5e-05,0.0,0.1,0.5,0.1,0.01,200.0,1.9819,1.849,0.1285,0.2045,6.745,7.0
1000,5e-05,0.0,0.1,0.5,0.1,0.1,3.0,3.3752,3.3752,1.0,1.0,8.0,8.0
1000,5e-05,0.0,0.1,0.5,0.1,0.2,53.0,2.3815,2.4535,0.1489,0.9727,8.8113,9.0
1000,5e-05,0.0,0.1,1.0,0.0,0.0,200.0,2.2127,2.1179,0.1705,0.4818,7.22,7.0
1000,5e-05,0.0,0.1,1.0,0.0,0.01,200.0,1.9435,1.8326,0.2016,0.4818,6.925,7.0
1000,5e-05,0.0,0.1,1.0,0.0,0.1,10.0,2.7714,3.5424,0.7127,0.9864,9.7,9.5
1000,5e-05,0.0,0.1,1.0,0.0,0.2,54.0,2.6259,2.9014,0.2426,0.9682,9.2963,9.0
1000,5e-05,0.0,0.1,1.0,0.01,0.0,200.0,2.1807,2.0036,0.1589,0.4955,7.225,7.0
1000,5e-05,0.0,0.1,1.0,0.01,0.01,200.0,2.0223,1.9392,0.0959,0.0955,6.73,7.0
1000,5e-05,0.0,0.1,1.0,0.01,0.1,8.0,3.504,3.6074,0.7443,1.0,9.375,9.0
1000,5e-05,0.0,0.1,1.0,0.01,0.2,36.0,2.755,3.1427,0.1369,0.9636,9.5556,10.0
1000,5e-05,0.0,0.1,1.0,0.1,0.0,200.0,1.9326,1.6938,0.1722,0.4182,6.81,7.0
1000,5e-05,0.0,0.1,1.0,0.1,0.01,200.0,2.1506,2.0218,0.1782,0.4227,6.995,7.0
1000,5e-05,0.0,0.1,1.0,0.1,0.1,6.0,3.5485,3.5424,0.6682,1.0,10.5,10.5
1000,5e-05,0.0,0.1,1.0,0.1,0.2,51.0,2.7099,2.9507,0.1923,0.9727,9.2941,9.0
1000,5e-05,0.0,0.5,0.0,0.0,0.0,200.0,2.0389,1.8727,0.3789,0.9364,7.695,8.0
1000,5e-05,0.0,0.5,0.0,0.0,0.01,200.0,1.9541,1.7828,0.2933,0.8045,7.735,8.0
1000,5e-05,0.0,0.5,0.0,0.0,0.1,7.0,3.1213,3.4558,0.9896,1.0,8.1429,8.0
1000,5e-05,0.0,0.5,0.0,0.0,0.2,18.0,2.8119,2.8889,0.8823,0.9909,9.0,9.0
1000,5e-05,0.0,0.5,0.0,0.01,0.0,200.0,2.1506,2.276,0.3883,0.9455,8.0,8.0
1000,5e-05,0.0,0.5,0.0,0.01,0.01,200.0,2.1523,2.2928,0.3745,0.9182,7.86,8.0
1000,5e-05,0.0,0.5,0.0,0.01,0.1,3.0,3.4558,3.4558,1.0,1.0,9.0,9.0
1000,5e-05,0.0,0.5,0.0,0.01,0.2,21.0,2.9709,2.9378,0.8944,0.9909,10.2381,10.0
1000,5e-05,0.0,0.5,0.0,0.1,0.0,200.0,2.0355,2.1504,0.3592,0.9182,7.76,8.0
1000,5e-05,0.0,0.5,0.0,0.1,0.01,200.0,2.1639,2.2238,0.3767,0.9318,7.685,8.0
1000,5e-05,0.0,0.5,0.0,0.1,0.1,3.0,3.4558,3.4558,1.0,1.0,9.0,9.0
1000,5e-05,0.0,0.5,0.0,0.1,0.2,32.0,2.9378,2.9253,0.7389,0.9909,10.3125,11.0
1000,5e-05,0.0,0.5,0.1,0.0,0.0,200.0,2.074,2.0851,0.341,0.9273,7.855,8.0
1000,5e-05,0.0,0.5,0.1,0.0,0.01,200.0,2.0083,1.8997,0.3438,0.9091,7.81,8.0
1000,5e-05,0.0,0.5,0.1,0.0,0.1,5.0,2.8827,3.4427,1.0,1.0,8.6,9.0
1000,5e-05,0.0,0.5,0.1,0.0,0.2,17.0,3.0101,3.0868,0.8706,0.9909,9.6471,10.0
1000,5e-05,0.0,0.5,0.1,0.01,0.0,200.0,2.1837,2.2674,0.3743,0.9364,7.93,8.0
1000,5e-05,0.0,0.5,0.1,0.01,0.01,200.0,2.0954,2.0604,0.3726,0.9091,7.655,8.0
1000,5e-05,0.0,0.5,0.1,0.01,0.1,9.0,2.4345,2.1876,0.1495,0.9909,8.3333,9.0
1000,5e-05,0.0,0.5,0.1,0.01,0.2,33.0,2.8368,2.8231,0.7421,0.9909,10.1212,10.0
1000,5e-05,0.0,0.5,0.1,0.1,0.0,200.0,2.0584,1.9847,0.3334,0.9091,7.74,8.0
1000,5e-05,0.0,0.5,0.1,0.1,0.01,200.0,1.9833,1.8407,0.3466,0.9091,7.825,8.0
1000,5e-05,0.0,0.5,0.1,0.1,0.1,3.0,3.4057,3.4057,0.9909,0.9909,10.0,10.0
1000,5e-05,0.0,0.5,0.1,0.1,0.2,28.0,3.1723,3.1245,0.7052,0.9909,10.2143,10.0
1000,5e-05,0.0,0.5,0.5,0.0,0.0,200.0,2.0017,2.0367,0.3405,0.9045,7.65,8.0
1000,5e-05,0.0,0.5,0.5,0.0,0.01,200.0,1.9966,1.8784,0.3572,0.8727,7.955,8.0
1000,5e-05,0.0,0.5,0.5,0.0,0.1,3.0,3.3722,3.3722,1.0,1.0,11.0,11.0
1000,5e-05,0.0,0.5,0.5,0.0,0.2,24.0,2.7028,2.7011,0.9061,0.9909,9.9583,10.0
1000,5e-05,0.0,0.5,0.5,0.01,0.0,200.0,1.9482,1.8886,0.3466,0.9045,7.815,8.0
1000,5e-05,0.0,0.5,0.5,0.01,0.01,200.0,2.0762,2.0727,0.4097,0.9227,7.915,8.0
1000,5e-05,0.0,0.5,0.5,0.01,0.1,5.0,3.5083,3.5083,0.6364,0.6364,8.0,8.0
1000,5e-05,0.0,0.5,0.5,0.01,0.2,17.0,2.9174,3.0656,0.8738,1.0,9.5882,10.0
1000,5e-05,0.0,0.5,0.5,0.1,0.0,200.0,2.0754,2.1619,0.345,0.9136,7.995,8.0
1000,5e-05,0.0,0.5,0.5,0.1,0.01,200.0,2.1185,2.0344,0.3622,0.9182,8.015,8.0
1000,5e-05,0.0,0.5,0.5,0.1,0.1,3.0,3.4427,3.4427,1.0,1.0,9.0,9.0
1000,5e-05,0.0,0.5,0.5,0.1,0.2,17.0,2.8212,2.8552,0.869,0.9909,9.6471,10.0
1000,5e-05,0.0,0.5,1.0,0.0,0.0,200.0,2.2051,2.4418,0.4018,0.9727,8.28,8.0
1000,5e-05,0.0,0.5,1.0,0.0,0.01,200.0,2.1562,2.2954,0.3801,0.9364,8.07,8.0
1000,5e-05,0.0,0.5,1.0,0.0,0.1,3.0,3.3591,3.3591,1.0,1.0,10.0,10.0
1000,5e-05,0.0,0.5,1.0,0.0,0.2,46.0,2.8886,2.8684,0.566,0.9909,9.8696,10.0
1000,5e-05,0.0,0.5,1.0,0.01,0.0,200.0,2.2305,2.3309,0.3555,0.9727,8.125,8.0
1000,5e-05,0.0,0.5,1.0,0.01,0.01,200.0,2.1402,2.2605,0.3633,0.9273,7.915,8.0
1000,5e-05,0.0,0.5,1.0,0.01,0.1,3.0,3.4893,3.4893,0.9909,0.9909,10.0,10.0
1000,5e-05,0.0,0.5,1.0,0.01,0.2,44.0,2.8151,2.8577,0.6395,0.9955,9.9318,10.0
1000,5e-05,0.0,0.5,1.0,0.1,0.0,200.0,2.2307,2.4019,0.3929,0.9727,8.12,8.0
1000,5e-05,0.0,0.5,1.0,0.1,0.01,200.0,2.2494,2.498,0.3987,0.9636,8.055,8.0
1000,5e-05,0.0,0.5,1.0,0.1,0.1,8.0,2.3323,1.7831,-0.1,-0.55,8.625,8.0
1000,5e-05,0.0,0.5,1.0,0.1,0.2,32.0,2.8776,2.8781,0.683,0.9909,10.0625,10.0
1000,5e-05,0.01,0.01,0.0,0.0,0.0,200.0,1.9179,1.8125,-0.0594,-0.4864,5.55,5.5
1000,5e-05,0.01,0.01,0.0,0.0,0.01,200.0,1.8365,1.6967,-0.0378,-0.3273,5.64,6.0
1000,5e-05,0.01,0.01,0.0,0.0,0.1,200.0,1.5429,1.4689,0.0011,-0.1409,6.165,6.0
1000,5e-05,0.01,0.01,0.0,0.0,0.2,146.0,1.3903,1.1447,-0.0073,-0.2455,6.2877,6.0
1000,5e-05,0.01,0.01,0.0,0.01,0.0,200.0,1.9533,1.7616,-0.0516,-0.4,5.595,6.0
1000,5e-05,0.01,0.01,0.0,0.01,0.01,200.0,1.7261,1.6156,0.0034,-0.2318,5.6,6.0
1000,5e-05,0.01,0.01,0.0,0.01,0.1,200.0,1.5239,1.3169,-0.0553,-0.3818,6.21,6.0
1000,5e-05,0.01,0.01,0.0,0.01,0.2,179.0,1.7638,1.3387,-0.0277,-0.0455,6.4134,6.0
1000,5e-05,0.01,0.01,0.0,0.1,0.0,200.0,2.0586,1.8477,-0.0475,-0.3136,5.67,6.0
1000,5e-05,0.01,0.01,0.0,0.1,0.01,200.0,1.7029,1.6811,-0.0232,-0.3091,5.64,6.0
1000,5e-05,0.01,0.01,0.0,0.1,0.1,200.0,1.562,1.3662,-0.035,-0.3318,6.375,6.0
1000,5e-05,0.01,0.01,0.0,0.1,0.2,170.0,1.5325,1.169,-0.0199,-0.1545,6.5059,6.0
1000,5e-05,0.01,0.01,0.1,0.0,0.0,200.0,1.8277,1.509,-0.0812,-0.5,5.78,6.0
1000,5e-05,0.01,0.01,0.1,0.0,0.01,200.0,1.8953,1.6873,-0.0817,-0.4591,6.0,6.0
1000,5e-05,0.01,0.01,0.1,0.0,0.1,200.0,1.998,1.7253,-0.12,-0.4455,6.54,7.0
1000,5e-05,0.01,0.01,0.1,0.0,0.2,156.0,1.8423,1.5323,0.0219,0.2364,6.6603,6.0
1000,5e-05,0.01,0.01,0.1,0.01,0.0,200.0,1.8755,1.5996,-0.0715,-0.5,5.855,6.0
1000,5e-05,0.01,0.01,0.1,0.01,0.01,200.0,1.8002,1.4591,-0.0591,-0.4636,5.93,6.0
1000,5e-05,0.01,0.01,0.1,0.01,0.1,200.0,2.0923,1.8248,-0.1849,-0.4864,6.645,7.0
1000,5e-05,0.01,0.01,0.1,0.01,0.2,138.0,1.8059,1.4508,-0.081,-0.2273,6.5435,6.0
1000,5e-05,0.01,0.01,0.1,0.1,0.0,200.0,1.8853,1.6076,-0.0876,-0.5,5.91,6.0
1000,5e-05,0.01,0.01,0.1,0.1,0.01,200.0,1.8808,1.6228,-0.0527,-0.4136,5.835,6.0
1000,5e-05,0.01,0.01,0.1,0.1,0.1,200.0,1.9923,1.7282,-0.069,-0.4455,6.64,7.0
1000,5e-05,0.01,0.01,0.1,0.1,0.2,200.0,1.6965,1.4355,-0.0609,-0.2636,6.585,7.0
1000,5e-05,0.01,0.01,0.5,0.0,0.0,200.0,1.7404,1.5032,-0.0588,-0.3818,6.025,6.0
1000,5e-05,0.01,0.01,0.5,0.0,0.01,200.0,1.8424,1.5806,-0.0818,-0.3182,6.185,6.0
1000,5e-05,0.01,0.01,0.5,0.0,0.1,200.0,1.9319,1.5919,-0.057,-0.2318,6.67,7.0
1000,5e-05,0.01,0.01,0.5,0.0,0.2,104.0,1.808,1.3745,-0.0838,-0.2591,6.7212,6.0
1000,5e-05,0.01,0.01,0.5,0.01,0.0,200.0,1.6739,1.5722,-0.0595,-0.4318,6.155,6.0
1000,5e-05,0.01,0.01,0.5,0.01,0.01,200.0,1.9631,1.6939,-0.1031,-0.4136,6.105,6.0
1000,5e-05,0.01,0.01,0.5,0.01,0.1,200.0,1.7679,1.5164,-0.1042,-0.3545,6.74,7.0
1000,5e-05,0.01,0.01,0.5,0.01,0.2,138.0,1.8835,1.8219,0.0224,0.0091,6.6812,7.0
1000,5e-05,0.01,0.01,0.5,0.1,0.0,200.0,1.6414,1.4519,-0.0455,-0.3182,6.1,6.0
1000,5e-05,0.01,0.01,0.5,0.1,0.01,200.0,1.8553,1.5663,-0.0863,-0.3273,6.135,6.0
1000,5e-05,0.01,0.01,0.5,0.1,0.1,200.0,1.7651,1.6831,-0.11,-0.3545,6.47,6.0
1000,5e-05,0.01,0.01,0.5,0.1,0.2,144.0,2.0104,1.9371,0.0502,0.1091,6.7083,7.0
1000,5e-05,0.01,0.01,1.0,0.0,0.0,200.0,1.6635,1.3212,-0.0447,-0.2636,5.835,6.0
1000,5e-05,0.01,0.01,1.0,0.0,0.01,200.0,1.567,1.2854,0.0348,0.0909,5.875,6.0
1000,5e-05,0.01,0.01,1.0,0.0,0.1,102.0,2.2209,2.1787,0.0343,0.3455,7.0,7.0
1000,5e-05,0.01,0.01,1.0,0.0,0.2,54.0,1.5911,1.6055,-0.0025,0.0455,6.9444,7.0
1000,5e-05,0.01,0.01,1.0,0.01,0.0,200.0,1.7134,1.463,-0.0625,-0.3455,5.925,6.0
1000,5e-05,0.01,0.01,1.0,0.01,0.01,200.0,1.8083,1.7395,-0.0108,-0.1045,6.195,6.0
1000,5e-05,0.01,0.01,1.0,0.01,0.1,112.0,2.1408,2.0875,0.1881,0.4545,6.6875,7.0
1000,5e-05,0.01,0.01,1.0,0.01,0.2,76.0,1.7881,1.6574,0.097,0.4,6.9605,7.0
1000,5e-05,0.01,0.01,1.0,0.1,0.0,200.0,1.7618,1.4215,0.0077,-0.0318,6.015,6.0
1000,5e-05,0.01,0.01,1.0,0.1,0.01,200.0,1.6071,1.3,0.0651,0.1455,6.07,6.0
1000,5e-05,0.01,0.01,1.0,0.1,0.1,136.0,1.9941,1.8339,0.1316,0.4091,6.2059,6.0
1000,5e-05,0.01,0.01,1.0,0.1,0.2,51.0,1.6666,1.3687,0.2506,0.3636,7.3333,8.0
1000,5e-05,0.01,0.1,0.0,0.0,0.0,200.0,1.6784,1.4039,-0.0578,-0.4955,5.875,6.0
1000,5e-05,0.01,0.1,0.0,0.0,0.01,200.0,1.6366,1.462,-0.0526,-0.3864,5.75,6.0
1000,5e-05,0.01,0.1,0.0,0.0,0.1,180.0,1.6345,1.4681,-0.2829,-0.7909,6.5667,7.0
1000,5e-05,0.01,0.1,0.0,0.0,0.2,172.0,1.7436,1.7466,-0.1865,-0.6864,7.1802,7.0
1000,5e-05,0.01,0.1,0.0,0.01,0.0,200.0,1.6132,1.4024,-0.0419,-0.4636,5.665,6.0
1000,5e-05,0.01,0.1,0.0,0.01,0.01,200.0,1.7987,1.4945,-0.0405,-0.3636,5.78,6.0
1000,5e-05,0.01,0.1,0.0,0.01,0.1,164.0,1.6002,1.367,-0.4431,-0.7909,6.5793,7.0
1000,5e-05,0.01,0.1,0.0,0.01,0.2,114.0,1.898,1.9467,-0.5483,-0.8455,7.1754,7.0
1000,5e-05,0.01,0.1,0.0,0.1,0.0,200.0,1.7146,1.5187,-0.0323,-0.3455,5.595,6.0
1000,5e-05,0.01,0.1,0.0,0.1,0.01,200.0,1.8786,1.6344,-0.1031,-0.4727,5.815,6.0
1000,5e-05,0.01,0.1,0.0,0.1,0.1,200.0,1.8937,1.6276,-0.0997,-0.5091,6.39,6.0
1000,5e-05,0.01,0.1,0.0,0.1,0.2,169.0,1.6642,1.5694,-0.2279,-0.8818,7.1716,7.0
1000,5e-05,0.01,0.1,0.1,0.0,0.0,200.0,1.6139,1.3466,-0.0496,-0.5,5.72,6.0
1000,5e-05,0.01,0.1,0.1,0.0,0.01,200.0,1.6904,1.4938,-0.0471,-0.4545,5.91,6.0
1000,5e-05,0.01,0.1,0.1,0.0,0.1,199.0,2.0082,1.9057,-0.3723,-0.7818,6.5779,7.0
1000,5e-05,0.01,0.1,0.1,0.0,0.2,117.0,1.4875,1.4014,-0.4738,-0.8818,7.0769,7.0
1000,5e-05,0.01,0.1,0.1,0.01,0.0,200.0,1.5984,1.3864,-0.0412,-0.45,5.755,6.0
1000,5e-05,0.01,0.1,0.1,0.01,0.01,200.0,1.7586,1.6754,-0.0265,-0.1591,5.855,6.0
1000,5e-05,0.01,0.1,0.1,0.01,0.1,199.0,1.9745,1.9397,-0.3183,-0.7273,6.9497,7.0
1000,5e-05,0.01,0.1,0.1,0.01,0.2,133.0,1.6443,1.6364,-0.3908,-0.7909,7.1729,7.0
1000,5e-05,0.01,0.1,0.1,0.1,0.0,200.0,1.6285,1.5119,-0.063,-0.5,5.92,6.0
1000,5e-05,0.01,0.1,0.1,0.1,0.01,200.0,1.7509,1.5649,-0.0558,-0.4864,5.775,6.0
1000,5e-05,0.01,0.1,0.1,0.1,0.1,126.0,1.7297,1.2992,-0.3115,-0.8091,6.7302,6.0
1000,5e-05,0.01,0.1,0.1,0.1,0.2,130.0,1.4152,1.1783,-0.361,-0.8,6.8385,7.0
1000,5e-05,0.01,0.1,0.5,0.0,0.0,200.0,1.649,1.4739,-0.087,-0.5,5.865,6.0
1000,5e-05,0.01,0.1,0.5,0.0,0.01,200.0,1.7323,1.3734,-0.023,-0.2636,5.9,6.0
1000,5e-05,0.01,0.1,0.5,0.0,0.1,200.0,1.9501,1.8726,-0.3022,-0.8182,7.26,7.0
1000,5e-05,0.01,0.1,0.5,0.0,0.2,102.0,2.1029,2.1485,-0.566,-0.9182,7.7451,8.0
1000,5e-05,0.01,0.1,0.5,0.01,0.0,200.0,1.6627,1.4702,-0.0765,-0.4864,5.835,6.0
1000,5e-05,0.01,0.1,0.5,0.01,0.01,200.0,1.7028,1.4137,-0.0789,-0.4091,5.835,6.0
1000,5e-05,0.01,0.1,0.5,0.01,0.1,200.0,1.9191,1.897,-0.2295,-0.7045,7.25,7.0
1000,5e-05,0.01,0.1,0.5,0.01,0.2,125.0,1.8299,1.7657,-0.3039,-0.7909,7.536,8.0
1000,5e-05,0.01,0.1,0.5,0.1,0.0,200.0,1.6462,1.3433,-0.0746,-0.4318,5.77,6.0
1000,5e-05,0.01,0.1,0.5,0.1,0.01,200.0,1.7262,1.4414,-0.0625,-0.4,5.97,6.0
1000,5e-05,0.01,0.1,0.5,0.1,0.1,200.0,1.8471,1.8798,-0.4035,-0.8182,7.005,7.0
1000,5e-05,0.01,0.1,0.5,0.1,0.2,78.0,1.6376,1.5889,-0.6491,-0.9318,7.4744,8.0
1000,5e-05,0.01,0.1,1.0,0.0,0.0,200.0,1.6167,1.4996,-0.0995,-0.5045,5.99,6.0
1000,5e-05,0.01,0.1,1.0,0.0,0.01,200.0,1.7977,1.5678,-0.0812,-0.3955,6.135,6.0
1000,5e-05,0.01,0.1,1.0,0.0,0.1,200.0,2.4415,2.7068,-0.4381,-0.8909,8.085,8.0
1000,5e-05,0.01,0.1,1.0,0.0,0.2,145.0,2.1038,2.0568,-0.2369,-0.8091,7.6552,8.0
1000,5e-05,0.01,0.1,1.0,0.01,0.0,200.0,1.7423,1.549,-0.0995,-0.4727,6.055,6.0
1000,5e-05,0.01,0.1,1.0,0.01,0.01,200.0,1.748,1.5354,-0.0643,-0.3682,6.085,6.0
1000,5e-05,0.01,0.1,1.0,0.01,0.1,200.0,2.3395,2.3376,-0.3192,-0.8182,7.805,8.0
1000,5e-05,0.01,0.1,1.0,0.01,0.2,100.0,2.1852,2.1199,-0.3322,-0.8364,7.74,8.0
1000,5e-05,0.01,0.1,1.0,0.1,0.0,200.0,1.82,1.7475,-0.0767,-0.4318,6.0,6.0
1000,5e-05,0.01,0.1,1.0,0.1,0.01,200.0,1.9229,1.7851,-0.0631,-0.3227,6.125,6.0
1000,5e-05,0.01,0.1,1.0,0.1,0.1,173.0,2.3808,2.5412,-0.4331,-0.8818,8.1734,8.0
1000,5e-05,0.01,0.1,1.0,0.1,0.2,106.0,2.0733,1.9127,-0.2016,-0.8545,7.8396,8.0
1000,5e-05,0.01,0.5,0.0,0.0,0.0,200.0,1.6321,1.5878,-0.0372,-0.2136,6.7,7.0
1000,5e-05,0.01,0.5,0.0,0.0,0.01,200.0,1.6733,1.594,-0.0634,-0.2227,6.715,7.0
1000,5e-05,0.01,0.5,0.0,0.0,0.1,40.0,2.4622,2.2823,0.2045,0.7545,8.75,9.0
1000,5e-05,0.01,0.5,0.0,0.0,0.2,64.0,2.7945,2.9414,0.4634,0.9636,9.2812,9.0
1000,5e-05,0.01,0.5,0.0,0.01,0.0,200.0,1.7237,1.6045,-0.0434,-0.2636,6.9,7.0
1000,5e-05,0.01,0.5,0.0,0.01,0.01,200.0,1.679,1.5872,-0.0471,-0.2227,6.76,7.0
1000,5e-05,0.01,0.5,0.0,0.01,0.1,29.0,2.7688,2.7677,0.2925,0.9636,8.5862,9.0
1000,5e-05,0.01,0.5,0.0,0.01,0.2,55.0,2.8758,3.1816,0.6274,0.9818,9.2,10.0
1000,5e-05,0.01,0.5,0.0,0.1,0.0,200.0,1.7188,1.5899,-0.0238,-0.1409,6.77,7.0
1000,5e-05,0.01,0.5,0.0,0.1,0.01,200.0,1.7529,1.6524,-0.0717,-0.1909,6.855,7.0
1000,5e-05,0.01,0.5,0.0,0.1,0.1,25.0,2.6604,2.581,0.2051,0.9273,8.92,10.0
1000,5e-05,0.01,0.5,0.0,0.1,0.2,74.0,2.7425,3.0874,0.4684,0.9909,9.3378,9.0
1000,5e-05,0.01,0.5,0.1,0.0,0.0,200.0,1.7626,1.6028,-0.0626,-0.3409,6.865,7.0
1000,5e-05,0.01,0.5,0.1,0.0,0.01,200.0,1.74,1.6462,-0.0455,-0.2364,6.785,7.0
1000,5e-05,0.01,0.5,0.1,0.0,0.1,21.0,2.3861,2.3786,0.6723,0.8545,7.8095,8.0
1000,5e-05,0.01,0.5,0.1,0.0,0.2,57.0,2.9099,3.2308,0.6431,0.9909,9.8246,10.0
1000,5e-05,0.01,0.5,0.1,0.01,0.0,200.0,1.6997,1.6344,-0.035,-0.3955,6.59,7.0
1000,5e-05,0.01,0.5,0.1,0.01,0.01,200.0,1.6927,1.5895,-0.0463,-0.3182,6.825,7.0
1000,5e-05,0.01,0.5,0.1,0.01,0.1,17.0,2.5837,2.4734,0.6449,0.7636,8.4118,8.0
1000,5e-05,0.01,0.5,0.1,0.01,0.2,61.0,2.9316,3.1716,0.5364,0.9909,9.8197,10.0
1000,5e-05,0.01,0.5,0.1,0.1,0.0,200.0,1.5271,1.4393,-0.0579,-0.4364,6.735,7.0
1000,5e-05,0.01,0.5,0.1,0.1,0.01,200.0,1.7074,1.6089,-0.0132,-0.2545,6.745,7.0
1000,5e-05,0.01,0.5,0.1,0.1,0.1,19.0,2.8199,2.5349,0.5641,0.9727,9.0,9.0
1000,5e-05,0.01,0.5,0.1,0.1,0.2,58.0,2.7942,3.0039,0.6418,0.9727,9.6379,9.5
1000,5e-05,0.01,0.5,0.5,0.0,0.0,200.0,1.6949,1.5474,-0.0325,-0.1545,6.655,7.0
1000,5e-05,0.01,0.5,0.5,0.0,0.01,200.0,1.7596,1.5598,-0.0239,-0.1864,6.76,7.0
1000,5e-05,0.01,0.5,0.5,0.0,0.1,19.0,1.6838,1.3617,0.4789,0.6,9.0526,9.0
1000,5e-05,0.01,0.5,0.5,0.0,0.2,63.0,3.0008,3.1466,0.7999,1.0,9.7302,10.0
1000,5e-05,0.01,0.5,0.5,0.01,0.0,200.0,1.6084,1.4298,-0.029,-0.2318,6.655,7.0
1000,5e-05,0.01,0.5,0.5,0.01,0.01,200.0,1.7108,1.5144,-0.015,0.0045,6.73,7.0
1000,5e-05,0.01,0.5,0.5,0.01,0.1,35.0,2.1972,2.2532,0.1945,0.1091,8.1143,8.0
1000,5e-05,0.01,0.5,0.5,0.01,0.2,67.0,2.9199,3.1574,0.6963,0.9909,9.3134,10.0
1000,5e-05,0.01,0.5,0.5,0.1,0.0,200.0,1.6141,1.4982,-0.037,-0.2,6.78,7.0
1000,5e-05,0.01,0.5,0.5,0.1,0.01,200.0,1.7432,1.6356,-0.0265,-0.1364,6.705,7.0
1000,5e-05,0.01,0.5,0.5,0.1,0.1,13.0,2.7695,2.5421,0.3832,0.9636,8.8462,9.0
1000,5e-05,0.01,0.5,0.5,0.1,0.2,56.0,2.986,3.1532,0.7782,1.0,9.2679,9.0
1000,5e-05,0.01,0.5,1.0,0.0,0.0,200.0,1.6079,1.4985,-0.0727,-0.3909,6.6,7.0
1000,5e-05,0.01,0.5,1.0,0.0,0.01,200.0,1.7645,1.5184,-0.0894,-0.4045,6.92,7.0
1000,5e-05,0.01,0.5,1.0,0.0,0.1,54.0,2.3571,2.4558,0.186,0.5864,8.5926,8.5
1000,5e-05,0.01,0.5,1.0,0.0,0.2,69.0,2.946,3.1466,0.7057,1.0,9.6087,10.0
1000,5e-05,0.01,0.5,1.0,0.01,0.0,200.0,1.571,1.3565,-0.0657,-0.2,6.59,7.0
1000,5e-05,0.01,0.5,1.0,0.01,0.01,200.0,1.6512,1.5514,-0.0778,-0.3727,6.66,7.0
1000,5e-05,0.01,0.5,1.0,0.01,0.1,42.0,2.4918,2.48,0.2615,0.7909,8.6429,9.0
1000,5e-05,0.01,0.5,1.0,0.01,0.2,80.0,2.927,3.228,0.5986,0.9909,9.6625,10.0
1000,5e-05,0.01,0.5,1.0,0.1,0.0,200.0,1.6498,1.5259,-0.0723,-0.4182,6.65,7.0
1000,5e-05,0.01,0.5,1.0,0.1,0.01,200.0,1.6322,1.5239,-0.0628,-0.2864,6.725,7.0
1000,5e-05,0.01,0.5,1.0,0.1,0.1,42.0,2.6911,2.667,0.0517,0.5273,8.4286,8.0
1000,5e-05,0.01,0.5,1.0,0.1,0.2,75.0,2.9152,3.2245,0.573,0.9909,9.3467,10.0
1000,5e-05,0.1,0.01,0.0,0.0,0.0,200.0,2.3469,2.1514,-0.0787,-0.2318,5.84,6.0
1000,5e-05,0.1,0.01,0.0,0.0,0.01,200.0,2.1558,1.9631,-0.086,-0.2682,5.72,6.0
1000,5e-05,0.1,0.01,0.0,0.0,0.1,200.0,1.3692,1.2073,-0.0916,-0.5,5.685,6.0
1000,5e-05,0.1,0.01,0.0,0.0,0.2,200.0,1.6288,1.342,0.0218,0.0045,5.965,6.0
1000,5e-05,0.1,0.01,0.0,0.01,0.0,200.0,2.4248,2.263,-0.105,-0.2909,5.945,6.0
1000,5e-05,0.1,0.01,0.0,0.01,0.01,200.0,2.2107,2.0633,-0.1126,-0.3227,5.785,6.0
1000,5e-05,0.1,0.01,0.0,0.01,0.1,200.0,1.3867,1.2149,-0.0854,-0.4636,5.57,5.0
1000,5e-05,0.1,0.01,0.0,0.01,0.2,200.0,1.6278,1.3456,0.0325,0.0455,5.96,6.0
1000,5e-05,0.1,0.01,0.0,0.1,0.0,200.0,2.2946,2.2097,-0.1113,-0.3273,5.89,6.0
1000,5e-05,0.1,0.01,0.0,0.1,0.01,200.0,2.1207,1.976,-0.0894,-0.2409,5.815,6.0
1000,5e-05,0.1,0.01,0.0,0.1,0.1,200.0,1.3554,1.3007,-0.0618,-0.3591,5.545,5.5
1000,5e-05,0.1,0.01,0.0,0.1,0.2,200.0,1.6134,1.3364,-0.0025,0.0045,6.025,6.0
1000,5e-05,0.1,0.01,0.1,0.0,0.0,200.0,2.0783,1.9234,-0.1062,-0.3318,5.88,6.0
1000,5e-05,0.1,0.01,0.1,0.0,0.01,200.0,1.9015,1.8124,-0.0999,-0.4136,5.875,6.0
1000,5e-05,0.1,0.01,0.1,0.0,0.1,200.0,1.3564,1.2134,-0.073,-0.5,5.615,6.0
1000,5e-05,0.1,0.01,0.1,0.0,0.2,200.0,1.4736,1.1533,0.0398,0.2909,5.98,6.0
1000,5e-05,0.1,0.01,0.1,0.01,0.0,200.0,2.017,1.9929,-0.1034,-0.4091,5.795,6.0
1000,5e-05,0.1,0.01,0.1,0.01,0.01,200.0,1.9679,1.9504,-0.0844,-0.35,5.815,6.0
1000,5e-05,0.1,0.01,0.1,0.01,0.1,200.0,1.3461,1.2336,-0.0797,-0.4682,5.6,5.0
1000,5e-05,0.1,0.01,0.1,0.01,0.2,200.0,1.4437,1.1495,-0.0098,-0.0591,6.025,6.0
1000,5e-05,0.1,0.01,0.1,0.1,0.0,200.0,2.0726,2.0279,-0.1235,-0.4045,5.96,6.0
1000,5e-05,0.1,0.01,0.1,0.1,0.01,200.0,1.9793,1.9395,-0.0751,-0.3091,5.865,6.0
1000,5e-05,0.1,0.01,0.1,0.1,0.1,200.0,1.3724,1.219,-0.072,-0.5,5.6,6.0
1000,5e-05,0.1,0.01,0.1,0.1,0.2,200.0,1.4679,1.19,0.0425,0.1273,5.84,6.0
1000,5e-05,0.1,0.01,0.5,0.0,0.0,200.0,2.2092,2.1279,-0.0698,-0.3,5.785,6.0
1000,5e-05,0.1,0.01,0.5,0.0,0.01,200.0,1.9457,1.7513,-0.0731,-0.2818,5.895,6.0
1000,5e-05,0.1,0.01,0.5,0.0,0.1,200.0,1.4808,1.2802,0.0445,0.0727,6.075,6.0
1000,5e-05,0.1,0.01,0.5,0.0,0.2,200.0,1.4085,1.1532,0.1233,0.4818,6.29,6.0
1000,5e-05,0.1,0.01,0.5,0.01,0.0,200.0,2.1832,2.0994,-0.1081,-0.4,5.78,6.0
1000,5e-05,0.1,0.01,0.5,0.01,0.01,200.0,2.0564,1.9415,-0.0668,-0.2955,5.815,6.0
1000,5e-05,0.1,0.01,0.5,0.01,0.1,200.0,1.5088,1.2881,0.042,0.0455,5.955,6.0
1000,5e-05,0.1,0.01,0.5,0.01,0.2,200.0,1.4178,1.2088,0.0754,0.4318,6.35,6.0
1000,5e-05,0.1,0.01,0.5,0.1,0.0,200.0,2.085,1.9294,-0.0676,-0.2955,5.955,6.0
1000,5e-05,0.1,0.01,0.5,0.1,0.01,200.0,1.9172,1.7248,-0.081,-0.2727,5.69,6.0
1000,5e-05,0.1,0.01,0.5,0.1,0.1,200.0,1.5008,1.3566,0.0359,0.0227,5.94,6.0
1000,5e-05,0.1,0.01,0.5,0.1,0.2,200.0,1.4263,1.2162,0.1346,0.4864,6.175,6.0
1000,5e-05,0.1,0.01,1.0,0.0,0.0,200.0,2.0928,1.9401,-0.1004,-0.3091,6.17,6.0
1000,5e-05,0.1,0.01,1.0,0.0,0.01,200.0,1.9274,1.8465,-0.0696,-0.2636,6.11,6.0
1000,5e-05,0.1,0.01,1.0,0.0,0.1,200.0,1.5338,1.3009,-0.0286,-0.2364,6.1,6.0
1000,5e-05,0.1,0.01,1.0,0.0,0.2,200.0,1.4797,1.21,0.0462,0.1318,6.22,6.0
1000,5e-05,0.1,0.01,1.0,0.01,0.0,200.0,2.0552,1.933,-0.0995,-0.3,6.065,6.0
1000,5e-05,0.1,0.01,1.0,0.01,0.01,200.0,1.925,1.75,-0.1117,-0.2773,5.98,6.0
1000,5e-05,0.1,0.01,1.0,0.01,0.1,200.0,1.4898,1.2883,-0.0482,-0.2273,5.98,6.0
1000,5e-05,0.1,0.01,1.0,0.01,0.2,200.0,1.5392,1.2597,0.0221,-0.1545,6.345,6.0
1000,5e-05,0.1,0.01,1.0,0.1,0.0,200.0,2.0535,1.9375,-0.109,-0.3273,6.15,6.0
1000,5e-05,0.1,0.01,1.0,0.1,0.01,200.0,1.9751,1.8709,-0.0818,-0.2909,6.21,6.0
1000,5e-05,0.1,0.01,1.0,0.1,0.1,200.0,1.4978,1.301,-0.0787,-0.2682,6.08,6.0
1000,5e-05,0.1,0.01,1.0,0.1,0.2,200.0,1.5141,1.2113,0.0491,0.0545,6.335,6.0
1000,5e-05,0.1,0.1,0.0,0.0,0.0,200.0,1.8813,1.7334,-0.0633,-0.2909,6.085,6.0
1000,5e-05,0.1,0.1,0.0,0.0,0.01,200.0,1.8176,1.7051,-0.0887,-0.3909,6.235,6.0
1000,5e-05,0.1,0.1,0.0,0.0,0.1,200.0,1.6454,1.4664,-0.061,-0.2318,6.11,6.0
1000,5e-05,0.1,0.1,0.0,0.0,0.2,200.0,1.4398,1.123,-0.0275,-0.35,5.85,6.0
1000,5e-05,0.1,0.1,0.0,0.01,0.0,200.0,1.8121,1.5356,-0.1026,-0.3727,6.06,6.0
1000,5e-05,0.1,0.1,0.0,0.01,0.01,200.0,1.7245,1.4834,-0.0543,-0.3273,5.99,6.0
1000,5e-05,0.1,0.1,0.0,0.01,0.1,200.0,1.7202,1.6439,-0.0341,-0.1364,6.145,6.0
1000,5e-05,0.1,0.1,0.0,0.01,0.2,200.0,1.419,1.1297,0.008,0.0,5.94,6.0
1000,5e-05,0.1,0.1,0.0,0.1,0.0,200.0,1.7965,1.5641,-0.0645,-0.2909,6.035,6.0
1000,5e-05,0.1,0.1,0.0,0.1,0.01,200.0,1.8293,1.5469,-0.066,-0.2818,6.22,6.0
1000,5e-05,0.1,0.1,0.0,0.1,0.1,200.0,1.6922,1.4879,-0.0784,-0.2864,6.075,6.0
1000,5e-05,0.1,0.1,0.0,0.1,0.2,200.0,1.4034,1.2703,-0.0361,-0.3136,5.835,6.0
1000,5e-05,0.1,0.1,0.1,0.0,0.0,200.0,2.095,1.8293,-0.0741,-0.2864,6.12,6.0
1000,5e-05,0.1,0.1,0.1,0.0,0.01,200.0,1.8509,1.584,-0.0754,-0.3727,6.125,6.0
1000,5e-05,0.1,0.1,0.1,0.0,0.1,200.0,1.6476,1.4166,-0.0658,-0.25,6.135,6.0
1000,5e-05,0.1,0.1,0.1,0.0,0.2,200.0,1.5517,1.4292,0.0015,-0.2045,6.19,6.0
1000,5e-05,0.1,0.1,0.1,0.01,0.0,200.0,2.0017,1.76,-0.1095,-0.3227,6.005,6.0
1000,5e-05,0.1,0.1,0.1,0.01,0.01,200.0,1.7801,1.5097,-0.0615,-0.2636,6.11,6.0
1000,5e-05,0.1,0.1,0.1,0.01,0.1,200.0,1.7117,1.482,-0.0779,-0.2545,6.105,6.0
1000,5e-05,0.1,0.1,0.1,0.01,0.2,200.0,1.4724,1.3165,-0.016,-0.1818,6.0,6.0
1000,5e-05,0.1,0.1,0.1,0.1,0.0,200.0,2.0326,1.8301,-0.0921,-0.3318,6.25,6.0
1000,5e-05,0.1,0.1,0.1,0.1,0.01,200.0,1.8073,1.4955,-0.0721,-0.3909,6.035,6.0
1000,5e-05,0.1,0.1,0.1,0.1,0.1,200.0,1.6478,1.4625,-0.0878,-0.2818,5.905,6.0
1000,5e-05,0.1,0.1,0.1,0.1,0.2,200.0,1.5393,1.3916,-0.0081,-0.2864,5.96,6.0
1000,5e-05,0.1,0.1,0.5,0.0,0.0,200.0,2.2019,2.0142,-0.0869,-0.3727,6.26,6.0
1000,5e-05,0.1,0.1,0.5,0.0,0.01,200.0,1.9253,1.6849,-0.0797,-0.3409,6.175,6.0
1000,5e-05,0.1,0.1,0.5,0.0,0.1,200.0,1.5472,1.4021,-0.1002,-0.4273,5.94,6.0
1000,5e-05,0.1,0.1,0.5,0.0,0.2,200.0,1.4035,1.1656,0.0799,0.3045,5.815,6.0
1000,5e-05,0.1,0.1,0.5,0.01,0.0,200.0,2.1649,2.0199,-0.1022,-0.3636,6.2,6.0
1000,5e-05,0.1,0.1,0.5,0.01,0.01,200.0,1.9698,1.7661,-0.107,-0.4318,6.27,6.0
1000,5e-05,0.1,0.1,0.5,0.01,0.1,200.0,1.5589,1.3292,-0.0578,-0.1409,6.07,6.0
1000,5e-05,0.1,0.1,0.5,0.01,0.2,200.0,1.2907,1.0916,0.0556,0.0727,5.68,6.0
1000,5e-05,0.1,0.1,0.5,0.1,0.0,200.0,2.1747,2.0038,-0.1131,-0.3727,6.205,6.0
1000,5e-05,0.1,0.1,0.5,0.1,0.01,200.0,2.0476,1.8567,-0.0952,-0.3864,6.235,6.0
1000,5e-05,0.1,0.1,0.5,0.1,0.1,200.0,1.6523,1.4794,-0.0739,-0.2909,5.925,6.0
1000,5e-05,0.1,0.1,0.5,0.1,0.2,200.0,1.3344,1.1464,0.0977,0.3909,5.76,6.0
1000,5e-05,0.1,0.1,1.0,0.0,0.0,200.0,2.098,1.896,-0.0996,-0.35,6.12,6.0
1000,5e-05,0.1,0.1,1.0,0.0,0.01,200.0,2.0316,1.7963,-0.0825,-0.4591,6.175,6.0
1000,5e-05,0.1,0.1,1.0,0.0,0.1,200.0,1.5696,1.4174,-0.077,-0.3955,6.26,6.0
1000,5e-05,0.1,0.1,1.0,0.0,0.2,200.0,1.6578,1.4506,-0.0706,-0.3909,6.255,6.0
1000,5e-05,0.1,0.1,1.0,0.01,0.0,200.0,2.1572,2.0473,-0.0823,-0.2864,6.195,6.0
1000,5e-05,0.1,0.1,1.0,0.01,0.01,200.0,2.0471,1.8477,-0.07,-0.3455,6.15,6.0
1000,5e-05,0.1,0.1,1.0,0.01,0.1,200.0,1.5141,1.3489,-0.0646,-0.3227,6.285,6.0
1000,5e-05,0.1,0.1,1.0,0.01,0.2,200.0,1.5316,1.359,-0.0682,-0.4182,6.345,6.0
1000,5e-05,0.1,0.1,1.0,0.1,0.0,200.0,2.1422,1.9273,-0.1165,-0.4818,6.23,6.0
1000,5e-05,0.1,0.1,1.0,0.1,0.01,200.0,2.0263,1.8296,-0.0994,-0.4682,6.34,6.0
1000,5e-05,0.1,0.1,1.0,0.1,0.1,200.0,1.5494,1.3604,-0.087,-0.4773,6.175,6.0
1000,5e-05,0.1,0.1,1.0,0.1,0.2,200.0,1.6273,1.4656,-0.0093,-0.1909,6.26,6.0
1000,5e-05,0.1,0.5,0.0,0.0,0.0,200.0,2.1008,1.8786,-0.0502,-0.1955,6.47,6.0
1000,5e-05,0.1,0.5,0.0,0.0,0.01,200.0,2.0383,1.8887,-0.0559,-0.2773,6.45,6.0
1000,5e-05,0.1,0.5,0.0,0.0,0.1,200.0,1.7403,1.4698,-0.0875,-0.2818,6.41,6.0
1000,5e-05,0.1,0.5,0.0,0.0,0.2,200.0,1.7079,1.6271,0.027,-0.0273,6.25,6.0
1000,5e-05,0.1,0.5,0.0,0.01,0.0,200.0,2.0453,1.8531,-0.0411,-0.2364,6.295,6.0
1000,5e-05,0.1,0.5,0.0,0.01,0.01,200.0,1.9963,1.8126,-0.0675,-0.25,6.44,6.0
1000,5e-05,0.1,0.5,0.0,0.01,0.1,200.0,1.741,1.6116,-0.0775,-0.2045,6.375,6.0
1000,5e-05,0.1,0.5,0.0,0.01,0.2,200.0,1.6426,1.4114,-0.1025,-0.3364,6.375,6.0
1000,5e-05,0.1,0.5,0.0,0.1,0.0,200.0,2.0589,1.9058,-0.066,-0.2591,6.495,7.0
1000,5e-05,0.1,0.5,0.0,0.1,0.01,200.0,2.0517,2.0142,-0.0539,-0.2227,6.455,6.0
1000,5e-05,0.1,0.5,0.0,0.1,0.1,200.0,1.7437,1.5766,-0.107,-0.3727,6.435,6.0
1000,5e-05,0.1,0.5,0.0,0.1,0.2,200.0,1.7091,1.5589,-0.0586,-0.3227,6.4,6.0
1000,5e-05,0.1,0.5,0.1,0.0,0.0,200.0,2.0659,1.853,-0.0684,-0.2955,6.405,6.0
1000,5e-05,0.1,0.5,0.1,0.0,0.01,200.0,2.0082,1.8165,-0.0961,-0.3773,6.385,6.0
1000,5e-05,0.1,0.5,0.1,0.0,0.1,200.0,1.8209,1.6019,-0.0539,-0.2727,6.51,7.0
1000,5e-05,0.1,0.5,0.1,0.0,0.2,200.0,1.668,1.4312,-0.0261,-0.2909,6.415,6.0
1000,5e-05,0.1,0.5,0.1,0.01,0.0,200.0,1.9735,1.7775,-0.0807,-0.3,6.255,6.0
1000,5e-05,0.1,0.5,0.1,0.01,0.01,200.0,1.9584,1.7315,-0.0712,-0.3273,6.305,6.0
1000,5e-05,0.1,0.5,0.1,0.01,0.1,200.0,1.7574,1.572,-0.0804,-0.2727,6.295,6.0
1000,5e-05,0.1,0.5,0.1,0.01,0.2,200.0,1.7666,1.7381,-0.0036,-0.2364,6.515,7.0
1000,5e-05,0.1,0.5,0.1,0.1,0.0,200.0,2.037,1.7939,-0.0855,-0.2273,6.38,6.0
1000,5e-05,0.1,0.5,0.1,0.1,0.01,200.0,2.056,1.833,-0.0597,-0.2364,6.375,6.0
1000,5e-05,0.1,0.5,0.1,0.1,0.1,200.0,1.8119,1.6179,-0.1462,-0.4409,6.615,7.0
1000,5e-05,0.1,0.5,0.1,0.1,0.2,200.0,1.6455,1.4991,0.0153,-0.2,6.335,6.0
1000,5e-05,0.1,0.5,0.5,0.0,0.0,200.0,2.0682,1.9565,-0.1112,-0.3636,6.345,6.0
1000,5e-05,0.1,0.5,0.5,0.0,0.01,200.0,1.9708,1.8529,-0.096,-0.3273,6.53,6.0
1000,5e-05,0.1,0.5,0.5,0.0,0.1,200.0,1.7924,1.6342,-0.0671,-0.2409,6.45,7.0
1000,5e-05,0.1,0.5,0.5,0.0,0.2,200.0,1.748,1.682,0.029,-0.1,6.55,7.0
1000,5e-05,0.1,0.5,0.5,0.01,0.0,200.0,2.1294,2.0588,-0.1266,-0.3455,6.315,6.0
1000,5e-05,0.1,0.5,0.5,0.01,0.01,200.0,2.0393,1.912,-0.1008,-0.3136,6.4,6.0
1000,5e-05,0.1,0.5,0.5,0.01,0.1,200.0,1.7539,1.5367,-0.081,-0.3909,6.33,7.0
1000,5e-05,0.1,0.5,0.5,0.01,0.2,200.0,1.7251,1.6297,-0.033,-0.1545,6.475,6.0
1000,5e-05,0.1,0.5,0.5,0.1,0.0,200.0,2.0545,1.9543,-0.077,-0.2864,6.385,6.0
1000,5e-05,0.1,0.5,0.5,0.1,0.01,200.0,2.0075,1.8772,-0.1384,-0.3591,6.49,6.0
1000,5e-05,0.1,0.5,0.5,0.1,0.1,200.0,1.9366,1.8022,-0.1395,-0.4136,6.59,7.0
1000,5e-05,0.1,0.5,0.5,0.1,0.2,200.0,1.7962,1.7297,0.0045,-0.1182,6.54,6.0
1000,5e-05,0.1,0.5,1.0,0.0,0.0,200.0,2.0897,1.9145,-0.0818,-0.2864,6.535,6.0
1000,5e-05,0.1,0.5,1.0,0.0,0.01,200.0,1.9718,1.8592,-0.0203,-0.0273,6.285,6.0
1000,5e-05,0.1,0.5,1.0,0.0,0.1,200.0,1.826,1.7027,-0.0639,-0.3227,6.535,6.0
1000,5e-05,0.1,0.5,1.0,0.0,0.2,200.0,1.7436,1.634,0.007,-0.1091,6.5,7.0
1000,5e-05,0.1,0.5,1.0,0.01,0.0,200.0,2.0616,1.9174,-0.0938,-0.3045,6.29,6.0
1000,5e-05,0.1,0.5,1.0,0.01,0.01,200.0,2.0086,1.9342,-0.09,-0.3,6.405,6.0
1000,5e-05,0.1,0.5,1.0,0.01,0.1,200.0,1.8527,1.7918,-0.0447,-0.3227,6.445,6.0
1000,5e-05,0.1,0.5,1.0,0.01,0.2,200.0,1.757,1.6269,0.0534,0.1636,6.645,7.0
1000,5e-05,0.1,0.5,1.0,0.1,0.0,200.0,1.9701,1.9066,-0.0544,-0.25,6.305,6.0
1000,5e-05,0.1,0.5,1.0,0.1,0.01,200.0,2.0634,1.8921,-0.071,-0.1727,6.45,6.0
1000,5e-05,0.1,0.5,1.0,0.1,0.1,200.0,1.6741,1.5481,-0.1194,-0.4773,6.455,7.0
1000,5e-05,0.1,0.5,1.0,0.1,0.2,200.0,1.7675,1.6392,-0.046,-0.2864,6.37,6.0
1000,0.0001,0.0,0.01,0.0,0.0,0.0,200.0,3.1242,3.075,-0.0373,-0.0727,6.925,7.0
1000,0.0001,0.0,0.01,0.0,0.0,0.01,200.0,2.6955,2.5487,-0.0226,-0.2591,6.785,7.0
1000,0.0001,0.0,0.01,0.0,0.0,0.1,200.0,1.6002,1.3922,-0.1843,-0.5727,7.905,8.0
1000,0.0001,0.0,0.01,0.0,0.0,0.2,200.0,1.2949,1.0706,-0.147,-0.3909,7.11,7.0
1000,0.0001,0.0,0.01,0.0,0.01,0.0,200.0,3.1782,3.1625,-0.0901,-0.3091,7.17,7.0
1000,0.0001,0.0,0.01,0.0,0.01,0.01,200.0,2.6978,2.5125,-0.0473,-0.2818,6.94,7.0
1000,0.0001,0.0,0.01,0.0,0.01,0.1,200.0,1.8628,1.5764,-0.1797,-0.5682,7.005,7.0
1000,0.0001,0.0,0.01,0.0,0.01,0.2,200.0,1.4409,1.2497,-0.1095,-0.5091,7.165,7.0
1000,0.0001,0.0,0.01,0.0,0.1,0.0,200.0,2.838,2.8218,0.0003,0.0091,6.925,7.0
1000,0.0001,0.0,0.01,0.0,0.1,0.01,200.0,2.6239,2.3053,-0.0373,-0.15,6.845,7.0
1000,0.0001,0.0,0.01,0.0,0.1,0.1,200.0,1.6392,1.4756,-0.1421,-0.5909,7.31,7.0
1000,0.0001,0.0,0.01,0.0,0.1,0.2,200.0,1.3692,1.1327,-0.2184,-0.5545,7.47,7.0
1000,0.0001,0.0,0.01,0.1,0.0,0.0,200.0,2.6352,2.4268,0.0317,0.1045,6.745,7.0
1000,0.0001,0.0,0.01,0.1,0.0,0.01,200.0,2.3987,2.1935,0.0059,-0.1909,6.605,7.0
1000,0.0001,0.0,0.01,0.1,0.0,0.1,166.0,1.6874,1.3336,-0.0084,-0.2545,7.4759,7.0
1000,0.0001,0.0,0.01,0.1,0.0,0.2,200.0,1.8173,1.5709,0.1513,0.7455,7.725,8.0
1000,0.0001,0.0,0.01,0.1,0.01,0.0,200.0,2.6237,2.5231,-0.0045,-0.1409,6.585,6.0
1000,0.0001,0.0,0.01,0.1,0.01,0.01,200.0,2.2965,2.2935,0.0961,0.2091,6.645,7.0
1000,0.0001,0.0,0.01,0.1,0.01,0.1,99.0,1.6466,1.5997,0.107,0.0727,7.1616,7.0
1000,0.0001,0.0,0.01,0.1,0.01,0.2,200.0,1.8119,1.5096,0.1465,0.2955,7.845,8.0
1000,0.0001,0.0,0.01,0.1,0.1,0.0,200.0,2.751,2.5815,0.0377,0.0136,6.87,7.0
1000,0.0001,0.0,0.01,0.1,0.1,0.01,200.0,2.2183,1.9749,0.0297,-0.0955,6.22,6.0
1000,0.0001,0.0,0.01,0.1,0.1,0.1,200.0,1.6211,1.1771,-0.0526,-0.2545,7.465,7.0
1000,0.0001,0.0,0.01,0.1,0.1,0.2,200.0,1.5518,1.2793,0.0632,0.2545,7.75,8.0
1000,0.0001,0.0,0.01,0.5,0.0,0.0,200.0,2.4945,2.1668,-0.0343,-0.2409,6.91,7.0
1000,0.0001,0.0,0.01,0.5,0.0,0.01,200.0,2.4364,2.2979,0.1436,0.3,7.34,7.0
1000,0.0001,0.0,0.01,0.5,0.0,0.1,11.0,2.2467,2.814,0.0091,0.3545,6.4545,7.0
1000,0.0001,0.0,0.01,0.5,0.0,0.2,200.0,1.5655,1.2881,0.4358,0.8727,7.805,8.0
1000,0.0001,0.0,0.01,0.5,0.01,0.0,200.0,2.5182,2.1702,-0.0627,-0.2227,6.985,7.0
1000,0.0001,0.0,0.01,0.5,0.01,0.01,200.0,2.2061,1.8405,0.0837,0.2545,7.22,7.0
1000,0.0001,0.0,0.01,0.5,0.01,0.1,24.0,2.2169,1.8609,-0.3208,-0.8364,7.5833,7.0
1000,0.0001,0.0,0.01,0.5,0.01,0.2,200.0,1.5232,1.2875,0.4057,0.8727,8.325,8.0
1000,0.0001,0.0,0.01,0.5,0.1,0.0,200.0,2.5777,2.2251,-0.0342,-0.1955,6.995,7.0
1000,0.0001,0.0,0.01,0.5,0.1,0.01,200.0,2.4019,2.1577,0.0501,0.1273,6.84,7.0
1000,0.0001,0.0,0.01,0.5,0.1,0.1,14.0,2.3221,2.8322,0.0013,0.4182,7.1429,6.0
1000,0.0001,0.0,0.01,0.5,0.1,0.2,200.0,1.5607,1.3087,0.4329,0.8545,8.17,8.0
1000,0.0001,0.0,0.01,1.0,0.0,0.0,200.0,2.1374,2.0279,0.019,0.0455,6.565,7.0
1000,0.0001,0.0,0.01,1.0,0.0,0.01,200.0,2.2519,2.1214,0.1977,0.3909,7.275,7.0
1000,0.0001,0.0,0.01,1.0,0.0,0.1,,,,,,,
1000,0.0001,0.0,0.01,1.0,0.0,0.2,112.0,1.6688,1.3319,0.6166,0.9364,8.7768,9.0
1000,0.0001,0.0,0.01,1.0,0.01,0.0,200.0,2.5142,2.2314,0.0497,0.0909,6.71,7.0
1000,0.0001,0.0,0.01,1.0,0.01,0.01,200.0,2.3255,2.0869,0.2113,0.3182,7.185,7.0
1000,0.0001,0.0,0.01,1.0,0.01,0.1,,,,,,,
1000,0.0001,0.0,0.01,1.0,0.01,0.2,55.0,1.6364,1.3347,0.5798,0.9455,8.5091,8.0
1000,0.0001,0.0,0.01,1.0,0.1,0.0,200.0,2.4341,2.1866,-0.0212,-0.1273,6.675,7.0
1000,0.0001,0.0,0.01,1.0,0.1,0.01,200.0,2.3486,2.0633,0.2108,0.4227,7.2,7.0
1000,0.0001,0.0,0.01,1.0,0.1,0.1,,,,,,,
1000,0.0001,0.0,0.01,1.0,0.1,0.2,77.0,1.5461,1.259,0.6149,0.9182,9.2857,9.0
1000,0.0001,0.0,0.1,0.0,0.0,0.0,200.0,1.8455,1.526,0.0353,-0.0727,6.525,7.0
1000,0.0001,0.0,0.1,0.0,0.0,0.01,200.0,1.9624,1.7671,0.0555,0.0273,6.625,7.0
1000,0.0001,0.0,0.1,0.0,0.0,0.1,5.0,3.1776,3.3752,0.7127,1.0,9.8,11.0
1000,0.0001,0.0,0.1,0.0,0.0,0.2,200.0,1.8598,1.6891,-0.0222,-0.8545,8.9,9.0
1000,0.0001,0.0,0.1,0.0,0.01,0.0,200.0,1.9205,1.6784,0.0733,0.3045,6.61,7.0
1000,0.0001,0.0,0.1,0.0,0.01,0.01,200.0,1.8346,1.7415,0.0934,0.4,6.54,6.5
1000,0.0001,0.0,0.1,0.0,0.01,0.1,18.0,1.9464,1.9093,-0.7727,-0.9,8.0556,8.0
1000,0.0001,0.0,0.1,0.0,0.01,0.2,200.0,1.7964,1.6147,-0.0078,-0.8727,8.74,9.0
1000,0.0001,0.0,0.1,0.0,0.1,0.0,200.0,2.1192,2.0122,0.0715,0.2273,6.935,7.0
1000,0.0001,0.0,0.1,0.0,0.1,0.01,200.0,2.0164,1.8741,0.0965,0.1455,6.79,7.0
1000,0.0001,0.0,0.1,0.0,0.1,0.1,11.0,2.4423,2.1014,-0.3917,-0.9091,8.4545,8.0
1000,0.0001,0.0,0.1,0.0,0.1,0.2,200.0,1.626,1.5005,0.0876,0.8682,8.555,8.0
1000,0.0001,0.0,0.1,0.1,0.0,0.0,200.0,2.1979,1.9891,0.1,0.25,6.765,7.0
1000,0.0001,0.0,0.1,0.1,0.0,0.01,200.0,1.9947,1.7511,0.1092,0.2909,6.585,7.0
1000,0.0001,0.0,0.1,0.1,0.0,0.1,35.0,2.1465,1.9848,-0.5904,-0.8909,8.6571,8.0
1000,0.0001,0.0,0.1,0.1,0.0,0.2,200.0,1.6615,1.5317,0.0586,0.9182,8.18,8.0
1000,0.0001,0.0,0.1,0.1,0.01,0.0,200.0,2.4011,2.2522,0.1864,0.5182,7.01,7.0
1000,0.0001,0.0,0.1,0.1,0.01,0.01,200.0,2.0405,1.8148,0.033,0.0182,6.57,7.0
1000,0.0001,0.0,0.1,0.1,0.01,0.1,7.0,2.3009,1.4889,-0.0922,-0.8909,8.4286,8.0
1000,0.0001,0.0,0.1,0.1,0.01,0.2,175.0,1.7288,1.603,-0.0772,-0.9182,8.36,8.0
1000,0.0001,0.0,0.1,0.1,0.1,0.0,200.0,2.0536,1.8825,0.1182,0.4091,6.545,6.0
1000,0.0001,0.0,0.1,0.1,0.1,0.01,200.0,1.9786,1.8898,0.0618,0.0318,6.505,7.0
1000,0.0001,0.0,0.1,0.1,0.1,0.1,12.0,2.6505,2.5298,0.0394,0.2545,9.1667,9.0
1000,0.0001,0.0,0.1,0.1,0.1,0.2,162.0,1.6874,1.6081,-0.0573,-0.9,8.1235,8.0
1000,0.0001,0.0,0.1,0.5,0.0,0.0,200.0,2.5075,2.5574,0.232,0.4773,7.025,7.0
1000,0.0001,0.0,0.1,0.5,0.0,0.01,200.0,1.8639,1.643,0.1201,0.4045,6.38,6.0
1000,0.0001,0.0,0.1,0.5,0.0,0.1,38.0,2.5907,2.2294,-0.1844,-0.8545,8.7632,9.0
1000,0.0001,0.0,0.1,0.5,0.0,0.2,200.0,1.7622,1.6317,-0.0104,-0.8909,9.065,9.0
1000,0.0001,0.0,0.1,0.5,0.01,0.0,200.0,2.2881,2.2691,0.1747,0.3818,6.865,7.0
1000,0.0001,0.0,0.1,0.5,0.01,0.01,200.0,2.0114,1.9326,0.0307,-0.0182,6.79,7.0
1000,0.0001,0.0,0.1,0.5,0.01,0.1,60.0,2.5239,2.3067,-0.1874,-0.9091,8.9833,9.0
1000,0.0001,0.0,0.1,0.5,0.01,0.2,200.0,1.6747,1.6098,-0.2475,-0.9455,8.615,9.0
1000,0.0001,0.0,0.1,0.5,0.1,0.0,200.0,2.109,2.0041,0.2747,0.6818,7.04,7.0
1000,0.0001,0.0,0.1,0.5,0.1,0.01,200.0,1.8669,1.7489,0.08,0.1455,6.505,7.0
1000,0.0001,0.0,0.1,0.5,0.1,0.1,35.0,2.3159,2.0377,-0.4062,-0.8909,7.8,8.0
1000,0.0001,0.0,0.1,0.5,0.1,0.2,149.0,1.6366,1.2932,-0.2477,-0.9545,8.6174,9.0
1000,0.0001,0.0,0.1,1.0,0.0,0.0,200.0,2.0139,1.8373,0.0367,0.0591,7.01,7.0
1000,0.0001,0.0,0.1,1.0,0.0,0.01,200.0,2.0262,1.8173,0.0939,0.1909,6.66,7.0
1000,0.0001,0.0,0.1,1.0,0.0,0.1,25.0,2.2871,2.1048,-0.1109,-0.9364,8.56,9.0
1000,0.0001,0.0,0.1,1.0,0.0,0.2,200.0,1.903,1.681,0.1459,0.9364,8.585,9.0
1000,0.0001,0.0,0.1,1.0,0.01,0.0,200.0,2.1435,1.9318,0.1199,0.1818,6.755,7.0
1000,0.0001,0.0,0.1,1.0,0.01,0.01,200.0,1.8779,1.7876,0.0004,-0.1091,6.635,7.0
1000,0.0001,0.0,0.1,1.0,0.01,0.1,19.0,1.9118,2.0836,-0.333,-0.9,8.6842,8.0
1000,0.0001,0.0,0.1,1.0,0.01,0.2,200.0,1.7182,1.6087,0.082,0.9,8.535,9.0
1000,0.0001,0.0,0.1,1.0,0.1,0.0,200.0,2.0258,1.7607,0.0336,-0.0682,6.96,7.0
1000,0.0001,0.0,0.1,1.0,0.1,0.01,200.0,2.0965,1.912,0.1527,0.4045,7.185,7.0
1000,0.0001,0.0,0.1,1.0,0.1,0.1,67.0,2.335,2.2319,-0.4512,-0.9364,8.9254,9.0
1000,0.0001,0.0,0.1,1.0,0.1,0.2,200.0,1.8791,1.6305,0.107,0.9273,8.825,9.0
1000,0.0001,0.0,0.5,0.0,0.0,0.0,200.0,1.75,1.5725,0.1182,0.4773,7.275,7.0
1000,0.0001,0.0,0.5,0.0,0.0,0.01,200.0,1.7725,1.512,0.1882,0.4182,7.175,7.0
1000,0.0001,0.0,0.5,0.0,0.0,0.1,31.0,2.8342,2.9521,0.4672,0.9909,9.1935,9.0
1000,0.0001,0.0,0.5,0.0,0.0,0.2,36.0,2.6098,2.7848,0.7523,0.9727,10.0556,10.0
1000,0.0001,0.0,0.5,0.0,0.01,0.0,200.0,1.8363,1.6913,0.2697,0.7864,7.47,7.0
1000,0.0001,0.0,0.5,0.0,0.01,0.01,200.0,1.8423,1.5277,0.0941,0.3045,7.34,7.0
1000,0.0001,0.0,0.5,0.0,0.01,0.1,46.0,2.9594,2.9781,0.3982,0.9545,9.5,10.0
1000,0.0001,0.0,0.5,0.0,0.01,0.2,29.0,2.9936,3.1645,0.7172,0.9909,10.069,10.0
1000,0.0001,0.0,0.5,0.0,0.1,0.0,200.0,1.8225,1.714,0.2164,0.7364,7.28,7.0
1000,0.0001,0.0,0.5,0.0,0.1,0.01,200.0,1.7543,1.5066,0.1177,0.2273,6.99,7.0
1000,0.0001,0.0,0.5,0.0,0.1,0.1,33.0,3.0676,3.1242,0.519,1.0,9.7879,10.0
1000,0.0001,0.0,0.5,0.0,0.1,0.2,29.0,2.6886,2.7848,0.7176,1.0,10.0345,10.0
1000,0.0001,0.0,0.5,0.1,0.0,0.0,200.0,1.9524,1.8345,0.2887,0.8045,7.6,8.0
1000,0.0001,0.0,0.5,0.1,0.0,0.01,200.0,1.905,1.6867,0.1377,0.3318,6.92,7.0
1000,0.0001,0.0,0.5,0.1,0.0,0.1,32.0,2.9898,3.2982,0.5026,0.9818,9.1562,10.0
1000,0.0001,0.0,0.5,0.1,0.0,0.2,39.0,3.1482,3.2304,0.7869,0.9909,10.0769,10.0
1000,0.0001,0.0,0.5,0.1,0.01,0.0,200.0,1.8767,1.7601,0.2352,0.7136,7.215,7.0
1000,0.0001,0.0,0.5,0.1,0.01,0.01,200.0,1.6471,1.4292,0.1893,0.6545,7.26,7.0
1000,0.0001,0.0,0.5,0.1,0.01,0.1,32.0,3.0551,3.1699,0.7389,1.0,9.1562,9.0
1000,0.0001,0.0,0.5,0.1,0.01,0.2,42.0,2.6548,2.6654,0.7944,0.9909,10.2857,11.0
1000,0.0001,0.0,0.5,0.1,0.1,0.0,200.0,1.8823,1.7016,0.2232,0.7409,7.225,7.0
1000,0.0001,0.0,0.5,0.1,0.1,0.01,200.0,1.8142,1.6106,0.0792,0.1455,7.07,7.0
1000,0.0001,0.0,0.5,0.1,0.1,0.1,37.0,3.0439,3.2607,0.6747,1.0,9.5405,10.0
1000,0.0001,0.0,0.5,0.1,0.1,0.2,29.0,2.4504,2.523,0.721,1.0,10.1379,10.0
1000,0.0001,0.0,0.5,0.5,0.0,0.0,200.0,1.8969,1.5739,0.18,0.5955,7.35,7.0
1000,0.0001,0.0,0.5,0.5,0.0,0.01,200.0,2.0475,1.9346,0.2608,0.7455,7.205,7.0
1000,0.0001,0.0,0.5,0.5,0.0,0.1,49.0,3.013,3.2511,0.5141,0.9909,9.3061,9.0
1000,0.0001,0.0,0.5,0.5,0.0,0.2,35.0,2.9586,3.1971,0.5366,1.0,10.2857,10.0
1000,0.0001,0.0,0.5,0.5,0.01,0.0,200.0,1.8563,1.6388,0.187,0.6409,7.02,7.0
1000,0.0001,0.0,0.5,0.5,0.01,0.01,200.0,2.045,1.8964,0.1474,0.4455,7.32,7.0
1000,0.0001,0.0,0.5,0.5,0.01,0.1,50.0,3.0247,3.1972,0.5949,0.9909,9.72,10.0
1000,0.0001,0.0,0.5,0.5,0.01,0.2,35.0,3.0312,3.1971,0.7694,1.0,10.7714,11.0
1000,0.0001,0.0,0.5,0.5,0.1,0.0,200.0,1.9747,1.7086,0.1471,0.5636,7.03,7.0
1000,0.0001,0.0,0.5,0.5,0.1,0.01,200.0,1.9253,1.722,0.2102,0.4955,7.36,7.0
1000,0.0001,0.0,0.5,0.5,0.1,0.1,40.0,3.1003,3.3559,0.592,1.0,9.625,10.0
1000,0.0001,0.0,0.5,0.5,0.1,0.2,26.0,2.9047,2.9866,0.692,1.0,10.5,10.5
1000,0.0001,0.0,0.5,1.0,0.0,0.0,200.0,2.0305,2.0368,0.2294,0.7364,7.13,7.0
1000,0.0001,0.0,0.5,1.0,0.0,0.01,200.0,2.1111,1.9895,0.1043,0.1727,7.345,7.0
1000,0.0001,0.0,0.5,1.0,0.0,0.1,55.0,2.9187,2.9807,0.3762,0.9818,9.4182,10.0
1000,0.0001,0.0,0.5,1.0,0.0,0.2,37.0,3.0419,3.1971,0.7762,0.9909,10.3514,10.0
1000,0.0001,0.0,0.5,1.0,0.01,0.0,200.0,2.0741,1.9407,0.3302,0.8636,7.465,7.0
1000,0.0001,0.0,0.5,1.0,0.01,0.01,200.0,1.92,1.742,0.1229,0.3091,6.885,7.0
1000,0.0001,0.0,0.5,1.0,0.01,0.1,47.0,2.9411,2.9914,0.6091,1.0,9.9787,10.0
1000,0.0001,0.0,0.5,1.0,0.01,0.2,58.0,2.9604,2.9799,0.8124,0.9955,10.3103,10.0
1000,0.0001,0.0,0.5,1.0,0.1,0.0,200.0,2.1475,2.2533,0.376,0.9409,7.41,7.0
1000,0.0001,0.0,0.5,1.0,0.1,0.01,200.0,2.0735,2.0299,0.2766,0.7,7.295,7.0
1000,0.0001,0.0,0.5,1.0,0.1,0.1,41.0,2.9769,3.0776,0.5967,0.9909,9.4146,9.0
1000,0.0001,0.0,0.5,1.0,0.1,0.2,68.0,3.0942,3.098,0.8067,0.9909,10.2353,10.0
1000,0.0001,0.01,0.01,0.0,0.0,0.0,200.0,1.839,1.5197,0.007,-0.2545,5.605,6.0
1000,0.0001,0.01,0.01,0.0,0.0,0.01,200.0,1.585,1.3577,0.0166,-0.2364,5.735,6.0
1000,0.0001,0.01,0.01,0.0,0.0,0.1,200.0,1.3058,1.1306,-0.0351,-0.2273,5.78,6.0
1000,0.0001,0.01,0.01,0.0,0.0,0.2,85.0,1.5584,1.1285,0.1151,0.3545,6.4706,6.0
1000,0.0001,0.01,0.01,0.0,0.01,0.0,200.0,1.8552,1.5615,-0.0217,-0.2682,5.7,6.0
1000,0.0001,0.01,0.01,0.0,0.01,0.01,200.0,1.5128,1.2546,0.0089,-0.2273,5.48,5.0
1000,0.0001,0.01,0.01,0.0,0.01,0.1,200.0,1.3246,1.0961,-0.1035,-0.3636,6.155,6.0
1000,0.0001,0.01,0.01,0.0,0.01,0.2,98.0,1.2787,0.9762,0.1037,0.3909,5.9388,6.0
1000,0.0001,0.01,0.01,0.0,0.1,0.0,200.0,2.0366,1.7275,-0.0787,-0.3182,5.745,6.0
1000,0.0001,0.01,0.01,0.0,0.1,0.01,200.0,1.5319,1.2201,-0.0001,-0.2818,5.575,5.0
1000,0.0001,0.01,0.01,0.0,0.1,0.1,200.0,1.4912,1.2127,-0.0868,-0.4727,5.955,6.0
1000,0.0001,0.01,0.01,0.0,0.1,0.2,67.0,1.3928,1.159,0.1204,0.4,6.1045,6.0
1000,0.0001,0.01,0.01,0.1,0.0,0.0,200.0,1.7048,1.3389,-0.0428,-0.3364,5.62,6.0
1000,0.0001,0.01,0.01,0.1,0.0,0.01,200.0,1.3917,1.1668,-0.1228,-0.5364,5.64,6.0
1000,0.0001,0.01,0.01,0.1,0.0,0.1,79.0,1.8271,1.4071,0.0341,0.1,6.519,7.0
1000,0.0001,0.01,0.01,0.1,0.0,0.2,90.0,1.5443,1.2407,-0.0301,0.0364,6.9111,7.0
1000,0.0001,0.01,0.01,0.1,0.01,0.0,200.0,1.7644,1.4457,-0.0775,-0.3273,5.535,5.0
1000,0.0001,0.01,0.01,0.1,0.01,0.01,200.0,1.4956,1.2434,-0.1691,-0.5091,5.695,6.0
1000,0.0001,0.01,0.01,0.1,0.01,0.1,114.0,1.9419,1.6572,0.0847,0.2864,6.2456,6.0
1000,0.0001,0.01,0.01,0.1,0.01,0.2,95.0,1.4171,1.1145,0.0622,0.1545,6.9579,7.0
1000,0.0001,0.01,0.01,0.1,0.1,0.0,200.0,1.7998,1.5933,-0.101,-0.4955,5.55,5.0
1000,0.0001,0.01,0.01,0.1,0.1,0.01,200.0,1.4433,1.1568,-0.1177,-0.4818,5.41,5.0
1000,0.0001,0.01,0.01,0.1,0.1,0.1,104.0,1.7455,1.5097,-0.0212,0.0091,6.2308,6.0
1000,0.0001,0.01,0.01,0.1,0.1,0.2,107.0,1.423,1.1267,0.0353,0.0727,6.7757,7.0
1000,0.0001,0.01,0.01,0.5,0.0,0.0,200.0,1.7923,1.556,-0.0645,-0.3591,5.985,6.0
1000,0.0001,0.01,0.01,0.5,0.0,0.01,200.0,1.9511,1.7812,-0.0397,-0.3455,6.22,6.0
1000,0.0001,0.01,0.01,0.5,0.0,0.1,137.0,2.1213,1.6575,-0.1127,-0.1545,6.4891,6.0
1000,0.0001,0.01,0.01,0.5,0.0,0.2,188.0,1.6244,1.4824,0.2132,0.4091,6.8457,7.0
1000,0.0001,0.01,0.01,0.5,0.01,0.0,200.0,1.8151,1.6581,-0.0532,-0.4818,5.81,6.0
1000,0.0001,0.01,0.01,0.5,0.01,0.01,200.0,2.102,1.8725,-0.0043,-0.1955,6.06,6.0
1000,0.0001,0.01,0.01,0.5,0.01,0.1,103.0,2.1034,2.4011,0.0923,0.3273,6.3301,6.0
1000,0.0001,0.01,0.01,0.5,0.01,0.2,200.0,1.7141,1.5311,0.2,0.5136,6.975,7.0
1000,0.0001,0.01,0.01,0.5,0.1,0.0,200.0,1.7707,1.5706,-0.0608,-0.4909,5.8,6.0
1000,0.0001,0.01,0.01,0.5,0.1,0.01,200.0,1.8753,1.6568,-0.0765,-0.4909,6.0,6.0
1000,0.0001,0.01,0.01,0.5,0.1,0.1,144.0,2.106,1.4473,-0.0861,-0.2364,6.5139,6.0
1000,0.0001,0.01,0.01,0.5,0.1,0.2,180.0,1.7915,1.5885,0.1077,0.3,6.9111,7.0
1000,0.0001,0.01,0.01,1.0,0.0,0.0,200.0,1.7147,1.426,0.0257,-0.1273,5.625,6.0
1000,0.0001,0.01,0.01,1.0,0.0,0.01,200.0,1.6738,1.3651,-0.0524,-0.2091,5.835,6.0
1000,0.0001,0.01,0.01,1.0,0.0,0.1,118.0,1.8703,1.6224,-0.076,-0.4591,6.5847,7.0
1000,0.0001,0.01,0.01,1.0,0.0,0.2,36.0,1.0914,1.0144,0.3869,0.8182,7.0,7.0
1000,0.0001,0.01,0.01,1.0,0.01,0.0,200.0,1.6619,1.4155,0.0063,-0.2091,5.675,6.0
1000,0.0001,0.01,0.01,1.0,0.01,0.01,200.0,1.6324,1.4535,-0.041,-0.3227,6.055,6.0
1000,0.0001,0.01,0.01,1.0,0.01,0.1,83.0,1.5365,1.2562,-0.2071,-0.5545,6.8675,7.0
1000,0.0001,0.01,0.01,1.0,0.01,0.2,33.0,1.1486,1.1676,0.3939,0.6636,7.1212,7.0
1000,0.0001,0.01,0.01,1.0,0.1,0.0,200.0,1.8829,1.6605,-0.0131,-0.15,5.98,6.0
1000,0.0001,0.01,0.01,1.0,0.1,0.01,200.0,1.6165,1.3586,-0.0406,-0.2818,6.025,6.0
1000,0.0001,0.01,0.01,1.0,0.1,0.1,87.0,1.8482,1.2987,-0.034,-0.2909,6.4598,6.0
1000,0.0001,0.01,0.01,1.0,0.1,0.2,40.0,1.196,1.2049,0.3784,0.7318,6.925,7.0
1000,0.0001,0.01,0.1,0.0,0.0,0.0,200.0,1.5882,1.4077,-0.0151,-0.2227,5.605,6.0
1000,0.0001,0.01,0.1,0.0,0.0,0.01,200.0,1.6697,1.4245,-0.0577,-0.4091,5.865,6.0
1000,0.0001,0.01,0.1,0.0,0.0,0.1,200.0,1.9276,1.9989,-0.2929,-0.6727,7.08,7.0
1000,0.0001,0.01,0.1,0.0,0.0,0.2,186.0,1.7852,1.8675,-0.4206,-0.8091,7.5591,7.0
1000,0.0001,0.01,0.1,0.0,0.01,0.0,200.0,1.5741,1.3656,-0.0337,-0.3227,5.79,6.0
1000,0.0001,0.01,0.1,0.0,0.01,0.01,200.0,1.7108,1.3924,-0.0276,-0.1364,5.905,6.0
1000,0.0001,0.01,0.1,0.0,0.01,0.1,200.0,1.7193,1.7836,-0.244,-0.65,6.96,7.0
1000,0.0001,0.01,0.1,0.0,0.01,0.2,200.0,1.6795,1.7491,-0.3996,-0.8091,7.135,7.0
1000,0.0001,0.01,0.1,0.0,0.1,0.0,200.0,1.5798,1.4194,-0.0094,-0.2591,5.65,6.0
1000,0.0001,0.01,0.1,0.0,0.1,0.01,200.0,1.7284,1.3401,-0.0182,-0.2864,5.63,6.0
1000,0.0001,0.01,0.1,0.0,0.1,0.1,200.0,1.9788,2.2047,-0.3724,-0.6545,7.185,7.0
1000,0.0001,0.01,0.1,0.0,0.1,0.2,200.0,1.7248,1.7108,-0.3792,-0.9,7.55,7.0
1000,0.0001,0.01,0.1,0.1,0.0,0.0,200.0,1.6175,1.3171,-0.0417,-0.4136,5.455,5.0
1000,0.0001,0.01,0.1,0.1,0.0,0.01,200.0,1.7696,1.5314,-0.1189,-0.4955,5.785,6.0
1000,0.0001,0.01,0.1,0.1,0.0,0.1,200.0,1.7731,1.8989,-0.2118,-0.5273,6.625,7.0
1000,0.0001,0.01,0.1,0.1,0.0,0.2,141.0,1.4889,1.2703,-0.1406,-0.7727,6.8794,7.0
1000,0.0001,0.01,0.1,0.1,0.01,0.0,200.0,1.5493,1.2812,-0.0547,-0.2864,5.445,6.0
1000,0.0001,0.01,0.1,0.1,0.01,0.01,200.0,1.6607,1.4834,-0.1329,-0.5273,5.69,6.0
1000,0.0001,0.01,0.1,0.1,0.01,0.1,172.0,1.7538,1.5363,-0.2474,-0.6182,7.1163,7.0
1000,0.0001,0.01,0.1,0.1,0.01,0.2,172.0,1.3399,1.2639,-0.3016,-0.7818,7.0,7.0
1000,0.0001,0.01,0.1,0.1,0.1,0.0,200.0,1.6057,1.4267,-0.0504,-0.3591,5.68,6.0
1000,0.0001,0.01,0.1,0.1,0.1,0.01,200.0,1.7539,1.4782,-0.0626,-0.4318,5.54,6.0
1000,0.0001,0.01,0.1,0.1,0.1,0.1,200.0,2.0234,2.4223,-0.3546,-0.7818,7.395,8.0
1000,0.0001,0.01,0.1,0.1,0.1,0.2,95.0,1.0777,1.1599,-0.257,-0.6455,6.6,7.0
1000,0.0001,0.01,0.1,0.5,0.0,0.0,200.0,1.7513,1.5526,-0.0926,-0.5,5.815,6.0
1000,0.0001,0.01,0.1,0.5,0.0,0.01,200.0,1.7693,1.545,-0.0086,-0.2136,5.93,6.0
1000,0.0001,0.01,0.1,0.5,0.0,0.1,200.0,2.2395,2.5732,-0.3425,-0.7818,7.44,8.0
1000,0.0001,0.01,0.1,0.5,0.0,0.2,106.0,1.6954,1.6105,-0.4542,-0.9,7.3208,7.0
1000,0.0001,0.01,0.1,0.5,0.01,0.0,200.0,1.7031,1.5478,-0.1089,-0.4818,5.625,6.0
1000,0.0001,0.01,0.1,0.5,0.01,0.01,200.0,1.8428,1.7189,-0.0359,-0.3091,5.895,6.0
1000,0.0001,0.01,0.1,0.5,0.01,0.1,200.0,2.0422,1.7811,-0.3675,-0.7727,7.165,7.0
1000,0.0001,0.01,0.1,0.5,0.01,0.2,112.0,1.65,1.5897,-0.4029,-0.9227,7.9911,8.0
1000,0.0001,0.01,0.1,0.5,0.1,0.0,200.0,1.653,1.3263,-0.093,-0.4909,5.635,6.0
1000,0.0001,0.01,0.1,0.5,0.1,0.01,200.0,1.8122,1.5337,-0.0604,-0.3409,5.84,6.0
1000,0.0001,0.01,0.1,0.5,0.1,0.1,200.0,2.1259,2.2293,-0.302,-0.5364,7.2,7.0
1000,0.0001,0.01,0.1,0.5,0.1,0.2,110.0,1.5527,1.5659,-0.5536,-0.9,7.4818,7.0
1000,0.0001,0.01,0.1,1.0,0.0,0.0,200.0,1.6898,1.4259,-0.0816,-0.4545,5.8,6.0
1000,0.0001,0.01,0.1,1.0,0.0,0.01,200.0,1.9517,1.7864,-0.1446,-0.4409,6.235,6.0
1000,0.0001,0.01,0.1,1.0,0.0,0.1,200.0,2.0018,1.8783,-0.2246,-0.6227,7.24,7.0
1000,0.0001,0.01,0.1,1.0,0.0,0.2,145.0,1.715,1.5687,-0.0378,-0.2636,7.1103,7.0
1000,0.0001,0.01,0.1,1.0,0.01,0.0,200.0,1.7618,1.4459,-0.0775,-0.3591,5.855,6.0
1000,0.0001,0.01,0.1,1.0,0.01,0.01,200.0,1.8388,1.7164,-0.0677,-0.3455,6.28,6.0
1000,0.0001,0.01,0.1,1.0,0.01,0.1,200.0,1.9794,1.7182,-0.1069,-0.3727,7.405,7.0
1000,0.0001,0.01,0.1,1.0,0.01,0.2,200.0,1.6645,1.5646,0.1231,0.6364,7.055,7.0
1000,0.0001,0.01,0.1,1.0,0.1,0.0,200.0,1.6572,1.2837,-0.0976,-0.4864,5.73,6.0
1000,0.0001,0.01,0.1,1.0,0.1,0.01,200.0,1.6965,1.4312,-0.1829,-0.5,6.04,6.0
1000,0.0001,0.01,0.1,1.0,0.1,0.1,200.0,2.102,1.8451,-0.1739,-0.5636,7.355,7.0
1000,0.0001,0.01,0.1,1.0,0.1,0.2,161.0,1.5938,1.5704,-0.1113,-0.8,7.1801,7.0
1000,0.0001,0.01,0.5,0.0,0.0,0.0,200.0,1.729,1.4986,-0.022,-0.1773,6.37,6.0
1000,0.0001,0.01,0.5,0.0,0.0,0.01,200.0,1.8186,1.6543,-0.0755,-0.4227,6.515,6.0
1000,0.0001,0.01,0.5,0.0,0.0,0.1,51.0,2.9974,3.2813,0.3071,0.9727,9.4706,10.0
1000,0.0001,0.01,0.5,0.0,0.0,0.2,125.0,2.2507,2.1003,0.2037,0.9182,8.92,9.0
1000,0.0001,0.01,0.5,0.0,0.01,0.0,200.0,1.6752,1.5718,-0.0642,-0.4682,6.22,6.0
1000,0.0001,0.01,0.5,0.0,0.01,0.01,200.0,1.8738,1.7361,-0.0233,-0.3182,6.36,6.0
1000,0.0001,0.01,0.5,0.0,0.01,0.1,106.0,2.6697,2.5649,0.1876,0.9455,9.1792,9.0
1000,0.0001,0.01,0.5,0.0,0.01,0.2,82.0,2.5883,2.2093,0.3276,0.9818,9.4268,9.0
1000,0.0001,0.01,0.5,0.0,0.1,0.0,200.0,1.7359,1.4933,-0.0549,-0.4,6.265,6.0
1000,0.0001,0.01,0.5,0.0,0.1,0.01,200.0,1.672,1.5647,-0.0709,-0.3545,6.56,6.0
1000,0.0001,0.01,0.5,0.0,0.1,0.1,92.0,2.4092,2.2829,0.3088,0.9636,8.6087,9.0
1000,0.0001,0.01,0.5,0.0,0.1,0.2,123.0,2.3858,2.2285,0.2222,0.9182,9.2114,10.0
1000,0.0001,0.01,0.5,0.1,0.0,0.0,200.0,1.7801,1.6969,-0.1301,-0.4955,6.405,6.0
1000,0.0001,0.01,0.5,0.1,0.0,0.01,200.0,1.7348,1.5025,-0.0868,-0.4409,6.19,6.0
1000,0.0001,0.01,0.5,0.1,0.0,0.1,130.0,2.4737,2.634,0.2883,0.8818,8.2538,9.0
1000,0.0001,0.01,0.5,0.1,0.0,0.2,103.0,2.5112,2.2551,0.2244,0.9545,8.9903,9.0
1000,0.0001,0.01,0.5,0.1,0.01,0.0,200.0,1.5574,1.4481,-0.083,-0.4636,6.26,6.0
1000,0.0001,0.01,0.5,0.1,0.01,0.01,200.0,1.6018,1.3259,-0.0323,-0.1636,6.305,6.0
1000,0.0001,0.01,0.5,0.1,0.01,0.1,116.0,2.4979,2.5272,0.1741,0.9182,9.0172,9.0
1000,0.0001,0.01,0.5,0.1,0.01,0.2,71.0,2.4266,2.2254,0.0288,0.9182,9.1549,9.0
1000,0.0001,0.01,0.5,0.1,0.1,0.0,200.0,1.6932,1.6399,-0.0883,-0.4909,6.195,6.0
1000,0.0001,0.01,0.5,0.1,0.1,0.01,200.0,1.7979,1.8197,-0.1145,-0.4682,6.31,6.0
1000,0.0001,0.01,0.5,0.1,0.1,0.1,65.0,2.6146,2.7196,0.3772,0.9636,9.3385,10.0
1000,0.0001,0.01,0.5,0.1,0.1,0.2,116.0,2.4909,2.2717,0.3445,0.9636,9.1207,9.0
1000,0.0001,0.01,0.5,0.5,0.0,0.0,200.0,1.739,1.5096,-0.0855,-0.4591,6.145,6.0
1000,0.0001,0.01,0.5,0.5,0.0,0.01,200.0,1.8789,1.7928,-0.0374,-0.2909,6.165,6.0
1000,0.0001,0.01,0.5,0.5,0.0,0.1,110.0,2.3601,2.1962,0.1364,0.8909,8.4727,8.0
1000,0.0001,0.01,0.5,0.5,0.0,0.2,121.0,2.4403,2.2976,0.2705,0.9182,9.1074,9.0
1000,0.0001,0.01,0.5,0.5,0.01,0.0,200.0,1.6672,1.5371,-0.0735,-0.4909,6.155,6.0
1000,0.0001,0.01,0.5,0.5,0.01,0.01,200.0,2.017,1.8943,-0.0361,-0.3318,6.415,6.0
1000,0.0001,0.01,0.5,0.5,0.01,0.1,101.0,2.5286,2.3108,0.2127,0.9727,8.8317,9.0
1000,0.0001,0.01,0.5,0.5,0.01,0.2,94.0,2.6828,2.7919,0.4468,0.9955,9.117,9.0
1000,0.0001,0.01,0.5,0.5,0.1,0.0,200.0,1.6907,1.5234,-0.0542,-0.3045,6.18,6.0
1000,0.0001,0.01,0.5,0.5,0.1,0.01,200.0,1.9559,1.9484,-0.0677,-0.4091,6.34,6.0
1000,0.0001,0.01,0.5,0.5,0.1,0.1,84.0,2.9551,3.2426,0.2326,0.9591,8.9762,9.0
1000,0.0001,0.01,0.5,0.5,0.1,0.2,88.0,2.4831,2.156,0.1679,0.9591,8.8068,9.0
1000,0.0001,0.01,0.5,1.0,0.0,0.0,200.0,1.7182,1.5931,-0.0168,-0.2455,6.415,6.0
1000,0.0001,0.01,0.5,1.0,0.0,0.01,200.0,1.8157,1.6588,-0.0292,-0.2682,6.275,6.0
1000,0.0001,0.01,0.5,1.0,0.0,0.1,74.0,2.747,2.6164,0.1676,0.9364,8.473,9.0
1000,0.0001,0.01,0.5,1.0,0.0,0.2,88.0,2.2483,2.0167,-0.0171,-0.9182,8.6364,9.0
1000,0.0001,0.01,0.5,1.0,0.01,0.0,200.0,1.6798,1.5079,-0.1009,-0.4591,6.37,6.0
1000,0.0001,0.01,0.5,1.0,0.01,0.01,200.0,1.8172,1.6638,-0.0637,-0.3364,6.565,7.0
1000,0.0001,0.01,0.5,1.0,0.01,0.1,89.0,2.5582,2.6888,0.2585,0.9182,8.8539,9.0
1000,0.0001,0.01,0.5,1.0,0.01,0.2,67.0,2.5003,2.144,0.1134,0.9818,9.6418,10.0
1000,0.0001,0.01,0.5,1.0,0.1,0.0,200.0,1.7327,1.5207,-0.0947,-0.4545,6.48,6.0
1000,0.0001,0.01,0.5,1.0,0.1,0.01,200.0,1.9336,1.6815,-0.0496,-0.2364,6.515,7.0
1000,0.0001,0.01,0.5,1.0,0.1,0.1,72.0,2.7585,2.4449,0.1458,0.9455,8.6667,9.0
1000,0.0001,0.01,0.5,1.0,0.1,0.2,90.0,2.4876,2.2114,0.3102,0.9636,8.7556,9.0
1000,0.0001,0.1,0.01,0.0,0.0,0.0,200.0,2.6418,2.6069,-0.0334,-0.0727,5.945,6.0
1000,0.0001,0.1,0.01,0.0,0.0,0.01,200.0,2.2129,2.0563,-0.1172,-0.3455,5.84,6.0
1000,0.0001,0.1,0.01,0.0,0.0,0.1,200.0,1.3115,1.1551,-0.0197,-0.2,5.84,6.0
1000,0.0001,0.1,0.01,0.0,0.0,0.2,200.0,1.342,1.184,-0.0185,-0.1773,6.215,6.0
1000,0.0001,0.1,0.01,0.0,0.01,0.0,200.0,2.6737,2.6118,-0.0555,-0.15,6.02,6.0
1000,0.0001,0.1,0.01,0.0,0.01,0.01,200.0,2.298,2.1511,-0.0754,-0.2136,5.965,6.0
1000,0.0001,0.1,0.01,0.0,0.01,0.1,200.0,1.3754,1.327,0.0388,0.0909,5.795,6.0
1000,0.0001,0.1,0.01,0.0,0.01,0.2,200.0,1.4217,1.2175,0.058,-0.0636,6.09,6.0
1000,0.0001,0.1,0.01,0.0,0.1,0.0,200.0,2.7038,2.5988,-0.0663,-0.1091,6.055,6.0
1000,0.0001,0.1,0.01,0.0,0.1,0.01,200.0,2.2575,2.088,-0.087,-0.2955,5.9,6.0
1000,0.0001,0.1,0.01,0.0,0.1,0.1,200.0,1.3536,1.2359,0.01,-0.0682,5.9,6.0
1000,0.0001,0.1,0.01,0.0,0.1,0.2,200.0,1.3416,1.1506,-0.0021,-0.3364,5.93,6.0
1000,0.0001,0.1,0.01,0.1,0.0,0.0,200.0,2.5393,2.401,-0.0849,-0.2,5.895,6.0
1000,0.0001,0.1,0.01,0.1,0.0,0.01,200.0,2.0988,1.9207,-0.0473,-0.2636,5.75,6.0
1000,0.0001,0.1,0.01,0.1,0.0,0.1,200.0,1.2892,1.0845,-0.0295,-0.2227,5.705,6.0
1000,0.0001,0.1,0.01,0.1,0.0,0.2,200.0,1.3134,1.0873,-0.0187,-0.2091,6.035,6.0
1000,0.0001,0.1,0.01,0.1,0.01,0.0,200.0,2.5549,2.3667,-0.0433,-0.0727,6.08,6.0
1000,0.0001,0.1,0.01,0.1,0.01,0.01,200.0,2.1567,2.0284,-0.0793,-0.3773,5.745,6.0
1000,0.0001,0.1,0.01,0.1,0.01,0.1,200.0,1.2994,1.0683,-0.0189,-0.2409,5.975,6.0
1000,0.0001,0.1,0.01,0.1,0.01,0.2,200.0,1.3735,1.1656,0.0277,-0.0545,6.055,6.0
1000,0.0001,0.1,0.01,0.1,0.1,0.0,200.0,2.5629,2.3793,-0.106,-0.2591,5.97,6.0
1000,0.0001,0.1,0.01,0.1,0.1,0.01,200.0,2.1029,1.9131,-0.0567,-0.3273,5.915,6.0
1000,0.0001,0.1,0.01,0.1,0.1,0.1,200.0,1.3243,1.2122,-0.0162,-0.0136,5.8,6.0
1000,0.0001,0.1,0.01,0.1,0.1,0.2,200.0,1.4183,1.0534,0.021,-0.1273,5.99,6.0
1000,0.0001,0.1,0.01,0.5,0.0,0.0,200.0,2.6392,2.4246,-0.0785,-0.2273,6.035,6.0
1000,0.0001,0.1,0.01,0.5,0.0,0.01,200.0,2.3657,2.3697,-0.0868,-0.35,5.935,6.0
1000,0.0001,0.1,0.01,0.5,0.0,0.1,200.0,1.3366,1.074,-0.0228,-0.2318,5.9,6.0
1000,0.0001,0.1,0.01,0.5,0.0,0.2,200.0,1.5351,1.4438,0.0748,0.1545,6.34,6.0
1000,0.0001,0.1,0.01,0.5,0.01,0.0,200.0,2.512,2.3955,-0.0798,-0.2455,5.86,6.0
1000,0.0001,0.1,0.01,0.5,0.01,0.01,200.0,2.1766,2.0561,-0.1222,-0.35,6.045,6.0
1000,0.0001,0.1,0.01,0.5,0.01,0.1,200.0,1.3497,1.1293,0.0747,0.2364,5.83,6.0
1000,0.0001,0.1,0.01,0.5,0.01,0.2,200.0,1.4894,1.3577,0.0512,0.2182,6.51,6.0
1000,0.0001,0.1,0.01,0.5,0.1,0.0,200.0,2.5805,2.651,-0.0481,-0.2409,6.02,6.0
1000,0.0001,0.1,0.01,0.5,0.1,0.01,200.0,2.2539,2.1936,-0.1259,-0.3318,6.085,6.0
1000,0.0001,0.1,0.01,0.5,0.1,0.1,200.0,1.4504,1.2189,-0.0318,-0.2273,6.17,6.0
1000,0.0001,0.1,0.01,0.5,0.1,0.2,200.0,1.5622,1.468,0.0854,0.2273,6.32,6.0
1000,0.0001,0.1,0.01,1.0,0.0,0.0,200.0,2.401,2.3083,-0.0341,-0.2,5.99,6.0
1000,0.0001,0.1,0.01,1.0,0.0,0.01,200.0,2.1653,2.0931,-0.049,-0.2818,5.985,6.0
1000,0.0001,0.1,0.01,1.0,0.0,0.1,200.0,1.3535,1.2524,-0.0193,-0.2818,5.93,6.0
1000,0.0001,0.1,0.01,1.0,0.0,0.2,200.0,1.3979,1.0825,0.0187,-0.0364,6.235,6.0
1000,0.0001,0.1,0.01,1.0,0.01,0.0,200.0,2.4137,2.283,-0.0374,-0.0773,5.995,6.0
1000,0.0001,0.1,0.01,1.0,0.01,0.01,200.0,2.232,2.0874,-0.0458,-0.2227,5.895,6.0
1000,0.0001,0.1,0.01,1.0,0.01,0.1,200.0,1.3899,1.2655,-0.0035,-0.1182,5.965,6.0
1000,0.0001,0.1,0.01,1.0,0.01,0.2,200.0,1.4483,1.2777,-0.0461,-0.3182,6.475,7.0
1000,0.0001,0.1,0.01,1.0,0.1,0.0,200.0,2.3202,2.2109,-0.0524,-0.2545,5.88,6.0
1000,0.0001,0.1,0.01,1.0,0.1,0.01,200.0,2.141,2.0271,-0.0446,-0.1364,6.01,6.0
1000,0.0001,0.1,0.01,1.0,0.1,0.1,200.0,1.3782,1.2409,-0.061,-0.2636,6.07,6.0
1000,0.0001,0.1,0.01,1.0,0.1,0.2,200.0,1.3425,1.2225,-0.0056,-0.2273,6.435,6.0
1000,0.0001,0.1,0.1,0.0,0.0,0.0,200.0,2.4526,2.3365,-0.0676,-0.2318,6.06,6.0
1000,0.0001,0.1,0.1,0.0,0.0,0.01,200.0,2.225,2.1463,-0.0846,-0.2864,5.965,6.0
1000,0.0001,0.1,0.1,0.0,0.0,0.1,200.0,1.3623,1.1774,-0.0462,-0.1909,6.045,6.0
1000,0.0001,0.1,0.1,0.0,0.0,0.2,200.0,1.3264,1.0034,-0.0848,-0.3364,6.125,6.0
1000,0.0001,0.1,0.1,0.0,0.01,0.0,200.0,2.4945,2.3793,-0.0725,-0.2,5.99,6.0
1000,0.0001,0.1,0.1,0.0,0.01,0.01,200.0,2.2724,2.1857,-0.0647,-0.3045,5.845,6.0
1000,0.0001,0.1,0.1,0.0,0.01,0.1,200.0,1.2645,1.18,-0.0352,-0.1227,5.885,6.0
1000,0.0001,0.1,0.1,0.0,0.01,0.2,200.0,1.4675,1.2853,-0.0387,-0.3227,6.33,6.0
1000,0.0001,0.1,0.1,0.0,0.1,0.0,200.0,2.5588,2.368,-0.0699,-0.2864,5.965,6.0
1000,0.0001,0.1,0.1,0.0,0.1,0.01,200.0,2.2317,2.0726,-0.1029,-0.3682,5.955,6.0
1000,0.0001,0.1,0.1,0.0,0.1,0.1,200.0,1.3103,1.1541,-0.0535,-0.3182,5.795,6.0
1000,0.0001,0.1,0.1,0.0,0.1,0.2,200.0,1.3729,1.1625,0.0086,-0.2636,5.915,6.0
1000,0.0001,0.1,0.1,0.1,0.0,0.0,200.0,2.3218,2.2207,-0.068,-0.3409,5.925,6.0
1000,0.0001,0.1,0.1,0.1,0.0,0.01,200.0,2.0908,1.8392,-0.1366,-0.4091,5.835,6.0
1000,0.0001,0.1,0.1,0.1,0.0,0.1,200.0,1.3769,1.1855,-0.0591,-0.4,5.985,6.0
1000,0.0001,0.1,0.1,0.1,0.0,0.2,200.0,1.2816,0.9939,0.0335,-0.0091,6.06,6.0
1000,0.0001,0.1,0.1,0.1,0.01,0.0,200.0,2.2278,2.1204,-0.0761,-0.2545,5.92,6.0
1000,0.0001,0.1,0.1,0.1,0.01,0.01,200.0,2.0179,1.8611,-0.1021,-0.3773,5.88,6.0
1000,0.0001,0.1,0.1,0.1,0.01,0.1,200.0,1.4067,1.2341,-0.0066,-0.2545,6.075,6.0
1000,0.0001,0.1,0.1,0.1,0.01,0.2,200.0,1.3421,1.1235,0.0761,0.1136,5.95,6.0
1000,0.0001,0.1,0.1,0.1,0.1,0.0,200.0,2.3501,2.2506,-0.0657,-0.2955,5.83,6.0
1000,0.0001,0.1,0.1,0.1,0.1,0.01,200.0,1.9483,1.7728,-0.0943,-0.3727,5.98,6.0
1000,0.0001,0.1,0.1,0.1,0.1,0.1,200.0,1.372,1.2075,-0.0502,-0.35,6.05,6.0
1000,0.0001,0.1,0.1,0.1,0.1,0.2,200.0,1.286,1.0219,-0.0301,-0.3091,6.08,6.0
1000,0.0001,0.1,0.1,0.5,0.0,0.0,200.0,2.3182,2.2601,-0.0512,-0.1955,6.015,6.0
1000,0.0001,0.1,0.1,0.5,0.0,0.01,200.0,2.1117,1.949,-0.0328,-0.2318,6.115,6.0
1000,0.0001,0.1,0.1,0.5,0.0,0.1,200.0,1.4663,1.3163,-0.0254,-0.1909,6.215,6.0
1000,0.0001,0.1,0.1,0.5,0.0,0.2,200.0,1.4455,1.2376,0.0504,0.2136,6.155,6.0
1000,0.0001,0.1,0.1,0.5,0.01,0.0,200.0,2.4726,2.3532,-0.0623,-0.2682,5.975,6.0
1000,0.0001,0.1,0.1,0.5,0.01,0.01,200.0,2.1927,2.0342,-0.0745,-0.2864,6.095,6.0
1000,0.0001,0.1,0.1,0.5,0.01,0.1,200.0,1.4825,1.2636,-0.0726,-0.3045,6.215,6.0
1000,0.0001,0.1,0.1,0.5,0.01,0.2,200.0,1.514,1.2763,-0.0105,-0.0818,6.035,6.0
1000,0.0001,0.1,0.1,0.5,0.1,0.0,200.0,2.5627,2.2624,-0.0199,-0.2136,6.02,6.0
1000,0.0001,0.1,0.1,0.5,0.1,0.01,200.0,2.1151,1.9872,-0.0428,-0.2318,6.07,6.0
1000,0.0001,0.1,0.1,0.5,0.1,0.1,200.0,1.517,1.2806,-0.0145,-0.1455,6.06,6.0
1000,0.0001,0.1,0.1,0.5,0.1,0.2,200.0,1.3963,1.1646,0.0257,0.3045,6.26,6.0
1000,0.0001,0.1,0.1,1.0,0.0,0.0,200.0,2.5399,2.4476,-0.066,-0.2773,6.12,6.0
1000,0.0001,0.1,0.1,1.0,0.0,0.01,200.0,2.3122,2.2325,-0.0412,-0.2091,6.02,6.0
1000,0.0001,0.1,0.1,1.0,0.0,0.1,200.0,1.4568,1.3017,-0.044,-0.2591,6.12,6.0
1000,0.0001,0.1,0.1,1.0,0.0,0.2,200.0,1.517,1.3629,0.0506,0.3091,6.06,6.0
1000,0.0001,0.1,0.1,1.0,0.01,0.0,200.0,2.5588,2.6618,-0.0368,-0.1409,6.095,6.0
1000,0.0001,0.1,0.1,1.0,0.01,0.01,200.0,2.2043,2.156,-0.1053,-0.3045,6.05,6.0
1000,0.0001,0.1,0.1,1.0,0.01,0.1,200.0,1.4308,1.3424,-0.0882,-0.3682,6.07,6.0
1000,0.0001,0.1,0.1,1.0,0.01,0.2,200.0,1.4857,1.245,0.0282,0.1091,6.04,6.0
1000,0.0001,0.1,0.1,1.0,0.1,0.0,200.0,2.5339,2.5321,-0.108,-0.3409,5.985,6.0
1000,0.0001,0.1,0.1,1.0,0.1,0.01,200.0,2.3968,2.3649,-0.069,-0.2364,5.98,6.0
1000,0.0001,0.1,0.1,1.0,0.1,0.1,200.0,1.4204,1.38,-0.0573,-0.2455,5.965,6.0
1000,0.0001,0.1,0.1,1.0,0.1,0.2,200.0,1.521,1.2368,-0.0165,-0.2545,6.04,6.0
1000,0.0001,0.1,0.5,0.0,0.0,0.0,200.0,2.5023,2.3864,-0.0235,-0.1682,6.1,6.0
1000,0.0001,0.1,0.5,0.0,0.0,0.01,200.0,2.0916,1.9602,-0.0556,-0.2364,6.12,6.0
1000,0.0001,0.1,0.5,0.0,0.0,0.1,200.0,1.565,1.4222,-0.0295,-0.3636,6.165,6.0
1000,0.0001,0.1,0.5,0.0,0.0,0.2,200.0,1.6772,1.5143,-0.0922,-0.4909,6.705,7.0
1000,0.0001,0.1,0.5,0.0,0.01,0.0,200.0,2.4293,2.3753,0.019,-0.0636,6.095,6.0
1000,0.0001,0.1,0.5,0.0,0.01,0.01,200.0,2.1498,1.9993,-0.0289,-0.0045,6.12,6.0
1000,0.0001,0.1,0.5,0.0,0.01,0.1,200.0,1.51,1.3542,-0.0236,-0.3364,6.315,6.0
1000,0.0001,0.1,0.5,0.0,0.01,0.2,200.0,1.5261,1.4201,-0.1143,-0.5182,6.64,7.0
1000,0.0001,0.1,0.5,0.0,0.1,0.0,200.0,2.3001,2.1392,-0.0102,-0.0955,6.1,6.0
1000,0.0001,0.1,0.5,0.0,0.1,0.01,200.0,2.2035,2.0486,-0.0445,-0.2091,6.03,6.0
1000,0.0001,0.1,0.5,0.0,0.1,0.1,200.0,1.5011,1.4304,-0.0383,-0.3273,6.095,6.0
1000,0.0001,0.1,0.5,0.0,0.1,0.2,200.0,1.5278,1.4627,-0.0837,-0.4091,6.67,7.0
1000,0.0001,0.1,0.5,0.1,0.0,0.0,200.0,2.2055,1.9757,0.002,-0.1682,6.205,6.0
1000,0.0001,0.1,0.5,0.1,0.0,0.01,200.0,2.1772,2.0832,-0.0594,-0.2045,6.29,6.0
1000,0.0001,0.1,0.5,0.1,0.0,0.1,200.0,1.5434,1.37,-0.0202,-0.2636,6.26,6.0
1000,0.0001,0.1,0.5,0.1,0.0,0.2,200.0,1.6563,1.4521,-0.0908,-0.4864,6.58,6.5
1000,0.0001,0.1,0.5,0.1,0.01,0.0,200.0,2.285,2.1406,0.0005,-0.0545,6.05,6.0
1000,0.0001,0.1,0.5,0.1,0.01,0.01,200.0,2.2933,2.1854,-0.0723,-0.3182,6.165,6.0
1000,0.0001,0.1,0.5,0.1,0.01,0.1,200.0,1.5166,1.351,-0.0313,-0.35,6.1,6.0
1000,0.0001,0.1,0.5,0.1,0.01,0.2,200.0,1.5602,1.3945,-0.0555,-0.4682,6.285,6.0
1000,0.0001,0.1,0.5,0.1,0.1,0.0,200.0,2.4206,2.2496,-0.0185,-0.0773,6.175,6.0
1000,0.0001,0.1,0.5,0.1,0.1,0.01,200.0,2.244,2.1281,-0.0678,-0.2091,6.105,6.0
1000,0.0001,0.1,0.5,0.1,0.1,0.1,200.0,1.5784,1.4381,-0.112,-0.4545,6.345,6.0
1000,0.0001,0.1,0.5,0.1,0.1,0.2,200.0,1.6849,1.5173,-0.0581,-0.4273,6.66,6.0
1000,0.0001,0.1,0.5,0.5,0.0,0.0,200.0,2.4926,2.3571,0.034,-0.0455,6.13,6.0
1000,0.0001,0.1,0.5,0.5,0.0,0.01,200.0,2.2325,2.1106,-0.0225,-0.2318,6.225,6.0
1000,0.0001,0.1,0.5,0.5,0.0,0.1,200.0,1.5838,1.4958,0.0206,-0.1318,6.26,6.0
1000,0.0001,0.1,0.5,0.5,0.0,0.2,200.0,1.6371,1.5173,-0.0374,-0.4364,6.565,7.0
1000,0.0001,0.1,0.5,0.5,0.01,0.0,200.0,2.4483,2.3274,0.0341,0.0864,6.165,6.0
1000,0.0001,0.1,0.5,0.5,0.01,0.01,200.0,2.1927,2.1298,-0.0485,-0.2636,6.16,6.0
1000,0.0001,0.1,0.5,0.5,0.01,0.1,200.0,1.5984,1.4236,-0.0413,-0.3455,6.18,6.0
1000,0.0001,0.1,0.5,0.5,0.01,0.2,200.0,1.5545,1.4659,-0.0827,-0.5273,6.455,7.0
1000,0.0001,0.1,0.5,0.5,0.1,0.0,200.0,2.3835,2.3532,-0.0182,-0.1182,6.085,6.0
1000,0.0001,0.1,0.5,0.5,0.1,0.01,200.0,2.1816,2.0655,-0.0233,-0.2091,6.115,6.0
1000,0.0001,0.1,0.5,0.5,0.1,0.1,200.0,1.5823,1.5872,-0.0606,-0.3818,6.275,6.0
1000,0.0001,0.1,0.5,0.5,0.1,0.2,200.0,1.636,1.423,0.0406,0.3182,6.575,7.0
1000,0.0001,0.1,0.5,1.0,0.0,0.0,200.0,2.4708,2.3705,0.1403,0.2909,6.055,6.0
1000,0.0001,0.1,0.5,1.0,0.0,0.01,200.0,2.0473,1.9098,-0.0074,-0.1545,6.185,6.0
1000,0.0001,0.1,0.5,1.0,0.0,0.1,200.0,1.5961,1.4734,-0.0468,-0.3727,6.16,6.0
1000,0.0001,0.1,0.5,1.0,0.0,0.2,200.0,1.531,1.4503,-0.063,-0.4773,6.43,6.0
1000,0.0001,0.1,0.5,1.0,0.01,0.0,200.0,2.3878,2.2065,0.0601,0.1045,6.165,6.0
1000,0.0001,0.1,0.5,1.0,0.01,0.01,200.0,2.1614,2.1167,-0.0138,-0.1909,6.015,6.0
1000,0.0001,0.1,0.5,1.0,0.01,0.1,200.0,1.4871,1.4173,-0.0782,-0.4955,6.255,6.0
1000,0.0001,0.1,0.5,1.0,0.01,0.2,200.0,1.5091,1.4751,-0.061,-0.35,6.405,6.0
1000,0.0001,0.1,0.5,1.0,0.1,0.0,200.0,2.4606,2.3019,0.0753,0.0136,6.17,6.0
1000,0.0001,0.1,0.5,1.0,0.1,0.01,200.0,1.9835,1.878,-0.0151,-0.1909,6.025,6.0
1000,0.0001,0.1,0.5,1.0,0.1,0.1,200.0,1.5305,1.4294,0.011,0.0,6.07,6.0
1000,0.0001,0.1,0.5,1.0,0.1,0.2,200.0,1.5361,1.4768,-0.0855,-0.4682,6.465,7.0
2000,5e-05,0.0,0.01,0.0,0.0,0.0,200.0,2.884,2.7313,-0.0105,-0.0136,7.17,7.0
2000,5e-05,0.0,0.01,0.0,0.0,0.01,200.0,2.6255,2.359,-0.0128,-0.0682,6.975,7.0
2000,5e-05,0.0,0.01,0.0,0.0,0.1,200.0,1.5564,1.3876,-0.2611,-0.7318,7.52,7.0
2000,5e-05,0.0,0.01,0.0,0.0,0.2,200.0,1.5309,1.2649,-0.034,-0.0682,7.565,7.0
2000,5e-05,0.0,0.01,0.0,0.01,0.0,200.0,3.1316,3.1136,-0.0036,-0.1455,7.62,8.0
2000,5e-05,0.0,0.01,0.0,0.01,0.01,200.0,2.6597,2.3359,0.0124,0.0318,7.15,7.0
2000,5e-05,0.0,0.01,0.0,0.01,0.1,200.0,1.5205,1.2823,-0.0934,-0.5227,7.85,8.0
2000,5e-05,0.0,0.01,0.0,0.01,0.2,200.0,1.4022,1.1948,-0.0326,-0.1409,7.59,8.0
2000,5e-05,0.0,0.01,0.0,0.1,0.0,200.0,2.8094,2.6871,-0.0286,-0.0727,7.125,7.0
2000,5e-05,0.0,0.01,0.0,0.1,0.01,200.0,2.4462,2.1814,0.016,0.1045,7.065,7.0
2000,5e-05,0.0,0.01,0.0,0.1,0.1,200.0,1.4793,1.3645,-0.1705,-0.6545,7.43,7.0
2000,5e-05,0.0,0.01,0.0,0.1,0.2,200.0,1.5263,1.2876,-0.0771,-0.2773,7.735,8.0
2000,5e-05,0.0,0.01,0.1,0.0,0.0,200.0,3.0482,2.9316,0.0771,0.2091,7.035,7.0
2000,5e-05,0.0,0.01,0.1,0.0,0.01,200.0,2.4086,2.3128,0.0262,0.0273,6.745,7.0
2000,5e-05,0.0,0.01,0.1,0.0,0.1,197.0,1.8458,1.622,0.0191,-0.0545,7.8477,8.0
2000,5e-05,0.0,0.01,0.1,0.0,0.2,200.0,1.5648,1.4217,0.0281,0.0818,7.59,8.0
2000,5e-05,0.0,0.01,0.1,0.01,0.0,200.0,2.9321,2.9095,0.0624,0.2636,7.285,7.0
2000,5e-05,0.0,0.01,0.1,0.01,0.01,200.0,2.3791,2.1408,-0.012,-0.0591,6.68,7.0
2000,5e-05,0.0,0.01,0.1,0.01,0.1,200.0,1.68,1.5444,0.041,-0.05,8.01,8.0
2000,5e-05,0.0,0.01,0.1,0.01,0.2,200.0,1.6435,1.241,0.2775,0.5909,7.28,7.0
2000,5e-05,0.0,0.01,0.1,0.1,0.0,200.0,3.0635,2.9556,-0.0024,-0.0818,7.325,7.0
2000,5e-05,0.0,0.01,0.1,0.1,0.01,200.0,2.3617,2.1981,0.0202,0.0273,6.92,7.0
2000,5e-05,0.0,0.01,0.1,0.1,0.1,200.0,1.7262,1.5559,0.0825,0.1818,7.8,8.0
2000,5e-05,0.0,0.01,0.1,0.1,0.2,200.0,1.6768,1.2689,0.1213,0.3636,7.77,8.0
2000,5e-05,0.0,0.01,0.5,0.0,0.0,200.0,2.9365,2.766,-0.0013,-0.0091,6.915,7.0
2000,5e-05,0.0,0.01,0.5,0.0,0.01,200.0,2.5731,2.5342,0.0859,0.15,7.265,7.0
2000,5e-05,0.0,0.01,0.5,0.0,0.1,61.0,1.6192,1.4805,0.3015,0.4818,8.1967,8.0
2000,5e-05,0.0,0.01,0.5,0.0,0.2,200.0,1.5445,1.4216,0.3451,0.8682,8.305,8.0
2000,5e-05,0.0,0.01,0.5,0.01,0.0,200.0,3.0778,3.1598,-0.043,-0.1727,7.17,7.0
2000,5e-05,0.0,0.01,0.5,0.01,0.01,200.0,2.5962,2.553,0.0856,0.1409,7.305,8.0
2000,5e-05,0.0,0.01,0.5,0.01,0.1,24.0,1.7461,1.6655,0.0284,0.2545,7.3333,7.0
2000,5e-05,0.0,0.01,0.5,0.01,0.2,200.0,1.557,1.39,0.2953,0.8364,8.275,8.0
2000,5e-05,0.0,0.01,0.5,0.1,0.0,200.0,3.022,2.9428,-0.0123,-0.0682,7.065,7.0
2000,5e-05,0.0,0.01,0.5,0.1,0.01,200.0,2.6856,2.7281,0.2077,0.3,7.315,7.0
2000,5e-05,0.0,0.01,0.5,0.1,0.1,58.0,1.6627,1.6305,-0.0757,-0.1955,8.3621,9.0
2000,5e-05,0.0,0.01,0.5,0.1,0.2,200.0,1.473,1.4082,0.2379,0.8636,8.325,8.0
2000,5e-05,0.0,0.01,1.0,0.0,0.0,200.0,2.2214,1.8464,0.0083,-0.0955,7.075,7.0
2000,5e-05,0.0,0.01,1.0,0.0,0.01,200.0,2.9164,2.6341,0.2784,0.5364,7.685,8.0
2000,5e-05,0.0,0.01,1.0,0.0,0.1,14.0,1.3151,1.3056,0.4403,1.0,8.3571,8.0
2000,5e-05,0.0,0.01,1.0,0.0,0.2,200.0,1.6468,1.3286,0.3822,0.9455,9.09,9.0
2000,5e-05,0.0,0.01,1.0,0.01,0.0,200.0,2.4317,1.9836,0.0394,0.0364,6.9,7.0
2000,5e-05,0.0,0.01,1.0,0.01,0.01,200.0,2.5668,2.3162,0.2061,0.4364,7.57,7.0
2000,5e-05,0.0,0.01,1.0,0.01,0.1,2.0,2.8901,2.8901,0.2636,0.2636,8.0,8.0
2000,5e-05,0.0,0.01,1.0,0.01,0.2,160.0,1.3568,1.2225,0.5273,0.9273,8.4125,8.0
2000,5e-05,0.0,0.01,1.0,0.1,0.0,200.0,2.1729,1.9951,-0.0379,-0.3364,6.985,7.0
2000,5e-05,0.0,0.01,1.0,0.1,0.01,200.0,2.7058,2.1442,0.2135,0.4273,7.45,7.0
2000,5e-05,0.0,0.01,1.0,0.1,0.1,2.0,2.8963,2.8963,0.3,0.3,7.0,7.0
2000,5e-05,0.0,0.01,1.0,0.1,0.2,122.0,1.3502,1.2551,0.549,0.9364,8.1803,8.0
2000,5e-05,0.0,0.1,0.0,0.0,0.0,200.0,2.2806,1.9929,0.0831,0.1182,6.74,7.0
2000,5e-05,0.0,0.1,0.0,0.0,0.01,200.0,1.9055,1.7477,-0.01,-0.1136,6.54,7.0
2000,5e-05,0.0,0.1,0.0,0.0,0.1,16.0,2.7083,2.4764,0.15,0.3,8.1875,8.0
2000,5e-05,0.0,0.1,0.0,0.0,0.2,200.0,1.6063,1.4755,-0.0321,-0.6364,8.25,8.0
2000,5e-05,0.0,0.1,0.0,0.01,0.0,200.0,2.3925,2.2861,0.1268,0.2409,6.43,6.0
2000,5e-05,0.0,0.1,0.0,0.01,0.01,200.0,1.8099,1.5518,0.0743,0.2182,6.36,6.0
2000,5e-05,0.0,0.1,0.0,0.01,0.1,61.0,2.1486,1.9726,0.073,0.3091,8.1311,8.0
2000,5e-05,0.0,0.1,0.0,0.01,0.2,200.0,1.6161,1.4546,-0.083,-0.8636,8.0,8.0
2000,5e-05,0.0,0.1,0.0,0.1,0.0,200.0,2.5182,2.4953,0.1894,0.3773,6.72,7.0
2000,5e-05,0.0,0.1,0.0,0.1,0.01,200.0,2.0403,1.6526,-0.0356,-0.1455,6.28,6.0
2000,5e-05,0.0,0.1,0.0,0.1,0.1,80.0,2.1104,1.675,0.0209,0.3182,9.225,9.5
2000,5e-05,0.0,0.1,0.0,0.1,0.2,200.0,1.5777,1.2117,0.1947,0.9545,8.145,8.0
2000,5e-05,0.0,0.1,0.1,0.0,0.0,200.0,2.4153,2.2516,0.0875,0.0545,6.645,7.0
2000,5e-05,0.0,0.1,0.1,0.0,0.01,200.0,2.12,1.9597,0.1386,0.3909,6.475,7.0
2000,5e-05,0.0,0.1,0.1,0.0,0.1,7.0,1.7186,1.5565,-0.5104,-0.9,7.1429,7.0
2000,5e-05,0.0,0.1,0.1,0.0,0.2,200.0,1.6369,1.5992,-0.0881,-0.7636,8.415,8.5
2000,5e-05,0.0,0.1,0.1,0.01,0.0,200.0,2.7407,2.6969,0.2093,0.3864,7.14,7.0
2000,5e-05,0.0,0.1,0.1,0.01,0.01,200.0,2.0196,1.8739,0.1508,0.3,6.74,7.0
2000,5e-05,0.0,0.1,0.1,0.01,0.1,29.0,1.5286,1.3245,-0.3082,-0.7727,6.6897,8.0
2000,5e-05,0.0,0.1,0.1,0.01,0.2,200.0,1.7651,1.6266,-0.0212,-0.3136,8.14,8.0
2000,5e-05,0.0,0.1,0.1,0.1,0.0,200.0,2.8926,2.5623,0.0849,0.0909,7.09,7.0
2000,5e-05,0.0,0.1,0.1,0.1,0.01,200.0,1.9683,1.7762,0.1202,0.2227,6.445,6.0
2000,5e-05,0.0,0.1,0.1,0.1,0.1,39.0,1.5743,1.3997,-0.2186,-0.8091,6.8974,7.0
2000,5e-05,0.0,0.1,0.1,0.1,0.2,200.0,1.5426,1.3766,0.1499,0.6545,7.945,8.0
2000,5e-05,0.0,0.1,0.5,0.0,0.0,200.0,2.2976,2.24,0.1198,0.3273,6.575,6.5
2000,5e-05,0.0,0.1,0.5,0.0,0.01,200.0,1.7039,1.5279,0.1084,0.3455,6.065,6.0
2000,5e-05,0.0,0.1,0.5,0.0,0.1,8.0,1.1223,1.1842,-0.9261,-0.9455,6.625,7.0
2000,5e-05,0.0,0.1,0.5,0.0,0.2,200.0,1.5914,1.508,0.0021,-0.3273,8.32,8.0
2000,5e-05,0.0,0.1,0.5,0.01,0.0,200.0,2.098,1.9589,0.0994,0.2682,6.69,7.0
2000,5e-05,0.0,0.1,0.5,0.01,0.01,200.0,1.8079,1.6198,0.135,0.4591,6.27,6.0
2000,5e-05,0.0,0.1,0.5,0.01,0.1,31.0,1.5978,1.3894,-0.3422,-0.7909,6.6774,7.0
2000,5e-05,0.0,0.1,0.5,0.01,0.2,200.0,1.5595,1.4051,-0.0674,-0.9182,8.69,9.0
2000,5e-05,0.0,0.1,0.5,0.1,0.0,200.0,2.1826,1.96,0.0525,0.0864,6.725,7.0
2000,5e-05,0.0,0.1,0.5,0.1,0.01,200.0,1.8694,1.6144,0.1086,0.2045,6.22,6.0
2000,5e-05,0.0,0.1,0.5,0.1,0.1,38.0,1.74,1.6283,-0.4624,-0.9,7.6579,8.0
2000,5e-05,0.0,0.1,0.5,0.1,0.2,200.0,1.6304,1.5215,-0.1281,-0.9227,8.72,9.0
2000,5e-05,0.0,0.1,1.0,0.0,0.0,200.0,2.3747,2.1756,0.2294,0.3545,7.075,7.0
2000,5e-05,0.0,0.1,1.0,0.0,0.01,200.0,1.9896,1.9338,0.2443,0.5773,6.22,6.0
2000,5e-05,0.0,0.1,1.0,0.0,0.1,71.0,2.0916,2.1401,-0.4611,-0.9455,8.7465,9.0
2000,5e-05,0.0,0.1,1.0,0.0,0.2,200.0,1.7814,1.6081,-0.182,-0.9273,8.655,9.0
2000,5e-05,0.0,0.1,1.0,0.01,0.0,200.0,2.2799,2.2754,0.2046,0.4864,6.97,7.0
2000,5e-05,0.0,0.1,1.0,0.01,0.01,200.0,2.0397,1.8872,0.0234,-0.0364,6.185,6.0
2000,5e-05,0.0,0.1,1.0,0.01,0.1,68.0,1.8828,1.4891,-0.5603,-0.9455,8.3824,8.0
2000,5e-05,0.0,0.1,1.0,0.01,0.2,200.0,1.787,1.6093,-0.0054,-0.4864,8.895,9.0
2000,5e-05,0.0,0.1,1.0,0.1,0.0,200.0,2.3236,2.1864,0.1958,0.4318,7.1,7.0
2000,5e-05,0.0,0.1,1.0,0.1,0.01,200.0,2.2541,2.2845,0.159,0.3909,6.47,6.0
2000,5e-05,0.0,0.1,1.0,0.1,0.1,41.0,1.73,1.4996,-0.5217,-0.9727,7.8049,8.0
2000,5e-05,0.0,0.1,1.0,0.1,0.2,200.0,1.8843,1.6299,-0.033,-0.6773,8.89,9.0
2000,5e-05,0.0,0.5,0.0,0.0,0.0,200.0,1.7044,1.6446,0.2367,0.7136,6.865,7.0
2000,5e-05,0.0,0.5,0.0,0.0,0.01,200.0,1.5432,1.3829,0.1316,0.3955,6.335,6.0
2000,5e-05,0.0,0.5,0.0,0.0,0.1,31.0,3.3625,3.4508,0.7387,0.9909,10.2258,10.0
2000,5e-05,0.0,0.5,0.0,0.0,0.2,62.0,2.6595,2.8559,0.7326,0.9909,9.7097,10.0
2000,5e-05,0.0,0.5,0.0,0.01,0.0,200.0,1.9821,1.938,0.3192,0.8364,6.85,7.0
2000,5e-05,0.0,0.5,0.0,0.01,0.01,200.0,1.6228,1.427,0.1289,0.4227,6.555,7.0
2000,5e-05,0.0,0.5,0.0,0.01,0.1,33.0,3.3151,3.4296,0.754,1.0,9.8788,10.0
2000,5e-05,0.0,0.5,0.0,0.01,0.2,66.0,3.0848,3.1893,0.7547,0.9909,10.1818,10.0
2000,5e-05,0.0,0.5,0.0,0.1,0.0,200.0,1.8198,1.7653,0.3197,0.8091,6.945,7.0
2000,5e-05,0.0,0.5,0.0,0.1,0.01,200.0,1.7002,1.5165,0.1285,0.5318,6.715,7.0
2000,5e-05,0.0,0.5,0.0,0.1,0.1,30.0,3.1581,3.2516,0.7285,0.9909,10.1,10.0
2000,5e-05,0.0,0.5,0.0,0.1,0.2,62.0,2.7064,2.9345,0.7314,0.9818,10.2742,11.0
2000,5e-05,0.0,0.5,0.1,0.0,0.0,200.0,1.7993,1.5115,0.2753,0.7909,7.01,7.0
2000,5e-05,0.0,0.5,0.1,0.0,0.01,200.0,1.6011,1.4785,0.0919,0.2091,6.865,7.0
2000,5e-05,0.0,0.5,0.1,0.0,0.1,39.0,3.3039,3.4296,0.7886,1.0,10.2051,10.0
2000,5e-05,0.0,0.5,0.1,0.0,0.2,66.0,2.6973,2.8699,0.6963,0.9909,10.2576,10.0
2000,5e-05,0.0,0.5,0.1,0.01,0.0,200.0,1.8296,1.6907,0.2731,0.7273,7.15,7.0
2000,5e-05,0.0,0.5,0.1,0.01,0.01,200.0,1.6346,1.4271,0.186,0.5455,6.68,7.0
2000,5e-05,0.0,0.5,0.1,0.01,0.1,30.0,3.1415,3.2304,0.7333,1.0,9.4333,10.0
2000,5e-05,0.0,0.5,0.1,0.01,0.2,76.0,2.8768,3.0188,0.787,1.0,10.1053,10.0
2000,5e-05,0.0,0.5,0.1,0.1,0.0,200.0,1.7052,1.5542,0.2083,0.6818,6.75,7.0
2000,5e-05,0.0,0.5,0.1,0.1,0.01,200.0,1.571,1.3756,0.1675,0.5045,6.78,7.0
2000,5e-05,0.0,0.5,0.1,0.1,0.1,35.0,3.471,3.5962,0.7688,1.0,10.1714,10.0
2000,5e-05,0.0,0.5,0.1,0.1,0.2,62.0,2.9875,3.1952,0.7375,0.9909,10.3387,10.5
2000,5e-05,0.0,0.5,0.5,0.0,0.0,200.0,1.8488,1.7614,0.2369,0.7545,6.935,7.0
2000,5e-05,0.0,0.5,0.5,0.0,0.01,200.0,1.9633,1.7276,0.1544,0.4364,6.995,7.0
2000,5e-05,0.0,0.5,0.5,0.0,0.1,38.0,3.2986,3.4296,0.7816,1.0,9.7368,10.0
2000,5e-05,0.0,0.5,0.5,0.0,0.2,74.0,2.9091,3.2363,0.7236,0.9909,10.0541,10.0
2000,5e-05,0.0,0.5,0.5,0.01,0.0,200.0,1.9231,1.7956,0.2319,0.7,6.985,7.0
2000,5e-05,0.0,0.5,0.5,0.01,0.01,200.0,1.8146,1.6585,0.1672,0.5636,6.745,7.0
2000,5e-05,0.0,0.5,0.5,0.01,0.1,33.0,3.0478,3.176,0.7515,1.0,9.697,10.0
2000,5e-05,0.0,0.5,0.5,0.01,0.2,93.0,2.8768,3.2216,0.7549,0.9909,9.8495,10.0
2000,5e-05,0.0,0.5,0.5,0.1,0.0,200.0,1.9236,1.9003,0.2241,0.6727,7.09,7.0
2000,5e-05,0.0,0.5,0.5,0.1,0.01,200.0,1.8251,1.7625,0.1073,0.4045,6.895,7.0
2000,5e-05,0.0,0.5,0.5,0.1,0.1,39.0,3.0833,3.2304,0.7434,1.0,10.1795,10.0
2000,5e-05,0.0,0.5,0.5,0.1,0.2,68.0,2.9897,3.3745,0.7561,0.9909,9.9706,10.0
2000,5e-05,0.0,0.5,1.0,0.0,0.0,200.0,1.8776,1.6733,0.3035,0.7455,6.8,7.0
2000,5e-05,0.0,0.5,1.0,0.0,0.01,200.0,1.8209,1.7699,0.2152,0.5636,7.025,7.0
2000,5e-05,0.0,0.5,1.0,0.0,0.1,30.0,3.1111,3.2304,0.7342,1.0,9.7667,10.0
2000,5e-05,0.0,0.5,1.0,0.0,0.2,77.0,2.9653,3.221,0.7336,0.9909,9.8831,10.0
2000,5e-05,0.0,0.5,1.0,0.01,0.0,200.0,1.9611,2.0792,0.3627,0.8227,7.22,7.0
2000,5e-05,0.0,0.5,1.0,0.01,0.01,200.0,1.62,1.5361,0.0907,0.3409,6.935,7.0
2000,5e-05,0.0,0.5,1.0,0.01,0.1,29.0,3.3162,3.4296,0.7235,1.0,9.7931,10.0
2000,5e-05,0.0,0.5,1.0,0.01,0.2,65.0,2.6988,2.994,0.6548,0.9727,9.1077,9.0
2000,5e-05,0.0,0.5,1.0,0.1,0.0,200.0,1.9761,1.9385,0.3934,0.8455,7.125,7.0
2000,5e-05,0.0,0.5,1.0,0.1,0.01,200.0,1.6794,1.4856,0.1066,0.3727,6.875,7.0
2000,5e-05,0.0,0.5,1.0,0.1,0.1,37.0,2.976,3.2304,0.7813,1.0,9.1351,9.0
2000,5e-05,0.0,0.5,1.0,0.1,0.2,59.0,2.7248,2.9114,0.7217,0.9909,9.4746,10.0
2000,5e-05,0.01,0.01,0.0,0.0,0.0,200.0,1.7285,1.5288,-0.0604,-0.4909,5.39,5.0
2000,5e-05,0.01,0.01,0.0,0.0,0.01,200.0,1.6032,1.3774,0.0135,-0.2909,5.65,6.0
2000,5e-05,0.01,0.01,0.0,0.0,0.1,105.0,1.6836,1.2176,-0.123,-0.2545,5.8857,6.0
2000,5e-05,0.01,0.01,0.0,0.0,0.2,46.0,1.1044,0.6258,0.014,0.0091,5.8043,5.0
2000,5e-05,0.01,0.01,0.0,0.01,0.0,200.0,1.8144,1.6481,-0.0694,-0.4818,5.675,6.0
2000,5e-05,0.01,0.01,0.0,0.01,0.01,200.0,1.4906,1.3429,-0.0615,-0.4455,5.525,6.0
2000,5e-05,0.01,0.01,0.0,0.01,0.1,167.0,1.5967,1.2862,-0.2566,-0.5909,5.6826,6.0
2000,5e-05,0.01,0.01,0.0,0.01,0.2,97.0,1.1735,0.9812,0.0242,-0.0273,6.567,7.0
2000,5e-05,0.01,0.01,0.0,0.1,0.0,200.0,1.779,1.5741,-0.0576,-0.4727,5.35,5.0
2000,5e-05,0.01,0.01,0.0,0.1,0.01,200.0,1.562,1.4821,0.0035,-0.2727,5.725,6.0
2000,5e-05,0.01,0.01,0.0,0.1,0.1,138.0,1.859,1.5545,-0.0682,-0.3364,5.8478,6.0
2000,5e-05,0.01,0.01,0.0,0.1,0.2,45.0,1.6608,1.0489,-0.1473,-0.1818,6.8667,7.0
2000,5e-05,0.01,0.01,0.1,0.0,0.0,200.0,1.8583,1.6624,-0.083,-0.4818,5.215,5.0
2000,5e-05,0.01,0.01,0.1,0.0,0.01,200.0,1.6137,1.1897,-0.072,-0.4591,5.7,6.0
2000,5e-05,0.01,0.01,0.1,0.0,0.1,147.0,1.5089,1.2655,-0.0113,0.0364,5.9524,6.0
2000,5e-05,0.01,0.01,0.1,0.0,0.2,119.0,1.3661,1.1013,0.1301,0.0909,6.5126,6.0
2000,5e-05,0.01,0.01,0.1,0.01,0.0,200.0,1.8019,1.635,-0.1235,-0.5,5.335,5.0
2000,5e-05,0.01,0.01,0.1,0.01,0.01,200.0,1.5568,1.2765,-0.0608,-0.4636,5.645,6.0
2000,5e-05,0.01,0.01,0.1,0.01,0.1,136.0,1.5107,1.2695,-0.0076,-0.0182,5.8971,6.0
2000,5e-05,0.01,0.01,0.1,0.01,0.2,119.0,1.279,1.1114,0.1534,0.3091,6.4622,6.0
2000,5e-05,0.01,0.01,0.1,0.1,0.0,200.0,1.7429,1.5856,-0.0555,-0.4909,5.225,5.0
2000,5e-05,0.01,0.01,0.1,0.1,0.01,200.0,1.5383,1.1361,-0.0509,-0.4864,5.64,6.0
2000,5e-05,0.01,0.01,0.1,0.1,0.1,149.0,1.5121,1.2583,-0.0387,-0.0455,6.094,6.0
2000,5e-05,0.01,0.01,0.1,0.1,0.2,134.0,1.2309,1.0223,0.1353,0.1136,6.4254,7.0
2000,5e-05,0.01,0.01,0.5,0.0,0.0,200.0,1.6828,1.5129,-0.0729,-0.4818,5.46,6.0
2000,5e-05,0.01,0.01,0.5,0.0,0.01,200.0,1.5569,1.2878,-0.0888,-0.4091,5.8,6.0
2000,5e-05,0.01,0.01,0.5,0.0,0.1,152.0,2.0714,2.0956,-0.0504,-0.2136,6.5658,7.0
2000,5e-05,0.01,0.01,0.5,0.0,0.2,200.0,1.9415,2.004,0.1435,0.35,7.06,7.0
2000,5e-05,0.01,0.01,0.5,0.01,0.0,200.0,1.6311,1.4559,-0.0828,-0.5045,5.635,6.0
2000,5e-05,0.01,0.01,0.5,0.01,0.01,200.0,1.5775,1.2906,-0.1085,-0.4591,5.79,6.0
2000,5e-05,0.01,0.01,0.5,0.01,0.1,177.0,2.0721,1.9115,-0.0452,-0.1909,6.4407,6.0
2000,5e-05,0.01,0.01,0.5,0.01,0.2,200.0,1.9973,2.0003,0.2144,0.3864,6.88,7.0
2000,5e-05,0.01,0.01,0.5,0.1,0.0,200.0,1.5966,1.4813,-0.0584,-0.4636,5.595,6.0
2000,5e-05,0.01,0.01,0.5,0.1,0.01,200.0,1.582,1.3332,-0.1064,-0.4636,5.92,6.0
2000,5e-05,0.01,0.01,0.5,0.1,0.1,193.0,2.1426,2.2094,-0.0726,-0.2727,6.8549,7.0
2000,5e-05,0.01,0.01,0.5,0.1,0.2,200.0,1.9838,1.9362,0.2055,0.3,7.22,7.0
2000,5e-05,0.01,0.01,1.0,0.0,0.0,200.0,1.5842,1.3791,-0.0815,-0.4773,5.65,5.5
2000,5e-05,0.01,0.01,1.0,0.0,0.01,200.0,1.6158,1.4409,-0.0534,-0.2409,5.975,6.0
2000,5e-05,0.01,0.01,1.0,0.0,0.1,68.0,2.2375,1.8822,-0.0723,-0.3455,6.9706,7.0
2000,5e-05,0.01,0.01,1.0,0.0,0.2,73.0,1.2273,1.1129,0.2458,0.2364,6.9589,7.0
2000,5e-05,0.01,0.01,1.0,0.01,0.0,200.0,1.6003,1.3271,-0.066,-0.4818,5.81,6.0
2000,5e-05,0.01,0.01,1.0,0.01,0.01,200.0,1.6478,1.2405,-0.0551,-0.2727,5.83,6.0
2000,5e-05,0.01,0.01,1.0,0.01,0.1,58.0,1.9496,1.4192,-0.0194,-0.0318,6.3966,6.0
2000,5e-05,0.01,0.01,1.0,0.01,0.2,82.0,1.1815,1.1558,0.2443,0.1864,6.9878,7.0
2000,5e-05,0.01,0.01,1.0,0.1,0.0,200.0,1.6041,1.4673,-0.0997,-0.4909,5.665,6.0
2000,5e-05,0.01,0.01,1.0,0.1,0.01,200.0,1.6109,1.3441,-0.0765,-0.3227,5.895,6.0
2000,5e-05,0.01,0.01,1.0,0.1,0.1,85.0,2.0582,1.7347,0.0207,-0.2909,7.0235,7.0
2000,5e-05,0.01,0.01,1.0,0.1,0.2,76.0,1.3719,1.115,0.0871,-0.15,7.1447,7.0
2000,5e-05,0.01,0.1,0.0,0.0,0.0,200.0,1.7386,1.415,-0.0508,-0.2818,5.53,5.0
2000,5e-05,0.01,0.1,0.0,0.0,0.01,200.0,1.7548,1.4232,-0.065,-0.3818,5.755,6.0
2000,5e-05,0.01,0.1,0.0,0.0,0.1,200.0,2.2432,2.1598,-0.1756,-0.4182,6.55,6.0
2000,5e-05,0.01,0.1,0.0,0.0,0.2,109.0,1.2105,1.0716,-0.0314,0.0818,6.3028,6.0
2000,5e-05,0.01,0.1,0.0,0.01,0.0,200.0,1.7161,1.476,-0.1195,-0.5,5.49,5.0
2000,5e-05,0.01,0.1,0.0,0.01,0.01,200.0,1.7082,1.3543,-0.0682,-0.3182,5.835,6.0
2000,5e-05,0.01,0.1,0.0,0.01,0.1,200.0,2.128,2.1778,-0.1879,-0.4818,6.61,6.0
2000,5e-05,0.01,0.1,0.0,0.01,0.2,154.0,1.2757,1.2562,-0.2369,-0.6682,6.7143,7.0
2000,5e-05,0.01,0.1,0.0,0.1,0.0,200.0,1.685,1.3779,-0.13,-0.5091,5.46,5.0
2000,5e-05,0.01,0.1,0.0,0.1,0.01,200.0,1.6931,1.4255,-0.0737,-0.4273,5.785,6.0
2000,5e-05,0.01,0.1,0.0,0.1,0.1,200.0,1.8759,1.5377,-0.2281,-0.5818,6.45,6.0
2000,5e-05,0.01,0.1,0.0,0.1,0.2,151.0,1.3984,1.2353,0.0091,0.1091,6.1192,6.0
2000,5e-05,0.01,0.1,0.1,0.0,0.0,200.0,1.6846,1.414,-0.0933,-0.5,5.31,5.0
2000,5e-05,0.01,0.1,0.1,0.0,0.01,200.0,1.7055,1.4584,-0.1313,-0.5136,5.835,6.0
2000,5e-05,0.01,0.1,0.1,0.0,0.1,200.0,2.2189,2.4329,-0.2137,-0.6318,6.495,6.0
2000,5e-05,0.01,0.1,0.1,0.0,0.2,119.0,1.3875,1.2701,-0.0798,-0.2545,6.5462,6.0
2000,5e-05,0.01,0.1,0.1,0.01,0.0,200.0,1.6656,1.376,-0.0645,-0.4545,5.46,5.0
2000,5e-05,0.01,0.1,0.1,0.01,0.01,200.0,1.5842,1.2963,-0.0593,-0.4364,5.82,6.0
2000,5e-05,0.01,0.1,0.1,0.01,0.1,180.0,2.1483,2.4676,-0.2986,-0.5455,6.3333,6.0
2000,5e-05,0.01,0.1,0.1,0.01,0.2,175.0,1.3698,1.2497,-0.0592,-0.0909,6.4857,6.0
2000,5e-05,0.01,0.1,0.1,0.1,0.0,200.0,1.7368,1.4222,-0.0797,-0.4955,5.475,5.0
2000,5e-05,0.01,0.1,0.1,0.1,0.01,200.0,1.5758,1.2012,-0.0673,-0.4,5.74,6.0
2000,5e-05,0.01,0.1,0.1,0.1,0.1,175.0,2.3364,2.5627,-0.3027,-0.5545,6.1029,6.0
2000,5e-05,0.01,0.1,0.1,0.1,0.2,143.0,1.2183,1.2198,0.0943,0.2727,6.3357,6.0
2000,5e-05,0.01,0.1,0.5,0.0,0.0,200.0,1.4952,1.2095,-0.0878,-0.5,5.44,5.0
2000,5e-05,0.01,0.1,0.5,0.0,0.01,200.0,1.7053,1.3388,-0.0892,-0.3682,5.8,6.0
2000,5e-05,0.01,0.1,0.5,0.0,0.1,200.0,2.2818,2.06,-0.3445,-0.6273,6.975,7.0
2000,5e-05,0.01,0.1,0.5,0.0,0.2,131.0,1.5206,1.3055,-0.0883,-0.0091,6.8779,7.0
2000,5e-05,0.01,0.1,0.5,0.01,0.0,200.0,1.613,1.3361,-0.0802,-0.5,5.51,5.0
2000,5e-05,0.01,0.1,0.5,0.01,0.01,200.0,1.5963,1.341,-0.0978,-0.5,5.69,6.0
2000,5e-05,0.01,0.1,0.5,0.01,0.1,200.0,2.1938,1.781,-0.3471,-0.7,6.72,7.0
2000,5e-05,0.01,0.1,0.5,0.01,0.2,189.0,1.8536,1.4189,-0.0911,-0.1364,6.455,6.0
2000,5e-05,0.01,0.1,0.5,0.1,0.0,200.0,1.594,1.2954,-0.0442,-0.4091,5.43,5.0
2000,5e-05,0.01,0.1,0.5,0.1,0.01,200.0,1.6341,1.3095,-0.0876,-0.4682,5.66,6.0
2000,5e-05,0.01,0.1,0.5,0.1,0.1,200.0,2.0842,1.9366,-0.319,-0.6455,6.765,7.0
2000,5e-05,0.01,0.1,0.5,0.1,0.2,151.0,1.591,1.4283,-0.1557,-0.2364,7.0331,7.0
2000,5e-05,0.01,0.1,1.0,0.0,0.0,200.0,1.6181,1.3392,-0.0989,-0.4818,5.665,6.0
2000,5e-05,0.01,0.1,1.0,0.0,0.01,200.0,1.7656,1.5074,-0.1102,-0.4818,5.84,6.0
2000,5e-05,0.01,0.1,1.0,0.0,0.1,200.0,2.2612,2.1309,-0.3031,-0.8045,7.49,7.0
2000,5e-05,0.01,0.1,1.0,0.0,0.2,200.0,1.6587,1.5153,-0.2664,-0.8727,7.235,7.0
2000,5e-05,0.01,0.1,1.0,0.01,0.0,200.0,1.6697,1.3917,-0.0897,-0.3227,5.835,6.0
2000,5e-05,0.01,0.1,1.0,0.01,0.01,200.0,1.9335,1.8009,-0.142,-0.5091,6.11,6.0
2000,5e-05,0.01,0.1,1.0,0.01,0.1,200.0,2.2575,2.5676,-0.3715,-0.8818,7.305,7.0
2000,5e-05,0.01,0.1,1.0,0.01,0.2,194.0,1.5703,1.5559,-0.3072,-0.8727,7.366,7.0
2000,5e-05,0.01,0.1,1.0,0.1,0.0,200.0,1.7446,1.5809,-0.1076,-0.4409,5.71,6.0
2000,5e-05,0.01,0.1,1.0,0.1,0.01,200.0,1.9239,1.7726,-0.169,-0.5182,6.13,6.0
2000,5e-05,0.01,0.1,1.0,0.1,0.1,200.0,2.3645,2.6218,-0.4102,-0.8727,7.67,8.0
2000,5e-05,0.01,0.1,1.0,0.1,0.2,200.0,2.0146,1.6549,-0.1644,-0.8273,7.715,8.0
2000,5e-05,0.01,0.5,0.0,0.0,0.0,200.0,1.7675,1.6507,-0.0742,-0.4455,5.82,6.0
2000,5e-05,0.01,0.5,0.0,0.0,0.01,200.0,1.8032,1.5627,-0.0996,-0.4091,6.055,6.0
2000,5e-05,0.01,0.5,0.0,0.0,0.1,148.0,2.0458,1.6223,0.0225,0.5773,7.1689,7.0
2000,5e-05,0.01,0.5,0.0,0.0,0.2,173.0,1.9179,1.6625,0.0801,0.5909,8.4855,9.0
2000,5e-05,0.01,0.5,0.0,0.01,0.0,200.0,1.6921,1.4451,-0.0451,-0.2636,5.855,6.0
2000,5e-05,0.01,0.5,0.0,0.01,0.01,200.0,1.6958,1.4672,-0.0359,-0.3,5.95,6.0
2000,5e-05,0.01,0.5,0.0,0.01,0.1,123.0,2.0707,1.791,0.0423,0.4727,7.6504,8.0
2000,5e-05,0.01,0.5,0.0,0.01,0.2,185.0,1.747,1.4977,0.1445,0.9,7.8757,8.0
2000,5e-05,0.01,0.5,0.0,0.1,0.0,200.0,1.5958,1.4362,-0.0226,-0.2545,5.915,6.0
2000,5e-05,0.01,0.5,0.0,0.1,0.01,200.0,1.7547,1.4517,-0.0978,-0.4364,6.075,6.0
2000,5e-05,0.01,0.5,0.0,0.1,0.1,118.0,2.0567,1.7627,0.1272,0.4818,7.4746,8.0
2000,5e-05,0.01,0.5,0.0,0.1,0.2,129.0,2.08,1.7218,-0.0125,-0.6455,8.5194,9.0
2000,5e-05,0.01,0.5,0.1,0.0,0.0,200.0,1.776,1.6886,-0.0665,-0.4045,5.88,6.0
2000,5e-05,0.01,0.5,0.1,0.0,0.01,200.0,1.7096,1.4632,-0.052,-0.3136,5.98,6.0
2000,5e-05,0.01,0.5,0.1,0.0,0.1,88.0,2.4165,2.2725,0.1488,0.5273,7.9545,8.0
2000,5e-05,0.01,0.5,0.1,0.0,0.2,122.0,2.0696,1.6642,0.2299,0.9364,8.082,8.0
2000,5e-05,0.01,0.5,0.1,0.01,0.0,200.0,1.6186,1.3549,-0.0372,-0.3818,5.57,5.5
2000,5e-05,0.01,0.5,0.1,0.01,0.01,200.0,1.7073,1.5384,-0.0665,-0.4773,5.92,6.0
2000,5e-05,0.01,0.5,0.1,0.01,0.1,95.0,2.3854,2.1637,0.1223,0.5818,8.0,8.0
2000,5e-05,0.01,0.5,0.1,0.01,0.2,173.0,1.9707,1.7425,0.0753,0.7636,8.0347,8.0
2000,5e-05,0.01,0.5,0.1,0.1,0.0,200.0,1.6666,1.4763,-0.1018,-0.4682,5.705,6.0
2000,5e-05,0.01,0.5,0.1,0.1,0.01,200.0,1.8749,1.6544,-0.1076,-0.4682,6.03,6.0
2000,5e-05,0.01,0.5,0.1,0.1,0.1,52.0,2.7946,3.2349,0.3804,0.9864,8.6346,9.0
2000,5e-05,0.01,0.5,0.1,0.1,0.2,171.0,2.1728,1.7463,0.1636,0.9455,8.0585,8.0
2000,5e-05,0.01,0.5,0.5,0.0,0.0,200.0,1.6262,1.4731,-0.0302,-0.3455,5.76,6.0
2000,5e-05,0.01,0.5,0.5,0.0,0.01,200.0,1.7826,1.6801,-0.0323,-0.3091,6.02,6.0
2000,5e-05,0.01,0.5,0.5,0.0,0.1,81.0,2.6462,2.68,0.1588,0.7182,7.9383,8.0
2000,5e-05,0.01,0.5,0.5,0.0,0.2,143.0,2.2379,2.1425,0.0996,0.6455,8.014,8.0
2000,5e-05,0.01,0.5,0.5,0.01,0.0,200.0,1.7169,1.6233,-0.0885,-0.3591,5.86,6.0
2000,5e-05,0.01,0.5,0.5,0.01,0.01,200.0,1.8253,1.6009,-0.067,-0.3091,5.845,6.0
2000,5e-05,0.01,0.5,0.5,0.01,0.1,110.0,2.5527,2.6398,0.021,0.5364,8.2545,8.0
2000,5e-05,0.01,0.5,0.5,0.01,0.2,160.0,2.2102,1.7504,0.0822,0.2727,8.4125,9.0
2000,5e-05,0.01,0.5,0.5,0.1,0.0,200.0,1.651,1.4599,-0.0567,-0.3682,5.89,6.0
2000,5e-05,0.01,0.5,0.5,0.1,0.01,200.0,1.8509,1.6465,-0.0596,-0.4091,5.965,6.0
2000,5e-05,0.01,0.5,0.5,0.1,0.1,62.0,2.7636,2.7822,0.1924,0.7727,7.9516,8.0
2000,5e-05,0.01,0.5,0.5,0.1,0.2,119.0,2.2906,2.0437,0.0693,0.5545,8.084,8.0
2000,5e-05,0.01,0.5,1.0,0.0,0.0,200.0,1.6196,1.3981,-0.0238,-0.3773,5.75,6.0
2000,5e-05,0.01,0.5,1.0,0.0,0.01,200.0,1.8574,1.6859,-0.0982,-0.4909,6.075,6.0
2000,5e-05,0.01,0.5,1.0,0.0,0.1,83.0,2.3836,1.9878,-0.0861,-0.8727,8.3494,9.0
2000,5e-05,0.01,0.5,1.0,0.0,0.2,150.0,1.9205,1.4759,0.0027,0.2727,8.5133,9.0
2000,5e-05,0.01,0.5,1.0,0.01,0.0,200.0,1.6527,1.4132,-0.0248,-0.2818,5.79,6.0
2000,5e-05,0.01,0.5,1.0,0.01,0.01,200.0,1.7598,1.4966,-0.0513,-0.3545,5.92,6.0
2000,5e-05,0.01,0.5,1.0,0.01,0.1,88.0,2.5853,2.4163,-0.0154,-0.7818,8.1932,9.0
2000,5e-05,0.01,0.5,1.0,0.01,0.2,200.0,1.9235,1.753,-0.0325,-0.8,8.285,8.0
2000,5e-05,0.01,0.5,1.0,0.1,0.0,200.0,1.5969,1.3329,-0.0358,-0.3182,5.655,6.0
2000,5e-05,0.01,0.5,1.0,0.1,0.01,200.0,1.8983,1.8049,-0.0628,-0.3409,6.245,6.0
2000,5e-05,0.01,0.5,1.0,0.1,0.1,90.0,2.5208,2.3453,0.0133,-0.1,7.6111,8.0
2000,5e-05,0.01,0.5,1.0,0.1,0.2,174.0,2.0413,1.7942,0.102,0.7409,8.4138,9.0
2000,5e-05,0.1,0.01,0.0,0.0,0.0,200.0,2.8289,2.5634,-0.0932,-0.3273,5.875,6.0
2000,5e-05,0.1,0.01,0.0,0.0,0.01,200.0,2.5238,2.2363,-0.0644,-0.2091,6.065,6.0
2000,5e-05,0.1,0.01,0.0,0.0,0.1,200.0,1.2508,1.2035,-0.028,-0.0864,5.945,6.0
2000,5e-05,0.1,0.01,0.0,0.0,0.2,200.0,1.7408,1.4676,0.005,0.2545,6.49,6.0
2000,5e-05,0.1,0.01,0.0,0.01,0.0,200.0,2.8945,2.7243,-0.0988,-0.2682,6.05,6.0
2000,5e-05,0.1,0.01,0.0,0.01,0.01,200.0,2.4751,2.1773,-0.0876,-0.2682,5.945,6.0
2000,5e-05,0.1,0.01,0.0,0.01,0.1,200.0,1.3028,1.2046,-0.0392,-0.2818,6.035,6.0
2000,5e-05,0.1,0.01,0.0,0.01,0.2,200.0,1.7044,1.4582,0.0261,0.2545,6.475,6.0
2000,5e-05,0.1,0.01,0.0,0.1,0.0,200.0,2.8895,2.6393,-0.0997,-0.2409,5.875,6.0
2000,5e-05,0.1,0.01,0.0,0.1,0.01,200.0,2.4912,2.3232,-0.0798,-0.2591,6.04,6.0
2000,5e-05,0.1,0.01,0.0,0.1,0.1,200.0,1.3175,1.2518,-0.0212,-0.1727,6.08,6.0
2000,5e-05,0.1,0.01,0.0,0.1,0.2,200.0,1.7143,1.529,0.0061,0.3,6.27,6.0
2000,5e-05,0.1,0.01,0.1,0.0,0.0,200.0,2.5762,2.4863,-0.11,-0.3045,6.16,6.0
2000,5e-05,0.1,0.01,0.1,0.0,0.01,200.0,2.1863,2.1243,-0.1866,-0.4364,6.15,6.0
2000,5e-05,0.1,0.01,0.1,0.0,0.1,200.0,1.4269,1.2867,-0.0379,-0.0955,6.055,6.0
2000,5e-05,0.1,0.01,0.1,0.0,0.2,200.0,1.7756,1.4394,-0.1438,-0.2364,6.395,6.0
2000,5e-05,0.1,0.01,0.1,0.01,0.0,200.0,2.6603,2.6216,-0.1083,-0.3045,6.125,6.0
2000,5e-05,0.1,0.01,0.1,0.01,0.01,200.0,2.2016,2.1349,-0.182,-0.4773,6.31,6.0
2000,5e-05,0.1,0.01,0.1,0.01,0.1,200.0,1.4526,1.2633,-0.0968,-0.4455,6.095,6.0
2000,5e-05,0.1,0.01,0.1,0.01,0.2,200.0,1.8212,1.5296,-0.1219,-0.3091,6.555,6.0
2000,5e-05,0.1,0.01,0.1,0.1,0.0,200.0,2.5165,2.4843,-0.1204,-0.3773,6.09,6.0
2000,5e-05,0.1,0.01,0.1,0.1,0.01,200.0,2.2486,2.1646,-0.1615,-0.3682,6.07,6.0
2000,5e-05,0.1,0.01,0.1,0.1,0.1,200.0,1.465,1.3417,-0.0359,-0.1818,6.12,6.0
2000,5e-05,0.1,0.01,0.1,0.1,0.2,200.0,1.7208,1.4653,-0.0396,0.0091,6.43,6.0
2000,5e-05,0.1,0.01,0.5,0.0,0.0,200.0,2.4578,2.276,-0.0706,-0.2727,6.2,6.0
2000,5e-05,0.1,0.01,0.5,0.0,0.01,200.0,2.1882,2.0717,-0.0646,-0.1864,5.925,6.0
2000,5e-05,0.1,0.01,0.5,0.0,0.1,200.0,1.4658,1.2573,0.0402,0.0136,6.38,6.5
2000,5e-05,0.1,0.01,0.5,0.0,0.2,200.0,1.7026,1.581,-0.0113,-0.0727,6.755,7.0
2000,5e-05,0.1,0.01,0.5,0.01,0.0,200.0,2.3771,2.1849,-0.0873,-0.2591,5.91,6.0
2000,5e-05,0.1,0.01,0.5,0.01,0.01,200.0,2.2133,2.055,-0.0728,-0.25,5.965,6.0
2000,5e-05,0.1,0.01,0.5,0.01,0.1,200.0,1.4427,1.2378,0.005,-0.0864,6.195,6.0
2000,5e-05,0.1,0.01,0.5,0.01,0.2,200.0,1.7148,1.541,-0.0394,-0.2318,6.695,7.0
2000,5e-05,0.1,0.01,0.5,0.1,0.0,200.0,2.5902,2.4803,-0.0932,-0.2318,6.135,6.0
2000,5e-05,0.1,0.01,0.5,0.1,0.01,200.0,2.2554,2.1114,-0.0796,-0.2,6.155,6.0
2000,5e-05,0.1,0.01,0.5,0.1,0.1,200.0,1.4381,1.1863,0.0074,-0.0864,6.125,6.0
2000,5e-05,0.1,0.01,0.5,0.1,0.2,200.0,1.6271,1.4473,-0.0435,-0.1864,6.625,7.0
2000,5e-05,0.1,0.01,1.0,0.0,0.0,200.0,2.6474,2.494,-0.0938,-0.1955,6.215,6.0
2000,5e-05,0.1,0.01,1.0,0.0,0.01,200.0,2.1466,2.1188,-0.0969,-0.2773,6.1,6.0
2000,5e-05,0.1,0.01,1.0,0.0,0.1,200.0,1.5216,1.2873,-0.0495,-0.2818,6.145,6.0
2000,5e-05,0.1,0.01,1.0,0.0,0.2,200.0,1.58,1.2688,0.0091,-0.0909,6.485,6.0
2000,5e-05,0.1,0.01,1.0,0.01,0.0,200.0,2.6765,2.5023,-0.0787,-0.2409,6.175,6.0
2000,5e-05,0.1,0.01,1.0,0.01,0.01,200.0,2.181,2.004,-0.0571,-0.2455,6.205,6.0
2000,5e-05,0.1,0.01,1.0,0.01,0.1,200.0,1.4927,1.3066,-0.0638,-0.2636,6.13,6.0
2000,5e-05,0.1,0.01,1.0,0.01,0.2,200.0,1.6315,1.4282,0.0912,0.2818,6.65,6.5
2000,5e-05,0.1,0.01,1.0,0.1,0.0,200.0,2.526,2.5169,-0.1152,-0.3,6.275,6.0
2000,5e-05,0.1,0.01,1.0,0.1,0.01,200.0,2.1733,2.0526,-0.0911,-0.3318,6.19,6.0
2000,5e-05,0.1,0.01,1.0,0.1,0.1,200.0,1.4582,1.315,-0.0822,-0.3182,6.245,6.0
2000,5e-05,0.1,0.01,1.0,0.1,0.2,200.0,1.683,1.3492,0.0507,0.0273,6.525,6.0
2000,5e-05,0.1,0.1,0.0,0.0,0.0,200.0,2.4499,2.3033,-0.1397,-0.5,6.135,6.0
2000,5e-05,0.1,0.1,0.0,0.0,0.01,200.0,2.0458,1.9147,-0.1949,-0.5227,6.085,6.0
2000,5e-05,0.1,0.1,0.0,0.0,0.1,200.0,1.4791,1.4399,-0.0535,-0.2818,6.145,6.0
2000,5e-05,0.1,0.1,0.0,0.0,0.2,200.0,1.6105,1.5192,-0.115,-0.3318,6.245,6.0
2000,5e-05,0.1,0.1,0.0,0.01,0.0,200.0,2.3803,2.2885,-0.1603,-0.4773,6.35,6.0
2000,5e-05,0.1,0.1,0.0,0.01,0.01,200.0,2.1953,2.0309,-0.1144,-0.4591,6.15,6.0
2000,5e-05,0.1,0.1,0.0,0.01,0.1,200.0,1.6396,1.4523,-0.0199,-0.1864,6.145,6.0
2000,5e-05,0.1,0.1,0.0,0.01,0.2,200.0,1.6212,1.4859,-0.185,-0.4545,6.305,6.0
2000,5e-05,0.1,0.1,0.0,0.1,0.0,200.0,2.4843,2.4593,-0.1211,-0.3545,6.4,6.0
2000,5e-05,0.1,0.1,0.0,0.1,0.01,200.0,1.9891,1.8449,-0.171,-0.5273,6.155,6.0
2000,5e-05,0.1,0.1,0.0,0.1,0.1,200.0,1.5821,1.4016,-0.0317,-0.2182,6.175,6.0
2000,5e-05,0.1,0.1,0.0,0.1,0.2,200.0,1.6474,1.5535,-0.1929,-0.4727,6.385,6.5
2000,5e-05,0.1,0.1,0.1,0.0,0.0,200.0,2.5575,2.4143,-0.1281,-0.4,6.095,6.0
2000,5e-05,0.1,0.1,0.1,0.0,0.01,200.0,2.2218,2.1316,-0.1382,-0.3727,6.28,6.0
2000,5e-05,0.1,0.1,0.1,0.0,0.1,200.0,1.5293,1.3186,-0.0595,-0.2727,6.275,6.0
2000,5e-05,0.1,0.1,0.1,0.0,0.2,200.0,1.5387,1.271,-0.0501,-0.1591,6.415,6.0
2000,5e-05,0.1,0.1,0.1,0.01,0.0,200.0,2.5387,2.29,-0.1457,-0.4364,6.205,6.0
2000,5e-05,0.1,0.1,0.1,0.01,0.01,200.0,2.2116,2.0965,-0.1412,-0.4955,6.265,6.0
2000,5e-05,0.1,0.1,0.1,0.01,0.1,200.0,1.5744,1.3121,-0.0929,-0.3545,6.055,6.0
2000,5e-05,0.1,0.1,0.1,0.01,0.2,200.0,1.6609,1.3975,-0.167,-0.4545,6.4,6.0
2000,5e-05,0.1,0.1,0.1,0.1,0.0,200.0,2.534,2.5576,-0.1239,-0.4636,6.205,6.0
2000,5e-05,0.1,0.1,0.1,0.1,0.01,200.0,2.2238,2.1263,-0.086,-0.3682,6.355,6.0
2000,5e-05,0.1,0.1,0.1,0.1,0.1,200.0,1.6191,1.3633,-0.0275,-0.2273,6.28,6.0
2000,5e-05,0.1,0.1,0.1,0.1,0.2,200.0,1.6866,1.3478,-0.1064,-0.3,6.28,6.0
2000,5e-05,0.1,0.1,0.5,0.0,0.0,200.0,2.5054,2.3629,-0.0868,-0.2636,5.955,6.0
2000,5e-05,0.1,0.1,0.5,0.0,0.01,200.0,2.3174,2.2666,-0.0892,-0.3636,6.14,6.0
2000,5e-05,0.1,0.1,0.5,0.0,0.1,200.0,1.5234,1.2652,-0.1491,-0.4455,6.19,6.0
2000,5e-05,0.1,0.1,0.5,0.0,0.2,200.0,1.7987,1.6398,-0.0775,-0.1545,6.47,6.5
2000,5e-05,0.1,0.1,0.5,0.01,0.0,200.0,2.4592,2.356,-0.092,-0.3227,5.975,6.0
2000,5e-05,0.1,0.1,0.5,0.01,0.01,200.0,2.416,2.3327,-0.0799,-0.2682,6.08,6.0
2000,5e-05,0.1,0.1,0.5,0.01,0.1,200.0,1.5787,1.386,-0.0288,-0.2409,6.21,6.0
2000,5e-05,0.1,0.1,0.5,0.01,0.2,200.0,1.5755,1.3684,-0.0855,-0.2818,6.595,6.5
2000,5e-05,0.1,0.1,0.5,0.1,0.0,200.0,2.4831,2.3894,-0.0762,-0.3182,5.93,6.0
2000,5e-05,0.1,0.1,0.5,0.1,0.01,200.0,2.2659,2.2541,-0.0365,-0.2818,6.045,6.0
2000,5e-05,0.1,0.1,0.5,0.1,0.1,200.0,1.5944,1.3743,-0.1173,-0.4091,6.39,6.0
2000,5e-05,0.1,0.1,0.5,0.1,0.2,200.0,1.8129,1.7098,-0.1151,-0.3864,6.565,7.0
2000,5e-05,0.1,0.1,1.0,0.0,0.0,200.0,2.5246,2.3011,-0.0586,-0.2545,6.12,6.0
2000,5e-05,0.1,0.1,1.0,0.0,0.01,200.0,2.3503,2.2093,-0.0454,-0.2,6.01,6.0
2000,5e-05,0.1,0.1,1.0,0.0,0.1,200.0,1.6378,1.5315,-0.1227,-0.4864,6.43,6.0
2000,5e-05,0.1,0.1,1.0,0.0,0.2,200.0,1.8568,1.8675,-0.1158,-0.5045,6.585,7.0
2000,5e-05,0.1,0.1,1.0,0.01,0.0,200.0,2.6301,2.4386,-0.0678,-0.25,6.04,6.0
2000,5e-05,0.1,0.1,1.0,0.01,0.01,200.0,2.3486,2.1776,-0.0868,-0.3318,5.935,6.0
2000,5e-05,0.1,0.1,1.0,0.01,0.1,200.0,1.6933,1.5695,-0.0931,-0.4773,6.47,7.0
2000,5e-05,0.1,0.1,1.0,0.01,0.2,200.0,1.9344,2.0155,-0.0683,-0.2818,6.725,7.0
2000,5e-05,0.1,0.1,1.0,0.1,0.0,200.0,2.4291,2.2327,-0.0424,-0.3,6.01,6.0
2000,5e-05,0.1,0.1,1.0,0.1,0.01,200.0,2.31,2.3031,-0.0755,-0.2727,5.925,6.0
2000,5e-05,0.1,0.1,1.0,0.1,0.1,200.0,1.7241,1.6238,-0.1048,-0.4273,6.605,7.0
2000,5e-05,0.1,0.1,1.0,0.1,0.2,200.0,1.943,1.9907,-0.1213,-0.5182,6.845,7.0
2000,5e-05,0.1,0.5,0.0,0.0,0.0,200.0,2.6836,2.6336,-0.1235,-0.3318,6.05,6.0
2000,5e-05,0.1,0.5,0.0,0.0,0.01,200.0,2.4531,2.3833,-0.0566,-0.1636,6.105,6.0
2000,5e-05,0.1,0.5,0.0,0.0,0.1,200.0,1.7403,1.7241,-0.1096,-0.5818,6.48,6.0
2000,5e-05,0.1,0.5,0.0,0.0,0.2,200.0,1.8071,1.7131,-0.0267,-0.4273,6.715,7.0
2000,5e-05,0.1,0.5,0.0,0.01,0.0,200.0,2.6203,2.5385,-0.0938,-0.2545,6.37,6.0
2000,5e-05,0.1,0.5,0.0,0.01,0.01,200.0,2.5769,2.4414,-0.0363,-0.1091,6.14,6.0
2000,5e-05,0.1,0.5,0.0,0.01,0.1,200.0,1.7502,1.6099,-0.0935,-0.5591,6.33,6.0
2000,5e-05,0.1,0.5,0.0,0.01,0.2,200.0,2.0915,2.004,0.0051,0.0,7.015,7.0
2000,5e-05,0.1,0.5,0.0,0.1,0.0,200.0,2.6359,2.4889,-0.1094,-0.3909,6.08,6.0
2000,5e-05,0.1,0.5,0.0,0.1,0.01,200.0,2.4763,2.4286,-0.032,-0.15,6.39,6.0
2000,5e-05,0.1,0.5,0.0,0.1,0.1,200.0,1.7383,1.6304,-0.0605,-0.4818,6.43,6.5
2000,5e-05,0.1,0.5,0.0,0.1,0.2,200.0,1.9518,1.7878,-0.0554,-0.5909,6.72,7.0
2000,5e-05,0.1,0.5,0.1,0.0,0.0,200.0,2.7871,2.6035,-0.117,-0.3091,6.165,6.0
2000,5e-05,0.1,0.5,0.1,0.0,0.01,200.0,2.5048,2.3986,-0.0756,-0.2864,6.15,6.0
2000,5e-05,0.1,0.5,0.1,0.0,0.1,200.0,1.7884,1.6653,-0.1098,-0.5318,6.54,6.0
2000,5e-05,0.1,0.5,0.1,0.0,0.2,200.0,1.9924,1.9927,-0.1145,-0.6409,6.685,7.0
2000,5e-05,0.1,0.5,0.1,0.01,0.0,200.0,2.7056,2.6116,-0.0858,-0.2227,6.215,6.0
2000,5e-05,0.1,0.5,0.1,0.01,0.01,200.0,2.4918,2.4344,-0.0997,-0.3455,6.06,6.0
2000,5e-05,0.1,0.5,0.1,0.01,0.1,200.0,1.7744,1.7106,-0.1837,-0.6182,6.495,6.0
2000,5e-05,0.1,0.5,0.1,0.01,0.2,200.0,1.9587,1.7826,-0.116,-0.6591,6.7,7.0
2000,5e-05,0.1,0.5,0.1,0.1,0.0,200.0,2.6175,2.5414,-0.1256,-0.4091,6.11,6.0
2000,5e-05,0.1,0.5,0.1,0.1,0.01,200.0,2.4238,2.3012,-0.0673,-0.1955,6.25,6.0
2000,5e-05,0.1,0.5,0.1,0.1,0.1,200.0,1.7268,1.5681,-0.1012,-0.5364,6.48,6.5
2000,5e-05,0.1,0.5,0.1,0.1,0.2,200.0,1.7571,1.7518,-0.0347,-0.3364,6.5,7.0
2000,5e-05,0.1,0.5,0.5,0.0,0.0,200.0,2.6412,2.6253,-0.1043,-0.2273,6.105,6.0
2000,5e-05,0.1,0.5,0.5,0.0,0.01,200.0,2.5444,2.5157,-0.121,-0.3136,6.265,6.0
2000,5e-05,0.1,0.5,0.5,0.0,0.1,200.0,1.8954,1.8269,-0.1006,-0.4818,6.325,6.0
2000,5e-05,0.1,0.5,0.5,0.0,0.2,200.0,1.9563,1.8094,-0.0505,-0.4591,6.96,7.0
2000,5e-05,0.1,0.5,0.5,0.01,0.0,200.0,2.7359,2.6665,-0.08,-0.2182,6.26,6.0
2000,5e-05,0.1,0.5,0.5,0.01,0.01,200.0,2.4477,2.2848,-0.122,-0.3045,6.285,6.0
2000,5e-05,0.1,0.5,0.5,0.01,0.1,200.0,1.8731,1.7551,-0.0675,-0.5182,6.465,6.0
2000,5e-05,0.1,0.5,0.5,0.01,0.2,200.0,1.8756,1.6102,-0.0286,-0.2409,6.655,7.0
2000,5e-05,0.1,0.5,0.5,0.1,0.0,200.0,2.762,2.7263,-0.1365,-0.3045,6.145,6.0
2000,5e-05,0.1,0.5,0.5,0.1,0.01,200.0,2.5868,2.5523,-0.144,-0.3455,6.27,6.0
2000,5e-05,0.1,0.5,0.5,0.1,0.1,200.0,1.8048,1.5531,-0.1052,-0.5727,6.335,6.0
2000,5e-05,0.1,0.5,0.5,0.1,0.2,200.0,1.9807,1.8404,-0.0627,-0.5727,6.86,7.0
2000,5e-05,0.1,0.5,1.0,0.0,0.0,200.0,2.6735,2.5959,-0.1202,-0.3545,6.23,6.0
2000,5e-05,0.1,0.5,1.0,0.0,0.01,200.0,2.5854,2.5303,-0.0595,-0.1727,6.055,6.0
2000,5e-05,0.1,0.5,1.0,0.0,0.1,200.0,1.6925,1.5843,0.0148,-0.0227,6.175,6.0
2000,5e-05,0.1,0.5,1.0,0.0,0.2,200.0,1.8195,1.6327,-0.0813,-0.4818,6.615,7.0
2000,5e-05,0.1,0.5,1.0,0.01,0.0,200.0,2.7195,2.5192,-0.0758,-0.1727,6.195,6.0
2000,5e-05,0.1,0.5,1.0,0.01,0.01,200.0,2.5113,2.3987,-0.1084,-0.2636,6.095,6.0
2000,5e-05,0.1,0.5,1.0,0.01,0.1,200.0,1.6918,1.5572,-0.0692,-0.3682,6.385,6.0
2000,5e-05,0.1,0.5,1.0,0.01,0.2,200.0,1.7533,1.5667,-0.0736,-0.4273,6.625,7.0
2000,5e-05,0.1,0.5,1.0,0.1,0.0,200.0,2.7594,2.6885,-0.0713,-0.2364,5.99,6.0
2000,5e-05,0.1,0.5,1.0,0.1,0.01,200.0,2.5634,2.4749,-0.119,-0.2636,6.265,6.0
2000,5e-05,0.1,0.5,1.0,0.1,0.1,200.0,1.6442,1.4623,0.0114,-0.1273,6.24,6.0
2000,5e-05,0.1,0.5,1.0,0.1,0.2,200.0,1.874,1.7107,-0.0129,-0.0273,6.725,7.0
2000,0.0001,0.0,0.01,0.0,0.0,0.0,200.0,3.1476,3.0828,-0.0223,-0.2136,6.82,7.0
2000,0.0001,0.0,0.01,0.0,0.0,0.01,200.0,2.4975,2.2832,-0.0298,0.0,7.335,7.5
2000,0.0001,0.0,0.01,0.0,0.0,0.1,200.0,1.285,1.1477,-0.1223,-0.4455,7.22,7.0
2000,0.0001,0.0,0.01,0.0,0.0,0.2,200.0,1.2386,1.0483,0.0474,0.1727,7.79,8.0
2000,0.0001,0.0,0.01,0.0,0.01,0.0,200.0,3.4345,3.3562,-0.1781,-0.5182,6.885,7.0
2000,0.0001,0.0,0.01,0.0,0.01,0.01,200.0,2.4788,2.0655,0.1015,0.2955,7.495,7.0
2000,0.0001,0.0,0.01,0.0,0.01,0.1,200.0,1.258,1.1228,-0.0045,-0.0182,6.805,7.0
2000,0.0001,0.0,0.01,0.0,0.01,0.2,200.0,1.3432,1.1276,-0.0009,-0.0091,7.775,8.0
2000,0.0001,0.0,0.01,0.0,0.1,0.0,200.0,2.8144,2.7266,-0.0289,-0.1864,6.67,7.0
2000,0.0001,0.0,0.01,0.0,0.1,0.01,200.0,2.4043,2.1337,0.0877,0.25,6.885,7.0
2000,0.0001,0.0,0.01,0.0,0.1,0.1,200.0,1.2856,1.1222,-0.0615,-0.3091,7.25,7.0
2000,0.0001,0.0,0.01,0.0,0.1,0.2,200.0,1.1607,0.9186,0.0026,-0.1455,7.75,8.0
2000,0.0001,0.0,0.01,0.1,0.0,0.0,200.0,2.5085,2.3857,-0.024,-0.1227,6.44,6.0
2000,0.0001,0.0,0.01,0.1,0.0,0.01,180.0,2.452,2.4835,0.0338,0.0818,7.3111,7.0
2000,0.0001,0.0,0.01,0.1,0.0,0.1,200.0,1.4792,1.303,-0.0439,-0.4136,7.595,8.0
2000,0.0001,0.0,0.01,0.1,0.0,0.2,200.0,1.5444,1.4157,0.1387,0.7091,8.35,8.0
2000,0.0001,0.0,0.01,0.1,0.01,0.0,200.0,2.5322,2.3775,0.0241,-0.0273,6.16,6.0
2000,0.0001,0.0,0.01,0.1,0.01,0.01,150.0,2.6554,2.4811,0.1791,0.0727,7.8333,8.0
2000,0.0001,0.0,0.01,0.1,0.01,0.1,200.0,1.4418,1.2027,0.1476,0.6909,7.335,8.0
2000,0.0001,0.0,0.01,0.1,0.01,0.2,200.0,1.4733,1.2942,0.113,0.6364,8.44,8.5
2000,0.0001,0.0,0.01,0.1,0.1,0.0,200.0,2.5413,2.1957,0.073,0.0455,6.43,6.0
2000,0.0001,0.0,0.01,0.1,0.1,0.01,168.0,2.4005,2.2974,0.1479,0.1409,8.0833,8.0
2000,0.0001,0.0,0.01,0.1,0.1,0.1,200.0,1.4664,1.2401,-0.0105,-0.2,7.555,8.0
2000,0.0001,0.0,0.01,0.1,0.1,0.2,200.0,1.4822,1.3224,0.0835,0.5091,8.235,8.0
2000,0.0001,0.0,0.01,0.5,0.0,0.0,200.0,2.2949,1.9545,-0.0406,-0.1909,6.67,7.0
2000,0.0001,0.0,0.01,0.5,0.0,0.01,81.0,2.9938,3.2497,0.3928,0.4636,7.4321,8.0
2000,0.0001,0.0,0.01,0.5,0.0,0.1,95.0,1.6104,1.4944,0.4393,0.9,8.3158,8.0
2000,0.0001,0.0,0.01,0.5,0.0,0.2,200.0,1.6671,1.4709,0.4887,0.9545,8.77,9.0
2000,0.0001,0.0,0.01,0.5,0.01,0.0,200.0,2.4174,1.9967,-0.0182,-0.1364,6.54,6.0
2000,0.0001,0.0,0.01,0.5,0.01,0.01,125.0,2.6863,2.4388,0.0737,0.0182,7.344,7.0
2000,0.0001,0.0,0.01,0.5,0.01,0.1,125.0,1.4422,1.2876,0.3055,0.8455,7.568,7.0
2000,0.0001,0.0,0.01,0.5,0.01,0.2,200.0,1.7992,1.6066,0.505,0.9455,9.085,9.0
2000,0.0001,0.0,0.01,0.5,0.1,0.0,200.0,2.5603,2.2143,-0.0225,-0.1182,6.845,7.0
2000,0.0001,0.0,0.01,0.5,0.1,0.01,76.0,2.8998,2.9995,0.2267,0.3364,8.0132,8.0
2000,0.0001,0.0,0.01,0.5,0.1,0.1,85.0,1.589,1.4729,0.3225,0.8,7.3059,7.0
2000,0.0001,0.0,0.01,0.5,0.1,0.2,200.0,1.6547,1.44,0.3639,0.9,8.715,9.0
2000,0.0001,0.0,0.01,1.0,0.0,0.0,200.0,2.0846,1.8234,-0.008,-0.15,6.28,6.0
2000,0.0001,0.0,0.01,1.0,0.0,0.01,95.0,2.9613,2.4394,0.3582,0.6636,7.9474,8.0
2000,0.0001,0.0,0.01,1.0,0.0,0.1,8.0,1.2668,1.2954,0.8318,0.8318,8.25,8.0
2000,0.0001,0.0,0.01,1.0,0.0,0.2,200.0,1.5751,1.3821,0.4581,0.9455,8.4,8.0
2000,0.0001,0.0,0.01,1.0,0.01,0.0,200.0,2.343,2.0549,0.0607,0.1682,6.7,7.0
2000,0.0001,0.0,0.01,1.0,0.01,0.01,63.0,3.0995,3.1767,0.3317,0.5818,8.2698,8.0
2000,0.0001,0.0,0.01,1.0,0.01,0.1,35.0,1.4146,1.1902,0.466,0.8364,8.2,8.0
2000,0.0001,0.0,0.01,1.0,0.01,0.2,200.0,1.5918,1.442,0.4585,0.9091,8.8,9.0
2000,0.0001,0.0,0.01,1.0,0.1,0.0,200.0,2.2117,1.8895,0.0354,0.25,6.445,7.0
2000,0.0001,0.0,0.01,1.0,0.1,0.01,72.0,2.9844,3.086,0.274,0.3909,8.5139,8.5
2000,0.0001,0.0,0.01,1.0,0.1,0.1,41.0,1.7696,1.4259,0.7182,0.8545,8.3659,8.0
2000,0.0001,0.0,0.01,1.0,0.1,0.2,200.0,1.7528,1.5875,0.5025,0.9273,8.98,9.0
2000,0.0001,0.0,0.1,0.0,0.0,0.0,200.0,1.8247,1.4593,-0.0136,-0.2727,6.075,6.0
2000,0.0001,0.0,0.1,0.0,0.0,0.01,197.0,2.0404,2.0787,0.1413,0.6636,7.3909,7.0
2000,0.0001,0.0,0.1,0.0,0.0,0.1,116.0,1.6882,1.441,-0.0786,-0.0091,7.6897,8.0
2000,0.0001,0.0,0.1,0.0,0.0,0.2,200.0,1.5497,1.4697,0.0638,0.8364,9.06,9.0
2000,0.0001,0.0,0.1,0.0,0.01,0.0,200.0,1.8453,1.5764,-0.0193,-0.3409,6.295,6.0
2000,0.0001,0.0,0.1,0.0,0.01,0.01,63.0,2.1379,1.8227,-0.0284,-0.4727,7.1746,7.0
2000,0.0001,0.0,0.1,0.0,0.01,0.1,200.0,1.6986,1.65,-0.1093,-0.8091,7.685,8.0
2000,0.0001,0.0,0.1,0.0,0.01,0.2,200.0,1.6562,1.5517,0.0162,0.5364,8.815,9.0
2000,0.0001,0.0,0.1,0.0,0.1,0.0,200.0,2.1555,1.9507,0.1129,0.3136,6.395,6.0
2000,0.0001,0.0,0.1,0.0,0.1,0.01,62.0,1.997,1.7668,0.0971,0.5545,7.4839,7.5
2000,0.0001,0.0,0.1,0.0,0.1,0.1,193.0,1.4802,1.4652,-0.0604,-0.8636,8.4301,9.0
2000,0.0001,0.0,0.1,0.0,0.1,0.2,200.0,1.5136,1.508,0.0428,0.7955,8.755,9.0
2000,0.0001,0.0,0.1,0.1,0.0,0.0,200.0,2.2326,2.0145,0.1355,0.2864,6.405,7.0
2000,0.0001,0.0,0.1,0.1,0.0,0.01,119.0,1.9992,1.9231,0.0814,0.3,7.0924,7.0
2000,0.0001,0.0,0.1,0.1,0.0,0.1,124.0,1.6207,1.4132,-0.1941,-0.9273,7.621,8.0
2000,0.0001,0.0,0.1,0.1,0.0,0.2,200.0,1.6536,1.4327,0.0585,0.7136,9.08,9.0
2000,0.0001,0.0,0.1,0.1,0.01,0.0,200.0,2.3738,2.2023,0.1361,0.3273,6.555,6.5
2000,0.0001,0.0,0.1,0.1,0.01,0.01,133.0,2.1225,1.7944,0.1945,0.4364,7.1203,7.0
2000,0.0001,0.0,0.1,0.1,0.01,0.1,91.0,1.3273,1.2975,-0.0835,-0.7455,8.2637,9.0
2000,0.0001,0.0,0.1,0.1,0.01,0.2,200.0,1.5899,1.4652,-0.0386,-0.6636,8.505,8.0
2000,0.0001,0.0,0.1,0.1,0.1,0.0,200.0,2.2113,2.1396,0.1449,0.3545,6.675,7.0
2000,0.0001,0.0,0.1,0.1,0.1,0.01,165.0,2.4997,2.4321,0.2319,0.4364,7.5697,8.0
2000,0.0001,0.0,0.1,0.1,0.1,0.1,100.0,1.5349,1.2845,-0.2145,-0.9364,8.35,9.0
2000,0.0001,0.0,0.1,0.1,0.1,0.2,200.0,1.4977,1.3327,0.017,0.3727,8.565,9.0
2000,0.0001,0.0,0.1,0.5,0.0,0.0,200.0,2.3261,2.3177,0.1465,0.3727,6.56,6.0
2000,0.0001,0.0,0.1,0.5,0.0,0.01,190.0,2.036,1.7322,0.1108,0.3273,6.9789,7.0
2000,0.0001,0.0,0.1,0.5,0.0,0.1,108.0,1.7738,1.7768,-0.2113,-0.9182,8.6574,9.0
2000,0.0001,0.0,0.1,0.5,0.0,0.2,200.0,1.5197,1.3203,-0.0445,-0.5909,8.895,9.0
2000,0.0001,0.0,0.1,0.5,0.01,0.0,200.0,2.2909,2.0779,0.1067,0.2818,6.365,6.0
2000,0.0001,0.0,0.1,0.5,0.01,0.01,200.0,1.7643,1.5858,-0.1192,-0.5,7.335,7.0
2000,0.0001,0.0,0.1,0.5,0.01,0.1,177.0,1.7369,1.6,-0.2508,-0.9545,8.6102,9.0
2000,0.0001,0.0,0.1,0.5,0.01,0.2,200.0,1.5834,1.4885,-0.1036,-0.7045,8.61,9.0
2000,0.0001,0.0,0.1,0.5,0.1,0.0,200.0,1.9647,1.8753,0.1439,0.5227,6.37,6.0
2000,0.0001,0.0,0.1,0.5,0.1,0.01,186.0,1.9695,1.7791,-0.0303,-0.2136,6.9946,7.0
2000,0.0001,0.0,0.1,0.5,0.1,0.1,96.0,1.511,1.4507,-0.08,-0.7955,7.9271,8.0
2000,0.0001,0.0,0.1,0.5,0.1,0.2,200.0,1.5163,1.3597,-0.0996,-0.6,8.47,9.0
2000,0.0001,0.0,0.1,1.0,0.0,0.0,200.0,2.0113,1.9063,-0.0206,-0.2,6.51,7.0
2000,0.0001,0.0,0.1,1.0,0.0,0.01,6.0,3.6966,3.8764,0.8788,0.9455,6.6667,6.0
2000,0.0001,0.0,0.1,1.0,0.0,0.1,119.0,1.6026,1.5778,-0.4277,-0.9818,8.479,9.0
2000,0.0001,0.0,0.1,1.0,0.0,0.2,200.0,1.4391,1.3341,-0.0582,-0.5409,8.76,9.0
2000,0.0001,0.0,0.1,1.0,0.01,0.0,200.0,2.2801,2.0603,0.055,-0.05,6.585,7.0
2000,0.0001,0.0,0.1,1.0,0.01,0.01,65.0,2.2224,2.0608,0.1754,0.5091,7.2615,7.0
2000,0.0001,0.0,0.1,1.0,0.01,0.1,145.0,1.7087,1.5304,-0.2044,-0.9636,8.3172,8.0
2000,0.0001,0.0,0.1,1.0,0.01,0.2,200.0,1.4261,1.3665,0.0015,0.0273,8.73,9.0
2000,0.0001,0.0,0.1,1.0,0.1,0.0,200.0,2.0551,1.8952,0.0245,-0.1045,6.77,7.0
2000,0.0001,0.0,0.1,1.0,0.1,0.01,62.0,2.4713,2.248,-0.1749,-0.3591,7.3387,7.0
2000,0.0001,0.0,0.1,1.0,0.1,0.1,197.0,1.6262,1.5191,-0.3399,-0.9455,8.7614,9.0
2000,0.0001,0.0,0.1,1.0,0.1,0.2,200.0,1.6014,1.508,0.0686,0.8091,9.34,9.0
2000,0.0001,0.0,0.5,0.0,0.0,0.0,200.0,1.6971,1.4347,0.0195,-0.0682,6.855,7.0
2000,0.0001,0.0,0.5,0.0,0.0,0.01,200.0,1.4126,1.3537,0.1201,0.3,6.485,6.0
2000,0.0001,0.0,0.5,0.0,0.0,0.1,50.0,2.2721,2.0327,-0.07,-0.9273,9.44,10.0
2000,0.0001,0.0,0.5,0.0,0.0,0.2,166.0,2.0321,1.7664,0.5026,0.9909,8.8735,9.0
2000,0.0001,0.0,0.5,0.0,0.01,0.0,200.0,1.8073,1.5833,0.1222,0.2818,7.045,7.0
2000,0.0001,0.0,0.5,0.0,0.01,0.01,200.0,1.6728,1.4736,0.0838,0.2273,6.815,7.0
2000,0.0001,0.0,0.5,0.0,0.01,0.1,41.0,2.34,2.1778,0.0266,0.9545,8.8293,9.0
2000,0.0001,0.0,0.5,0.0,0.01,0.2,200.0,1.6897,1.6054,0.234,0.9909,9.27,9.0
2000,0.0001,0.0,0.5,0.0,0.1,0.0,200.0,1.6878,1.4881,0.0554,0.0682,6.805,7.0
2000,0.0001,0.0,0.5,0.0,0.1,0.01,200.0,1.8745,1.5718,-0.1085,-0.2909,6.745,7.0
2000,0.0001,0.0,0.5,0.0,0.1,0.1,26.0,2.7019,3.2304,0.1514,0.9818,9.7692,10.0
2000,0.0001,0.0,0.5,0.0,0.1,0.2,173.0,1.607,1.5451,0.3227,1.0,9.1214,9.0
2000,0.0001,0.0,0.5,0.1,0.0,0.0,200.0,1.9167,1.6236,0.0911,0.4182,7.095,7.0
2000,0.0001,0.0,0.5,0.1,0.0,0.01,200.0,1.5767,1.4345,0.0565,0.1545,6.525,7.0
2000,0.0001,0.0,0.5,0.1,0.0,0.1,29.0,2.5908,2.3499,0.0542,0.9909,8.7586,10.0
2000,0.0001,0.0,0.5,0.1,0.0,0.2,153.0,1.7229,1.4864,0.2445,0.9909,8.5752,9.0
2000,0.0001,0.0,0.5,0.1,0.01,0.0,200.0,1.8322,1.5347,0.0851,0.1455,6.75,7.0
2000,0.0001,0.0,0.5,0.1,0.01,0.01,200.0,1.5272,1.4512,0.1215,0.3227,6.8,7.0
2000,0.0001,0.0,0.5,0.1,0.01,0.1,29.0,2.6076,3.1971,0.4765,0.9727,9.2414,10.0
2000,0.0001,0.0,0.5,0.1,0.01,0.2,200.0,1.7879,1.6054,0.2592,0.9455,9.255,9.0
2000,0.0001,0.0,0.5,0.1,0.1,0.0,200.0,1.8729,1.7221,0.1775,0.4591,6.965,7.0
2000,0.0001,0.0,0.5,0.1,0.1,0.01,200.0,1.6639,1.499,-0.0521,-0.3136,6.31,6.0
2000,0.0001,0.0,0.5,0.1,0.1,0.1,34.0,2.3252,1.7765,0.2406,0.9909,9.2059,10.0
2000,0.0001,0.0,0.5,0.1,0.1,0.2,200.0,1.4818,1.352,0.3752,0.9909,8.81,9.0
2000,0.0001,0.0,0.5,0.5,0.0,0.0,200.0,1.7744,1.5842,0.0275,0.0773,6.745,7.0
2000,0.0001,0.0,0.5,0.5,0.0,0.01,200.0,2.0215,1.7855,0.0037,-0.2136,6.685,7.0
2000,0.0001,0.0,0.5,0.5,0.0,0.1,58.0,2.6859,3.0541,0.4085,0.9818,9.4655,10.0
2000,0.0001,0.0,0.5,0.5,0.0,0.2,120.0,1.9081,1.6054,0.4143,1.0,9.5,10.0
2000,0.0001,0.0,0.5,0.5,0.01,0.0,200.0,1.7196,1.4731,0.0998,0.4636,6.715,7.0
2000,0.0001,0.0,0.5,0.5,0.01,0.01,200.0,1.7699,1.4016,0.0705,0.15,6.64,7.0
2000,0.0001,0.0,0.5,0.5,0.01,0.1,45.0,2.7054,3.2062,0.1123,0.9636,9.1778,9.0
2000,0.0001,0.0,0.5,0.5,0.01,0.2,102.0,2.4425,2.4598,0.6405,1.0,9.902,10.0
2000,0.0001,0.0,0.5,0.5,0.1,0.0,200.0,1.9865,1.6494,-0.075,-0.4591,6.74,7.0
2000,0.0001,0.0,0.5,0.5,0.1,0.01,200.0,2.1003,2.0099,0.1115,0.2409,6.83,7.0
2000,0.0001,0.0,0.5,0.5,0.1,0.1,39.0,3.0597,3.6559,0.3895,0.9909,9.8205,10.0
2000,0.0001,0.0,0.5,0.5,0.1,0.2,125.0,2.0037,1.6437,0.5425,0.9909,9.376,9.0
2000,0.0001,0.0,0.5,1.0,0.0,0.0,200.0,1.8845,1.6401,0.0216,-0.0182,6.81,7.0
2000,0.0001,0.0,0.5,1.0,0.0,0.01,200.0,1.9236,1.6599,-0.0993,-0.2636,6.6,6.0
2000,0.0001,0.0,0.5,1.0,0.0,0.1,49.0,2.7474,2.4018,0.0239,0.9364,9.4898,10.0
2000,0.0001,0.0,0.5,1.0,0.0,0.2,155.0,1.757,1.6081,0.2232,0.9909,9.6129,10.0
2000,0.0001,0.0,0.5,1.0,0.01,0.0,200.0,1.9843,2.0108,0.0931,0.3409,6.33,6.0
2000,0.0001,0.0,0.5,1.0,0.01,0.01,200.0,1.8696,1.6407,-0.0443,-0.2727,6.665,6.5
2000,0.0001,0.0,0.5,1.0,0.01,0.1,51.0,2.7518,3.2404,0.3292,0.9727,9.4314,10.0
2000,0.0001,0.0,0.5,1.0,0.01,0.2,200.0,1.8407,1.6054,0.1398,0.9636,9.41,9.0
2000,0.0001,0.0,0.5,1.0,0.1,0.0,200.0,2.0607,1.9946,0.221,0.5409,6.525,6.0
2000,0.0001,0.0,0.5,1.0,0.1,0.01,200.0,1.9099,1.6021,0.1071,0.3,6.77,7.0
2000,0.0001,0.0,0.5,1.0,0.1,0.1,38.0,2.9129,3.4296,0.2065,0.9455,9.0526,9.0
2000,0.0001,0.0,0.5,1.0,0.1,0.2,200.0,1.6877,1.556,0.2728,0.9818,8.925,9.0
2000,0.0001,0.01,0.01,0.0,0.0,0.0,200.0,1.9215,1.8333,-0.091,-0.4182,5.34,5.0
2000,0.0001,0.01,0.01,0.0,0.0,0.01,200.0,1.5309,1.325,-0.0742,-0.4727,5.775,6.0
2000,0.0001,0.01,0.01,0.0,0.0,0.1,150.0,1.6842,1.0889,0.0569,0.0636,6.7533,7.0
2000,0.0001,0.01,0.01,0.0,0.0,0.2,200.0,1.0717,0.9129,0.2454,0.7182,6.41,6.0
2000,0.0001,0.01,0.01,0.0,0.01,0.0,200.0,1.876,1.6828,-0.1207,-0.4591,5.505,5.0
2000,0.0001,0.01,0.01,0.0,0.01,0.01,200.0,1.4465,1.1489,-0.0075,-0.2273,5.65,6.0
2000,0.0001,0.01,0.01,0.0,0.01,0.1,97.0,1.6635,1.2409,-0.0828,0.0091,6.8247,7.0
2000,0.0001,0.01,0.01,0.0,0.01,0.2,200.0,1.0622,0.8874,0.1077,0.2727,6.415,6.0
2000,0.0001,0.01,0.01,0.0,0.1,0.0,200.0,1.8458,1.5997,-0.121,-0.5,5.42,5.0
2000,0.0001,0.01,0.01,0.0,0.1,0.01,200.0,1.4115,1.1177,-0.1105,-0.5,5.66,6.0
2000,0.0001,0.01,0.01,0.0,0.1,0.1,110.0,1.6263,1.1389,-0.2364,-0.3364,6.9909,7.0
2000,0.0001,0.01,0.01,0.0,0.1,0.2,200.0,1.323,1.1085,0.0853,0.2545,6.385,6.0
2000,0.0001,0.01,0.01,0.1,0.0,0.0,200.0,1.6578,1.3235,-0.1377,-0.4909,5.315,5.0
2000,0.0001,0.01,0.01,0.1,0.0,0.01,200.0,1.4009,1.1287,-0.111,-0.5045,5.485,5.0
2000,0.0001,0.01,0.01,0.1,0.0,0.1,88.0,1.525,1.1307,0.0531,-0.0227,6.6136,7.0
2000,0.0001,0.01,0.01,0.1,0.0,0.2,200.0,1.0256,0.9198,-0.0267,-0.3318,6.725,7.0
2000,0.0001,0.01,0.01,0.1,0.01,0.0,200.0,1.5919,1.3483,-0.0648,-0.3773,5.245,5.0
2000,0.0001,0.01,0.01,0.1,0.01,0.01,200.0,1.3857,1.2061,-0.1028,-0.4818,5.705,6.0
2000,0.0001,0.01,0.01,0.1,0.01,0.1,133.0,1.707,1.2414,0.1352,0.0273,6.8195,7.0
2000,0.0001,0.01,0.01,0.1,0.01,0.2,200.0,0.9514,0.871,0.0514,0.4364,6.71,7.0
2000,0.0001,0.01,0.01,0.1,0.1,0.0,200.0,1.641,1.4353,-0.1461,-0.5,5.405,5.0
2000,0.0001,0.01,0.01,0.1,0.1,0.01,200.0,1.3723,1.0985,-0.1035,-0.5273,5.435,5.0
2000,0.0001,0.01,0.01,0.1,0.1,0.1,130.0,1.4802,0.9859,0.1983,0.1545,6.8692,7.0
2000,0.0001,0.01,0.01,0.1,0.1,0.2,200.0,1.101,1.0191,0.1069,0.55,6.87,7.0
2000,0.0001,0.01,0.01,0.5,0.0,0.0,200.0,1.6997,1.6005,-0.0572,-0.3727,5.42,5.0
2000,0.0001,0.01,0.01,0.5,0.0,0.01,200.0,1.5982,1.4526,-0.0409,-0.3136,5.785,6.0
2000,0.0001,0.01,0.01,0.5,0.0,0.1,184.0,1.887,1.3938,0.1781,0.2909,6.7609,7.0
2000,0.0001,0.01,0.01,0.5,0.0,0.2,200.0,1.2734,1.1599,0.1829,0.7545,7.325,7.0
2000,0.0001,0.01,0.01,0.5,0.01,0.0,200.0,1.7403,1.6565,-0.0554,-0.3364,5.455,5.0
2000,0.0001,0.01,0.01,0.5,0.01,0.01,200.0,1.7003,1.4476,-0.0645,-0.3091,5.81,6.0
2000,0.0001,0.01,0.01,0.5,0.01,0.1,168.0,1.9662,1.7926,0.2707,0.3727,6.4464,6.0
2000,0.0001,0.01,0.01,0.5,0.01,0.2,200.0,1.7408,1.7636,0.2789,0.7318,7.545,8.0
2000,0.0001,0.01,0.01,0.5,0.1,0.0,200.0,1.7337,1.6367,-0.0825,-0.45,5.53,6.0
2000,0.0001,0.01,0.01,0.5,0.1,0.01,200.0,1.7304,1.5642,-0.1074,-0.4318,5.825,6.0
2000,0.0001,0.01,0.01,0.5,0.1,0.1,196.0,2.1854,1.8002,0.1211,0.3045,6.9796,7.0
2000,0.0001,0.01,0.01,0.5,0.1,0.2,200.0,1.4501,1.4458,0.1045,0.6455,7.27,7.0
2000,0.0001,0.01,0.01,1.0,0.0,0.0,200.0,1.7442,1.4453,-0.0255,-0.3636,5.56,6.0
2000,0.0001,0.01,0.01,1.0,0.0,0.01,200.0,1.7125,1.3487,0.0036,-0.0545,6.095,6.0
2000,0.0001,0.01,0.01,1.0,0.0,0.1,92.0,1.8834,1.4937,-0.124,-0.3455,6.4674,7.0
2000,0.0001,0.01,0.01,1.0,0.0,0.2,200.0,1.6487,1.454,0.33,0.8318,7.54,8.0
2000,0.0001,0.01,0.01,1.0,0.01,0.0,200.0,1.6991,1.478,-0.0074,-0.3,5.45,5.0
2000,0.0001,0.01,0.01,1.0,0.01,0.01,200.0,1.7418,1.4771,-0.0475,-0.2818,6.16,6.0
2000,0.0001,0.01,0.01,1.0,0.01,0.1,42.0,1.1299,1.2068,-0.0628,-0.3591,5.8333,6.0
2000,0.0001,0.01,0.01,1.0,0.01,0.2,200.0,1.6552,1.5111,0.3675,0.7,6.945,7.0
2000,0.0001,0.01,0.01,1.0,0.1,0.0,200.0,1.7001,1.448,-0.0798,-0.3455,5.62,6.0
2000,0.0001,0.01,0.01,1.0,0.1,0.01,200.0,1.6547,1.4817,-0.0287,-0.1455,5.945,6.0
2000,0.0001,0.01,0.01,1.0,0.1,0.1,32.0,1.1866,1.142,0.1324,0.4955,5.75,6.0
2000,0.0001,0.01,0.01,1.0,0.1,0.2,200.0,1.6445,1.4882,0.3555,0.7727,7.575,8.0
2000,0.0001,0.01,0.1,0.0,0.0,0.0,200.0,1.6807,1.4955,-0.0276,-0.3591,5.295,5.0
2000,0.0001,0.01,0.1,0.0,0.0,0.01,200.0,1.5627,1.2099,-0.0092,-0.1545,5.38,6.0
2000,0.0001,0.01,0.1,0.0,0.0,0.1,200.0,1.5897,1.39,-0.191,-0.2136,6.145,6.0
2000,0.0001,0.01,0.1,0.0,0.0,0.2,125.0,1.3033,1.2607,-0.1173,-0.0455,7.128,7.0
2000,0.0001,0.01,0.1,0.0,0.01,0.0,200.0,1.5728,1.3575,-0.0045,-0.2091,5.49,6.0
2000,0.0001,0.01,0.1,0.0,0.01,0.01,200.0,1.7213,1.3677,-0.0451,-0.1818,5.735,6.0
2000,0.0001,0.01,0.1,0.0,0.01,0.1,174.0,1.3963,1.3109,-0.1176,-0.2455,6.3506,7.0
2000,0.0001,0.01,0.1,0.0,0.01,0.2,181.0,1.3275,1.3313,-0.3059,-0.7273,7.4199,7.0
2000,0.0001,0.01,0.1,0.0,0.1,0.0,200.0,1.6681,1.4426,-0.0028,-0.2409,5.38,5.0
2000,0.0001,0.01,0.1,0.0,0.1,0.01,200.0,1.596,1.2947,-0.0457,-0.2818,5.415,5.0
2000,0.0001,0.01,0.1,0.0,0.1,0.1,179.0,1.3453,1.2284,-0.1572,-0.4364,6.1453,6.0
2000,0.0001,0.01,0.1,0.0,0.1,0.2,184.0,1.2514,1.238,-0.3597,-0.6727,7.0435,7.0
2000,0.0001,0.01,0.1,0.1,0.0,0.0,200.0,1.5915,1.2341,-0.0626,-0.4,5.325,5.0
2000,0.0001,0.01,0.1,0.1,0.0,0.01,200.0,1.6962,1.3723,-0.1037,-0.4364,5.56,5.0
2000,0.0001,0.01,0.1,0.1,0.0,0.1,132.0,1.2634,1.2477,-0.37,-0.7273,6.2424,6.0
2000,0.0001,0.01,0.1,0.1,0.0,0.2,98.0,1.1095,1.0788,0.159,0.2773,6.7143,7.0
2000,0.0001,0.01,0.1,0.1,0.01,0.0,200.0,1.5066,1.2076,-0.0167,-0.2591,5.41,5.0
2000,0.0001,0.01,0.1,0.1,0.01,0.01,200.0,1.5217,1.2115,-0.0593,-0.3227,5.545,6.0
2000,0.0001,0.01,0.1,0.1,0.01,0.1,96.0,1.3378,1.2273,-0.1569,-0.2364,6.8021,7.0
2000,0.0001,0.01,0.1,0.1,0.01,0.2,160.0,1.311,1.2322,0.0729,0.3273,7.0687,7.0
2000,0.0001,0.01,0.1,0.1,0.1,0.0,200.0,1.6448,1.376,-0.0238,-0.3364,5.395,5.0
2000,0.0001,0.01,0.1,0.1,0.1,0.01,200.0,1.5033,1.2413,-0.0441,-0.3818,5.425,5.0
2000,0.0001,0.01,0.1,0.1,0.1,0.1,98.0,1.1133,1.118,-0.2926,-0.6,6.0,6.0
2000,0.0001,0.01,0.1,0.1,0.1,0.2,106.0,1.8813,1.2366,0.316,0.6818,7.0566,7.0
2000,0.0001,0.01,0.1,0.5,0.0,0.0,200.0,1.6677,1.3033,-0.1047,-0.4318,5.61,6.0
2000,0.0001,0.01,0.1,0.5,0.0,0.01,200.0,1.6163,1.3399,-0.1486,-0.5045,6.005,6.0
2000,0.0001,0.01,0.1,0.5,0.0,0.1,162.0,1.8449,1.3301,-0.1804,-0.3455,6.6296,6.0
2000,0.0001,0.01,0.1,0.5,0.0,0.2,136.0,1.3632,1.0914,0.2295,0.2455,6.3162,6.0
2000,0.0001,0.01,0.1,0.5,0.01,0.0,200.0,1.6729,1.4028,-0.0561,-0.3682,5.64,6.0
2000,0.0001,0.01,0.1,0.5,0.01,0.01,200.0,1.6076,1.3781,-0.0455,-0.3636,5.565,6.0
2000,0.0001,0.01,0.1,0.5,0.01,0.1,146.0,1.4243,1.1751,-0.0447,-0.3,6.6233,6.0
2000,0.0001,0.01,0.1,0.5,0.01,0.2,117.0,1.39,1.1652,0.3141,0.6727,6.8632,7.0
2000,0.0001,0.01,0.1,0.5,0.1,0.0,200.0,1.6136,1.3388,-0.1111,-0.5136,5.655,6.0
2000,0.0001,0.01,0.1,0.5,0.1,0.01,200.0,1.5496,1.2872,-0.0624,-0.2682,5.77,6.0
2000,0.0001,0.01,0.1,0.5,0.1,0.1,192.0,1.6631,1.3794,0.0027,0.0182,6.2917,6.0
2000,0.0001,0.01,0.1,0.5,0.1,0.2,159.0,1.4056,1.2837,0.1553,0.3364,6.6478,6.0
2000,0.0001,0.01,0.1,1.0,0.0,0.0,200.0,1.6225,1.2474,-0.08,-0.4409,5.29,5.0
2000,0.0001,0.01,0.1,1.0,0.0,0.01,200.0,1.7409,1.4719,-0.12,-0.4,5.76,6.0
2000,0.0001,0.01,0.1,1.0,0.0,0.1,160.0,1.9672,1.7917,-0.2017,-0.5091,6.6438,7.0
2000,0.0001,0.01,0.1,1.0,0.0,0.2,114.0,1.2417,1.2046,0.1325,0.1136,6.6316,7.0
2000,0.0001,0.01,0.1,1.0,0.01,0.0,200.0,1.7992,1.4835,-0.1222,-0.4818,5.48,5.0
2000,0.0001,0.01,0.1,1.0,0.01,0.01,200.0,1.5654,1.2303,-0.0707,-0.3909,5.525,5.0
2000,0.0001,0.01,0.1,1.0,0.01,0.1,134.0,1.6953,1.4568,-0.0859,-0.5,6.4328,6.0
2000,0.0001,0.01,0.1,1.0,0.01,0.2,112.0,1.1234,1.1551,0.2912,0.7636,6.7589,7.0
2000,0.0001,0.01,0.1,1.0,0.1,0.0,200.0,1.7287,1.4244,-0.0945,-0.4591,5.605,6.0
2000,0.0001,0.01,0.1,1.0,0.1,0.01,200.0,1.5824,1.2825,-0.083,-0.3591,5.68,6.0
2000,0.0001,0.01,0.1,1.0,0.1,0.1,200.0,1.8383,1.6103,-0.291,-0.6773,6.765,7.0
2000,0.0001,0.01,0.1,1.0,0.1,0.2,132.0,1.2792,1.1263,0.2847,0.8273,6.5303,6.0
2000,0.0001,0.01,0.5,0.0,0.0,0.0,200.0,1.6921,1.4894,-0.0841,-0.4682,5.66,6.0
2000,0.0001,0.01,0.5,0.0,0.0,0.01,200.0,1.9306,1.6113,-0.1369,-0.4727,6.21,6.0
2000,0.0001,0.01,0.5,0.0,0.0,0.1,104.0,2.0663,1.8726,-0.3802,-0.7,7.2115,7.0
2000,0.0001,0.01,0.5,0.0,0.0,0.2,193.0,1.8164,1.5916,0.0736,0.0727,7.6373,8.0
2000,0.0001,0.01,0.5,0.0,0.01,0.0,200.0,1.6039,1.4094,-0.0801,-0.4773,5.58,6.0
2000,0.0001,0.01,0.5,0.0,0.01,0.01,200.0,1.81,1.5999,-0.1356,-0.5,6.05,6.0
2000,0.0001,0.01,0.5,0.0,0.01,0.1,200.0,1.9236,1.7108,-0.4202,-0.8727,7.335,7.0
2000,0.0001,0.01,0.5,0.0,0.01,0.2,200.0,1.3674,1.2672,0.0612,0.1182,7.52,8.0
2000,0.0001,0.01,0.5,0.0,0.1,0.0,200.0,1.6391,1.4241,-0.0375,-0.3591,5.92,6.0
2000,0.0001,0.01,0.5,0.0,0.1,0.01,200.0,1.7482,1.3409,-0.1722,-0.5364,6.1,6.0
2000,0.0001,0.01,0.5,0.0,0.1,0.1,167.0,1.709,1.6441,-0.4167,-0.9273,7.2395,8.0
2000,0.0001,0.01,0.5,0.0,0.1,0.2,200.0,1.5805,1.4662,0.0071,0.1909,7.52,7.0
2000,0.0001,0.01,0.5,0.1,0.0,0.0,200.0,1.6982,1.4567,-0.0934,-0.4636,5.75,6.0
2000,0.0001,0.01,0.5,0.1,0.0,0.01,200.0,1.6739,1.3261,-0.1445,-0.5273,5.92,6.0
2000,0.0001,0.01,0.5,0.1,0.0,0.1,141.0,1.3286,1.2633,-0.3375,-0.6455,7.0213,7.0
2000,0.0001,0.01,0.5,0.1,0.0,0.2,161.0,1.682,1.4731,-0.0403,-0.3545,7.8882,8.0
2000,0.0001,0.01,0.5,0.1,0.01,0.0,200.0,1.6045,1.3249,-0.0723,-0.3909,5.935,6.0
2000,0.0001,0.01,0.5,0.1,0.01,0.01,200.0,1.6186,1.3423,-0.1371,-0.5,5.9,6.0
2000,0.0001,0.01,0.5,0.1,0.01,0.1,200.0,1.5295,1.2466,-0.1526,-0.5182,6.71,7.0
2000,0.0001,0.01,0.5,0.1,0.01,0.2,187.0,1.6789,1.2891,-0.0852,-0.3,7.7326,8.0
2000,0.0001,0.01,0.5,0.1,0.1,0.0,200.0,1.6268,1.421,-0.0573,-0.3864,5.815,6.0
2000,0.0001,0.01,0.5,0.1,0.1,0.01,200.0,1.7315,1.4129,-0.1578,-0.4909,5.99,6.0
2000,0.0001,0.01,0.5,0.1,0.1,0.1,195.0,1.6241,1.3625,-0.1378,-0.4545,6.9128,7.0
2000,0.0001,0.01,0.5,0.1,0.1,0.2,165.0,1.8121,1.6767,0.1064,0.8545,7.8545,8.0
2000,0.0001,0.01,0.5,0.5,0.0,0.0,200.0,1.755,1.5964,-0.1215,-0.4955,5.825,6.0
2000,0.0001,0.01,0.5,0.5,0.0,0.01,200.0,1.857,1.4705,-0.0695,-0.4273,6.005,6.0
2000,0.0001,0.01,0.5,0.5,0.0,0.1,200.0,1.7902,1.5366,-0.3485,-0.7818,7.095,7.0
2000,0.0001,0.01,0.5,0.5,0.0,0.2,200.0,1.6035,1.3691,0.0519,0.1409,7.63,8.0
2000,0.0001,0.01,0.5,0.5,0.01,0.0,200.0,1.7095,1.4575,-0.054,-0.4727,5.88,6.0
2000,0.0001,0.01,0.5,0.5,0.01,0.01,200.0,2.0396,1.7235,-0.1782,-0.5318,6.19,6.0
2000,0.0001,0.01,0.5,0.5,0.01,0.1,200.0,1.7738,1.5703,-0.2552,-0.8545,7.27,7.0
2000,0.0001,0.01,0.5,0.5,0.01,0.2,200.0,1.6124,1.4177,0.0576,0.3818,7.835,8.0
2000,0.0001,0.01,0.5,0.5,0.1,0.0,200.0,1.7092,1.4478,-0.0791,-0.4455,5.665,6.0
2000,0.0001,0.01,0.5,0.5,0.1,0.01,200.0,2.1965,2.1019,-0.2274,-0.5318,6.255,6.0
2000,0.0001,0.01,0.5,0.5,0.1,0.1,200.0,2.0729,1.7591,-0.3607,-0.8682,7.76,8.0
2000,0.0001,0.01,0.5,0.5,0.1,0.2,163.0,1.6251,1.3487,-0.2742,-0.7545,7.5337,7.0
2000,0.0001,0.01,0.5,1.0,0.0,0.0,200.0,1.6357,1.4526,-0.079,-0.4727,5.54,5.0
2000,0.0001,0.01,0.5,1.0,0.0,0.01,200.0,1.7195,1.5789,-0.1935,-0.5955,6.085,6.0
2000,0.0001,0.01,0.5,1.0,0.0,0.1,153.0,1.8053,1.6859,-0.4145,-0.9364,7.3595,7.0
2000,0.0001,0.01,0.5,1.0,0.0,0.2,197.0,1.7372,1.6049,-0.2295,-0.8182,8.0457,8.0
2000,0.0001,0.01,0.5,1.0,0.01,0.0,200.0,1.6495,1.4883,-0.0722,-0.4818,5.39,5.0
2000,0.0001,0.01,0.5,1.0,0.01,0.01,200.0,1.9656,1.9328,-0.1872,-0.6045,6.11,6.0
2000,0.0001,0.01,0.5,1.0,0.01,0.1,154.0,1.8738,1.7399,-0.556,-0.9364,7.8117,8.0
2000,0.0001,0.01,0.5,1.0,0.01,0.2,200.0,1.8121,1.4522,-0.0853,-0.3545,8.215,8.0
2000,0.0001,0.01,0.5,1.0,0.1,0.0,200.0,1.63,1.4066,-0.1467,-0.5182,5.725,6.0
2000,0.0001,0.01,0.5,1.0,0.1,0.01,200.0,1.984,1.915,-0.2273,-0.5636,6.38,6.0
2000,0.0001,0.01,0.5,1.0,0.1,0.1,157.0,2.0886,2.0541,-0.453,-0.9273,7.5223,8.0
2000,0.0001,0.01,0.5,1.0,0.1,0.2,157.0,1.6843,1.4604,0.2557,0.9,7.1911,7.0
2000,0.0001,0.1,0.01,0.0,0.0,0.0,200.0,2.7448,2.5873,-0.0577,-0.1227,5.945,6.0
2000,0.0001,0.1,0.01,0.0,0.0,0.01,200.0,2.5505,2.3627,-0.1042,-0.2682,5.915,6.0
2000,0.0001,0.1,0.01,0.0,0.0,0.1,200.0,1.3666,1.1823,-0.0058,0.0227,5.96,6.0
2000,0.0001,0.1,0.01,0.0,0.0,0.2,177.0,1.8689,1.7113,0.0782,0.0364,6.8249,7.0
2000,0.0001,0.1,0.01,0.0,0.01,0.0,200.0,2.664,2.4252,-0.0909,-0.1909,5.89,6.0
2000,0.0001,0.1,0.01,0.0,0.01,0.01,200.0,2.5311,2.3457,-0.086,-0.2273,5.87,6.0
2000,0.0001,0.1,0.01,0.0,0.01,0.1,200.0,1.3078,1.2145,-0.0531,-0.1136,5.91,6.0
2000,0.0001,0.1,0.01,0.0,0.01,0.2,141.0,2.0865,2.0285,0.0956,0.4182,6.6028,7.0
2000,0.0001,0.1,0.01,0.0,0.1,0.0,200.0,2.6976,2.5544,-0.0422,-0.0909,5.96,6.0
2000,0.0001,0.1,0.01,0.0,0.1,0.01,200.0,2.4104,2.3666,-0.0778,-0.2318,5.895,6.0
2000,0.0001,0.1,0.01,0.0,0.1,0.1,200.0,1.3426,1.1675,-0.0256,-0.0773,6.01,6.0
2000,0.0001,0.1,0.01,0.0,0.1,0.2,151.0,2.0051,1.9601,0.1694,0.3545,6.8278,7.0
2000,0.0001,0.1,0.01,0.1,0.0,0.0,200.0,2.6941,2.5173,-0.094,-0.2091,6.11,6.0
2000,0.0001,0.1,0.01,0.1,0.0,0.01,200.0,2.2277,2.0438,-0.0884,-0.2455,5.73,6.0
2000,0.0001,0.1,0.01,0.1,0.0,0.1,200.0,1.4998,1.2901,-0.0096,-0.1409,6.29,6.0
2000,0.0001,0.1,0.01,0.1,0.0,0.2,200.0,1.6806,1.4852,-0.069,-0.5091,6.745,7.0
2000,0.0001,0.1,0.01,0.1,0.01,0.0,200.0,2.647,2.5245,-0.1085,-0.3091,5.87,6.0
2000,0.0001,0.1,0.01,0.1,0.01,0.01,200.0,2.2105,2.0371,-0.117,-0.2955,5.705,6.0
2000,0.0001,0.1,0.01,0.1,0.01,0.1,200.0,1.6288,1.4637,-0.0152,-0.0636,6.18,6.0
2000,0.0001,0.1,0.01,0.1,0.01,0.2,200.0,1.8086,1.6613,0.0519,0.2909,6.855,7.0
2000,0.0001,0.1,0.01,0.1,0.1,0.0,200.0,2.7918,2.6606,-0.1222,-0.2818,5.89,6.0
2000,0.0001,0.1,0.01,0.1,0.1,0.01,200.0,2.1107,1.9653,-0.1006,-0.4,5.9,6.0
2000,0.0001,0.1,0.01,0.1,0.1,0.1,200.0,1.5091,1.3303,-0.0124,-0.05,6.24,6.0
2000,0.0001,0.1,0.01,0.1,0.1,0.2,200.0,1.6729,1.4259,-0.163,-0.6273,6.885,7.0
2000,0.0001,0.1,0.01,0.5,0.0,0.0,200.0,2.8335,2.6996,-0.1245,-0.2,6.025,6.0
2000,0.0001,0.1,0.01,0.5,0.0,0.01,200.0,2.4775,2.281,-0.0857,-0.2273,6.04,6.0
2000,0.0001,0.1,0.01,0.5,0.0,0.1,200.0,1.7452,1.5303,0.1417,0.5955,7.105,7.0
2000,0.0001,0.1,0.01,0.5,0.0,0.2,200.0,1.9888,1.6665,-0.0605,-0.6,7.525,8.0
2000,0.0001,0.1,0.01,0.5,0.01,0.0,200.0,2.9855,2.9319,-0.1044,-0.2091,5.78,6.0
2000,0.0001,0.1,0.01,0.5,0.01,0.01,200.0,2.3818,2.3526,-0.0837,-0.2364,5.875,6.0
2000,0.0001,0.1,0.01,0.5,0.01,0.1,200.0,1.7244,1.6174,0.1479,0.6364,6.83,7.0
2000,0.0001,0.1,0.01,0.5,0.01,0.2,200.0,2.1899,2.2858,0.097,0.8091,7.36,7.0
2000,0.0001,0.1,0.01,0.5,0.1,0.0,200.0,2.8245,2.7136,-0.1198,-0.2364,5.88,6.0
2000,0.0001,0.1,0.01,0.5,0.1,0.01,200.0,2.3395,2.2968,-0.1015,-0.3,5.95,6.0
2000,0.0001,0.1,0.01,0.5,0.1,0.1,200.0,1.76,1.606,0.115,0.5909,7.085,7.0
2000,0.0001,0.1,0.01,0.5,0.1,0.2,200.0,2.3384,2.6912,0.066,0.7273,7.365,7.0
2000,0.0001,0.1,0.01,1.0,0.0,0.0,200.0,2.8467,2.7022,-0.1157,-0.2818,5.785,6.0
2000,0.0001,0.1,0.01,1.0,0.0,0.01,200.0,2.4446,2.3214,-0.1157,-0.3409,6.1,6.0
2000,0.0001,0.1,0.01,1.0,0.0,0.1,200.0,1.557,1.441,-0.0074,-0.1455,6.375,6.0
2000,0.0001,0.1,0.01,1.0,0.0,0.2,200.0,2.2668,2.6767,0.2003,0.7909,6.53,6.5
2000,0.0001,0.1,0.01,1.0,0.01,0.0,200.0,2.9437,2.911,-0.126,-0.2227,5.835,6.0
2000,0.0001,0.1,0.01,1.0,0.01,0.01,200.0,2.4783,2.3147,-0.1003,-0.2773,5.82,6.0
2000,0.0001,0.1,0.01,1.0,0.01,0.1,200.0,1.531,1.4163,-0.0493,-0.4727,6.425,6.0
2000,0.0001,0.1,0.01,1.0,0.01,0.2,200.0,1.9318,1.8389,0.1284,0.6182,6.94,7.0
2000,0.0001,0.1,0.01,1.0,0.1,0.0,200.0,2.8042,2.6384,-0.1165,-0.2409,5.865,6.0
2000,0.0001,0.1,0.01,1.0,0.1,0.01,200.0,2.4407,2.3773,-0.0855,-0.2273,5.94,6.0
2000,0.0001,0.1,0.01,1.0,0.1,0.1,200.0,1.4487,1.2209,-0.0119,-0.0636,6.325,6.0
2000,0.0001,0.1,0.01,1.0,0.1,0.2,200.0,1.8772,1.5882,0.0201,-0.0455,6.65,7.0
2000,0.0001,0.1,0.1,0.0,0.0,0.0,200.0,2.6442,2.5323,-0.0606,-0.2,6.075,6.0
2000,0.0001,0.1,0.1,0.0,0.0,0.01,200.0,2.3858,2.2942,-0.0495,-0.1727,6.11,6.0
2000,0.0001,0.1,0.1,0.0,0.0,0.1,200.0,1.5786,1.3303,-0.0044,-0.0182,6.395,6.0
2000,0.0001,0.1,0.1,0.0,0.0,0.2,200.0,2.3382,2.7893,0.1241,0.8955,7.54,8.0
2000,0.0001,0.1,0.1,0.0,0.01,0.0,200.0,2.5984,2.604,-0.0838,-0.2045,6.025,6.0
2000,0.0001,0.1,0.1,0.0,0.01,0.01,200.0,2.4687,2.3993,-0.0373,-0.1136,6.015,6.0
2000,0.0001,0.1,0.1,0.0,0.01,0.1,200.0,1.5229,1.3916,-0.0947,-0.2909,6.475,6.0
2000,0.0001,0.1,0.1,0.0,0.01,0.2,200.0,2.2833,2.7518,0.1188,0.8091,7.785,8.0
2000,0.0001,0.1,0.1,0.0,0.1,0.0,200.0,2.6584,2.5579,-0.0139,0.0045,6.075,6.0
2000,0.0001,0.1,0.1,0.0,0.1,0.01,200.0,2.3053,2.2008,-0.0176,-0.1091,6.015,6.0
2000,0.0001,0.1,0.1,0.0,0.1,0.1,200.0,1.5396,1.3324,-0.1418,-0.3955,6.39,6.0
2000,0.0001,0.1,0.1,0.0,0.1,0.2,200.0,2.3966,2.8902,0.1715,0.9,8.065,8.0
2000,0.0001,0.1,0.1,0.1,0.0,0.0,200.0,2.7693,2.7059,-0.0816,-0.2682,6.105,6.0
2000,0.0001,0.1,0.1,0.1,0.0,0.01,200.0,2.332,2.2408,-0.0877,-0.2636,5.935,6.0
2000,0.0001,0.1,0.1,0.1,0.0,0.1,200.0,1.6206,1.5435,-0.0163,-0.1909,6.565,7.0
2000,0.0001,0.1,0.1,0.1,0.0,0.2,200.0,2.0706,1.9966,0.0866,0.6818,7.865,8.0
2000,0.0001,0.1,0.1,0.1,0.01,0.0,200.0,2.7631,2.7538,-0.1167,-0.2364,5.955,6.0
2000,0.0001,0.1,0.1,0.1,0.01,0.01,200.0,2.5382,2.4095,-0.066,-0.1955,6.135,6.0
2000,0.0001,0.1,0.1,0.1,0.01,0.1,200.0,1.6237,1.4464,-0.0329,-0.0909,6.68,7.0
2000,0.0001,0.1,0.1,0.1,0.01,0.2,200.0,1.833,1.5019,-0.0315,-0.2545,7.585,8.0
2000,0.0001,0.1,0.1,0.1,0.1,0.0,200.0,2.816,2.588,-0.0988,-0.2909,5.91,6.0
2000,0.0001,0.1,0.1,0.1,0.1,0.01,200.0,2.3267,2.2486,-0.0375,-0.1273,5.815,6.0
2000,0.0001,0.1,0.1,0.1,0.1,0.1,200.0,1.5001,1.2771,-0.0091,-0.0591,6.43,6.0
2000,0.0001,0.1,0.1,0.1,0.1,0.2,200.0,2.155,2.3916,0.1518,0.7545,7.17,7.0
2000,0.0001,0.1,0.1,0.5,0.0,0.0,200.0,2.8554,2.7645,-0.0574,-0.1818,5.995,6.0
2000,0.0001,0.1,0.1,0.5,0.0,0.01,200.0,2.6019,2.5346,-0.0575,-0.1818,5.975,6.0
2000,0.0001,0.1,0.1,0.5,0.0,0.1,200.0,1.6953,1.4916,-0.1012,-0.2818,6.59,7.0
2000,0.0001,0.1,0.1,0.5,0.0,0.2,200.0,2.0887,2.002,0.0151,0.3364,7.88,8.0
2000,0.0001,0.1,0.1,0.5,0.01,0.0,200.0,2.8041,2.7728,-0.0256,-0.0727,5.76,6.0
2000,0.0001,0.1,0.1,0.5,0.01,0.01,200.0,2.5961,2.5298,-0.0725,-0.1909,5.85,6.0
2000,0.0001,0.1,0.1,0.5,0.01,0.1,200.0,1.5256,1.4127,-0.14,-0.4636,6.42,6.0
2000,0.0001,0.1,0.1,0.5,0.01,0.2,200.0,2.0987,2.0359,0.0008,0.0909,7.945,8.0
2000,0.0001,0.1,0.1,0.5,0.1,0.0,200.0,2.794,2.7049,-0.0434,-0.1273,5.87,6.0
2000,0.0001,0.1,0.1,0.5,0.1,0.01,200.0,2.5331,2.4437,-0.071,-0.2455,5.975,6.0
2000,0.0001,0.1,0.1,0.5,0.1,0.1,200.0,1.6733,1.5011,-0.0945,-0.2818,6.225,6.0
2000,0.0001,0.1,0.1,0.5,0.1,0.2,200.0,2.1782,2.3306,0.1519,0.85,7.645,8.0
2000,0.0001,0.1,0.1,1.0,0.0,0.0,200.0,2.9297,2.7606,-0.0575,-0.1727,6.085,6.0
2000,0.0001,0.1,0.1,1.0,0.0,0.01,200.0,2.6907,2.5731,-0.0445,-0.0455,5.92,6.0
2000,0.0001,0.1,0.1,1.0,0.0,0.1,200.0,1.7218,1.6039,-0.07,-0.3136,6.42,6.0
2000,0.0001,0.1,0.1,1.0,0.0,0.2,200.0,1.9558,1.8206,-0.0252,-0.4136,7.66,8.0
2000,0.0001,0.1,0.1,1.0,0.01,0.0,200.0,2.8778,2.674,-0.0649,-0.1364,5.94,6.0
2000,0.0001,0.1,0.1,1.0,0.01,0.01,200.0,2.5332,2.3229,-0.0548,-0.1,5.94,6.0
2000,0.0001,0.1,0.1,1.0,0.01,0.1,200.0,1.4646,1.2967,-0.0542,-0.2182,6.23,6.0
2000,0.0001,0.1,0.1,1.0,0.01,0.2,200.0,2.1447,2.3125,0.0771,0.8727,7.73,8.0
2000,0.0001,0.1,0.1,1.0,0.1,0.0,200.0,2.8086,2.6623,-0.075,-0.1455,5.7,6.0
2000,0.0001,0.1,0.1,1.0,0.1,0.01,200.0,2.6107,2.4814,-0.0282,-0.0545,5.61,5.0
2000,0.0001,0.1,0.1,1.0,0.1,0.1,200.0,1.6451,1.5137,-0.0687,-0.3364,6.415,6.0
2000,0.0001,0.1,0.1,1.0,0.1,0.2,200.0,2.3051,2.4338,0.1748,0.9455,7.805,8.0
2000,0.0001,0.1,0.5,0.0,0.0,0.0,200.0,2.4895,2.384,-0.0695,-0.1955,5.96,6.0
2000,0.0001,0.1,0.5,0.0,0.0,0.01,200.0,2.4865,2.3939,-0.1061,-0.3091,5.745,6.0
2000,0.0001,0.1,0.5,0.0,0.0,0.1,200.0,1.4475,1.3854,-0.0533,-0.3727,6.23,6.0
2000,0.0001,0.1,0.5,0.0,0.0,0.2,200.0,1.8444,1.749,0.1176,0.6273,7.22,7.0
2000,0.0001,0.1,0.5,0.0,0.01,0.0,200.0,2.5989,2.4247,-0.1201,-0.2364,5.77,6.0
2000,0.0001,0.1,0.5,0.0,0.01,0.01,200.0,2.445,2.299,-0.1245,-0.4455,6.015,6.0
2000,0.0001,0.1,0.5,0.0,0.01,0.1,200.0,1.5552,1.4877,0.0805,0.3273,6.415,6.0
2000,0.0001,0.1,0.5,0.0,0.01,0.2,200.0,1.8504,1.8591,0.1112,0.6091,7.28,7.0
2000,0.0001,0.1,0.5,0.0,0.1,0.0,200.0,2.6715,2.5051,-0.0665,-0.2364,6.185,6.0
2000,0.0001,0.1,0.5,0.0,0.1,0.01,200.0,2.4439,2.4208,-0.1188,-0.2591,5.885,6.0
2000,0.0001,0.1,0.5,0.0,0.1,0.1,200.0,1.5282,1.5102,0.0735,0.2909,6.53,6.0
2000,0.0001,0.1,0.5,0.0,0.1,0.2,200.0,1.8798,1.7704,0.0897,0.6091,7.42,7.0
2000,0.0001,0.1,0.5,0.1,0.0,0.0,200.0,2.954,2.8322,-0.1385,-0.2955,5.94,6.0
2000,0.0001,0.1,0.5,0.1,0.0,0.01,200.0,2.4896,2.422,-0.1218,-0.3409,5.875,6.0
2000,0.0001,0.1,0.5,0.1,0.0,0.1,200.0,1.4872,1.3968,0.0311,-0.1818,6.34,6.0
2000,0.0001,0.1,0.5,0.1,0.0,0.2,200.0,1.7956,1.6922,0.0314,0.2409,6.785,7.0
2000,0.0001,0.1,0.5,0.1,0.01,0.0,200.0,2.7016,2.5892,-0.134,-0.2318,5.96,6.0
2000,0.0001,0.1,0.5,0.1,0.01,0.01,200.0,2.4159,2.2435,-0.1475,-0.4182,5.825,6.0
2000,0.0001,0.1,0.5,0.1,0.01,0.1,200.0,1.6377,1.5034,0.0812,0.3,6.395,6.0
2000,0.0001,0.1,0.5,0.1,0.01,0.2,200.0,1.8708,1.7758,0.0475,0.3727,7.28,8.0
2000,0.0001,0.1,0.5,0.1,0.1,0.0,200.0,2.6916,2.6345,-0.0472,-0.0773,5.765,6.0
2000,0.0001,0.1,0.5,0.1,0.1,0.01,200.0,2.4177,2.2447,-0.1229,-0.2727,5.88,6.0
2000,0.0001,0.1,0.5,0.1,0.1,0.1,200.0,1.5266,1.3397,0.0394,0.0864,6.415,6.0
2000,0.0001,0.1,0.5,0.1,0.1,0.2,200.0,1.7945,1.7138,0.002,0.1364,7.195,7.0
2000,0.0001,0.1,0.5,0.5,0.0,0.0,200.0,2.4372,2.3884,-0.0311,-0.1318,5.91,6.0
2000,0.0001,0.1,0.5,0.5,0.0,0.01,200.0,2.5384,2.4647,-0.0811,-0.1955,6.01,6.0
2000,0.0001,0.1,0.5,0.5,0.0,0.1,200.0,1.6098,1.4884,0.0961,0.3909,6.58,6.5
2000,0.0001,0.1,0.5,0.5,0.0,0.2,200.0,2.0154,2.1164,0.1602,0.8045,7.545,8.0
2000,0.0001,0.1,0.5,0.5,0.01,0.0,200.0,2.5747,2.5994,-0.0389,-0.1318,5.96,6.0
2000,0.0001,0.1,0.5,0.5,0.01,0.01,200.0,2.458,2.4291,-0.0909,-0.2318,5.905,6.0
2000,0.0001,0.1,0.5,0.5,0.01,0.1,200.0,1.5275,1.4489,0.0266,0.0773,6.535,7.0
2000,0.0001,0.1,0.5,0.5,0.01,0.2,200.0,1.9004,1.9711,0.1042,0.6727,6.985,7.0
2000,0.0001,0.1,0.5,0.5,0.1,0.0,200.0,2.6221,2.5049,-0.0519,-0.1455,5.84,6.0
2000,0.0001,0.1,0.5,0.5,0.1,0.01,200.0,2.6415,2.4994,-0.0724,-0.1045,5.905,6.0
2000,0.0001,0.1,0.5,0.5,0.1,0.1,200.0,1.6725,1.5641,0.0796,0.3227,6.69,7.0
2000,0.0001,0.1,0.5,0.5,0.1,0.2,200.0,1.936,1.8645,0.1207,0.7818,7.155,7.0
2000,0.0001,0.1,0.5,1.0,0.0,0.0,200.0,2.6368,2.4734,-0.0641,-0.2818,6.02,6.0
2000,0.0001,0.1,0.5,1.0,0.0,0.01,200.0,2.6628,2.531,-0.0965,-0.2318,5.945,6.0
2000,0.0001,0.1,0.5,1.0,0.0,0.1,200.0,1.5091,1.4489,0.0304,0.0318,6.325,6.0
2000,0.0001,0.1,0.5,1.0,0.0,0.2,200.0,1.7194,1.6422,-0.0522,-0.5864,6.87,7.0
2000,0.0001,0.1,0.5,1.0,0.01,0.0,200.0,2.5517,2.4415,-0.0506,-0.1773,5.91,6.0
2000,0.0001,0.1,0.5,1.0,0.01,0.01,200.0,2.6019,2.4435,-0.1085,-0.2727,6.105,6.0
2000,0.0001,0.1,0.5,1.0,0.01,0.1,200.0,1.4755,1.4263,-0.0263,-0.2,6.53,6.5
2000,0.0001,0.1,0.5,1.0,0.01,0.2,200.0,1.7422,1.7085,0.0142,0.3091,6.95,7.0
2000,0.0001,0.1,0.5,1.0,0.1,0.0,200.0,2.649,2.5127,-0.0518,-0.1591,5.845,6.0
2000,0.0001,0.1,0.5,1.0,0.1,0.01,200.0,2.463,2.3552,-0.1357,-0.4182,5.77,6.0
2000,0.0001,0.1,0.5,1.0,0.1,0.1,200.0,1.4508,1.2682,0.0332,0.1773,6.3,6.0
2000,0.0001,0.1,0.5,1.0,0.1,0.2,200.0,1.7842,1.799,0.021,0.2864,7.1,7.0
