epochs,lr,lambda_kld,lambda_reg,lambda_pair,lambda_smooth,lambda_infonce,num_pairs,tv_mean,tv_median,spearman_mean,spearman_median,unique_mean,unique_median
1000,5e-05,0.0,0.01,0.0,0.01,0.01,200.0,3.9971,3.6587,-0.0581,-0.1364,7.43,7.0
1000,5e-05,0.0,0.01,0.0,0.01,0.1,200.0,2.0335,2.1666,-0.123,-0.5773,7.0,7.0
1000,5e-05,0.0,0.01,0.0,0.01,0.2,200.0,2.1939,2.1664,-0.0303,-0.6727,7.565,8.0
1000,5e-05,0.0,0.01,0.0,0.1,0.0,200.0,3.8126,3.6766,-0.0124,-0.0545,7.285,7.0
1000,5e-05,0.0,0.01,0.0,0.1,0.01,200.0,3.4282,3.528,-0.0133,-0.0818,7.42,8.0
1000,5e-05,0.0,0.01,0.0,0.1,0.1,200.0,2.0532,2.172,-0.1314,-0.6455,7.02,7.0
1000,5e-05,0.0,0.01,0.0,0.1,0.2,200.0,2.2504,2.1667,-0.047,-0.6318,7.475,8.0
1000,5e-05,0.0,0.01,0.1,0.0,0.0,200.0,3.6119,3.3778,0.0366,0.0909,7.065,7.0
1000,5e-05,0.0,0.01,0.1,0.0,0.01,200.0,3.121,3.0376,-0.0507,-0.1818,6.885,7.0
1000,5e-05,0.0,0.01,0.1,0.0,0.1,200.0,2.1147,2.1286,-0.0243,-0.6591,7.22,7.0
1000,5e-05,0.0,0.01,0.1,0.0,0.2,200.0,2.1283,2.1117,-0.0675,-0.8091,7.555,8.0
1000,5e-05,0.0,0.01,0.1,0.01,0.0,200.0,3.3854,3.358,0.0957,0.1227,7.11,7.0
1000,5e-05,0.0,0.01,0.1,0.01,0.01,200.0,2.8344,2.7888,-0.0003,-0.0136,6.74,7.0
1000,5e-05,0.0,0.01,0.1,0.01,0.1,200.0,2.1325,2.1668,-0.0195,-0.6591,7.265,7.0
1000,5e-05,0.0,0.01,0.1,0.01,0.2,200.0,2.1081,2.0585,-0.094,-0.8318,7.5,8.0
1000,5e-05,0.0,0.01,0.1,0.1,0.0,200.0,3.6729,3.4578,0.0383,0.0455,7.17,7.0
1000,5e-05,0.0,0.01,0.1,0.1,0.01,200.0,3.1556,3.0058,0.0005,0.0182,6.74,7.0
1000,5e-05,0.0,0.01,0.1,0.1,0.1,200.0,2.0962,2.1414,-0.0142,-0.6636,7.385,7.0
1000,5e-05,0.0,0.01,0.1,0.1,0.2,200.0,2.1385,2.1352,-0.0715,-0.7955,7.6,8.0
1000,5e-05,0.0,0.01,0.5,0.0,0.0,200.0,3.4263,3.3821,0.0624,0.2,6.765,7.0
1000,5e-05,0.0,0.01,0.5,0.0,0.01,200.0,2.4121,2.4009,-0.032,-0.1545,6.485,6.0
1000,5e-05,0.0,0.01,0.5,0.0,0.1,200.0,2.0654,2.1056,0.0425,0.6227,7.82,8.0
1000,5e-05,0.0,0.01,0.5,0.0,0.2,200.0,1.9585,1.9684,0.0211,0.6045,7.985,8.0
1000,5e-05,0.0,0.01,0.5,0.01,0.0,200.0,3.2322,3.1042,0.0424,0.0591,6.75,7.0
1000,5e-05,0.0,0.01,0.5,0.01,0.01,200.0,2.6432,2.5013,-0.0258,-0.1136,6.52,6.0
1000,5e-05,0.0,0.01,0.5,0.01,0.1,200.0,2.0991,2.142,0.0721,0.8591,7.805,8.0
1000,5e-05,0.0,0.01,0.5,0.01,0.2,200.0,1.982,1.9679,0.0237,0.5909,7.93,8.0
1000,5e-05,0.0,0.01,0.5,0.1,0.0,200.0,3.4678,3.4019,0.0772,0.0955,6.575,7.0
1000,5e-05,0.0,0.01,0.5,0.1,0.01,200.0,2.3869,2.2672,-0.0385,-0.1636,6.41,6.0
1000,5e-05,0.0,0.01,0.5,0.1,0.1,200.0,2.1052,2.1283,0.022,-0.0682,7.805,8.0
1000,5e-05,0.0,0.01,0.5,0.1,0.2,200.0,2.0105,2.0475,0.0169,0.0227,7.94,8.0
1000,5e-05,0.0,0.01,1.0,0.0,0.0,200.0,2.6769,2.4482,0.0344,0.0409,6.94,7.0
1000,5e-05,0.0,0.01,1.0,0.0,0.01,200.0,2.0269,1.914,0.1108,0.2682,6.43,6.0
1000,5e-05,0.0,0.01,1.0,0.0,0.1,200.0,2.0556,2.0785,0.0579,0.75,7.65,8.0
1000,5e-05,0.0,0.01,1.0,0.0,0.2,200.0,1.9874,1.9961,0.0336,0.4864,7.9,8.0
1000,5e-05,0.0,0.01,1.0,0.01,0.0,200.0,2.5306,2.419,0.0395,0.0182,6.68,7.0
1000,5e-05,0.0,0.01,1.0,0.01,0.01,200.0,2.0559,1.8409,0.06,0.1409,6.535,6.5
1000,5e-05,0.0,0.01,1.0,0.01,0.1,200.0,2.006,2.0482,0.0492,0.5455,7.615,8.0
1000,5e-05,0.0,0.01,1.0,0.01,0.2,200.0,1.984,2.0277,0.0314,0.5909,7.83,8.0
1000,5e-05,0.0,0.01,1.0,0.1,0.0,200.0,2.9456,2.6948,0.0689,0.0773,6.815,7.0
1000,5e-05,0.0,0.01,1.0,0.1,0.01,200.0,1.9476,1.8753,0.0932,0.2727,6.24,6.0
1000,5e-05,0.0,0.01,1.0,0.1,0.1,200.0,2.0526,2.1554,0.0502,0.6773,7.735,8.0
1000,5e-05,0.0,0.01,1.0,0.1,0.2,200.0,1.9487,1.9933,0.005,-0.55,7.945,8.0
1000,5e-05,0.0,0.1,0.0,0.0,0.0,200.0,1.7553,1.7611,-0.0053,-0.0364,6.195,6.0
1000,5e-05,0.0,0.1,0.0,0.0,0.01,200.0,1.734,1.7645,-0.017,-0.2636,6.095,6.0
1000,5e-05,0.0,0.1,0.0,0.0,0.1,200.0,2.1652,2.1765,-0.012,-0.6409,8.16,8.0
1000,5e-05,0.0,0.1,0.0,0.0,0.2,200.0,2.1999,2.2097,-0.0082,-0.7545,8.245,8.0
1000,5e-05,0.0,0.1,0.0,0.01,0.0,200.0,1.8468,1.731,0.0885,0.2818,6.19,6.0
1000,5e-05,0.0,0.1,0.0,0.01,0.01,200.0,1.6588,1.7188,-0.0151,-0.1273,6.015,6.0
1000,5e-05,0.0,0.1,0.0,0.01,0.1,200.0,2.135,2.1675,-0.0308,-0.6727,8.22,8.0
1000,5e-05,0.0,0.1,0.0,0.01,0.2,200.0,2.1776,2.1957,0.0224,0.6909,8.095,8.0
1000,5e-05,0.0,0.1,0.0,0.1,0.0,200.0,1.8033,1.7443,0.0549,0.1545,6.125,6.0
1000,5e-05,0.0,0.1,0.0,0.1,0.01,200.0,1.6802,1.6856,-0.024,-0.2182,6.24,6.0
1000,5e-05,0.0,0.1,0.0,0.1,0.1,200.0,2.0732,2.1663,0.0195,0.0182,7.825,8.0
1000,5e-05,0.0,0.1,0.0,0.1,0.2,200.0,2.1387,2.1691,0.0535,0.8136,8.105,8.0
1000,5e-05,0.0,0.1,0.1,0.0,0.0,200.0,1.8269,1.7865,0.0033,-0.0136,6.265,6.0
1000,5e-05,0.0,0.1,0.1,0.0,0.01,200.0,1.6375,1.6038,-0.0276,-0.1,6.225,6.0
1000,5e-05,0.0,0.1,0.1,0.0,0.1,200.0,2.0441,2.1254,0.0477,0.6545,7.77,8.0
1000,5e-05,0.0,0.1,0.1,0.0,0.2,200.0,2.1047,2.1251,0.0946,0.8909,8.14,8.0
1000,5e-05,0.0,0.1,0.1,0.01,0.0,200.0,1.7443,1.7256,-0.0276,-0.1455,6.28,6.0
1000,5e-05,0.0,0.1,0.1,0.01,0.01,200.0,1.7747,1.7775,-0.0093,-0.1455,6.385,6.0
1000,5e-05,0.0,0.1,0.1,0.01,0.1,200.0,2.0075,2.0916,0.0162,0.0045,7.785,8.0
1000,5e-05,0.0,0.1,0.1,0.01,0.2,200.0,2.1027,2.1693,0.022,0.2,8.09,8.0
1000,5e-05,0.0,0.1,0.1,0.1,0.0,200.0,1.8198,1.7102,0.0017,-0.0136,6.385,6.0
1000,5e-05,0.0,0.1,0.1,0.1,0.01,200.0,1.6548,1.5627,-0.0549,-0.2364,6.26,6.0
1000,5e-05,0.0,0.1,0.1,0.1,0.1,200.0,2.0909,2.1669,0.0438,0.6091,7.82,8.0
1000,5e-05,0.0,0.1,0.1,0.1,0.2,200.0,2.116,2.1533,0.0296,0.85,8.275,8.0
1000,5e-05,0.0,0.1,0.5,0.0,0.0,200.0,1.7127,1.7771,0.0065,-0.0182,6.23,6.0
1000,5e-05,0.0,0.1,0.5,0.0,0.01,200.0,1.6694,1.7117,0.032,0.2409,6.11,6.0
1000,5e-05,0.0,0.1,0.5,0.0,0.1,200.0,1.9774,2.0651,0.0412,0.5591,7.685,8.0
1000,5e-05,0.0,0.1,0.5,0.0,0.2,200.0,2.0279,2.0734,0.0537,0.8818,8.115,8.0
1000,5e-05,0.0,0.1,0.5,0.01,0.0,200.0,1.7065,1.7401,0.0622,0.0909,6.08,6.0
1000,5e-05,0.0,0.1,0.5,0.01,0.01,200.0,1.6592,1.6066,-0.0161,-0.0864,6.28,6.0
1000,5e-05,0.0,0.1,0.5,0.01,0.1,200.0,1.9409,1.9847,0.042,0.6091,7.79,8.0
1000,5e-05,0.0,0.1,0.5,0.01,0.2,200.0,2.0122,1.985,0.0322,0.7682,8.16,8.0
1000,5e-05,0.0,0.1,0.5,0.1,0.0,200.0,1.7358,1.7172,0.0914,0.2409,5.995,6.0
1000,5e-05,0.0,0.1,0.5,0.1,0.01,200.0,1.6922,1.7642,-0.0272,-0.3045,6.03,6.0
1000,5e-05,0.0,0.1,0.5,0.1,0.1,200.0,1.9438,1.9522,0.0812,0.7,7.675,8.0
1000,5e-05,0.0,0.1,0.5,0.1,0.2,200.0,1.9978,1.9434,0.0237,0.7773,8.115,8.0
1000,5e-05,0.0,0.1,1.0,0.0,0.0,200.0,1.7154,1.7344,-0.0372,-0.2364,6.305,6.0
1000,5e-05,0.0,0.1,1.0,0.0,0.01,200.0,1.6761,1.6346,0.0311,0.1909,6.22,6.0
1000,5e-05,0.0,0.1,1.0,0.0,0.1,200.0,2.0438,2.0433,0.0789,0.7727,7.79,8.0
1000,5e-05,0.0,0.1,1.0,0.0,0.2,200.0,2.0319,2.0296,0.0813,0.9091,8.39,8.5
1000,5e-05,0.0,0.1,1.0,0.01,0.0,200.0,1.7066,1.7407,-0.0017,-0.0318,6.16,6.0
1000,5e-05,0.0,0.1,1.0,0.01,0.01,200.0,1.6489,1.6289,0.0194,-0.0955,5.895,6.0
1000,5e-05,0.0,0.1,1.0,0.01,0.1,200.0,2.0507,2.0106,0.0693,0.7455,8.01,8.0
1000,5e-05,0.0,0.1,1.0,0.01,0.2,200.0,2.0324,2.0681,0.058,0.9,8.31,8.0
1000,5e-05,0.0,0.1,1.0,0.1,0.0,200.0,1.7375,1.7335,0.0001,-0.1045,6.1,6.0
1000,5e-05,0.0,0.1,1.0,0.1,0.01,200.0,1.7097,1.698,0.0038,-0.0364,6.03,6.0
1000,5e-05,0.0,0.1,1.0,0.1,0.1,200.0,1.9971,1.999,0.0654,0.7273,7.825,8.0
1000,5e-05,0.0,0.1,1.0,0.1,0.2,200.0,2.0025,1.9904,0.0715,0.9136,8.385,8.5
1000,5e-05,0.0,0.5,0.0,0.0,0.0,200.0,1.5754,1.6607,0.1356,0.6455,6.825,7.0
1000,5e-05,0.0,0.5,0.0,0.0,0.01,200.0,1.6206,1.7116,0.1098,0.6091,6.75,7.0
1000,5e-05,0.0,0.5,0.0,0.0,0.1,200.0,2.1945,2.2253,0.0234,0.7136,8.59,9.0
1000,5e-05,0.0,0.5,0.0,0.0,0.2,200.0,2.1284,2.179,-0.036,-0.7864,8.89,9.0
1000,5e-05,0.0,0.5,0.0,0.01,0.0,200.0,1.5302,1.5843,0.1831,0.6455,6.725,7.0
1000,5e-05,0.0,0.5,0.0,0.01,0.01,200.0,1.5291,1.6202,0.1043,0.5273,6.665,6.0
1000,5e-05,0.0,0.5,0.0,0.01,0.1,200.0,2.1408,2.1957,0.041,0.5545,8.445,9.0
1000,5e-05,0.0,0.5,0.0,0.01,0.2,200.0,2.1077,2.1685,0.0021,-0.6409,8.63,9.0
1000,5e-05,0.0,0.5,0.0,0.1,0.0,200.0,1.572,1.5688,0.1479,0.6045,6.81,7.0
1000,5e-05,0.0,0.5,0.0,0.1,0.01,200.0,1.5953,1.6578,0.1938,0.6636,6.675,7.0
1000,5e-05,0.0,0.5,0.0,0.1,0.1,200.0,2.26,2.2193,-0.0201,-0.7864,8.595,9.0
1000,5e-05,0.0,0.5,0.0,0.1,0.2,200.0,2.1544,2.2234,-0.0084,-0.6682,8.88,9.0
1000,5e-05,0.0,0.5,0.1,0.0,0.0,200.0,1.5776,1.6728,0.1483,0.5864,6.42,6.0
1000,5e-05,0.0,0.5,0.1,0.0,0.01,200.0,1.6141,1.7143,0.113,0.5455,6.755,7.0
1000,5e-05,0.0,0.5,0.1,0.0,0.1,200.0,2.2513,2.2312,-0.029,-0.8682,8.56,8.0
1000,5e-05,0.0,0.5,0.1,0.0,0.2,200.0,2.1256,2.1731,-0.0076,-0.6955,8.78,9.0
1000,5e-05,0.0,0.5,0.1,0.01,0.0,200.0,1.5597,1.6604,0.2146,0.6864,6.54,6.0
1000,5e-05,0.0,0.5,0.1,0.01,0.01,200.0,1.5834,1.6193,0.1021,0.55,6.66,7.0
1000,5e-05,0.0,0.5,0.1,0.01,0.1,200.0,2.238,2.2247,-0.0291,-0.8182,8.77,9.0
1000,5e-05,0.0,0.5,0.1,0.01,0.2,200.0,2.1232,2.1737,0.0009,-0.6955,8.845,9.0
1000,5e-05,0.0,0.5,0.1,0.1,0.0,200.0,1.5684,1.6977,0.1861,0.6727,6.64,7.0
1000,5e-05,0.0,0.5,0.1,0.1,0.01,200.0,1.5443,1.6601,0.1186,0.5909,6.685,7.0
1000,5e-05,0.0,0.5,0.1,0.1,0.1,200.0,2.1936,2.2144,-0.014,-0.6727,8.445,9.0
1000,5e-05,0.0,0.5,0.1,0.1,0.2,200.0,2.1447,2.1847,0.0044,-0.6818,9.0,9.0
1000,5e-05,0.0,0.5,0.5,0.0,0.0,200.0,1.5799,1.6894,0.1566,0.6091,6.765,7.0
1000,5e-05,0.0,0.5,0.5,0.0,0.01,200.0,1.5493,1.5304,0.191,0.6682,6.68,7.0
1000,5e-05,0.0,0.5,0.5,0.0,0.1,200.0,2.0905,2.1957,0.0606,0.5591,8.365,8.0
1000,5e-05,0.0,0.5,0.5,0.0,0.2,200.0,2.1613,2.2187,0.0041,-0.6955,8.905,9.0
1000,5e-05,0.0,0.5,0.5,0.01,0.0,200.0,1.5918,1.6181,0.2135,0.6545,6.85,7.0
1000,5e-05,0.0,0.5,0.5,0.01,0.01,200.0,1.6055,1.5709,0.2071,0.6455,6.885,7.0
1000,5e-05,0.0,0.5,0.5,0.01,0.1,200.0,2.1012,2.2044,0.0038,0.05,8.26,8.0
1000,5e-05,0.0,0.5,0.5,0.01,0.2,200.0,2.1679,2.2216,0.0036,-0.7091,9.025,9.0
1000,5e-05,0.0,0.5,0.5,0.1,0.0,200.0,1.6016,1.6986,0.1709,0.6409,6.85,7.0
1000,5e-05,0.0,0.5,0.5,0.1,0.01,200.0,1.555,1.5317,0.1768,0.6409,6.885,7.0
1000,5e-05,0.0,0.5,0.5,0.1,0.1,200.0,2.0846,2.1901,-0.0272,-0.4455,8.28,8.0
1000,5e-05,0.0,0.5,0.5,0.1,0.2,200.0,2.164,2.2102,-0.0276,-0.7773,9.0,9.0
1000,5e-05,0.0,0.5,1.0,0.0,0.0,200.0,1.5414,1.6145,0.1694,0.6227,6.6,6.0
1000,5e-05,0.0,0.5,1.0,0.0,0.01,200.0,1.5364,1.5201,0.165,0.6,6.665,7.0
1000,5e-05,0.0,0.5,1.0,0.0,0.1,200.0,2.1057,2.1954,0.0289,0.5227,8.345,8.0
1000,5e-05,0.0,0.5,1.0,0.0,0.2,200.0,2.1724,2.2243,-0.0368,-0.7818,9.105,9.0
1000,5e-05,0.0,0.5,1.0,0.01,0.0,200.0,1.5821,1.5893,0.1301,0.6091,6.65,7.0
1000,5e-05,0.0,0.5,1.0,0.01,0.01,200.0,1.526,1.4955,0.1832,0.6182,6.575,7.0
1000,5e-05,0.0,0.5,1.0,0.01,0.1,200.0,2.141,2.2024,0.0234,0.5091,8.645,9.0
1000,5e-05,0.0,0.5,1.0,0.01,0.2,200.0,2.1839,2.2243,-0.017,-0.7136,9.225,9.0
1000,5e-05,0.0,0.5,1.0,0.1,0.0,200.0,1.5804,1.6832,0.1317,0.5818,6.745,7.0
1000,5e-05,0.0,0.5,1.0,0.1,0.01,200.0,1.5367,1.4906,0.1785,0.6318,6.62,7.0
1000,5e-05,0.0,0.5,1.0,0.1,0.1,200.0,2.1129,2.177,0.0105,0.4864,8.36,9.0
1000,5e-05,0.0,0.5,1.0,0.1,0.2,200.0,2.1675,2.1878,-0.0183,-0.6727,9.15,9.0
1000,5e-05,0.01,0.01,0.0,0.0,0.0,200.0,2.1568,1.9552,-0.0137,-0.2545,5.4,5.0
1000,5e-05,0.01,0.01,0.0,0.0,0.01,200.0,1.66,1.4836,0.07,0.1409,5.395,5.0
1000,5e-05,0.01,0.01,0.0,0.0,0.1,200.0,1.5066,1.4819,-0.0749,-0.5182,5.89,6.0
1000,5e-05,0.01,0.01,0.0,0.0,0.2,200.0,1.7499,1.6752,0.0488,0.1318,6.245,6.0
1000,5e-05,0.01,0.01,0.0,0.01,0.0,200.0,2.1615,1.9911,-0.0018,-0.0773,5.42,5.0
1000,5e-05,0.01,0.01,0.0,0.01,0.01,200.0,1.6876,1.4626,0.0911,0.2045,5.285,5.0
1000,5e-05,0.01,0.01,0.0,0.01,0.1,200.0,1.6234,1.6642,0.0827,0.3045,5.96,6.0
1000,5e-05,0.01,0.01,0.0,0.01,0.2,200.0,1.799,1.7602,-0.0146,-0.4273,6.31,6.0
1000,5e-05,0.01,0.01,0.0,0.1,0.0,200.0,2.1225,1.8999,-0.015,-0.2909,5.44,5.0
1000,5e-05,0.01,0.01,0.0,0.1,0.01,200.0,1.7435,1.5459,0.0842,0.1227,5.455,5.0
1000,5e-05,0.01,0.01,0.0,0.1,0.1,200.0,1.6096,1.5194,0.0095,-0.2273,5.735,6.0
1000,5e-05,0.01,0.01,0.0,0.1,0.2,200.0,1.7991,1.852,-0.0327,-0.5045,6.195,6.0
1000,5e-05,0.01,0.01,0.1,0.0,0.0,200.0,1.848,1.7626,0.0724,0.0864,5.445,5.0
1000,5e-05,0.01,0.01,0.1,0.0,0.01,200.0,1.5974,1.4878,0.0145,-0.2318,5.195,5.0
1000,5e-05,0.01,0.01,0.1,0.0,0.1,200.0,1.7273,1.7532,-0.0479,-0.5,6.035,6.0
1000,5e-05,0.01,0.01,0.1,0.0,0.2,200.0,1.7894,1.7922,0.1046,0.5227,6.395,6.0
1000,5e-05,0.01,0.01,0.1,0.01,0.0,200.0,1.9398,1.7917,0.0293,-0.0909,5.425,5.0
1000,5e-05,0.01,0.01,0.1,0.01,0.01,200.0,1.6419,1.5787,0.0168,-0.2409,5.365,5.0
1000,5e-05,0.01,0.01,0.1,0.01,0.1,200.0,1.76,1.7627,0.0092,-0.4273,6.085,6.0
1000,5e-05,0.01,0.01,0.1,0.01,0.2,200.0,1.8663,1.9647,0.041,-0.0227,6.4,6.0
1000,5e-05,0.01,0.01,0.1,0.1,0.0,200.0,1.8135,1.661,0.071,0.1045,5.255,5.0
1000,5e-05,0.01,0.01,0.1,0.1,0.01,200.0,1.6036,1.4848,0.0143,-0.2045,5.175,5.0
1000,5e-05,0.01,0.01,0.1,0.1,0.1,200.0,1.6394,1.6266,-0.0265,-0.4909,5.975,6.0
1000,5e-05,0.01,0.01,0.1,0.1,0.2,200.0,1.8065,1.8156,0.0817,0.3318,6.365,6.0
1000,5e-05,0.01,0.01,0.5,0.0,0.0,200.0,1.7896,1.5765,0.104,0.1818,5.495,5.0
1000,5e-05,0.01,0.01,0.5,0.0,0.01,200.0,1.611,1.4422,0.0274,-0.2409,5.47,5.0
1000,5e-05,0.01,0.01,0.5,0.0,0.1,200.0,1.668,1.6482,-0.0821,-0.5545,6.215,6.0
1000,5e-05,0.01,0.01,0.5,0.0,0.2,200.0,1.675,1.6164,0.1094,0.5273,6.555,7.0
1000,5e-05,0.01,0.01,0.5,0.01,0.0,200.0,1.7475,1.5934,0.0893,0.2455,5.435,5.0
1000,5e-05,0.01,0.01,0.5,0.01,0.01,200.0,1.5931,1.4219,0.085,0.0773,5.425,5.0
1000,5e-05,0.01,0.01,0.5,0.01,0.1,200.0,1.6377,1.793,0.0592,0.0273,6.245,6.0
1000,5e-05,0.01,0.01,0.5,0.01,0.2,200.0,1.6871,1.6244,0.0756,0.3591,6.62,7.0
1000,5e-05,0.01,0.01,0.5,0.1,0.0,200.0,1.6433,1.4447,0.102,0.1909,5.315,5.0
1000,5e-05,0.01,0.01,0.5,0.1,0.01,200.0,1.585,1.3774,0.0325,-0.2182,5.455,5.0
1000,5e-05,0.01,0.01,0.5,0.1,0.1,200.0,1.6731,1.6189,0.0785,0.3545,6.285,6.0
1000,5e-05,0.01,0.01,0.5,0.1,0.2,200.0,1.6639,1.6259,0.0594,0.2273,6.505,7.0
1000,5e-05,0.01,0.01,1.0,0.0,0.0,200.0,1.7071,1.5691,-0.0049,-0.3182,5.225,5.0
1000,5e-05,0.01,0.01,1.0,0.0,0.01,200.0,1.5266,1.4065,-0.033,-0.4636,5.48,5.0
1000,5e-05,0.01,0.01,1.0,0.0,0.1,200.0,1.6011,1.557,0.0195,-0.2455,6.145,6.0
1000,5e-05,0.01,0.01,1.0,0.0,0.2,200.0,1.7107,1.6454,0.0896,0.4318,6.65,7.0
1000,5e-05,0.01,0.01,1.0,0.01,0.0,200.0,1.7377,1.5477,-0.0443,-0.3909,5.46,5.0
1000,5e-05,0.01,0.01,1.0,0.01,0.01,200.0,1.6057,1.3979,0.075,0.2182,5.495,5.0
1000,5e-05,0.01,0.01,1.0,0.01,0.1,200.0,1.5691,1.5387,0.0068,-0.3136,6.055,6.0
1000,5e-05,0.01,0.01,1.0,0.01,0.2,200.0,1.7115,1.6944,0.0059,-0.3182,6.615,7.0
1000,5e-05,0.01,0.01,1.0,0.1,0.0,200.0,1.7893,1.6413,-0.0785,-0.3545,5.585,6.0
1000,5e-05,0.01,0.01,1.0,0.1,0.01,200.0,1.5837,1.444,0.0158,-0.1545,5.59,6.0
1000,5e-05,0.01,0.01,1.0,0.1,0.1,200.0,1.5953,1.5574,-0.0478,-0.4909,6.175,6.0
1000,5e-05,0.01,0.01,1.0,0.1,0.2,200.0,1.6523,1.6196,0.0111,-0.2591,6.685,7.0
1000,5e-05,0.01,0.1,0.0,0.0,0.0,200.0,1.6119,1.3972,0.0478,0.0,5.7,6.0
1000,5e-05,0.01,0.1,0.0,0.0,0.01,200.0,1.6237,1.4825,-0.0326,-0.3045,5.5,5.0
1000,5e-05,0.01,0.1,0.0,0.0,0.1,200.0,1.7877,1.8821,0.1267,0.5636,6.59,7.0
1000,5e-05,0.01,0.1,0.0,0.0,0.2,200.0,1.8403,1.9146,0.0413,0.4182,7.08,7.0
1000,5e-05,0.01,0.1,0.0,0.01,0.0,200.0,1.7723,1.7607,0.0607,0.0864,5.725,6.0
1000,5e-05,0.01,0.1,0.0,0.01,0.01,200.0,1.7518,1.6959,-0.014,-0.2364,5.68,6.0
1000,5e-05,0.01,0.1,0.0,0.01,0.1,200.0,1.7839,1.8943,0.0936,0.5273,6.515,7.0
1000,5e-05,0.01,0.1,0.0,0.01,0.2,200.0,1.9167,1.9713,0.0277,0.1182,7.095,7.0
1000,5e-05,0.01,0.1,0.0,0.1,0.0,200.0,1.7093,1.6105,0.0766,0.2818,5.66,6.0
1000,5e-05,0.01,0.1,0.0,0.1,0.01,200.0,1.6726,1.5219,-0.0087,-0.2455,5.685,6.0
1000,5e-05,0.01,0.1,0.0,0.1,0.1,200.0,1.9033,1.9603,0.0613,0.2364,6.65,7.0
1000,5e-05,0.01,0.1,0.0,0.1,0.2,200.0,1.8738,1.9308,0.0205,0.1091,7.075,7.0
1000,5e-05,0.01,0.1,0.1,0.0,0.0,200.0,1.7388,1.634,0.0546,0.1273,5.67,6.0
1000,5e-05,0.01,0.1,0.1,0.0,0.01,200.0,1.6014,1.4391,0.0125,-0.2955,5.395,5.0
1000,5e-05,0.01,0.1,0.1,0.0,0.1,200.0,1.8079,1.9038,0.1098,0.5455,6.515,7.0
1000,5e-05,0.01,0.1,0.1,0.0,0.2,200.0,1.8866,2.0272,0.0483,0.2773,7.24,7.0
1000,5e-05,0.01,0.1,0.1,0.01,0.0,200.0,1.739,1.623,0.0891,0.3182,5.69,6.0
1000,5e-05,0.01,0.1,0.1,0.01,0.01,200.0,1.608,1.5378,0.037,-0.1182,5.455,5.0
1000,5e-05,0.01,0.1,0.1,0.01,0.1,200.0,1.839,2.021,0.1133,0.5727,6.655,7.0
1000,5e-05,0.01,0.1,0.1,0.01,0.2,200.0,1.9092,1.9468,0.0326,0.1091,7.125,7.0
1000,5e-05,0.01,0.1,0.1,0.1,0.0,200.0,1.7492,1.5783,0.0638,0.0727,5.61,6.0
1000,5e-05,0.01,0.1,0.1,0.1,0.01,200.0,1.5942,1.4645,0.0463,-0.0045,5.51,6.0
1000,5e-05,0.01,0.1,0.1,0.1,0.1,200.0,1.7919,1.8821,0.1256,0.5545,6.605,7.0
1000,5e-05,0.01,0.1,0.1,0.1,0.2,200.0,1.9265,2.0063,0.0223,-0.0182,7.22,7.0
1000,5e-05,0.01,0.1,0.5,0.0,0.0,200.0,1.5761,1.4921,0.1068,0.4,5.705,6.0
1000,5e-05,0.01,0.1,0.5,0.0,0.01,200.0,1.6975,1.5368,0.0913,0.2864,5.605,6.0
1000,5e-05,0.01,0.1,0.5,0.0,0.1,200.0,1.9431,2.0446,-0.0847,-0.5818,6.89,7.0
1000,5e-05,0.01,0.1,0.5,0.0,0.2,200.0,1.8593,1.9447,0.0628,0.5136,7.23,7.0
1000,5e-05,0.01,0.1,0.5,0.01,0.0,200.0,1.5402,1.4521,0.1178,0.4318,5.775,6.0
1000,5e-05,0.01,0.1,0.5,0.01,0.01,200.0,1.6251,1.4952,0.0445,0.0182,5.575,6.0
1000,5e-05,0.01,0.1,0.5,0.01,0.1,200.0,1.8241,1.9139,0.0908,0.45,6.92,7.0
1000,5e-05,0.01,0.1,0.5,0.01,0.2,200.0,1.8592,1.8958,0.0664,0.5545,7.31,7.0
1000,5e-05,0.01,0.1,0.5,0.1,0.0,200.0,1.613,1.5735,0.1374,0.5318,5.745,6.0
1000,5e-05,0.01,0.1,0.5,0.1,0.01,200.0,1.551,1.3977,0.087,0.4409,5.635,6.0
1000,5e-05,0.01,0.1,0.5,0.1,0.1,200.0,1.8018,1.9684,0.1345,0.6591,6.735,7.0
1000,5e-05,0.01,0.1,0.5,0.1,0.2,200.0,1.859,1.9901,0.0558,0.5636,7.29,7.0
1000,5e-05,0.01,0.1,1.0,0.0,0.0,200.0,1.4402,1.3234,0.1128,0.3545,5.695,6.0
1000,5e-05,0.01,0.1,1.0,0.0,0.01,200.0,1.632,1.5427,0.0446,0.1591,5.655,6.0
1000,5e-05,0.01,0.1,1.0,0.0,0.1,200.0,1.858,1.9668,-0.0184,-0.6,7.09,7.0
1000,5e-05,0.01,0.1,1.0,0.0,0.2,200.0,1.8569,1.9004,0.0471,0.2818,7.475,8.0
1000,5e-05,0.01,0.1,1.0,0.01,0.0,200.0,1.5248,1.4213,0.157,0.5455,5.815,6.0
1000,5e-05,0.01,0.1,1.0,0.01,0.01,200.0,1.6875,1.5739,0.0754,0.2318,5.855,6.0
1000,5e-05,0.01,0.1,1.0,0.01,0.1,200.0,1.7633,1.8773,0.0282,0.0909,6.98,7.0
1000,5e-05,0.01,0.1,1.0,0.01,0.2,200.0,1.8549,1.9313,0.0377,0.2409,7.61,8.0
1000,5e-05,0.01,0.1,1.0,0.1,0.0,200.0,1.4537,1.3579,0.1373,0.4818,5.625,6.0
1000,5e-05,0.01,0.1,1.0,0.1,0.01,200.0,1.6932,1.5935,0.0369,0.1455,5.86,6.0
1000,5e-05,0.01,0.1,1.0,0.1,0.1,200.0,1.817,1.9908,0.0665,0.5045,6.925,7.0
1000,5e-05,0.01,0.1,1.0,0.1,0.2,200.0,1.8906,1.9444,0.0245,-0.2,7.53,7.0
1000,5e-05,0.01,0.5,0.0,0.0,0.0,200.0,1.6846,1.7158,0.068,0.1409,6.525,6.0
1000,5e-05,0.01,0.5,0.0,0.0,0.01,200.0,1.6776,1.656,0.055,0.0864,6.32,6.0
1000,5e-05,0.01,0.5,0.0,0.0,0.1,200.0,2.0087,2.118,-0.0212,-0.5909,7.815,8.0
1000,5e-05,0.01,0.5,0.0,0.0,0.2,200.0,2.1212,2.1663,-0.0075,-0.7727,8.78,9.0
1000,5e-05,0.01,0.5,0.0,0.01,0.0,200.0,1.6933,1.629,0.0727,0.2091,6.455,6.0
1000,5e-05,0.01,0.5,0.0,0.01,0.01,200.0,1.6852,1.6191,0.0265,0.0318,6.44,6.0
1000,5e-05,0.01,0.5,0.0,0.01,0.1,200.0,2.0638,2.166,0.0355,0.6273,7.885,8.0
1000,5e-05,0.01,0.5,0.0,0.01,0.2,200.0,2.1382,2.1663,-0.024,-0.8091,8.81,9.0
1000,5e-05,0.01,0.5,0.0,0.1,0.0,200.0,1.6664,1.6348,0.0927,0.35,6.38,6.0
1000,5e-05,0.01,0.5,0.0,0.1,0.01,200.0,1.7082,1.7272,0.0003,-0.1045,6.41,6.0
1000,5e-05,0.01,0.5,0.0,0.1,0.1,200.0,2.0076,2.0798,0.0089,0.1182,7.77,8.0
1000,5e-05,0.01,0.5,0.0,0.1,0.2,200.0,2.1729,2.2227,-0.0302,-0.8,8.96,9.0
1000,5e-05,0.01,0.5,0.1,0.0,0.0,200.0,1.6576,1.6848,0.1376,0.3591,6.42,6.0
1000,5e-05,0.01,0.5,0.1,0.0,0.01,200.0,1.7439,1.7444,0.0285,0.0364,6.44,6.0
1000,5e-05,0.01,0.5,0.1,0.0,0.1,200.0,2.0185,2.0782,0.0261,0.5409,7.975,8.0
1000,5e-05,0.01,0.5,0.1,0.0,0.2,200.0,2.1144,2.1518,-0.0245,-0.7636,8.83,9.0
1000,5e-05,0.01,0.5,0.1,0.01,0.0,200.0,1.7013,1.7369,0.0894,0.3045,6.48,7.0
1000,5e-05,0.01,0.5,0.1,0.01,0.01,200.0,1.6075,1.5412,0.0622,0.0955,6.325,6.0
1000,5e-05,0.01,0.5,0.1,0.01,0.1,200.0,1.9416,2.0347,0.0661,0.5909,7.805,8.0
1000,5e-05,0.01,0.5,0.1,0.01,0.2,200.0,2.1213,2.1589,-0.0375,-0.8091,8.92,9.0
1000,5e-05,0.01,0.5,0.1,0.1,0.0,200.0,1.5412,1.5657,0.066,0.1182,6.325,6.0
1000,5e-05,0.01,0.5,0.1,0.1,0.01,200.0,1.6425,1.6405,0.0561,0.1591,6.305,6.0
1000,5e-05,0.01,0.5,0.1,0.1,0.1,200.0,1.9949,2.1165,0.0548,0.5455,8.0,8.0
1000,5e-05,0.01,0.5,0.1,0.1,0.2,200.0,2.1205,2.1637,-0.0267,-0.8,8.905,9.0
1000,5e-05,0.01,0.5,0.5,0.0,0.0,200.0,1.5521,1.4946,0.0326,0.1,6.215,6.0
1000,5e-05,0.01,0.5,0.5,0.0,0.01,200.0,1.561,1.4673,0.0159,0.0636,6.475,6.5
1000,5e-05,0.01,0.5,0.5,0.0,0.1,200.0,1.9643,2.0804,0.0367,0.5364,7.895,8.0
1000,5e-05,0.01,0.5,0.5,0.0,0.2,200.0,2.1759,2.1949,-0.0265,-0.7818,8.725,9.0
1000,5e-05,0.01,0.5,0.5,0.01,0.0,200.0,1.497,1.4446,0.0011,0.0545,6.155,6.0
1000,5e-05,0.01,0.5,0.5,0.01,0.01,200.0,1.5345,1.5161,-0.0368,-0.1409,6.485,7.0
1000,5e-05,0.01,0.5,0.5,0.01,0.1,200.0,1.9358,2.0745,0.0347,0.5364,7.79,8.0
1000,5e-05,0.01,0.5,0.5,0.01,0.2,200.0,2.1772,2.2144,-0.0226,-0.7773,8.635,9.0
1000,5e-05,0.01,0.5,0.5,0.1,0.0,200.0,1.5254,1.3821,0.0215,-0.0227,6.315,6.0
1000,5e-05,0.01,0.5,0.5,0.1,0.01,200.0,1.536,1.529,0.0098,-0.0091,6.39,6.0
1000,5e-05,0.01,0.5,0.5,0.1,0.1,200.0,1.9383,2.0536,0.0512,0.5273,7.78,8.0
1000,5e-05,0.01,0.5,0.5,0.1,0.2,200.0,2.1658,2.1978,-0.0091,-0.7818,8.675,9.0
1000,5e-05,0.01,0.5,1.0,0.0,0.0,200.0,1.5828,1.5632,0.0298,0.0,6.15,6.0
1000,5e-05,0.01,0.5,1.0,0.0,0.01,200.0,1.5164,1.4631,-0.0073,-0.1727,6.39,6.0
1000,5e-05,0.01,0.5,1.0,0.0,0.1,200.0,1.9399,2.0824,0.011,0.4682,7.905,8.0
1000,5e-05,0.01,0.5,1.0,0.0,0.2,200.0,2.1884,2.2237,-0.0442,-0.8091,8.77,9.0
1000,5e-05,0.01,0.5,1.0,0.01,0.0,200.0,1.4604,1.4589,-0.0061,-0.0273,6.28,6.0
1000,5e-05,0.01,0.5,1.0,0.01,0.01,200.0,1.5129,1.4457,-0.0025,0.0636,6.325,6.0
1000,5e-05,0.01,0.5,1.0,0.01,0.1,200.0,1.9544,2.0982,0.0153,0.1364,7.87,8.0
1000,5e-05,0.01,0.5,1.0,0.01,0.2,200.0,2.1564,2.2173,-0.033,-0.8091,8.965,9.0
1000,5e-05,0.01,0.5,1.0,0.1,0.0,200.0,1.4982,1.4504,0.011,0.0909,6.15,6.0
1000,5e-05,0.01,0.5,1.0,0.1,0.01,200.0,1.4947,1.4398,0.0205,0.0409,6.215,6.0
1000,5e-05,0.01,0.5,1.0,0.1,0.1,200.0,1.9571,2.0828,-0.0237,-0.5091,7.865,8.0
1000,5e-05,0.01,0.5,1.0,0.1,0.2,200.0,2.145,2.1673,-0.003,-0.7227,8.955,9.0
1000,5e-05,0.1,0.01,0.0,0.0,0.0,200.0,1.9455,1.8727,0.0696,0.05,5.825,6.0
1000,5e-05,0.1,0.01,0.0,0.0,0.01,200.0,1.9214,1.8872,0.0481,0.0364,5.755,6.0
1000,5e-05,0.1,0.01,0.0,0.0,0.1,200.0,1.4302,1.3655,0.0644,0.2545,5.535,6.0
1000,5e-05,0.1,0.01,0.0,0.0,0.2,200.0,1.4851,1.3761,0.0026,-0.4455,5.525,5.0
1000,5e-05,0.1,0.01,0.0,0.01,0.0,200.0,2.0399,1.9699,0.0587,0.0409,5.885,6.0
1000,5e-05,0.1,0.01,0.0,0.01,0.01,200.0,1.9338,1.8771,0.0274,-0.0091,5.76,6.0
1000,5e-05,0.1,0.01,0.0,0.01,0.1,200.0,1.4616,1.3621,0.0637,0.1727,5.535,6.0
1000,5e-05,0.1,0.01,0.0,0.01,0.2,200.0,1.4418,1.3386,0.0457,-0.2273,5.615,6.0
1000,5e-05,0.1,0.01,0.0,0.1,0.0,200.0,2.0135,1.8765,0.0574,0.0636,5.81,6.0
1000,5e-05,0.1,0.01,0.0,0.1,0.01,200.0,1.9657,1.808,0.0594,-0.0091,5.755,6.0
1000,5e-05,0.1,0.01,0.0,0.1,0.1,200.0,1.4956,1.5022,0.0626,0.1545,5.46,5.0
1000,5e-05,0.1,0.01,0.0,0.1,0.2,200.0,1.5132,1.4114,0.0279,-0.3045,5.54,6.0
1000,5e-05,0.1,0.01,0.1,0.0,0.0,200.0,1.6784,1.636,0.0403,-0.0136,5.755,6.0
1000,5e-05,0.1,0.01,0.1,0.0,0.01,200.0,1.6218,1.5673,0.069,0.2045,5.67,6.0
1000,5e-05,0.1,0.01,0.1,0.0,0.1,200.0,1.4959,1.4346,0.0299,0.0818,5.755,6.0
1000,5e-05,0.1,0.01,0.1,0.0,0.2,200.0,1.4548,1.4268,0.0521,0.0182,5.86,6.0
1000,5e-05,0.1,0.01,0.1,0.01,0.0,200.0,1.6818,1.636,0.0602,0.0273,5.74,6.0
1000,5e-05,0.1,0.01,0.1,0.01,0.01,200.0,1.6357,1.5869,0.1249,0.3682,5.69,6.0
1000,5e-05,0.1,0.01,0.1,0.01,0.1,200.0,1.4529,1.3558,0.0556,0.1273,5.62,6.0
1000,5e-05,0.1,0.01,0.1,0.01,0.2,200.0,1.483,1.4338,0.0773,0.2,5.865,6.0
1000,5e-05,0.1,0.01,0.1,0.1,0.0,200.0,1.6098,1.5778,0.0465,-0.0045,5.54,5.5
1000,5e-05,0.1,0.01,0.1,0.1,0.01,200.0,1.6025,1.528,0.129,0.3727,5.725,6.0
1000,5e-05,0.1,0.01,0.1,0.1,0.1,200.0,1.4825,1.357,0.0495,0.1273,5.805,6.0
1000,5e-05,0.1,0.01,0.1,0.1,0.2,200.0,1.4503,1.4678,0.02,-0.1864,5.875,6.0
1000,5e-05,0.1,0.01,0.5,0.0,0.0,200.0,2.365,2.1956,0.0525,0.15,6.065,6.0
1000,5e-05,0.1,0.01,0.5,0.0,0.01,200.0,2.0291,1.9274,0.0615,0.1045,5.655,6.0
1000,5e-05,0.1,0.01,0.5,0.0,0.1,200.0,1.4462,1.4163,0.0422,0.1773,5.625,6.0
1000,5e-05,0.1,0.01,0.5,0.0,0.2,200.0,1.4541,1.4255,0.0085,0.0136,6.105,6.0
1000,5e-05,0.1,0.01,0.5,0.01,0.0,200.0,2.4001,2.3327,0.0316,0.0818,5.975,6.0
1000,5e-05,0.1,0.01,0.5,0.01,0.01,200.0,2.0393,1.9668,0.0574,0.0545,5.675,6.0
1000,5e-05,0.1,0.01,0.5,0.01,0.1,200.0,1.4634,1.435,0.0221,0.0727,5.66,6.0
1000,5e-05,0.1,0.01,0.5,0.01,0.2,200.0,1.4427,1.3328,-0.0845,-0.45,5.95,6.0
1000,5e-05,0.1,0.01,0.5,0.1,0.0,200.0,2.3953,2.3363,0.0528,0.1318,5.92,6.0
1000,5e-05,0.1,0.01,0.5,0.1,0.01,200.0,2.0333,2.0529,0.0658,0.1409,5.71,6.0
1000,5e-05,0.1,0.01,0.5,0.1,0.1,200.0,1.4445,1.3917,0.0177,0.0364,5.675,6.0
1000,5e-05,0.1,0.01,0.5,0.1,0.2,200.0,1.4531,1.4275,-0.0337,-0.2409,5.965,6.0
1000,5e-05,0.1,0.01,1.0,0.0,0.0,200.0,2.2536,2.1172,0.0095,0.0545,5.94,6.0
1000,5e-05,0.1,0.01,1.0,0.0,0.01,200.0,1.9177,1.6482,-0.0048,0.0,5.89,6.0
1000,5e-05,0.1,0.01,1.0,0.0,0.1,200.0,1.5433,1.5331,0.0005,-0.1636,5.83,6.0
1000,5e-05,0.1,0.01,1.0,0.0,0.2,200.0,1.4533,1.3804,0.056,0.0773,5.995,6.0
1000,5e-05,0.1,0.01,1.0,0.01,0.0,200.0,2.1432,1.9566,0.0066,0.0682,5.945,6.0
1000,5e-05,0.1,0.01,1.0,0.01,0.01,200.0,1.9878,1.758,0.0046,0.0136,5.825,6.0
1000,5e-05,0.1,0.01,1.0,0.01,0.1,200.0,1.4779,1.464,0.0726,0.2909,5.895,6.0
1000,5e-05,0.1,0.01,1.0,0.01,0.2,200.0,1.4571,1.3638,-0.0634,-0.4955,5.89,6.0
1000,5e-05,0.1,0.01,1.0,0.1,0.0,200.0,2.254,2.0539,-0.0244,-0.0136,5.96,6.0
1000,5e-05,0.1,0.01,1.0,0.1,0.01,200.0,1.9506,1.8003,-0.001,0.0273,5.77,6.0
1000,5e-05,0.1,0.01,1.0,0.1,0.1,200.0,1.5216,1.5391,0.021,-0.2,5.76,6.0
1000,5e-05,0.1,0.01,1.0,0.1,0.2,200.0,1.4029,1.3835,0.0719,0.1091,6.035,6.0
1000,5e-05,0.1,0.1,0.0,0.0,0.0,200.0,1.6851,1.6288,-0.0168,-0.1636,5.595,6.0
1000,5e-05,0.1,0.1,0.0,0.0,0.01,200.0,1.7151,1.7039,0.0438,0.0818,5.865,6.0
1000,5e-05,0.1,0.1,0.0,0.0,0.1,200.0,1.5723,1.5759,-0.0747,-0.4,6.145,6.0
1000,5e-05,0.1,0.1,0.0,0.0,0.2,200.0,1.5344,1.5046,-0.0096,0.0318,6.255,6.0
1000,5e-05,0.1,0.1,0.0,0.01,0.0,200.0,1.6914,1.6501,0.0446,0.0591,5.73,6.0
1000,5e-05,0.1,0.1,0.0,0.01,0.01,200.0,1.6563,1.6926,0.006,-0.1,5.855,6.0
1000,5e-05,0.1,0.1,0.0,0.01,0.1,200.0,1.6018,1.5094,-0.0275,-0.3091,6.125,6.0
1000,5e-05,0.1,0.1,0.0,0.01,0.2,200.0,1.6091,1.5654,0.0412,0.1818,6.46,6.0
1000,5e-05,0.1,0.1,0.0,0.1,0.0,200.0,1.7373,1.6761,0.0065,-0.05,5.74,6.0
1000,5e-05,0.1,0.1,0.0,0.1,0.01,200.0,1.6805,1.6811,0.0553,0.1227,5.965,6.0
1000,5e-05,0.1,0.1,0.0,0.1,0.1,200.0,1.5791,1.5024,-0.0439,-0.3136,6.045,6.0
1000,5e-05,0.1,0.1,0.0,0.1,0.2,200.0,1.6191,1.5661,0.0367,0.1227,6.21,6.0
1000,5e-05,0.1,0.1,0.1,0.0,0.0,200.0,1.6727,1.592,0.0005,-0.0818,5.93,6.0
1000,5e-05,0.1,0.1,0.1,0.0,0.01,200.0,1.5919,1.5291,0.0827,0.1591,5.77,6.0
1000,5e-05,0.1,0.1,0.1,0.0,0.1,200.0,1.4813,1.4301,-0.0593,-0.2318,6.0,6.0
1000,5e-05,0.1,0.1,0.1,0.0,0.2,200.0,1.5047,1.4355,-0.0005,0.15,6.375,6.0
1000,5e-05,0.1,0.1,0.1,0.01,0.0,200.0,1.7157,1.6649,0.0041,-0.1045,5.83,6.0
1000,5e-05,0.1,0.1,0.1,0.01,0.01,200.0,1.6,1.4803,0.0725,0.1682,5.69,6.0
1000,5e-05,0.1,0.1,0.1,0.01,0.1,200.0,1.4732,1.3212,-0.0435,-0.2727,6.03,6.0
1000,5e-05,0.1,0.1,0.1,0.01,0.2,200.0,1.5272,1.4411,-0.0349,-0.2318,6.27,6.0
1000,5e-05,0.1,0.1,0.1,0.1,0.0,200.0,1.6804,1.6085,0.023,-0.0045,5.75,6.0
1000,5e-05,0.1,0.1,0.1,0.1,0.01,200.0,1.5802,1.4821,0.0808,0.2273,5.725,6.0
1000,5e-05,0.1,0.1,0.1,0.1,0.1,200.0,1.5414,1.4193,-0.1002,-0.3636,6.115,6.0
1000,5e-05,0.1,0.1,0.1,0.1,0.2,200.0,1.5511,1.4711,0.0136,0.05,6.29,6.0
1000,5e-05,0.1,0.1,0.5,0.0,0.0,200.0,1.8612,1.7106,0.0104,-0.0409,6.2,6.0
1000,5e-05,0.1,0.1,0.5,0.0,0.01,200.0,1.6739,1.5684,0.0763,0.1955,5.99,6.0
1000,5e-05,0.1,0.1,0.5,0.0,0.1,200.0,1.4156,1.3338,-0.0104,0.0136,5.945,6.0
1000,5e-05,0.1,0.1,0.5,0.0,0.2,200.0,1.4615,1.3096,0.1018,0.3909,6.195,6.0
1000,5e-05,0.1,0.1,0.5,0.01,0.0,200.0,1.8031,1.5833,0.0335,0.1,5.97,6.0
1000,5e-05,0.1,0.1,0.5,0.01,0.01,200.0,1.7228,1.5456,0.0301,0.0364,6.13,6.0
1000,5e-05,0.1,0.1,0.5,0.01,0.1,200.0,1.4237,1.3657,-0.0016,-0.0773,5.94,6.0
1000,5e-05,0.1,0.1,0.5,0.01,0.2,200.0,1.4946,1.402,0.0935,0.3727,6.34,6.0
1000,5e-05,0.1,0.1,0.5,0.1,0.0,200.0,1.7866,1.7169,0.0382,0.05,6.155,6.0
1000,5e-05,0.1,0.1,0.5,0.1,0.01,200.0,1.6903,1.5693,0.037,0.15,6.03,6.0
1000,5e-05,0.1,0.1,0.5,0.1,0.1,200.0,1.3851,1.3044,0.0727,0.2227,6.09,6.0
1000,5e-05,0.1,0.1,0.5,0.1,0.2,200.0,1.4304,1.3008,0.105,0.4409,6.09,6.0
1000,5e-05,0.1,0.1,1.0,0.0,0.0,200.0,1.7918,1.7654,0.1145,0.3273,6.1,6.0
1000,5e-05,0.1,0.1,1.0,0.0,0.01,200.0,1.616,1.5518,0.1282,0.3045,5.9,6.0
1000,5e-05,0.1,0.1,1.0,0.0,0.1,200.0,1.5257,1.4668,0.1298,0.3818,6.065,6.0
1000,5e-05,0.1,0.1,1.0,0.0,0.2,200.0,1.5958,1.4633,0.1085,0.3591,6.47,7.0
1000,5e-05,0.1,0.1,1.0,0.01,0.0,200.0,1.7617,1.6804,0.1571,0.5182,5.97,6.0
1000,5e-05,0.1,0.1,1.0,0.01,0.01,200.0,1.6968,1.6599,0.1082,0.3591,6.055,6.0
1000,5e-05,0.1,0.1,1.0,0.01,0.1,200.0,1.5112,1.4424,0.1196,0.3545,6.19,6.0
1000,5e-05,0.1,0.1,1.0,0.01,0.2,200.0,1.6104,1.5352,0.1192,0.3545,6.47,7.0
1000,5e-05,0.1,0.1,1.0,0.1,0.0,200.0,1.7846,1.7946,0.1409,0.5,6.115,6.0
1000,5e-05,0.1,0.1,1.0,0.1,0.01,200.0,1.6243,1.5392,0.0975,0.2955,5.995,6.0
1000,5e-05,0.1,0.1,1.0,0.1,0.1,200.0,1.5308,1.5022,0.0971,0.25,6.12,6.0
1000,5e-05,0.1,0.1,1.0,0.1,0.2,200.0,1.5966,1.5056,0.103,0.3364,6.38,6.0
1000,5e-05,0.1,0.5,0.0,0.0,0.0,200.0,1.7601,1.6803,0.0685,0.2591,6.645,7.0
1000,5e-05,0.1,0.5,0.0,0.0,0.01,200.0,1.7302,1.6316,0.0482,0.0545,6.6,7.0
1000,5e-05,0.1,0.5,0.0,0.0,0.1,200.0,1.7957,1.8331,0.0215,0.0364,6.72,7.0
1000,5e-05,0.1,0.5,0.0,0.0,0.2,200.0,1.8183,1.8792,0.0841,0.4136,6.965,7.0
1000,5e-05,0.1,0.5,0.0,0.01,0.0,200.0,1.727,1.7055,0.0688,0.1773,6.685,7.0
1000,5e-05,0.1,0.5,0.0,0.01,0.01,200.0,1.7432,1.6786,0.053,0.1409,6.67,7.0
1000,5e-05,0.1,0.5,0.0,0.01,0.1,200.0,1.7996,1.851,0.0738,0.3091,6.735,7.0
1000,5e-05,0.1,0.5,0.0,0.01,0.2,200.0,1.8192,1.869,0.0773,0.4727,6.945,7.0
1000,5e-05,0.1,0.5,0.0,0.1,0.0,200.0,1.6798,1.5385,0.0752,0.2591,6.555,7.0
1000,5e-05,0.1,0.5,0.0,0.1,0.01,200.0,1.7484,1.6992,0.0619,0.2182,6.61,7.0
1000,5e-05,0.1,0.5,0.0,0.1,0.1,200.0,1.8555,2.009,0.0997,0.3909,6.75,7.0
1000,5e-05,0.1,0.5,0.0,0.1,0.2,200.0,1.8047,1.8878,-0.0146,-0.2273,7.03,7.0
1000,5e-05,0.1,0.5,0.1,0.0,0.0,200.0,1.6512,1.5299,0.0657,0.1455,6.395,7.0
1000,5e-05,0.1,0.5,0.1,0.0,0.01,200.0,1.71,1.7078,0.0491,0.0773,6.545,6.0
1000,5e-05,0.1,0.5,0.1,0.0,0.1,200.0,1.7782,1.8568,0.0036,-0.0455,6.67,7.0
1000,5e-05,0.1,0.5,0.1,0.0,0.2,200.0,1.734,1.8269,0.0226,0.0364,6.81,7.0
1000,5e-05,0.1,0.5,0.1,0.01,0.0,200.0,1.658,1.5331,0.0871,0.1727,6.43,6.0
1000,5e-05,0.1,0.5,0.1,0.01,0.01,200.0,1.7389,1.6211,0.0827,0.1636,6.44,6.0
1000,5e-05,0.1,0.5,0.1,0.01,0.1,200.0,1.812,1.9351,0.0252,0.0682,6.69,7.0
1000,5e-05,0.1,0.5,0.1,0.01,0.2,200.0,1.7419,1.8615,0.0726,0.4,6.895,7.0
1000,5e-05,0.1,0.5,0.1,0.1,0.0,200.0,1.6495,1.5526,0.0596,0.0409,6.34,6.0
1000,5e-05,0.1,0.5,0.1,0.1,0.01,200.0,1.7684,1.6658,0.0741,0.1682,6.415,6.0
1000,5e-05,0.1,0.5,0.1,0.1,0.1,200.0,1.8671,2.0263,0.1138,0.5091,6.84,7.0
1000,5e-05,0.1,0.5,0.1,0.1,0.2,200.0,1.8094,1.9117,0.0333,0.1045,6.89,7.0
1000,5e-05,0.1,0.5,0.5,0.0,0.0,200.0,1.6455,1.5373,0.1177,0.3182,6.46,6.0
1000,5e-05,0.1,0.5,0.5,0.0,0.01,200.0,1.6869,1.5798,0.0798,0.2636,6.485,7.0
1000,5e-05,0.1,0.5,0.5,0.0,0.1,200.0,1.7897,1.8823,0.0887,0.3045,6.555,7.0
1000,5e-05,0.1,0.5,0.5,0.0,0.2,200.0,1.8303,1.8839,0.1356,0.5182,6.755,7.0
1000,5e-05,0.1,0.5,0.5,0.01,0.0,200.0,1.6463,1.5366,0.0775,0.3409,6.495,7.0
1000,5e-05,0.1,0.5,0.5,0.01,0.01,200.0,1.6988,1.5825,0.1065,0.2909,6.52,7.0
1000,5e-05,0.1,0.5,0.5,0.01,0.1,200.0,1.7068,1.7268,0.0694,0.3091,6.67,7.0
1000,5e-05,0.1,0.5,0.5,0.01,0.2,200.0,1.7576,1.8162,0.2059,0.6273,6.71,7.0
1000,5e-05,0.1,0.5,0.5,0.1,0.0,200.0,1.6629,1.5119,0.1012,0.3318,6.32,6.0
1000,5e-05,0.1,0.5,0.5,0.1,0.01,200.0,1.6823,1.5624,0.1047,0.2682,6.505,7.0
1000,5e-05,0.1,0.5,0.5,0.1,0.1,200.0,1.7122,1.7955,0.0902,0.3773,6.575,7.0
1000,5e-05,0.1,0.5,0.5,0.1,0.2,200.0,1.7952,1.8822,0.1311,0.4909,6.865,7.0
1000,5e-05,0.1,0.5,1.0,0.0,0.0,200.0,1.6965,1.6146,0.0745,0.25,6.51,7.0
1000,5e-05,0.1,0.5,1.0,0.0,0.01,200.0,1.7186,1.6529,0.0812,0.35,6.52,7.0
1000,5e-05,0.1,0.5,1.0,0.0,0.1,200.0,1.8307,1.9868,0.0913,0.3909,6.955,7.0
1000,5e-05,0.1,0.5,1.0,0.0,0.2,200.0,1.7223,1.8151,0.1149,0.4273,6.87,7.0
1000,5e-05,0.1,0.5,1.0,0.01,0.0,200.0,1.6923,1.5231,0.0866,0.2864,6.55,7.0
1000,5e-05,0.1,0.5,1.0,0.01,0.01,200.0,1.7178,1.5646,0.0885,0.3227,6.645,7.0
1000,5e-05,0.1,0.5,1.0,0.01,0.1,200.0,1.7708,1.8718,0.0976,0.3909,6.65,7.0
1000,5e-05,0.1,0.5,1.0,0.01,0.2,200.0,1.7958,1.8591,0.1743,0.6682,6.955,7.0
1000,5e-05,0.1,0.5,1.0,0.1,0.0,200.0,1.7549,1.6364,0.1279,0.3545,6.585,6.0
1000,5e-05,0.1,0.5,1.0,0.1,0.01,200.0,1.6738,1.5409,0.0677,0.2,6.495,6.5
1000,5e-05,0.1,0.5,1.0,0.1,0.1,200.0,1.7865,1.9243,0.1031,0.5091,6.79,7.0
1000,5e-05,0.1,0.5,1.0,0.1,0.2,200.0,1.8353,1.9006,0.1943,0.7136,7.015,7.0
1000,0.0001,0.0,0.01,0.0,0.0,0.0,200.0,4.5312,4.2187,0.0145,0.0,6.985,7.0
1000,0.0001,0.0,0.01,0.0,0.0,0.01,200.0,3.7227,3.5424,-0.0503,-0.1409,7.22,7.0
1000,0.0001,0.0,0.01,0.0,0.0,0.1,200.0,1.9413,1.9977,0.0018,-0.3,7.18,7.0
1000,0.0001,0.0,0.01,0.0,0.0,0.2,200.0,2.1118,2.0391,-0.0915,-0.7182,7.63,8.0
1000,0.0001,0.0,0.01,0.0,0.01,0.0,200.0,4.4755,4.1923,-0.0405,-0.0909,7.34,7.0
1000,0.0001,0.0,0.01,0.0,0.01,0.01,200.0,4.1029,3.8851,-0.0105,-0.0455,7.33,7.0
1000,0.0001,0.0,0.01,0.0,0.01,0.1,200.0,2.011,2.0757,-0.1328,-0.6364,7.235,7.0
1000,0.0001,0.0,0.01,0.0,0.01,0.2,200.0,2.1775,2.1664,-0.1707,-0.8591,7.955,8.0
1000,0.0001,0.0,0.01,0.0,0.1,0.0,200.0,4.7702,4.4517,0.0055,-0.0818,7.315,7.0
1000,0.0001,0.0,0.01,0.0,0.1,0.01,200.0,3.8763,3.7291,0.0047,0.0182,7.2,7.0
1000,0.0001,0.0,0.01,0.0,0.1,0.1,200.0,2.2692,2.2266,-0.0742,-0.6,7.235,7.0
1000,0.0001,0.0,0.01,0.0,0.1,0.2,200.0,2.1624,2.1053,-0.0619,-0.7364,7.715,8.0
1000,0.0001,0.0,0.01,0.1,0.0,0.0,200.0,3.8715,3.5794,0.0295,-0.0182,6.605,7.0
1000,0.0001,0.0,0.01,0.1,0.0,0.01,200.0,2.8673,2.7114,-0.0074,-0.1182,6.505,6.0
1000,0.0001,0.0,0.01,0.1,0.0,0.1,200.0,2.1073,2.1105,-0.0459,-0.6636,7.535,8.0
1000,0.0001,0.0,0.01,0.1,0.0,0.2,200.0,1.9894,1.9809,-0.1088,-0.8182,7.585,8.0
1000,0.0001,0.0,0.01,0.1,0.01,0.0,200.0,3.5367,3.3487,0.039,0.0818,6.845,7.0
1000,0.0001,0.0,0.01,0.1,0.01,0.01,200.0,2.9126,2.9107,-0.0679,-0.2773,6.575,7.0
1000,0.0001,0.0,0.01,0.1,0.01,0.1,200.0,2.177,2.166,-0.0485,-0.6136,7.435,7.0
1000,0.0001,0.0,0.01,0.1,0.01,0.2,200.0,1.9958,1.9545,-0.0853,-0.6682,7.755,8.0
1000,0.0001,0.0,0.01,0.1,0.1,0.0,200.0,3.8665,3.7193,0.0172,0.05,7.05,7.0
1000,0.0001,0.0,0.01,0.1,0.1,0.01,200.0,2.9252,2.9245,-0.0525,-0.1545,7.06,7.0
1000,0.0001,0.0,0.01,0.1,0.1,0.1,200.0,2.0465,2.039,-0.0382,-0.6455,7.51,8.0
1000,0.0001,0.0,0.01,0.1,0.1,0.2,200.0,2.012,2.0233,-0.1756,-0.8773,7.615,8.0
1000,0.0001,0.0,0.01,0.5,0.0,0.0,200.0,2.9258,2.848,0.0946,0.15,6.62,6.0
1000,0.0001,0.0,0.01,0.5,0.0,0.01,200.0,1.953,1.9019,0.0168,0.05,6.47,6.0
1000,0.0001,0.0,0.01,0.5,0.0,0.1,200.0,1.8815,1.9143,-0.0502,-0.6,7.88,8.0
1000,0.0001,0.0,0.01,0.5,0.0,0.2,200.0,1.8401,1.8669,0.027,0.3182,7.84,8.0
1000,0.0001,0.0,0.01,0.5,0.01,0.0,200.0,2.7803,2.5522,0.0855,0.1273,6.315,6.0
1000,0.0001,0.0,0.01,0.5,0.01,0.01,200.0,1.9597,1.9149,0.0844,0.2591,6.47,6.0
1000,0.0001,0.0,0.01,0.5,0.01,0.1,200.0,1.8843,1.9,-0.0583,-0.6364,7.67,8.0
1000,0.0001,0.0,0.01,0.5,0.01,0.2,200.0,1.809,1.8418,-0.0917,-0.7909,8.08,8.0
1000,0.0001,0.0,0.01,0.5,0.1,0.0,200.0,3.0428,2.9377,0.1165,0.1091,6.44,6.0
1000,0.0001,0.0,0.01,0.5,0.1,0.01,200.0,2.01,1.9538,0.0746,0.1727,6.36,6.0
1000,0.0001,0.0,0.01,0.5,0.1,0.1,200.0,1.9133,1.937,-0.0684,-0.7,7.71,8.0
1000,0.0001,0.0,0.01,0.5,0.1,0.2,200.0,1.8798,1.8597,-0.0622,-0.6045,7.77,8.0
1000,0.0001,0.0,0.01,1.0,0.0,0.0,200.0,2.4763,2.312,-0.0138,-0.05,6.4,6.0
1000,0.0001,0.0,0.01,1.0,0.0,0.01,200.0,1.8017,1.8896,-0.0411,-0.35,6.345,6.0
1000,0.0001,0.0,0.01,1.0,0.0,0.1,200.0,1.8887,1.913,-0.0232,-0.5682,7.67,8.0
1000,0.0001,0.0,0.01,1.0,0.0,0.2,200.0,1.7579,1.7349,-0.0965,-0.7818,7.765,8.0
1000,0.0001,0.0,0.01,1.0,0.01,0.0,200.0,2.3998,2.3382,-0.0104,-0.0682,6.405,6.0
1000,0.0001,0.0,0.01,1.0,0.01,0.01,200.0,1.8859,1.9404,0.1153,0.3045,6.255,6.0
1000,0.0001,0.0,0.01,1.0,0.01,0.1,200.0,1.8608,1.9004,-0.0339,-0.5091,7.73,8.0
1000,0.0001,0.0,0.01,1.0,0.01,0.2,200.0,1.792,1.7194,-0.1239,-0.8,7.81,8.0
1000,0.0001,0.0,0.01,1.0,0.1,0.0,200.0,2.5693,2.4293,-0.0312,-0.1409,6.505,6.0
1000,0.0001,0.0,0.01,1.0,0.1,0.01,200.0,1.8155,1.8617,-0.001,-0.1591,6.695,7.0
1000,0.0001,0.0,0.01,1.0,0.1,0.1,200.0,1.8415,1.9028,-0.0185,-0.5364,7.705,8.0
1000,0.0001,0.0,0.01,1.0,0.1,0.2,200.0,1.7914,1.7841,-0.1043,-0.7773,7.83,8.0
1000,0.0001,0.0,0.1,0.0,0.0,0.0,200.0,1.8272,1.6868,0.1284,0.2273,5.89,6.0
1000,0.0001,0.0,0.1,0.0,0.0,0.01,200.0,1.7837,1.7778,-0.0153,-0.0727,6.07,6.0
1000,0.0001,0.0,0.1,0.0,0.0,0.1,200.0,2.0152,2.0628,0.0285,0.0091,7.73,8.0
1000,0.0001,0.0,0.1,0.0,0.0,0.2,200.0,1.9155,1.9024,-0.1332,-0.7909,7.695,8.0
1000,0.0001,0.0,0.1,0.0,0.01,0.0,200.0,1.9268,1.8005,0.0078,-0.0727,6.005,6.0
1000,0.0001,0.0,0.1,0.0,0.01,0.01,200.0,1.7517,1.5995,0.0387,0.0455,6.195,6.0
1000,0.0001,0.0,0.1,0.0,0.01,0.1,200.0,2.0036,2.0875,0.0407,0.2955,7.64,8.0
1000,0.0001,0.0,0.1,0.0,0.01,0.2,200.0,1.9609,2.0453,-0.1984,-0.8727,7.79,8.0
1000,0.0001,0.0,0.1,0.0,0.1,0.0,200.0,1.8074,1.6965,-0.0157,-0.1909,5.945,6.0
1000,0.0001,0.0,0.1,0.0,0.1,0.01,200.0,1.7388,1.6885,0.0832,0.2045,6.365,6.0
1000,0.0001,0.0,0.1,0.0,0.1,0.1,200.0,1.9696,2.0276,0.0075,-0.0955,7.535,8.0
1000,0.0001,0.0,0.1,0.0,0.1,0.2,200.0,1.9799,2.0622,-0.1742,-0.8364,7.515,8.0
1000,0.0001,0.0,0.1,0.1,0.0,0.0,200.0,1.8522,1.7639,0.0772,0.0727,5.98,6.0
1000,0.0001,0.0,0.1,0.1,0.0,0.01,200.0,1.5588,1.5017,0.0545,0.0955,6.03,6.0
1000,0.0001,0.0,0.1,0.1,0.0,0.1,200.0,1.947,2.0142,0.0349,0.2273,7.745,8.0
1000,0.0001,0.0,0.1,0.1,0.0,0.2,200.0,1.8797,1.8661,-0.1155,-0.75,7.755,8.0
1000,0.0001,0.0,0.1,0.1,0.01,0.0,200.0,1.9299,1.8708,0.0187,0.0182,6.17,6.0
1000,0.0001,0.0,0.1,0.1,0.01,0.01,200.0,1.6594,1.605,-0.0551,-0.3091,6.305,6.0
1000,0.0001,0.0,0.1,0.1,0.01,0.1,200.0,2.03,2.0667,0.0239,0.0091,7.895,8.0
1000,0.0001,0.0,0.1,0.1,0.01,0.2,200.0,1.9425,1.9319,0.0151,0.0227,7.98,8.0
1000,0.0001,0.0,0.1,0.1,0.1,0.0,200.0,1.7036,1.6619,0.0853,0.1591,5.795,6.0
1000,0.0001,0.0,0.1,0.1,0.1,0.01,200.0,1.7547,1.6567,-0.0027,-0.1818,6.1,6.0
1000,0.0001,0.0,0.1,0.1,0.1,0.1,200.0,1.9073,1.9677,0.0407,0.5682,7.585,8.0
1000,0.0001,0.0,0.1,0.1,0.1,0.2,200.0,1.9409,1.9353,0.0209,0.1455,7.84,8.0
1000,0.0001,0.0,0.1,0.5,0.0,0.0,200.0,1.836,1.7366,0.0451,0.0909,5.865,6.0
1000,0.0001,0.0,0.1,0.5,0.0,0.01,200.0,1.6451,1.6635,0.0723,0.3182,5.72,6.0
1000,0.0001,0.0,0.1,0.5,0.0,0.1,200.0,1.8933,1.9762,0.034,0.4045,7.745,8.0
1000,0.0001,0.0,0.1,0.5,0.0,0.2,200.0,2.0221,2.0547,-0.0393,-0.8136,8.42,9.0
1000,0.0001,0.0,0.1,0.5,0.01,0.0,200.0,1.8341,1.6764,-0.0012,-0.0636,5.73,6.0
1000,0.0001,0.0,0.1,0.5,0.01,0.01,200.0,1.8332,1.7964,-0.0455,-0.3,6.01,6.0
1000,0.0001,0.0,0.1,0.5,0.01,0.1,200.0,1.9548,2.0055,-0.0008,-0.5455,7.765,8.0
1000,0.0001,0.0,0.1,0.5,0.01,0.2,200.0,1.9496,1.9934,0.0335,0.7636,8.165,8.0
1000,0.0001,0.0,0.1,0.5,0.1,0.0,200.0,1.6149,1.5443,-0.0395,-0.35,5.855,6.0
1000,0.0001,0.0,0.1,0.5,0.1,0.01,200.0,1.6681,1.7119,-0.0826,-0.5,5.88,6.0
1000,0.0001,0.0,0.1,0.5,0.1,0.1,200.0,1.8276,1.8977,-0.0055,-0.5182,7.79,8.0
1000,0.0001,0.0,0.1,0.5,0.1,0.2,200.0,1.8749,1.8746,-0.0186,-0.6227,8.115,8.0
1000,0.0001,0.0,0.1,1.0,0.0,0.0,200.0,1.622,1.5112,-0.0595,-0.2364,5.915,6.0
1000,0.0001,0.0,0.1,1.0,0.0,0.01,200.0,1.6088,1.6499,0.1258,0.45,5.72,6.0
1000,0.0001,0.0,0.1,1.0,0.0,0.1,200.0,1.801,1.8637,0.0145,-0.3273,7.99,8.0
1000,0.0001,0.0,0.1,1.0,0.0,0.2,200.0,1.8324,1.9107,-0.112,-0.9227,8.415,8.0
1000,0.0001,0.0,0.1,1.0,0.01,0.0,200.0,1.6693,1.6308,-0.0214,-0.0682,5.875,6.0
1000,0.0001,0.0,0.1,1.0,0.01,0.01,200.0,1.6844,1.6723,0.0283,-0.0273,6.09,6.0
1000,0.0001,0.0,0.1,1.0,0.01,0.1,200.0,1.8341,1.8754,0.0805,0.7909,8.23,8.0
1000,0.0001,0.0,0.1,1.0,0.01,0.2,200.0,1.8632,1.8935,0.0181,0.7909,8.11,8.0
1000,0.0001,0.0,0.1,1.0,0.1,0.0,200.0,1.7029,1.645,-0.0234,-0.1227,5.905,6.0
1000,0.0001,0.0,0.1,1.0,0.1,0.01,200.0,1.6459,1.5552,-0.008,-0.3318,6.045,6.0
1000,0.0001,0.0,0.1,1.0,0.1,0.1,200.0,1.8477,1.8873,0.0779,0.7409,7.8,8.0
1000,0.0001,0.0,0.1,1.0,0.1,0.2,200.0,1.947,2.0054,-0.0639,-0.8818,8.515,9.0
1000,0.0001,0.0,0.5,0.0,0.0,0.0,200.0,1.4838,1.5148,0.0452,0.15,6.195,6.0
1000,0.0001,0.0,0.5,0.0,0.0,0.01,200.0,1.4963,1.504,0.1513,0.5227,6.38,6.0
1000,0.0001,0.0,0.5,0.0,0.0,0.1,200.0,2.2243,2.2239,-0.0076,-0.8227,8.61,9.0
1000,0.0001,0.0,0.5,0.0,0.0,0.2,200.0,2.1479,2.1858,0.0569,0.8545,8.645,9.0
1000,0.0001,0.0,0.5,0.0,0.01,0.0,200.0,1.4996,1.4796,0.0621,0.1864,6.365,6.0
1000,0.0001,0.0,0.5,0.0,0.01,0.01,200.0,1.5452,1.5934,0.1355,0.4091,6.41,6.0
1000,0.0001,0.0,0.5,0.0,0.01,0.1,200.0,2.2265,2.2158,0.0191,0.7364,8.88,9.0
1000,0.0001,0.0,0.5,0.0,0.01,0.2,200.0,2.1272,2.1447,0.0691,0.8273,8.515,9.0
1000,0.0001,0.0,0.5,0.0,0.1,0.0,200.0,1.529,1.521,0.0585,0.4045,6.29,6.0
1000,0.0001,0.0,0.5,0.0,0.1,0.01,200.0,1.6044,1.5163,0.0647,0.2182,6.465,6.0
1000,0.0001,0.0,0.5,0.0,0.1,0.1,200.0,2.2579,2.2322,0.014,-0.0591,8.525,9.0
1000,0.0001,0.0,0.5,0.0,0.1,0.2,200.0,2.1301,2.1729,0.0654,0.8818,8.64,9.0
1000,0.0001,0.0,0.5,0.1,0.0,0.0,200.0,1.4897,1.3867,0.1973,0.6182,6.445,6.0
1000,0.0001,0.0,0.5,0.1,0.0,0.01,200.0,1.5473,1.5469,0.2131,0.6409,6.455,6.0
1000,0.0001,0.0,0.5,0.1,0.0,0.1,200.0,2.1691,2.2208,-0.0541,-0.8818,8.495,9.0
1000,0.0001,0.0,0.5,0.1,0.0,0.2,200.0,2.0937,2.1156,0.061,0.8955,8.595,9.0
1000,0.0001,0.0,0.5,0.1,0.01,0.0,200.0,1.5569,1.6065,0.0471,0.1909,6.52,6.0
1000,0.0001,0.0,0.5,0.1,0.01,0.01,200.0,1.577,1.6521,0.0731,0.4091,6.445,6.0
1000,0.0001,0.0,0.5,0.1,0.01,0.1,200.0,2.2115,2.2247,0.023,0.8364,8.685,9.0
1000,0.0001,0.0,0.5,0.1,0.01,0.2,200.0,2.1298,2.1541,0.0555,0.8182,8.695,9.0
1000,0.0001,0.0,0.5,0.1,0.1,0.0,200.0,1.4609,1.5161,0.0816,0.5091,6.315,6.0
1000,0.0001,0.0,0.5,0.1,0.1,0.01,200.0,1.5356,1.5243,0.026,0.0182,6.395,6.0
1000,0.0001,0.0,0.5,0.1,0.1,0.1,200.0,2.2155,2.241,0.0048,-0.6818,8.315,8.0
1000,0.0001,0.0,0.5,0.1,0.1,0.2,200.0,2.1188,2.1474,0.0453,0.8364,8.955,9.0
1000,0.0001,0.0,0.5,0.5,0.0,0.0,200.0,1.5394,1.5793,0.0307,0.0636,6.47,6.0
1000,0.0001,0.0,0.5,0.5,0.0,0.01,200.0,1.5039,1.5437,0.1375,0.5273,6.425,6.0
1000,0.0001,0.0,0.5,0.5,0.0,0.1,200.0,2.1772,2.1957,-0.0381,-0.8136,8.275,8.0
1000,0.0001,0.0,0.5,0.5,0.0,0.2,200.0,2.1603,2.2133,0.0201,0.7545,9.04,9.0
1000,0.0001,0.0,0.5,0.5,0.01,0.0,200.0,1.5196,1.4811,0.0535,0.3,6.275,6.0
1000,0.0001,0.0,0.5,0.5,0.01,0.01,200.0,1.507,1.427,0.2108,0.5909,6.58,7.0
1000,0.0001,0.0,0.5,0.5,0.01,0.1,200.0,2.2225,2.1953,-0.0071,-0.7364,8.245,8.0
1000,0.0001,0.0,0.5,0.5,0.01,0.2,200.0,2.0797,2.0824,0.0414,0.85,8.6,9.0
1000,0.0001,0.0,0.5,0.5,0.1,0.0,200.0,1.5165,1.5353,0.0463,-0.0682,6.455,7.0
1000,0.0001,0.0,0.5,0.5,0.1,0.01,200.0,1.5761,1.617,0.1355,0.5273,6.46,6.0
1000,0.0001,0.0,0.5,0.5,0.1,0.1,200.0,2.1868,2.1952,-0.0795,-0.8727,8.46,8.0
1000,0.0001,0.0,0.5,0.5,0.1,0.2,200.0,2.1076,2.1388,0.0556,0.8545,8.615,9.0
1000,0.0001,0.0,0.5,1.0,0.0,0.0,200.0,1.5806,1.6068,0.1031,0.5,6.605,7.0
1000,0.0001,0.0,0.5,1.0,0.0,0.01,200.0,1.5179,1.4896,0.09,0.4409,6.31,6.0
1000,0.0001,0.0,0.5,1.0,0.0,0.1,200.0,2.2139,2.2161,-0.0222,-0.8136,8.57,9.0
1000,0.0001,0.0,0.5,1.0,0.0,0.2,200.0,2.0377,2.0442,0.0564,0.8818,8.995,9.0
1000,0.0001,0.0,0.5,1.0,0.01,0.0,200.0,1.5818,1.5847,0.0204,0.3273,6.495,6.5
1000,0.0001,0.0,0.5,1.0,0.01,0.01,200.0,1.5786,1.5732,0.217,0.65,6.515,6.0
1000,0.0001,0.0,0.5,1.0,0.01,0.1,200.0,2.2071,2.2063,-0.0134,-0.8136,8.69,9.0
1000,0.0001,0.0,0.5,1.0,0.01,0.2,200.0,2.0572,2.0614,0.0472,0.8727,8.86,9.0
1000,0.0001,0.0,0.5,1.0,0.1,0.0,200.0,1.5186,1.4347,0.0422,0.3591,6.44,6.0
1000,0.0001,0.0,0.5,1.0,0.1,0.01,200.0,1.6475,1.706,0.1001,0.5318,6.55,7.0
1000,0.0001,0.0,0.5,1.0,0.1,0.1,200.0,2.2081,2.2239,-0.0266,-0.8045,8.65,9.0
1000,0.0001,0.0,0.5,1.0,0.1,0.2,200.0,2.0823,2.0914,0.0539,0.8045,8.75,9.0
1000,0.0001,0.01,0.01,0.0,0.0,0.0,200.0,2.0336,1.7851,0.0531,-0.0636,5.235,5.0
1000,0.0001,0.01,0.01,0.0,0.0,0.01,200.0,1.6072,1.5023,0.0236,-0.2045,5.05,5.0
1000,0.0001,0.01,0.01,0.0,0.0,0.1,200.0,1.5934,1.4218,0.0881,0.4182,6.005,6.0
1000,0.0001,0.01,0.01,0.0,0.0,0.2,200.0,1.9547,1.9277,-0.0729,-0.5909,6.23,6.0
1000,0.0001,0.01,0.01,0.0,0.01,0.0,200.0,2.0701,1.795,0.0646,0.1136,5.32,5.0
1000,0.0001,0.01,0.01,0.0,0.01,0.01,200.0,1.5957,1.4823,0.0593,-0.0182,5.06,5.0
1000,0.0001,0.01,0.01,0.0,0.01,0.1,200.0,1.6335,1.5176,0.0239,-0.0909,5.825,6.0
1000,0.0001,0.01,0.01,0.0,0.01,0.2,200.0,1.9844,1.9989,-0.0751,-0.5455,6.05,6.0
1000,0.0001,0.01,0.01,0.0,0.1,0.0,200.0,2.2044,1.8402,0.0983,0.1545,5.205,5.0
1000,0.0001,0.01,0.01,0.0,0.1,0.01,200.0,1.5878,1.5023,0.0755,0.0136,5.08,5.0
1000,0.0001,0.01,0.01,0.0,0.1,0.1,200.0,1.5996,1.4956,-0.0055,-0.3636,5.945,6.0
1000,0.0001,0.01,0.01,0.0,0.1,0.2,200.0,1.9297,2.0327,-0.0716,-0.5909,6.1,6.0
1000,0.0001,0.01,0.01,0.1,0.0,0.0,200.0,1.7366,1.5753,0.0587,-0.0864,5.215,5.0
1000,0.0001,0.01,0.01,0.1,0.0,0.01,200.0,1.5293,1.5317,-0.0429,-0.4864,5.385,5.0
1000,0.0001,0.01,0.01,0.1,0.0,0.1,200.0,1.7307,1.7868,-0.0505,-0.5045,5.99,6.0
1000,0.0001,0.01,0.01,0.1,0.0,0.2,200.0,1.8602,1.9207,-0.0874,-0.5909,6.315,6.0
1000,0.0001,0.01,0.01,0.1,0.01,0.0,200.0,1.7606,1.6236,0.1226,0.2455,5.145,5.0
1000,0.0001,0.01,0.01,0.1,0.01,0.01,200.0,1.5695,1.5442,-0.0452,-0.5,5.285,5.0
1000,0.0001,0.01,0.01,0.1,0.01,0.1,200.0,1.7726,1.8109,-0.077,-0.5273,6.14,6.0
1000,0.0001,0.01,0.01,0.1,0.01,0.2,200.0,1.833,1.8864,-0.0885,-0.5955,6.31,6.0
1000,0.0001,0.01,0.01,0.1,0.1,0.0,200.0,1.7726,1.636,0.0438,-0.0455,5.215,5.0
1000,0.0001,0.01,0.01,0.1,0.1,0.01,200.0,1.5412,1.4891,-0.0261,-0.4545,5.185,5.0
1000,0.0001,0.01,0.01,0.1,0.1,0.1,200.0,1.761,1.7623,0.0066,-0.2818,6.215,6.0
1000,0.0001,0.01,0.01,0.1,0.1,0.2,200.0,1.6769,1.6695,-0.0868,-0.5727,6.18,6.0
1000,0.0001,0.01,0.01,0.5,0.0,0.0,200.0,1.785,1.7537,0.0065,-0.2045,5.365,5.0
1000,0.0001,0.01,0.01,0.5,0.0,0.01,200.0,1.5141,1.4408,0.0597,0.05,5.355,5.0
1000,0.0001,0.01,0.01,0.5,0.0,0.1,200.0,1.5436,1.5017,0.0541,0.1091,6.1,6.0
1000,0.0001,0.01,0.01,0.5,0.0,0.2,200.0,1.8289,1.8596,0.0328,-0.0818,6.245,6.0
1000,0.0001,0.01,0.01,0.5,0.01,0.0,200.0,1.6852,1.5663,0.0855,0.1818,5.23,5.0
1000,0.0001,0.01,0.01,0.5,0.01,0.01,200.0,1.5657,1.5595,0.0906,0.1409,5.52,5.0
1000,0.0001,0.01,0.01,0.5,0.01,0.1,200.0,1.5668,1.5036,0.0262,-0.4,6.085,6.0
1000,0.0001,0.01,0.01,0.5,0.01,0.2,200.0,1.8525,1.9236,-0.2423,-0.7227,6.255,6.0
1000,0.0001,0.01,0.01,0.5,0.1,0.0,200.0,1.8494,1.7465,0.0149,-0.1818,5.55,6.0
1000,0.0001,0.01,0.01,0.5,0.1,0.01,200.0,1.4513,1.333,-0.0467,-0.4591,5.19,5.0
1000,0.0001,0.01,0.01,0.5,0.1,0.1,200.0,1.5485,1.5295,0.0189,-0.2409,5.95,6.0
1000,0.0001,0.01,0.01,0.5,0.1,0.2,200.0,1.7345,1.6732,-0.0678,-0.5091,6.315,6.0
1000,0.0001,0.01,0.01,1.0,0.0,0.0,200.0,1.696,1.5467,-0.0205,-0.0773,5.275,5.0
1000,0.0001,0.01,0.01,1.0,0.0,0.01,200.0,1.5518,1.4369,-0.0504,-0.4864,5.485,5.0
1000,0.0001,0.01,0.01,1.0,0.0,0.1,200.0,1.6365,1.6258,0.0957,0.5,5.935,6.0
1000,0.0001,0.01,0.01,1.0,0.0,0.2,200.0,1.7983,1.7271,0.0093,-0.3636,6.465,7.0
1000,0.0001,0.01,0.01,1.0,0.01,0.0,200.0,1.7755,1.6296,-0.0499,-0.2364,5.405,5.0
1000,0.0001,0.01,0.01,1.0,0.01,0.01,200.0,1.5574,1.4869,0.0599,0.0773,5.515,5.5
1000,0.0001,0.01,0.01,1.0,0.01,0.1,200.0,1.6064,1.558,0.0636,0.2409,6.055,6.0
1000,0.0001,0.01,0.01,1.0,0.01,0.2,200.0,1.7678,1.6782,0.0342,-0.3136,6.445,6.0
1000,0.0001,0.01,0.01,1.0,0.1,0.0,200.0,1.6843,1.5951,0.0582,0.0591,5.225,5.0
1000,0.0001,0.01,0.01,1.0,0.1,0.01,200.0,1.5464,1.4842,0.0641,0.1409,5.47,5.0
1000,0.0001,0.01,0.01,1.0,0.1,0.1,200.0,1.6019,1.6062,0.0876,0.4136,6.0,6.0
1000,0.0001,0.01,0.01,1.0,0.1,0.2,200.0,1.735,1.6402,0.0373,-0.1045,6.335,6.0
1000,0.0001,0.01,0.1,0.0,0.0,0.0,200.0,1.5139,1.4913,0.0561,0.0136,5.325,5.0
1000,0.0001,0.01,0.1,0.0,0.0,0.01,200.0,1.5596,1.487,-0.0038,-0.2591,5.165,5.0
1000,0.0001,0.01,0.1,0.0,0.0,0.1,200.0,1.8631,1.9844,0.0644,0.3318,6.745,7.0
1000,0.0001,0.01,0.1,0.0,0.0,0.2,200.0,1.8654,1.9109,0.0398,0.2682,7.08,7.0
1000,0.0001,0.01,0.1,0.0,0.01,0.0,200.0,1.6682,1.6013,0.0563,0.1318,5.36,5.0
1000,0.0001,0.01,0.1,0.0,0.01,0.01,200.0,1.6091,1.5121,-0.0307,-0.3909,5.435,5.0
1000,0.0001,0.01,0.1,0.0,0.01,0.1,200.0,1.7201,1.777,0.1319,0.4909,6.465,6.0
1000,0.0001,0.01,0.1,0.0,0.01,0.2,200.0,1.9255,2.0068,-0.0693,-0.7,7.02,7.0
1000,0.0001,0.01,0.1,0.0,0.1,0.0,200.0,1.5182,1.4847,0.1355,0.4227,5.335,5.0
1000,0.0001,0.01,0.1,0.0,0.1,0.01,200.0,1.6116,1.5025,0.0193,-0.3636,5.215,5.0
1000,0.0001,0.01,0.1,0.0,0.1,0.1,200.0,1.7459,1.8394,0.0511,0.3182,6.375,6.0
1000,0.0001,0.01,0.1,0.0,0.1,0.2,200.0,1.9072,1.9995,0.0167,-0.0182,6.96,7.0
1000,0.0001,0.01,0.1,0.1,0.0,0.0,200.0,1.5613,1.5015,0.0715,0.1182,5.305,5.0
1000,0.0001,0.01,0.1,0.1,0.0,0.01,200.0,1.6511,1.5295,-0.0339,-0.4455,5.52,5.0
1000,0.0001,0.01,0.1,0.1,0.0,0.1,200.0,1.7859,1.8537,0.046,0.2636,6.845,7.0
1000,0.0001,0.01,0.1,0.1,0.0,0.2,200.0,1.7882,1.8831,0.0448,0.1545,7.005,7.0
1000,0.0001,0.01,0.1,0.1,0.01,0.0,200.0,1.5818,1.555,0.067,0.1545,5.465,5.0
1000,0.0001,0.01,0.1,0.1,0.01,0.01,200.0,1.6578,1.5561,-0.0735,-0.5273,5.26,5.0
1000,0.0001,0.01,0.1,0.1,0.01,0.1,200.0,1.7246,1.8695,0.0535,0.25,6.595,7.0
1000,0.0001,0.01,0.1,0.1,0.01,0.2,200.0,1.8697,2.0234,0.0309,0.2818,6.91,7.0
1000,0.0001,0.01,0.1,0.1,0.1,0.0,200.0,1.6874,1.6002,0.0398,0.0091,5.455,5.0
1000,0.0001,0.01,0.1,0.1,0.1,0.01,200.0,1.6748,1.6609,0.0201,-0.0409,5.43,5.0
1000,0.0001,0.01,0.1,0.1,0.1,0.1,200.0,1.8277,2.0156,-0.0959,-0.6409,6.69,7.0
1000,0.0001,0.01,0.1,0.1,0.1,0.2,200.0,1.8183,1.8822,0.0258,-0.1045,6.965,7.0
1000,0.0001,0.01,0.1,0.5,0.0,0.0,200.0,1.5162,1.4903,0.1449,0.4364,5.55,6.0
1000,0.0001,0.01,0.1,0.5,0.0,0.01,200.0,1.5558,1.4179,-0.0403,-0.3636,5.36,5.0
1000,0.0001,0.01,0.1,0.5,0.0,0.1,200.0,1.8651,1.9713,0.0541,0.2955,6.785,7.0
1000,0.0001,0.01,0.1,0.5,0.0,0.2,200.0,1.9038,1.9835,0.031,0.1682,7.185,7.0
1000,0.0001,0.01,0.1,0.5,0.01,0.0,200.0,1.4913,1.4304,0.0787,0.2636,5.24,5.0
1000,0.0001,0.01,0.1,0.5,0.01,0.01,200.0,1.5203,1.3742,0.0038,-0.1864,5.35,5.0
1000,0.0001,0.01,0.1,0.5,0.01,0.1,200.0,1.8306,1.9806,0.0928,0.3773,6.64,7.0
1000,0.0001,0.01,0.1,0.5,0.01,0.2,200.0,1.947,2.0375,0.0056,-0.2636,6.945,7.0
1000,0.0001,0.01,0.1,0.5,0.1,0.0,200.0,1.533,1.4854,0.0405,0.0545,5.325,5.0
1000,0.0001,0.01,0.1,0.5,0.1,0.01,200.0,1.6379,1.583,-0.0465,-0.4727,5.43,5.0
1000,0.0001,0.01,0.1,0.5,0.1,0.1,200.0,1.8051,1.9623,0.0078,-0.2227,6.565,7.0
1000,0.0001,0.01,0.1,0.5,0.1,0.2,200.0,1.8876,1.9598,0.066,0.4864,7.11,7.0
1000,0.0001,0.01,0.1,1.0,0.0,0.0,200.0,1.556,1.4898,0.0702,0.0818,5.475,5.0
1000,0.0001,0.01,0.1,1.0,0.0,0.01,200.0,1.5689,1.5514,0.0845,0.1136,5.585,6.0
1000,0.0001,0.01,0.1,1.0,0.0,0.1,200.0,1.877,1.9293,0.0603,0.3955,6.84,7.0
1000,0.0001,0.01,0.1,1.0,0.0,0.2,200.0,1.8365,1.8824,0.0265,-0.2,7.095,7.0
1000,0.0001,0.01,0.1,1.0,0.01,0.0,200.0,1.6105,1.5632,0.0677,0.2636,5.57,6.0
1000,0.0001,0.01,0.1,1.0,0.01,0.01,200.0,1.6569,1.5425,0.0037,-0.2182,5.76,6.0
1000,0.0001,0.01,0.1,1.0,0.01,0.1,200.0,1.7632,1.7913,0.0127,-0.3727,6.875,7.0
1000,0.0001,0.01,0.1,1.0,0.01,0.2,200.0,1.9299,2.0162,-0.0556,-0.6773,7.24,7.0
1000,0.0001,0.01,0.1,1.0,0.1,0.0,200.0,1.5229,1.4379,0.0386,-0.05,5.405,5.0
1000,0.0001,0.01,0.1,1.0,0.1,0.01,200.0,1.5451,1.4303,-0.0266,-0.4818,5.595,6.0
1000,0.0001,0.01,0.1,1.0,0.1,0.1,200.0,1.7482,1.8563,-0.0236,-0.4227,6.74,7.0
1000,0.0001,0.01,0.1,1.0,0.1,0.2,200.0,1.7825,1.8822,0.0667,0.5091,7.055,7.0
1000,0.0001,0.01,0.5,0.0,0.0,0.0,200.0,1.5505,1.4915,0.0722,0.1136,5.995,6.0
1000,0.0001,0.01,0.5,0.0,0.0,0.01,200.0,1.6429,1.6396,0.0864,0.2818,6.05,6.0
1000,0.0001,0.01,0.5,0.0,0.0,0.1,200.0,2.0134,2.1379,0.1234,0.7682,7.42,7.0
1000,0.0001,0.01,0.5,0.0,0.0,0.2,200.0,2.0442,2.0875,0.0235,0.15,8.175,8.0
1000,0.0001,0.01,0.5,0.0,0.01,0.0,200.0,1.6203,1.585,0.0562,0.25,6.04,6.0
1000,0.0001,0.01,0.5,0.0,0.01,0.01,200.0,1.6418,1.5798,0.0908,0.3045,6.165,6.0
1000,0.0001,0.01,0.5,0.0,0.01,0.1,200.0,2.0229,2.1101,0.1091,0.7273,7.485,7.0
1000,0.0001,0.01,0.5,0.0,0.01,0.2,200.0,2.0286,2.0714,0.0256,0.6682,8.06,8.0
1000,0.0001,0.01,0.5,0.0,0.1,0.0,200.0,1.5285,1.4811,0.099,0.25,6.08,6.0
1000,0.0001,0.01,0.5,0.0,0.1,0.01,200.0,1.734,1.7789,0.0853,0.25,6.14,6.0
1000,0.0001,0.01,0.5,0.0,0.1,0.1,200.0,2.059,2.14,0.0831,0.6591,7.47,8.0
1000,0.0001,0.01,0.5,0.0,0.1,0.2,200.0,2.0454,2.0624,0.0989,0.9045,8.025,8.0
1000,0.0001,0.01,0.5,0.1,0.0,0.0,200.0,1.7084,1.7561,0.0659,0.3318,6.015,6.0
1000,0.0001,0.01,0.5,0.1,0.0,0.01,200.0,1.6475,1.5617,0.0436,0.1091,5.965,6.0
1000,0.0001,0.01,0.5,0.1,0.0,0.1,200.0,2.0594,2.1519,0.1008,0.7727,7.325,7.0
1000,0.0001,0.01,0.5,0.1,0.0,0.2,200.0,2.0621,2.1345,0.0506,0.8591,8.15,8.0
1000,0.0001,0.01,0.5,0.1,0.01,0.0,200.0,1.5453,1.402,0.1398,0.3545,5.88,6.0
1000,0.0001,0.01,0.5,0.1,0.01,0.01,200.0,1.548,1.4744,0.0552,0.0364,5.935,6.0
1000,0.0001,0.01,0.5,0.1,0.01,0.1,200.0,2.0249,2.166,0.0659,0.6636,7.555,8.0
1000,0.0001,0.01,0.5,0.1,0.01,0.2,200.0,2.052,2.1246,0.0611,0.9091,8.11,8.0
1000,0.0001,0.01,0.5,0.1,0.1,0.0,200.0,1.5136,1.427,0.1289,0.3364,6.22,6.0
1000,0.0001,0.01,0.5,0.1,0.1,0.01,200.0,1.7996,1.7824,0.063,0.1864,6.115,6.0
1000,0.0001,0.01,0.5,0.1,0.1,0.1,200.0,2.0549,2.1658,0.0248,-0.0045,7.42,7.0
1000,0.0001,0.01,0.5,0.1,0.1,0.2,200.0,2.065,2.1055,0.0606,0.8227,8.04,8.0
1000,0.0001,0.01,0.5,0.5,0.0,0.0,200.0,1.6077,1.5303,0.0564,0.1091,5.97,6.0
1000,0.0001,0.01,0.5,0.5,0.0,0.01,200.0,1.6762,1.6099,0.0839,0.1136,6.025,6.0
1000,0.0001,0.01,0.5,0.5,0.0,0.1,200.0,2.0403,2.1367,0.0777,0.6591,7.33,7.0
1000,0.0001,0.01,0.5,0.5,0.0,0.2,200.0,2.082,2.1151,0.078,0.9136,8.0,8.0
1000,0.0001,0.01,0.5,0.5,0.01,0.0,200.0,1.5555,1.4946,0.105,0.2409,5.725,6.0
1000,0.0001,0.01,0.5,0.5,0.01,0.01,200.0,1.6503,1.4974,0.0388,0.0682,6.19,6.0
1000,0.0001,0.01,0.5,0.5,0.01,0.1,200.0,2.002,2.1108,0.0772,0.7045,7.715,8.0
1000,0.0001,0.01,0.5,0.5,0.01,0.2,200.0,2.0763,2.0742,0.047,0.7273,7.935,8.0
1000,0.0001,0.01,0.5,0.5,0.1,0.0,200.0,1.5745,1.5137,0.098,0.3136,5.935,6.0
1000,0.0001,0.01,0.5,0.5,0.1,0.01,200.0,1.7871,1.5858,-0.0121,-0.1364,6.35,6.0
1000,0.0001,0.01,0.5,0.5,0.1,0.1,200.0,2.0276,2.0984,0.0195,0.2091,7.76,8.0
1000,0.0001,0.01,0.5,0.5,0.1,0.2,200.0,2.0495,2.0804,0.0796,0.9136,7.75,8.0
1000,0.0001,0.01,0.5,1.0,0.0,0.0,200.0,1.6859,1.6146,0.0868,0.2136,5.91,6.0
1000,0.0001,0.01,0.5,1.0,0.0,0.01,200.0,1.8194,1.8412,0.0377,-0.0045,6.29,6.0
1000,0.0001,0.01,0.5,1.0,0.0,0.1,200.0,1.9465,2.0356,0.0805,0.6682,7.65,8.0
1000,0.0001,0.01,0.5,1.0,0.0,0.2,200.0,2.0518,2.091,0.0531,0.8682,7.945,8.0
1000,0.0001,0.01,0.5,1.0,0.01,0.0,200.0,1.6581,1.6317,0.0475,0.1091,6.075,6.0
1000,0.0001,0.01,0.5,1.0,0.01,0.01,200.0,1.63,1.5255,-0.0076,-0.0864,5.87,6.0
1000,0.0001,0.01,0.5,1.0,0.01,0.1,200.0,1.9882,2.09,0.0387,0.5864,7.785,8.0
1000,0.0001,0.01,0.5,1.0,0.01,0.2,200.0,2.0086,2.0583,0.0661,0.9273,8.335,8.0
1000,0.0001,0.01,0.5,1.0,0.1,0.0,200.0,1.5596,1.4895,0.0569,0.1182,6.075,6.0
1000,0.0001,0.01,0.5,1.0,0.1,0.01,200.0,1.6975,1.5474,0.0356,0.0318,6.03,6.0
1000,0.0001,0.01,0.5,1.0,0.1,0.1,200.0,2.0206,2.1111,0.0284,0.6,7.835,8.0
1000,0.0001,0.01,0.5,1.0,0.1,0.2,200.0,2.0279,2.0007,0.0659,0.9,8.245,8.0
1000,0.0001,0.1,0.01,0.0,0.0,0.0,200.0,1.7245,1.5698,0.06,0.15,5.505,5.0
1000,0.0001,0.1,0.01,0.0,0.0,0.01,200.0,1.6982,1.5975,0.0778,0.1955,5.715,6.0
1000,0.0001,0.1,0.01,0.0,0.0,0.1,200.0,1.3634,1.1798,0.0878,0.1273,5.495,6.0
1000,0.0001,0.1,0.01,0.0,0.0,0.2,200.0,1.6057,1.5671,-0.0545,-0.5909,5.45,5.0
1000,0.0001,0.1,0.01,0.0,0.01,0.0,200.0,1.8283,1.6852,0.0655,0.2455,5.665,6.0
1000,0.0001,0.1,0.01,0.0,0.01,0.01,200.0,1.7131,1.6089,0.0836,0.1545,5.635,6.0
1000,0.0001,0.1,0.01,0.0,0.01,0.1,200.0,1.4753,1.3623,0.0507,-0.0091,5.34,5.0
1000,0.0001,0.1,0.01,0.0,0.01,0.2,200.0,1.5045,1.4208,-0.0302,-0.5,5.47,5.0
1000,0.0001,0.1,0.01,0.0,0.1,0.0,200.0,1.7974,1.6473,0.0234,-0.0545,5.845,6.0
1000,0.0001,0.1,0.01,0.0,0.1,0.01,200.0,1.6546,1.5275,0.0685,0.0045,5.67,6.0
1000,0.0001,0.1,0.01,0.0,0.1,0.1,200.0,1.3922,1.2739,0.0984,0.1227,5.355,5.0
1000,0.0001,0.1,0.01,0.0,0.1,0.2,200.0,1.5769,1.4898,-0.06,-0.5455,5.605,6.0
1000,0.0001,0.1,0.01,0.1,0.0,0.0,200.0,1.8747,1.7021,0.038,0.0,5.84,6.0
1000,0.0001,0.1,0.01,0.1,0.0,0.01,200.0,1.559,1.4786,0.1275,0.4,5.545,6.0
1000,0.0001,0.1,0.01,0.1,0.0,0.1,200.0,1.3496,1.2305,0.0993,0.2136,5.59,6.0
1000,0.0001,0.1,0.01,0.1,0.0,0.2,200.0,1.606,1.4652,-0.0675,-0.4182,5.725,6.0
1000,0.0001,0.1,0.01,0.1,0.01,0.0,200.0,1.7422,1.573,0.0305,-0.0273,5.84,6.0
1000,0.0001,0.1,0.01,0.1,0.01,0.01,200.0,1.6135,1.4533,0.1267,0.3273,5.73,6.0
1000,0.0001,0.1,0.01,0.1,0.01,0.1,200.0,1.3515,1.2446,0.1199,0.2591,5.475,5.0
1000,0.0001,0.1,0.01,0.1,0.01,0.2,200.0,1.6273,1.4948,-0.014,-0.2227,5.645,6.0
1000,0.0001,0.1,0.01,0.1,0.1,0.0,200.0,1.775,1.6376,0.0492,0.1091,5.76,6.0
1000,0.0001,0.1,0.01,0.1,0.1,0.01,200.0,1.6583,1.6203,0.1638,0.4682,5.54,5.0
1000,0.0001,0.1,0.01,0.1,0.1,0.1,200.0,1.3708,1.2219,0.0282,-0.0909,5.6,6.0
1000,0.0001,0.1,0.01,0.1,0.1,0.2,200.0,1.6611,1.5082,-0.0285,-0.3227,5.69,5.5
1000,0.0001,0.1,0.01,0.5,0.0,0.0,200.0,2.4574,2.423,0.058,0.0682,6.16,6.0
1000,0.0001,0.1,0.01,0.5,0.0,0.01,200.0,2.0569,1.9316,0.0573,-0.0091,5.935,6.0
1000,0.0001,0.1,0.01,0.5,0.0,0.1,200.0,1.3423,1.1105,0.0934,0.1864,5.54,6.0
1000,0.0001,0.1,0.01,0.5,0.0,0.2,200.0,1.751,1.8823,0.0043,-0.2364,5.82,6.0
1000,0.0001,0.1,0.01,0.5,0.01,0.0,200.0,2.5877,2.4803,0.03,0.0545,6.015,6.0
1000,0.0001,0.1,0.01,0.5,0.01,0.01,200.0,2.1342,1.9491,0.0445,-0.0182,5.96,6.0
1000,0.0001,0.1,0.01,0.5,0.01,0.1,200.0,1.3629,1.1491,0.0312,-0.1682,5.495,5.0
1000,0.0001,0.1,0.01,0.5,0.01,0.2,200.0,1.5068,1.4754,-0.0016,-0.1136,5.725,6.0
1000,0.0001,0.1,0.01,0.5,0.1,0.0,200.0,2.4952,2.4329,0.0754,0.2364,6.17,6.0
1000,0.0001,0.1,0.01,0.5,0.1,0.01,200.0,2.1238,2.0644,0.0272,0.0727,5.845,6.0
1000,0.0001,0.1,0.01,0.5,0.1,0.1,200.0,1.3294,1.128,0.1195,0.35,5.585,6.0
1000,0.0001,0.1,0.01,0.5,0.1,0.2,200.0,1.567,1.5094,-0.0167,-0.1682,5.545,5.0
1000,0.0001,0.1,0.01,1.0,0.0,0.0,200.0,2.4563,2.392,0.0952,0.2273,6.14,6.0
1000,0.0001,0.1,0.01,1.0,0.0,0.01,200.0,2.053,2.0029,0.0806,0.1682,5.78,6.0
1000,0.0001,0.1,0.01,1.0,0.0,0.1,200.0,1.3916,1.1969,0.0767,0.0545,5.73,6.0
1000,0.0001,0.1,0.01,1.0,0.0,0.2,200.0,1.5953,1.7068,-0.0424,-0.2409,5.655,6.0
1000,0.0001,0.1,0.01,1.0,0.01,0.0,200.0,2.591,2.4652,0.0966,0.1818,6.215,6.0
1000,0.0001,0.1,0.01,1.0,0.01,0.01,200.0,2.0956,2.0279,0.1235,0.25,5.87,6.0
1000,0.0001,0.1,0.01,1.0,0.01,0.1,200.0,1.4028,1.2054,0.1041,0.3091,5.725,6.0
1000,0.0001,0.1,0.01,1.0,0.01,0.2,200.0,1.5763,1.7464,-0.0447,-0.4091,5.91,6.0
1000,0.0001,0.1,0.01,1.0,0.1,0.0,200.0,2.4835,2.2623,0.0951,0.1545,6.2,6.0
1000,0.0001,0.1,0.01,1.0,0.1,0.01,200.0,2.2067,2.1454,0.0853,0.1091,5.895,6.0
1000,0.0001,0.1,0.01,1.0,0.1,0.1,200.0,1.393,1.2293,0.0588,0.0227,5.63,5.0
1000,0.0001,0.1,0.01,1.0,0.1,0.2,200.0,1.6543,1.8007,-0.0095,-0.2182,5.785,6.0
1000,0.0001,0.1,0.1,0.0,0.0,0.0,200.0,1.6848,1.6036,0.114,0.2364,5.92,6.0
1000,0.0001,0.1,0.1,0.0,0.0,0.01,200.0,1.5672,1.4903,0.1189,0.3318,5.66,6.0
1000,0.0001,0.1,0.1,0.0,0.0,0.1,200.0,1.307,1.2068,0.0678,0.3045,6.02,6.0
1000,0.0001,0.1,0.1,0.0,0.0,0.2,200.0,1.5732,1.5814,0.0838,0.3818,6.32,6.0
1000,0.0001,0.1,0.1,0.0,0.01,0.0,200.0,1.6649,1.6037,-0.001,-0.0455,5.79,6.0
1000,0.0001,0.1,0.1,0.0,0.01,0.01,200.0,1.6197,1.5256,0.1145,0.35,5.815,6.0
1000,0.0001,0.1,0.1,0.0,0.01,0.1,200.0,1.3106,1.1668,0.0646,0.1727,5.915,6.0
1000,0.0001,0.1,0.1,0.0,0.01,0.2,200.0,1.5068,1.4369,0.0364,0.2545,6.04,6.0
1000,0.0001,0.1,0.1,0.0,0.1,0.0,200.0,1.6776,1.5147,0.0465,0.0636,5.87,6.0
1000,0.0001,0.1,0.1,0.0,0.1,0.01,200.0,1.532,1.5157,0.0471,0.1045,5.76,6.0
1000,0.0001,0.1,0.1,0.0,0.1,0.1,200.0,1.3526,1.2136,0.0353,0.0545,6.07,6.0
1000,0.0001,0.1,0.1,0.0,0.1,0.2,200.0,1.5132,1.4519,0.0695,0.4818,6.055,6.0
1000,0.0001,0.1,0.1,0.1,0.0,0.0,200.0,1.6545,1.5468,0.09,0.1,5.82,6.0
1000,0.0001,0.1,0.1,0.1,0.0,0.01,200.0,1.5564,1.4396,0.1142,0.2636,5.7,6.0
1000,0.0001,0.1,0.1,0.1,0.0,0.1,200.0,1.3487,1.2542,0.0483,0.1727,5.67,6.0
1000,0.0001,0.1,0.1,0.1,0.0,0.2,200.0,1.4345,1.4463,-0.0072,-0.3727,6.02,6.0
1000,0.0001,0.1,0.1,0.1,0.01,0.0,200.0,1.7022,1.5905,0.0647,0.0864,5.855,6.0
1000,0.0001,0.1,0.1,0.1,0.01,0.01,200.0,1.6287,1.5781,0.0661,0.15,5.72,6.0
1000,0.0001,0.1,0.1,0.1,0.01,0.1,200.0,1.3131,1.2212,0.0963,0.4091,5.845,6.0
1000,0.0001,0.1,0.1,0.1,0.01,0.2,200.0,1.5672,1.5649,0.0399,0.3545,6.075,6.0
1000,0.0001,0.1,0.1,0.1,0.1,0.0,200.0,1.7684,1.6054,0.1201,0.3045,5.9,6.0
1000,0.0001,0.1,0.1,0.1,0.1,0.01,200.0,1.6292,1.5725,0.0787,0.2136,5.82,6.0
1000,0.0001,0.1,0.1,0.1,0.1,0.1,200.0,1.388,1.2327,0.0678,0.2455,5.945,6.0
1000,0.0001,0.1,0.1,0.1,0.1,0.2,200.0,1.6295,1.6817,0.0166,0.1409,6.115,6.0
1000,0.0001,0.1,0.1,0.5,0.0,0.0,200.0,1.898,1.8293,0.036,-0.0591,5.88,6.0
1000,0.0001,0.1,0.1,0.5,0.0,0.01,200.0,1.7242,1.6224,0.0402,-0.0091,6.015,6.0
1000,0.0001,0.1,0.1,0.5,0.0,0.1,200.0,1.3109,1.113,0.0207,-0.0455,5.905,6.0
1000,0.0001,0.1,0.1,0.5,0.0,0.2,200.0,1.4996,1.3589,0.0837,0.4182,6.155,6.0
1000,0.0001,0.1,0.1,0.5,0.01,0.0,200.0,1.858,1.868,0.0231,-0.0455,5.97,6.0
1000,0.0001,0.1,0.1,0.5,0.01,0.01,200.0,1.7172,1.6934,0.1252,0.3727,6.01,6.0
1000,0.0001,0.1,0.1,0.5,0.01,0.1,200.0,1.3986,1.2657,0.0317,0.1909,6.005,6.0
1000,0.0001,0.1,0.1,0.5,0.01,0.2,200.0,1.5748,1.5821,0.0535,0.2136,6.35,6.0
1000,0.0001,0.1,0.1,0.5,0.1,0.0,200.0,1.9075,1.7614,0.0783,0.1045,5.975,6.0
1000,0.0001,0.1,0.1,0.5,0.1,0.01,200.0,1.7884,1.6342,0.0323,-0.0682,6.025,6.0
1000,0.0001,0.1,0.1,0.5,0.1,0.1,200.0,1.3434,1.2486,0.0135,0.1182,5.99,6.0
1000,0.0001,0.1,0.1,0.5,0.1,0.2,200.0,1.4591,1.2691,0.1383,0.4955,6.36,6.0
1000,0.0001,0.1,0.1,1.0,0.0,0.0,200.0,1.8722,1.7736,0.0725,0.2227,6.045,6.0
1000,0.0001,0.1,0.1,1.0,0.0,0.01,200.0,1.7722,1.6353,0.045,0.1227,5.96,6.0
1000,0.0001,0.1,0.1,1.0,0.0,0.1,200.0,1.318,1.2161,0.1312,0.4136,5.705,6.0
1000,0.0001,0.1,0.1,1.0,0.0,0.2,200.0,1.5476,1.5552,0.1313,0.5045,6.105,6.0
1000,0.0001,0.1,0.1,1.0,0.01,0.0,200.0,1.8231,1.7772,0.0863,0.3045,5.94,6.0
1000,0.0001,0.1,0.1,1.0,0.01,0.01,200.0,1.7463,1.5079,0.0509,0.0636,5.865,6.0
1000,0.0001,0.1,0.1,1.0,0.01,0.1,200.0,1.3636,1.2506,0.1455,0.5,5.745,6.0
1000,0.0001,0.1,0.1,1.0,0.01,0.2,200.0,1.6926,1.8185,0.1037,0.4818,6.165,6.0
1000,0.0001,0.1,0.1,1.0,0.1,0.0,200.0,1.9502,1.9063,0.0731,0.1455,5.98,6.0
1000,0.0001,0.1,0.1,1.0,0.1,0.01,200.0,1.8216,1.7845,0.0246,0.0545,5.915,6.0
1000,0.0001,0.1,0.1,1.0,0.1,0.1,200.0,1.3605,1.2455,0.1114,0.5273,5.88,6.0
1000,0.0001,0.1,0.1,1.0,0.1,0.2,200.0,1.5363,1.4394,0.1345,0.5364,6.12,6.0
1000,0.0001,0.1,0.5,0.0,0.0,0.0,200.0,1.5865,1.513,0.1066,0.2773,5.91,6.0
1000,0.0001,0.1,0.5,0.0,0.0,0.01,200.0,1.5075,1.3977,0.0514,0.2273,5.91,6.0
1000,0.0001,0.1,0.5,0.0,0.0,0.1,200.0,1.5472,1.5016,0.0806,0.2773,6.405,6.0
1000,0.0001,0.1,0.5,0.0,0.0,0.2,200.0,1.8239,1.8728,0.1076,0.4545,6.825,7.0
1000,0.0001,0.1,0.5,0.0,0.01,0.0,200.0,1.6176,1.4377,0.0552,0.1182,5.955,6.0
1000,0.0001,0.1,0.5,0.0,0.01,0.01,200.0,1.5259,1.4152,0.129,0.3091,5.985,6.0
1000,0.0001,0.1,0.5,0.0,0.01,0.1,200.0,1.5844,1.4809,0.1394,0.3364,6.495,6.0
1000,0.0001,0.1,0.5,0.0,0.01,0.2,200.0,1.6878,1.6947,0.065,0.3182,6.775,7.0
1000,0.0001,0.1,0.5,0.0,0.1,0.0,200.0,1.5481,1.4796,0.0385,0.0955,6.1,6.0
1000,0.0001,0.1,0.5,0.0,0.1,0.01,200.0,1.6001,1.5166,0.0936,0.2455,6.3,6.0
1000,0.0001,0.1,0.5,0.0,0.1,0.1,200.0,1.5976,1.499,0.1426,0.4227,6.315,6.0
1000,0.0001,0.1,0.5,0.0,0.1,0.2,200.0,1.7756,1.8691,0.0999,0.3909,6.855,7.0
1000,0.0001,0.1,0.5,0.1,0.0,0.0,200.0,1.7178,1.5517,0.1316,0.2591,6.25,6.0
1000,0.0001,0.1,0.5,0.1,0.0,0.01,200.0,1.5555,1.3414,0.1015,0.2545,6.125,6.0
1000,0.0001,0.1,0.5,0.1,0.0,0.1,200.0,1.6019,1.5789,0.1484,0.4045,6.415,6.0
1000,0.0001,0.1,0.5,0.1,0.0,0.2,200.0,1.7879,1.878,0.0038,-0.0636,6.785,7.0
1000,0.0001,0.1,0.5,0.1,0.01,0.0,200.0,1.5885,1.4385,0.0458,0.0364,6.085,6.0
1000,0.0001,0.1,0.5,0.1,0.01,0.01,200.0,1.5566,1.4161,0.1336,0.3636,6.09,6.0
1000,0.0001,0.1,0.5,0.1,0.01,0.1,200.0,1.5806,1.5999,0.0796,0.2364,6.53,6.0
1000,0.0001,0.1,0.5,0.1,0.01,0.2,200.0,1.7355,1.8733,0.0642,0.3,6.545,7.0
1000,0.0001,0.1,0.5,0.1,0.1,0.0,200.0,1.6157,1.4809,0.1007,0.1818,5.945,6.0
1000,0.0001,0.1,0.5,0.1,0.1,0.01,200.0,1.4904,1.3393,0.0816,0.2136,5.94,6.0
1000,0.0001,0.1,0.5,0.1,0.1,0.1,200.0,1.556,1.5454,0.0671,0.1409,6.22,6.0
1000,0.0001,0.1,0.5,0.1,0.1,0.2,200.0,1.7026,1.83,0.0597,0.25,6.74,7.0
1000,0.0001,0.1,0.5,0.5,0.0,0.0,200.0,1.572,1.4531,0.0488,0.0818,5.935,6.0
1000,0.0001,0.1,0.5,0.5,0.0,0.01,200.0,1.5236,1.3916,0.1027,0.2545,5.92,6.0
1000,0.0001,0.1,0.5,0.5,0.0,0.1,200.0,1.5682,1.514,0.1183,0.4,6.64,7.0
1000,0.0001,0.1,0.5,0.5,0.0,0.2,200.0,1.744,1.7785,0.109,0.5318,6.85,7.0
1000,0.0001,0.1,0.5,0.5,0.01,0.0,200.0,1.6343,1.5638,0.0902,0.1909,5.97,6.0
1000,0.0001,0.1,0.5,0.5,0.01,0.01,200.0,1.6675,1.5377,0.0633,0.0227,6.18,6.0
1000,0.0001,0.1,0.5,0.5,0.01,0.1,200.0,1.619,1.5392,0.1354,0.3409,6.545,6.0
1000,0.0001,0.1,0.5,0.5,0.01,0.2,200.0,1.7057,1.6174,0.0858,0.4182,6.66,7.0
1000,0.0001,0.1,0.5,0.5,0.1,0.0,200.0,1.5994,1.4849,0.0717,0.1864,6.1,6.0
1000,0.0001,0.1,0.5,0.5,0.1,0.01,200.0,1.4852,1.4323,0.0719,0.1727,6.02,6.0
1000,0.0001,0.1,0.5,0.5,0.1,0.1,200.0,1.6329,1.6442,0.1053,0.2273,6.52,6.5
1000,0.0001,0.1,0.5,0.5,0.1,0.2,200.0,1.7662,1.8941,0.0679,0.3364,6.8,7.0
1000,0.0001,0.1,0.5,1.0,0.0,0.0,200.0,1.565,1.385,0.0944,0.2045,5.99,6.0
1000,0.0001,0.1,0.5,1.0,0.0,0.01,200.0,1.5228,1.3975,0.0753,0.1227,6.2,6.0
1000,0.0001,0.1,0.5,1.0,0.0,0.1,200.0,1.5177,1.4368,0.2302,0.5636,6.405,6.0
1000,0.0001,0.1,0.5,1.0,0.0,0.2,200.0,1.6705,1.682,0.0171,0.0409,6.73,7.0
1000,0.0001,0.1,0.5,1.0,0.01,0.0,200.0,1.5952,1.5202,0.0813,0.2091,6.115,6.0
1000,0.0001,0.1,0.5,1.0,0.01,0.01,200.0,1.5227,1.4553,0.1014,0.2545,6.055,6.0
1000,0.0001,0.1,0.5,1.0,0.01,0.1,200.0,1.6027,1.5031,0.2435,0.5773,6.54,6.0
1000,0.0001,0.1,0.5,1.0,0.01,0.2,200.0,1.6939,1.7401,0.0508,0.3,6.8,7.0
1000,0.0001,0.1,0.5,1.0,0.1,0.0,200.0,1.5903,1.4809,0.026,-0.0318,5.985,6.0
1000,0.0001,0.1,0.5,1.0,0.1,0.01,200.0,1.4963,1.3652,0.1305,0.3,6.15,6.0
1000,0.0001,0.1,0.5,1.0,0.1,0.1,200.0,1.5645,1.4803,0.1713,0.5273,6.51,6.0
1000,0.0001,0.1,0.5,1.0,0.1,0.2,200.0,1.6177,1.5684,0.1266,0.3773,6.785,7.0
2000,5e-05,0.0,0.01,0.0,0.0,0.0,200.0,4.1058,3.7717,0.0569,0.1273,7.14,7.0
2000,5e-05,0.0,0.01,0.0,0.0,0.01,200.0,3.3788,3.2539,-0.0823,-0.2227,6.92,7.0
2000,5e-05,0.0,0.01,0.0,0.0,0.1,200.0,1.9553,2.0163,-0.0469,-0.6409,7.265,7.0
2000,5e-05,0.0,0.01,0.0,0.0,0.2,200.0,1.8728,1.9494,0.027,0.4455,7.22,7.0
2000,5e-05,0.0,0.01,0.0,0.01,0.0,200.0,4.3614,4.0016,0.0282,0.0818,7.3,7.0
2000,5e-05,0.0,0.01,0.0,0.01,0.01,200.0,3.2708,3.1762,-0.0135,-0.0455,7.195,7.0
2000,5e-05,0.0,0.01,0.0,0.01,0.1,200.0,2.1141,2.1669,0.0342,-0.5,7.265,7.0
2000,5e-05,0.0,0.01,0.0,0.01,0.2,200.0,1.9798,1.9365,-0.1127,-0.5773,7.525,8.0
2000,5e-05,0.0,0.01,0.0,0.1,0.0,200.0,4.2354,3.9997,0.0095,0.0409,6.915,7.0
2000,5e-05,0.0,0.01,0.0,0.1,0.01,200.0,3.3457,3.1794,0.0114,-0.0682,7.19,7.0
2000,5e-05,0.0,0.01,0.0,0.1,0.1,200.0,2.0694,2.1663,0.0688,0.6773,7.19,7.0
2000,5e-05,0.0,0.01,0.0,0.1,0.2,200.0,2.1266,2.0887,-0.0457,-0.4818,7.735,8.0
2000,5e-05,0.0,0.01,0.1,0.0,0.0,200.0,4.3308,3.8763,0.0095,0.0318,6.95,7.0
2000,5e-05,0.0,0.01,0.1,0.0,0.01,200.0,3.0497,2.9964,-0.0865,-0.2091,6.81,7.0
2000,5e-05,0.0,0.01,0.1,0.0,0.1,200.0,1.9327,1.9526,-0.0151,-0.5591,7.515,8.0
2000,5e-05,0.0,0.01,0.1,0.0,0.2,200.0,2.0466,1.9888,-0.1146,-0.7909,7.575,8.0
2000,5e-05,0.0,0.01,0.1,0.01,0.0,200.0,4.2527,4.0087,0.0484,0.1455,7.085,7.0
2000,5e-05,0.0,0.01,0.1,0.01,0.01,200.0,2.7265,2.6033,-0.0015,-0.0409,6.535,6.0
2000,5e-05,0.0,0.01,0.1,0.01,0.1,200.0,2.0192,1.9989,-0.1487,-0.8091,7.775,8.0
2000,5e-05,0.0,0.01,0.1,0.01,0.2,200.0,1.8996,1.823,-0.02,-0.3318,7.495,7.0
2000,5e-05,0.0,0.01,0.1,0.1,0.0,200.0,4.3978,4.1371,0.0515,0.0955,6.99,7.0
2000,5e-05,0.0,0.01,0.1,0.1,0.01,200.0,3.0959,3.1389,-0.0591,-0.2364,6.7,7.0
2000,5e-05,0.0,0.01,0.1,0.1,0.1,200.0,2.0015,2.0469,-0.1979,-0.8636,7.68,8.0
2000,5e-05,0.0,0.01,0.1,0.1,0.2,200.0,1.9334,1.8722,-0.055,-0.4864,7.37,7.0
2000,5e-05,0.0,0.01,0.5,0.0,0.0,200.0,3.5651,3.1908,0.0432,0.0364,6.725,7.0
2000,5e-05,0.0,0.01,0.5,0.0,0.01,200.0,2.1117,2.0723,-0.0988,-0.3227,6.72,7.0
2000,5e-05,0.0,0.01,0.5,0.0,0.1,200.0,1.8466,1.8316,-0.0748,-0.65,7.745,8.0
2000,5e-05,0.0,0.01,0.5,0.0,0.2,200.0,1.814,1.8466,-0.0764,-0.7955,8.04,8.0
2000,5e-05,0.0,0.01,0.5,0.01,0.0,200.0,3.5116,3.2767,0.064,0.2182,6.8,7.0
2000,5e-05,0.0,0.01,0.5,0.01,0.01,200.0,2.1987,2.0487,0.0005,-0.0273,6.79,7.0
2000,5e-05,0.0,0.01,0.5,0.01,0.1,200.0,1.8912,1.9428,-0.0267,-0.5909,7.775,8.0
2000,5e-05,0.0,0.01,0.5,0.01,0.2,200.0,1.8532,1.8406,-0.0681,-0.7636,8.195,8.0
2000,5e-05,0.0,0.01,0.5,0.1,0.0,200.0,3.3901,3.2395,0.0049,-0.1136,6.56,7.0
2000,5e-05,0.0,0.01,0.5,0.1,0.01,200.0,1.9723,2.054,-0.0513,-0.2364,6.365,6.0
2000,5e-05,0.0,0.01,0.5,0.1,0.1,200.0,1.7943,1.7667,-0.0592,-0.7364,7.845,8.0
2000,5e-05,0.0,0.01,0.5,0.1,0.2,200.0,1.8075,1.8129,-0.0702,-0.8045,8.075,8.0
2000,5e-05,0.0,0.01,1.0,0.0,0.0,200.0,2.7768,2.6345,-0.0235,-0.1545,6.75,7.0
2000,5e-05,0.0,0.01,1.0,0.0,0.01,200.0,1.8264,1.8201,-0.024,-0.0136,6.72,7.0
2000,5e-05,0.0,0.01,1.0,0.0,0.1,200.0,1.812,1.816,-0.0816,-0.7227,7.61,8.0
2000,5e-05,0.0,0.01,1.0,0.0,0.2,200.0,1.8166,1.8257,-0.1499,-0.8045,8.01,8.0
2000,5e-05,0.0,0.01,1.0,0.01,0.0,200.0,2.6652,2.5246,0.0498,0.0409,6.52,6.0
2000,5e-05,0.0,0.01,1.0,0.01,0.01,200.0,1.9095,1.9328,0.0626,0.25,6.455,6.0
2000,5e-05,0.0,0.01,1.0,0.01,0.1,200.0,1.7488,1.6962,-0.1105,-0.8,7.65,8.0
2000,5e-05,0.0,0.01,1.0,0.01,0.2,200.0,1.778,1.7466,-0.1006,-0.6818,7.89,8.0
2000,5e-05,0.0,0.01,1.0,0.1,0.0,200.0,2.8608,2.6701,0.0073,-0.0182,6.585,7.0
2000,5e-05,0.0,0.01,1.0,0.1,0.01,200.0,1.7698,1.901,0.0637,0.2682,6.35,6.0
2000,5e-05,0.0,0.01,1.0,0.1,0.1,200.0,1.8003,1.8828,-0.0792,-0.6773,7.58,8.0
2000,5e-05,0.0,0.01,1.0,0.1,0.2,200.0,1.7449,1.6955,-0.0909,-0.7727,7.75,8.0
2000,5e-05,0.0,0.1,0.0,0.0,0.0,200.0,1.8017,1.7405,0.0351,-0.0318,5.85,6.0
2000,5e-05,0.0,0.1,0.0,0.0,0.01,200.0,1.7554,1.7604,0.0407,0.0045,6.0,6.0
2000,5e-05,0.0,0.1,0.0,0.0,0.1,200.0,1.9315,1.9389,0.005,-0.5591,7.605,8.0
2000,5e-05,0.0,0.1,0.0,0.0,0.2,200.0,1.9631,1.982,0.0447,0.5727,8.25,8.0
2000,5e-05,0.0,0.1,0.0,0.01,0.0,200.0,1.7412,1.7205,0.0522,-0.0091,5.88,6.0
2000,5e-05,0.0,0.1,0.0,0.01,0.01,200.0,1.6013,1.5321,0.0633,0.1091,6.17,6.0
2000,5e-05,0.0,0.1,0.0,0.01,0.1,200.0,1.9201,1.905,0.0175,0.0818,7.75,8.0
2000,5e-05,0.0,0.1,0.0,0.01,0.2,200.0,2.0868,2.1131,-0.0257,-0.5273,8.155,8.0
2000,5e-05,0.0,0.1,0.0,0.1,0.0,200.0,2.0263,1.9195,0.0025,-0.0636,6.085,6.0
2000,5e-05,0.0,0.1,0.0,0.1,0.01,200.0,1.6415,1.5793,0.0417,-0.0136,6.025,6.0
2000,5e-05,0.0,0.1,0.0,0.1,0.1,200.0,1.8754,1.9412,-0.0156,-0.5318,7.815,8.0
2000,5e-05,0.0,0.1,0.0,0.1,0.2,200.0,1.9642,1.9027,0.063,0.7227,8.16,8.0
2000,5e-05,0.0,0.1,0.1,0.0,0.0,200.0,1.9557,1.845,-0.0849,-0.3136,5.86,6.0
2000,5e-05,0.0,0.1,0.1,0.0,0.01,200.0,1.6782,1.6673,0.044,-0.0455,5.825,6.0
2000,5e-05,0.0,0.1,0.1,0.0,0.1,200.0,1.8666,1.8681,0.0296,0.2591,7.78,8.0
2000,5e-05,0.0,0.1,0.1,0.0,0.2,200.0,1.8132,1.7623,-0.0825,-0.7636,8.24,8.0
2000,5e-05,0.0,0.1,0.1,0.01,0.0,200.0,1.9837,1.897,0.0242,-0.0273,6.005,6.0
2000,5e-05,0.0,0.1,0.1,0.01,0.01,200.0,1.6641,1.613,0.0184,-0.0318,5.955,6.0
2000,5e-05,0.0,0.1,0.1,0.01,0.1,200.0,1.8711,1.8675,0.0187,-0.2091,7.74,8.0
2000,5e-05,0.0,0.1,0.1,0.01,0.2,200.0,1.8855,1.9332,-0.0123,-0.4818,8.25,8.0
2000,5e-05,0.0,0.1,0.1,0.1,0.0,200.0,2.0127,1.9309,0.0697,0.0955,6.125,6.0
2000,5e-05,0.0,0.1,0.1,0.1,0.01,200.0,1.5833,1.612,0.1318,0.3682,5.965,6.0
2000,5e-05,0.0,0.1,0.1,0.1,0.1,200.0,1.8135,1.8412,0.0154,-0.5364,7.805,8.0
2000,5e-05,0.0,0.1,0.1,0.1,0.2,200.0,2.0036,2.0112,-0.0818,-0.7818,8.16,8.0
2000,5e-05,0.0,0.1,0.5,0.0,0.0,200.0,1.9061,1.8394,-0.0202,-0.1773,5.89,6.0
2000,5e-05,0.0,0.1,0.5,0.0,0.01,200.0,1.5895,1.588,0.0349,0.0318,5.78,6.0
2000,5e-05,0.0,0.1,0.5,0.0,0.1,200.0,1.7792,1.8014,-0.0314,-0.6091,7.63,8.0
2000,5e-05,0.0,0.1,0.5,0.0,0.2,200.0,1.8892,1.8958,0.0065,-0.1909,8.33,8.0
2000,5e-05,0.0,0.1,0.5,0.01,0.0,200.0,1.8587,1.7902,0.0287,-0.0227,5.905,6.0
2000,5e-05,0.0,0.1,0.5,0.01,0.01,200.0,1.6681,1.6306,-0.0214,-0.3864,6.065,6.0
2000,5e-05,0.0,0.1,0.5,0.01,0.1,200.0,1.7704,1.7929,-0.0421,-0.6364,7.685,8.0
2000,5e-05,0.0,0.1,0.5,0.01,0.2,200.0,1.7858,1.8059,0.0155,-0.0318,8.045,8.0
2000,5e-05,0.0,0.1,0.5,0.1,0.0,200.0,1.7624,1.6522,0.0997,0.2909,5.74,6.0
2000,5e-05,0.0,0.1,0.5,0.1,0.01,200.0,1.6398,1.6528,0.041,0.0591,5.9,6.0
2000,5e-05,0.0,0.1,0.5,0.1,0.1,200.0,1.7999,1.7697,-0.018,-0.5409,7.74,8.0
2000,5e-05,0.0,0.1,0.5,0.1,0.2,200.0,1.9265,1.9718,0.0686,0.8909,8.08,8.0
2000,5e-05,0.0,0.1,1.0,0.0,0.0,200.0,1.6664,1.6478,-0.0004,-0.0636,5.835,6.0
2000,5e-05,0.0,0.1,1.0,0.0,0.01,200.0,1.5869,1.5164,0.0717,0.0773,5.69,6.0
2000,5e-05,0.0,0.1,1.0,0.0,0.1,200.0,1.8223,1.8631,-0.0477,-0.7409,7.98,8.0
2000,5e-05,0.0,0.1,1.0,0.0,0.2,200.0,1.9206,1.9725,0.0582,0.7545,8.345,8.0
2000,5e-05,0.0,0.1,1.0,0.01,0.0,200.0,1.6922,1.6465,-0.0506,-0.3273,5.63,6.0
2000,5e-05,0.0,0.1,1.0,0.01,0.01,200.0,1.5733,1.5229,0.0398,-0.1864,5.75,6.0
2000,5e-05,0.0,0.1,1.0,0.01,0.1,200.0,1.8455,1.8994,-0.0272,-0.6682,7.965,8.0
2000,5e-05,0.0,0.1,1.0,0.01,0.2,200.0,1.9165,1.8869,-0.0985,-0.8909,8.325,8.0
2000,5e-05,0.0,0.1,1.0,0.1,0.0,200.0,1.7006,1.6224,0.091,0.3545,5.705,6.0
2000,5e-05,0.0,0.1,1.0,0.1,0.01,200.0,1.665,1.7104,0.038,0.0227,5.78,6.0
2000,5e-05,0.0,0.1,1.0,0.1,0.1,200.0,1.8498,1.8841,-0.0308,-0.6818,7.83,8.0
2000,5e-05,0.0,0.1,1.0,0.1,0.2,200.0,1.8356,1.8052,0.0897,0.8682,8.21,8.0
2000,5e-05,0.0,0.5,0.0,0.0,0.0,200.0,1.365,1.3319,-0.0255,-0.3,6.105,6.0
2000,5e-05,0.0,0.5,0.0,0.0,0.01,200.0,1.5021,1.5437,-0.0236,-0.1864,6.315,6.0
2000,5e-05,0.0,0.5,0.0,0.0,0.1,200.0,2.1082,2.1667,0.0225,0.6818,8.125,8.0
2000,5e-05,0.0,0.5,0.0,0.0,0.2,200.0,1.982,2.0341,0.0295,0.6636,8.745,9.0
2000,5e-05,0.0,0.5,0.0,0.01,0.0,200.0,1.4876,1.5176,0.002,-0.2409,6.145,6.0
2000,5e-05,0.0,0.5,0.0,0.01,0.01,200.0,1.5413,1.5627,-0.0262,-0.2591,6.245,6.0
2000,5e-05,0.0,0.5,0.0,0.01,0.1,200.0,2.0971,2.1439,0.0155,0.6955,8.345,8.0
2000,5e-05,0.0,0.5,0.0,0.01,0.2,200.0,2.0021,2.0431,0.0457,0.8636,8.92,9.0
2000,5e-05,0.0,0.5,0.0,0.1,0.0,200.0,1.4668,1.4589,-0.0069,-0.2545,6.26,6.0
2000,5e-05,0.0,0.5,0.0,0.1,0.01,200.0,1.5492,1.561,-0.0065,-0.1455,6.275,6.0
2000,5e-05,0.0,0.5,0.0,0.1,0.1,200.0,2.1069,2.1263,0.0174,0.7136,8.4,8.5
2000,5e-05,0.0,0.5,0.0,0.1,0.2,200.0,2.0402,2.0437,0.0452,0.8682,9.08,9.0
2000,5e-05,0.0,0.5,0.1,0.0,0.0,200.0,1.4767,1.44,0.0035,-0.1682,6.18,6.0
2000,5e-05,0.0,0.5,0.1,0.0,0.01,200.0,1.457,1.4019,0.0678,0.2091,6.425,6.0
2000,5e-05,0.0,0.5,0.1,0.0,0.1,200.0,2.0662,2.0695,0.003,-0.7591,8.29,8.0
2000,5e-05,0.0,0.5,0.1,0.0,0.2,200.0,2.0023,2.0576,0.0246,0.8591,8.965,9.0
2000,5e-05,0.0,0.5,0.1,0.01,0.0,200.0,1.496,1.4903,0.0741,0.2773,6.265,6.0
2000,5e-05,0.0,0.5,0.1,0.01,0.01,200.0,1.4603,1.3874,0.0133,-0.1,6.165,6.0
2000,5e-05,0.0,0.5,0.1,0.01,0.1,200.0,2.1267,2.1666,0.002,-0.7545,8.52,8.0
2000,5e-05,0.0,0.5,0.1,0.01,0.2,200.0,2.0372,2.0695,0.0539,0.8364,8.84,9.0
2000,5e-05,0.0,0.5,0.1,0.1,0.0,200.0,1.5379,1.6608,0.019,-0.0227,6.375,6.0
2000,5e-05,0.0,0.5,0.1,0.1,0.01,200.0,1.4439,1.3657,0.0537,0.0091,6.06,6.0
2000,5e-05,0.0,0.5,0.1,0.1,0.1,200.0,2.0747,2.1168,0.0287,0.7364,8.295,8.0
2000,5e-05,0.0,0.5,0.1,0.1,0.2,200.0,2.0093,2.0022,0.0445,0.8727,8.96,9.0
2000,5e-05,0.0,0.5,0.5,0.0,0.0,200.0,1.5228,1.4232,0.0469,0.1409,6.16,6.0
2000,5e-05,0.0,0.5,0.5,0.0,0.01,200.0,1.5689,1.5115,0.0823,0.4364,6.355,6.0
2000,5e-05,0.0,0.5,0.5,0.0,0.1,200.0,2.1004,2.1238,0.0107,0.0545,8.655,9.0
2000,5e-05,0.0,0.5,0.5,0.0,0.2,200.0,2.0615,2.0698,0.0598,0.8636,9.165,9.0
2000,5e-05,0.0,0.5,0.5,0.01,0.0,200.0,1.5136,1.5656,-0.0512,-0.4227,6.345,6.0
2000,5e-05,0.0,0.5,0.5,0.01,0.01,200.0,1.4661,1.4556,0.1181,0.4591,6.065,6.0
2000,5e-05,0.0,0.5,0.5,0.01,0.1,200.0,2.0962,2.1276,0.0224,0.75,8.515,9.0
2000,5e-05,0.0,0.5,0.5,0.01,0.2,200.0,2.0416,2.0957,0.0432,0.8955,8.95,9.0
2000,5e-05,0.0,0.5,0.5,0.1,0.0,200.0,1.463,1.522,0.0058,-0.2182,6.085,6.0
2000,5e-05,0.0,0.5,0.5,0.1,0.01,200.0,1.5936,1.5963,0.0836,0.2364,6.23,6.0
2000,5e-05,0.0,0.5,0.5,0.1,0.1,200.0,2.1415,2.1734,0.0167,0.0909,8.615,9.0
2000,5e-05,0.0,0.5,0.5,0.1,0.2,200.0,2.0113,2.0379,0.0706,0.9,9.005,9.0
2000,5e-05,0.0,0.5,1.0,0.0,0.0,200.0,1.4572,1.4581,0.023,0.0227,6.395,6.0
2000,5e-05,0.0,0.5,1.0,0.0,0.01,200.0,1.5475,1.5881,0.0269,0.1182,6.25,6.0
2000,5e-05,0.0,0.5,1.0,0.0,0.1,200.0,2.0556,2.0796,0.0408,0.7545,8.71,9.0
2000,5e-05,0.0,0.5,1.0,0.0,0.2,200.0,2.0135,2.0336,0.0533,0.8455,9.095,9.0
2000,5e-05,0.0,0.5,1.0,0.01,0.0,200.0,1.4845,1.5334,0.0688,-0.0727,6.15,6.0
2000,5e-05,0.0,0.5,1.0,0.01,0.01,200.0,1.5448,1.5608,0.1244,0.55,6.45,7.0
2000,5e-05,0.0,0.5,1.0,0.01,0.1,200.0,2.1017,2.1215,0.0516,0.7636,8.675,9.0
2000,5e-05,0.0,0.5,1.0,0.01,0.2,200.0,1.9904,2.0497,0.0487,0.9364,9.115,9.0
2000,5e-05,0.0,0.5,1.0,0.1,0.0,200.0,1.4662,1.4253,-0.0458,-0.3364,6.205,6.0
2000,5e-05,0.0,0.5,1.0,0.1,0.01,200.0,1.4587,1.4545,-0.0192,-0.2273,6.235,6.0
2000,5e-05,0.0,0.5,1.0,0.1,0.1,200.0,2.1499,2.1956,0.0473,0.8636,8.97,9.0
2000,5e-05,0.0,0.5,1.0,0.1,0.2,200.0,1.9924,2.0556,0.0255,0.8409,9.07,9.0
2000,5e-05,0.01,0.01,0.0,0.0,0.0,200.0,1.9732,1.8432,-0.0074,-0.2318,5.175,5.0
2000,5e-05,0.01,0.01,0.0,0.0,0.01,200.0,1.5278,1.4218,-0.0538,-0.4182,5.155,5.0
2000,5e-05,0.01,0.01,0.0,0.0,0.1,200.0,1.6581,1.6481,-0.0298,-0.5273,5.84,6.0
2000,5e-05,0.01,0.01,0.0,0.0,0.2,200.0,1.9417,1.8838,-0.0353,-0.4818,5.875,6.0
2000,5e-05,0.01,0.01,0.0,0.01,0.0,200.0,1.9528,1.7878,-0.0292,-0.2364,5.115,5.0
2000,5e-05,0.01,0.01,0.0,0.01,0.01,200.0,1.4857,1.3562,0.0779,0.0682,4.82,5.0
2000,5e-05,0.01,0.01,0.0,0.01,0.1,200.0,1.6324,1.565,0.0057,-0.4045,5.965,6.0
2000,5e-05,0.01,0.01,0.0,0.01,0.2,200.0,1.8997,1.8741,-0.1505,-0.5909,6.04,6.0
2000,5e-05,0.01,0.01,0.0,0.1,0.0,200.0,1.9798,1.8401,0.0115,-0.1773,5.255,5.0
2000,5e-05,0.01,0.01,0.0,0.1,0.01,200.0,1.6159,1.5295,0.0812,0.1,4.91,5.0
2000,5e-05,0.01,0.01,0.0,0.1,0.1,200.0,1.6288,1.6315,-0.0338,-0.5,5.9,6.0
2000,5e-05,0.01,0.01,0.0,0.1,0.2,200.0,1.9631,1.9878,-0.0853,-0.5364,6.015,6.0
2000,5e-05,0.01,0.01,0.1,0.0,0.0,200.0,1.7782,1.6288,0.0325,-0.0818,5.13,5.0
2000,5e-05,0.01,0.01,0.1,0.0,0.01,200.0,1.4781,1.3609,-0.0171,-0.3136,5.245,5.0
2000,5e-05,0.01,0.01,0.1,0.0,0.1,200.0,1.771,1.7904,-0.1125,-0.5545,6.02,6.0
2000,5e-05,0.01,0.01,0.1,0.0,0.2,200.0,1.8688,1.8519,-0.0599,-0.4864,6.115,6.0
2000,5e-05,0.01,0.01,0.1,0.01,0.0,200.0,1.6753,1.5685,0.062,0.0227,5.135,5.0
2000,5e-05,0.01,0.01,0.1,0.01,0.01,200.0,1.5259,1.4153,0.1271,0.45,5.255,5.0
2000,5e-05,0.01,0.01,0.1,0.01,0.1,200.0,1.737,1.8344,-0.079,-0.5864,5.955,6.0
2000,5e-05,0.01,0.01,0.1,0.01,0.2,200.0,1.9574,1.9602,-0.1015,-0.5,6.08,6.0
2000,5e-05,0.01,0.01,0.1,0.1,0.0,200.0,1.6312,1.4565,0.0446,-0.1136,5.115,5.0
2000,5e-05,0.01,0.01,0.1,0.1,0.01,200.0,1.527,1.3939,0.0877,0.1409,5.19,5.0
2000,5e-05,0.01,0.01,0.1,0.1,0.1,200.0,1.8283,1.9139,-0.1269,-0.5545,6.005,6.0
2000,5e-05,0.01,0.01,0.1,0.1,0.2,200.0,1.8903,1.8525,-0.083,-0.5,6.04,6.0
2000,5e-05,0.01,0.01,0.5,0.0,0.0,200.0,1.7053,1.5321,0.1206,0.3636,5.125,5.0
2000,5e-05,0.01,0.01,0.5,0.0,0.01,200.0,1.4943,1.3966,-0.038,-0.4409,5.3,5.0
2000,5e-05,0.01,0.01,0.5,0.0,0.1,200.0,1.6784,1.7104,0.0213,-0.1182,5.845,6.0
2000,5e-05,0.01,0.01,0.5,0.0,0.2,200.0,1.9047,1.8587,-0.1138,-0.5773,6.25,6.0
2000,5e-05,0.01,0.01,0.5,0.01,0.0,200.0,1.6172,1.4814,0.0763,0.0,5.205,5.0
2000,5e-05,0.01,0.01,0.5,0.01,0.01,200.0,1.4457,1.2692,0.0395,-0.1818,5.255,5.0
2000,5e-05,0.01,0.01,0.5,0.01,0.1,200.0,1.7251,1.7756,0.0199,-0.2364,5.94,6.0
2000,5e-05,0.01,0.01,0.5,0.01,0.2,200.0,1.7756,1.7469,-0.0345,-0.5,6.225,6.0
2000,5e-05,0.01,0.01,0.5,0.1,0.0,200.0,1.7065,1.5671,0.0728,-0.0045,5.235,5.0
2000,5e-05,0.01,0.01,0.5,0.1,0.01,200.0,1.4673,1.3317,-0.0295,-0.4545,5.305,5.0
2000,5e-05,0.01,0.01,0.5,0.1,0.1,200.0,1.6666,1.6227,0.0117,-0.2773,5.905,6.0
2000,5e-05,0.01,0.01,0.5,0.1,0.2,200.0,1.8382,1.8458,-0.1193,-0.6364,6.18,6.0
2000,5e-05,0.01,0.01,1.0,0.0,0.0,200.0,1.7175,1.6198,0.0489,0.0227,5.46,5.0
2000,5e-05,0.01,0.01,1.0,0.0,0.01,200.0,1.4846,1.3783,0.0555,0.0545,5.26,5.0
2000,5e-05,0.01,0.01,1.0,0.0,0.1,200.0,1.6471,1.5614,0.051,0.0455,6.17,6.0
2000,5e-05,0.01,0.01,1.0,0.0,0.2,200.0,1.7807,1.8895,-0.0093,-0.4773,6.505,7.0
2000,5e-05,0.01,0.01,1.0,0.01,0.0,200.0,1.6828,1.4794,0.0605,0.0318,5.27,5.0
2000,5e-05,0.01,0.01,1.0,0.01,0.01,200.0,1.5023,1.3214,0.0398,0.1227,5.295,5.0
2000,5e-05,0.01,0.01,1.0,0.01,0.1,200.0,1.6707,1.6828,0.0801,0.2,6.205,6.0
2000,5e-05,0.01,0.01,1.0,0.01,0.2,200.0,1.8128,1.86,-0.0432,-0.4955,6.465,7.0
2000,5e-05,0.01,0.01,1.0,0.1,0.0,200.0,1.639,1.492,0.0661,-0.0182,5.215,5.0
2000,5e-05,0.01,0.01,1.0,0.1,0.01,200.0,1.5053,1.4226,-0.0224,-0.3909,5.335,5.0
2000,5e-05,0.01,0.01,1.0,0.1,0.1,200.0,1.6458,1.5599,0.0475,-0.0591,6.15,6.0
2000,5e-05,0.01,0.01,1.0,0.1,0.2,200.0,1.7744,1.7865,0.0015,-0.3455,6.565,7.0
2000,5e-05,0.01,0.1,0.0,0.0,0.0,200.0,1.5663,1.3451,0.0603,0.15,5.205,5.0
2000,5e-05,0.01,0.1,0.0,0.0,0.01,200.0,1.5342,1.5227,-0.025,-0.4455,5.345,5.0
2000,5e-05,0.01,0.1,0.0,0.0,0.1,200.0,1.754,1.8962,-0.0868,-0.6364,6.44,7.0
2000,5e-05,0.01,0.1,0.0,0.0,0.2,200.0,1.7495,1.7785,0.0201,-0.2,6.73,7.0
2000,5e-05,0.01,0.1,0.0,0.01,0.0,200.0,1.5741,1.5431,0.0032,-0.2818,5.205,5.0
2000,5e-05,0.01,0.1,0.0,0.01,0.01,200.0,1.4616,1.3621,0.025,-0.0545,5.275,5.0
2000,5e-05,0.01,0.1,0.0,0.01,0.1,200.0,1.8382,1.969,0.0449,0.0682,6.61,7.0
2000,5e-05,0.01,0.1,0.0,0.01,0.2,200.0,1.8876,1.9746,-0.0108,-0.5,6.695,7.0
2000,5e-05,0.01,0.1,0.0,0.1,0.0,200.0,1.6783,1.6459,0.0163,-0.2045,5.395,5.0
2000,5e-05,0.01,0.1,0.0,0.1,0.01,200.0,1.5058,1.4017,0.0125,-0.1591,5.34,5.0
2000,5e-05,0.01,0.1,0.0,0.1,0.1,200.0,1.7661,1.8966,0.0713,0.3227,6.245,6.0
2000,5e-05,0.01,0.1,0.0,0.1,0.2,200.0,1.8686,1.9496,-0.0078,-0.4318,6.855,7.0
2000,5e-05,0.01,0.1,0.1,0.0,0.0,200.0,1.5735,1.4878,0.0511,0.0727,5.27,5.0
2000,5e-05,0.01,0.1,0.1,0.0,0.01,200.0,1.421,1.2958,-0.0048,-0.2091,5.315,5.0
2000,5e-05,0.01,0.1,0.1,0.0,0.1,200.0,1.8733,2.0271,-0.0786,-0.6545,6.565,7.0
2000,5e-05,0.01,0.1,0.1,0.0,0.2,200.0,1.811,1.874,-0.0569,-0.4091,6.775,7.0
2000,5e-05,0.01,0.1,0.1,0.01,0.0,200.0,1.6542,1.6286,0.0303,-0.0591,5.205,5.0
2000,5e-05,0.01,0.1,0.1,0.01,0.01,200.0,1.5259,1.4597,0.0579,0.1318,5.29,5.0
2000,5e-05,0.01,0.1,0.1,0.01,0.1,200.0,1.684,1.7784,0.0564,-0.0955,6.495,6.5
2000,5e-05,0.01,0.1,0.1,0.01,0.2,200.0,1.8675,1.9968,-0.024,-0.3864,6.695,7.0
2000,5e-05,0.01,0.1,0.1,0.1,0.0,200.0,1.5825,1.439,0.0321,0.0409,5.22,5.0
2000,5e-05,0.01,0.1,0.1,0.1,0.01,200.0,1.4784,1.4307,0.0214,0.0364,5.335,5.0
2000,5e-05,0.01,0.1,0.1,0.1,0.1,200.0,1.6766,1.8019,0.0809,0.5409,6.555,7.0
2000,5e-05,0.01,0.1,0.1,0.1,0.2,200.0,1.8563,1.9855,-0.0548,-0.55,6.885,7.0
2000,5e-05,0.01,0.1,0.5,0.0,0.0,200.0,1.5106,1.3815,0.0866,0.2773,5.3,5.0
2000,5e-05,0.01,0.1,0.5,0.0,0.01,200.0,1.558,1.5156,-0.0247,-0.3955,5.35,5.0
2000,5e-05,0.01,0.1,0.5,0.0,0.1,200.0,1.7197,1.7932,0.2089,0.7409,6.53,6.5
2000,5e-05,0.01,0.1,0.5,0.0,0.2,200.0,1.8518,1.9389,0.001,-0.4318,6.94,7.0
2000,5e-05,0.01,0.1,0.5,0.01,0.0,200.0,1.4885,1.3921,0.1044,0.2864,5.355,5.0
2000,5e-05,0.01,0.1,0.5,0.01,0.01,200.0,1.4891,1.513,0.0809,-0.0136,5.385,5.0
2000,5e-05,0.01,0.1,0.5,0.01,0.1,200.0,1.6903,1.7865,0.1455,0.6136,6.5,6.0
2000,5e-05,0.01,0.1,0.5,0.01,0.2,200.0,1.837,1.9242,0.0358,0.1955,7.055,7.0
2000,5e-05,0.01,0.1,0.5,0.1,0.0,200.0,1.5109,1.4424,0.0425,0.0318,5.25,5.0
2000,5e-05,0.01,0.1,0.5,0.1,0.01,200.0,1.5142,1.449,0.0286,-0.0773,5.415,5.0
2000,5e-05,0.01,0.1,0.5,0.1,0.1,200.0,1.8577,1.9209,-0.0885,-0.6318,6.7,7.0
2000,5e-05,0.01,0.1,0.5,0.1,0.2,200.0,1.7842,1.8757,0.0744,0.6182,6.975,7.0
2000,5e-05,0.01,0.1,1.0,0.0,0.0,200.0,1.4096,1.2809,0.073,0.1045,5.32,5.0
2000,5e-05,0.01,0.1,1.0,0.0,0.01,200.0,1.4383,1.3195,0.0702,0.0455,5.465,5.0
2000,5e-05,0.01,0.1,1.0,0.0,0.1,200.0,1.9208,2.0373,0.0635,0.5273,7.025,7.0
2000,5e-05,0.01,0.1,1.0,0.0,0.2,200.0,1.9189,1.9699,-0.111,-0.6727,7.165,7.0
2000,5e-05,0.01,0.1,1.0,0.01,0.0,200.0,1.4245,1.3391,0.062,0.2364,5.46,5.0
2000,5e-05,0.01,0.1,1.0,0.01,0.01,200.0,1.4149,1.2706,0.0304,-0.1955,5.48,5.0
2000,5e-05,0.01,0.1,1.0,0.01,0.1,200.0,1.8388,2.0477,0.0605,0.4045,7.055,7.0
2000,5e-05,0.01,0.1,1.0,0.01,0.2,200.0,1.841,1.8896,0.0466,0.2182,7.21,7.0
2000,5e-05,0.01,0.1,1.0,0.1,0.0,200.0,1.4017,1.3082,0.1065,0.3773,5.35,5.0
2000,5e-05,0.01,0.1,1.0,0.1,0.01,200.0,1.386,1.2666,0.029,-0.1227,5.5,5.0
2000,5e-05,0.01,0.1,1.0,0.1,0.1,200.0,1.8419,1.9359,0.1082,0.6455,6.695,7.0
2000,5e-05,0.01,0.1,1.0,0.1,0.2,200.0,1.8257,1.8714,-0.0931,-0.6636,7.17,7.0
2000,5e-05,0.01,0.5,0.0,0.0,0.0,200.0,1.4961,1.4035,0.1278,0.4182,5.485,5.0
2000,5e-05,0.01,0.5,0.0,0.0,0.01,200.0,1.5719,1.3877,-0.0115,-0.2273,5.805,6.0
2000,5e-05,0.01,0.5,0.0,0.0,0.1,200.0,1.8613,1.9315,0.0173,-0.2227,7.54,8.0
2000,5e-05,0.01,0.5,0.0,0.0,0.2,200.0,1.8905,1.9132,0.0421,0.7182,7.875,8.0
2000,5e-05,0.01,0.5,0.0,0.01,0.0,200.0,1.5246,1.5059,0.0924,0.3182,5.69,6.0
2000,5e-05,0.01,0.5,0.0,0.01,0.01,200.0,1.5292,1.3923,0.0336,-0.1682,5.69,6.0
2000,5e-05,0.01,0.5,0.0,0.01,0.1,200.0,1.9506,2.0376,-0.0031,-0.5909,7.435,8.0
2000,5e-05,0.01,0.5,0.0,0.01,0.2,200.0,1.9506,2.0012,0.075,0.8409,7.755,8.0
2000,5e-05,0.01,0.5,0.0,0.1,0.0,200.0,1.5291,1.472,0.1231,0.2955,5.81,6.0
2000,5e-05,0.01,0.5,0.0,0.1,0.01,200.0,1.4612,1.382,0.075,0.2,5.62,6.0
2000,5e-05,0.01,0.5,0.0,0.1,0.1,200.0,1.9437,2.0376,0.0293,-0.0318,7.425,8.0
2000,5e-05,0.01,0.5,0.0,0.1,0.2,200.0,1.9116,1.9645,0.0849,0.8682,7.885,8.0
2000,5e-05,0.01,0.5,0.1,0.0,0.0,200.0,1.5204,1.5388,0.046,0.1045,5.53,5.0
2000,5e-05,0.01,0.5,0.1,0.0,0.01,200.0,1.5295,1.3721,0.0817,0.2409,5.89,6.0
2000,5e-05,0.01,0.5,0.1,0.0,0.1,200.0,1.9464,2.0352,0.042,0.5364,7.35,7.0
2000,5e-05,0.01,0.5,0.1,0.0,0.2,200.0,1.9364,1.9819,0.0343,0.4545,7.785,8.0
2000,5e-05,0.01,0.5,0.1,0.01,0.0,200.0,1.4855,1.3839,0.101,0.3364,5.52,6.0
2000,5e-05,0.01,0.5,0.1,0.01,0.01,200.0,1.5585,1.5028,0.0105,0.0409,5.8,6.0
2000,5e-05,0.01,0.5,0.1,0.01,0.1,200.0,1.9349,2.0352,0.0484,0.6591,7.385,7.0
2000,5e-05,0.01,0.5,0.1,0.01,0.2,200.0,1.8909,1.9239,0.0389,0.3364,7.87,8.0
2000,5e-05,0.01,0.5,0.1,0.1,0.0,200.0,1.4583,1.3698,0.12,0.3364,5.485,5.0
2000,5e-05,0.01,0.5,0.1,0.1,0.01,200.0,1.5895,1.4956,0.0008,-0.1545,5.815,6.0
2000,5e-05,0.01,0.5,0.1,0.1,0.1,200.0,1.97,2.0588,0.0378,0.5455,7.6,8.0
2000,5e-05,0.01,0.5,0.1,0.1,0.2,200.0,1.9261,2.0012,0.082,0.8909,7.855,8.0
2000,5e-05,0.01,0.5,0.5,0.0,0.0,200.0,1.4697,1.4382,0.0634,0.1636,5.72,6.0
2000,5e-05,0.01,0.5,0.5,0.0,0.01,200.0,1.4467,1.3273,0.0078,-0.1773,5.805,6.0
2000,5e-05,0.01,0.5,0.5,0.0,0.1,200.0,1.9403,2.0283,0.0295,-0.1045,7.555,8.0
2000,5e-05,0.01,0.5,0.5,0.0,0.2,200.0,1.9435,1.9835,0.0661,0.8091,7.91,8.0
2000,5e-05,0.01,0.5,0.5,0.01,0.0,200.0,1.5025,1.3601,0.0097,-0.1364,5.635,5.0
2000,5e-05,0.01,0.5,0.5,0.01,0.01,200.0,1.4444,1.3715,0.0017,-0.0727,5.735,6.0
2000,5e-05,0.01,0.5,0.5,0.01,0.1,200.0,1.9543,2.0404,0.0224,-0.2364,7.57,8.0
2000,5e-05,0.01,0.5,0.5,0.01,0.2,200.0,1.9217,1.9964,0.0795,0.7727,8.06,8.0
2000,5e-05,0.01,0.5,0.5,0.1,0.0,200.0,1.4748,1.4246,0.0491,0.0227,5.605,6.0
2000,5e-05,0.01,0.5,0.5,0.1,0.01,200.0,1.442,1.3737,0.0215,0.0136,5.75,6.0
2000,5e-05,0.01,0.5,0.5,0.1,0.1,200.0,1.9605,2.0271,0.0476,0.6364,7.645,8.0
2000,5e-05,0.01,0.5,0.5,0.1,0.2,200.0,1.954,2.0153,0.0601,0.8318,7.855,8.0
2000,5e-05,0.01,0.5,1.0,0.0,0.0,200.0,1.3929,1.3343,0.0763,0.0955,5.58,5.0
2000,5e-05,0.01,0.5,1.0,0.0,0.01,200.0,1.4506,1.3468,-0.0084,-0.2,5.47,5.0
2000,5e-05,0.01,0.5,1.0,0.0,0.1,200.0,1.92,2.047,0.043,0.6455,7.795,8.0
2000,5e-05,0.01,0.5,1.0,0.0,0.2,200.0,1.9281,1.9186,0.0318,0.65,7.965,8.0
2000,5e-05,0.01,0.5,1.0,0.01,0.0,200.0,1.4189,1.4029,0.0962,0.1818,5.555,5.0
2000,5e-05,0.01,0.5,1.0,0.01,0.01,200.0,1.4339,1.3291,-0.0011,-0.0682,5.9,6.0
2000,5e-05,0.01,0.5,1.0,0.01,0.1,200.0,1.9264,1.9874,0.0489,0.5545,7.685,8.0
2000,5e-05,0.01,0.5,1.0,0.01,0.2,200.0,1.9444,1.9888,-0.0883,-0.8318,8.075,8.0
2000,5e-05,0.01,0.5,1.0,0.1,0.0,200.0,1.2636,1.1871,0.1328,0.3455,5.385,5.0
2000,5e-05,0.01,0.5,1.0,0.1,0.01,200.0,1.4328,1.374,-0.001,-0.0636,5.725,6.0
2000,5e-05,0.01,0.5,1.0,0.1,0.1,200.0,1.9733,2.0283,0.0139,-0.3636,7.745,8.0
2000,5e-05,0.01,0.5,1.0,0.1,0.2,200.0,1.892,1.9063,0.0389,0.6727,7.855,8.0
2000,5e-05,0.1,0.01,0.0,0.0,0.0,200.0,1.9004,1.8745,0.0264,0.0591,5.77,6.0
2000,5e-05,0.1,0.01,0.0,0.0,0.01,200.0,1.7789,1.6705,0.0479,0.0773,5.81,6.0
2000,5e-05,0.1,0.01,0.0,0.0,0.1,200.0,1.5401,1.39,0.1256,0.3955,5.715,6.0
2000,5e-05,0.1,0.01,0.0,0.0,0.2,200.0,1.642,1.5303,-0.0361,-0.4045,5.695,6.0
2000,5e-05,0.1,0.01,0.0,0.01,0.0,200.0,2.0073,2.0321,0.0264,0.0364,5.845,6.0
2000,5e-05,0.1,0.01,0.0,0.01,0.01,200.0,1.796,1.7393,0.0388,0.0318,5.745,6.0
2000,5e-05,0.1,0.01,0.0,0.01,0.1,200.0,1.5566,1.3386,0.0933,0.3,5.605,6.0
2000,5e-05,0.1,0.01,0.0,0.01,0.2,200.0,1.8004,1.8077,-0.0845,-0.5273,5.765,6.0
2000,5e-05,0.1,0.01,0.0,0.1,0.0,200.0,1.9164,1.8581,0.0198,0.1045,5.62,6.0
2000,5e-05,0.1,0.01,0.0,0.1,0.01,200.0,1.7906,1.6637,0.0662,0.0909,5.695,6.0
2000,5e-05,0.1,0.01,0.0,0.1,0.1,200.0,1.5608,1.4491,0.0945,0.3636,5.605,6.0
2000,5e-05,0.1,0.01,0.0,0.1,0.2,200.0,1.7174,1.6396,0.0278,-0.1818,5.94,6.0
2000,5e-05,0.1,0.01,0.1,0.0,0.0,200.0,1.7924,1.7835,0.0443,0.1273,5.925,6.0
2000,5e-05,0.1,0.01,0.1,0.0,0.01,200.0,1.6373,1.5031,0.063,0.0909,5.59,6.0
2000,5e-05,0.1,0.01,0.1,0.0,0.1,200.0,1.4352,1.3017,0.0948,0.1545,5.96,6.0
2000,5e-05,0.1,0.01,0.1,0.0,0.2,200.0,1.669,1.5613,-0.117,-0.5682,5.605,6.0
2000,5e-05,0.1,0.01,0.1,0.01,0.0,200.0,1.8318,1.7675,0.0403,0.0409,5.93,6.0
2000,5e-05,0.1,0.01,0.1,0.01,0.01,200.0,1.6787,1.6576,0.061,0.05,5.62,6.0
2000,5e-05,0.1,0.01,0.1,0.01,0.1,200.0,1.4769,1.3755,0.0541,0.0727,5.95,6.0
2000,5e-05,0.1,0.01,0.1,0.01,0.2,200.0,1.6178,1.5726,-0.1185,-0.6182,5.825,6.0
2000,5e-05,0.1,0.01,0.1,0.1,0.0,200.0,1.8303,1.7049,0.0265,0.1636,5.845,6.0
2000,5e-05,0.1,0.01,0.1,0.1,0.01,200.0,1.6801,1.66,0.0516,-0.0273,5.64,6.0
2000,5e-05,0.1,0.01,0.1,0.1,0.1,200.0,1.5074,1.4096,0.1081,0.4591,5.925,6.0
2000,5e-05,0.1,0.01,0.1,0.1,0.2,200.0,1.6256,1.5515,-0.1613,-0.5545,5.955,6.0
2000,5e-05,0.1,0.01,0.5,0.0,0.0,200.0,2.1407,2.0593,-0.0212,-0.1727,5.99,6.0
2000,5e-05,0.1,0.01,0.5,0.0,0.01,200.0,1.8981,1.7186,0.0516,0.0227,5.88,6.0
2000,5e-05,0.1,0.01,0.5,0.0,0.1,200.0,1.4961,1.3294,0.1353,0.3545,5.965,6.0
2000,5e-05,0.1,0.01,0.5,0.0,0.2,200.0,1.6494,1.624,-0.0098,-0.3591,5.915,6.0
2000,5e-05,0.1,0.01,0.5,0.01,0.0,200.0,2.163,2.1011,-0.0078,-0.0773,5.85,6.0
2000,5e-05,0.1,0.01,0.5,0.01,0.01,200.0,1.8989,1.8289,0.0629,0.1864,5.8,6.0
2000,5e-05,0.1,0.01,0.5,0.01,0.1,200.0,1.4499,1.2809,0.0875,0.1227,5.845,6.0
2000,5e-05,0.1,0.01,0.5,0.01,0.2,200.0,1.6112,1.6242,0.0109,-0.25,5.83,6.0
2000,5e-05,0.1,0.01,0.5,0.1,0.0,200.0,2.2312,2.1132,-0.035,-0.2636,5.835,6.0
2000,5e-05,0.1,0.01,0.5,0.1,0.01,200.0,2.0184,1.9147,0.0507,0.0864,5.75,6.0
2000,5e-05,0.1,0.01,0.5,0.1,0.1,200.0,1.4307,1.2752,0.0808,0.1182,5.855,6.0
2000,5e-05,0.1,0.01,0.5,0.1,0.2,200.0,1.6545,1.6411,0.0632,-0.0318,5.82,6.0
2000,5e-05,0.1,0.01,1.0,0.0,0.0,200.0,2.1839,1.9888,0.015,-0.0818,5.995,6.0
2000,5e-05,0.1,0.01,1.0,0.0,0.01,200.0,1.9372,1.9113,0.0904,0.2227,5.97,6.0
2000,5e-05,0.1,0.01,1.0,0.0,0.1,200.0,1.4862,1.3596,0.069,0.0455,5.69,6.0
2000,5e-05,0.1,0.01,1.0,0.0,0.2,200.0,1.5973,1.5402,-0.0406,-0.4773,5.83,6.0
2000,5e-05,0.1,0.01,1.0,0.01,0.0,200.0,2.2151,2.1927,0.0082,-0.0364,5.895,6.0
2000,5e-05,0.1,0.01,1.0,0.01,0.01,200.0,1.894,1.8078,0.0616,0.1545,5.85,6.0
2000,5e-05,0.1,0.01,1.0,0.01,0.1,200.0,1.416,1.3488,0.0172,-0.1773,5.64,6.0
2000,5e-05,0.1,0.01,1.0,0.01,0.2,200.0,1.6597,1.5961,0.0139,-0.15,5.97,6.0
2000,5e-05,0.1,0.01,1.0,0.1,0.0,200.0,2.1832,2.0494,-0.0022,-0.1636,6.065,6.0
2000,5e-05,0.1,0.01,1.0,0.1,0.01,200.0,1.8231,1.7169,0.099,0.2,5.8,6.0
2000,5e-05,0.1,0.01,1.0,0.1,0.1,200.0,1.5112,1.4808,0.1155,0.3409,5.78,6.0
2000,5e-05,0.1,0.01,1.0,0.1,0.2,200.0,1.5923,1.5138,-0.0691,-0.5455,5.73,6.0
2000,5e-05,0.1,0.1,0.0,0.0,0.0,200.0,1.8075,1.76,0.0626,0.1136,5.84,6.0
2000,5e-05,0.1,0.1,0.0,0.0,0.01,200.0,1.6544,1.6135,0.0878,0.1636,5.665,6.0
2000,5e-05,0.1,0.1,0.0,0.0,0.1,200.0,1.4348,1.3105,0.102,0.3273,5.855,6.0
2000,5e-05,0.1,0.1,0.0,0.0,0.2,200.0,1.6137,1.7121,0.0995,0.3909,6.03,6.0
2000,5e-05,0.1,0.1,0.0,0.01,0.0,200.0,1.883,1.8353,0.033,0.0727,5.885,6.0
2000,5e-05,0.1,0.1,0.0,0.01,0.01,200.0,1.5695,1.5273,0.0865,0.0636,5.8,6.0
2000,5e-05,0.1,0.1,0.0,0.01,0.1,200.0,1.3814,1.1961,0.133,0.2636,5.87,6.0
2000,5e-05,0.1,0.1,0.0,0.01,0.2,200.0,1.5287,1.4962,0.0873,0.3227,5.86,6.0
2000,5e-05,0.1,0.1,0.0,0.1,0.0,200.0,1.782,1.6685,-0.0161,-0.1773,5.87,6.0
2000,5e-05,0.1,0.1,0.0,0.1,0.01,200.0,1.6284,1.55,0.0567,0.0818,5.85,6.0
2000,5e-05,0.1,0.1,0.0,0.1,0.1,200.0,1.4206,1.3399,0.0842,0.3182,5.925,6.0
2000,5e-05,0.1,0.1,0.0,0.1,0.2,200.0,1.5922,1.6976,0.0395,0.1318,6.155,6.0
2000,5e-05,0.1,0.1,0.1,0.0,0.0,200.0,1.8664,1.8235,0.0158,-0.0455,5.915,6.0
2000,5e-05,0.1,0.1,0.1,0.0,0.01,200.0,1.7727,1.5849,0.0434,-0.0091,5.68,6.0
2000,5e-05,0.1,0.1,0.1,0.0,0.1,200.0,1.352,1.1826,0.0588,0.0682,5.825,6.0
2000,5e-05,0.1,0.1,0.1,0.0,0.2,200.0,1.5053,1.36,0.0308,0.0136,5.965,6.0
2000,5e-05,0.1,0.1,0.1,0.01,0.0,200.0,1.9711,1.8844,0.0468,0.0273,5.98,6.0
2000,5e-05,0.1,0.1,0.1,0.01,0.01,200.0,1.642,1.4901,0.03,-0.1045,5.61,6.0
2000,5e-05,0.1,0.1,0.1,0.01,0.1,200.0,1.4197,1.2654,0.1236,0.2909,5.76,6.0
2000,5e-05,0.1,0.1,0.1,0.01,0.2,200.0,1.4504,1.3085,-0.0036,-0.25,5.835,6.0
2000,5e-05,0.1,0.1,0.1,0.1,0.0,200.0,2.0074,1.8701,0.0676,0.1818,5.86,6.0
2000,5e-05,0.1,0.1,0.1,0.1,0.01,200.0,1.7005,1.4945,0.0773,0.0727,5.7,6.0
2000,5e-05,0.1,0.1,0.1,0.1,0.1,200.0,1.3043,1.1216,0.0936,0.3227,5.7,6.0
2000,5e-05,0.1,0.1,0.1,0.1,0.2,200.0,1.4983,1.311,0.0565,0.0182,5.94,6.0
2000,5e-05,0.1,0.1,0.5,0.0,0.0,200.0,2.2954,2.2216,-0.002,-0.0409,6.04,6.0
2000,5e-05,0.1,0.1,0.5,0.0,0.01,200.0,1.8795,1.8702,-0.0277,-0.2409,5.81,6.0
2000,5e-05,0.1,0.1,0.5,0.0,0.1,200.0,1.3253,1.2106,0.0414,-0.0364,5.855,6.0
2000,5e-05,0.1,0.1,0.5,0.0,0.2,200.0,1.4641,1.3782,0.0578,0.15,5.73,6.0
2000,5e-05,0.1,0.1,0.5,0.01,0.0,200.0,2.1983,2.1796,0.018,-0.0364,6.015,6.0
2000,5e-05,0.1,0.1,0.5,0.01,0.01,200.0,2.002,1.9097,-0.0145,-0.2455,5.96,6.0
2000,5e-05,0.1,0.1,0.5,0.01,0.1,200.0,1.3187,1.184,0.0405,0.0182,5.68,6.0
2000,5e-05,0.1,0.1,0.5,0.01,0.2,200.0,1.4679,1.3964,0.1072,0.4727,5.875,6.0
2000,5e-05,0.1,0.1,0.5,0.1,0.0,200.0,2.2635,2.2742,-0.0065,-0.0045,6.06,6.0
2000,5e-05,0.1,0.1,0.5,0.1,0.01,200.0,1.9844,1.9558,-0.059,-0.2591,5.975,6.0
2000,5e-05,0.1,0.1,0.5,0.1,0.1,200.0,1.3528,1.2148,0.1411,0.4909,5.63,5.5
2000,5e-05,0.1,0.1,0.5,0.1,0.2,200.0,1.3867,1.2897,0.0595,0.1409,5.765,6.0
2000,5e-05,0.1,0.1,1.0,0.0,0.0,200.0,2.2657,2.1677,0.0658,0.0364,5.95,6.0
2000,5e-05,0.1,0.1,1.0,0.0,0.01,200.0,2.0002,2.0209,0.0837,0.3409,5.895,6.0
2000,5e-05,0.1,0.1,1.0,0.0,0.1,200.0,1.3362,1.1671,0.0909,0.3091,5.845,6.0
2000,5e-05,0.1,0.1,1.0,0.0,0.2,200.0,1.4937,1.3623,0.1436,0.55,5.885,6.0
2000,5e-05,0.1,0.1,1.0,0.01,0.0,200.0,2.2453,2.1728,0.0484,0.0727,6.095,6.0
2000,5e-05,0.1,0.1,1.0,0.01,0.01,200.0,1.9696,1.9509,0.0969,0.4227,6.045,6.0
2000,5e-05,0.1,0.1,1.0,0.01,0.1,200.0,1.3406,1.1835,0.1094,0.4273,5.72,6.0
2000,5e-05,0.1,0.1,1.0,0.01,0.2,200.0,1.5131,1.4263,0.143,0.5136,5.855,6.0
2000,5e-05,0.1,0.1,1.0,0.1,0.0,200.0,2.1567,2.1644,0.083,0.3045,5.975,6.0
2000,5e-05,0.1,0.1,1.0,0.1,0.01,200.0,1.8783,1.8682,0.1056,0.3455,5.805,6.0
2000,5e-05,0.1,0.1,1.0,0.1,0.1,200.0,1.3916,1.2493,0.065,0.2455,6.045,6.0
2000,5e-05,0.1,0.1,1.0,0.1,0.2,200.0,1.4875,1.3689,0.19,0.5682,6.01,6.0
2000,5e-05,0.1,0.5,0.0,0.0,0.0,200.0,1.7333,1.6092,-0.0235,-0.1545,6.105,6.0
2000,5e-05,0.1,0.5,0.0,0.0,0.01,200.0,1.6889,1.5469,0.0114,0.0409,6.245,6.0
2000,5e-05,0.1,0.5,0.0,0.0,0.1,200.0,1.4656,1.3488,0.0774,0.1864,6.25,6.0
2000,5e-05,0.1,0.5,0.0,0.0,0.2,200.0,1.5679,1.6244,0.1037,0.5364,6.36,6.0
2000,5e-05,0.1,0.5,0.0,0.01,0.0,200.0,1.7269,1.5404,-0.0659,-0.2455,6.24,6.0
2000,5e-05,0.1,0.5,0.0,0.01,0.01,200.0,1.6752,1.6171,-0.0369,-0.1409,6.25,6.0
2000,5e-05,0.1,0.5,0.0,0.01,0.1,200.0,1.4221,1.2401,0.077,0.3045,5.99,6.0
2000,5e-05,0.1,0.5,0.0,0.01,0.2,200.0,1.4373,1.4352,0.0754,0.3545,6.385,6.0
2000,5e-05,0.1,0.5,0.0,0.1,0.0,200.0,1.7053,1.5654,-0.0309,-0.2318,6.175,6.0
2000,5e-05,0.1,0.5,0.0,0.1,0.01,200.0,1.6799,1.5603,-0.0053,-0.1682,6.08,6.0
2000,5e-05,0.1,0.5,0.0,0.1,0.1,200.0,1.5273,1.3383,0.084,0.3864,6.135,6.0
2000,5e-05,0.1,0.5,0.0,0.1,0.2,200.0,1.6259,1.7806,0.1282,0.5364,6.34,6.0
2000,5e-05,0.1,0.5,0.1,0.0,0.0,200.0,1.7574,1.6087,-0.0501,-0.2136,6.155,6.0
2000,5e-05,0.1,0.5,0.1,0.0,0.01,200.0,1.5716,1.4963,0.004,0.0,6.34,6.0
2000,5e-05,0.1,0.5,0.1,0.0,0.1,200.0,1.4947,1.3226,0.1032,0.4,6.275,6.0
2000,5e-05,0.1,0.5,0.1,0.0,0.2,200.0,1.6008,1.6289,0.0785,0.4273,6.38,6.0
2000,5e-05,0.1,0.5,0.1,0.01,0.0,200.0,1.7215,1.5851,-0.0565,-0.1909,6.18,6.0
2000,5e-05,0.1,0.5,0.1,0.01,0.01,200.0,1.6392,1.5293,0.0019,-0.1409,6.28,6.0
2000,5e-05,0.1,0.5,0.1,0.01,0.1,200.0,1.4976,1.3923,0.0916,0.4318,6.325,6.0
2000,5e-05,0.1,0.5,0.1,0.01,0.2,200.0,1.6262,1.8117,0.03,0.1818,6.505,6.0
2000,5e-05,0.1,0.5,0.1,0.1,0.0,200.0,1.6719,1.4939,-0.0975,-0.3273,6.095,6.0
2000,5e-05,0.1,0.5,0.1,0.1,0.01,200.0,1.6381,1.4776,-0.0553,-0.2636,6.175,6.0
2000,5e-05,0.1,0.5,0.1,0.1,0.1,200.0,1.4124,1.2916,0.072,0.3227,6.2,6.0
2000,5e-05,0.1,0.5,0.1,0.1,0.2,200.0,1.6109,1.662,0.1021,0.5364,6.46,6.0
2000,5e-05,0.1,0.5,0.5,0.0,0.0,200.0,1.7795,1.6717,-0.0122,-0.1364,6.18,6.0
2000,5e-05,0.1,0.5,0.5,0.0,0.01,200.0,1.7224,1.6387,-0.0352,-0.2045,6.235,6.0
2000,5e-05,0.1,0.5,0.5,0.0,0.1,200.0,1.449,1.4076,0.1093,0.3636,6.3,6.0
2000,5e-05,0.1,0.5,0.5,0.0,0.2,200.0,1.5382,1.4226,0.0716,0.4227,6.31,6.0
2000,5e-05,0.1,0.5,0.5,0.01,0.0,200.0,1.863,1.7598,-0.0448,-0.2318,6.305,6.0
2000,5e-05,0.1,0.5,0.5,0.01,0.01,200.0,1.7823,1.7288,-0.0438,-0.1818,6.39,6.0
2000,5e-05,0.1,0.5,0.5,0.01,0.1,200.0,1.5208,1.3908,0.1008,0.4045,6.27,6.0
2000,5e-05,0.1,0.5,0.5,0.01,0.2,200.0,1.5243,1.4612,-0.0067,-0.2455,6.15,6.0
2000,5e-05,0.1,0.5,0.5,0.1,0.0,200.0,1.7552,1.6649,0.0017,-0.1045,6.235,6.0
2000,5e-05,0.1,0.5,0.5,0.1,0.01,200.0,1.709,1.6342,-0.0288,-0.2091,6.255,6.0
2000,5e-05,0.1,0.5,0.5,0.1,0.1,200.0,1.4495,1.3734,0.1481,0.5364,6.155,6.0
2000,5e-05,0.1,0.5,0.5,0.1,0.2,200.0,1.4774,1.3653,0.039,0.0909,6.28,6.0
2000,5e-05,0.1,0.5,1.0,0.0,0.0,200.0,1.9048,1.7693,-0.0148,-0.0409,6.13,6.0
2000,5e-05,0.1,0.5,1.0,0.0,0.01,200.0,1.7271,1.6609,0.0319,-0.0045,6.075,6.0
2000,5e-05,0.1,0.5,1.0,0.0,0.1,200.0,1.6786,1.7787,0.0629,0.3273,6.345,6.5
2000,5e-05,0.1,0.5,1.0,0.0,0.2,200.0,1.5933,1.6105,-0.0176,-0.4136,6.425,6.0
2000,5e-05,0.1,0.5,1.0,0.01,0.0,200.0,1.8007,1.6441,-0.0043,-0.2091,6.155,6.0
2000,5e-05,0.1,0.5,1.0,0.01,0.01,200.0,1.6303,1.5105,-0.0333,-0.2682,5.985,6.0
2000,5e-05,0.1,0.5,1.0,0.01,0.1,200.0,1.6501,1.5596,0.0151,0.1545,6.315,6.0
2000,5e-05,0.1,0.5,1.0,0.01,0.2,200.0,1.5606,1.5148,0.0381,0.0318,6.46,6.0
2000,5e-05,0.1,0.5,1.0,0.1,0.0,200.0,1.8287,1.7105,0.0042,-0.0682,6.16,6.0
2000,5e-05,0.1,0.5,1.0,0.1,0.01,200.0,1.6518,1.5563,-0.0123,-0.0636,6.115,6.0
2000,5e-05,0.1,0.5,1.0,0.1,0.1,200.0,1.5467,1.4466,0.0754,0.3273,6.355,6.0
2000,5e-05,0.1,0.5,1.0,0.1,0.2,200.0,1.5378,1.4868,0.0485,0.1,6.43,6.0
2000,0.0001,0.0,0.01,0.0,0.0,0.0,200.0,4.9898,4.8437,-0.0018,0.0,7.02,7.0
2000,0.0001,0.0,0.01,0.0,0.0,0.01,200.0,2.1954,2.1128,0.0084,0.0773,6.94,7.0
2000,0.0001,0.0,0.01,0.0,0.0,0.1,200.0,1.9434,2.0141,0.0327,-0.05,7.365,7.0
2000,0.0001,0.0,0.01,0.0,0.0,0.2,200.0,2.063,2.0942,-0.156,-0.6545,7.325,7.0
2000,0.0001,0.0,0.01,0.0,0.01,0.0,200.0,4.6133,4.3483,0.0058,0.05,7.115,7.0
2000,0.0001,0.0,0.01,0.0,0.01,0.01,200.0,2.2543,2.1481,0.0225,0.0636,7.16,7.0
2000,0.0001,0.0,0.01,0.0,0.01,0.1,200.0,1.8693,1.8533,0.0096,-0.2864,7.36,7.0
2000,0.0001,0.0,0.01,0.0,0.01,0.2,200.0,2.034,2.0467,-0.2945,-0.8227,7.435,8.0
2000,0.0001,0.0,0.01,0.0,0.1,0.0,200.0,4.8669,4.482,-0.0562,-0.1727,7.17,7.0
2000,0.0001,0.0,0.01,0.0,0.1,0.01,200.0,2.0735,2.0411,-0.0524,-0.1591,7.19,7.0
2000,0.0001,0.0,0.01,0.0,0.1,0.1,200.0,1.9127,1.9717,0.0019,-0.35,7.36,7.0
2000,0.0001,0.0,0.01,0.0,0.1,0.2,200.0,2.0945,2.1684,-0.0823,-0.5273,7.255,7.0
2000,0.0001,0.0,0.01,0.1,0.0,0.0,200.0,3.9731,3.6511,0.0399,0.0955,6.675,7.0
2000,0.0001,0.0,0.01,0.1,0.0,0.01,200.0,1.9487,2.0673,-0.0296,-0.2864,6.88,7.0
2000,0.0001,0.0,0.01,0.1,0.0,0.1,200.0,2.0803,1.9932,-0.0875,-0.6636,7.67,8.0
2000,0.0001,0.0,0.01,0.1,0.0,0.2,200.0,2.1685,2.117,-0.0904,-0.5773,8.1,8.0
2000,0.0001,0.0,0.01,0.1,0.01,0.0,200.0,3.7377,3.3785,0.0287,0.1136,6.59,7.0
2000,0.0001,0.0,0.01,0.1,0.01,0.01,200.0,1.9771,2.066,0.0194,0.0045,6.72,7.0
2000,0.0001,0.0,0.01,0.1,0.01,0.1,200.0,2.0903,2.1126,-0.0856,-0.5227,7.615,8.0
2000,0.0001,0.0,0.01,0.1,0.01,0.2,200.0,2.1413,2.1658,-0.1344,-0.5909,7.37,7.0
2000,0.0001,0.0,0.01,0.1,0.1,0.0,200.0,4.0118,3.8115,0.0654,0.1727,6.7,7.0
2000,0.0001,0.0,0.01,0.1,0.1,0.01,200.0,1.9436,2.0587,-0.0415,-0.2364,6.735,7.0
2000,0.0001,0.0,0.01,0.1,0.1,0.1,200.0,2.0167,1.9861,0.0492,0.2409,7.7,8.0
2000,0.0001,0.0,0.01,0.1,0.1,0.2,200.0,2.0451,2.0507,-0.2149,-0.7682,7.83,8.0
2000,0.0001,0.0,0.01,0.5,0.0,0.0,200.0,2.6709,2.5311,0.0233,-0.1,6.205,6.0
2000,0.0001,0.0,0.01,0.5,0.0,0.01,200.0,2.0736,2.0492,-0.0605,-0.6773,6.55,6.0
2000,0.0001,0.0,0.01,0.5,0.0,0.1,200.0,1.7238,1.5603,-0.097,-0.6864,7.64,8.0
2000,0.0001,0.0,0.01,0.5,0.0,0.2,200.0,1.9398,1.7655,-0.0887,-0.7,8.56,9.0
2000,0.0001,0.0,0.01,0.5,0.01,0.0,200.0,2.7448,2.5774,0.0094,-0.0682,6.375,6.0
2000,0.0001,0.0,0.01,0.5,0.01,0.01,200.0,2.0416,2.1104,-0.0436,-0.5909,6.805,7.0
2000,0.0001,0.0,0.01,0.5,0.01,0.1,200.0,1.7756,1.7459,-0.05,-0.5955,7.89,8.0
2000,0.0001,0.0,0.01,0.5,0.01,0.2,200.0,1.9085,1.6504,-0.1262,-0.7182,8.335,9.0
2000,0.0001,0.0,0.01,0.5,0.1,0.0,200.0,2.8683,2.6572,0.1128,0.1727,6.23,6.0
2000,0.0001,0.0,0.01,0.5,0.1,0.01,200.0,1.9986,2.0819,-0.0598,-0.6182,6.84,7.0
2000,0.0001,0.0,0.01,0.5,0.1,0.1,200.0,1.8178,1.6473,-0.0865,-0.8,7.96,8.0
2000,0.0001,0.0,0.01,0.5,0.1,0.2,200.0,1.9682,1.8652,0.0258,0.1682,8.525,9.0
2000,0.0001,0.0,0.01,1.0,0.0,0.0,200.0,2.379,2.4038,-0.0363,-0.1455,6.33,6.0
2000,0.0001,0.0,0.01,1.0,0.0,0.01,200.0,2.1756,2.177,-0.03,-0.6818,7.215,7.0
2000,0.0001,0.0,0.01,1.0,0.0,0.1,200.0,1.7307,1.6808,-0.0987,-0.8045,7.535,8.0
2000,0.0001,0.0,0.01,1.0,0.0,0.2,200.0,1.9434,1.8088,-0.0289,-0.4318,8.26,8.0
2000,0.0001,0.0,0.01,1.0,0.01,0.0,200.0,2.3421,2.2137,0.0055,-0.0091,6.42,6.0
2000,0.0001,0.0,0.01,1.0,0.01,0.01,200.0,2.1846,2.1958,0.0735,0.6409,7.06,7.0
2000,0.0001,0.0,0.01,1.0,0.01,0.1,200.0,1.746,1.6919,-0.0921,-0.7955,7.675,8.0
2000,0.0001,0.0,0.01,1.0,0.01,0.2,200.0,1.8184,1.7675,-0.0865,-0.65,8.03,8.0
2000,0.0001,0.0,0.01,1.0,0.1,0.0,200.0,2.4701,2.4402,-0.0763,-0.2318,6.51,7.0
2000,0.0001,0.0,0.01,1.0,0.1,0.01,200.0,2.2069,2.1998,0.0058,-0.6227,7.21,7.0
2000,0.0001,0.0,0.01,1.0,0.1,0.1,200.0,1.7156,1.6999,-0.1255,-0.8364,7.64,8.0
2000,0.0001,0.0,0.01,1.0,0.1,0.2,200.0,1.7114,1.6511,-0.0549,-0.6636,8.14,8.0
2000,0.0001,0.0,0.1,0.0,0.0,0.0,200.0,1.8279,1.6576,0.1128,0.2091,5.85,6.0
2000,0.0001,0.0,0.1,0.0,0.0,0.01,200.0,1.7943,1.8822,0.0699,0.4409,6.895,7.0
2000,0.0001,0.0,0.1,0.0,0.0,0.1,200.0,1.8751,1.8855,0.0075,-0.4455,7.81,8.0
2000,0.0001,0.0,0.1,0.0,0.0,0.2,200.0,1.9569,1.9485,0.0586,0.3818,7.99,8.0
2000,0.0001,0.0,0.1,0.0,0.01,0.0,200.0,1.7837,1.6588,0.1025,0.2045,5.83,6.0
2000,0.0001,0.0,0.1,0.0,0.01,0.01,200.0,1.8578,1.9231,-0.0112,-0.2818,6.88,7.0
2000,0.0001,0.0,0.1,0.0,0.01,0.1,200.0,1.9492,1.9829,-0.0813,-0.7727,7.485,8.0
2000,0.0001,0.0,0.1,0.0,0.01,0.2,200.0,1.8154,1.7619,-0.0524,-0.85,7.74,8.0
2000,0.0001,0.0,0.1,0.0,0.1,0.0,200.0,1.9999,1.8459,0.0274,0.0136,5.97,6.0
2000,0.0001,0.0,0.1,0.0,0.1,0.01,200.0,1.846,1.8833,-0.0453,-0.4773,6.695,7.0
2000,0.0001,0.0,0.1,0.0,0.1,0.1,200.0,1.9025,1.9388,0.026,0.1545,7.775,8.0
2000,0.0001,0.0,0.1,0.0,0.1,0.2,200.0,1.7882,1.7771,-0.0093,-0.7273,7.785,8.0
2000,0.0001,0.0,0.1,0.1,0.0,0.0,200.0,1.9471,1.8968,0.0399,0.0091,5.85,6.0
2000,0.0001,0.0,0.1,0.1,0.0,0.01,200.0,1.8423,1.9727,0.0187,-0.3545,6.745,7.0
2000,0.0001,0.0,0.1,0.1,0.0,0.1,200.0,1.8985,1.9558,-0.005,-0.5273,7.805,8.0
2000,0.0001,0.0,0.1,0.1,0.0,0.2,200.0,1.9149,1.9556,0.0533,0.55,7.835,8.0
2000,0.0001,0.0,0.1,0.1,0.01,0.0,200.0,1.9325,1.8967,0.0439,0.0682,6.065,6.0
2000,0.0001,0.0,0.1,0.1,0.01,0.01,200.0,1.8058,1.8595,0.016,-0.0636,6.6,7.0
2000,0.0001,0.0,0.1,0.1,0.01,0.1,200.0,1.868,1.892,-0.028,-0.6818,7.78,8.0
2000,0.0001,0.0,0.1,0.1,0.01,0.2,200.0,1.8992,1.9161,-0.0731,-0.7727,7.67,8.0
2000,0.0001,0.0,0.1,0.1,0.1,0.0,200.0,1.8131,1.7805,0.0933,0.2182,5.995,6.0
2000,0.0001,0.0,0.1,0.1,0.1,0.01,200.0,1.8135,1.9474,0.0401,0.5318,6.73,7.0
2000,0.0001,0.0,0.1,0.1,0.1,0.1,200.0,1.8305,1.8513,-0.0192,-0.6364,7.84,8.0
2000,0.0001,0.0,0.1,0.1,0.1,0.2,200.0,2.148,2.0406,-0.0342,-0.6818,8.28,8.0
2000,0.0001,0.0,0.1,0.5,0.0,0.0,200.0,1.7912,1.7409,-0.0243,-0.2591,5.725,6.0
2000,0.0001,0.0,0.1,0.5,0.0,0.01,200.0,1.9527,2.0652,0.001,-0.5136,6.835,7.0
2000,0.0001,0.0,0.1,0.5,0.0,0.1,200.0,1.8222,1.8013,-0.0674,-0.6864,7.63,8.0
2000,0.0001,0.0,0.1,0.5,0.0,0.2,200.0,2.188,2.0491,-0.0741,-0.7,8.245,8.0
2000,0.0001,0.0,0.1,0.5,0.01,0.0,200.0,1.8277,1.8043,-0.0833,-0.3182,5.83,6.0
2000,0.0001,0.0,0.1,0.5,0.01,0.01,200.0,1.7975,1.9062,-0.067,-0.65,6.67,7.0
2000,0.0001,0.0,0.1,0.5,0.01,0.1,200.0,1.8109,1.7772,-0.0573,-0.7091,7.665,8.0
2000,0.0001,0.0,0.1,0.5,0.01,0.2,200.0,2.0042,1.9766,-0.0154,-0.6727,8.27,8.0
2000,0.0001,0.0,0.1,0.5,0.1,0.0,200.0,1.6614,1.5913,-0.0661,-0.3227,5.515,6.0
2000,0.0001,0.0,0.1,0.5,0.1,0.01,200.0,1.9161,2.0495,-0.0193,-0.7,6.855,7.0
2000,0.0001,0.0,0.1,0.5,0.1,0.1,200.0,1.7582,1.7228,-0.0685,-0.6773,7.485,8.0
2000,0.0001,0.0,0.1,0.5,0.1,0.2,200.0,2.0401,2.0562,0.0967,0.8636,8.365,8.0
2000,0.0001,0.0,0.1,1.0,0.0,0.0,200.0,1.589,1.5555,-0.0602,-0.2636,5.575,6.0
2000,0.0001,0.0,0.1,1.0,0.0,0.01,200.0,1.9739,2.1291,-0.0274,-0.55,7.17,7.0
2000,0.0001,0.0,0.1,1.0,0.0,0.1,200.0,1.6792,1.6966,-0.09,-0.7136,7.94,8.0
2000,0.0001,0.0,0.1,1.0,0.0,0.2,200.0,1.9313,2.0147,-0.0318,-0.5864,8.455,9.0
2000,0.0001,0.0,0.1,1.0,0.01,0.0,200.0,1.5894,1.5336,-0.0531,-0.2773,5.655,6.0
2000,0.0001,0.0,0.1,1.0,0.01,0.01,200.0,1.7621,1.8052,0.0175,0.1318,6.995,7.0
2000,0.0001,0.0,0.1,1.0,0.01,0.1,200.0,1.7357,1.7247,-0.0522,-0.7591,7.775,8.0
2000,0.0001,0.0,0.1,1.0,0.01,0.2,200.0,1.9391,1.9926,-0.044,-0.7045,8.495,9.0
2000,0.0001,0.0,0.1,1.0,0.1,0.0,200.0,1.6458,1.5759,-0.0654,-0.3091,5.655,6.0
2000,0.0001,0.0,0.1,1.0,0.1,0.01,200.0,1.7236,1.7407,0.0185,-0.0182,7.135,7.0
2000,0.0001,0.0,0.1,1.0,0.1,0.1,200.0,1.7097,1.6979,-0.0301,-0.6318,7.75,8.0
2000,0.0001,0.0,0.1,1.0,0.1,0.2,200.0,1.9509,1.9326,0.0017,0.0182,8.335,8.0
2000,0.0001,0.0,0.5,0.0,0.0,0.0,200.0,1.45,1.4034,-0.0591,-0.3227,6.07,6.0
2000,0.0001,0.0,0.5,0.0,0.0,0.01,200.0,1.8032,1.8762,0.0514,-0.0545,6.375,6.5
2000,0.0001,0.0,0.5,0.0,0.0,0.1,200.0,2.05,2.0736,0.061,0.8364,8.575,9.0
2000,0.0001,0.0,0.5,0.0,0.0,0.2,200.0,1.8528,1.896,-0.0608,-0.85,8.79,9.0
2000,0.0001,0.0,0.5,0.0,0.01,0.0,200.0,1.5212,1.4421,0.0345,0.1818,5.955,6.0
2000,0.0001,0.0,0.5,0.0,0.01,0.01,200.0,1.6323,1.5671,-0.0264,-0.3045,6.445,6.0
2000,0.0001,0.0,0.5,0.0,0.01,0.1,200.0,2.034,2.0714,0.0564,0.8636,8.75,9.0
2000,0.0001,0.0,0.5,0.0,0.01,0.2,200.0,1.9024,1.9138,-0.1075,-0.8182,8.645,9.0
2000,0.0001,0.0,0.5,0.0,0.1,0.0,200.0,1.4991,1.4852,0.0352,0.0955,6.14,6.0
2000,0.0001,0.0,0.5,0.0,0.1,0.01,200.0,1.6388,1.5118,0.0401,0.0682,6.16,6.0
2000,0.0001,0.0,0.5,0.0,0.1,0.1,200.0,2.0296,2.0894,0.059,0.8364,8.15,8.0
2000,0.0001,0.0,0.5,0.0,0.1,0.2,200.0,1.8615,1.8692,-0.0576,-0.8182,8.88,9.0
2000,0.0001,0.0,0.5,0.1,0.0,0.0,200.0,1.4258,1.4442,0.0632,0.2273,5.955,6.0
2000,0.0001,0.0,0.5,0.1,0.0,0.01,200.0,1.6268,1.6812,0.1211,0.4955,6.415,6.0
2000,0.0001,0.0,0.5,0.1,0.0,0.1,200.0,1.9793,2.0441,0.0338,0.7227,8.345,9.0
2000,0.0001,0.0,0.5,0.1,0.0,0.2,200.0,1.9353,1.9562,-0.064,-0.8318,8.86,9.0
2000,0.0001,0.0,0.5,0.1,0.01,0.0,200.0,1.6245,1.6722,-0.012,-0.1455,6.25,6.0
2000,0.0001,0.0,0.5,0.1,0.01,0.01,200.0,1.5987,1.5816,-0.0446,-0.4091,6.44,6.0
2000,0.0001,0.0,0.5,0.1,0.01,0.1,200.0,1.9989,2.0295,0.0121,0.0682,8.605,9.0
2000,0.0001,0.0,0.5,0.1,0.01,0.2,200.0,1.8859,1.8359,0.0081,-0.0091,8.86,9.0
2000,0.0001,0.0,0.5,0.1,0.1,0.0,200.0,1.5793,1.6261,0.056,0.0545,6.13,6.0
2000,0.0001,0.0,0.5,0.1,0.1,0.01,200.0,1.7122,1.7724,0.1204,0.5864,6.51,6.0
2000,0.0001,0.0,0.5,0.1,0.1,0.1,200.0,1.9918,2.0433,0.072,0.8273,8.225,8.0
2000,0.0001,0.0,0.5,0.1,0.1,0.2,200.0,1.8596,1.8495,-0.1068,-0.9045,8.79,9.0
2000,0.0001,0.0,0.5,0.5,0.0,0.0,200.0,1.5091,1.5757,0.0131,-0.2364,6.04,6.0
2000,0.0001,0.0,0.5,0.5,0.0,0.01,200.0,1.7018,1.6353,0.1285,0.4136,6.59,7.0
2000,0.0001,0.0,0.5,0.5,0.0,0.1,200.0,2.0972,2.1076,0.043,0.8545,8.355,8.0
2000,0.0001,0.0,0.5,0.5,0.0,0.2,200.0,1.9329,1.9078,-0.0467,-0.8136,9.055,9.0
2000,0.0001,0.0,0.5,0.5,0.01,0.0,200.0,1.5114,1.456,0.0432,0.1,6.01,6.0
2000,0.0001,0.0,0.5,0.5,0.01,0.01,200.0,1.6623,1.6626,0.024,-0.0045,6.54,7.0
2000,0.0001,0.0,0.5,0.5,0.01,0.1,200.0,2.0123,2.0513,0.0943,0.8364,7.995,8.0
2000,0.0001,0.0,0.5,0.5,0.01,0.2,200.0,1.9694,1.9721,-0.0027,-0.7364,9.005,9.0
2000,0.0001,0.0,0.5,0.5,0.1,0.0,200.0,1.5092,1.5424,0.0199,-0.0545,5.875,6.0
2000,0.0001,0.0,0.5,0.5,0.1,0.01,200.0,1.7633,1.7913,0.0575,0.1682,6.385,6.0
2000,0.0001,0.0,0.5,0.5,0.1,0.1,200.0,1.9719,1.9815,0.0677,0.8591,8.18,8.0
2000,0.0001,0.0,0.5,0.5,0.1,0.2,200.0,1.9326,2.0003,-0.0318,-0.8227,9.025,9.0
2000,0.0001,0.0,0.5,1.0,0.0,0.0,200.0,1.4709,1.3183,0.1905,0.5545,6.23,6.0
2000,0.0001,0.0,0.5,1.0,0.0,0.01,200.0,1.6592,1.5531,0.1162,0.35,6.15,6.0
2000,0.0001,0.0,0.5,1.0,0.0,0.1,200.0,2.0015,1.9838,0.0187,0.1136,8.505,9.0
2000,0.0001,0.0,0.5,1.0,0.0,0.2,200.0,1.9993,2.0072,-0.0119,-0.7864,8.735,9.0
2000,0.0001,0.0,0.5,1.0,0.01,0.0,200.0,1.5767,1.5084,0.0335,0.25,6.275,6.0
2000,0.0001,0.0,0.5,1.0,0.01,0.01,200.0,1.6248,1.5821,0.0269,0.1318,6.575,7.0
2000,0.0001,0.0,0.5,1.0,0.01,0.1,200.0,1.9789,1.9281,0.0524,0.8636,8.52,9.0
2000,0.0001,0.0,0.5,1.0,0.01,0.2,200.0,2.0031,1.9315,-0.0074,-0.5864,8.87,9.0
2000,0.0001,0.0,0.5,1.0,0.1,0.0,200.0,1.5139,1.4441,0.04,0.2045,6.215,6.0
2000,0.0001,0.0,0.5,1.0,0.1,0.01,200.0,1.6576,1.6223,-0.0083,-0.0591,6.565,7.0
2000,0.0001,0.0,0.5,1.0,0.1,0.1,200.0,1.9881,1.9789,0.0436,0.7591,8.645,9.0
2000,0.0001,0.0,0.5,1.0,0.1,0.2,200.0,1.9451,1.9043,-0.0976,-0.8182,8.655,9.0
2000,0.0001,0.01,0.01,0.0,0.0,0.0,200.0,1.9669,1.7826,0.065,0.0636,5.015,5.0
2000,0.0001,0.01,0.01,0.0,0.0,0.01,200.0,1.4721,1.3401,-0.061,-0.4818,4.91,5.0
2000,0.0001,0.01,0.01,0.0,0.0,0.1,200.0,1.8181,1.8572,-0.003,-0.4227,5.735,6.0
2000,0.0001,0.01,0.01,0.0,0.0,0.2,200.0,2.0398,2.0601,0.0551,0.3182,6.92,7.0
2000,0.0001,0.01,0.01,0.0,0.01,0.0,200.0,1.8356,1.6023,0.0225,-0.15,5.085,5.0
2000,0.0001,0.01,0.01,0.0,0.01,0.01,200.0,1.5353,1.4091,-0.1109,-0.5318,5.245,5.0
2000,0.0001,0.01,0.01,0.0,0.01,0.1,200.0,1.8458,1.8808,-0.0512,-0.5136,5.75,6.0
2000,0.0001,0.01,0.01,0.0,0.01,0.2,200.0,2.1026,2.0961,-0.047,-0.4773,7.14,7.0
2000,0.0001,0.01,0.01,0.0,0.1,0.0,200.0,2.0047,1.8247,0.0491,-0.0455,5.165,5.0
2000,0.0001,0.01,0.01,0.0,0.1,0.01,200.0,1.5581,1.451,-0.0555,-0.4955,5.175,5.0
2000,0.0001,0.01,0.01,0.0,0.1,0.1,200.0,1.8422,1.9112,-0.0118,-0.4273,5.75,6.0
2000,0.0001,0.01,0.01,0.0,0.1,0.2,200.0,2.1014,2.0747,0.0262,0.1273,7.04,7.0
2000,0.0001,0.01,0.01,0.1,0.0,0.0,200.0,1.7934,1.7267,0.0086,-0.2727,5.025,5.0
2000,0.0001,0.01,0.01,0.1,0.0,0.01,200.0,1.4628,1.4021,0.0489,0.1136,5.09,5.0
2000,0.0001,0.01,0.01,0.1,0.0,0.1,200.0,1.7473,1.7985,-0.0731,-0.5909,5.545,5.0
2000,0.0001,0.01,0.01,0.1,0.0,0.2,200.0,1.7123,1.6496,-0.0141,-0.5091,7.675,8.0
2000,0.0001,0.01,0.01,0.1,0.01,0.0,200.0,1.6617,1.5434,0.016,-0.1273,5.285,5.0
2000,0.0001,0.01,0.01,0.1,0.01,0.01,200.0,1.5024,1.3873,0.1087,0.3409,5.13,5.0
2000,0.0001,0.01,0.01,0.1,0.01,0.1,200.0,1.9358,1.9475,-0.0755,-0.5364,5.65,6.0
2000,0.0001,0.01,0.01,0.1,0.01,0.2,200.0,1.7756,1.7979,-0.1819,-0.8727,7.625,8.0
2000,0.0001,0.01,0.01,0.1,0.1,0.0,200.0,1.7046,1.658,0.1452,0.4273,5.08,5.0
2000,0.0001,0.01,0.01,0.1,0.1,0.01,200.0,1.4993,1.3903,0.064,0.0955,5.05,5.0
2000,0.0001,0.01,0.01,0.1,0.1,0.1,200.0,1.8232,1.8767,-0.066,-0.5909,5.84,6.0
2000,0.0001,0.01,0.01,0.1,0.1,0.2,200.0,1.897,1.9823,-0.0451,-0.5091,6.92,7.0
2000,0.0001,0.01,0.01,0.5,0.0,0.0,200.0,1.7397,1.6311,0.0674,-0.0682,5.195,5.0
2000,0.0001,0.01,0.01,0.5,0.0,0.01,200.0,1.4581,1.2951,0.0755,0.1273,5.21,5.0
2000,0.0001,0.01,0.01,0.5,0.0,0.1,200.0,1.7707,1.7334,-0.1029,-0.5318,5.82,6.0
2000,0.0001,0.01,0.01,0.5,0.0,0.2,200.0,1.7843,1.7632,-0.0362,-0.6364,7.895,8.0
2000,0.0001,0.01,0.01,0.5,0.01,0.0,200.0,1.7312,1.5687,0.0666,0.1273,5.12,5.0
2000,0.0001,0.01,0.01,0.5,0.01,0.01,200.0,1.5346,1.3868,0.1178,0.3864,5.17,5.0
2000,0.0001,0.01,0.01,0.5,0.01,0.1,200.0,1.7357,1.6983,-0.097,-0.5227,5.695,6.0
2000,0.0001,0.01,0.01,0.5,0.01,0.2,200.0,2.0241,2.1282,-0.0366,-0.4955,6.735,7.0
2000,0.0001,0.01,0.01,0.5,0.1,0.0,200.0,1.7487,1.6291,0.0452,-0.0273,5.33,5.0
2000,0.0001,0.01,0.01,0.5,0.1,0.01,200.0,1.392,1.2684,0.1435,0.4182,5.085,5.0
2000,0.0001,0.01,0.01,0.5,0.1,0.1,200.0,1.7478,1.6963,-0.1025,-0.5273,5.86,6.0
2000,0.0001,0.01,0.01,0.5,0.1,0.2,200.0,1.9923,2.0687,-0.0376,-0.4182,7.0,7.0
2000,0.0001,0.01,0.01,1.0,0.0,0.0,200.0,1.5733,1.4924,0.0582,0.0182,5.0,5.0
2000,0.0001,0.01,0.01,1.0,0.0,0.01,200.0,1.612,1.5649,0.0461,-0.0136,5.395,5.0
2000,0.0001,0.01,0.01,1.0,0.0,0.1,200.0,1.8295,1.7705,-0.0405,-0.4955,5.87,6.0
2000,0.0001,0.01,0.01,1.0,0.0,0.2,200.0,1.9479,1.998,-0.0897,-0.6636,6.75,7.0
2000,0.0001,0.01,0.01,1.0,0.01,0.0,200.0,1.602,1.4664,0.0605,0.0455,5.15,5.0
2000,0.0001,0.01,0.01,1.0,0.01,0.01,200.0,1.456,1.2549,0.0265,-0.0545,5.265,5.0
2000,0.0001,0.01,0.01,1.0,0.01,0.1,200.0,1.8016,1.7429,-0.0841,-0.5045,5.89,6.0
2000,0.0001,0.01,0.01,1.0,0.01,0.2,200.0,1.865,1.9527,-0.1536,-0.6727,6.46,6.0
2000,0.0001,0.01,0.01,1.0,0.1,0.0,200.0,1.625,1.5231,0.0732,0.0364,5.17,5.0
2000,0.0001,0.01,0.01,1.0,0.1,0.01,200.0,1.456,1.2602,0.119,0.3545,5.36,5.0
2000,0.0001,0.01,0.01,1.0,0.1,0.1,200.0,1.789,1.7108,-0.03,-0.4909,5.81,6.0
2000,0.0001,0.01,0.01,1.0,0.1,0.2,200.0,1.803,1.843,-0.1007,-0.6182,6.325,6.0
2000,0.0001,0.01,0.1,0.0,0.0,0.0,200.0,1.4401,1.3283,0.0903,0.1227,5.095,5.0
2000,0.0001,0.01,0.1,0.0,0.0,0.01,200.0,1.5168,1.4156,0.0361,-0.25,5.17,5.0
2000,0.0001,0.01,0.1,0.0,0.0,0.1,200.0,1.6225,1.64,-0.077,-0.5818,5.845,6.0
2000,0.0001,0.01,0.1,0.0,0.0,0.2,200.0,1.8452,1.8693,0.064,0.7364,7.04,7.0
2000,0.0001,0.01,0.1,0.0,0.01,0.0,200.0,1.5653,1.4507,0.0767,0.1227,5.31,5.0
2000,0.0001,0.01,0.1,0.0,0.01,0.01,200.0,1.4194,1.4245,0.2094,0.55,5.255,5.0
2000,0.0001,0.01,0.1,0.0,0.01,0.1,200.0,1.5909,1.5142,0.0568,0.0091,5.805,6.0
2000,0.0001,0.01,0.1,0.0,0.01,0.2,200.0,1.9061,1.9382,-0.1061,-0.7955,6.21,6.0
2000,0.0001,0.01,0.1,0.0,0.1,0.0,200.0,1.4828,1.3932,0.1079,0.2227,5.22,5.0
2000,0.0001,0.01,0.1,0.0,0.1,0.01,200.0,1.5609,1.3754,-0.0054,-0.2591,5.32,5.0
2000,0.0001,0.01,0.1,0.0,0.1,0.1,200.0,1.6603,1.6086,0.0541,0.0909,5.88,6.0
2000,0.0001,0.01,0.1,0.0,0.1,0.2,200.0,1.8044,1.9043,-0.0549,-0.7818,6.675,7.0
2000,0.0001,0.01,0.1,0.1,0.0,0.0,200.0,1.4449,1.3331,0.0217,-0.1273,5.18,5.0
2000,0.0001,0.01,0.1,0.1,0.0,0.01,200.0,1.5264,1.5035,0.0491,0.2318,5.49,6.0
2000,0.0001,0.01,0.1,0.1,0.0,0.1,200.0,1.6795,1.6483,0.0457,-0.2182,5.85,6.0
2000,0.0001,0.01,0.1,0.1,0.0,0.2,200.0,1.8112,1.8575,-0.0324,-0.6591,6.605,6.5
2000,0.0001,0.01,0.1,0.1,0.01,0.0,200.0,1.5107,1.4603,0.0239,-0.1227,5.185,5.0
2000,0.0001,0.01,0.1,0.1,0.01,0.01,200.0,1.4068,1.2437,-0.0174,-0.2909,5.17,5.0
2000,0.0001,0.01,0.1,0.1,0.01,0.1,200.0,1.7614,1.8205,0.0165,-0.4455,5.86,6.0
2000,0.0001,0.01,0.1,0.1,0.01,0.2,200.0,1.8621,1.9747,-0.0492,-0.7864,6.83,7.0
2000,0.0001,0.01,0.1,0.1,0.1,0.0,200.0,1.4897,1.4045,0.0604,-0.0227,5.135,5.0
2000,0.0001,0.01,0.1,0.1,0.1,0.01,200.0,1.5905,1.5432,0.0783,0.2591,5.315,5.0
2000,0.0001,0.01,0.1,0.1,0.1,0.1,200.0,1.6396,1.7122,0.0206,-0.1636,6.115,6.0
2000,0.0001,0.01,0.1,0.1,0.1,0.2,200.0,1.86,1.8824,-0.0639,-0.8182,6.76,7.0
2000,0.0001,0.01,0.1,0.5,0.0,0.0,200.0,1.4847,1.4038,0.0863,0.1545,5.32,5.0
2000,0.0001,0.01,0.1,0.5,0.0,0.01,200.0,1.5126,1.3872,0.0101,-0.2682,5.41,5.0
2000,0.0001,0.01,0.1,0.5,0.0,0.1,200.0,1.7551,1.813,0.0636,0.2227,6.375,6.0
2000,0.0001,0.01,0.1,0.5,0.0,0.2,200.0,1.6948,1.6768,-0.0953,-0.5273,6.04,6.0
2000,0.0001,0.01,0.1,0.5,0.01,0.0,200.0,1.3934,1.2685,0.0643,0.2318,5.39,5.0
2000,0.0001,0.01,0.1,0.5,0.01,0.01,200.0,1.4769,1.3619,0.013,-0.2,5.305,5.0
2000,0.0001,0.01,0.1,0.5,0.01,0.1,200.0,1.7895,1.8549,-0.0207,-0.4909,6.33,6.0
2000,0.0001,0.01,0.1,0.5,0.01,0.2,200.0,1.7154,1.7267,-0.0442,-0.5909,6.18,6.0
2000,0.0001,0.01,0.1,0.5,0.1,0.0,200.0,1.4416,1.3175,0.0825,0.1682,5.2,5.0
2000,0.0001,0.01,0.1,0.5,0.1,0.01,200.0,1.5443,1.4322,0.0453,0.0364,5.295,5.0
2000,0.0001,0.01,0.1,0.5,0.1,0.1,200.0,1.7845,1.9112,0.0145,-0.2182,6.26,6.0
2000,0.0001,0.01,0.1,0.5,0.1,0.2,200.0,1.7607,1.7495,-0.0767,-0.5318,6.235,6.0
2000,0.0001,0.01,0.1,1.0,0.0,0.0,200.0,1.4424,1.3076,0.0299,-0.2273,5.295,5.0
2000,0.0001,0.01,0.1,1.0,0.0,0.01,200.0,1.4732,1.4043,0.0794,0.0682,5.365,5.0
2000,0.0001,0.01,0.1,1.0,0.0,0.1,200.0,1.8385,1.9251,0.1282,0.6182,6.585,7.0
2000,0.0001,0.01,0.1,1.0,0.0,0.2,200.0,1.7914,1.8316,0.0312,0.4182,6.55,7.0
2000,0.0001,0.01,0.1,1.0,0.01,0.0,200.0,1.4975,1.3812,0.052,-0.0409,5.155,5.0
2000,0.0001,0.01,0.1,1.0,0.01,0.01,200.0,1.583,1.4272,0.0156,-0.0273,5.475,5.0
2000,0.0001,0.01,0.1,1.0,0.01,0.1,200.0,1.7319,1.8408,0.0682,0.2364,6.44,7.0
2000,0.0001,0.01,0.1,1.0,0.01,0.2,200.0,1.7175,1.6896,-0.0029,-0.4091,6.515,6.0
2000,0.0001,0.01,0.1,1.0,0.1,0.0,200.0,1.5016,1.3557,0.0281,-0.1955,5.14,5.0
2000,0.0001,0.01,0.1,1.0,0.1,0.01,200.0,1.4686,1.4089,0.074,0.0136,5.395,5.0
2000,0.0001,0.01,0.1,1.0,0.1,0.1,200.0,1.8761,2.013,-0.0161,-0.4591,6.66,7.0
2000,0.0001,0.01,0.1,1.0,0.1,0.2,200.0,1.6992,1.7355,0.0019,-0.0636,6.435,6.0
2000,0.0001,0.01,0.5,0.0,0.0,0.0,200.0,1.4125,1.3176,0.1123,0.3455,5.685,6.0
2000,0.0001,0.01,0.5,0.0,0.0,0.01,200.0,1.5634,1.4571,0.026,-0.0727,5.72,6.0
2000,0.0001,0.01,0.5,0.0,0.0,0.1,200.0,1.9168,2.0222,0.0949,0.55,7.035,7.0
2000,0.0001,0.01,0.5,0.0,0.0,0.2,200.0,1.9904,2.0229,0.0338,0.4591,7.97,8.0
2000,0.0001,0.01,0.5,0.0,0.01,0.0,200.0,1.5173,1.4523,0.0355,0.0318,5.58,6.0
2000,0.0001,0.01,0.5,0.0,0.01,0.01,200.0,1.5238,1.3693,0.052,-0.0409,5.705,6.0
2000,0.0001,0.01,0.5,0.0,0.01,0.1,200.0,1.9371,2.0683,-0.0193,-0.7,6.915,7.0
2000,0.0001,0.01,0.5,0.0,0.01,0.2,200.0,2.0782,2.12,-0.212,-0.8818,7.675,8.0
2000,0.0001,0.01,0.5,0.0,0.1,0.0,200.0,1.4636,1.3988,0.0666,0.1091,5.71,6.0
2000,0.0001,0.01,0.5,0.0,0.1,0.01,200.0,1.5305,1.4725,0.0375,-0.1682,5.625,6.0
2000,0.0001,0.01,0.5,0.0,0.1,0.1,200.0,1.9151,1.9574,0.0743,0.4,7.045,7.0
2000,0.0001,0.01,0.5,0.0,0.1,0.2,200.0,1.965,2.0393,-0.0867,-0.8409,7.89,8.0
2000,0.0001,0.01,0.5,0.1,0.0,0.0,200.0,1.4485,1.4237,0.0847,0.2455,5.52,5.0
2000,0.0001,0.01,0.5,0.1,0.0,0.01,200.0,1.5499,1.3866,0.0306,-0.0045,5.545,6.0
2000,0.0001,0.01,0.5,0.1,0.0,0.1,200.0,1.9165,2.0304,0.1033,0.5136,7.185,7.0
2000,0.0001,0.01,0.5,0.1,0.0,0.2,200.0,1.9818,2.0328,0.004,-0.6591,7.62,8.0
2000,0.0001,0.01,0.5,0.1,0.01,0.0,200.0,1.3584,1.3054,0.1851,0.5591,5.42,5.0
2000,0.0001,0.01,0.5,0.1,0.01,0.01,200.0,1.5404,1.4664,0.0871,0.2273,5.49,5.0
2000,0.0001,0.01,0.5,0.1,0.01,0.1,200.0,1.9942,2.0787,0.0319,0.0273,7.2,7.0
2000,0.0001,0.01,0.5,0.1,0.01,0.2,200.0,1.9715,2.0376,0.0496,0.7591,7.77,8.0
2000,0.0001,0.01,0.5,0.1,0.1,0.0,200.0,1.3747,1.278,0.1113,0.2409,5.46,5.0
2000,0.0001,0.01,0.5,0.1,0.1,0.01,200.0,1.5337,1.3526,0.0535,-0.0545,5.525,6.0
2000,0.0001,0.01,0.5,0.1,0.1,0.1,200.0,1.8896,1.9962,0.0789,0.5773,7.115,7.0
2000,0.0001,0.01,0.5,0.1,0.1,0.2,200.0,1.9428,2.0353,0.0304,0.05,7.505,8.0
2000,0.0001,0.01,0.5,0.5,0.0,0.0,200.0,1.4325,1.3396,0.1303,0.4,5.47,5.0
2000,0.0001,0.01,0.5,0.5,0.0,0.01,200.0,1.417,1.2768,0.0042,-0.2227,5.555,5.0
2000,0.0001,0.01,0.5,0.5,0.0,0.1,200.0,1.9047,2.0549,0.0267,0.2045,7.11,7.0
2000,0.0001,0.01,0.5,0.5,0.0,0.2,200.0,1.9735,2.0573,-0.1672,-0.8136,7.335,7.0
2000,0.0001,0.01,0.5,0.5,0.01,0.0,200.0,1.4246,1.3734,0.1444,0.4136,5.46,5.0
2000,0.0001,0.01,0.5,0.5,0.01,0.01,200.0,1.6132,1.5043,0.0099,-0.1545,5.77,6.0
2000,0.0001,0.01,0.5,0.5,0.01,0.1,200.0,1.9458,2.0945,0.0134,-0.4136,7.355,8.0
2000,0.0001,0.01,0.5,0.5,0.01,0.2,200.0,1.9729,2.0496,0.0859,0.7455,7.525,8.0
2000,0.0001,0.01,0.5,0.5,0.1,0.0,200.0,1.4661,1.4157,0.0681,0.2273,5.525,5.0
2000,0.0001,0.01,0.5,0.5,0.1,0.01,200.0,1.5031,1.4294,0.0427,-0.1545,5.795,6.0
2000,0.0001,0.01,0.5,0.5,0.1,0.1,200.0,1.9935,2.0117,0.0217,-0.1273,7.315,7.0
2000,0.0001,0.01,0.5,0.5,0.1,0.2,200.0,1.9512,1.9243,0.0767,0.8136,7.685,8.0
2000,0.0001,0.01,0.5,1.0,0.0,0.0,200.0,1.3457,1.2589,0.1411,0.4182,5.49,5.0
2000,0.0001,0.01,0.5,1.0,0.0,0.01,200.0,1.5119,1.3507,-0.0229,-0.2227,5.685,6.0
2000,0.0001,0.01,0.5,1.0,0.0,0.1,200.0,1.828,1.8966,0.0522,0.3455,7.475,8.0
2000,0.0001,0.01,0.5,1.0,0.0,0.2,200.0,1.974,2.0374,0.0259,0.1364,7.745,8.0
2000,0.0001,0.01,0.5,1.0,0.01,0.0,200.0,1.4461,1.4049,0.015,-0.15,5.525,6.0
2000,0.0001,0.01,0.5,1.0,0.01,0.01,200.0,1.434,1.2786,0.0466,-0.0455,5.765,6.0
2000,0.0001,0.01,0.5,1.0,0.01,0.1,200.0,1.9005,1.9959,0.0783,0.6045,7.37,7.0
2000,0.0001,0.01,0.5,1.0,0.01,0.2,200.0,2.0203,2.0742,-0.0404,-0.8091,7.685,8.0
2000,0.0001,0.01,0.5,1.0,0.1,0.0,200.0,1.3874,1.2106,0.1494,0.4909,5.58,6.0
2000,0.0001,0.01,0.5,1.0,0.1,0.01,200.0,1.539,1.4482,0.0382,-0.0091,5.68,6.0
2000,0.0001,0.01,0.5,1.0,0.1,0.1,200.0,1.7871,1.8822,0.0631,0.5591,7.325,7.5
2000,0.0001,0.01,0.5,1.0,0.1,0.2,200.0,2.0202,2.0594,0.0085,-0.2409,7.62,8.0
2000,0.0001,0.1,0.01,0.0,0.0,0.0,200.0,2.0937,1.9362,0.0175,0.0227,5.805,6.0
2000,0.0001,0.1,0.01,0.0,0.0,0.01,200.0,1.7407,1.6929,0.0767,0.1727,5.82,6.0
2000,0.0001,0.1,0.01,0.0,0.0,0.1,200.0,2.1061,2.172,0.045,0.2091,6.17,6.0
2000,0.0001,0.1,0.01,0.0,0.0,0.2,200.0,1.9883,2.0571,-0.008,-0.5318,6.975,7.0
2000,0.0001,0.1,0.01,0.0,0.01,0.0,200.0,2.0528,1.96,0.0426,-0.05,5.81,6.0
2000,0.0001,0.1,0.01,0.0,0.01,0.01,200.0,1.7152,1.6496,0.0515,0.0636,5.65,5.5
2000,0.0001,0.1,0.01,0.0,0.01,0.1,200.0,1.8985,1.7805,0.0548,0.2182,5.98,6.0
2000,0.0001,0.1,0.01,0.0,0.01,0.2,200.0,1.9443,2.0514,0.0613,0.7318,7.245,7.0
2000,0.0001,0.1,0.01,0.0,0.1,0.0,200.0,2.1302,2.1018,0.0325,0.0409,5.715,6.0
2000,0.0001,0.1,0.01,0.0,0.1,0.01,200.0,1.6983,1.6085,0.0415,0.0273,5.715,6.0
2000,0.0001,0.1,0.01,0.0,0.1,0.1,200.0,2.0863,2.0818,0.0683,0.4091,6.165,6.0
2000,0.0001,0.1,0.01,0.0,0.1,0.2,200.0,2.0216,2.0759,0.0232,-0.0864,6.84,7.0
2000,0.0001,0.1,0.01,0.1,0.0,0.0,200.0,1.9797,1.9331,-0.0073,-0.05,6.025,6.0
2000,0.0001,0.1,0.01,0.1,0.0,0.01,200.0,1.7465,1.6216,0.0924,0.1591,5.71,6.0
2000,0.0001,0.1,0.01,0.1,0.0,0.1,200.0,1.7202,1.7119,0.1857,0.6909,5.835,6.0
2000,0.0001,0.1,0.01,0.1,0.0,0.2,200.0,2.1273,2.1811,-0.0844,-0.7909,7.34,7.0
2000,0.0001,0.1,0.01,0.1,0.01,0.0,200.0,1.9424,1.8788,0.0347,0.0818,6.01,6.0
2000,0.0001,0.1,0.01,0.1,0.01,0.01,200.0,1.7228,1.6685,0.0761,0.1864,5.735,6.0
2000,0.0001,0.1,0.01,0.1,0.01,0.1,200.0,1.7531,1.8469,0.1762,0.5773,5.91,6.0
2000,0.0001,0.1,0.01,0.1,0.01,0.2,200.0,2.1349,2.1676,-0.0957,-0.8045,7.11,7.0
2000,0.0001,0.1,0.01,0.1,0.1,0.0,200.0,1.965,1.9377,0.0246,0.0545,6.02,6.0
2000,0.0001,0.1,0.01,0.1,0.1,0.01,200.0,1.6595,1.5805,0.0725,0.0909,5.67,6.0
2000,0.0001,0.1,0.01,0.1,0.1,0.1,200.0,1.8769,1.9344,0.1274,0.5773,5.9,6.0
2000,0.0001,0.1,0.01,0.1,0.1,0.2,200.0,2.081,2.0764,-0.0849,-0.8091,7.33,7.0
2000,0.0001,0.1,0.01,0.5,0.0,0.0,200.0,2.5069,2.4583,0.07,0.1273,5.93,6.0
2000,0.0001,0.1,0.01,0.5,0.0,0.01,200.0,1.933,1.7551,0.2137,0.3773,5.895,6.0
2000,0.0001,0.1,0.01,0.5,0.0,0.1,200.0,1.921,1.9821,0.1069,0.8273,7.28,7.0
2000,0.0001,0.1,0.01,0.5,0.0,0.2,200.0,1.7412,1.8361,-0.0698,-0.8,7.08,7.0
2000,0.0001,0.1,0.01,0.5,0.01,0.0,200.0,2.3426,2.2527,0.1011,0.1591,6.165,6.0
2000,0.0001,0.1,0.01,0.5,0.01,0.01,200.0,1.852,1.7507,0.158,0.2682,5.84,6.0
2000,0.0001,0.1,0.01,0.5,0.01,0.1,200.0,1.8506,1.9836,0.0462,0.2045,6.985,7.0
2000,0.0001,0.1,0.01,0.5,0.01,0.2,200.0,1.6502,1.656,-0.0134,-0.5136,6.885,7.0
2000,0.0001,0.1,0.01,0.5,0.1,0.0,200.0,2.4795,2.3706,0.0535,0.0455,5.845,6.0
2000,0.0001,0.1,0.01,0.5,0.1,0.01,200.0,1.8104,1.7708,0.198,0.3182,5.79,6.0
2000,0.0001,0.1,0.01,0.5,0.1,0.1,200.0,1.8506,1.9437,-0.0406,-0.4364,6.985,7.0
2000,0.0001,0.1,0.01,0.5,0.1,0.2,200.0,1.6574,1.6835,-0.0268,-0.4273,6.51,6.0
2000,0.0001,0.1,0.01,1.0,0.0,0.0,200.0,2.39,2.2426,0.0862,0.1864,5.81,6.0
2000,0.0001,0.1,0.01,1.0,0.0,0.01,200.0,2.0,1.8863,0.1051,0.2182,5.805,6.0
2000,0.0001,0.1,0.01,1.0,0.0,0.1,200.0,1.7386,1.8241,0.1005,0.4864,6.4,7.0
2000,0.0001,0.1,0.01,1.0,0.0,0.2,200.0,1.9247,2.0058,0.0129,-0.3818,6.89,7.0
2000,0.0001,0.1,0.01,1.0,0.01,0.0,200.0,2.5619,2.3707,0.0804,0.1,6.055,6.0
2000,0.0001,0.1,0.01,1.0,0.01,0.01,200.0,1.9998,1.9187,0.081,0.0591,5.835,6.0
2000,0.0001,0.1,0.01,1.0,0.01,0.1,200.0,1.7507,1.8371,0.0816,0.4318,6.6,7.0
2000,0.0001,0.1,0.01,1.0,0.01,0.2,200.0,1.9259,1.9689,-0.0742,-0.7636,7.03,7.0
2000,0.0001,0.1,0.01,1.0,0.1,0.0,200.0,2.3764,2.2656,0.0157,-0.0818,5.78,6.0
2000,0.0001,0.1,0.01,1.0,0.1,0.01,200.0,2.0077,1.9124,0.0722,0.1591,5.895,6.0
2000,0.0001,0.1,0.01,1.0,0.1,0.1,200.0,1.8132,1.9234,0.1124,0.6,6.47,7.0
2000,0.0001,0.1,0.01,1.0,0.1,0.2,200.0,1.9288,1.9909,-0.0845,-0.7818,7.065,7.0
2000,0.0001,0.1,0.1,0.0,0.0,0.0,200.0,1.9874,1.9841,0.1243,0.2455,5.98,6.0
2000,0.0001,0.1,0.1,0.0,0.0,0.01,200.0,1.7786,1.5812,0.0993,0.2227,5.915,6.0
2000,0.0001,0.1,0.1,0.0,0.0,0.1,200.0,1.4815,1.3627,0.0175,0.0182,6.225,6.0
2000,0.0001,0.1,0.1,0.0,0.0,0.2,200.0,1.842,1.8763,-0.0598,-0.7,7.165,7.0
2000,0.0001,0.1,0.1,0.0,0.01,0.0,200.0,2.0824,2.0321,0.0939,0.1273,5.87,6.0
2000,0.0001,0.1,0.1,0.0,0.01,0.01,200.0,1.7709,1.6858,0.0576,0.0409,6.005,6.0
2000,0.0001,0.1,0.1,0.0,0.01,0.1,200.0,1.5036,1.4234,0.0555,0.2182,5.91,6.0
2000,0.0001,0.1,0.1,0.0,0.01,0.2,200.0,1.943,1.9896,-0.0437,-0.7227,7.365,7.0
2000,0.0001,0.1,0.1,0.0,0.1,0.0,200.0,2.0075,1.9602,0.0974,0.15,5.95,6.0
2000,0.0001,0.1,0.1,0.0,0.1,0.01,200.0,1.6944,1.5669,0.0582,0.0773,5.915,6.0
2000,0.0001,0.1,0.1,0.0,0.1,0.1,200.0,1.6125,1.5696,0.0257,0.1591,5.99,6.0
2000,0.0001,0.1,0.1,0.0,0.1,0.2,200.0,1.8932,1.8964,0.1,0.8636,7.22,7.0
2000,0.0001,0.1,0.1,0.1,0.0,0.0,200.0,2.0688,2.0576,0.1208,0.1909,5.835,6.0
2000,0.0001,0.1,0.1,0.1,0.0,0.01,200.0,1.7793,1.7289,0.1741,0.3136,5.95,6.0
2000,0.0001,0.1,0.1,0.1,0.0,0.1,200.0,1.9719,2.0527,0.0083,0.1636,6.735,7.0
2000,0.0001,0.1,0.1,0.1,0.0,0.2,200.0,1.9944,2.0527,-0.054,-0.8091,7.395,8.0
2000,0.0001,0.1,0.1,0.1,0.01,0.0,200.0,2.2513,2.2184,0.1248,0.3,5.97,6.0
2000,0.0001,0.1,0.1,0.1,0.01,0.01,200.0,1.9252,1.8442,0.074,0.1682,5.885,6.0
2000,0.0001,0.1,0.1,0.1,0.01,0.1,200.0,1.9768,2.0758,-0.111,-0.6955,6.53,7.0
2000,0.0001,0.1,0.1,0.1,0.01,0.2,200.0,2.0071,2.0797,-0.08,-0.8,7.345,7.0
2000,0.0001,0.1,0.1,0.1,0.1,0.0,200.0,2.1983,2.2161,0.1546,0.3318,5.83,6.0
2000,0.0001,0.1,0.1,0.1,0.1,0.01,200.0,1.9172,1.9129,0.0626,0.0818,6.15,6.0
2000,0.0001,0.1,0.1,0.1,0.1,0.1,200.0,1.5711,1.5112,0.017,0.0182,6.035,6.0
2000,0.0001,0.1,0.1,0.1,0.1,0.2,200.0,2.1624,2.1258,-0.0337,-0.7091,7.515,7.0
2000,0.0001,0.1,0.1,0.5,0.0,0.0,200.0,2.5572,2.402,0.1006,0.2727,6.09,6.0
2000,0.0001,0.1,0.1,0.5,0.0,0.01,200.0,2.1424,2.0243,0.1216,0.2955,5.97,6.0
2000,0.0001,0.1,0.1,0.5,0.0,0.1,200.0,1.7462,1.8961,0.118,0.5,6.685,7.0
2000,0.0001,0.1,0.1,0.5,0.0,0.2,200.0,2.0125,2.086,0.0837,0.9455,7.795,8.0
2000,0.0001,0.1,0.1,0.5,0.01,0.0,200.0,2.516,2.4022,0.049,0.0682,6.07,6.0
2000,0.0001,0.1,0.1,0.5,0.01,0.01,200.0,2.2156,2.2143,0.0882,0.2136,6.0,6.0
2000,0.0001,0.1,0.1,0.5,0.01,0.1,200.0,1.533,1.5449,0.1077,0.3727,6.075,6.0
2000,0.0001,0.1,0.1,0.5,0.01,0.2,200.0,2.0166,2.0434,0.0295,0.4409,7.59,8.0
2000,0.0001,0.1,0.1,0.5,0.1,0.0,200.0,2.5291,2.4017,0.0503,0.2727,5.975,6.0
2000,0.0001,0.1,0.1,0.5,0.1,0.01,200.0,2.0506,2.067,0.1021,0.2409,5.915,6.0
2000,0.0001,0.1,0.1,0.5,0.1,0.1,200.0,1.3787,1.2233,0.1099,0.2455,6.19,6.0
2000,0.0001,0.1,0.1,0.5,0.1,0.2,200.0,2.0297,2.1133,0.0214,0.0864,7.66,8.0
2000,0.0001,0.1,0.1,1.0,0.0,0.0,200.0,2.4978,2.4559,0.062,0.0591,6.175,6.0
2000,0.0001,0.1,0.1,1.0,0.0,0.01,200.0,2.1432,2.0503,0.1255,0.2409,5.92,6.0
2000,0.0001,0.1,0.1,1.0,0.0,0.1,200.0,1.3506,1.3219,0.1081,0.3409,5.735,6.0
2000,0.0001,0.1,0.1,1.0,0.0,0.2,200.0,2.0037,2.0787,-0.0148,-0.7136,7.42,8.0
2000,0.0001,0.1,0.1,1.0,0.01,0.0,200.0,2.5798,2.517,0.1145,0.1727,6.015,6.0
2000,0.0001,0.1,0.1,1.0,0.01,0.01,200.0,2.1318,2.0775,0.1307,0.2682,6.075,6.0
2000,0.0001,0.1,0.1,1.0,0.01,0.1,200.0,1.4264,1.3533,0.123,0.4182,5.605,6.0
2000,0.0001,0.1,0.1,1.0,0.01,0.2,200.0,2.016,2.0733,0.1357,0.9318,7.42,7.0
2000,0.0001,0.1,0.1,1.0,0.1,0.0,200.0,2.5046,2.4298,0.09,0.1727,6.1,6.0
2000,0.0001,0.1,0.1,1.0,0.1,0.01,200.0,2.2171,2.1265,0.126,0.2818,5.965,6.0
2000,0.0001,0.1,0.1,1.0,0.1,0.1,200.0,1.3169,1.232,0.1201,0.4955,5.65,6.0
2000,0.0001,0.1,0.1,1.0,0.1,0.2,200.0,2.0136,2.0542,0.1199,0.9,7.745,8.0
2000,0.0001,0.1,0.5,0.0,0.0,0.0,200.0,2.1183,2.0643,0.0781,0.1409,5.99,6.0
2000,0.0001,0.1,0.5,0.0,0.0,0.01,200.0,1.8334,1.7515,0.0288,0.0364,6.03,6.0
2000,0.0001,0.1,0.5,0.0,0.0,0.1,200.0,1.428,1.3128,0.1573,0.4545,6.295,6.0
2000,0.0001,0.1,0.5,0.0,0.0,0.2,200.0,2.0523,2.1086,0.0476,0.8636,8.09,8.0
2000,0.0001,0.1,0.5,0.0,0.01,0.0,200.0,2.1438,2.067,0.0972,0.1864,5.86,6.0
2000,0.0001,0.1,0.5,0.0,0.01,0.01,200.0,1.7901,1.746,0.103,0.1591,5.865,6.0
2000,0.0001,0.1,0.5,0.0,0.01,0.1,200.0,1.3903,1.1752,0.1072,0.3682,6.085,6.0
2000,0.0001,0.1,0.5,0.0,0.01,0.2,200.0,2.0075,2.0523,0.0741,0.9727,8.33,8.0
2000,0.0001,0.1,0.5,0.0,0.1,0.0,200.0,2.0578,2.005,0.0605,0.0182,6.005,6.0
2000,0.0001,0.1,0.5,0.0,0.1,0.01,200.0,1.7901,1.72,0.0783,0.1773,6.0,6.0
2000,0.0001,0.1,0.5,0.0,0.1,0.1,200.0,1.5204,1.4773,0.1451,0.3818,6.415,6.0
2000,0.0001,0.1,0.5,0.0,0.1,0.2,200.0,2.0664,2.0625,0.0349,0.6727,7.965,8.0
2000,0.0001,0.1,0.5,0.1,0.0,0.0,200.0,1.9683,1.9049,0.1535,0.2773,6.07,6.0
2000,0.0001,0.1,0.5,0.1,0.0,0.01,200.0,1.8889,1.8383,0.0576,0.0818,5.9,6.0
2000,0.0001,0.1,0.5,0.1,0.0,0.1,200.0,1.4683,1.3476,0.0585,0.1409,6.145,6.0
2000,0.0001,0.1,0.5,0.1,0.0,0.2,200.0,2.0775,2.1604,0.0384,0.8045,7.845,8.0
2000,0.0001,0.1,0.5,0.1,0.01,0.0,200.0,2.1606,2.0918,0.0612,0.0591,6.065,6.0
2000,0.0001,0.1,0.5,0.1,0.01,0.01,200.0,1.9017,1.8429,0.0289,-0.0273,5.955,6.0
2000,0.0001,0.1,0.5,0.1,0.01,0.1,200.0,1.5238,1.3612,0.0863,0.2182,6.47,7.0
2000,0.0001,0.1,0.5,0.1,0.01,0.2,200.0,2.0354,2.1171,0.1835,0.9727,7.91,8.0
2000,0.0001,0.1,0.5,0.1,0.1,0.0,200.0,2.0345,1.9404,0.1155,0.2,6.075,6.0
2000,0.0001,0.1,0.5,0.1,0.1,0.01,200.0,1.8264,1.8041,0.0266,0.0636,6.02,6.0
2000,0.0001,0.1,0.5,0.1,0.1,0.1,200.0,1.4384,1.2968,0.1247,0.4091,6.3,6.0
2000,0.0001,0.1,0.5,0.1,0.1,0.2,200.0,1.9541,2.113,0.1868,0.8136,7.135,7.0
2000,0.0001,0.1,0.5,0.5,0.0,0.0,200.0,2.1562,2.1225,0.0866,0.1136,6.085,6.0
2000,0.0001,0.1,0.5,0.5,0.0,0.01,200.0,1.8299,1.7801,0.0949,0.2955,6.135,6.0
2000,0.0001,0.1,0.5,0.5,0.0,0.1,200.0,1.3976,1.2461,0.2504,0.6682,6.395,6.0
2000,0.0001,0.1,0.5,0.5,0.0,0.2,200.0,1.9848,2.0096,0.132,0.9727,8.295,8.0
2000,0.0001,0.1,0.5,0.5,0.01,0.0,200.0,2.0209,2.0241,0.055,0.0955,6.275,6.0
2000,0.0001,0.1,0.5,0.5,0.01,0.01,200.0,1.9285,1.8759,0.1017,0.2,6.095,6.0
2000,0.0001,0.1,0.5,0.5,0.01,0.1,200.0,1.6308,1.4858,0.2142,0.7,6.435,7.0
2000,0.0001,0.1,0.5,0.5,0.01,0.2,200.0,2.1369,2.1342,0.1533,0.9227,7.705,8.0
2000,0.0001,0.1,0.5,0.5,0.1,0.0,200.0,1.9521,1.9286,0.0742,0.0636,6.045,6.0
2000,0.0001,0.1,0.5,0.5,0.1,0.01,200.0,1.7892,1.7058,0.0354,-0.0909,6.11,6.0
2000,0.0001,0.1,0.5,0.5,0.1,0.1,200.0,1.5327,1.5551,0.2057,0.7045,6.245,6.0
2000,0.0001,0.1,0.5,0.5,0.1,0.2,200.0,2.052,2.0851,0.0744,0.9227,7.895,8.0
2000,0.0001,0.1,0.5,1.0,0.0,0.0,200.0,2.0112,2.0134,0.0611,0.1636,6.175,6.0
2000,0.0001,0.1,0.5,1.0,0.0,0.01,200.0,1.8876,1.7698,0.0616,0.1455,6.19,6.0
2000,0.0001,0.1,0.5,1.0,0.0,0.1,200.0,1.3406,1.2482,0.13,0.2545,6.165,6.0
2000,0.0001,0.1,0.5,1.0,0.0,0.2,200.0,2.0487,2.1656,0.207,0.9682,7.45,8.0
2000,0.0001,0.1,0.5,1.0,0.01,0.0,200.0,2.0184,1.9397,0.0402,0.0273,5.965,6.0
2000,0.0001,0.1,0.5,1.0,0.01,0.01,200.0,1.8063,1.7284,0.0423,0.0091,6.035,6.0
2000,0.0001,0.1,0.5,1.0,0.01,0.1,200.0,1.5142,1.3458,0.1254,0.3455,6.27,6.0
2000,0.0001,0.1,0.5,1.0,0.01,0.2,200.0,2.0646,2.1451,0.2658,0.9545,7.38,7.0
2000,0.0001,0.1,0.5,1.0,0.1,0.0,200.0,2.1226,2.0588,0.0329,-0.0455,6.235,6.0
2000,0.0001,0.1,0.5,1.0,0.1,0.01,200.0,1.7336,1.6028,0.0664,0.0955,6.105,6.0
2000,0.0001,0.1,0.5,1.0,0.1,0.1,200.0,1.3983,1.1995,0.1692,0.4682,6.44,6.0
2000,0.0001,0.1,0.5,1.0,0.1,0.2,200.0,2.03,2.1131,0.1707,0.9136,7.53,8.0
