epochs,lr,lambda_kld,lambda_reg,lambda_pair,lambda_smooth,lambda_infonce,val_recon_r2,val_reg_r2
1000,5e-05,0.0,0.01,0.0,0.01,0.01,0.9623585741771803,0.8802180228433939
1000,5e-05,0.0,0.01,0.0,0.01,0.1,0.956823264445583,0.9024775351915784
1000,5e-05,0.0,0.01,0.0,0.01,0.2,0.9496655151633462,0.907300558743092
1000,5e-05,0.0,0.01,0.0,0.1,0.0,0.9553615260619601,0.8752540119195404
1000,5e-05,0.0,0.01,0.0,0.1,0.01,0.9554530103148358,0.8763891572169389
1000,5e-05,0.0,0.01,0.0,0.1,0.1,0.9559071019181984,0.9014170017091786
1000,5e-05,0.0,0.01,0.0,0.1,0.2,0.9489840943965805,0.9067201341157545
1000,5e-05,0.0,0.01,0.1,0.0,0.0,0.9576739173835505,0.908108549630375
1000,5e-05,0.0,0.01,0.1,0.0,0.01,0.9588177769893664,0.910241250889812
1000,5e-05,0.0,0.01,0.1,0.0,0.1,0.9633096893825503,0.92296346797599
1000,5e-05,0.0,0.01,0.1,0.0,0.2,0.9532168170894859,0.9198474729256438
1000,5e-05,0.0,0.01,0.1,0.01,0.0,0.9587096916657576,0.9085917329523988
1000,5e-05,0.0,0.01,0.1,0.01,0.01,0.9592633255680959,0.9094766279313435
1000,5e-05,0.0,0.01,0.1,0.01,0.1,0.9620748643846186,0.9199616454952508
1000,5e-05,0.0,0.01,0.1,0.01,0.2,0.9532781272096033,0.9216493789943017
1000,5e-05,0.0,0.01,0.1,0.1,0.0,0.9577185492262683,0.9061877386413424
1000,5e-05,0.0,0.01,0.1,0.1,0.01,0.9590243893533137,0.9097643336440872
1000,5e-05,0.0,0.01,0.1,0.1,0.1,0.9620597731309327,0.9202887318615717
1000,5e-05,0.0,0.01,0.1,0.1,0.2,0.953433898694956,0.9187800140412824
1000,5e-05,0.0,0.01,0.5,0.0,0.0,0.9559097882745939,0.9191211163727722
1000,5e-05,0.0,0.01,0.5,0.0,0.01,0.9562072773321453,0.9210722304378792
1000,5e-05,0.0,0.01,0.5,0.0,0.1,0.9585657666965364,0.9258518587935778
1000,5e-05,0.0,0.01,0.5,0.0,0.2,0.9535926677498209,0.9192558860679687
1000,5e-05,0.0,0.01,0.5,0.01,0.0,0.9557802491431314,0.9186738723607788
1000,5e-05,0.0,0.01,0.5,0.01,0.01,0.9571083671272158,0.9181044663993659
1000,5e-05,0.0,0.01,0.5,0.01,0.1,0.9594251398535398,0.926343286417672
1000,5e-05,0.0,0.01,0.5,0.01,0.2,0.9530035671334556,0.9201536638276658
1000,5e-05,0.0,0.01,0.5,0.1,0.0,0.9570728800853181,0.9183717569278939
1000,5e-05,0.0,0.01,0.5,0.1,0.01,0.9570257005576372,0.9208642231535413
1000,5e-05,0.0,0.01,0.5,0.1,0.1,0.9575268525637022,0.9266394987636253
1000,5e-05,0.0,0.01,0.5,0.1,0.2,0.9528022701467442,0.921279875951974
1000,5e-05,0.0,0.01,1.0,0.0,0.0,0.9501409852348259,0.9193930414811362
1000,5e-05,0.0,0.01,1.0,0.0,0.01,0.9523871954834704,0.9182953428098628
1000,5e-05,0.0,0.01,1.0,0.0,0.1,0.9505581011752151,0.9200537434953757
1000,5e-05,0.0,0.01,1.0,0.0,0.2,0.9451313921529775,0.9197487234733909
1000,5e-05,0.0,0.01,1.0,0.01,0.0,0.9529043181416598,0.9180195050735417
1000,5e-05,0.0,0.01,1.0,0.01,0.01,0.9501721252416763,0.918423681805295
1000,5e-05,0.0,0.01,1.0,0.01,0.1,0.9512255994141574,0.9211088302787659
1000,5e-05,0.0,0.01,1.0,0.01,0.2,0.9430330234138345,0.9205122924390623
1000,5e-05,0.0,0.01,1.0,0.1,0.0,0.9492902107634176,0.9176874564254641
1000,5e-05,0.0,0.01,1.0,0.1,0.01,0.9520922158391175,0.9187223776886405
1000,5e-05,0.0,0.01,1.0,0.1,0.1,0.9499931249130817,0.9201055736186079
1000,5e-05,0.0,0.01,1.0,0.1,0.2,0.9441932438194793,0.9191256820923146
1000,5e-05,0.0,0.1,0.0,0.0,0.0,0.9378758728179858,0.9108164755882316
1000,5e-05,0.0,0.1,0.0,0.0,0.01,0.9411347368648882,0.9133562060838301
1000,5e-05,0.0,0.1,0.0,0.0,0.1,0.946032737272579,0.9161237509095184
1000,5e-05,0.0,0.1,0.0,0.0,0.2,0.9456226835003846,0.9171902483120745
1000,5e-05,0.0,0.1,0.0,0.01,0.0,0.9381717395216078,0.9117879850255147
1000,5e-05,0.0,0.1,0.0,0.01,0.01,0.9401689801559,0.9127309619274273
1000,5e-05,0.0,0.1,0.0,0.01,0.1,0.9485373657242016,0.91591682742937
1000,5e-05,0.0,0.1,0.0,0.01,0.2,0.94655753049362,0.9168322296259946
1000,5e-05,0.0,0.1,0.0,0.1,0.0,0.9407031716800137,0.9122408009902989
1000,5e-05,0.0,0.1,0.0,0.1,0.01,0.9415482990557391,0.9134443637364187
1000,5e-05,0.0,0.1,0.0,0.1,0.1,0.9465130806937043,0.9173578562810172
1000,5e-05,0.0,0.1,0.0,0.1,0.2,0.9470055745044883,0.9175413130376975
1000,5e-05,0.0,0.1,0.1,0.0,0.0,0.9414020442321764,0.9129849642388029
1000,5e-05,0.0,0.1,0.1,0.0,0.01,0.9419125446929193,0.9143913527889209
1000,5e-05,0.0,0.1,0.1,0.0,0.1,0.9464306383654104,0.9159765813123881
1000,5e-05,0.0,0.1,0.1,0.0,0.2,0.9449207976912462,0.9165905935280544
1000,5e-05,0.0,0.1,0.1,0.01,0.0,0.9407720834211566,0.9134434933077776
1000,5e-05,0.0,0.1,0.1,0.01,0.01,0.941301720040201,0.912115547826444
1000,5e-05,0.0,0.1,0.1,0.01,0.1,0.9476071589577635,0.9145308957910117
1000,5e-05,0.0,0.1,0.1,0.01,0.2,0.9467278417268138,0.9156153019652901
1000,5e-05,0.0,0.1,0.1,0.1,0.0,0.9415886159650111,0.9134164281534148
1000,5e-05,0.0,0.1,0.1,0.1,0.01,0.9432864949053408,0.9120654261598736
1000,5e-05,0.0,0.1,0.1,0.1,0.1,0.9484259925710332,0.9146681574992468
1000,5e-05,0.0,0.1,0.1,0.1,0.2,0.9453933094010761,0.9171939439829764
1000,5e-05,0.0,0.1,0.5,0.0,0.0,0.9388140163642975,0.90890250122983
1000,5e-05,0.0,0.1,0.5,0.0,0.01,0.9431771191732038,0.9088920381947192
1000,5e-05,0.0,0.1,0.5,0.0,0.1,0.9461106784931748,0.9123997850113498
1000,5e-05,0.0,0.1,0.5,0.0,0.2,0.9459471857321134,0.9167498904744926
1000,5e-05,0.0,0.1,0.5,0.01,0.0,0.9405653591202072,0.9090385475408201
1000,5e-05,0.0,0.1,0.5,0.01,0.01,0.9398331060301048,0.9103024857615297
1000,5e-05,0.0,0.1,0.5,0.01,0.1,0.9463994254424843,0.912025754095041
1000,5e-05,0.0,0.1,0.5,0.01,0.2,0.9475017092931735,0.9175007898396592
1000,5e-05,0.0,0.1,0.5,0.1,0.0,0.9388399683722409,0.9109601948432612
1000,5e-05,0.0,0.1,0.5,0.1,0.01,0.9404195959642296,0.9109913174458178
1000,5e-05,0.0,0.1,0.5,0.1,0.1,0.9463571863514936,0.9115132415267543
1000,5e-05,0.0,0.1,0.5,0.1,0.2,0.9472948278518507,0.9169625301391933
1000,5e-05,0.0,0.1,1.0,0.0,0.0,0.9388945888710547,0.9139949125016171
1000,5e-05,0.0,0.1,1.0,0.0,0.01,0.9358494788580999,0.9124597450141767
1000,5e-05,0.0,0.1,1.0,0.0,0.1,0.9492352842566959,0.9149957182284328
1000,5e-05,0.0,0.1,1.0,0.0,0.2,0.9465696329632707,0.9190112033020689
1000,5e-05,0.0,0.1,1.0,0.01,0.0,0.9410274578830582,0.914090946264952
1000,5e-05,0.0,0.1,1.0,0.01,0.01,0.9377008870203261,0.9120450261937182
1000,5e-05,0.0,0.1,1.0,0.01,0.1,0.9461535222464982,0.9162650791384535
1000,5e-05,0.0,0.1,1.0,0.01,0.2,0.9469496500305676,0.9199026702097932
1000,5e-05,0.0,0.1,1.0,0.1,0.0,0.9392405141523187,0.9150075078762571
1000,5e-05,0.0,0.1,1.0,0.1,0.01,0.9335427243021199,0.913576155895102
1000,5e-05,0.0,0.1,1.0,0.1,0.1,0.9469730011928437,0.9161221776712194
1000,5e-05,0.0,0.1,1.0,0.1,0.2,0.9475207545762099,0.9197326876327601
1000,5e-05,0.0,0.5,0.0,0.0,0.0,0.8815513545774132,0.910672180020813
1000,5e-05,0.0,0.5,0.0,0.0,0.01,0.8814568993876426,0.9104190788599805
1000,5e-05,0.0,0.5,0.0,0.0,0.1,0.8834604574340567,0.9124066643624379
1000,5e-05,0.0,0.5,0.0,0.0,0.2,0.8903188960830029,0.9120966589886267
1000,5e-05,0.0,0.5,0.0,0.01,0.0,0.8804895820714231,0.9106201728569557
1000,5e-05,0.0,0.5,0.0,0.01,0.01,0.8809245455200643,0.9104516882521767
1000,5e-05,0.0,0.5,0.0,0.01,0.1,0.8837581359358793,0.9116747600941979
1000,5e-05,0.0,0.5,0.0,0.01,0.2,0.8891636280862795,0.9127743678318924
1000,5e-05,0.0,0.5,0.0,0.1,0.0,0.8791025954064983,0.9110448780065068
1000,5e-05,0.0,0.5,0.0,0.1,0.01,0.8812444349265018,0.9101101269350962
1000,5e-05,0.0,0.5,0.0,0.1,0.1,0.8877088429809101,0.9116809503471217
1000,5e-05,0.0,0.5,0.0,0.1,0.2,0.89265527638963,0.9120851796320769
1000,5e-05,0.0,0.5,0.1,0.0,0.0,0.8811271659859257,0.9103084632241651
1000,5e-05,0.0,0.5,0.1,0.0,0.01,0.8849276589952041,0.91015453184545
1000,5e-05,0.0,0.5,0.1,0.0,0.1,0.8878101064840613,0.9128622914808323
1000,5e-05,0.0,0.5,0.1,0.0,0.2,0.8917263577941923,0.9127719649001744
1000,5e-05,0.0,0.5,0.1,0.01,0.0,0.8813448357645697,0.9100701888147168
1000,5e-05,0.0,0.5,0.1,0.01,0.01,0.8834719240362087,0.9102392519067161
1000,5e-05,0.0,0.5,0.1,0.01,0.1,0.8850803532874904,0.9121845878105358
1000,5e-05,0.0,0.5,0.1,0.01,0.2,0.8936650540376854,0.9135118182417158
1000,5e-05,0.0,0.5,0.1,0.1,0.0,0.879382241160738,0.9100266393052046
1000,5e-05,0.0,0.5,0.1,0.1,0.01,0.8816972088773669,0.91036304539669
1000,5e-05,0.0,0.5,0.1,0.1,0.1,0.8836482154418674,0.912469339846122
1000,5e-05,0.0,0.5,0.1,0.1,0.2,0.889748985067505,0.9127971406581046
1000,5e-05,0.0,0.5,0.5,0.0,0.0,0.880712551037601,0.9109596254872
1000,5e-05,0.0,0.5,0.5,0.0,0.01,0.879474695106736,0.9117465378141401
1000,5e-05,0.0,0.5,0.5,0.0,0.1,0.8835664959828444,0.9134249472923507
1000,5e-05,0.0,0.5,0.5,0.0,0.2,0.8844875069201843,0.9143895581628348
1000,5e-05,0.0,0.5,0.5,0.01,0.0,0.8793689020587516,0.9106907064438083
1000,5e-05,0.0,0.5,0.5,0.01,0.01,0.879988471053728,0.9109680491713649
1000,5e-05,0.0,0.5,0.5,0.01,0.1,0.8801086566193126,0.9131018102416281
1000,5e-05,0.0,0.5,0.5,0.01,0.2,0.887645991879086,0.9150493428773029
1000,5e-05,0.0,0.5,0.5,0.1,0.0,0.8778867039709306,0.9109915199841843
1000,5e-05,0.0,0.5,0.5,0.1,0.01,0.8801301974981679,0.9117357489508358
1000,5e-05,0.0,0.5,0.5,0.1,0.1,0.8856086138854966,0.9127393509494554
1000,5e-05,0.0,0.5,0.5,0.1,0.2,0.8876953393529474,0.9145844654452309
1000,5e-05,0.0,0.5,1.0,0.0,0.0,0.882558419257992,0.9112777615656775
1000,5e-05,0.0,0.5,1.0,0.0,0.01,0.8825832134507902,0.9113889377198222
1000,5e-05,0.0,0.5,1.0,0.0,0.1,0.888567885287016,0.9131673518283044
1000,5e-05,0.0,0.5,1.0,0.0,0.2,0.8889625169773598,0.9153030586293274
1000,5e-05,0.0,0.5,1.0,0.01,0.0,0.8839487132854685,0.9117995782964567
1000,5e-05,0.0,0.5,1.0,0.01,0.01,0.8845939259909856,0.9116471005195793
1000,5e-05,0.0,0.5,1.0,0.01,0.1,0.8900334118142774,0.9134464034353091
1000,5e-05,0.0,0.5,1.0,0.01,0.2,0.887769101640985,0.9146870037255658
1000,5e-05,0.0,0.5,1.0,0.1,0.0,0.8834652078063666,0.9110469391131494
1000,5e-05,0.0,0.5,1.0,0.1,0.01,0.8867627540525413,0.9122374905201442
1000,5e-05,0.0,0.5,1.0,0.1,0.1,0.8877690680293859,0.9137375071611188
1000,5e-05,0.0,0.5,1.0,0.1,0.2,0.8869717139954331,0.915258891844942
1000,5e-05,0.01,0.01,0.0,0.0,0.0,0.9692817905579836,0.8848639842214778
1000,5e-05,0.01,0.01,0.0,0.0,0.01,0.9690284590550573,0.8879810072509566
1000,5e-05,0.01,0.01,0.0,0.0,0.1,0.9626509800909253,0.9002205374494832
1000,5e-05,0.01,0.01,0.0,0.0,0.2,0.9599578236532702,0.9009977229894934
1000,5e-05,0.01,0.01,0.0,0.01,0.0,0.9692560691560895,0.8848299880568371
1000,5e-05,0.01,0.01,0.0,0.01,0.01,0.9692908414040812,0.8881517777321177
1000,5e-05,0.01,0.01,0.0,0.01,0.1,0.9630507136330309,0.8997873066078244
1000,5e-05,0.01,0.01,0.0,0.01,0.2,0.9596472014010384,0.8994754265231083
1000,5e-05,0.01,0.01,0.0,0.1,0.0,0.9697654034233236,0.8839055138379368
1000,5e-05,0.01,0.01,0.0,0.1,0.01,0.9696528004162946,0.888353578652867
1000,5e-05,0.01,0.01,0.0,0.1,0.1,0.9620364673220798,0.8991956641909123
1000,5e-05,0.01,0.01,0.0,0.1,0.2,0.9596314711287747,0.9000179410411508
1000,5e-05,0.01,0.01,0.1,0.0,0.0,0.9695737243501654,0.9091313800730445
1000,5e-05,0.01,0.01,0.1,0.0,0.01,0.96966636354291,0.9112601606021733
1000,5e-05,0.01,0.01,0.1,0.0,0.1,0.9642666834971898,0.9183646551663094
1000,5e-05,0.01,0.01,0.1,0.0,0.2,0.9582739539870568,0.911349859380132
1000,5e-05,0.01,0.01,0.1,0.01,0.0,0.9701970245759507,0.9092003182913801
1000,5e-05,0.01,0.01,0.1,0.01,0.01,0.9687918678888143,0.9117506507663085
1000,5e-05,0.01,0.01,0.1,0.01,0.1,0.9640744337553276,0.9189526388234415
1000,5e-05,0.01,0.01,0.1,0.01,0.2,0.9575623106795625,0.9113942746203253
1000,5e-05,0.01,0.01,0.1,0.1,0.0,0.9697460357635764,0.9095287793279226
1000,5e-05,0.01,0.01,0.1,0.1,0.01,0.9694923630257826,0.9107504852078874
1000,5e-05,0.01,0.01,0.1,0.1,0.1,0.9641429055817656,0.91822320713
1000,5e-05,0.01,0.01,0.1,0.1,0.2,0.9571955337766819,0.9113764639100491
1000,5e-05,0.01,0.01,0.5,0.0,0.0,0.9626978314718317,0.9179532524676368
1000,5e-05,0.01,0.01,0.5,0.0,0.01,0.9612355381625333,0.9199018186237147
1000,5e-05,0.01,0.01,0.5,0.0,0.1,0.9583508901016957,0.922212872578118
1000,5e-05,0.01,0.01,0.5,0.0,0.2,0.9549699560064931,0.918738397084646
1000,5e-05,0.01,0.01,0.5,0.01,0.0,0.9617847734060774,0.9181645794122344
1000,5e-05,0.01,0.01,0.5,0.01,0.01,0.9608337420112826,0.9180505322035952
1000,5e-05,0.01,0.01,0.5,0.01,0.1,0.9594828072007118,0.9224486183867718
1000,5e-05,0.01,0.01,0.5,0.01,0.2,0.9555083407671296,0.9192723187528954
1000,5e-05,0.01,0.01,0.5,0.1,0.0,0.962334442361727,0.9198082319828238
1000,5e-05,0.01,0.01,0.5,0.1,0.01,0.9609525414876315,0.921337092127327
1000,5e-05,0.01,0.01,0.5,0.1,0.1,0.9594308664671486,0.9217107802647875
1000,5e-05,0.01,0.01,0.5,0.1,0.2,0.9556054787431909,0.9195547517798794
1000,5e-05,0.01,0.01,1.0,0.0,0.0,0.9605238597175956,0.9174835636801761
1000,5e-05,0.01,0.01,1.0,0.0,0.01,0.9594234199129228,0.9159180217878432
1000,5e-05,0.01,0.01,1.0,0.0,0.1,0.9502560753874271,0.9160972329433085
1000,5e-05,0.01,0.01,1.0,0.0,0.2,0.94639279136486,0.9174612542816708
1000,5e-05,0.01,0.01,1.0,0.01,0.0,0.9601197672582354,0.9187865351797829
1000,5e-05,0.01,0.01,1.0,0.01,0.01,0.9596537151705612,0.9168536805035419
1000,5e-05,0.01,0.01,1.0,0.01,0.1,0.949855336326282,0.9172548573412533
1000,5e-05,0.01,0.01,1.0,0.01,0.2,0.9467354028617717,0.9174151353761255
1000,5e-05,0.01,0.01,1.0,0.1,0.0,0.9595066697683302,0.9181020195693059
1000,5e-05,0.01,0.01,1.0,0.1,0.01,0.960048078922128,0.916294212693328
1000,5e-05,0.01,0.01,1.0,0.1,0.1,0.9494539737483736,0.9176476861723802
1000,5e-05,0.01,0.01,1.0,0.1,0.2,0.945912590888399,0.917888784114082
1000,5e-05,0.01,0.1,0.0,0.0,0.0,0.9519968394582086,0.9049684859871787
1000,5e-05,0.01,0.1,0.0,0.0,0.01,0.9525186245254673,0.9051990331871862
1000,5e-05,0.01,0.1,0.0,0.0,0.1,0.9513457773917995,0.9070978184368481
1000,5e-05,0.01,0.1,0.0,0.0,0.2,0.9467672902906203,0.9088898310957687
1000,5e-05,0.01,0.1,0.0,0.01,0.0,0.9538873402152241,0.9057862790093965
1000,5e-05,0.01,0.1,0.0,0.01,0.01,0.9538351523812512,0.9047289189653404
1000,5e-05,0.01,0.1,0.0,0.01,0.1,0.9517413809338133,0.9076924546441366
1000,5e-05,0.01,0.1,0.0,0.01,0.2,0.9462048538898445,0.9110050428780012
1000,5e-05,0.01,0.1,0.0,0.1,0.0,0.9533567358007045,0.9040794021768138
1000,5e-05,0.01,0.1,0.0,0.1,0.01,0.9528614762667231,0.9045638150385433
1000,5e-05,0.01,0.1,0.0,0.1,0.1,0.9499748523201499,0.9076913596879979
1000,5e-05,0.01,0.1,0.0,0.1,0.2,0.9474095379748022,0.90979242303016
1000,5e-05,0.01,0.1,0.1,0.0,0.0,0.953261453641282,0.903837488311824
1000,5e-05,0.01,0.1,0.1,0.0,0.01,0.9513799634061307,0.9057787020331443
1000,5e-05,0.01,0.1,0.1,0.0,0.1,0.9504887928375032,0.9099438864523933
1000,5e-05,0.01,0.1,0.1,0.0,0.2,0.9481782528127547,0.90834048583606
1000,5e-05,0.01,0.1,0.1,0.01,0.0,0.9525836928672405,0.9049645451975044
1000,5e-05,0.01,0.1,0.1,0.01,0.01,0.9519926561353411,0.9064499771138796
1000,5e-05,0.01,0.1,0.1,0.01,0.1,0.951180878750912,0.9087706624479144
1000,5e-05,0.01,0.1,0.1,0.01,0.2,0.9476811881352819,0.9093667441999777
1000,5e-05,0.01,0.1,0.1,0.1,0.0,0.9520567000016242,0.9054429616068417
1000,5e-05,0.01,0.1,0.1,0.1,0.01,0.9512130879620863,0.9075848004046058
1000,5e-05,0.01,0.1,0.1,0.1,0.1,0.9507479796936293,0.9099879634726347
1000,5e-05,0.01,0.1,0.1,0.1,0.2,0.9489198703431649,0.9076548469751937
1000,5e-05,0.01,0.1,0.5,0.0,0.0,0.9485257372166771,0.9079347970117689
1000,5e-05,0.01,0.1,0.5,0.0,0.01,0.9471562584527331,0.9040618006647421
1000,5e-05,0.01,0.1,0.5,0.0,0.1,0.9482583350517308,0.9111413978283183
1000,5e-05,0.01,0.1,0.5,0.0,0.2,0.9456900997904538,0.9119580261754705
1000,5e-05,0.01,0.1,0.5,0.01,0.0,0.9466856634041743,0.907785326487881
1000,5e-05,0.01,0.1,0.5,0.01,0.01,0.9480371896554498,0.9057008888943965
1000,5e-05,0.01,0.1,0.5,0.01,0.1,0.9483248182407606,0.9118137773791355
1000,5e-05,0.01,0.1,0.5,0.01,0.2,0.9471711111359948,0.9110350050149454
1000,5e-05,0.01,0.1,0.5,0.1,0.0,0.9473404318853109,0.9054349919278971
1000,5e-05,0.01,0.1,0.5,0.1,0.01,0.9480367066298163,0.9059891931523314
1000,5e-05,0.01,0.1,0.5,0.1,0.1,0.9496684620484277,0.9124216074815371
1000,5e-05,0.01,0.1,0.5,0.1,0.2,0.9468654571260032,0.9117902408325935
1000,5e-05,0.01,0.1,1.0,0.0,0.0,0.9456014922314289,0.9099589928106667
1000,5e-05,0.01,0.1,1.0,0.0,0.01,0.947776170143313,0.9098740640442862
1000,5e-05,0.01,0.1,1.0,0.0,0.1,0.9439235835460542,0.9149814049162773
1000,5e-05,0.01,0.1,1.0,0.0,0.2,0.9430763292748726,0.915367176058464
1000,5e-05,0.01,0.1,1.0,0.01,0.0,0.9463006220422915,0.9083697827842736
1000,5e-05,0.01,0.1,1.0,0.01,0.01,0.9455053681450243,0.9090492895072945
1000,5e-05,0.01,0.1,1.0,0.01,0.1,0.9446418830457346,0.9135324095577204
1000,5e-05,0.01,0.1,1.0,0.01,0.2,0.9428078919923415,0.9150920892856123
1000,5e-05,0.01,0.1,1.0,0.1,0.0,0.9444896819284904,0.9093902487360395
1000,5e-05,0.01,0.1,1.0,0.1,0.01,0.9459233454771478,0.9107743417598024
1000,5e-05,0.01,0.1,1.0,0.1,0.1,0.944324462778851,0.9146590681555051
1000,5e-05,0.01,0.1,1.0,0.1,0.2,0.9427052398567286,0.9154486416034424
1000,5e-05,0.01,0.5,0.0,0.0,0.0,0.8934112457451296,0.9065040980719543
1000,5e-05,0.01,0.5,0.0,0.0,0.01,0.8946555840859871,0.9073491010887882
1000,5e-05,0.01,0.5,0.0,0.0,0.1,0.8939456877720331,0.9109224239158547
1000,5e-05,0.01,0.5,0.0,0.0,0.2,0.8925173489200755,0.91123692186946
1000,5e-05,0.01,0.5,0.0,0.01,0.0,0.8926538860616025,0.9063853481313542
1000,5e-05,0.01,0.5,0.0,0.01,0.01,0.8917610077564269,0.9060470421899284
1000,5e-05,0.01,0.5,0.0,0.01,0.1,0.8934003355209558,0.9105876971680367
1000,5e-05,0.01,0.5,0.0,0.01,0.2,0.8913937070052225,0.9105254569574528
1000,5e-05,0.01,0.5,0.0,0.1,0.0,0.8950457954131781,0.9065848861978603
1000,5e-05,0.01,0.5,0.0,0.1,0.01,0.89454571409768,0.9065571065658228
1000,5e-05,0.01,0.5,0.0,0.1,0.1,0.8958120985467073,0.9108669264927157
1000,5e-05,0.01,0.5,0.0,0.1,0.2,0.8920981314969543,0.9115242997653927
1000,5e-05,0.01,0.5,0.1,0.0,0.0,0.8906070550586588,0.9064773257877713
1000,5e-05,0.01,0.5,0.1,0.0,0.01,0.8949316868810762,0.9070757143481384
1000,5e-05,0.01,0.5,0.1,0.0,0.1,0.8917803746993938,0.9100248443581381
1000,5e-05,0.01,0.5,0.1,0.0,0.2,0.8931937761021249,0.9115374371567144
1000,5e-05,0.01,0.5,0.1,0.01,0.0,0.891884224432252,0.9064632578921966
1000,5e-05,0.01,0.5,0.1,0.01,0.01,0.8972838787300714,0.9075922966217469
1000,5e-05,0.01,0.5,0.1,0.01,0.1,0.8950222034434869,0.9105323967887786
1000,5e-05,0.01,0.5,0.1,0.01,0.2,0.8953169153378805,0.9111698792018158
1000,5e-05,0.01,0.5,0.1,0.1,0.0,0.8970744135140537,0.9071961892244854
1000,5e-05,0.01,0.5,0.1,0.1,0.01,0.8949496418983203,0.9069935976170066
1000,5e-05,0.01,0.5,0.1,0.1,0.1,0.8929455755866291,0.9108704052654314
1000,5e-05,0.01,0.5,0.1,0.1,0.2,0.8933993777914766,0.9117373551350152
1000,5e-05,0.01,0.5,0.5,0.0,0.0,0.8926321177652058,0.9075437826484157
1000,5e-05,0.01,0.5,0.5,0.0,0.01,0.892250901204404,0.908116644940717
1000,5e-05,0.01,0.5,0.5,0.0,0.1,0.8966828018565625,0.910941058514677
1000,5e-05,0.01,0.5,0.5,0.0,0.2,0.8925162259555813,0.9127397212485554
1000,5e-05,0.01,0.5,0.5,0.01,0.0,0.8932849390838207,0.9085789591485963
1000,5e-05,0.01,0.5,0.5,0.01,0.01,0.8943335154973127,0.9079096004343832
1000,5e-05,0.01,0.5,0.5,0.01,0.1,0.8918178736969942,0.9119563677692091
1000,5e-05,0.01,0.5,0.5,0.01,0.2,0.8921178310405069,0.9128122443444963
1000,5e-05,0.01,0.5,0.5,0.1,0.0,0.895353296161995,0.9072418602058593
1000,5e-05,0.01,0.5,0.5,0.1,0.01,0.8921298378975023,0.9077834649659902
1000,5e-05,0.01,0.5,0.5,0.1,0.1,0.8908884303498822,0.9102540047825338
1000,5e-05,0.01,0.5,0.5,0.1,0.2,0.8926014844498344,0.9123155584405078
1000,5e-05,0.01,0.5,1.0,0.0,0.0,0.8957986158009242,0.9081483629773774
1000,5e-05,0.01,0.5,1.0,0.0,0.01,0.8982676469933384,0.9079413246260623
1000,5e-05,0.01,0.5,1.0,0.0,0.1,0.8964526034560113,0.9101837188456294
1000,5e-05,0.01,0.5,1.0,0.0,0.2,0.8937010784256005,0.9134875293293963
1000,5e-05,0.01,0.5,1.0,0.01,0.0,0.8979377720091916,0.9083303582810406
1000,5e-05,0.01,0.5,1.0,0.01,0.01,0.8968519728096354,0.9076046287852144
1000,5e-05,0.01,0.5,1.0,0.01,0.1,0.8949239455622058,0.910999550388666
1000,5e-05,0.01,0.5,1.0,0.01,0.2,0.894019721516886,0.9132393730334643
1000,5e-05,0.01,0.5,1.0,0.1,0.0,0.894922161618241,0.9086101063335738
1000,5e-05,0.01,0.5,1.0,0.1,0.01,0.895336511480259,0.9081441624541683
1000,5e-05,0.01,0.5,1.0,0.1,0.1,0.8959845238303339,0.9107750764726807
1000,5e-05,0.01,0.5,1.0,0.1,0.2,0.8955654826136084,0.913146820141639
1000,5e-05,0.1,0.01,0.0,0.0,0.0,0.9151055213440387,0.8127282401920677
1000,5e-05,0.1,0.01,0.0,0.0,0.01,0.9158028403166805,0.8199963357029647
1000,5e-05,0.1,0.01,0.0,0.0,0.1,0.9152984699038058,0.8596383324878435
1000,5e-05,0.1,0.01,0.0,0.0,0.2,0.9141356803243772,0.8735932897478664
1000,5e-05,0.1,0.01,0.0,0.01,0.0,0.915082828077164,0.8133862798087519
1000,5e-05,0.1,0.01,0.0,0.01,0.01,0.9156927948346232,0.8203141616512909
1000,5e-05,0.1,0.01,0.0,0.01,0.1,0.9156805862137768,0.8600246782575067
1000,5e-05,0.1,0.01,0.0,0.01,0.2,0.9143688791042782,0.8736303816842153
1000,5e-05,0.1,0.01,0.0,0.1,0.0,0.9160940229089207,0.8132333772060688
1000,5e-05,0.1,0.01,0.0,0.1,0.01,0.915821901607678,0.8193815465942978
1000,5e-05,0.1,0.01,0.0,0.1,0.1,0.9153004443190391,0.8596851009459695
1000,5e-05,0.1,0.01,0.0,0.1,0.2,0.9143782829411626,0.8723155431644004
1000,5e-05,0.1,0.01,0.1,0.0,0.0,0.9139196925645271,0.8684176363195968
1000,5e-05,0.1,0.01,0.1,0.0,0.01,0.9136278456393334,0.8707689373305803
1000,5e-05,0.1,0.01,0.1,0.0,0.1,0.9143891492411793,0.8854561724545684
1000,5e-05,0.1,0.01,0.1,0.0,0.2,0.9111885778018973,0.8907994207671698
1000,5e-05,0.1,0.01,0.1,0.01,0.0,0.9142151695400791,0.8685264711489583
1000,5e-05,0.1,0.01,0.1,0.01,0.01,0.9135193402413757,0.8703751249973464
1000,5e-05,0.1,0.01,0.1,0.01,0.1,0.9140623939296859,0.8854540236844282
1000,5e-05,0.1,0.01,0.1,0.01,0.2,0.9117503488480768,0.8917408494184571
1000,5e-05,0.1,0.01,0.1,0.1,0.0,0.9136221224563515,0.8679283024021811
1000,5e-05,0.1,0.01,0.1,0.1,0.01,0.913510352540402,0.870846852485066
1000,5e-05,0.1,0.01,0.1,0.1,0.1,0.9142104378631886,0.8848826148675382
1000,5e-05,0.1,0.01,0.1,0.1,0.2,0.9115351087630561,0.8905154312073045
1000,5e-05,0.1,0.01,0.5,0.0,0.0,0.9014037512266005,0.9119166556289874
1000,5e-05,0.1,0.01,0.5,0.0,0.01,0.9017815927435276,0.910793695711455
1000,5e-05,0.1,0.01,0.5,0.0,0.1,0.9024283148868206,0.9066025215968841
1000,5e-05,0.1,0.01,0.5,0.0,0.2,0.9026933530717975,0.9053517877464284
1000,5e-05,0.1,0.01,0.5,0.01,0.0,0.9011649035835114,0.9107289536152623
1000,5e-05,0.1,0.01,0.5,0.01,0.01,0.9023824032451879,0.9104325132051492
1000,5e-05,0.1,0.01,0.5,0.01,0.1,0.9030681822103133,0.9060452811951525
1000,5e-05,0.1,0.01,0.5,0.01,0.2,0.9027816581429464,0.9059443282055449
1000,5e-05,0.1,0.01,0.5,0.1,0.0,0.9005930863268264,0.9115347927275264
1000,5e-05,0.1,0.01,0.5,0.1,0.01,0.9020428396601119,0.9108531138987257
1000,5e-05,0.1,0.01,0.5,0.1,0.1,0.9025423123288923,0.9055866690112284
1000,5e-05,0.1,0.01,0.5,0.1,0.2,0.9033128960064986,0.9053624582168898
1000,5e-05,0.1,0.01,1.0,0.0,0.0,0.8868850869630269,0.9102770225915351
1000,5e-05,0.1,0.01,1.0,0.0,0.01,0.8878277776266869,0.9099362994634504
1000,5e-05,0.1,0.01,1.0,0.0,0.1,0.8911611665420268,0.8989828152213809
1000,5e-05,0.1,0.01,1.0,0.0,0.2,0.8920016282442108,0.9021151291433166
1000,5e-05,0.1,0.01,1.0,0.01,0.0,0.8874689102721507,0.9104072308600782
1000,5e-05,0.1,0.01,1.0,0.01,0.01,0.8887397566655871,0.90941805203999
1000,5e-05,0.1,0.01,1.0,0.01,0.1,0.8918222976610617,0.9002424034869702
1000,5e-05,0.1,0.01,1.0,0.01,0.2,0.8930285419681467,0.9031927397709193
1000,5e-05,0.1,0.01,1.0,0.1,0.0,0.8870778408722679,0.9103984910886449
1000,5e-05,0.1,0.01,1.0,0.1,0.01,0.8875832660897571,0.9105624731577796
1000,5e-05,0.1,0.01,1.0,0.1,0.1,0.8920532508573986,0.9009669718414264
1000,5e-05,0.1,0.01,1.0,0.1,0.2,0.8930816794037774,0.9019879358928113
1000,5e-05,0.1,0.1,0.0,0.0,0.0,0.8841780286769888,0.8891931509237956
1000,5e-05,0.1,0.1,0.0,0.0,0.01,0.8807496877245562,0.8892962799899577
1000,5e-05,0.1,0.1,0.0,0.0,0.1,0.8855731520161222,0.8899409393737323
1000,5e-05,0.1,0.1,0.0,0.0,0.2,0.8871850907428009,0.8878183481695184
1000,5e-05,0.1,0.1,0.0,0.01,0.0,0.8822098600552162,0.8878038830083126
1000,5e-05,0.1,0.1,0.0,0.01,0.01,0.8819776995573491,0.8902611720941331
1000,5e-05,0.1,0.1,0.0,0.01,0.1,0.8844206868916945,0.890896664071806
1000,5e-05,0.1,0.1,0.0,0.01,0.2,0.8882052758030945,0.8876357403761997
1000,5e-05,0.1,0.1,0.0,0.1,0.0,0.8824867251154598,0.8886808906169734
1000,5e-05,0.1,0.1,0.0,0.1,0.01,0.8825861231895751,0.8880171223796158
1000,5e-05,0.1,0.1,0.0,0.1,0.1,0.8850070850261749,0.8903017261274215
1000,5e-05,0.1,0.1,0.0,0.1,0.2,0.8879044119213251,0.8874587202094715
1000,5e-05,0.1,0.1,0.1,0.0,0.0,0.8816289547326464,0.8951606720152148
1000,5e-05,0.1,0.1,0.1,0.0,0.01,0.8826943750747724,0.8967552080590092
1000,5e-05,0.1,0.1,0.1,0.0,0.1,0.8866785495341991,0.8959213775738541
1000,5e-05,0.1,0.1,0.1,0.0,0.2,0.8883765866005062,0.8952558978297311
1000,5e-05,0.1,0.1,0.1,0.01,0.0,0.8811128482210565,0.8954098745364976
1000,5e-05,0.1,0.1,0.1,0.01,0.01,0.8828409272958362,0.8961470613582622
1000,5e-05,0.1,0.1,0.1,0.01,0.1,0.8844210744862162,0.896006301557073
1000,5e-05,0.1,0.1,0.1,0.01,0.2,0.8878384834833521,0.8938356402800707
1000,5e-05,0.1,0.1,0.1,0.1,0.0,0.8813638848012773,0.8950768018780618
1000,5e-05,0.1,0.1,0.1,0.1,0.01,0.8818111719246413,0.8955581999251523
1000,5e-05,0.1,0.1,0.1,0.1,0.1,0.8861634337206068,0.8963790955756668
1000,5e-05,0.1,0.1,0.1,0.1,0.2,0.8888819988377368,0.8941978014139429
1000,5e-05,0.1,0.1,0.5,0.0,0.0,0.880119036787109,0.906459289331768
1000,5e-05,0.1,0.1,0.5,0.0,0.01,0.8806636152669276,0.9049591496524645
1000,5e-05,0.1,0.1,0.5,0.0,0.1,0.8852025618910088,0.9047885892913223
1000,5e-05,0.1,0.1,0.5,0.0,0.2,0.885825103265339,0.905446406141838
1000,5e-05,0.1,0.1,0.5,0.01,0.0,0.8801111839692327,0.9065140205441644
1000,5e-05,0.1,0.1,0.5,0.01,0.01,0.8810460245342121,0.9056511016249844
1000,5e-05,0.1,0.1,0.5,0.01,0.1,0.8830285376988652,0.9057385032239686
1000,5e-05,0.1,0.1,0.5,0.01,0.2,0.8863280131315288,0.9051254690611757
1000,5e-05,0.1,0.1,0.5,0.1,0.0,0.8802707193096662,0.9060736549671342
1000,5e-05,0.1,0.1,0.5,0.1,0.01,0.8800032703050982,0.9055008316478375
1000,5e-05,0.1,0.1,0.5,0.1,0.1,0.8833242197255613,0.9055541856906226
1000,5e-05,0.1,0.1,0.5,0.1,0.2,0.8859073363028696,0.9048501596448171
1000,5e-05,0.1,0.1,1.0,0.0,0.0,0.8753273942420261,0.9108840797774671
1000,5e-05,0.1,0.1,1.0,0.0,0.01,0.8758954068824083,0.9109821497818326
1000,5e-05,0.1,0.1,1.0,0.0,0.1,0.8794180228760142,0.913255901264213
1000,5e-05,0.1,0.1,1.0,0.0,0.2,0.8804988388068578,0.9125127422138484
1000,5e-05,0.1,0.1,1.0,0.01,0.0,0.875466239034766,0.91153967879157
1000,5e-05,0.1,0.1,1.0,0.01,0.01,0.8744291762979755,0.9110266423580103
1000,5e-05,0.1,0.1,1.0,0.01,0.1,0.8789973456894145,0.9118925762168457
1000,5e-05,0.1,0.1,1.0,0.01,0.2,0.879875099778448,0.9124170575950928
1000,5e-05,0.1,0.1,1.0,0.1,0.0,0.8760628504245256,0.9112312323394092
1000,5e-05,0.1,0.1,1.0,0.1,0.01,0.8761754748546776,0.9104444137817215
1000,5e-05,0.1,0.1,1.0,0.1,0.1,0.8779882075930643,0.9131954994028688
1000,5e-05,0.1,0.1,1.0,0.1,0.2,0.8792487398046427,0.9118508950551806
1000,5e-05,0.1,0.5,0.0,0.0,0.0,0.8214109471471698,0.9010668367186263
1000,5e-05,0.1,0.5,0.0,0.0,0.01,0.82533320776358,0.9022445549474738
1000,5e-05,0.1,0.5,0.0,0.0,0.1,0.8290126879837761,0.9026018975571541
1000,5e-05,0.1,0.5,0.0,0.0,0.2,0.8288829746260912,0.9011973711618732
1000,5e-05,0.1,0.5,0.0,0.01,0.0,0.8263021095687347,0.9015207970322999
1000,5e-05,0.1,0.5,0.0,0.01,0.01,0.8270149827135908,0.9019106396724667
1000,5e-05,0.1,0.5,0.0,0.01,0.1,0.8266215587314953,0.9030873717530128
1000,5e-05,0.1,0.5,0.0,0.01,0.2,0.830625411247977,0.9028547979583925
1000,5e-05,0.1,0.5,0.0,0.1,0.0,0.8265654122302889,0.9020571891377908
1000,5e-05,0.1,0.5,0.0,0.1,0.01,0.8259117937516756,0.9011976913263166
1000,5e-05,0.1,0.5,0.0,0.1,0.1,0.8282854916118805,0.9045471507095623
1000,5e-05,0.1,0.5,0.0,0.1,0.2,0.8309577613430947,0.9017277111634726
1000,5e-05,0.1,0.5,0.1,0.0,0.0,0.8233136337572876,0.9019608802464161
1000,5e-05,0.1,0.5,0.1,0.0,0.01,0.8266868449089403,0.9029001548788681
1000,5e-05,0.1,0.5,0.1,0.0,0.1,0.8319511600877031,0.9028791704698014
1000,5e-05,0.1,0.5,0.1,0.0,0.2,0.8307958664716013,0.9030713891724802
1000,5e-05,0.1,0.5,0.1,0.01,0.0,0.8255047909615252,0.9024474092661122
1000,5e-05,0.1,0.5,0.1,0.01,0.01,0.82493305444358,0.9026957480185354
1000,5e-05,0.1,0.5,0.1,0.01,0.1,0.8333587074185544,0.903567781721836
1000,5e-05,0.1,0.5,0.1,0.01,0.2,0.8326351296093929,0.9024130806093781
1000,5e-05,0.1,0.5,0.1,0.1,0.0,0.824672605253385,0.9029355868463497
1000,5e-05,0.1,0.5,0.1,0.1,0.01,0.8236587736441164,0.902975783311803
1000,5e-05,0.1,0.5,0.1,0.1,0.1,0.8306801689886197,0.9036195142182095
1000,5e-05,0.1,0.5,0.1,0.1,0.2,0.8337116719190485,0.9025985358769567
1000,5e-05,0.1,0.5,0.5,0.0,0.0,0.8246366880870788,0.9037073749564702
1000,5e-05,0.1,0.5,0.5,0.0,0.01,0.8250771956085197,0.9036536424508128
1000,5e-05,0.1,0.5,0.5,0.0,0.1,0.831120734951561,0.9048096088403352
1000,5e-05,0.1,0.5,0.5,0.0,0.2,0.8355902100480834,0.9048726260274567
1000,5e-05,0.1,0.5,0.5,0.01,0.0,0.8220816073224058,0.9038450731546432
1000,5e-05,0.1,0.5,0.5,0.01,0.01,0.8241647094684827,0.9040151279670717
1000,5e-05,0.1,0.5,0.5,0.01,0.1,0.8339165613182165,0.9049727469879213
1000,5e-05,0.1,0.5,0.5,0.01,0.2,0.8374050355451242,0.9050394241253482
1000,5e-05,0.1,0.5,0.5,0.1,0.0,0.8253813012574744,0.903741109345704
1000,5e-05,0.1,0.5,0.5,0.1,0.01,0.8256415544673819,0.90444127717803
1000,5e-05,0.1,0.5,0.5,0.1,0.1,0.8333698768103741,0.9059775192938442
1000,5e-05,0.1,0.5,0.5,0.1,0.2,0.8389348374240884,0.9055797230988334
1000,5e-05,0.1,0.5,1.0,0.0,0.0,0.8285267368897666,0.9055076172430986
1000,5e-05,0.1,0.5,1.0,0.0,0.01,0.829569886671931,0.9046139492633842
1000,5e-05,0.1,0.5,1.0,0.0,0.1,0.8316624084611379,0.9071488613214465
1000,5e-05,0.1,0.5,1.0,0.0,0.2,0.8372947872942469,0.9069685377790656
1000,5e-05,0.1,0.5,1.0,0.01,0.0,0.8274823864581041,0.9047743681217499
1000,5e-05,0.1,0.5,1.0,0.01,0.01,0.8286626261601672,0.9055792261320988
1000,5e-05,0.1,0.5,1.0,0.01,0.1,0.8341998089521288,0.9056665815098234
1000,5e-05,0.1,0.5,1.0,0.01,0.2,0.8400577579249779,0.9064119764450222
1000,5e-05,0.1,0.5,1.0,0.1,0.0,0.8284497132236118,0.9058355964572271
1000,5e-05,0.1,0.5,1.0,0.1,0.01,0.8275050198925553,0.9048304491808377
1000,5e-05,0.1,0.5,1.0,0.1,0.1,0.8320782906299378,0.906552659827298
1000,5e-05,0.1,0.5,1.0,0.1,0.2,0.8379448492761628,0.9072252076058986
1000,0.0001,0.0,0.01,0.0,0.0,0.0,0.9744404572468663,0.8922164152251759
1000,0.0001,0.0,0.01,0.0,0.0,0.01,0.9748325558390443,0.8941619876432729
1000,0.0001,0.0,0.01,0.0,0.0,0.1,0.9694396862459462,0.9134386225281839
1000,0.0001,0.0,0.01,0.0,0.0,0.2,0.9612627228485966,0.9053418482430973
1000,0.0001,0.0,0.01,0.0,0.01,0.0,0.973598235486926,0.8920371180544615
1000,0.0001,0.0,0.01,0.0,0.01,0.01,0.975434940549258,0.8946200097584641
1000,0.0001,0.0,0.01,0.0,0.01,0.1,0.9700646581935406,0.914656618125456
1000,0.0001,0.0,0.01,0.0,0.01,0.2,0.9629091451592535,0.9117409600575185
1000,0.0001,0.0,0.01,0.0,0.1,0.0,0.9725601947180146,0.8929228482957057
1000,0.0001,0.0,0.01,0.0,0.1,0.01,0.9742154428612151,0.8930904422129154
1000,0.0001,0.0,0.01,0.0,0.1,0.1,0.9685560607952917,0.9148150172966952
1000,0.0001,0.0,0.01,0.0,0.1,0.2,0.9611927342617579,0.9130270436560977
1000,0.0001,0.0,0.01,0.1,0.0,0.0,0.9786232475953858,0.9137509948350904
1000,0.0001,0.0,0.01,0.1,0.0,0.01,0.977122073069512,0.9160740586931915
1000,0.0001,0.0,0.01,0.1,0.0,0.1,0.9708147385341876,0.9255497489075871
1000,0.0001,0.0,0.01,0.1,0.0,0.2,0.963135748743178,0.9143455099258764
1000,0.0001,0.0,0.01,0.1,0.01,0.0,0.9798626366619172,0.9092987904098462
1000,0.0001,0.0,0.01,0.1,0.01,0.01,0.9776158434989444,0.9124582598157456
1000,0.0001,0.0,0.01,0.1,0.01,0.1,0.9698975979199853,0.9268340792936411
1000,0.0001,0.0,0.01,0.1,0.01,0.2,0.96298814968184,0.9141294980036493
1000,0.0001,0.0,0.01,0.1,0.1,0.0,0.9789934005453091,0.9163191447961895
1000,0.0001,0.0,0.01,0.1,0.1,0.01,0.9785677077885282,0.9134314667692663
1000,0.0001,0.0,0.01,0.1,0.1,0.1,0.9705248609188675,0.9253052305747401
1000,0.0001,0.0,0.01,0.1,0.1,0.2,0.9634132599952638,0.9191274521044017
1000,0.0001,0.0,0.01,0.5,0.0,0.0,0.9737262061664474,0.9186887501719706
1000,0.0001,0.0,0.01,0.5,0.0,0.01,0.9748593281484805,0.9207307868083713
1000,0.0001,0.0,0.01,0.5,0.0,0.1,0.9734350311280666,0.9220624966208256
1000,0.0001,0.0,0.01,0.5,0.0,0.2,0.969366477836016,0.9123239943672088
1000,0.0001,0.0,0.01,0.5,0.01,0.0,0.9746912503452778,0.9141550596731242
1000,0.0001,0.0,0.01,0.5,0.01,0.01,0.9745415295387789,0.9168770196859408
1000,0.0001,0.0,0.01,0.5,0.01,0.1,0.97314006942489,0.9210458930183912
1000,0.0001,0.0,0.01,0.5,0.01,0.2,0.9697061262089377,0.9089311155931277
1000,0.0001,0.0,0.01,0.5,0.1,0.0,0.9735727417000579,0.9145251896942683
1000,0.0001,0.0,0.01,0.5,0.1,0.01,0.9740580459862035,0.9235850139855478
1000,0.0001,0.0,0.01,0.5,0.1,0.1,0.9720548547676615,0.9208685338540015
1000,0.0001,0.0,0.01,0.5,0.1,0.2,0.9695639047047331,0.9119205961053538
1000,0.0001,0.0,0.01,1.0,0.0,0.0,0.971815349373695,0.9162921511685197
1000,0.0001,0.0,0.01,1.0,0.0,0.01,0.970804291690774,0.9188433843898678
1000,0.0001,0.0,0.01,1.0,0.0,0.1,0.9670974254302627,0.9223675326109441
1000,0.0001,0.0,0.01,1.0,0.0,0.2,0.9679971944046728,0.9150635702938488
1000,0.0001,0.0,0.01,1.0,0.01,0.0,0.9717445096310929,0.9135150879477919
1000,0.0001,0.0,0.01,1.0,0.01,0.01,0.9719276236030088,0.916665480201527
1000,0.0001,0.0,0.01,1.0,0.01,0.1,0.9666028871689654,0.9197299246942603
1000,0.0001,0.0,0.01,1.0,0.01,0.2,0.9680974303254339,0.9148298527103366
1000,0.0001,0.0,0.01,1.0,0.1,0.0,0.9723472988564105,0.9143010058586046
1000,0.0001,0.0,0.01,1.0,0.1,0.01,0.9729575300916117,0.9186700411580263
1000,0.0001,0.0,0.01,1.0,0.1,0.1,0.9683344894392969,0.9189634361395188
1000,0.0001,0.0,0.01,1.0,0.1,0.2,0.969291952130823,0.9171458500150595
1000,0.0001,0.0,0.1,0.0,0.0,0.0,0.9701864497625902,0.9124643999449787
1000,0.0001,0.0,0.1,0.0,0.0,0.01,0.969839460205836,0.9133300273658448
1000,0.0001,0.0,0.1,0.0,0.0,0.1,0.96888549567607,0.9228118838297752
1000,0.0001,0.0,0.1,0.0,0.0,0.2,0.9635879249367574,0.9164815801707078
1000,0.0001,0.0,0.1,0.0,0.01,0.0,0.9706113766268241,0.9138170280959169
1000,0.0001,0.0,0.1,0.0,0.01,0.01,0.9705499542856748,0.9127363107018759
1000,0.0001,0.0,0.1,0.0,0.01,0.1,0.9696527860406197,0.920477965720451
1000,0.0001,0.0,0.1,0.0,0.01,0.2,0.9661072428544049,0.918420517355875
1000,0.0001,0.0,0.1,0.0,0.1,0.0,0.9691286380691393,0.9143575744609964
1000,0.0001,0.0,0.1,0.0,0.1,0.01,0.96963531519978,0.9146309916329931
1000,0.0001,0.0,0.1,0.0,0.1,0.1,0.9715314475867667,0.9212474916926477
1000,0.0001,0.0,0.1,0.0,0.1,0.2,0.965653189629895,0.9162609282170828
1000,0.0001,0.0,0.1,0.1,0.0,0.0,0.9685805964743857,0.9113874491705027
1000,0.0001,0.0,0.1,0.1,0.0,0.01,0.9712180345693936,0.9141328924461946
1000,0.0001,0.0,0.1,0.1,0.0,0.1,0.9704874021852363,0.9178785579967518
1000,0.0001,0.0,0.1,0.1,0.0,0.2,0.9656422477842977,0.9168993350975876
1000,0.0001,0.0,0.1,0.1,0.01,0.0,0.9693144776737657,0.9134517500964983
1000,0.0001,0.0,0.1,0.1,0.01,0.01,0.970545110615383,0.914111949719248
1000,0.0001,0.0,0.1,0.1,0.01,0.1,0.970033467408035,0.9191303762912749
1000,0.0001,0.0,0.1,0.1,0.01,0.2,0.9662647264243079,0.9157681053610716
1000,0.0001,0.0,0.1,0.1,0.1,0.0,0.9692826961175618,0.9107194606243738
1000,0.0001,0.0,0.1,0.1,0.1,0.01,0.9718522575003681,0.914022807995911
1000,0.0001,0.0,0.1,0.1,0.1,0.1,0.9714961706489915,0.9187088654673443
1000,0.0001,0.0,0.1,0.1,0.1,0.2,0.9659360151626604,0.9191140519649312
1000,0.0001,0.0,0.1,0.5,0.0,0.0,0.9705191182067561,0.913195622057166
1000,0.0001,0.0,0.1,0.5,0.0,0.01,0.9723816840419086,0.9131896987868906
1000,0.0001,0.0,0.1,0.5,0.0,0.1,0.9750483587668038,0.9187949741631062
1000,0.0001,0.0,0.1,0.5,0.0,0.2,0.9691962754089152,0.9157640643064419
1000,0.0001,0.0,0.1,0.5,0.01,0.0,0.9726178381052542,0.9141702826521094
1000,0.0001,0.0,0.1,0.5,0.01,0.01,0.9699861309477718,0.9128247324592595
1000,0.0001,0.0,0.1,0.5,0.01,0.1,0.9735970988339469,0.9178076624844438
1000,0.0001,0.0,0.1,0.5,0.01,0.2,0.970452983767583,0.914909617021335
1000,0.0001,0.0,0.1,0.5,0.1,0.0,0.971817769890065,0.9145007261129904
1000,0.0001,0.0,0.1,0.5,0.1,0.01,0.9724630548608,0.9153892113454772
1000,0.0001,0.0,0.1,0.5,0.1,0.1,0.9730646126086395,0.9178208324727102
1000,0.0001,0.0,0.1,0.5,0.1,0.2,0.9702022788807899,0.9141716234481752
1000,0.0001,0.0,0.1,1.0,0.0,0.0,0.9691579223717477,0.9141768126938659
1000,0.0001,0.0,0.1,1.0,0.0,0.01,0.972817320231277,0.9137422327512055
1000,0.0001,0.0,0.1,1.0,0.0,0.1,0.9720828181278037,0.9192340399483208
1000,0.0001,0.0,0.1,1.0,0.0,0.2,0.9684142799752558,0.9165555974758518
1000,0.0001,0.0,0.1,1.0,0.01,0.0,0.9693572647743933,0.9130338170170841
1000,0.0001,0.0,0.1,1.0,0.01,0.01,0.9694514149046416,0.9136715400059987
1000,0.0001,0.0,0.1,1.0,0.01,0.1,0.9710214730802936,0.9205080417156377
1000,0.0001,0.0,0.1,1.0,0.01,0.2,0.9701061181201491,0.9172886644167204
1000,0.0001,0.0,0.1,1.0,0.1,0.0,0.9697451777228275,0.9127454307471374
1000,0.0001,0.0,0.1,1.0,0.1,0.01,0.9687224095840172,0.9140672913604226
1000,0.0001,0.0,0.1,1.0,0.1,0.1,0.9708365135252076,0.9211325979466112
1000,0.0001,0.0,0.1,1.0,0.1,0.2,0.9686565545358905,0.9140965200928349
1000,0.0001,0.0,0.5,0.0,0.0,0.0,0.9487396669491831,0.9056742370651736
1000,0.0001,0.0,0.5,0.0,0.0,0.01,0.9480937694388825,0.9070258076432524
1000,0.0001,0.0,0.5,0.0,0.0,0.1,0.9540279419874208,0.9099014207090839
1000,0.0001,0.0,0.5,0.0,0.0,0.2,0.950983588124463,0.9132886100971678
1000,0.0001,0.0,0.5,0.0,0.01,0.0,0.9498690520282169,0.9044517222760158
1000,0.0001,0.0,0.5,0.0,0.01,0.01,0.9502477267446645,0.9068042745690389
1000,0.0001,0.0,0.5,0.0,0.01,0.1,0.9476592364720773,0.9123824051592196
1000,0.0001,0.0,0.5,0.0,0.01,0.2,0.9472041170320662,0.9124157483428907
1000,0.0001,0.0,0.5,0.0,0.1,0.0,0.9506589966795517,0.9072053360905463
1000,0.0001,0.0,0.5,0.0,0.1,0.01,0.9501239645596257,0.9063961807462718
1000,0.0001,0.0,0.5,0.0,0.1,0.1,0.9523282192477205,0.9123988528522309
1000,0.0001,0.0,0.5,0.0,0.1,0.2,0.950911918586714,0.9132767787493021
1000,0.0001,0.0,0.5,0.1,0.0,0.0,0.9478769855286908,0.9053843298305181
1000,0.0001,0.0,0.5,0.1,0.0,0.01,0.9498623394563472,0.9056294823871686
1000,0.0001,0.0,0.5,0.1,0.0,0.1,0.9515178095508224,0.9097817259322758
1000,0.0001,0.0,0.5,0.1,0.0,0.2,0.9513836533132404,0.9132200839173422
1000,0.0001,0.0,0.5,0.1,0.01,0.0,0.9503860388681836,0.9050909735218654
1000,0.0001,0.0,0.5,0.1,0.01,0.01,0.9521020368425519,0.9037106594053161
1000,0.0001,0.0,0.5,0.1,0.01,0.1,0.951388213809278,0.9105592583231147
1000,0.0001,0.0,0.5,0.1,0.01,0.2,0.9488195490335491,0.912986566406913
1000,0.0001,0.0,0.5,0.1,0.1,0.0,0.9472158819499459,0.9042335964035361
1000,0.0001,0.0,0.5,0.1,0.1,0.01,0.9498701993939453,0.9066161335368622
1000,0.0001,0.0,0.5,0.1,0.1,0.1,0.9495252621475703,0.9113788905381213
1000,0.0001,0.0,0.5,0.1,0.1,0.2,0.9508859619856382,0.9113659308222299
1000,0.0001,0.0,0.5,0.5,0.0,0.0,0.9471030680331061,0.9080063569456833
1000,0.0001,0.0,0.5,0.5,0.0,0.01,0.9447684985983218,0.9077666438669897
1000,0.0001,0.0,0.5,0.5,0.0,0.1,0.9493485399353254,0.9100597139820006
1000,0.0001,0.0,0.5,0.5,0.0,0.2,0.9496852906996546,0.9123046479453973
1000,0.0001,0.0,0.5,0.5,0.01,0.0,0.9505498694978912,0.90775338767816
1000,0.0001,0.0,0.5,0.5,0.01,0.01,0.9478158502288706,0.9071846246842947
1000,0.0001,0.0,0.5,0.5,0.01,0.1,0.9516189221374939,0.912342088656884
1000,0.0001,0.0,0.5,0.5,0.01,0.2,0.9505514528203701,0.9126723159006453
1000,0.0001,0.0,0.5,0.5,0.1,0.0,0.9491566702844312,0.9086224671569927
1000,0.0001,0.0,0.5,0.5,0.1,0.01,0.9457278751776032,0.9086809604654585
1000,0.0001,0.0,0.5,0.5,0.1,0.1,0.9495177760059381,0.911649125729084
1000,0.0001,0.0,0.5,0.5,0.1,0.2,0.948703865511247,0.91388236904788
1000,0.0001,0.0,0.5,1.0,0.0,0.0,0.9487185001698689,0.9069967794172858
1000,0.0001,0.0,0.5,1.0,0.0,0.01,0.9490134721297798,0.9071048272579825
1000,0.0001,0.0,0.5,1.0,0.0,0.1,0.9478588051318078,0.9114194802658272
1000,0.0001,0.0,0.5,1.0,0.0,0.2,0.9500127181173239,0.9167657909818079
1000,0.0001,0.0,0.5,1.0,0.01,0.0,0.9512130782288619,0.9079538320404809
1000,0.0001,0.0,0.5,1.0,0.01,0.01,0.9495763019235333,0.9078870314135434
1000,0.0001,0.0,0.5,1.0,0.01,0.1,0.9484633744246178,0.9132014096193453
1000,0.0001,0.0,0.5,1.0,0.01,0.2,0.9500068158544934,0.9175731176837455
1000,0.0001,0.0,0.5,1.0,0.1,0.0,0.94684015518701,0.9071520374324187
1000,0.0001,0.0,0.5,1.0,0.1,0.01,0.9476827231624965,0.9059931030107231
1000,0.0001,0.0,0.5,1.0,0.1,0.1,0.9509171938231558,0.9139174343028309
1000,0.0001,0.0,0.5,1.0,0.1,0.2,0.9507844433278487,0.914874652516204
1000,0.0001,0.01,0.01,0.0,0.0,0.0,0.9781619372440784,0.9051669399551165
1000,0.0001,0.01,0.01,0.0,0.0,0.01,0.9778313364124589,0.9123317019975531
1000,0.0001,0.01,0.01,0.0,0.0,0.1,0.9718626514954094,0.917732293105154
1000,0.0001,0.01,0.01,0.0,0.0,0.2,0.9691518696053063,0.9039446681967593
1000,0.0001,0.01,0.01,0.0,0.01,0.0,0.9790081048293824,0.9027702616370614
1000,0.0001,0.01,0.01,0.0,0.01,0.01,0.9779898894656059,0.9129294271032757
1000,0.0001,0.01,0.01,0.0,0.01,0.1,0.9724208958615707,0.915678309212445
1000,0.0001,0.01,0.01,0.0,0.01,0.2,0.9696359723905719,0.9060076091442373
1000,0.0001,0.01,0.01,0.0,0.1,0.0,0.9790343269368,0.9027496988155191
1000,0.0001,0.01,0.01,0.0,0.1,0.01,0.9776509493362278,0.9127227270749318
1000,0.0001,0.01,0.01,0.0,0.1,0.1,0.9725059625439529,0.9172155218560379
1000,0.0001,0.01,0.01,0.0,0.1,0.2,0.9697907898627103,0.9079022151723077
1000,0.0001,0.01,0.01,0.1,0.0,0.0,0.978737220176265,0.9138217086261182
1000,0.0001,0.01,0.01,0.1,0.0,0.01,0.9777457117265537,0.919113298269735
1000,0.0001,0.01,0.01,0.1,0.0,0.1,0.9726630452143002,0.92641709961762
1000,0.0001,0.01,0.01,0.1,0.0,0.2,0.9670955515875976,0.9138533251964968
1000,0.0001,0.01,0.01,0.1,0.01,0.0,0.9784209963924233,0.9134928587962657
1000,0.0001,0.01,0.01,0.1,0.01,0.01,0.9778415968623366,0.9186146545636394
1000,0.0001,0.01,0.01,0.1,0.01,0.1,0.9715502242968868,0.9241216445841892
1000,0.0001,0.01,0.01,0.1,0.01,0.2,0.9684655212611232,0.9145492470992687
1000,0.0001,0.01,0.01,0.1,0.1,0.0,0.9784825324690646,0.911779024239409
1000,0.0001,0.01,0.01,0.1,0.1,0.01,0.9774553735743985,0.9186695589433828
1000,0.0001,0.01,0.01,0.1,0.1,0.1,0.9726204213702876,0.9229630313647464
1000,0.0001,0.01,0.01,0.1,0.1,0.2,0.9680060360649608,0.912754093539052
1000,0.0001,0.01,0.01,0.5,0.0,0.0,0.9762674274605875,0.919728522390007
1000,0.0001,0.01,0.01,0.5,0.0,0.01,0.9748556728131132,0.9227725239558614
1000,0.0001,0.01,0.01,0.5,0.0,0.1,0.9718495863052548,0.9243820597103026
1000,0.0001,0.01,0.01,0.5,0.0,0.2,0.9694284557491197,0.9168998439099041
1000,0.0001,0.01,0.01,0.5,0.01,0.0,0.9763804765889166,0.9202813959778147
1000,0.0001,0.01,0.01,0.5,0.01,0.01,0.9751262506467862,0.9241556708353966
1000,0.0001,0.01,0.01,0.5,0.01,0.1,0.9712691358207572,0.9234754709193221
1000,0.0001,0.01,0.01,0.5,0.01,0.2,0.9693167614842434,0.9159443456437155
1000,0.0001,0.01,0.01,0.5,0.1,0.0,0.9764465473876577,0.9184953616628848
1000,0.0001,0.01,0.01,0.5,0.1,0.01,0.976061863608148,0.9223269696011309
1000,0.0001,0.01,0.01,0.5,0.1,0.1,0.9708344953665208,0.923444644695548
1000,0.0001,0.01,0.01,0.5,0.1,0.2,0.9698034175958798,0.916000861212908
1000,0.0001,0.01,0.01,1.0,0.0,0.0,0.973900898546646,0.9156169149683281
1000,0.0001,0.01,0.01,1.0,0.0,0.01,0.9723178804289883,0.9191877877625908
1000,0.0001,0.01,0.01,1.0,0.0,0.1,0.9671665965855204,0.9211534906963086
1000,0.0001,0.01,0.01,1.0,0.0,0.2,0.9661411025286214,0.9210355226992776
1000,0.0001,0.01,0.01,1.0,0.01,0.0,0.9738294978836408,0.9194685115347249
1000,0.0001,0.01,0.01,1.0,0.01,0.01,0.9726617742594212,0.9182010545053604
1000,0.0001,0.01,0.01,1.0,0.01,0.1,0.9678575986528588,0.9225448051807752
1000,0.0001,0.01,0.01,1.0,0.01,0.2,0.9661383676614942,0.9207079236075643
1000,0.0001,0.01,0.01,1.0,0.1,0.0,0.9732572827151429,0.917152920103797
1000,0.0001,0.01,0.01,1.0,0.1,0.01,0.973563515286404,0.918773422006122
1000,0.0001,0.01,0.01,1.0,0.1,0.1,0.9665183093681834,0.9207131889508344
1000,0.0001,0.01,0.01,1.0,0.1,0.2,0.9664709628967889,0.9222675243734483
1000,0.0001,0.01,0.1,0.0,0.0,0.0,0.9712531356883278,0.9062242566456046
1000,0.0001,0.01,0.1,0.0,0.0,0.01,0.9714499471046905,0.9093446033836526
1000,0.0001,0.01,0.1,0.0,0.0,0.1,0.9647411568644708,0.9141962582630906
1000,0.0001,0.01,0.1,0.0,0.0,0.2,0.9605339837190996,0.9080012060375781
1000,0.0001,0.01,0.1,0.0,0.01,0.0,0.9699018900894427,0.9064263196190173
1000,0.0001,0.01,0.1,0.0,0.01,0.01,0.9713497603190859,0.909012002478821
1000,0.0001,0.01,0.1,0.0,0.01,0.1,0.9640236914477742,0.9132543090642355
1000,0.0001,0.01,0.1,0.0,0.01,0.2,0.9599655602538808,0.9120287764841004
1000,0.0001,0.01,0.1,0.0,0.1,0.0,0.9702408526064001,0.9043807576283136
1000,0.0001,0.01,0.1,0.0,0.1,0.01,0.9706756084581786,0.9085294392132145
1000,0.0001,0.01,0.1,0.0,0.1,0.1,0.9654432505682934,0.9131220363852647
1000,0.0001,0.01,0.1,0.0,0.1,0.2,0.9609485339562553,0.9118632588508934
1000,0.0001,0.01,0.1,0.1,0.0,0.0,0.970453702440936,0.9062132985855325
1000,0.0001,0.01,0.1,0.1,0.0,0.01,0.9693986145017653,0.9080435250857762
1000,0.0001,0.01,0.1,0.1,0.0,0.1,0.9662591374017637,0.9174904271560209
1000,0.0001,0.01,0.1,0.1,0.0,0.2,0.9613547449663414,0.9085020719410222
1000,0.0001,0.01,0.1,0.1,0.01,0.0,0.9712342048737399,0.9078708464637932
1000,0.0001,0.01,0.1,0.1,0.01,0.01,0.9693060577626635,0.9077280053276047
1000,0.0001,0.01,0.1,0.1,0.01,0.1,0.9665374674672524,0.9166679267817742
1000,0.0001,0.01,0.1,0.1,0.01,0.2,0.964005345097535,0.9109327273650544
1000,0.0001,0.01,0.1,0.1,0.1,0.0,0.9703799462855734,0.9051122306019724
1000,0.0001,0.01,0.1,0.1,0.1,0.01,0.9710968127125394,0.9086249258831274
1000,0.0001,0.01,0.1,0.1,0.1,0.1,0.9670189973892362,0.9160452594790933
1000,0.0001,0.01,0.1,0.1,0.1,0.2,0.9625925723471513,0.9101689756574177
1000,0.0001,0.01,0.1,0.5,0.0,0.0,0.9713175124998945,0.9088427197161062
1000,0.0001,0.01,0.1,0.5,0.0,0.01,0.9707754985338584,0.9054229686944233
1000,0.0001,0.01,0.1,0.5,0.0,0.1,0.9684279995475109,0.9157598090884687
1000,0.0001,0.01,0.1,0.5,0.0,0.2,0.9660543866594515,0.9119028311241325
1000,0.0001,0.01,0.1,0.5,0.01,0.0,0.9712418812634248,0.9082047646147478
1000,0.0001,0.01,0.1,0.5,0.01,0.01,0.9711433538382855,0.9074101132985064
1000,0.0001,0.01,0.1,0.5,0.01,0.1,0.9680231615854137,0.9155789377328926
1000,0.0001,0.01,0.1,0.5,0.01,0.2,0.9655820700233884,0.9112181977037459
1000,0.0001,0.01,0.1,0.5,0.1,0.0,0.9710026999162933,0.9091036011802184
1000,0.0001,0.01,0.1,0.5,0.1,0.01,0.9717288926926252,0.9079207339151021
1000,0.0001,0.01,0.1,0.5,0.1,0.1,0.9677038703339335,0.9133998277424017
1000,0.0001,0.01,0.1,0.5,0.1,0.2,0.9652439882768237,0.9114179647181867
1000,0.0001,0.01,0.1,1.0,0.0,0.0,0.969746287436787,0.9089910344943751
1000,0.0001,0.01,0.1,1.0,0.0,0.01,0.9700795108605385,0.9122185494408026
1000,0.0001,0.01,0.1,1.0,0.0,0.1,0.9667023440576854,0.9160586483848091
1000,0.0001,0.01,0.1,1.0,0.0,0.2,0.9643302825058524,0.9182888855588067
1000,0.0001,0.01,0.1,1.0,0.01,0.0,0.9694528064961863,0.9102164469951105
1000,0.0001,0.01,0.1,1.0,0.01,0.01,0.9689153912529656,0.9121766764571523
1000,0.0001,0.01,0.1,1.0,0.01,0.1,0.9669908500378744,0.9163764903001276
1000,0.0001,0.01,0.1,1.0,0.01,0.2,0.964768364642486,0.9166910437568121
1000,0.0001,0.01,0.1,1.0,0.1,0.0,0.9714537156679799,0.9119360388815291
1000,0.0001,0.01,0.1,1.0,0.1,0.01,0.9719478886669475,0.9105333779611341
1000,0.0001,0.01,0.1,1.0,0.1,0.1,0.9676496562630643,0.9145423413808815
1000,0.0001,0.01,0.1,1.0,0.1,0.2,0.9647168870187145,0.9163700885147985
1000,0.0001,0.01,0.5,0.0,0.0,0.0,0.9480752598421349,0.8979209860213015
1000,0.0001,0.01,0.5,0.0,0.0,0.01,0.9496298443540219,0.9023323478233523
1000,0.0001,0.01,0.5,0.0,0.0,0.1,0.9485757035582085,0.9054722914952389
1000,0.0001,0.01,0.5,0.0,0.0,0.2,0.9467148361547412,0.9095531507282244
1000,0.0001,0.01,0.5,0.0,0.01,0.0,0.9524976031978085,0.8987242956889029
1000,0.0001,0.01,0.5,0.0,0.01,0.01,0.9466774558773685,0.9004374833209011
1000,0.0001,0.01,0.5,0.0,0.01,0.1,0.9470867377344555,0.907288139588223
1000,0.0001,0.01,0.5,0.0,0.01,0.2,0.9461551207031166,0.9055471009171338
1000,0.0001,0.01,0.5,0.0,0.1,0.0,0.9495004312973861,0.9004882408433891
1000,0.0001,0.01,0.5,0.0,0.1,0.01,0.9503996291703734,0.9027393613639269
1000,0.0001,0.01,0.5,0.0,0.1,0.1,0.9468254851779702,0.9092836797059305
1000,0.0001,0.01,0.5,0.0,0.1,0.2,0.9466969042140307,0.906519553500057
1000,0.0001,0.01,0.5,0.1,0.0,0.0,0.9530965169128345,0.8993350755410037
1000,0.0001,0.01,0.5,0.1,0.0,0.01,0.9526895449535933,0.8998740404078432
1000,0.0001,0.01,0.5,0.1,0.0,0.1,0.945659020926304,0.9065969295227049
1000,0.0001,0.01,0.5,0.1,0.0,0.2,0.9478146376012164,0.9057940639284858
1000,0.0001,0.01,0.5,0.1,0.01,0.0,0.9509581912409233,0.900444400028262
1000,0.0001,0.01,0.5,0.1,0.01,0.01,0.9524505161951384,0.8998972676400288
1000,0.0001,0.01,0.5,0.1,0.01,0.1,0.9502138540534537,0.9056383592238856
1000,0.0001,0.01,0.5,0.1,0.01,0.2,0.9460634107608572,0.9052253675570938
1000,0.0001,0.01,0.5,0.1,0.1,0.0,0.9515035203751567,0.9004611317175707
1000,0.0001,0.01,0.5,0.1,0.1,0.01,0.9519587916815186,0.899498127114567
1000,0.0001,0.01,0.5,0.1,0.1,0.1,0.9493390550536718,0.9052112336172948
1000,0.0001,0.01,0.5,0.1,0.1,0.2,0.9452235435106346,0.90636883874654
1000,0.0001,0.01,0.5,0.5,0.0,0.0,0.9521803635247816,0.8987537714351097
1000,0.0001,0.01,0.5,0.5,0.0,0.01,0.951522807993652,0.9006767362507504
1000,0.0001,0.01,0.5,0.5,0.0,0.1,0.9494852350390925,0.9073938698445217
1000,0.0001,0.01,0.5,0.5,0.0,0.2,0.9460613326241717,0.9064449063176305
1000,0.0001,0.01,0.5,0.5,0.01,0.0,0.9525236792987555,0.9018428255674982
1000,0.0001,0.01,0.5,0.5,0.01,0.01,0.9505562146050993,0.902466004191211
1000,0.0001,0.01,0.5,0.5,0.01,0.1,0.9487995785883707,0.9069289664983553
1000,0.0001,0.01,0.5,0.5,0.01,0.2,0.9466826869044531,0.9052301365933276
1000,0.0001,0.01,0.5,0.5,0.1,0.0,0.952362202841423,0.9010113182696633
1000,0.0001,0.01,0.5,0.5,0.1,0.01,0.9519516606799312,0.9019707254308953
1000,0.0001,0.01,0.5,0.5,0.1,0.1,0.9486694674906991,0.9025743863582091
1000,0.0001,0.01,0.5,0.5,0.1,0.2,0.9467384870630194,0.906125652526489
1000,0.0001,0.01,0.5,1.0,0.0,0.0,0.9516082827996879,0.9039726242535326
1000,0.0001,0.01,0.5,1.0,0.0,0.01,0.9524536277706176,0.9026393081314068
1000,0.0001,0.01,0.5,1.0,0.0,0.1,0.9502480891935114,0.9080381379755051
1000,0.0001,0.01,0.5,1.0,0.0,0.2,0.947302862155227,0.9111323671596177
1000,0.0001,0.01,0.5,1.0,0.01,0.0,0.9547155354963269,0.9036870196121609
1000,0.0001,0.01,0.5,1.0,0.01,0.01,0.9512053100755423,0.903788421148637
1000,0.0001,0.01,0.5,1.0,0.01,0.1,0.9489689259592469,0.9074305525660097
1000,0.0001,0.01,0.5,1.0,0.01,0.2,0.9475423720608348,0.9126165926883792
1000,0.0001,0.01,0.5,1.0,0.1,0.0,0.9502535734897279,0.9036399840541642
1000,0.0001,0.01,0.5,1.0,0.1,0.01,0.9498713289736795,0.9052567998518841
1000,0.0001,0.01,0.5,1.0,0.1,0.1,0.9507697371530045,0.9070455554465524
1000,0.0001,0.01,0.5,1.0,0.1,0.2,0.947025290379258,0.9122474329239006
1000,0.0001,0.1,0.01,0.0,0.0,0.0,0.9378761413532883,0.8531814336433042
1000,0.0001,0.1,0.01,0.0,0.0,0.01,0.9371010801623978,0.8607831649454226
1000,0.0001,0.1,0.01,0.0,0.0,0.1,0.9365122006988938,0.8887927210903773
1000,0.0001,0.1,0.01,0.0,0.0,0.2,0.932564488878075,0.8954464607466408
1000,0.0001,0.1,0.01,0.0,0.01,0.0,0.936958750143027,0.8525625672375935
1000,0.0001,0.1,0.01,0.0,0.01,0.01,0.9369368856730571,0.8617254147240725
1000,0.0001,0.1,0.01,0.0,0.01,0.1,0.9366068590274245,0.8899798567613444
1000,0.0001,0.1,0.01,0.0,0.01,0.2,0.9323345625202403,0.8953559248839242
1000,0.0001,0.1,0.01,0.0,0.1,0.0,0.9365343294324182,0.8525486383660832
1000,0.0001,0.1,0.01,0.0,0.1,0.01,0.9374131291876672,0.8594312927519813
1000,0.0001,0.1,0.01,0.0,0.1,0.1,0.9370853672746486,0.8886361668661161
1000,0.0001,0.1,0.01,0.0,0.1,0.2,0.9328641807559295,0.8945211631813943
1000,0.0001,0.1,0.01,0.1,0.0,0.0,0.9365102017402889,0.9019990392348572
1000,0.0001,0.1,0.01,0.1,0.0,0.01,0.9373374624171662,0.9010075707284163
1000,0.0001,0.1,0.01,0.1,0.0,0.1,0.9336500243860029,0.9109150182499552
1000,0.0001,0.1,0.01,0.1,0.0,0.2,0.932103795105142,0.9113806088051707
1000,0.0001,0.1,0.01,0.1,0.01,0.0,0.937344583092105,0.899675277644954
1000,0.0001,0.1,0.01,0.1,0.01,0.01,0.9374519829597876,0.9014443202736072
1000,0.0001,0.1,0.01,0.1,0.01,0.1,0.9338171329253573,0.9098215109587924
1000,0.0001,0.1,0.01,0.1,0.01,0.2,0.9324154054613336,0.9108524509223728
1000,0.0001,0.1,0.01,0.1,0.1,0.0,0.936937427068417,0.9022964042041715
1000,0.0001,0.1,0.01,0.1,0.1,0.01,0.9367575681681422,0.9015424689444627
1000,0.0001,0.1,0.01,0.1,0.1,0.1,0.9339687402777639,0.9102203851511462
1000,0.0001,0.1,0.01,0.1,0.1,0.2,0.9318957962154724,0.9111711639722304
1000,0.0001,0.1,0.01,0.5,0.0,0.0,0.9301112005140679,0.9187333853554575
1000,0.0001,0.1,0.01,0.5,0.0,0.01,0.9302652006996974,0.9192683489027137
1000,0.0001,0.1,0.01,0.5,0.0,0.1,0.9290877968844354,0.926183603964904
1000,0.0001,0.1,0.01,0.5,0.0,0.2,0.9279822199368765,0.9270583198177227
1000,0.0001,0.1,0.01,0.5,0.01,0.0,0.930312647348374,0.9180254005389427
1000,0.0001,0.1,0.01,0.5,0.01,0.01,0.9301101546329722,0.9183495996839738
1000,0.0001,0.1,0.01,0.5,0.01,0.1,0.9288909555705347,0.926161179018427
1000,0.0001,0.1,0.01,0.5,0.01,0.2,0.9282570996649193,0.9262580892561908
1000,0.0001,0.1,0.01,0.5,0.1,0.0,0.9299380113452004,0.9170330442843786
1000,0.0001,0.1,0.01,0.5,0.1,0.01,0.9292841230771638,0.9180226680592647
1000,0.0001,0.1,0.01,0.5,0.1,0.1,0.9287967151409469,0.9246370387598333
1000,0.0001,0.1,0.01,0.5,0.1,0.2,0.9281145786290015,0.9252629389066116
1000,0.0001,0.1,0.01,1.0,0.0,0.0,0.923662431340021,0.9138334469804228
1000,0.0001,0.1,0.01,1.0,0.0,0.01,0.9237675167408356,0.9145941239962934
1000,0.0001,0.1,0.01,1.0,0.0,0.1,0.9241776772523174,0.9206060763320455
1000,0.0001,0.1,0.01,1.0,0.0,0.2,0.9207787849217255,0.9243613667684972
1000,0.0001,0.1,0.01,1.0,0.01,0.0,0.924424357391276,0.9134768292643646
1000,0.0001,0.1,0.01,1.0,0.01,0.01,0.9231423058090232,0.9133837684029045
1000,0.0001,0.1,0.01,1.0,0.01,0.1,0.9242668390245362,0.920967839194718
1000,0.0001,0.1,0.01,1.0,0.01,0.2,0.9221165693449219,0.9254912393742332
1000,0.0001,0.1,0.01,1.0,0.1,0.0,0.9233875642276932,0.9144056355830545
1000,0.0001,0.1,0.01,1.0,0.1,0.01,0.9238153577973278,0.9144870796291364
1000,0.0001,0.1,0.01,1.0,0.1,0.1,0.9237768216857927,0.920351788811042
1000,0.0001,0.1,0.01,1.0,0.1,0.2,0.9210246651483245,0.9259744941835026
1000,0.0001,0.1,0.1,0.0,0.0,0.0,0.9194449426501523,0.8983958833429404
1000,0.0001,0.1,0.1,0.0,0.0,0.01,0.9200549221697144,0.9003177641272623
1000,0.0001,0.1,0.1,0.0,0.0,0.1,0.919553903411932,0.9050646263052987
1000,0.0001,0.1,0.1,0.0,0.0,0.2,0.9196567793043285,0.9061703367091868
1000,0.0001,0.1,0.1,0.0,0.01,0.0,0.9198284535677439,0.8983431851439923
1000,0.0001,0.1,0.1,0.0,0.01,0.01,0.9200128295419405,0.898984623519324
1000,0.0001,0.1,0.1,0.0,0.01,0.1,0.919513330483384,0.9040536882325254
1000,0.0001,0.1,0.1,0.0,0.01,0.2,0.9190873610386767,0.9058657190013971
1000,0.0001,0.1,0.1,0.0,0.1,0.0,0.9189648985982585,0.8966185945988986
1000,0.0001,0.1,0.1,0.0,0.1,0.01,0.9182531552419588,0.8971425842040155
1000,0.0001,0.1,0.1,0.0,0.1,0.1,0.9207334969790434,0.9039461804989406
1000,0.0001,0.1,0.1,0.0,0.1,0.2,0.9188341855378916,0.9069331744793095
1000,0.0001,0.1,0.1,0.1,0.0,0.0,0.9197262662039299,0.9041322215296932
1000,0.0001,0.1,0.1,0.1,0.0,0.01,0.9180879255724184,0.9036069797478297
1000,0.0001,0.1,0.1,0.1,0.0,0.1,0.921248805565126,0.9068104886497221
1000,0.0001,0.1,0.1,0.1,0.0,0.2,0.922916613362049,0.9073654984012265
1000,0.0001,0.1,0.1,0.1,0.01,0.0,0.9196439712827896,0.9041276664298711
1000,0.0001,0.1,0.1,0.1,0.01,0.01,0.9198995138635905,0.903862639914434
1000,0.0001,0.1,0.1,0.1,0.01,0.1,0.9219036322308811,0.9068954469517982
1000,0.0001,0.1,0.1,0.1,0.01,0.2,0.9207242493951772,0.9084019185616874
1000,0.0001,0.1,0.1,0.1,0.1,0.0,0.9199205978410586,0.9063868269936188
1000,0.0001,0.1,0.1,0.1,0.1,0.01,0.9195952254872669,0.9054068007064303
1000,0.0001,0.1,0.1,0.1,0.1,0.1,0.9220910029748349,0.9053723993658059
1000,0.0001,0.1,0.1,0.1,0.1,0.2,0.9206342197604639,0.9085785805731107
1000,0.0001,0.1,0.1,0.5,0.0,0.0,0.9193874381146618,0.9083968822056426
1000,0.0001,0.1,0.1,0.5,0.0,0.01,0.9184533629771305,0.9112090106828283
1000,0.0001,0.1,0.1,0.5,0.0,0.1,0.9178210775092125,0.911531647700252
1000,0.0001,0.1,0.1,0.5,0.0,0.2,0.9200279246301662,0.9148723793367453
1000,0.0001,0.1,0.1,0.5,0.01,0.0,0.9179331981359342,0.907956212924496
1000,0.0001,0.1,0.1,0.5,0.01,0.01,0.9192850123008871,0.9099565931579211
1000,0.0001,0.1,0.1,0.5,0.01,0.1,0.9179651929048849,0.9114979113777456
1000,0.0001,0.1,0.1,0.5,0.01,0.2,0.9193450538410475,0.914187181489102
1000,0.0001,0.1,0.1,0.5,0.1,0.0,0.9183179426509969,0.9085276354017644
1000,0.0001,0.1,0.1,0.5,0.1,0.01,0.9177267306534357,0.9089621159228374
1000,0.0001,0.1,0.1,0.5,0.1,0.1,0.9187761592887049,0.9125117423182212
1000,0.0001,0.1,0.1,0.5,0.1,0.2,0.9200341690223627,0.912778219048608
1000,0.0001,0.1,0.1,1.0,0.0,0.0,0.9200784003287619,0.9112844872259103
1000,0.0001,0.1,0.1,1.0,0.0,0.01,0.919981879800561,0.9139370818333188
1000,0.0001,0.1,0.1,1.0,0.0,0.1,0.919908379902556,0.9184093827073874
1000,0.0001,0.1,0.1,1.0,0.0,0.2,0.9200065263031965,0.917810613275801
1000,0.0001,0.1,0.1,1.0,0.01,0.0,0.9168770356536452,0.9135222672599731
1000,0.0001,0.1,0.1,1.0,0.01,0.01,0.9197210234241375,0.9135385792538107
1000,0.0001,0.1,0.1,1.0,0.01,0.1,0.9191685022953093,0.9180519453513803
1000,0.0001,0.1,0.1,1.0,0.01,0.2,0.918481324422481,0.9208343129109394
1000,0.0001,0.1,0.1,1.0,0.1,0.0,0.9185982602078777,0.9113812454874393
1000,0.0001,0.1,0.1,1.0,0.1,0.01,0.918911335178769,0.913454306174912
1000,0.0001,0.1,0.1,1.0,0.1,0.1,0.919909791358061,0.9174342306957498
1000,0.0001,0.1,0.1,1.0,0.1,0.2,0.9195108947768874,0.9179263702288948
1000,0.0001,0.1,0.5,0.0,0.0,0.0,0.898037933092362,0.8997441587657713
1000,0.0001,0.1,0.5,0.0,0.0,0.01,0.8968903223964746,0.9046196674635892
1000,0.0001,0.1,0.5,0.0,0.0,0.1,0.9005328675774893,0.9060135621875406
1000,0.0001,0.1,0.5,0.0,0.0,0.2,0.9021772106859332,0.9028168229556652
1000,0.0001,0.1,0.5,0.0,0.01,0.0,0.8983190326123787,0.9028281100677259
1000,0.0001,0.1,0.5,0.0,0.01,0.01,0.8940497280675865,0.902334265932221
1000,0.0001,0.1,0.5,0.0,0.01,0.1,0.9015897757911351,0.904969110610086
1000,0.0001,0.1,0.5,0.0,0.01,0.2,0.900588461365855,0.9039833325271931
1000,0.0001,0.1,0.5,0.0,0.1,0.0,0.8958644175726871,0.9019140222513871
1000,0.0001,0.1,0.5,0.0,0.1,0.01,0.8971047125187731,0.9027129046951493
1000,0.0001,0.1,0.5,0.0,0.1,0.1,0.899402324964826,0.9057077636208081
1000,0.0001,0.1,0.5,0.0,0.1,0.2,0.902498121366704,0.9039739753367217
1000,0.0001,0.1,0.5,0.1,0.0,0.0,0.8957426074969053,0.9019192647784572
1000,0.0001,0.1,0.5,0.1,0.0,0.01,0.8955484058958305,0.9017271943740149
1000,0.0001,0.1,0.5,0.1,0.0,0.1,0.9009581576379813,0.9055231711007314
1000,0.0001,0.1,0.5,0.1,0.0,0.2,0.9020872306607999,0.9076106875507575
1000,0.0001,0.1,0.5,0.1,0.01,0.0,0.8989619749090563,0.9015004398738817
1000,0.0001,0.1,0.5,0.1,0.01,0.01,0.8966760234173241,0.9023580412258195
1000,0.0001,0.1,0.5,0.1,0.01,0.1,0.9010592558696731,0.9047930658737882
1000,0.0001,0.1,0.5,0.1,0.01,0.2,0.9015278300086544,0.9073895450129992
1000,0.0001,0.1,0.5,0.1,0.1,0.0,0.8984116885109349,0.9012621589285386
1000,0.0001,0.1,0.5,0.1,0.1,0.01,0.8965554173016248,0.9024048542648346
1000,0.0001,0.1,0.5,0.1,0.1,0.1,0.9001003336380731,0.9065377701113916
1000,0.0001,0.1,0.5,0.1,0.1,0.2,0.9013407787323483,0.9064856482337639
1000,0.0001,0.1,0.5,0.5,0.0,0.0,0.8940390634480719,0.9037697163766786
1000,0.0001,0.1,0.5,0.5,0.0,0.01,0.8984192204403487,0.904164766028844
1000,0.0001,0.1,0.5,0.5,0.0,0.1,0.896738069981834,0.9073140668167134
1000,0.0001,0.1,0.5,0.5,0.0,0.2,0.8999293335017922,0.9096403188042019
1000,0.0001,0.1,0.5,0.5,0.01,0.0,0.8935580405030912,0.9042877180936368
1000,0.0001,0.1,0.5,0.5,0.01,0.01,0.8947321851850127,0.9060505109989088
1000,0.0001,0.1,0.5,0.5,0.01,0.1,0.8977920101980192,0.9080574452278326
1000,0.0001,0.1,0.5,0.5,0.01,0.2,0.902185997517554,0.906520403077673
1000,0.0001,0.1,0.5,0.5,0.1,0.0,0.8940605148087322,0.9034354802546809
1000,0.0001,0.1,0.5,0.5,0.1,0.01,0.8949482311409094,0.9055210488420372
1000,0.0001,0.1,0.5,0.5,0.1,0.1,0.8983544956336225,0.9073540413930563
1000,0.0001,0.1,0.5,0.5,0.1,0.2,0.8998548106338727,0.9085266626562207
1000,0.0001,0.1,0.5,1.0,0.0,0.0,0.8960134090839099,0.9060644756675579
1000,0.0001,0.1,0.5,1.0,0.0,0.01,0.8970892196604631,0.9083395164729474
1000,0.0001,0.1,0.5,1.0,0.0,0.1,0.8999551546187258,0.9094707513734072
1000,0.0001,0.1,0.5,1.0,0.0,0.2,0.9016897800614406,0.9108387661273114
1000,0.0001,0.1,0.5,1.0,0.01,0.0,0.8938063947977991,0.9039009682919061
1000,0.0001,0.1,0.5,1.0,0.01,0.01,0.8979950786617419,0.908019996950824
1000,0.0001,0.1,0.5,1.0,0.01,0.1,0.9005621628822514,0.9097662627598065
1000,0.0001,0.1,0.5,1.0,0.01,0.2,0.9018894573116307,0.9106993799471481
1000,0.0001,0.1,0.5,1.0,0.1,0.0,0.8950661997774076,0.9060105683325343
1000,0.0001,0.1,0.5,1.0,0.1,0.01,0.8996436352568276,0.9071025214150793
1000,0.0001,0.1,0.5,1.0,0.1,0.1,0.8979387700514547,0.9119870071000443
1000,0.0001,0.1,0.5,1.0,0.1,0.2,0.9008020901766052,0.9104745595362986
2000,5e-05,0.0,0.01,0.0,0.0,0.0,0.9797267394002112,0.903367709176772
2000,5e-05,0.0,0.01,0.0,0.0,0.01,0.9803951465572405,0.907234648162256
2000,5e-05,0.0,0.01,0.0,0.0,0.1,0.9739753244139097,0.908749748447985
2000,5e-05,0.0,0.01,0.0,0.0,0.2,0.9688049991436289,0.9074782182476112
2000,5e-05,0.0,0.01,0.0,0.01,0.0,0.981044010824521,0.9054791054821524
2000,5e-05,0.0,0.01,0.0,0.01,0.01,0.9805602367409744,0.9027337762486121
2000,5e-05,0.0,0.01,0.0,0.01,0.1,0.9753849746333308,0.9129028481779622
2000,5e-05,0.0,0.01,0.0,0.01,0.2,0.9689896360296162,0.9078987235111947
2000,5e-05,0.0,0.01,0.0,0.1,0.0,0.9804847134750851,0.9075331752731136
2000,5e-05,0.0,0.01,0.0,0.1,0.01,0.9806986737361827,0.9053508695901578
2000,5e-05,0.0,0.01,0.0,0.1,0.1,0.9741037411234521,0.9111588872478181
2000,5e-05,0.0,0.01,0.0,0.1,0.2,0.968220486492582,0.9058573681323118
2000,5e-05,0.0,0.01,0.1,0.0,0.0,0.9822516912286388,0.9150011210900736
2000,5e-05,0.0,0.01,0.1,0.0,0.01,0.9829309721768446,0.9190482785258062
2000,5e-05,0.0,0.01,0.1,0.0,0.1,0.9794460855813167,0.9215930242778758
2000,5e-05,0.0,0.01,0.1,0.0,0.2,0.9714088614087906,0.906730164452719
2000,5e-05,0.0,0.01,0.1,0.01,0.0,0.9819918568194442,0.9181758251099883
2000,5e-05,0.0,0.01,0.1,0.01,0.01,0.9828530133730281,0.9181704134127737
2000,5e-05,0.0,0.01,0.1,0.01,0.1,0.9790681899090412,0.9189338012651432
2000,5e-05,0.0,0.01,0.1,0.01,0.2,0.9716616626740187,0.9084996711990706
2000,5e-05,0.0,0.01,0.1,0.1,0.0,0.9818411892836265,0.9132860288780984
2000,5e-05,0.0,0.01,0.1,0.1,0.01,0.982875242433052,0.9198427995199384
2000,5e-05,0.0,0.01,0.1,0.1,0.1,0.9790080578941087,0.9159325146476914
2000,5e-05,0.0,0.01,0.1,0.1,0.2,0.9714132126724859,0.9056873352946172
2000,5e-05,0.0,0.01,0.5,0.0,0.0,0.9795492851219635,0.9109329291320413
2000,5e-05,0.0,0.01,0.5,0.0,0.01,0.9809328410451015,0.9198842954362253
2000,5e-05,0.0,0.01,0.5,0.0,0.1,0.977935251262013,0.915455910026017
2000,5e-05,0.0,0.01,0.5,0.0,0.2,0.9748900033441821,0.8998928373269732
2000,5e-05,0.0,0.01,0.5,0.01,0.0,0.97992404868871,0.9102751640797047
2000,5e-05,0.0,0.01,0.5,0.01,0.01,0.9805883236877115,0.9145280648806264
2000,5e-05,0.0,0.01,0.5,0.01,0.1,0.9783187347858031,0.9174602952949232
2000,5e-05,0.0,0.01,0.5,0.01,0.2,0.9747313440542089,0.9046173827692388
2000,5e-05,0.0,0.01,0.5,0.1,0.0,0.9798128080915263,0.9143535978832148
2000,5e-05,0.0,0.01,0.5,0.1,0.01,0.9813262821419534,0.9191720429618333
2000,5e-05,0.0,0.01,0.5,0.1,0.1,0.9777328281928978,0.919211266805067
2000,5e-05,0.0,0.01,0.5,0.1,0.2,0.9744398442066318,0.9052190030679245
2000,5e-05,0.0,0.01,1.0,0.0,0.0,0.97868345910688,0.9139239857024192
2000,5e-05,0.0,0.01,1.0,0.0,0.01,0.9795054087833696,0.9157838882985674
2000,5e-05,0.0,0.01,1.0,0.0,0.1,0.976509106854272,0.9156688872824768
2000,5e-05,0.0,0.01,1.0,0.0,0.2,0.9739745961997921,0.907105543281306
2000,5e-05,0.0,0.01,1.0,0.01,0.0,0.9796186914111923,0.9083987084561828
2000,5e-05,0.0,0.01,1.0,0.01,0.01,0.9786755770302284,0.915157186702896
2000,5e-05,0.0,0.01,1.0,0.01,0.1,0.9766640578184493,0.9166476015141084
2000,5e-05,0.0,0.01,1.0,0.01,0.2,0.9716500960429972,0.9110772405589268
2000,5e-05,0.0,0.01,1.0,0.1,0.0,0.9780492687777409,0.9108028420079988
2000,5e-05,0.0,0.01,1.0,0.1,0.01,0.9794175331056012,0.9154977015124025
2000,5e-05,0.0,0.01,1.0,0.1,0.1,0.9759929671127574,0.9145490970058918
2000,5e-05,0.0,0.01,1.0,0.1,0.2,0.9732131778433234,0.9075301676325989
2000,5e-05,0.0,0.1,0.0,0.0,0.0,0.9796925583954926,0.9079417458449306
2000,5e-05,0.0,0.1,0.0,0.0,0.01,0.9805962564377002,0.911622889462629
2000,5e-05,0.0,0.1,0.0,0.0,0.1,0.9794619003378766,0.9190673752507099
2000,5e-05,0.0,0.1,0.0,0.0,0.2,0.9770902657644231,0.9122346543229205
2000,5e-05,0.0,0.1,0.0,0.01,0.0,0.979180325296653,0.9096454053032302
2000,5e-05,0.0,0.1,0.0,0.01,0.01,0.979238827816794,0.9127951156363042
2000,5e-05,0.0,0.1,0.0,0.01,0.1,0.9805160741655825,0.9196550156057814
2000,5e-05,0.0,0.1,0.0,0.01,0.2,0.9769659188784374,0.9131369076980995
2000,5e-05,0.0,0.1,0.0,0.1,0.0,0.9793952260912897,0.9105488553540513
2000,5e-05,0.0,0.1,0.0,0.1,0.01,0.9802149837693976,0.9145808980357911
2000,5e-05,0.0,0.1,0.0,0.1,0.1,0.979726573030574,0.9217226651500126
2000,5e-05,0.0,0.1,0.0,0.1,0.2,0.9763187086822585,0.9126848281512007
2000,5e-05,0.0,0.1,0.1,0.0,0.0,0.9804813589255753,0.9093210317260475
2000,5e-05,0.0,0.1,0.1,0.0,0.01,0.9794580896273961,0.9115604049740298
2000,5e-05,0.0,0.1,0.1,0.0,0.1,0.9793926464720004,0.9165221871614838
2000,5e-05,0.0,0.1,0.1,0.0,0.2,0.9768656070181642,0.909402617577849
2000,5e-05,0.0,0.1,0.1,0.01,0.0,0.9796810013004218,0.9097943715208227
2000,5e-05,0.0,0.1,0.1,0.01,0.01,0.9805539767160252,0.9097062686162376
2000,5e-05,0.0,0.1,0.1,0.01,0.1,0.9809280096448518,0.9161609472495227
2000,5e-05,0.0,0.1,0.1,0.01,0.2,0.9768244041027239,0.9106681838398326
2000,5e-05,0.0,0.1,0.1,0.1,0.0,0.9794402506742839,0.9097253558487113
2000,5e-05,0.0,0.1,0.1,0.1,0.01,0.980853432575795,0.9091330066105879
2000,5e-05,0.0,0.1,0.1,0.1,0.1,0.9810986651125955,0.9166584722057997
2000,5e-05,0.0,0.1,0.1,0.1,0.2,0.9777000090396117,0.9115464238716416
2000,5e-05,0.0,0.1,0.5,0.0,0.0,0.9786780554145161,0.9019585259573046
2000,5e-05,0.0,0.1,0.5,0.0,0.01,0.9805195657187865,0.9018210841385929
2000,5e-05,0.0,0.1,0.5,0.0,0.1,0.9812657047860693,0.9093634582137035
2000,5e-05,0.0,0.1,0.5,0.0,0.2,0.9777080147517341,0.9117103720915469
2000,5e-05,0.0,0.1,0.5,0.01,0.0,0.9790333339915616,0.9024676885720795
2000,5e-05,0.0,0.1,0.5,0.01,0.01,0.9793999468623198,0.9042538781094182
2000,5e-05,0.0,0.1,0.5,0.01,0.1,0.9809446988079825,0.9089682718617177
2000,5e-05,0.0,0.1,0.5,0.01,0.2,0.9782042661535535,0.911853983128231
2000,5e-05,0.0,0.1,0.5,0.1,0.0,0.9788642270615497,0.905221004703818
2000,5e-05,0.0,0.1,0.5,0.1,0.01,0.9796344652800411,0.9052541947606717
2000,5e-05,0.0,0.1,0.5,0.1,0.1,0.9802807053854617,0.9081003904351486
2000,5e-05,0.0,0.1,0.5,0.1,0.2,0.9789157031077662,0.9087199550028949
2000,5e-05,0.0,0.1,1.0,0.0,0.0,0.9787524488647161,0.9069314068028514
2000,5e-05,0.0,0.1,1.0,0.0,0.01,0.9789410953629862,0.906124984614348
2000,5e-05,0.0,0.1,1.0,0.0,0.1,0.9811109690079748,0.912016601072762
2000,5e-05,0.0,0.1,1.0,0.0,0.2,0.9785081089456091,0.9105010647908729
2000,5e-05,0.0,0.1,1.0,0.01,0.0,0.9792434827877547,0.9090616374088065
2000,5e-05,0.0,0.1,1.0,0.01,0.01,0.9790096549828811,0.9057669504969409
2000,5e-05,0.0,0.1,1.0,0.01,0.1,0.9806117806172063,0.9138636617692956
2000,5e-05,0.0,0.1,1.0,0.01,0.2,0.9788650728265873,0.9131504592491563
2000,5e-05,0.0,0.1,1.0,0.1,0.0,0.9789048784855957,0.9081977731268726
2000,5e-05,0.0,0.1,1.0,0.1,0.01,0.9788570488243171,0.9085792170702857
2000,5e-05,0.0,0.1,1.0,0.1,0.1,0.9803882918784379,0.9152914440382102
2000,5e-05,0.0,0.1,1.0,0.1,0.2,0.9783545960247577,0.9133626092801428
2000,5e-05,0.0,0.5,0.0,0.0,0.0,0.9674669404161234,0.9072277766471303
2000,5e-05,0.0,0.5,0.0,0.0,0.01,0.9697317434760739,0.907431328017627
2000,5e-05,0.0,0.5,0.0,0.0,0.1,0.9697129771698614,0.9132901702845602
2000,5e-05,0.0,0.5,0.0,0.0,0.2,0.9707081834467342,0.9146206330164477
2000,5e-05,0.0,0.5,0.0,0.01,0.0,0.9656251189175504,0.9065253994613922
2000,5e-05,0.0,0.5,0.0,0.01,0.01,0.9699131905707907,0.9075749646097484
2000,5e-05,0.0,0.5,0.0,0.01,0.1,0.9703274500534573,0.9128334668385387
2000,5e-05,0.0,0.5,0.0,0.01,0.2,0.9695050987608023,0.9164310000470987
2000,5e-05,0.0,0.5,0.0,0.1,0.0,0.9676799097273874,0.9071745340787317
2000,5e-05,0.0,0.5,0.0,0.1,0.01,0.9674656512305235,0.9072570496554265
2000,5e-05,0.0,0.5,0.0,0.1,0.1,0.9709903203170013,0.9123891679435501
2000,5e-05,0.0,0.5,0.0,0.1,0.2,0.9712873916004738,0.9135126088566957
2000,5e-05,0.0,0.5,0.1,0.0,0.0,0.9685335758231404,0.906051442136371
2000,5e-05,0.0,0.5,0.1,0.0,0.01,0.9686754215239894,0.9073030300576619
2000,5e-05,0.0,0.5,0.1,0.0,0.1,0.9720854599759662,0.9131462314702837
2000,5e-05,0.0,0.5,0.1,0.0,0.2,0.9689747835072228,0.914253062946887
2000,5e-05,0.0,0.5,0.1,0.01,0.0,0.9676328942962396,0.9060864834628197
2000,5e-05,0.0,0.5,0.1,0.01,0.01,0.9690303079878878,0.9052978117133413
2000,5e-05,0.0,0.5,0.1,0.01,0.1,0.9718624278966875,0.9130715306263008
2000,5e-05,0.0,0.5,0.1,0.01,0.2,0.9714254980045957,0.9158527327677691
2000,5e-05,0.0,0.5,0.1,0.1,0.0,0.9688577250129933,0.9061590971738649
2000,5e-05,0.0,0.5,0.1,0.1,0.01,0.9687161400410093,0.9059061724729431
2000,5e-05,0.0,0.5,0.1,0.1,0.1,0.971432271490892,0.9130867890407535
2000,5e-05,0.0,0.5,0.1,0.1,0.2,0.9702723120460026,0.9155682214604463
2000,5e-05,0.0,0.5,0.5,0.0,0.0,0.9696486857545331,0.9083236751939265
2000,5e-05,0.0,0.5,0.5,0.0,0.01,0.9691728453098611,0.9101869990615777
2000,5e-05,0.0,0.5,0.5,0.0,0.1,0.9712370435857482,0.9153522860134118
2000,5e-05,0.0,0.5,0.5,0.0,0.2,0.9699402496784686,0.9151888998389438
2000,5e-05,0.0,0.5,0.5,0.01,0.0,0.9694548219321388,0.9073374311958035
2000,5e-05,0.0,0.5,0.5,0.01,0.01,0.9688631017410297,0.9079423930399964
2000,5e-05,0.0,0.5,0.5,0.01,0.1,0.9704844945254739,0.9148631145651078
2000,5e-05,0.0,0.5,0.5,0.01,0.2,0.9705398757121206,0.9167369226369029
2000,5e-05,0.0,0.5,0.5,0.1,0.0,0.9704275815954362,0.9081623672146437
2000,5e-05,0.0,0.5,0.5,0.1,0.01,0.9700440390570525,0.9079788775774859
2000,5e-05,0.0,0.5,0.5,0.1,0.1,0.97214889167651,0.9143643646463713
2000,5e-05,0.0,0.5,0.5,0.1,0.2,0.9702199030170496,0.9155080843783159
2000,5e-05,0.0,0.5,1.0,0.0,0.0,0.9689827109507403,0.9037318807579396
2000,5e-05,0.0,0.5,1.0,0.0,0.01,0.9688721492969399,0.9060976632556716
2000,5e-05,0.0,0.5,1.0,0.0,0.1,0.9721375107125758,0.9131980245079272
2000,5e-05,0.0,0.5,1.0,0.0,0.2,0.970688018581382,0.915832206694669
2000,5e-05,0.0,0.5,1.0,0.01,0.0,0.970595561760693,0.9060410856199044
2000,5e-05,0.0,0.5,1.0,0.01,0.01,0.9693567801399929,0.9063158460765397
2000,5e-05,0.0,0.5,1.0,0.01,0.1,0.9722768768307628,0.9147512572735599
2000,5e-05,0.0,0.5,1.0,0.01,0.2,0.9716073531817506,0.9155665097220256
2000,5e-05,0.0,0.5,1.0,0.1,0.0,0.969168738673231,0.9040447340293487
2000,5e-05,0.0,0.5,1.0,0.1,0.01,0.97034561441417,0.9077987414854951
2000,5e-05,0.0,0.5,1.0,0.1,0.1,0.9718834378477698,0.9145220205850375
2000,5e-05,0.0,0.5,1.0,0.1,0.2,0.9716599876543002,0.9156627949702609
2000,5e-05,0.01,0.01,0.0,0.0,0.0,0.9819120446591302,0.9105193700502288
2000,5e-05,0.01,0.01,0.0,0.0,0.01,0.9815170935529204,0.9179052708877156
2000,5e-05,0.01,0.01,0.0,0.0,0.1,0.9761560291875409,0.922599124246207
2000,5e-05,0.01,0.01,0.0,0.0,0.2,0.9730225719327957,0.9023928328389424
2000,5e-05,0.01,0.01,0.0,0.01,0.0,0.9817599864275645,0.9116087911863473
2000,5e-05,0.01,0.01,0.0,0.01,0.01,0.9820455223252922,0.9200337014848277
2000,5e-05,0.01,0.01,0.0,0.01,0.1,0.976085498529251,0.920350788706588
2000,5e-05,0.01,0.01,0.0,0.01,0.2,0.9728899859867877,0.9023352510955416
2000,5e-05,0.01,0.01,0.0,0.1,0.0,0.9824431984000752,0.91365312545757
2000,5e-05,0.01,0.01,0.0,0.1,0.01,0.9819100310638571,0.9190680281475613
2000,5e-05,0.01,0.01,0.0,0.1,0.1,0.9760733931589625,0.9221511889039147
2000,5e-05,0.01,0.01,0.0,0.1,0.2,0.9728865025338942,0.9028084482857459
2000,5e-05,0.01,0.01,0.1,0.0,0.0,0.9814277530490932,0.9188669242681023
2000,5e-05,0.01,0.01,0.1,0.0,0.01,0.9813438092125986,0.9243880937383118
2000,5e-05,0.01,0.01,0.1,0.0,0.1,0.9772375286805488,0.9261946299023602
2000,5e-05,0.01,0.01,0.1,0.0,0.2,0.972498117025006,0.9110948043285397
2000,5e-05,0.01,0.01,0.1,0.01,0.0,0.9818667292660153,0.918864575408761
2000,5e-05,0.01,0.01,0.1,0.01,0.01,0.9810301649682848,0.9261381332811539
2000,5e-05,0.01,0.01,0.1,0.01,0.1,0.9772030930160732,0.9277812236352185
2000,5e-05,0.01,0.01,0.1,0.01,0.2,0.971823023317149,0.9089259154159378
2000,5e-05,0.01,0.01,0.1,0.1,0.0,0.9814374320385293,0.9200834773710388
2000,5e-05,0.01,0.01,0.1,0.1,0.01,0.9813908286671744,0.9245519988313481
2000,5e-05,0.01,0.01,0.1,0.1,0.1,0.9767564074025978,0.9273950689452903
2000,5e-05,0.01,0.01,0.1,0.1,0.2,0.9720430512504732,0.9109516488051865
2000,5e-05,0.01,0.01,0.5,0.0,0.0,0.9795071330664177,0.9192993599054498
2000,5e-05,0.01,0.01,0.5,0.0,0.01,0.9788700731293343,0.9220145512452814
2000,5e-05,0.01,0.01,0.5,0.0,0.1,0.9762649312687849,0.9236541346077746
2000,5e-05,0.01,0.01,0.5,0.0,0.2,0.9735536346452951,0.9186040618001595
2000,5e-05,0.01,0.01,0.5,0.01,0.0,0.9787297539680302,0.9188025201911778
2000,5e-05,0.01,0.01,0.5,0.01,0.01,0.9786172228011022,0.9207394652347984
2000,5e-05,0.01,0.01,0.5,0.01,0.1,0.9766977456168462,0.9235827451271857
2000,5e-05,0.01,0.01,0.5,0.01,0.2,0.973592962697597,0.9180064700893247
2000,5e-05,0.01,0.01,0.5,0.1,0.0,0.9794479284460177,0.9191460195586509
2000,5e-05,0.01,0.01,0.5,0.1,0.01,0.9782227083865997,0.9227025091762484
2000,5e-05,0.01,0.01,0.5,0.1,0.1,0.9765429602030447,0.9233544563987323
2000,5e-05,0.01,0.01,0.5,0.1,0.2,0.9736497362243559,0.9188673737562254
2000,5e-05,0.01,0.01,1.0,0.0,0.0,0.9781806042889878,0.9166256338498351
2000,5e-05,0.01,0.01,1.0,0.0,0.01,0.9781464300215048,0.9160112300051304
2000,5e-05,0.01,0.01,1.0,0.0,0.1,0.9728195780444187,0.92179032813081
2000,5e-05,0.01,0.01,1.0,0.0,0.2,0.9703403302319664,0.9204021469507976
2000,5e-05,0.01,0.01,1.0,0.01,0.0,0.978173438636555,0.9166573462110567
2000,5e-05,0.01,0.01,1.0,0.01,0.01,0.9775894806917693,0.9174242652153985
2000,5e-05,0.01,0.01,1.0,0.01,0.1,0.9722135017561644,0.9217869698382906
2000,5e-05,0.01,0.01,1.0,0.01,0.2,0.9703358480324967,0.9196504231108822
2000,5e-05,0.01,0.01,1.0,0.1,0.0,0.9775211789615386,0.9181898289681467
2000,5e-05,0.01,0.01,1.0,0.1,0.01,0.9776637101035679,0.918273996043009
2000,5e-05,0.01,0.01,1.0,0.1,0.1,0.9725563775333939,0.923439147071077
2000,5e-05,0.01,0.01,1.0,0.1,0.2,0.9697748971694976,0.9211214524052966
2000,5e-05,0.01,0.1,0.0,0.0,0.0,0.9790707805362625,0.9045988911013585
2000,5e-05,0.01,0.1,0.0,0.0,0.01,0.9784359445207887,0.9084042038130588
2000,5e-05,0.01,0.1,0.0,0.0,0.1,0.9763902694697,0.9123593289032652
2000,5e-05,0.01,0.1,0.0,0.0,0.2,0.9734772881374396,0.9109397542796644
2000,5e-05,0.01,0.1,0.0,0.01,0.0,0.97917347041094,0.9064116782859836
2000,5e-05,0.01,0.1,0.0,0.01,0.01,0.9788627375172724,0.9060421445768614
2000,5e-05,0.01,0.1,0.0,0.01,0.1,0.9765263090066885,0.9131044692573714
2000,5e-05,0.01,0.1,0.0,0.01,0.2,0.9723922648682854,0.9136128009271965
2000,5e-05,0.01,0.1,0.0,0.1,0.0,0.9790435062875933,0.9024081516401867
2000,5e-05,0.01,0.1,0.0,0.1,0.01,0.9786766697870639,0.9081604069857943
2000,5e-05,0.01,0.1,0.0,0.1,0.1,0.9757899713156224,0.9139915303430471
2000,5e-05,0.01,0.1,0.0,0.1,0.2,0.9727580387334528,0.9128448788160676
2000,5e-05,0.01,0.1,0.1,0.0,0.0,0.978674097095245,0.9041781048537749
2000,5e-05,0.01,0.1,0.1,0.0,0.01,0.9783240705282175,0.9090236220413922
2000,5e-05,0.01,0.1,0.1,0.0,0.1,0.9757120783200968,0.9152645164967665
2000,5e-05,0.01,0.1,0.1,0.0,0.2,0.9733238441723633,0.9105933607535616
2000,5e-05,0.01,0.1,0.1,0.01,0.0,0.979192908004496,0.9048963736917219
2000,5e-05,0.01,0.1,0.1,0.01,0.01,0.978427122086512,0.908997926143773
2000,5e-05,0.01,0.1,0.1,0.01,0.1,0.9765912093628022,0.9156938401563964
2000,5e-05,0.01,0.1,0.1,0.01,0.2,0.9729838013980823,0.9123725176306199
2000,5e-05,0.01,0.1,0.1,0.1,0.0,0.97945020089483,0.9051528171745533
2000,5e-05,0.01,0.1,0.1,0.1,0.01,0.9784314374542172,0.9101345584182957
2000,5e-05,0.01,0.1,0.1,0.1,0.1,0.9762249501274636,0.9151294174364353
2000,5e-05,0.01,0.1,0.1,0.1,0.2,0.9737574459059004,0.912590289772769
2000,5e-05,0.01,0.1,0.5,0.0,0.0,0.9776946291941095,0.9086022532958997
2000,5e-05,0.01,0.1,0.5,0.0,0.01,0.9771466582471828,0.9040528651228967
2000,5e-05,0.01,0.1,0.5,0.0,0.1,0.9760051571554609,0.912988103836201
2000,5e-05,0.01,0.1,0.5,0.0,0.2,0.9739169601125901,0.9111291161625032
2000,5e-05,0.01,0.1,0.5,0.01,0.0,0.9773516264306169,0.9063062873721531
2000,5e-05,0.01,0.1,0.5,0.01,0.01,0.9775585189867353,0.9073585261814341
2000,5e-05,0.01,0.1,0.5,0.01,0.1,0.9760968476759291,0.9139696200806378
2000,5e-05,0.01,0.1,0.5,0.01,0.2,0.9741549029043107,0.9104991143103622
2000,5e-05,0.01,0.1,0.5,0.1,0.0,0.977801239010226,0.9031481327451915
2000,5e-05,0.01,0.1,0.5,0.1,0.01,0.9777556413833541,0.9074569487139251
2000,5e-05,0.01,0.1,0.5,0.1,0.1,0.9766071168578468,0.9130336214172827
2000,5e-05,0.01,0.1,0.5,0.1,0.2,0.9741225835717509,0.912816009839561
2000,5e-05,0.01,0.1,1.0,0.0,0.0,0.9769930642739713,0.9079674300359123
2000,5e-05,0.01,0.1,1.0,0.0,0.01,0.9774102146284951,0.9095323185379219
2000,5e-05,0.01,0.1,1.0,0.0,0.1,0.9744075474886762,0.9175955155958189
2000,5e-05,0.01,0.1,1.0,0.0,0.2,0.9722972906780085,0.9166158045525248
2000,5e-05,0.01,0.1,1.0,0.01,0.0,0.9772039027715577,0.9058288439850357
2000,5e-05,0.01,0.1,1.0,0.01,0.01,0.9773028796804162,0.9092199938350525
2000,5e-05,0.01,0.1,1.0,0.01,0.1,0.975203723564993,0.9155193207643543
2000,5e-05,0.01,0.1,1.0,0.01,0.2,0.9721901544128703,0.9143996344672716
2000,5e-05,0.01,0.1,1.0,0.1,0.0,0.9767352863331293,0.9071388900722004
2000,5e-05,0.01,0.1,1.0,0.1,0.01,0.9766198793241616,0.9106563573893877
2000,5e-05,0.01,0.1,1.0,0.1,0.1,0.9746798312367618,0.9178931548656238
2000,5e-05,0.01,0.1,1.0,0.1,0.2,0.9727388578367002,0.9180443701648652
2000,5e-05,0.01,0.5,0.0,0.0,0.0,0.9673626319253003,0.8996688270692643
2000,5e-05,0.01,0.5,0.0,0.0,0.01,0.9675263748726276,0.9021714024940153
2000,5e-05,0.01,0.5,0.0,0.0,0.1,0.966502263068585,0.9121798221948731
2000,5e-05,0.01,0.5,0.0,0.0,0.2,0.9650767722642912,0.910846452049117
2000,5e-05,0.01,0.5,0.0,0.01,0.0,0.9672618649809107,0.8995121474726752
2000,5e-05,0.01,0.5,0.0,0.01,0.01,0.9686802531539009,0.9014474637080693
2000,5e-05,0.01,0.5,0.0,0.01,0.1,0.9659493521648045,0.912840575619399
2000,5e-05,0.01,0.5,0.0,0.01,0.2,0.9650806691330476,0.9096786516429997
2000,5e-05,0.01,0.5,0.0,0.1,0.0,0.9681707358154241,0.9004118335202779
2000,5e-05,0.01,0.5,0.0,0.1,0.01,0.9673030064767293,0.9014663000823527
2000,5e-05,0.01,0.5,0.0,0.1,0.1,0.9675107572112943,0.9115725580995988
2000,5e-05,0.01,0.5,0.0,0.1,0.2,0.965633205433866,0.9113066124275099
2000,5e-05,0.01,0.5,0.1,0.0,0.0,0.9675405143903153,0.8999263166233564
2000,5e-05,0.01,0.5,0.1,0.0,0.01,0.9679238330718248,0.9023250889873908
2000,5e-05,0.01,0.5,0.1,0.0,0.1,0.9670671232612644,0.9110388991007012
2000,5e-05,0.01,0.5,0.1,0.0,0.2,0.9652806902750408,0.9126500852342703
2000,5e-05,0.01,0.5,0.1,0.01,0.0,0.9672884015299732,0.8995559311210417
2000,5e-05,0.01,0.5,0.1,0.01,0.01,0.967417833056841,0.9039567591252369
2000,5e-05,0.01,0.5,0.1,0.01,0.1,0.9671636886633166,0.9114887161003973
2000,5e-05,0.01,0.5,0.1,0.01,0.2,0.9650099842491029,0.9117671027410125
2000,5e-05,0.01,0.5,0.1,0.1,0.0,0.9672758312210599,0.9006086918154146
2000,5e-05,0.01,0.5,0.1,0.1,0.01,0.9683293059805425,0.9008495894578563
2000,5e-05,0.01,0.5,0.1,0.1,0.1,0.9668335011614607,0.912536213066661
2000,5e-05,0.01,0.5,0.1,0.1,0.2,0.9661204539358745,0.9126782402394368
2000,5e-05,0.01,0.5,0.5,0.0,0.0,0.9678791226542486,0.9019265276260824
2000,5e-05,0.01,0.5,0.5,0.0,0.01,0.9677936977021266,0.9016184719783596
2000,5e-05,0.01,0.5,0.5,0.0,0.1,0.968822698699902,0.910458329232296
2000,5e-05,0.01,0.5,0.5,0.0,0.2,0.9643886415664871,0.9124372908748722
2000,5e-05,0.01,0.5,0.5,0.01,0.0,0.9688216221855859,0.9022423106754373
2000,5e-05,0.01,0.5,0.5,0.01,0.01,0.967687100769204,0.9004829414009933
2000,5e-05,0.01,0.5,0.5,0.01,0.1,0.968038976809491,0.9110900040806437
2000,5e-05,0.01,0.5,0.5,0.01,0.2,0.9667701539406688,0.9125748379000878
2000,5e-05,0.01,0.5,0.5,0.1,0.0,0.9684376611408181,0.9001294294485503
2000,5e-05,0.01,0.5,0.5,0.1,0.01,0.9674451397418243,0.9012058738195197
2000,5e-05,0.01,0.5,0.5,0.1,0.1,0.9691567229525637,0.9099933749394812
2000,5e-05,0.01,0.5,0.5,0.1,0.2,0.9668274331328925,0.9114577687685664
2000,5e-05,0.01,0.5,1.0,0.0,0.0,0.9689849067860581,0.9024308731325029
2000,5e-05,0.01,0.5,1.0,0.0,0.01,0.9691386349409525,0.9021807966647117
2000,5e-05,0.01,0.5,1.0,0.0,0.1,0.96875181504428,0.9096386071405708
2000,5e-05,0.01,0.5,1.0,0.0,0.2,0.9674884046632374,0.9122209484438241
2000,5e-05,0.01,0.5,1.0,0.01,0.0,0.9679240273778568,0.901474014421028
2000,5e-05,0.01,0.5,1.0,0.01,0.01,0.9690414099754859,0.9012717548798014
2000,5e-05,0.01,0.5,1.0,0.01,0.1,0.9689618273880227,0.9112891502729307
2000,5e-05,0.01,0.5,1.0,0.01,0.2,0.9665162993699685,0.9125530018075267
2000,5e-05,0.01,0.5,1.0,0.1,0.0,0.9686321431654148,0.902975418739191
2000,5e-05,0.01,0.5,1.0,0.1,0.01,0.9684403517707532,0.9034651890632317
2000,5e-05,0.01,0.5,1.0,0.1,0.1,0.96890844218919,0.9109493508656584
2000,5e-05,0.01,0.5,1.0,0.1,0.2,0.9670846112161334,0.9120951451879501
2000,5e-05,0.1,0.01,0.0,0.0,0.0,0.9444634136768086,0.8634474627010899
2000,5e-05,0.1,0.01,0.0,0.0,0.01,0.9441038507108699,0.8704543632041808
2000,5e-05,0.1,0.01,0.0,0.0,0.1,0.9420321712338624,0.9024636959482679
2000,5e-05,0.1,0.01,0.0,0.0,0.2,0.9397765385776045,0.9069519808336245
2000,5e-05,0.1,0.01,0.0,0.01,0.0,0.9448352170322558,0.8648098694488193
2000,5e-05,0.1,0.01,0.0,0.01,0.01,0.944123341152072,0.8716771382388646
2000,5e-05,0.1,0.01,0.0,0.01,0.1,0.94275477704332,0.9037302268175118
2000,5e-05,0.1,0.01,0.0,0.01,0.2,0.9398730542322156,0.907657097364198
2000,5e-05,0.1,0.01,0.0,0.1,0.0,0.9447756469759554,0.8639877800593856
2000,5e-05,0.1,0.01,0.0,0.1,0.01,0.9439758107876448,0.8715267380276795
2000,5e-05,0.1,0.01,0.0,0.1,0.1,0.9420624131549323,0.9035334542805457
2000,5e-05,0.1,0.01,0.0,0.1,0.2,0.9397008239688497,0.9066014573691461
2000,5e-05,0.1,0.01,0.1,0.0,0.0,0.9410994617660825,0.8998407866612093
2000,5e-05,0.1,0.01,0.1,0.0,0.01,0.941103905580028,0.9035112541542331
2000,5e-05,0.1,0.01,0.1,0.0,0.1,0.9403572588582252,0.9174154054961423
2000,5e-05,0.1,0.01,0.1,0.0,0.2,0.936468023153741,0.9176538308972191
2000,5e-05,0.1,0.01,0.1,0.01,0.0,0.9414895513539154,0.9008054183679993
2000,5e-05,0.1,0.01,0.1,0.01,0.01,0.9407740357072856,0.9027914826229883
2000,5e-05,0.1,0.01,0.1,0.01,0.1,0.9403001435174829,0.9175845965569589
2000,5e-05,0.1,0.01,0.1,0.01,0.2,0.9369110724262137,0.918463551690519
2000,5e-05,0.1,0.01,0.1,0.1,0.0,0.941272872851913,0.9002636408834819
2000,5e-05,0.1,0.01,0.1,0.1,0.01,0.940928725301764,0.9030475724056798
2000,5e-05,0.1,0.01,0.1,0.1,0.1,0.9402662937535684,0.917175538711657
2000,5e-05,0.1,0.01,0.1,0.1,0.2,0.9370869663700865,0.9182605658975607
2000,5e-05,0.1,0.01,0.5,0.0,0.0,0.9372779570478342,0.9206237547832408
2000,5e-05,0.1,0.01,0.5,0.0,0.01,0.9368569369027766,0.9213611127332575
2000,5e-05,0.1,0.01,0.5,0.0,0.1,0.9360362294260604,0.9270932990950804
2000,5e-05,0.1,0.01,0.5,0.0,0.2,0.9347589667273823,0.9285106009624966
2000,5e-05,0.1,0.01,0.5,0.01,0.0,0.937314330472746,0.9194882953758021
2000,5e-05,0.1,0.01,0.5,0.01,0.01,0.9374368534181454,0.9212140675027417
2000,5e-05,0.1,0.01,0.5,0.01,0.1,0.9363071700088894,0.9277304443461761
2000,5e-05,0.1,0.01,0.5,0.01,0.2,0.935053133721534,0.929274282814556
2000,5e-05,0.1,0.01,0.5,0.1,0.0,0.9369377746849445,0.9212716455379389
2000,5e-05,0.1,0.01,0.5,0.1,0.01,0.9374391352866848,0.921953990409568
2000,5e-05,0.1,0.01,0.5,0.1,0.1,0.9360850842395899,0.9268088945507018
2000,5e-05,0.1,0.01,0.5,0.1,0.2,0.9352970290475648,0.9287506244059527
2000,5e-05,0.1,0.01,1.0,0.0,0.0,0.930907960684882,0.9145529823158973
2000,5e-05,0.1,0.01,1.0,0.0,0.01,0.9312284750101167,0.9168913533596683
2000,5e-05,0.1,0.01,1.0,0.0,0.1,0.9303462785753651,0.925095797058498
2000,5e-05,0.1,0.01,1.0,0.0,0.2,0.9296013662490654,0.9297018345688264
2000,5e-05,0.1,0.01,1.0,0.01,0.0,0.9312115503686251,0.9142838545468879
2000,5e-05,0.1,0.01,1.0,0.01,0.01,0.9314369085268522,0.9167067720390731
2000,5e-05,0.1,0.01,1.0,0.01,0.1,0.9306339559321305,0.9249966899608923
2000,5e-05,0.1,0.01,1.0,0.01,0.2,0.9304041499681006,0.9303998854003696
2000,5e-05,0.1,0.01,1.0,0.1,0.0,0.9310188218372335,0.9140234443293496
2000,5e-05,0.1,0.01,1.0,0.1,0.01,0.930331133083804,0.9171291987302232
2000,5e-05,0.1,0.01,1.0,0.1,0.1,0.9307071991240645,0.925845537372256
2000,5e-05,0.1,0.01,1.0,0.1,0.2,0.9296598773436715,0.9302089713859322
2000,5e-05,0.1,0.1,0.0,0.0,0.0,0.9343973543004584,0.9070392278641404
2000,5e-05,0.1,0.1,0.0,0.0,0.01,0.9328554803291332,0.9076770743192668
2000,5e-05,0.1,0.1,0.0,0.0,0.1,0.9324164462698576,0.9074166840437845
2000,5e-05,0.1,0.1,0.0,0.0,0.2,0.9308889988978952,0.910725018760531
2000,5e-05,0.1,0.1,0.0,0.01,0.0,0.9330859322025198,0.9049140888255458
2000,5e-05,0.1,0.1,0.0,0.01,0.01,0.9332320661626066,0.9076024399606734
2000,5e-05,0.1,0.1,0.0,0.01,0.1,0.9321148832886283,0.9090057296099855
2000,5e-05,0.1,0.1,0.0,0.01,0.2,0.9311037201003174,0.9097174150828362
2000,5e-05,0.1,0.1,0.0,0.1,0.0,0.9335676326591569,0.9069316400663728
2000,5e-05,0.1,0.1,0.0,0.1,0.01,0.9334684278395393,0.9060574197605927
2000,5e-05,0.1,0.1,0.0,0.1,0.1,0.9328157514157487,0.9083534019288688
2000,5e-05,0.1,0.1,0.0,0.1,0.2,0.9307548443364272,0.9109959609037395
2000,5e-05,0.1,0.1,0.1,0.0,0.0,0.933221306911308,0.907341057248483
2000,5e-05,0.1,0.1,0.1,0.0,0.01,0.9335345414454315,0.9091234887345234
2000,5e-05,0.1,0.1,0.1,0.0,0.1,0.9330670736255069,0.9105364986968919
2000,5e-05,0.1,0.1,0.1,0.0,0.2,0.9319657554516101,0.9133978664347018
2000,5e-05,0.1,0.1,0.1,0.01,0.0,0.9333000719370896,0.9071410907031487
2000,5e-05,0.1,0.1,0.1,0.01,0.01,0.9343171434121993,0.907937267017913
2000,5e-05,0.1,0.1,0.1,0.01,0.1,0.9333988771865254,0.9105901905726905
2000,5e-05,0.1,0.1,0.1,0.01,0.2,0.9311967370015259,0.9126518362094208
2000,5e-05,0.1,0.1,0.1,0.1,0.0,0.9336719396452999,0.907791429663203
2000,5e-05,0.1,0.1,0.1,0.1,0.01,0.9331562581650951,0.9084396100493475
2000,5e-05,0.1,0.1,0.1,0.1,0.1,0.9337477660874287,0.9115755584856504
2000,5e-05,0.1,0.1,0.1,0.1,0.2,0.9317788549047201,0.912502233292468
2000,5e-05,0.1,0.1,0.5,0.0,0.0,0.9324168889173844,0.9105864756461055
2000,5e-05,0.1,0.1,0.5,0.0,0.01,0.9321243814548286,0.9103166775707403
2000,5e-05,0.1,0.1,0.5,0.0,0.1,0.931682155977247,0.916129193834662
2000,5e-05,0.1,0.1,0.5,0.0,0.2,0.9295516531206662,0.9192352798091132
2000,5e-05,0.1,0.1,0.5,0.01,0.0,0.9332799832684977,0.9113861419259899
2000,5e-05,0.1,0.1,0.5,0.01,0.01,0.9313887336076943,0.9106818675202385
2000,5e-05,0.1,0.1,0.5,0.01,0.1,0.9306360306685647,0.9167609206632584
2000,5e-05,0.1,0.1,0.5,0.01,0.2,0.9304345906429359,0.919440817847823
2000,5e-05,0.1,0.1,0.5,0.1,0.0,0.9324955341915956,0.9107860129226776
2000,5e-05,0.1,0.1,0.5,0.1,0.01,0.9321497101975209,0.9106617267701234
2000,5e-05,0.1,0.1,0.5,0.1,0.1,0.9312355261117081,0.9174099433649092
2000,5e-05,0.1,0.1,0.5,0.1,0.2,0.9312838448595271,0.9193038391585158
2000,5e-05,0.1,0.1,1.0,0.0,0.0,0.9318926457738649,0.9136029597028378
2000,5e-05,0.1,0.1,1.0,0.0,0.01,0.9319859638935855,0.9148411859295922
2000,5e-05,0.1,0.1,1.0,0.0,0.1,0.9303359433674295,0.9212726773720589
2000,5e-05,0.1,0.1,1.0,0.0,0.2,0.9293065145473108,0.9231508575209015
2000,5e-05,0.1,0.1,1.0,0.01,0.0,0.9316613933897147,0.9144623678478566
2000,5e-05,0.1,0.1,1.0,0.01,0.01,0.9299308629341136,0.9153063891113027
2000,5e-05,0.1,0.1,1.0,0.01,0.1,0.929690705530502,0.920340637684348
2000,5e-05,0.1,0.1,1.0,0.01,0.2,0.9298821477587714,0.9234227285323345
2000,5e-05,0.1,0.1,1.0,0.1,0.0,0.9314559894831955,0.9144153659316802
2000,5e-05,0.1,0.1,1.0,0.1,0.01,0.9317338976269414,0.9141930218310284
2000,5e-05,0.1,0.1,1.0,0.1,0.1,0.9298892331147274,0.9215068569214163
2000,5e-05,0.1,0.1,1.0,0.1,0.2,0.9286074490869803,0.9216906544462207
2000,5e-05,0.1,0.5,0.0,0.0,0.0,0.9168266903899012,0.9075417631130795
2000,5e-05,0.1,0.5,0.0,0.0,0.01,0.9171645092662526,0.9090611831084512
2000,5e-05,0.1,0.5,0.0,0.0,0.1,0.9175553434945103,0.9124999569727024
2000,5e-05,0.1,0.5,0.0,0.0,0.2,0.918742679106784,0.9116685233159195
2000,5e-05,0.1,0.5,0.0,0.01,0.0,0.9180144925971594,0.9072992417131376
2000,5e-05,0.1,0.5,0.0,0.01,0.01,0.9153440207812656,0.9088424689967932
2000,5e-05,0.1,0.5,0.0,0.01,0.1,0.9186642047355086,0.9109818718312854
2000,5e-05,0.1,0.5,0.0,0.01,0.2,0.920975727387344,0.913685272623648
2000,5e-05,0.1,0.5,0.0,0.1,0.0,0.9186347049590842,0.9083037765546567
2000,5e-05,0.1,0.5,0.0,0.1,0.01,0.9173658989125308,0.9080583812393324
2000,5e-05,0.1,0.5,0.0,0.1,0.1,0.9168262630254598,0.9135299992865346
2000,5e-05,0.1,0.5,0.0,0.1,0.2,0.9181138114899431,0.9126219376242432
2000,5e-05,0.1,0.5,0.1,0.0,0.0,0.9184776736286989,0.907841665536851
2000,5e-05,0.1,0.5,0.1,0.0,0.01,0.9175107974113456,0.9104048119826498
2000,5e-05,0.1,0.5,0.1,0.0,0.1,0.9189720604037215,0.911051146170555
2000,5e-05,0.1,0.5,0.1,0.0,0.2,0.9190765248546551,0.913297547450847
2000,5e-05,0.1,0.5,0.1,0.01,0.0,0.9178185440802021,0.9093441078603444
2000,5e-05,0.1,0.5,0.1,0.01,0.01,0.9181162955370421,0.9092796455621937
2000,5e-05,0.1,0.5,0.1,0.01,0.1,0.920189001366208,0.9118106349573094
2000,5e-05,0.1,0.5,0.1,0.01,0.2,0.9200679543023372,0.9119592135072644
2000,5e-05,0.1,0.5,0.1,0.1,0.0,0.9180328848379526,0.9088850961712195
2000,5e-05,0.1,0.5,0.1,0.1,0.01,0.916094330319943,0.9106272838696207
2000,5e-05,0.1,0.5,0.1,0.1,0.1,0.9205972434281458,0.9121904697681271
2000,5e-05,0.1,0.5,0.1,0.1,0.2,0.9199435420022557,0.9140365686556641
2000,5e-05,0.1,0.5,0.5,0.0,0.0,0.9193693223441435,0.9075768431485286
2000,5e-05,0.1,0.5,0.5,0.0,0.01,0.9165358730956548,0.9090040684856432
2000,5e-05,0.1,0.5,0.5,0.0,0.1,0.9199457869139845,0.9128085798277243
2000,5e-05,0.1,0.5,0.5,0.0,0.2,0.921873177135597,0.9141749369619472
2000,5e-05,0.1,0.5,0.5,0.01,0.0,0.9186184188103447,0.9082232964005973
2000,5e-05,0.1,0.5,0.5,0.01,0.01,0.9173399791766754,0.9088489473799126
2000,5e-05,0.1,0.5,0.5,0.01,0.1,0.9202336500095574,0.9127476260973126
2000,5e-05,0.1,0.5,0.5,0.01,0.2,0.9230995489450469,0.9139567165562679
2000,5e-05,0.1,0.5,0.5,0.1,0.0,0.9195490371307796,0.9080534873936608
2000,5e-05,0.1,0.5,0.5,0.1,0.01,0.9197853375640809,0.9106181098193988
2000,5e-05,0.1,0.5,0.5,0.1,0.1,0.9202043843728119,0.9128086563648119
2000,5e-05,0.1,0.5,0.5,0.1,0.2,0.922662732638797,0.9147354720505698
2000,5e-05,0.1,0.5,1.0,0.0,0.0,0.9208251404552221,0.9082462456578295
2000,5e-05,0.1,0.5,1.0,0.0,0.01,0.9227139657491467,0.9078073563144948
2000,5e-05,0.1,0.5,1.0,0.0,0.1,0.9215252209726101,0.9128372191059553
2000,5e-05,0.1,0.5,1.0,0.0,0.2,0.9225117523362759,0.9141165816558923
2000,5e-05,0.1,0.5,1.0,0.01,0.0,0.9227853984611061,0.9077165104893581
2000,5e-05,0.1,0.5,1.0,0.01,0.01,0.9205860100829875,0.9078340325191254
2000,5e-05,0.1,0.5,1.0,0.01,0.1,0.9211791506616034,0.9117434462206782
2000,5e-05,0.1,0.5,1.0,0.01,0.2,0.9238136573199986,0.9137399575622165
2000,5e-05,0.1,0.5,1.0,0.1,0.0,0.9219297373021299,0.9082303213618766
2000,5e-05,0.1,0.5,1.0,0.1,0.01,0.9219499171781846,0.9079911963870347
2000,5e-05,0.1,0.5,1.0,0.1,0.1,0.9223467389830058,0.9122086551714058
2000,5e-05,0.1,0.5,1.0,0.1,0.2,0.922698936575995,0.9135955019241755
2000,0.0001,0.0,0.01,0.0,0.0,0.0,0.9869529267069385,0.906600013611589
2000,0.0001,0.0,0.01,0.0,0.0,0.01,0.9865029495725995,0.9089638157804245
2000,0.0001,0.0,0.01,0.0,0.0,0.1,0.9773426210815286,0.9045435356232902
2000,0.0001,0.0,0.01,0.0,0.0,0.2,0.9694587483309226,0.8806777135774149
2000,0.0001,0.0,0.01,0.0,0.01,0.0,0.9854978072892093,0.9002864920099968
2000,0.0001,0.0,0.01,0.0,0.01,0.01,0.9866614513024454,0.9069764021402237
2000,0.0001,0.0,0.01,0.0,0.01,0.1,0.977478877736407,0.9047966575325607
2000,0.0001,0.0,0.01,0.0,0.01,0.2,0.970164660505322,0.8928521067170473
2000,0.0001,0.0,0.01,0.0,0.1,0.0,0.985684360667207,0.9028466079257563
2000,0.0001,0.0,0.01,0.0,0.1,0.01,0.9869632477743374,0.9080883913530559
2000,0.0001,0.0,0.01,0.0,0.1,0.1,0.977019764565594,0.9094650915738256
2000,0.0001,0.0,0.01,0.0,0.1,0.2,0.9688966291312393,0.8825538016096092
2000,0.0001,0.0,0.01,0.1,0.0,0.0,0.9889068584901239,0.9062490487864843
2000,0.0001,0.0,0.01,0.1,0.0,0.01,0.9872315516048729,0.9195888584137221
2000,0.0001,0.0,0.01,0.1,0.0,0.1,0.9786138541713112,0.906906705427876
2000,0.0001,0.0,0.01,0.1,0.0,0.2,0.9706101708418624,0.885742768335485
2000,0.0001,0.0,0.01,0.1,0.01,0.0,0.9888722855578155,0.9064075595170152
2000,0.0001,0.0,0.01,0.1,0.01,0.01,0.9872752723507745,0.9122839954308901
2000,0.0001,0.0,0.01,0.1,0.01,0.1,0.9771876964899792,0.9042662879685159
2000,0.0001,0.0,0.01,0.1,0.01,0.2,0.9704983083442533,0.888065973856524
2000,0.0001,0.0,0.01,0.1,0.1,0.0,0.9880437933146613,0.9110818340687371
2000,0.0001,0.0,0.01,0.1,0.1,0.01,0.9875896951800969,0.9176966180062791
2000,0.0001,0.0,0.01,0.1,0.1,0.1,0.9784250407237891,0.9048215510121196
2000,0.0001,0.0,0.01,0.1,0.1,0.2,0.9711401107817104,0.8946298659283812
2000,0.0001,0.0,0.01,0.5,0.0,0.0,0.985093593874494,0.9114044052349471
2000,0.0001,0.0,0.01,0.5,0.0,0.01,0.9849927987909426,0.9189162531181223
2000,0.0001,0.0,0.01,0.5,0.0,0.1,0.9811489762132941,0.9023714181107696
2000,0.0001,0.0,0.01,0.5,0.0,0.2,0.9760975115909168,0.8799938286206662
2000,0.0001,0.0,0.01,0.5,0.01,0.0,0.9861769161502207,0.9068898608963987
2000,0.0001,0.0,0.01,0.5,0.01,0.01,0.9851615528680266,0.9161869418969113
2000,0.0001,0.0,0.01,0.5,0.01,0.1,0.9807744674744548,0.903055696192842
2000,0.0001,0.0,0.01,0.5,0.01,0.2,0.9762218743516177,0.8725330356024122
2000,0.0001,0.0,0.01,0.5,0.1,0.0,0.9854999755786733,0.9107950158249591
2000,0.0001,0.0,0.01,0.5,0.1,0.01,0.9855184141773035,0.9227646689542824
2000,0.0001,0.0,0.01,0.5,0.1,0.1,0.9802150251095649,0.9043615264179227
2000,0.0001,0.0,0.01,0.5,0.1,0.2,0.9766901109143603,0.883181908536646
2000,0.0001,0.0,0.01,1.0,0.0,0.0,0.9838256984836,0.9124960007990932
2000,0.0001,0.0,0.01,1.0,0.0,0.01,0.9829168190044604,0.9178294122488486
2000,0.0001,0.0,0.01,1.0,0.0,0.1,0.9777950706724321,0.914471793452484
2000,0.0001,0.0,0.01,1.0,0.0,0.2,0.9761336102390322,0.8932680480268614
2000,0.0001,0.0,0.01,1.0,0.01,0.0,0.9839713652873778,0.9072651887962284
2000,0.0001,0.0,0.01,1.0,0.01,0.01,0.9835814372661256,0.9164711742574774
2000,0.0001,0.0,0.01,1.0,0.01,0.1,0.9775630163859341,0.9126677183625714
2000,0.0001,0.0,0.01,1.0,0.01,0.2,0.977384848308664,0.9003990840726227
2000,0.0001,0.0,0.01,1.0,0.1,0.0,0.984139821506175,0.9106561767673589
2000,0.0001,0.0,0.01,1.0,0.1,0.01,0.9843160566800524,0.9174121656426117
2000,0.0001,0.0,0.01,1.0,0.1,0.1,0.9784197239937233,0.9100984874952255
2000,0.0001,0.0,0.01,1.0,0.1,0.2,0.9775360208065758,0.9001299133202244
2000,0.0001,0.0,0.1,0.0,0.0,0.0,0.9858320041879975,0.9042184796311539
2000,0.0001,0.0,0.1,0.0,0.0,0.01,0.9865453335750546,0.909527367342364
2000,0.0001,0.0,0.1,0.0,0.0,0.1,0.9805048790835806,0.9172133362623117
2000,0.0001,0.0,0.1,0.0,0.0,0.2,0.9758287713998761,0.9003604908991149
2000,0.0001,0.0,0.1,0.0,0.01,0.0,0.9855295831860764,0.9090286890185453
2000,0.0001,0.0,0.1,0.0,0.01,0.01,0.9864560093361371,0.9103925526275208
2000,0.0001,0.0,0.1,0.0,0.01,0.1,0.9809702314538886,0.9164043679331275
2000,0.0001,0.0,0.1,0.0,0.01,0.2,0.9766246022850209,0.9065063249507194
2000,0.0001,0.0,0.1,0.0,0.1,0.0,0.9864913975697063,0.9088542891923306
2000,0.0001,0.0,0.1,0.0,0.1,0.01,0.9857381997539396,0.9128886377415926
2000,0.0001,0.0,0.1,0.0,0.1,0.1,0.9825185282690178,0.9127039575185778
2000,0.0001,0.0,0.1,0.0,0.1,0.2,0.9760823517111954,0.9041809503979493
2000,0.0001,0.0,0.1,0.1,0.0,0.0,0.9855322976718899,0.9053022496420428
2000,0.0001,0.0,0.1,0.1,0.0,0.01,0.985871476724683,0.9133131055765483
2000,0.0001,0.0,0.1,0.1,0.0,0.1,0.981711243711607,0.9140346423066795
2000,0.0001,0.0,0.1,0.1,0.0,0.2,0.9771503820992729,0.9012799186340402
2000,0.0001,0.0,0.1,0.1,0.01,0.0,0.9852658321231176,0.9076917866443316
2000,0.0001,0.0,0.1,0.1,0.01,0.01,0.9853506692775724,0.9119544355342001
2000,0.0001,0.0,0.1,0.1,0.01,0.1,0.9819015504140338,0.9136257408839895
2000,0.0001,0.0,0.1,0.1,0.01,0.2,0.9776633365395992,0.9039847619558614
2000,0.0001,0.0,0.1,0.1,0.1,0.0,0.9862413526393974,0.9036466045897809
2000,0.0001,0.0,0.1,0.1,0.1,0.01,0.9865513905556061,0.9111835134394703
2000,0.0001,0.0,0.1,0.1,0.1,0.1,0.9824727734609082,0.9137188338486577
2000,0.0001,0.0,0.1,0.1,0.1,0.2,0.9766921411210663,0.9015752281721842
2000,0.0001,0.0,0.1,0.5,0.0,0.0,0.9857492617739363,0.906461900700119
2000,0.0001,0.0,0.1,0.5,0.0,0.01,0.9871135199929866,0.9096559393828705
2000,0.0001,0.0,0.1,0.5,0.0,0.1,0.9848474932653859,0.913725631592869
2000,0.0001,0.0,0.1,0.5,0.0,0.2,0.9798955932437752,0.9046006345774423
2000,0.0001,0.0,0.1,0.5,0.01,0.0,0.9872358128856223,0.9080246471962419
2000,0.0001,0.0,0.1,0.5,0.01,0.01,0.985834857285926,0.9098400447450046
2000,0.0001,0.0,0.1,0.5,0.01,0.1,0.9839540029535618,0.9118384037443675
2000,0.0001,0.0,0.1,0.5,0.01,0.2,0.9804993359583718,0.9036779168989028
2000,0.0001,0.0,0.1,0.5,0.1,0.0,0.9866091430376909,0.908756499774074
2000,0.0001,0.0,0.1,0.5,0.1,0.01,0.9868937256832759,0.91276575455314
2000,0.0001,0.0,0.1,0.5,0.1,0.1,0.9842530486819946,0.912378317987079
2000,0.0001,0.0,0.1,0.5,0.1,0.2,0.9805755570178218,0.8983759720805158
2000,0.0001,0.0,0.1,1.0,0.0,0.0,0.9850440227941231,0.9093921228525912
2000,0.0001,0.0,0.1,1.0,0.0,0.01,0.9872881832663722,0.9129347300406622
2000,0.0001,0.0,0.1,1.0,0.0,0.1,0.9836411664726701,0.9145057799927877
2000,0.0001,0.0,0.1,1.0,0.0,0.2,0.9798450273267154,0.9049396944575365
2000,0.0001,0.0,0.1,1.0,0.01,0.0,0.9858668855474,0.909997625807422
2000,0.0001,0.0,0.1,1.0,0.01,0.01,0.9853032811992912,0.915670609872292
2000,0.0001,0.0,0.1,1.0,0.01,0.1,0.9828603981581816,0.9154427283448903
2000,0.0001,0.0,0.1,1.0,0.01,0.2,0.979309830096814,0.9043557826847184
2000,0.0001,0.0,0.1,1.0,0.1,0.0,0.985402179975828,0.9085956639027286
2000,0.0001,0.0,0.1,1.0,0.1,0.01,0.9856776107512701,0.9156920955229289
2000,0.0001,0.0,0.1,1.0,0.1,0.1,0.9827805972002571,0.9162066816866875
2000,0.0001,0.0,0.1,1.0,0.1,0.2,0.980071493821304,0.8993976321863194
2000,0.0001,0.0,0.5,0.0,0.0,0.0,0.9799491451977327,0.9006018056328156
2000,0.0001,0.0,0.5,0.0,0.0,0.01,0.9803838621985244,0.9036878571514874
2000,0.0001,0.0,0.5,0.0,0.0,0.1,0.9794740821898771,0.9070546078414734
2000,0.0001,0.0,0.5,0.0,0.0,0.2,0.9769051788688144,0.9101985260625799
2000,0.0001,0.0,0.5,0.0,0.01,0.0,0.9800919461936339,0.8993733947202199
2000,0.0001,0.0,0.5,0.0,0.01,0.01,0.9794311934123918,0.9048449487636878
2000,0.0001,0.0,0.5,0.0,0.01,0.1,0.9768069700693309,0.912514818677129
2000,0.0001,0.0,0.5,0.0,0.01,0.2,0.9754534645983093,0.9075314415519369
2000,0.0001,0.0,0.5,0.0,0.1,0.0,0.9800081528016094,0.9043996009897461
2000,0.0001,0.0,0.5,0.0,0.1,0.01,0.9810317488419202,0.9036772768771552
2000,0.0001,0.0,0.5,0.0,0.1,0.1,0.978601856184864,0.9117154295339193
2000,0.0001,0.0,0.5,0.0,0.1,0.2,0.976292595589134,0.9104793943608032
2000,0.0001,0.0,0.5,0.1,0.0,0.0,0.9795488721504011,0.899914764022636
2000,0.0001,0.0,0.5,0.1,0.0,0.01,0.9807236358964023,0.8993043347568763
2000,0.0001,0.0,0.5,0.1,0.0,0.1,0.9788247303669493,0.9099553367906091
2000,0.0001,0.0,0.5,0.1,0.0,0.2,0.9767120715415218,0.9110100432654202
2000,0.0001,0.0,0.5,0.1,0.01,0.0,0.9798806842706651,0.9015986749017778
2000,0.0001,0.0,0.5,0.1,0.01,0.01,0.9813880384451492,0.8993152543871236
2000,0.0001,0.0,0.5,0.1,0.01,0.1,0.9793650606039496,0.9101273999056227
2000,0.0001,0.0,0.5,0.1,0.01,0.2,0.9771230986654329,0.906112846241939
2000,0.0001,0.0,0.5,0.1,0.1,0.0,0.9796291002071364,0.9022262650152055
2000,0.0001,0.0,0.5,0.1,0.1,0.01,0.9805612850368536,0.9026964957008993
2000,0.0001,0.0,0.5,0.1,0.1,0.1,0.9783711023827509,0.9101209664049794
2000,0.0001,0.0,0.5,0.1,0.1,0.2,0.9774162597575986,0.9075537955825416
2000,0.0001,0.0,0.5,0.5,0.0,0.0,0.979628303560774,0.9029562098234334
2000,0.0001,0.0,0.5,0.5,0.0,0.01,0.9795122809913166,0.9023754537411364
2000,0.0001,0.0,0.5,0.5,0.0,0.1,0.9789835515550264,0.9074606084176372
2000,0.0001,0.0,0.5,0.5,0.0,0.2,0.9774100950014445,0.9089168771287169
2000,0.0001,0.0,0.5,0.5,0.01,0.0,0.9796941049631009,0.9023437260841722
2000,0.0001,0.0,0.5,0.5,0.01,0.01,0.9805215783509125,0.9045009606608195
2000,0.0001,0.0,0.5,0.5,0.01,0.1,0.9792185441766159,0.9082377277606466
2000,0.0001,0.0,0.5,0.5,0.01,0.2,0.9769306207011641,0.9083092993060841
2000,0.0001,0.0,0.5,0.5,0.1,0.0,0.9794533484227814,0.9032558695294719
2000,0.0001,0.0,0.5,0.5,0.1,0.01,0.9799368133999339,0.9037261867432407
2000,0.0001,0.0,0.5,0.5,0.1,0.1,0.9792895103674163,0.9073824386208481
2000,0.0001,0.0,0.5,0.5,0.1,0.2,0.9775500690449362,0.9106825531368785
2000,0.0001,0.0,0.5,1.0,0.0,0.0,0.9801128195651538,0.9009948025209987
2000,0.0001,0.0,0.5,1.0,0.0,0.01,0.9802141459343151,0.901584065481146
2000,0.0001,0.0,0.5,1.0,0.0,0.1,0.9776506242192762,0.9091981806704168
2000,0.0001,0.0,0.5,1.0,0.0,0.2,0.9774053946424707,0.9100146550842971
2000,0.0001,0.0,0.5,1.0,0.01,0.0,0.9804201580206784,0.901688579208185
2000,0.0001,0.0,0.5,1.0,0.01,0.01,0.981128276033648,0.9027173446756902
2000,0.0001,0.0,0.5,1.0,0.01,0.1,0.9796829897462993,0.9092671293540122
2000,0.0001,0.0,0.5,1.0,0.01,0.2,0.9769836863147132,0.9090684192459019
2000,0.0001,0.0,0.5,1.0,0.1,0.0,0.9793563411843054,0.9004186180034082
2000,0.0001,0.0,0.5,1.0,0.1,0.01,0.9808097042532858,0.9025272633773208
2000,0.0001,0.0,0.5,1.0,0.1,0.1,0.9792817190476539,0.908952818652083
2000,0.0001,0.0,0.5,1.0,0.1,0.2,0.9774272746218533,0.9103322638130862
2000,0.0001,0.01,0.01,0.0,0.0,0.0,0.9839062774358939,0.9154681769069667
2000,0.0001,0.01,0.01,0.0,0.0,0.01,0.9833681697932051,0.9273433633463565
2000,0.0001,0.01,0.01,0.0,0.0,0.1,0.9778659372589501,0.9161164760170333
2000,0.0001,0.01,0.01,0.0,0.0,0.2,0.9730372865069071,0.8925068531215956
2000,0.0001,0.01,0.01,0.0,0.01,0.0,0.9843413877822802,0.9144898718489923
2000,0.0001,0.01,0.01,0.0,0.01,0.01,0.9833239759363767,0.9287669775042283
2000,0.0001,0.01,0.01,0.0,0.01,0.1,0.978155476025368,0.9198686088675999
2000,0.0001,0.01,0.01,0.0,0.01,0.2,0.9730722134543113,0.8962002622737288
2000,0.0001,0.01,0.01,0.0,0.1,0.0,0.9842656933529439,0.9162238746598085
2000,0.0001,0.01,0.01,0.0,0.1,0.01,0.983229736851214,0.9283633386380359
2000,0.0001,0.01,0.01,0.0,0.1,0.1,0.978030588074517,0.9192101113702827
2000,0.0001,0.01,0.01,0.0,0.1,0.2,0.9733684307523658,0.8959384714908493
2000,0.0001,0.01,0.01,0.1,0.0,0.0,0.983921083222844,0.9243070570097787
2000,0.0001,0.01,0.01,0.1,0.0,0.01,0.9831671380254371,0.9324043718180997
2000,0.0001,0.01,0.01,0.1,0.0,0.1,0.9774996920184243,0.9267119172854933
2000,0.0001,0.01,0.01,0.1,0.0,0.2,0.9729263626618677,0.9164211602529203
2000,0.0001,0.01,0.01,0.1,0.01,0.0,0.9836999749027212,0.9243953270605516
2000,0.0001,0.01,0.01,0.1,0.01,0.01,0.9832180484316984,0.9315547034498388
2000,0.0001,0.01,0.01,0.1,0.01,0.1,0.9767076187289936,0.9237887108443552
2000,0.0001,0.01,0.01,0.1,0.01,0.2,0.9737280652735708,0.9134984487498775
2000,0.0001,0.01,0.01,0.1,0.1,0.0,0.9840691397833329,0.9241126411847597
2000,0.0001,0.01,0.01,0.1,0.1,0.01,0.983198378118647,0.9325938765523523
2000,0.0001,0.01,0.01,0.1,0.1,0.1,0.9776714365257839,0.9231429684790283
2000,0.0001,0.01,0.01,0.1,0.1,0.2,0.9724213703702793,0.905381603074279
2000,0.0001,0.01,0.01,0.5,0.0,0.0,0.9823374753658377,0.9209437865461876
2000,0.0001,0.01,0.01,0.5,0.0,0.01,0.9812761994432224,0.9270115340532272
2000,0.0001,0.01,0.01,0.5,0.0,0.1,0.9779440082824735,0.9248793499051398
2000,0.0001,0.01,0.01,0.5,0.0,0.2,0.9747471145195681,0.9233996964491739
2000,0.0001,0.01,0.01,0.5,0.01,0.0,0.9822753390853504,0.921253767942046
2000,0.0001,0.01,0.01,0.5,0.01,0.01,0.9816441993573288,0.9283587736812013
2000,0.0001,0.01,0.01,0.5,0.01,0.1,0.9771925465326914,0.9239751980646851
2000,0.0001,0.01,0.01,0.5,0.01,0.2,0.9740745016786546,0.9174914901305442
2000,0.0001,0.01,0.01,0.5,0.1,0.0,0.9827811515131808,0.9208614784301141
2000,0.0001,0.01,0.01,0.5,0.1,0.01,0.9819386534715329,0.9276680000169839
2000,0.0001,0.01,0.01,0.5,0.1,0.1,0.9770717850613955,0.923849336593439
2000,0.0001,0.01,0.01,0.5,0.1,0.2,0.9748492471022154,0.9190441775761763
2000,0.0001,0.01,0.01,1.0,0.0,0.0,0.9812407521976604,0.9168928243313252
2000,0.0001,0.01,0.01,1.0,0.0,0.01,0.9799163738600336,0.923975313949777
2000,0.0001,0.01,0.01,1.0,0.0,0.1,0.9755583314734981,0.9245103894401157
2000,0.0001,0.01,0.01,1.0,0.0,0.2,0.9738577277571621,0.9253736429313713
2000,0.0001,0.01,0.01,1.0,0.01,0.0,0.9815510977990298,0.9198358277405259
2000,0.0001,0.01,0.01,1.0,0.01,0.01,0.9796612174106042,0.9237323283733921
2000,0.0001,0.01,0.01,1.0,0.01,0.1,0.9763187939730219,0.9252278714325114
2000,0.0001,0.01,0.01,1.0,0.01,0.2,0.9733072465410234,0.9261539370743644
2000,0.0001,0.01,0.01,1.0,0.1,0.0,0.981139874237761,0.9187457515712246
2000,0.0001,0.01,0.01,1.0,0.1,0.01,0.9805615952087132,0.9219120817669948
2000,0.0001,0.01,0.01,1.0,0.1,0.1,0.9755791475428195,0.9236257486692674
2000,0.0001,0.01,0.01,1.0,0.1,0.2,0.9733563169417279,0.9265665263104945
2000,0.0001,0.01,0.1,0.0,0.0,0.0,0.9818560976874238,0.9065325740000655
2000,0.0001,0.01,0.1,0.0,0.0,0.01,0.9813901653617316,0.9129203540164776
2000,0.0001,0.01,0.1,0.0,0.0,0.1,0.9753720070153512,0.915163500209799
2000,0.0001,0.01,0.1,0.0,0.0,0.2,0.9706484391468966,0.9096491777936808
2000,0.0001,0.01,0.1,0.0,0.01,0.0,0.9802733817402698,0.9074485200698639
2000,0.0001,0.01,0.1,0.0,0.01,0.01,0.981164767537924,0.9150844877854657
2000,0.0001,0.01,0.1,0.0,0.01,0.1,0.9753232317564194,0.9161629267800236
2000,0.0001,0.01,0.1,0.0,0.01,0.2,0.9698614264463528,0.9129049103943977
2000,0.0001,0.01,0.1,0.0,0.1,0.0,0.9805683764882127,0.906114461875035
2000,0.0001,0.01,0.1,0.0,0.1,0.01,0.9802234676377789,0.9151852023296286
2000,0.0001,0.01,0.1,0.0,0.1,0.1,0.9762146440991288,0.9148084677439595
2000,0.0001,0.01,0.1,0.0,0.1,0.2,0.970473411188616,0.9102867720922836
2000,0.0001,0.01,0.1,0.1,0.0,0.0,0.9805773137516649,0.9074189332746762
2000,0.0001,0.01,0.1,0.1,0.0,0.01,0.9802701819604609,0.9125849815213455
2000,0.0001,0.01,0.1,0.1,0.0,0.1,0.9764904462485754,0.9181813684736878
2000,0.0001,0.01,0.1,0.1,0.0,0.2,0.9713139726244316,0.9102986556823357
2000,0.0001,0.01,0.1,0.1,0.01,0.0,0.9812880287859516,0.9067057220563065
2000,0.0001,0.01,0.1,0.1,0.01,0.01,0.9802260468936131,0.9133470925069244
2000,0.0001,0.01,0.1,0.1,0.01,0.1,0.9768566430768452,0.9167524312595041
2000,0.0001,0.01,0.1,0.1,0.01,0.2,0.9726385857889523,0.9121834012253479
2000,0.0001,0.01,0.1,0.1,0.1,0.0,0.9807042281498695,0.9039765321918023
2000,0.0001,0.01,0.1,0.1,0.1,0.01,0.9813015332554247,0.9132159326491734
2000,0.0001,0.01,0.1,0.1,0.1,0.1,0.9767436587739413,0.9176126514270756
2000,0.0001,0.01,0.1,0.1,0.1,0.2,0.9716230866782489,0.9134916225904279
2000,0.0001,0.01,0.1,0.5,0.0,0.0,0.9820574793528307,0.9070249475152607
2000,0.0001,0.01,0.1,0.5,0.0,0.01,0.9812665971407933,0.906800802042873
2000,0.0001,0.01,0.1,0.5,0.0,0.1,0.9784272596600618,0.9165469754422552
2000,0.0001,0.01,0.1,0.5,0.0,0.2,0.974626750320686,0.9104788899631208
2000,0.0001,0.01,0.1,0.5,0.01,0.0,0.9817039865869013,0.9052024936720582
2000,0.0001,0.01,0.1,0.5,0.01,0.01,0.9818038528868713,0.9089641345119107
2000,0.0001,0.01,0.1,0.5,0.01,0.1,0.9777851247277565,0.9170714861500433
2000,0.0001,0.01,0.1,0.5,0.01,0.2,0.9742500462153951,0.9117259260845063
2000,0.0001,0.01,0.1,0.5,0.1,0.0,0.9815549433362246,0.9070472705925433
2000,0.0001,0.01,0.1,0.5,0.1,0.01,0.9819107040161393,0.910446156319532
2000,0.0001,0.01,0.1,0.5,0.1,0.1,0.9773571235654306,0.912761011478747
2000,0.0001,0.01,0.1,0.5,0.1,0.2,0.9745311637851479,0.9102614167360776
2000,0.0001,0.01,0.1,1.0,0.0,0.0,0.9808523128776274,0.9107600969612256
2000,0.0001,0.01,0.1,1.0,0.0,0.01,0.9813154960492259,0.9174369377307939
2000,0.0001,0.01,0.1,1.0,0.0,0.1,0.9769372862784143,0.9194100604284422
2000,0.0001,0.01,0.1,1.0,0.0,0.2,0.9738829486726607,0.9209243105002041
2000,0.0001,0.01,0.1,1.0,0.01,0.0,0.9809960181033279,0.9115127217171187
2000,0.0001,0.01,0.1,1.0,0.01,0.01,0.9808546188740265,0.9182173720353035
2000,0.0001,0.01,0.1,1.0,0.01,0.1,0.9778872823200163,0.9181716789866574
2000,0.0001,0.01,0.1,1.0,0.01,0.2,0.974373246903276,0.9187197134644355
2000,0.0001,0.01,0.1,1.0,0.1,0.0,0.9823764781078973,0.914950671478312
2000,0.0001,0.01,0.1,1.0,0.1,0.01,0.9824341910744839,0.9165613394299365
2000,0.0001,0.01,0.1,1.0,0.1,0.1,0.9779109040584848,0.9177868780417074
2000,0.0001,0.01,0.1,1.0,0.1,0.2,0.9739440020122381,0.9172049700429455
2000,0.0001,0.01,0.5,0.0,0.0,0.0,0.9748879194979352,0.8939133150760022
2000,0.0001,0.01,0.5,0.0,0.0,0.01,0.9751935638444279,0.8990128170002093
2000,0.0001,0.01,0.5,0.0,0.0,0.1,0.9738365726595523,0.9020295066844951
2000,0.0001,0.01,0.5,0.0,0.0,0.2,0.9705057160612076,0.9076957302463555
2000,0.0001,0.01,0.5,0.0,0.01,0.0,0.9758054122827846,0.8951541430149127
2000,0.0001,0.01,0.5,0.0,0.01,0.01,0.9740960218489438,0.8968901763477009
2000,0.0001,0.01,0.5,0.0,0.01,0.1,0.9720690999399109,0.9052854415832563
2000,0.0001,0.01,0.5,0.0,0.01,0.2,0.9711725090769204,0.905120586727785
2000,0.0001,0.01,0.5,0.0,0.1,0.0,0.9753204665698316,0.897811469382029
2000,0.0001,0.01,0.5,0.0,0.1,0.01,0.9754855628481802,0.9003765265195259
2000,0.0001,0.01,0.5,0.0,0.1,0.1,0.972862247337148,0.9094322720989183
2000,0.0001,0.01,0.5,0.0,0.1,0.2,0.9711742784619201,0.9047101723685272
2000,0.0001,0.01,0.5,0.1,0.0,0.0,0.9765938164500854,0.8945559406858365
2000,0.0001,0.01,0.5,0.1,0.0,0.01,0.9758195696640269,0.8980265264102891
2000,0.0001,0.01,0.5,0.1,0.0,0.1,0.9719825534120955,0.905764591064925
2000,0.0001,0.01,0.5,0.1,0.0,0.2,0.9717704941004466,0.9084831829400015
2000,0.0001,0.01,0.5,0.1,0.01,0.0,0.9754141147358576,0.8975613455757508
2000,0.0001,0.01,0.5,0.1,0.01,0.01,0.9753560559715857,0.8971003008433592
2000,0.0001,0.01,0.5,0.1,0.01,0.1,0.9740397569925276,0.9049583491968538
2000,0.0001,0.01,0.5,0.1,0.01,0.2,0.9712144002437852,0.9053202486174868
2000,0.0001,0.01,0.5,0.1,0.1,0.0,0.9758863097680942,0.8975320926317224
2000,0.0001,0.01,0.5,0.1,0.1,0.01,0.9764928482017602,0.8971355686880658
2000,0.0001,0.01,0.5,0.1,0.1,0.1,0.974127599014918,0.9044200359946217
2000,0.0001,0.01,0.5,0.1,0.1,0.2,0.9720487462655634,0.9055003781184809
2000,0.0001,0.01,0.5,0.5,0.0,0.0,0.9757698438712485,0.8969852870013688
2000,0.0001,0.01,0.5,0.5,0.0,0.01,0.9761166181481221,0.8994704333713068
2000,0.0001,0.01,0.5,0.5,0.0,0.1,0.9737619708282792,0.9080057395769983
2000,0.0001,0.01,0.5,0.5,0.0,0.2,0.9717673752667659,0.9062828700925094
2000,0.0001,0.01,0.5,0.5,0.01,0.0,0.9753694053593132,0.8975634889784327
2000,0.0001,0.01,0.5,0.5,0.01,0.01,0.9755586772081271,0.8998357859736484
2000,0.0001,0.01,0.5,0.5,0.01,0.1,0.9741680333888475,0.9062154192505829
2000,0.0001,0.01,0.5,0.5,0.01,0.2,0.9723953955025644,0.9049027595077118
2000,0.0001,0.01,0.5,0.5,0.1,0.0,0.9758999117765412,0.8983442268786624
2000,0.0001,0.01,0.5,0.5,0.1,0.01,0.9758165336497795,0.9007090699837819
2000,0.0001,0.01,0.5,0.5,0.1,0.1,0.9745197541805231,0.9023836364284726
2000,0.0001,0.01,0.5,0.5,0.1,0.2,0.971743877457915,0.9057221265557073
2000,0.0001,0.01,0.5,1.0,0.0,0.0,0.975857982555746,0.9010672384474081
2000,0.0001,0.01,0.5,1.0,0.0,0.01,0.9761083119590499,0.9009480929181083
2000,0.0001,0.01,0.5,1.0,0.0,0.1,0.9758086306945027,0.9086516137360938
2000,0.0001,0.01,0.5,1.0,0.0,0.2,0.9715743521243464,0.91147149950858
2000,0.0001,0.01,0.5,1.0,0.01,0.0,0.9778459185496609,0.9005704785390605
2000,0.0001,0.01,0.5,1.0,0.01,0.01,0.9765737713934689,0.9021292878980725
2000,0.0001,0.01,0.5,1.0,0.01,0.1,0.974501281387609,0.9074052429698772
2000,0.0001,0.01,0.5,1.0,0.01,0.2,0.9723637851243507,0.9121112702024586
2000,0.0001,0.01,0.5,1.0,0.1,0.0,0.9757006612466698,0.9006239314906108
2000,0.0001,0.01,0.5,1.0,0.1,0.01,0.975761819391239,0.9030080885363793
2000,0.0001,0.01,0.5,1.0,0.1,0.1,0.9752509266435997,0.9065870147008325
2000,0.0001,0.01,0.5,1.0,0.1,0.2,0.9728203098689929,0.9123831390735501
2000,0.0001,0.1,0.01,0.0,0.0,0.0,0.9564916599327516,0.891989280036386
2000,0.0001,0.1,0.01,0.0,0.0,0.01,0.9543658341058794,0.9030111721198077
2000,0.0001,0.1,0.01,0.0,0.0,0.1,0.9532893805237848,0.925503148268463
2000,0.0001,0.1,0.01,0.0,0.0,0.2,0.9481618906423102,0.9241130879986715
2000,0.0001,0.1,0.01,0.0,0.01,0.0,0.9550901766080646,0.8913042780658029
2000,0.0001,0.1,0.01,0.0,0.01,0.01,0.955125974319101,0.9034301764777914
2000,0.0001,0.1,0.01,0.0,0.01,0.1,0.9528821060903481,0.9273060055619025
2000,0.0001,0.1,0.01,0.0,0.01,0.2,0.9481474893797835,0.9273363449329951
2000,0.0001,0.1,0.01,0.0,0.1,0.0,0.9554989190674371,0.8907397196907922
2000,0.0001,0.1,0.01,0.0,0.1,0.01,0.9556086245904709,0.902593969730175
2000,0.0001,0.1,0.01,0.0,0.1,0.1,0.9533291634201962,0.9275417338694523
2000,0.0001,0.1,0.01,0.0,0.1,0.2,0.9481624737578593,0.9256290366424221
2000,0.0001,0.1,0.01,0.1,0.0,0.0,0.9544469181142867,0.9177869347900622
2000,0.0001,0.1,0.01,0.1,0.0,0.01,0.9547531418080836,0.9204085470654945
2000,0.0001,0.1,0.01,0.1,0.0,0.1,0.9501789823649496,0.9291902353451099
2000,0.0001,0.1,0.01,0.1,0.0,0.2,0.9473257974064897,0.9270586704470474
2000,0.0001,0.1,0.01,0.1,0.01,0.0,0.9550647254849907,0.9166056261016502
2000,0.0001,0.1,0.01,0.1,0.01,0.01,0.954898832784843,0.9203767901260194
2000,0.0001,0.1,0.01,0.1,0.01,0.1,0.9506816888097724,0.9275626347508027
2000,0.0001,0.1,0.01,0.1,0.01,0.2,0.9474230538424099,0.9267007460387654
2000,0.0001,0.1,0.01,0.1,0.1,0.0,0.9543580505674067,0.9185400082862683
2000,0.0001,0.1,0.01,0.1,0.1,0.01,0.9543275738634862,0.921151514882805
2000,0.0001,0.1,0.01,0.1,0.1,0.1,0.9503077463492784,0.9277083209410377
2000,0.0001,0.1,0.01,0.1,0.1,0.2,0.9470942409104104,0.9267130236024714
2000,0.0001,0.1,0.01,0.5,0.0,0.0,0.9494821766888171,0.9241126347507774
2000,0.0001,0.1,0.01,0.5,0.0,0.01,0.94988695044093,0.9273437252274537
2000,0.0001,0.1,0.01,0.5,0.0,0.1,0.9470696052132881,0.9300200416325863
2000,0.0001,0.1,0.01,0.5,0.0,0.2,0.9455061785852517,0.9308655717841827
2000,0.0001,0.1,0.01,0.5,0.01,0.0,0.9504102359790303,0.9234491355569394
2000,0.0001,0.1,0.01,0.5,0.01,0.01,0.9498926746247282,0.9256678363876237
2000,0.0001,0.1,0.01,0.5,0.01,0.1,0.9467735815906695,0.9297562610152839
2000,0.0001,0.1,0.01,0.5,0.01,0.2,0.9452844050362782,0.9292532695927148
2000,0.0001,0.1,0.01,0.5,0.1,0.0,0.9498848080653187,0.9226903227726165
2000,0.0001,0.1,0.01,0.5,0.1,0.01,0.9486995147712998,0.9258797883803697
2000,0.0001,0.1,0.01,0.5,0.1,0.1,0.9467097511600997,0.9278927127873134
2000,0.0001,0.1,0.01,0.5,0.1,0.2,0.9450782830557182,0.9296264589761681
2000,0.0001,0.1,0.01,1.0,0.0,0.0,0.9466084819416123,0.9174978597127169
2000,0.0001,0.1,0.01,1.0,0.0,0.01,0.9470899911222974,0.9218620090136562
2000,0.0001,0.1,0.01,1.0,0.0,0.1,0.9442154340857152,0.9325234677695006
2000,0.0001,0.1,0.01,1.0,0.0,0.2,0.9402402981935254,0.9335604176385721
2000,0.0001,0.1,0.01,1.0,0.01,0.0,0.9474474563997461,0.9171152822509027
2000,0.0001,0.1,0.01,1.0,0.01,0.01,0.946327645276247,0.9218521205628503
2000,0.0001,0.1,0.01,1.0,0.01,0.1,0.944617002726337,0.9326600156314233
2000,0.0001,0.1,0.01,1.0,0.01,0.2,0.9413346149592237,0.934142006747504
2000,0.0001,0.1,0.01,1.0,0.1,0.0,0.9476596734331402,0.9186261900977197
2000,0.0001,0.1,0.01,1.0,0.1,0.01,0.9461621443456449,0.9228501701092153
2000,0.0001,0.1,0.01,1.0,0.1,0.1,0.9442261430357468,0.9316811565861117
2000,0.0001,0.1,0.01,1.0,0.1,0.2,0.9405033192182877,0.9345085356630962
2000,0.0001,0.1,0.1,0.0,0.0,0.0,0.9438966403960475,0.9150828880904929
2000,0.0001,0.1,0.1,0.0,0.0,0.01,0.944523995691572,0.916497087253745
2000,0.0001,0.1,0.1,0.0,0.0,0.1,0.9422691772231713,0.9183834006207091
2000,0.0001,0.1,0.1,0.0,0.0,0.2,0.9411911664091643,0.9221342984755121
2000,0.0001,0.1,0.1,0.0,0.01,0.0,0.9447889908799448,0.9168067746114403
2000,0.0001,0.1,0.1,0.0,0.01,0.01,0.9445568272412485,0.9174844190678692
2000,0.0001,0.1,0.1,0.0,0.01,0.1,0.942104378282552,0.918723152720489
2000,0.0001,0.1,0.1,0.0,0.01,0.2,0.9392894106812724,0.9219441003011251
2000,0.0001,0.1,0.1,0.0,0.1,0.0,0.9437099764852996,0.9120486530583538
2000,0.0001,0.1,0.1,0.0,0.1,0.01,0.9433733698202638,0.9166584900659343
2000,0.0001,0.1,0.1,0.0,0.1,0.1,0.9447781080792144,0.9180312610963459
2000,0.0001,0.1,0.1,0.0,0.1,0.2,0.9395733148005442,0.923644661417093
2000,0.0001,0.1,0.1,0.1,0.0,0.0,0.943320735099424,0.9154827629612193
2000,0.0001,0.1,0.1,0.1,0.0,0.01,0.9446684173822765,0.9179236498968149
2000,0.0001,0.1,0.1,0.1,0.0,0.1,0.9446094379144313,0.9209841204949899
2000,0.0001,0.1,0.1,0.1,0.0,0.2,0.9426798384448791,0.9203357769591944
2000,0.0001,0.1,0.1,0.1,0.01,0.0,0.9444165777267077,0.9145369721370178
2000,0.0001,0.1,0.1,0.1,0.01,0.01,0.944432271324609,0.9161045697294469
2000,0.0001,0.1,0.1,0.1,0.01,0.1,0.9439727140056697,0.9195164040486928
2000,0.0001,0.1,0.1,0.1,0.01,0.2,0.9404242469120614,0.9221048570676124
2000,0.0001,0.1,0.1,0.1,0.1,0.0,0.9441694776447558,0.9159944957573073
2000,0.0001,0.1,0.1,0.1,0.1,0.01,0.9447950469645164,0.9174418362851289
2000,0.0001,0.1,0.1,0.1,0.1,0.1,0.944211287438994,0.9181629496978194
2000,0.0001,0.1,0.1,0.1,0.1,0.2,0.9409344861776996,0.9205408168723832
2000,0.0001,0.1,0.1,0.5,0.0,0.0,0.9437144653047598,0.9123700159233937
2000,0.0001,0.1,0.1,0.5,0.0,0.01,0.9443965420499839,0.9138683663658395
2000,0.0001,0.1,0.1,0.5,0.0,0.1,0.9406406701847104,0.9214890776497286
2000,0.0001,0.1,0.1,0.5,0.0,0.2,0.9402571187533624,0.9276871481875607
2000,0.0001,0.1,0.1,0.5,0.01,0.0,0.9441299369968887,0.9123230509374218
2000,0.0001,0.1,0.1,0.5,0.01,0.01,0.9437136944221742,0.9137629634137949
2000,0.0001,0.1,0.1,0.5,0.01,0.1,0.9404806850426644,0.9222738378488369
2000,0.0001,0.1,0.1,0.5,0.01,0.2,0.9377487225403065,0.9287952550818067
2000,0.0001,0.1,0.1,0.5,0.1,0.0,0.9436149643869554,0.9117488071705974
2000,0.0001,0.1,0.1,0.5,0.1,0.01,0.9425546272094136,0.9123793582732361
2000,0.0001,0.1,0.1,0.5,0.1,0.1,0.9416835750266295,0.9205492367956664
2000,0.0001,0.1,0.1,0.5,0.1,0.2,0.9414084523682491,0.9268897002291665
2000,0.0001,0.1,0.1,1.0,0.0,0.0,0.9464475023300692,0.9159539875974075
2000,0.0001,0.1,0.1,1.0,0.0,0.01,0.9456447029560267,0.9193572953085086
2000,0.0001,0.1,0.1,1.0,0.0,0.1,0.9431677530538949,0.9261713349128813
2000,0.0001,0.1,0.1,1.0,0.0,0.2,0.9394751638342209,0.9322870999544163
2000,0.0001,0.1,0.1,1.0,0.01,0.0,0.9436665532942634,0.9186460779854375
2000,0.0001,0.1,0.1,1.0,0.01,0.01,0.9466169129632898,0.9177697792066242
2000,0.0001,0.1,0.1,1.0,0.01,0.1,0.9431456487164828,0.9252391045071313
2000,0.0001,0.1,0.1,1.0,0.01,0.2,0.9387525362037574,0.933612309287364
2000,0.0001,0.1,0.1,1.0,0.1,0.0,0.9449737203950699,0.9172033170341567
2000,0.0001,0.1,0.1,1.0,0.1,0.01,0.9442945659065354,0.9179430344547633
2000,0.0001,0.1,0.1,1.0,0.1,0.1,0.9423481314504861,0.9249926464123509
2000,0.0001,0.1,0.1,1.0,0.1,0.2,0.9400605644883759,0.9319404764164938
2000,0.0001,0.1,0.5,0.0,0.0,0.0,0.9354981465323999,0.9022118947613295
2000,0.0001,0.1,0.5,0.0,0.0,0.01,0.9346553918471188,0.908131703660649
2000,0.0001,0.1,0.5,0.0,0.0,0.1,0.9329193512033476,0.9140421968123835
2000,0.0001,0.1,0.5,0.0,0.0,0.2,0.9343411201454125,0.9143332572037471
2000,0.0001,0.1,0.5,0.0,0.01,0.0,0.936608612538824,0.9054005220023015
2000,0.0001,0.1,0.5,0.0,0.01,0.01,0.9337130528855458,0.9064751652359516
2000,0.0001,0.1,0.5,0.0,0.01,0.1,0.9339472832274025,0.913898214839409
2000,0.0001,0.1,0.5,0.0,0.01,0.2,0.9338211063600736,0.9158454602028208
2000,0.0001,0.1,0.5,0.0,0.1,0.0,0.9336923519362703,0.9045294604427829
2000,0.0001,0.1,0.5,0.0,0.1,0.01,0.9350439281320058,0.9079828003811588
2000,0.0001,0.1,0.5,0.0,0.1,0.1,0.93324619144871,0.9132310881785121
2000,0.0001,0.1,0.5,0.0,0.1,0.2,0.9351074792217566,0.915317839464241
2000,0.0001,0.1,0.5,0.1,0.0,0.0,0.9335683406322739,0.9027064242544751
2000,0.0001,0.1,0.5,0.1,0.0,0.01,0.9349976831735526,0.905099214436858
2000,0.0001,0.1,0.5,0.1,0.0,0.1,0.9353265081483395,0.9130877736684554
2000,0.0001,0.1,0.5,0.1,0.0,0.2,0.933062350939541,0.9187644879613035
2000,0.0001,0.1,0.5,0.1,0.01,0.0,0.9363445936315713,0.9031796880430651
2000,0.0001,0.1,0.5,0.1,0.01,0.01,0.9342383057023722,0.9058308509160934
2000,0.0001,0.1,0.5,0.1,0.01,0.1,0.9346486469116531,0.9122001259414702
2000,0.0001,0.1,0.5,0.1,0.01,0.2,0.9339347493317389,0.9188301895521
2000,0.0001,0.1,0.5,0.1,0.1,0.0,0.936692026014024,0.9022816048288682
2000,0.0001,0.1,0.5,0.1,0.1,0.01,0.9330486354989067,0.9058505264366197
2000,0.0001,0.1,0.5,0.1,0.1,0.1,0.935171413064972,0.912567573093167
2000,0.0001,0.1,0.5,0.1,0.1,0.2,0.9340685691500752,0.9164293035780482
2000,0.0001,0.1,0.5,0.5,0.0,0.0,0.934726151035156,0.9062259277480866
2000,0.0001,0.1,0.5,0.5,0.0,0.01,0.9369858216209026,0.906796231492476
2000,0.0001,0.1,0.5,0.5,0.0,0.1,0.9335891921619928,0.9149759403996542
2000,0.0001,0.1,0.5,0.5,0.0,0.2,0.9345651567975697,0.9180785626705782
2000,0.0001,0.1,0.5,0.5,0.01,0.0,0.933756263857833,0.9064955264529009
2000,0.0001,0.1,0.5,0.5,0.01,0.01,0.933677084071036,0.9082554079889605
2000,0.0001,0.1,0.5,0.5,0.01,0.1,0.9342500618272396,0.9157921772943283
2000,0.0001,0.1,0.5,0.5,0.01,0.2,0.9344841021901934,0.9162197219828149
2000,0.0001,0.1,0.5,0.5,0.1,0.0,0.9329857052193429,0.9041142114027626
2000,0.0001,0.1,0.5,0.5,0.1,0.01,0.9346285723216639,0.9079224695458487
2000,0.0001,0.1,0.5,0.5,0.1,0.1,0.9346259248827515,0.9146891901750512
2000,0.0001,0.1,0.5,0.5,0.1,0.2,0.93423630438236,0.9203298514166068
2000,0.0001,0.1,0.5,1.0,0.0,0.0,0.9339071082655352,0.9066833224071884
2000,0.0001,0.1,0.5,1.0,0.0,0.01,0.9344933139224247,0.9089507373128858
2000,0.0001,0.1,0.5,1.0,0.0,0.1,0.9331098274501719,0.915153390678753
2000,0.0001,0.1,0.5,1.0,0.0,0.2,0.9362570528887446,0.9194818247862032
2000,0.0001,0.1,0.5,1.0,0.01,0.0,0.9334749444515212,0.9062489097254456
2000,0.0001,0.1,0.5,1.0,0.01,0.01,0.9334793100339669,0.9096444421407308
2000,0.0001,0.1,0.5,1.0,0.01,0.1,0.934752260547689,0.9149676170449835
2000,0.0001,0.1,0.5,1.0,0.01,0.2,0.9354246815552795,0.9200463697203751
2000,0.0001,0.1,0.5,1.0,0.1,0.0,0.9331513477126148,0.9079414319885581
2000,0.0001,0.1,0.5,1.0,0.1,0.01,0.935960761126449,0.9087337981912763
2000,0.0001,0.1,0.5,1.0,0.1,0.1,0.935955285945643,0.9165874890491412
2000,0.0001,0.1,0.5,1.0,0.1,0.2,0.9344198001046216,0.9185512802831838
